model,seed,scenario,category,task,threshold,balanced_brier,balanced_nll,balanced_ece,uncertainty_error_auc,credible_confident_fraction,credible_selective_accuracy,mean_score_std
foundation,17,one obstacle,ID,0,-1.5919537544250488,0.19927716255187988,0.504679799079895,0.31987327337265015,1.0,0.9501953125,1.0,0.08288773149251938
foundation,17,one obstacle,ID,1,-1.5919537544250488,0.21604867279529572,0.5411419868469238,0.33165615797042847,1.0,0.962890625,1.0,0.0820893794298172
foundation,17,one obstacle,ID,2,-1.5919537544250488,0.21653445065021515,0.5453609228134155,0.3312780261039734,0.999630905511811,0.970703125,0.9999999403953552,0.08261273056268692
foundation,17,one obstacle,ID,3,-1.5919537544250488,0.18631958961486816,0.47810953855514526,0.3109581172466278,1.0,0.9267578125,0.9999999403953552,0.08359670639038086
foundation,17,one obstacle,ID,4,-1.5919537544250488,0.2203972190618515,0.5521463751792908,0.33559778332710266,1.0,0.97265625,0.9999999403953552,0.08194595575332642
foundation,17,one obstacle,ID,5,-1.5919537544250488,0.2162667214870453,0.5429476499557495,0.33344072103500366,1.0,0.9658203125,1.0,0.08295916765928268
foundation,17,one obstacle,ID,6,-1.5919537544250488,0.20389395952224731,0.5174232125282288,0.3236874043941498,0.9992110453648915,0.947265625,1.0,0.08370257914066315
foundation,17,one obstacle,ID,7,-1.5919537544250488,0.1934560239315033,0.4914909303188324,0.31276530027389526,1.0,0.947265625,1.0,0.08195589482784271
foundation,17,one obstacle,ID,8,-1.5919537544250488,0.19776810705661774,0.5015872716903687,0.31765034794807434,1.0,0.9423828125,1.0,0.08313769102096558
foundation,17,one obstacle,ID,9,-1.5919537544250488,0.20237787067890167,0.5111649036407471,0.3206513226032257,0.9999176548089591,0.9541015625,1.0,0.08243425190448761
foundation,17,one obstacle,ID,10,-1.5919537544250488,0.20559385418891907,0.518366813659668,0.3240552246570587,1.0,0.962890625,1.0,0.08265165984630585
foundation,17,one obstacle,ID,11,-1.5919537544250488,0.19149722158908844,0.4897811710834503,0.31238389015197754,0.999207135777998,0.912109375,1.0,0.08386996388435364
foundation,17,one obstacle,ID,12,-1.5919537544250488,0.19173599779605865,0.48907795548439026,0.3129343092441559,1.0,0.9462890625,1.0,0.08303866535425186
foundation,17,one obstacle,ID,13,-1.5919537544250488,0.2119743525981903,0.5303322076797485,0.3282144069671631,1.0,0.97265625,0.9999999403953552,0.08114272356033325
foundation,17,one obstacle,ID,14,-1.5919537544250488,0.20417667925357819,0.5173028111457825,0.3213231563568115,0.999671592775041,0.9658203125,1.0,0.08208617568016052
foundation,17,one obstacle,ID,15,-1.5919537544250488,0.18360237777233124,0.47183164954185486,0.30555081367492676,1.0,0.9306640625,0.9999999403953552,0.083192378282547
exact,17,one obstacle,ID,0,-1.590419054031372,0.203281968832016,0.5132291913032532,0.3218366205692291,1.0,0.9501953125,1.0,0.08288881927728653
exact,17,one obstacle,ID,1,-1.590419054031372,0.22012673318386078,0.5502145886421204,0.33460915088653564,1.0,0.9658203125,1.0,0.08209165185689926
exact,17,one obstacle,ID,2,-1.590419054031372,0.22058269381523132,0.5544070601463318,0.33420002460479736,0.999630905511811,0.970703125,0.9999999403953552,0.08261506259441376
exact,17,one obstacle,ID,3,-1.590419054031372,0.19021660089492798,0.48621174693107605,0.31172746419906616,1.0,0.9267578125,0.9999999403953552,0.08359804004430771
exact,17,one obstacle,ID,4,-1.590419054031372,0.22451196610927582,0.561370849609375,0.3385053277015686,1.0,0.974609375,1.0,0.08194509148597717
exact,17,one obstacle,ID,5,-1.590419054031372,0.22035522758960724,0.5519518256187439,0.3363245725631714,1.0,0.9658203125,1.0,0.08296151459217072
exact,17,one obstacle,ID,6,-1.590419054031372,0.20787113904953003,0.5259937047958374,0.3268345296382904,0.9992110453648915,0.947265625,1.0,0.08370386809110641
exact,17,one obstacle,ID,7,-1.590419054031372,0.19740715622901917,0.49990972876548767,0.31633126735687256,1.0,0.947265625,1.0,0.08195532113313675
exact,17,one obstacle,ID,8,-1.590419054031372,0.2017461508512497,0.510071873664856,0.320661723613739,1.0,0.9443359375,1.0,0.08313862979412079
exact,17,one obstacle,ID,9,-1.590419054031372,0.20637556910514832,0.5198031663894653,0.32365936040878296,0.9999176548089591,0.9541015625,1.0,0.08243629336357117
exact,17,one obstacle,ID,10,-1.590419054031372,0.2096356600522995,0.5271432399749756,0.3270377218723297,1.0,0.9638671875,1.0,0.08265426754951477
exact,17,one obstacle,ID,11,-1.590419054031372,0.1954018622636795,0.4979691803455353,0.3158831298351288,0.999207135777998,0.916015625,1.0,0.08387262374162674
exact,17,one obstacle,ID,12,-1.590419054031372,0.19568215310573578,0.4973905384540558,0.31619957089424133,1.0,0.9462890625,1.0,0.08304029703140259
exact,17,one obstacle,ID,13,-1.590419054031372,0.2160845845937729,0.5393380522727966,0.3314780294895172,1.0,0.97265625,0.9999999403953552,0.08114185184240341
exact,17,one obstacle,ID,14,-1.590419054031372,0.208195298910141,0.5260665416717529,0.3243330121040344,0.999671592775041,0.966796875,1.0,0.08208739757537842
exact,17,one obstacle,ID,15,-1.590419054031372,0.1874893307685852,0.47991541028022766,0.3086276948451996,1.0,0.9306640625,0.9999999403953552,0.08319267630577087
foundation,17,one obstacle,ID,16,-1.5919537544250488,0.19430853426456451,0.49434682726860046,0.31630271673202515,1.0,0.94921875,0.9999999403953552,0.08316055685281754
foundation,17,one obstacle,ID,17,-1.5919537544250488,0.20882421731948853,0.5257734656333923,0.32579460740089417,0.9998027613412229,0.9580078125,0.9999999403953552,0.08201512694358826
foundation,17,one obstacle,ID,18,-1.5919537544250488,0.21389888226985931,0.5378798246383667,0.32818299531936646,0.9998905309250137,0.966796875,1.0,0.08180715888738632
foundation,17,one obstacle,ID,19,-1.5919537544250488,0.1965244710445404,0.499703586101532,0.31722551584243774,1.0,0.9384765625,1.0,0.08356087654829025
foundation,17,one obstacle,ID,20,-1.5919537544250488,0.21627134084701538,0.5403544902801514,0.33175867795944214,1.0,0.9775390625,1.0,0.08131936937570572
foundation,17,one obstacle,ID,21,-1.5919537544250488,0.1946508288383484,0.4954966604709625,0.3151848316192627,0.9999999999999999,0.953125,0.9999999403953552,0.08300582319498062
foundation,17,one obstacle,ID,22,-1.5919537544250488,0.2029765099287033,0.5151126980781555,0.3253791928291321,1.0,0.94921875,0.9999999403953552,0.08417181670665741
foundation,17,one obstacle,ID,23,-1.5919537544250488,0.19728848338127136,0.5006060004234314,0.3171049654483795,1.0,0.9521484375,0.9999999403953552,0.08271798491477966
foundation,17,one obstacle,ID,24,-1.5919537544250488,0.21341919898986816,0.5342766046524048,0.3290148079395294,1.0,0.9697265625,1.0,0.08125971257686615
foundation,17,one obstacle,ID,25,-1.5919537544250488,0.21907612681388855,0.5487298369407654,0.33460119366645813,1.0,0.974609375,1.0,0.08205193281173706
foundation,17,one obstacle,ID,26,-1.5919537544250488,0.18486550450325012,0.47325998544692993,0.3052142262458801,0.9998952605394082,0.935546875,1.0,0.08222582936286926
foundation,17,one obstacle,ID,27,-1.5919537544250488,0.18980085849761963,0.48526641726493835,0.31186366081237793,1.0,0.9365234375,1.0,0.0834524929523468
foundation,17,one obstacle,ID,28,-1.5919537544250488,0.19585686922073364,0.49895089864730835,0.3166937828063965,0.999820515121601,0.9443359375,1.0,0.08339497447013855
foundation,17,one obstacle,ID,29,-1.5919537544250488,0.20754922926425934,0.5223113894462585,0.3249414265155792,1.0,0.974609375,1.0,0.08169930428266525
foundation,17,one obstacle,ID,30,-1.5919537544250488,0.22137491405010223,0.5544388294219971,0.33626484870910645,0.9998595308329822,0.9716796875,1.0,0.08211173862218857
foundation,17,one obstacle,ID,31,-1.5919537544250488,0.21140748262405396,0.5312823057174683,0.3287430703639984,1.0,0.962890625,1.0,0.08254461735486984
exact,17,one obstacle,ID,16,-1.590419054031372,0.19829867780208588,0.5027745366096497,0.3193032145500183,1.0,0.94921875,0.9999999403953552,0.08316205441951752
exact,17,one obstacle,ID,17,-1.590419054031372,0.2128714770078659,0.5346580147743225,0.3287877142429352,0.9998027613412229,0.9580078125,0.9999999403953552,0.08201660215854645
exact,17,one obstacle,ID,18,-1.590419054031372,0.21794450283050537,0.5468960404396057,0.3311687409877777,0.9998905309250137,0.966796875,1.0,0.0818079337477684
exact,17,one obstacle,ID,19,-1.590419054031372,0.2004878968000412,0.5080901384353638,0.3204522728919983,1.0,0.939453125,1.0,0.08356238901615143
exact,17,one obstacle,ID,20,-1.590419054031372,0.2203858345746994,0.5494649410247803,0.3347361087799072,1.0,0.9775390625,1.0,0.08132122457027435
exact,17,one obstacle,ID,21,-1.590419054031372,0.19861742854118347,0.503909170627594,0.3181924521923065,1.0,0.955078125,1.0,0.08300729095935822
exact,17,one obstacle,ID,22,-1.590419054031372,0.2069959193468094,0.523655354976654,0.3272468149662018,1.0,0.94921875,0.9999999403953552,0.0841728076338768
exact,17,one obstacle,ID,23,-1.590419054031372,0.20127218961715698,0.5091144442558289,0.3203677237033844,1.0,0.9521484375,0.9999999403953552,0.08272051066160202
exact,17,one obstacle,ID,24,-1.590419054031372,0.21748776733875275,0.5432714223861694,0.332006573677063,1.0,0.970703125,0.9999999403953552,0.08126164972782135
exact,17,one obstacle,ID,25,-1.590419054031372,0.22317615151405334,0.5578827261924744,0.3375115990638733,1.0,0.9755859375,1.0,0.08205485343933105
exact,17,one obstacle,ID,26,-1.590419054031372,0.18874482810497284,0.48140010237693787,0.30832672119140625,0.9998952605394082,0.9365234375,1.0,0.08222578465938568
exact,17,one obstacle,ID,27,-1.590419054031372,0.19374863803386688,0.4935183823108673,0.31488847732543945,1.0,0.9384765625,1.0,0.08345355093479156
exact,17,one obstacle,ID,28,-1.590419054031372,0.19981490075588226,0.507341206073761,0.3199094831943512,0.999820515121601,0.947265625,1.0,0.08339595794677734
exact,17,one obstacle,ID,29,-1.590419054031372,0.21160370111465454,0.5311686992645264,0.32793158292770386,1.0,0.9765625,1.0,0.08170102536678314
exact,17,one obstacle,ID,30,-1.590419054031372,0.22544288635253906,0.563574492931366,0.3391396701335907,0.9998595308329822,0.9716796875,1.0,0.08211293816566467
exact,17,one obstacle,ID,31,-1.590419054031372,0.21546611189842224,0.5401735901832581,0.33168312907218933,1.0,0.9638671875,1.0,0.08254566788673401
foundation,17,one obstacle,ID,32,-1.5919537544250488,0.20091131329536438,0.5099079012870789,0.3230077624320984,1.0,0.9482421875,1.0,0.08370760828256607
foundation,17,one obstacle,ID,33,-1.5919537544250488,0.18108002841472626,0.4663815200328827,0.3057706356048584,1.0,0.9345703125,1.0,0.08303392678499222
foundation,17,one obstacle,ID,34,-1.5919537544250488,0.22507941722869873,0.5625463724136353,0.33859536051750183,1.0,0.9794921875,1.0,0.0819023922085762
foundation,17,one obstacle,ID,35,-1.5919537544250488,0.1925937682390213,0.4916170537471771,0.3145439326763153,1.0,0.939453125,1.0,0.08389828354120255
foundation,17,one obstacle,ID,36,-1.5919537544250488,0.20668132603168488,0.5222185254096985,0.3249328136444092,0.9996715927750411,0.96484375,1.0,0.0826074555516243
foundation,17,one obstacle,ID,37,-1.5919537544250488,0.18406857550144196,0.47213873267173767,0.3048250079154968,0.9992990244757287,0.931640625,0.9999999403953552,0.08223134279251099
foundation,17,one obstacle,ID,38,-1.5919537544250488,0.2186925709247589,0.5489773154258728,0.3354836702346802,1.0,0.9736328125,1.0,0.08261729776859283
foundation,17,one obstacle,ID,39,-1.5919537544250488,0.2014668583869934,0.5094231367111206,0.3203718662261963,1.0,0.955078125,1.0,0.08298209309577942
foundation,17,one obstacle,ID,40,-1.5919537544250488,0.20697051286697388,0.5202009677886963,0.3221045732498169,0.9997357119259993,0.9619140625,1.0,0.08020409196615219
foundation,17,one obstacle,ID,41,-1.5919537544250488,0.22132499516010284,0.5534772276878357,0.3352276384830475,1.0,0.9794921875,1.0,0.0814618468284607
foundation,17,one obstacle,ID,42,-1.5919537544250488,0.21100814640522003,0.5314682722091675,0.32931479811668396,1.0,0.970703125,0.9999999403953552,0.08271102607250214
foundation,17,one obstacle,ID,43,-1.5919537544250488,0.19477447867393494,0.49398648738861084,0.3145352602005005,1.0,0.94140625,1.0,0.08250799775123596
foundation,17,one obstacle,ID,44,-1.5919537544250488,0.2109285145998001,0.5315033793449402,0.3296726942062378,1.0,0.958984375,1.0,0.08299259841442108
foundation,17,one obstacle,ID,45,-1.5919537544250488,0.1914791315793991,0.4890008568763733,0.310955673456192,0.999282060486404,0.9482421875,1.0,0.08247986435890198
foundation,17,one obstacle,ID,46,-1.5919537544250488,0.1844843327999115,0.47312912344932556,0.308296263217926,1.0,0.9345703125,1.0,0.08312269300222397
foundation,17,one obstacle,ID,47,-1.5919537544250488,0.19981911778450012,0.5072148442268372,0.319817453622818,1.0,0.955078125,1.0,0.08304857462644577
exact,17,one obstacle,ID,32,-1.590419054031372,0.20491798222064972,0.5184172987937927,0.32490280270576477,1.0,0.9482421875,1.0,0.08370934426784515
exact,17,one obstacle,ID,33,-1.590419054031372,0.1849731057882309,0.474430650472641,0.3088165521621704,1.0,0.9375,1.0,0.08303418755531311
exact,17,one obstacle,ID,34,-1.590419054031372,0.2292138636112213,0.5719426870346069,0.3415011763572693,1.0,0.98046875,1.0,0.081903375685215
exact,17,one obstacle,ID,35,-1.590419054031372,0.19652925431728363,0.49986591935157776,0.3180130124092102,1.0,0.9404296875,1.0,0.08389943093061447
exact,17,one obstacle,ID,36,-1.590419054031372,0.21071358025074005,0.5309961438179016,0.32788196206092834,0.9996715927750411,0.9677734375,1.0,0.08260922133922577
exact,17,one obstacle,ID,37,-1.590419054031372,0.18794773519039154,0.48025232553482056,0.3084269165992737,0.9992990244757287,0.931640625,0.9999999403953552,0.08222997188568115
exact,17,one obstacle,ID,38,-1.590419054031372,0.22280320525169373,0.5580969452857971,0.33835574984550476,1.0,0.9755859375,1.0,0.08261841535568237
exact,17,one obstacle,ID,39,-1.590419054031372,0.20547562837600708,0.5180225968360901,0.3233685791492462,1.0,0.955078125,1.0,0.08298373967409134
exact,17,one obstacle,ID,40,-1.590419054031372,0.21096573770046234,0.5290444493293762,0.3251568675041199,0.9997357119259994,0.9619140625,1.0,0.08020533621311188
exact,17,one obstacle,ID,41,-1.590419054031372,0.22543635964393616,0.5627615451812744,0.3381667137145996,1.0,0.98046875,1.0,0.08146347105503082
exact,17,one obstacle,ID,42,-1.590419054031372,0.21508567035198212,0.5403689742088318,0.3322269320487976,1.0,0.9716796875,1.0,0.08271156251430511
exact,17,one obstacle,ID,43,-1.590419054031372,0.19874443113803864,0.5024440288543701,0.3176025152206421,1.0,0.9423828125,1.0,0.0825086385011673
exact,17,one obstacle,ID,44,-1.590419054031372,0.2149737924337387,0.5403294563293457,0.33256232738494873,1.0,0.9609375,0.9999999403953552,0.08299322426319122
exact,17,one obstacle,ID,45,-1.590419054031372,0.1954096406698227,0.49736595153808594,0.3140188455581665,0.999282060486404,0.9482421875,1.0,0.08248041570186615
exact,17,one obstacle,ID,46,-1.590419054031372,0.1883770078420639,0.48124799132347107,0.30905354022979736,1.0,0.9345703125,1.0,0.08312433212995529
exact,17,one obstacle,ID,47,-1.590419054031372,0.2038087695837021,0.5157432556152344,0.32278311252593994,1.0,0.955078125,1.0,0.08304989337921143
foundation,17,one obstacle,ID,48,-1.5919537544250488,0.219179168343544,0.5488086938858032,0.33477783203125,1.0,0.96484375,1.0,0.08242571353912354
foundation,17,one obstacle,ID,49,-1.5919537544250488,0.20927786827087402,0.5271756649017334,0.3277955651283264,1.0,0.97265625,0.9999999403953552,0.08241525292396545
foundation,17,one obstacle,ID,50,-1.5919537544250488,0.1817445158958435,0.46772482991218567,0.30565720796585083,0.9995756718528995,0.9345703125,1.0,0.08284035325050354
foundation,17,one obstacle,ID,51,-1.5919537544250488,0.22301596403121948,0.5592507719993591,0.33956965804100037,1.0,0.9560546875,1.0,0.08304299414157867
foundation,17,one obstacle,ID,52,-1.5919537544250488,0.19957265257835388,0.5058963894844055,0.31794869899749756,0.9995078740157481,0.966796875,1.0,0.08228371292352676
foundation,17,one obstacle,ID,53,-1.5919537544250488,0.21166278421878815,0.5323274731636047,0.3281114399433136,0.9996715927750411,0.9658203125,1.0,0.08232016861438751
foundation,17,one obstacle,ID,54,-1.5919537544250488,0.21107721328735352,0.531788170337677,0.3284473717212677,0.9998905309250137,0.966796875,1.0,0.08228310942649841
foundation,17,one obstacle,ID,55,-1.5919537544250488,0.22385062277317047,0.5595574378967285,0.3370485305786133,1.0,0.9775390625,1.0,0.08145339787006378
foundation,17,one obstacle,ID,56,-1.5919537544250488,0.20073218643665314,0.5075970888137817,0.31843799352645874,0.9998905309250137,0.96484375,1.0,0.08203516155481339
foundation,17,one obstacle,ID,57,-1.5919537544250488,0.1975799798965454,0.5016428232192993,0.3165239095687866,0.9997307726824015,0.9501953125,1.0,0.08272962272167206
foundation,17,one obstacle,ID,58,-1.5919537544250488,0.21169288456439972,0.5323505401611328,0.3289804756641388,1.0,0.9755859375,1.0,0.08206820487976074
foundation,17,one obstacle,ID,59,-1.5919537544250488,0.1916549950838089,0.4890044331550598,0.31456372141838074,1.0,0.9443359375,1.0,0.08327028900384903
foundation,17,one obstacle,ID,60,-1.5919537544250488,0.20301459729671478,0.5132794380187988,0.32259419560432434,1.0,0.955078125,1.0,0.08329896628856659
foundation,17,one obstacle,ID,61,-1.5919537544250488,0.22462357580661774,0.5613688826560974,0.3389896750450134,1.0,0.974609375,1.0,0.08232714980840683
foundation,17,one obstacle,ID,62,-1.5919537544250488,0.1872260868549347,0.48037466406822205,0.3103497326374054,1.0,0.9345703125,1.0,0.08377034217119217
foundation,17,one obstacle,ID,63,-1.5919537544250488,0.19866326451301575,0.5038455724716187,0.31847062706947327,1.0,0.9580078125,0.9999999403953552,0.08263753354549408
exact,17,one obstacle,ID,48,-1.590419054031372,0.22328051924705505,0.5579597353935242,0.3376888930797577,1.0,0.9677734375,1.0,0.08242660760879517
exact,17,one obstacle,ID,49,-1.590419054031372,0.21336069703102112,0.5360559821128845,0.3307337760925293,1.0,0.9736328125,1.0,0.08241570740938187
exact,17,one obstacle,ID,50,-1.590419054031372,0.18561695516109467,0.4757671058177948,0.30667346715927124,0.9995756718528995,0.935546875,1.0,0.08284072577953339
exact,17,one obstacle,ID,51,-1.590419054031372,0.22711181640625,0.5684043169021606,0.3423836827278137,1.0,0.9560546875,1.0,0.08304312825202942
exact,17,one obstacle,ID,52,-1.590419054031372,0.2035679817199707,0.5145283937454224,0.3212164640426636,0.999507874015748,0.9677734375,1.0,0.0822862908244133
exact,17,one obstacle,ID,53,-1.590419054031372,0.21570514142513275,0.5412402749061584,0.33106017112731934,0.999671592775041,0.9658203125,1.0,0.08232136070728302
exact,17,one obstacle,ID,54,-1.590419054031372,0.21512222290039062,0.5406839847564697,0.33137962222099304,0.9998905309250137,0.966796875,1.0,0.08228510618209839
exact,17,one obstacle,ID,55,-1.590419054031372,0.2279445081949234,0.5688791871070862,0.3399631977081299,1.0,0.978515625,1.0,0.08145451545715332
exact,17,one obstacle,ID,56,-1.590419054031372,0.20474475622177124,0.5162742733955383,0.3217284083366394,0.9998905309250137,0.96484375,1.0,0.08203667402267456
exact,17,one obstacle,ID,57,-1.590419054031372,0.20155373215675354,0.5101498961448669,0.31979313492774963,0.9997307726824015,0.9521484375,0.9999999403953552,0.08273084461688995
exact,17,one obstacle,ID,58,-1.590419054031372,0.21577660739421844,0.5413181185722351,0.3319268524646759,1.0,0.9775390625,1.0,0.08206970989704132
exact,17,one obstacle,ID,59,-1.590419054031372,0.1955997198820114,0.4972849488258362,0.3169967532157898,1.0,0.9443359375,1.0,0.08327233791351318
exact,17,one obstacle,ID,60,-1.590419054031372,0.20705291628837585,0.5219526290893555,0.32557213306427,1.0,0.955078125,1.0,0.08329948037862778
exact,17,one obstacle,ID,61,-1.590419054031372,0.2287376970052719,0.5706592202186584,0.3418634831905365,1.0,0.9755859375,1.0,0.08232821524143219
exact,17,one obstacle,ID,62,-1.590419054031372,0.19114404916763306,0.48850542306900024,0.31335121393203735,1.0,0.9375,1.0,0.08377162367105484
exact,17,one obstacle,ID,63,-1.590419054031372,0.20267729461193085,0.5124216675758362,0.32172468304634094,1.0,0.958984375,1.0,0.08263885974884033
foundation,17,two obstacles,ID,0,-1.5919537544250488,0.015294311568140984,0.059847377240657806,0.029752425849437714,0.9810464192486664,0.9072265625,0.9989235401153564,0.06697787344455719
foundation,17,two obstacles,ID,1,-1.5919537544250488,0.018897000700235367,0.06938233971595764,0.02782067097723484,0.9692836407103824,0.8994140625,0.9956569075584412,0.06741169095039368
foundation,17,two obstacles,ID,2,-1.5919537544250488,0.01560986042022705,0.061419226229190826,0.02679344080388546,0.9754146057608378,0.91015625,0.995708167552948,0.06568589061498642
foundation,17,two obstacles,ID,3,-1.5919537544250488,0.008521560579538345,0.03946976363658905,0.02849602699279785,0.9874749498997997,0.9375,1.0,0.06522652506828308
foundation,17,two obstacles,ID,4,-1.5919537544250488,0.013758466579020023,0.058244623243808746,0.027624022215604782,0.983677596417738,0.9228515625,0.9989418387413025,0.06626997143030167
foundation,17,two obstacles,ID,5,-1.5919537544250488,0.019236400723457336,0.070133276283741,0.024629972875118256,0.971170431211499,0.9013671875,0.9956663250923157,0.06811423599720001
foundation,17,two obstacles,ID,6,-1.5919537544250488,0.019192298874258995,0.06976617127656937,0.022747717797756195,0.9712414744573772,0.90234375,0.9945887327194214,0.06704351305961609
foundation,17,two obstacles,ID,7,-1.5919537544250488,0.012350670993328094,0.053309038281440735,0.034359756857156754,0.9825906120023766,0.9208984375,1.0,0.06703396141529083
foundation,17,two obstacles,ID,8,-1.5919537544250488,0.015760529786348343,0.0663391649723053,0.026452459394931793,0.9773882113821137,0.9130859375,0.9957219362258911,0.06699050962924957
foundation,17,two obstacles,ID,9,-1.5919537544250488,0.018705788999795914,0.06930530071258545,0.01778123341500759,0.9726775956284153,0.9150390625,0.9914621114730835,0.06733649969100952
foundation,17,two obstacles,ID,10,-1.5919537544250488,0.010702203959226608,0.047110676765441895,0.03250362351536751,0.9807570860730339,0.9365234375,1.0,0.06716705858707428
foundation,17,two obstacles,ID,11,-1.5919537544250488,0.009230226278305054,0.04698137938976288,0.031957801431417465,0.9896696696696696,0.9443359375,1.0,0.06724779307842255
foundation,17,two obstacles,ID,12,-1.5919537544250488,0.008695852011442184,0.039008770138025284,0.02761274203658104,0.9868583320487128,0.935546875,1.0,0.0661199763417244
foundation,17,two obstacles,ID,13,-1.5919537544250488,0.0096382861956954,0.04692772775888443,0.03164846822619438,0.9873063683304647,0.927734375,0.9999999403953552,0.06689271330833435
foundation,17,two obstacles,ID,14,-1.5919537544250488,0.015188311226665974,0.062506765127182,0.03301677107810974,0.9744315148927084,0.908203125,0.998924732208252,0.06806580722332001
foundation,17,two obstacles,ID,15,-1.5919537544250488,0.011996359564363956,0.048647839576005936,0.027589280158281326,0.9851606704387745,0.9189453125,1.0,0.06671769917011261
exact,17,two obstacles,ID,0,-1.590419054031372,0.015198608860373497,0.05984942615032196,0.02704535238444805,0.981772784019975,0.90625,0.9989224076271057,0.06699417531490326
exact,17,two obstacles,ID,1,-1.590419054031372,0.01881023868918419,0.06931178271770477,0.025747794657945633,0.9682702149437052,0.8994140625,0.9967427253723145,0.06742741167545319
exact,17,two obstacles,ID,2,-1.590419054031372,0.015540537424385548,0.0614662766456604,0.027138937264680862,0.9759965085830666,0.9111328125,0.996784508228302,0.06569452583789825
exact,17,two obstacles,ID,3,-1.590419054031372,0.00842317845672369,0.03966342657804489,0.028898051008582115,0.9883227994450439,0.9375,1.0,0.06520809233188629
exact,17,two obstacles,ID,4,-1.590419054031372,0.013731931336224079,0.05855781212449074,0.028848985210061073,0.9845731619240214,0.921875,0.9989407062530518,0.06626851111650467
exact,17,two obstacles,ID,5,-1.590419054031372,0.019064201042056084,0.06978859752416611,0.023948058485984802,0.9706122448979593,0.9013671875,0.9956663250923157,0.06808662414550781
exact,17,two obstacles,ID,6,-1.590419054031372,0.019035084173083305,0.0695047676563263,0.02277117408812046,0.9721353205215397,0.9033203125,0.9945946335792542,0.0669986754655838
exact,17,two obstacles,ID,7,-1.590419054031372,0.012292980216443539,0.053581930696964264,0.03484749794006348,0.9832442067736185,0.9208984375,1.0,0.06707309186458588
exact,17,two obstacles,ID,8,-1.590419054031372,0.015738867223262787,0.06659828126430511,0.027015777304768562,0.978150406504065,0.912109375,0.9957173466682434,0.06697626411914825
exact,17,two obstacles,ID,9,-1.590419054031372,0.018579747527837753,0.06904435157775879,0.019577551633119583,0.9735954576502732,0.9140625,0.9914530515670776,0.06732098758220673
exact,17,two obstacles,ID,10,-1.590419054031372,0.010607418604195118,0.04728829115629196,0.032950568944215775,0.9812771648278169,0.9365234375,1.0,0.06715996563434601
exact,17,two obstacles,ID,11,-1.590419054031372,0.009218735620379448,0.04745463281869888,0.03342810273170471,0.9890416666666667,0.943359375,1.0,0.06723812967538834
exact,17,two obstacles,ID,12,-1.590419054031372,0.008587004616856575,0.03910738602280617,0.028842201456427574,0.9875520271311855,0.935546875,1.0,0.06610174477100372
exact,17,two obstacles,ID,13,-1.590419054031372,0.009566634893417358,0.04723481833934784,0.03300841152667999,0.9880593803786575,0.9267578125,0.9999999403953552,0.06688658148050308
exact,17,two obstacles,ID,14,-1.590419054031372,0.015079176053404808,0.0626143291592598,0.02797595225274563,0.9757392975338957,0.9091796875,0.9989259243011475,0.06805148720741272
exact,17,two obstacles,ID,15,-1.590419054031372,0.011868569999933243,0.04865560308098793,0.028691917657852173,0.9820020222446917,0.91796875,0.9999999403953552,0.06672930717468262
foundation,17,two obstacles,ID,16,-1.5919537544250488,0.015160838142037392,0.05988909304141998,0.030349012464284897,0.9797427137824277,0.9189453125,0.9989373087882996,0.06748785078525543
foundation,17,two obstacles,ID,17,-1.5919537544250488,0.008655351586639881,0.042122699320316315,0.026993991807103157,0.9844855743059335,0.939453125,0.9989604949951172,0.0653667077422142
foundation,17,two obstacles,ID,18,-1.5919537544250488,0.012578994035720825,0.05440080165863037,0.033263348042964935,0.9774944194722197,0.916015625,1.0,0.06772957742214203
foundation,17,two obstacles,ID,19,-1.5919537544250488,0.01272531971335411,0.059949442744255066,0.02821534499526024,0.9700900900900901,0.93359375,0.9958158731460571,0.06472433358430862
foundation,17,two obstacles,ID,20,-1.5919537544250488,0.012304053641855717,0.05073860287666321,0.021698161959648132,0.9811932963709677,0.9345703125,0.9968651533126831,0.0665716677904129
foundation,17,two obstacles,ID,21,-1.5919537544250488,0.012494786642491817,0.050114162266254425,0.02272866480052471,0.9751134072580645,0.91796875,0.998936116695404,0.06697677075862885
foundation,17,two obstacles,ID,22,-1.5919537544250488,0.007664502132683992,0.043531179428100586,0.03426191210746765,0.9894422310756973,0.935546875,1.0,0.06812290847301483
foundation,17,two obstacles,ID,23,-1.5919537544250488,0.01358996145427227,0.05485634133219719,0.022832460701465607,0.979848943522001,0.9306640625,0.9968519806861877,0.06594178080558777
foundation,17,two obstacles,ID,24,-1.5919537544250488,0.014372971840202808,0.058944109827280045,0.02346663735806942,0.9808102914487028,0.9169921875,0.9989350438117981,0.0666242465376854
foundation,17,two obstacles,ID,25,-1.5919537544250488,0.016487713903188705,0.06246784329414368,0.026236847043037415,0.9668445121951219,0.9091796875,0.9989259243011475,0.06767205148935318
foundation,17,two obstacles,ID,26,-1.5919537544250488,0.012365683913230896,0.057103872299194336,0.031924571841955185,0.9831345889520413,0.931640625,0.9989517331123352,0.06608101725578308
foundation,17,two obstacles,ID,27,-1.5919537544250488,0.015892785042524338,0.061139628291130066,0.02472137287259102,0.9743195295635559,0.908203125,0.9978494644165039,0.06827118992805481
foundation,17,two obstacles,ID,28,-1.5919537544250488,0.012453144416213036,0.05229392275214195,0.022709805518388748,0.9859705353126406,0.93359375,0.9979079365730286,0.06607230007648468
foundation,17,two obstacles,ID,29,-1.5919537544250488,0.014402870088815689,0.062237534672021866,0.03070388361811638,0.9785762483130903,0.9111328125,0.9999999403953552,0.06639237701892853
foundation,17,two obstacles,ID,30,-1.5919537544250488,0.018072862178087234,0.0666113942861557,0.02591719664633274,0.9686805370320974,0.900390625,0.9967462420463562,0.06888623535633087
foundation,17,two obstacles,ID,31,-1.5919537544250488,0.01684810034930706,0.0691518485546112,0.02540447562932968,0.9773011008966065,0.9013671875,0.9978331327438354,0.06624917685985565
exact,17,two obstacles,ID,16,-1.590419054031372,0.015107390470802784,0.06000036746263504,0.032626308500766754,0.9804633287071634,0.919921875,0.9989385008811951,0.06748700141906738
exact,17,two obstacles,ID,17,-1.590419054031372,0.008603053167462349,0.04239825904369354,0.0274740532040596,0.9849845763019416,0.939453125,0.9989604949951172,0.06535930186510086
exact,17,two obstacles,ID,18,-1.590419054031372,0.01245924737304449,0.05453819781541824,0.03233731910586357,0.9786563923799039,0.916015625,1.0,0.06770910322666168
exact,17,two obstacles,ID,19,-1.590419054031372,0.012721553444862366,0.06032206490635872,0.0288308747112751,0.9685416666666666,0.9345703125,0.9958202242851257,0.064723439514637
exact,17,two obstacles,ID,20,-1.590419054031372,0.012238427065312862,0.05080258473753929,0.022889066487550735,0.9818863407258063,0.9345703125,0.9968651533126831,0.06653888523578644
exact,17,two obstacles,ID,21,-1.590419054031372,0.012385386973619461,0.05010645091533661,0.023042745888233185,0.9740766007211774,0.91796875,0.998936116695404,0.066978819668293
exact,17,two obstacles,ID,22,-1.590419054031372,0.007639732677489519,0.04400182515382767,0.034863702952861786,0.9900398406374502,0.935546875,1.0,0.06811393797397614
exact,17,two obstacles,ID,23,-1.590419054031372,0.013530106283724308,0.054975930601358414,0.02404680661857128,0.9806133993823196,0.9296875,0.9968487620353699,0.06592853367328644
exact,17,two obstacles,ID,24,-1.590419054031372,0.014323784038424492,0.059141695499420166,0.024223556742072105,0.9815042169317818,0.9169921875,0.9989350438117981,0.06663516908884048
exact,17,two obstacles,ID,25,-1.590419054031372,0.016352711245417595,0.06244097650051117,0.02731325477361679,0.9675558943089431,0.91015625,0.9989270567893982,0.06765010952949524
exact,17,two obstacles,ID,26,-1.590419054031372,0.012401744723320007,0.05759669095277786,0.03260551393032074,0.9836546677068243,0.9326171875,0.9989528656005859,0.06605781614780426
exact,17,two obstacles,ID,27,-1.590419054031372,0.015782473608851433,0.061096858233213425,0.0241406112909317,0.9733485772357724,0.9091796875,0.9978517889976501,0.06825334578752518
exact,17,two obstacles,ID,28,-1.590419054031372,0.012382818385958672,0.05241381376981735,0.023138443008065224,0.9852087245413839,0.9326171875,0.9979057908058167,0.06606681644916534
exact,17,two obstacles,ID,29,-1.590419054031372,0.014376102015376091,0.06254690885543823,0.031275518238544464,0.9775530839231548,0.9111328125,0.9999999403953552,0.06641650199890137
exact,17,two obstacles,ID,30,-1.590419054031372,0.017942335456609726,0.06647410988807678,0.026240447536110878,0.9697919445185382,0.900390625,0.9967462420463562,0.06884307414293289
exact,17,two obstacles,ID,31,-1.590419054031372,0.016818268224596977,0.06939123570919037,0.025934264063835144,0.9776188854840542,0.900390625,0.9978308081626892,0.06628182530403137
foundation,17,two obstacles,ID,32,-1.5919537544250488,0.015833932906389236,0.0583345927298069,0.027041926980018616,0.9793945052013869,0.9091796875,0.9978517889976501,0.06810201704502106
foundation,17,two obstacles,ID,33,-1.5919537544250488,0.01145571656525135,0.04737827181816101,0.020636817440390587,0.9855059168883589,0.9423828125,0.9948186874389648,0.0666939839720726
foundation,17,two obstacles,ID,34,-1.5919537544250488,0.017806261777877808,0.0643201395869255,0.024590084329247475,0.9802258726899384,0.9072265625,0.9967706799507141,0.06782456487417221
foundation,17,two obstacles,ID,35,-1.5919537544250488,0.018799681216478348,0.06879161298274994,0.020619481801986694,0.9730165447473953,0.90625,0.9924569129943848,0.06643898040056229
foundation,17,two obstacles,ID,36,-1.5919537544250488,0.007036532741039991,0.040173064917325974,0.031053660437464714,0.9934760956175298,0.947265625,1.0,0.06670629978179932
foundation,17,two obstacles,ID,37,-1.5919537544250488,0.010772421956062317,0.04351039230823517,0.028365714475512505,0.9873440285204992,0.9267578125,0.9989461898803711,0.0676533430814743
foundation,17,two obstacles,ID,38,-1.5919537544250488,0.011570185422897339,0.052112944424152374,0.03307797759771347,0.9856803327391562,0.919921875,1.0,0.0686849057674408
foundation,17,two obstacles,ID,39,-1.5919537544250488,0.012032479979097843,0.05296339467167854,0.031278450042009354,0.9835244455645162,0.9267578125,0.9989461898803711,0.0668540671467781
foundation,17,two obstacles,ID,40,-1.5919537544250488,0.014697039499878883,0.05469268187880516,0.029899166896939278,0.9764329356997381,0.90625,0.9978448152542114,0.06639587134122849
foundation,17,two obstacles,ID,41,-1.5919537544250488,0.014185432344675064,0.05657588690519333,0.029629988595843315,0.982144763531547,0.9189453125,1.0,0.06799891591072083
foundation,17,two obstacles,ID,42,-1.5919537544250488,0.010524772107601166,0.04891059547662735,0.03475138172507286,0.9794594594594593,0.9150390625,1.0,0.06675642728805542
foundation,17,two obstacles,ID,43,-1.5919537544250488,0.012248130515217781,0.050215452909469604,0.02454705536365509,0.983090236369752,0.93359375,0.9989539384841919,0.0665058046579361
foundation,17,two obstacles,ID,44,-1.5919537544250488,0.011516349390149117,0.050919778645038605,0.03068522736430168,0.988562091503268,0.9267578125,0.9999999403953552,0.06543076038360596
foundation,17,two obstacles,ID,45,-1.5919537544250488,0.017990322783589363,0.06639695167541504,0.028636686503887177,0.9787474332648871,0.9052734375,0.9967637062072754,0.06865916401147842
foundation,17,two obstacles,ID,46,-1.5919537544250488,0.018635213375091553,0.06882582604885101,0.023280376568436623,0.9731767850324551,0.89453125,0.9945415258407593,0.06773891299962997
foundation,17,two obstacles,ID,47,-1.5919537544250488,0.009946851991117,0.04801996424794197,0.03202015906572342,0.98273470016957,0.921875,1.0,0.06865063309669495
exact,17,two obstacles,ID,32,-1.590419054031372,0.015660962089896202,0.05810001492500305,0.02715935930609703,0.977504638218924,0.91015625,0.9978540539741516,0.06808896362781525
exact,17,two obstacles,ID,33,-1.590419054031372,0.01136045902967453,0.047411926090717316,0.020850513130426407,0.9858116992324863,0.9423828125,0.9948186874389648,0.0666876882314682
exact,17,two obstacles,ID,34,-1.590419054031372,0.017687292769551277,0.06420906633138657,0.024683021008968353,0.9812731006160165,0.908203125,0.9967741966247559,0.06779523193836212
exact,17,two obstacles,ID,35,-1.590419054031372,0.0186908021569252,0.06862564384937286,0.021664047613739967,0.9737017109001873,0.90625,0.9924569129943848,0.06646879762411118
exact,17,two obstacles,ID,36,-1.590419054031372,0.007025283761322498,0.040681466460227966,0.03250700980424881,0.9914402474044621,0.9462890625,1.0,0.06670232862234116
exact,17,two obstacles,ID,37,-1.590419054031372,0.010656624101102352,0.04353804513812065,0.02866934984922409,0.9881461675579323,0.927734375,0.9989473223686218,0.06765146553516388
exact,17,two obstacles,ID,38,-1.590419054031372,0.011476618237793446,0.05231979489326477,0.033550165593624115,0.9863339275103981,0.919921875,1.0,0.0686689168214798
exact,17,two obstacles,ID,39,-1.590419054031372,0.011961275711655617,0.053125254809856415,0.03170142322778702,0.9842174899193548,0.927734375,0.9989473223686218,0.06684368848800659
exact,17,two obstacles,ID,40,-1.590419054031372,0.014549351297318935,0.054606083780527115,0.030145276337862015,0.977402773736786,0.90625,0.9978448152542114,0.06639252603054047
exact,17,two obstacles,ID,41,-1.590419054031372,0.014074777252972126,0.0566270649433136,0.030885063111782074,0.9830255151062239,0.9208984375,1.0,0.06797842681407928
exact,17,two obstacles,ID,42,-1.590419054031372,0.010454706847667694,0.0491558276116848,0.029735635966062546,0.9804204204204203,0.91796875,0.9999999403953552,0.06675013154745102
exact,17,two obstacles,ID,43,-1.590419054031372,0.012167474254965782,0.05032435059547424,0.024986591190099716,0.982390372983871,0.93359375,0.9989539384841919,0.06648622453212738
exact,17,two obstacles,ID,44,-1.590419054031372,0.011444123461842537,0.05116582289338112,0.03120351955294609,0.9892156862745098,0.927734375,0.9999999403953552,0.06541910767555237
exact,17,two obstacles,ID,45,-1.590419054031372,0.017850015312433243,0.06621624529361725,0.02897876873612404,0.9782522239665097,0.9033203125,0.9989189505577087,0.06864630430936813
exact,17,two obstacles,ID,46,-1.590419054031372,0.018518641591072083,0.0687551349401474,0.02447398751974106,0.9724073606280239,0.8955078125,0.9945473670959473,0.06770212948322296
exact,17,two obstacles,ID,47,-1.590419054031372,0.009886077605187893,0.04831545054912567,0.0325213186442852,0.9823423423423423,0.921875,1.0,0.0686570331454277
foundation,17,two obstacles,ID,48,-1.5919537544250488,0.015323493629693985,0.06215919554233551,0.0188984964042902,0.9699841109345659,0.921875,0.9947034120559692,0.06579327583312988
foundation,17,two obstacles,ID,49,-1.5919537544250488,0.015726566314697266,0.06525921821594238,0.027424544095993042,0.9728301483932956,0.9033203125,0.9978378415107727,0.06669850647449493
foundation,17,two obstacles,ID,50,-1.5919537544250488,0.013436023145914078,0.05873106047511101,0.029586030170321465,0.9760584677419355,0.92578125,0.9978902339935303,0.0658489540219307
foundation,17,two obstacles,ID,51,-1.5919537544250488,0.01376490667462349,0.057163916528224945,0.026944518089294434,0.9812640119568699,0.919921875,0.9989385008811951,0.06686343252658844
foundation,17,two obstacles,ID,52,-1.5919537544250488,0.013027528300881386,0.05191274359822273,0.025739625096321106,0.977423526765632,0.91015625,1.0,0.06852920353412628
foundation,17,two obstacles,ID,53,-1.5919537544250488,0.014316853135824203,0.05797753483057022,0.023423705250024796,0.9817383321340842,0.9228515625,0.9947090148925781,0.06603376567363739
foundation,17,two obstacles,ID,54,-1.5919537544250488,0.01820898987352848,0.06761771440505981,0.024020269513130188,0.9774849635960747,0.9013671875,0.9978331327438354,0.06712032109498978
foundation,17,two obstacles,ID,55,-1.5919537544250488,0.016126599162817,0.06491125375032425,0.027710795402526855,0.9772727272727273,0.908203125,0.9967741966247559,0.06626515090465546
foundation,17,two obstacles,ID,56,-1.5919537544250488,0.011760344728827477,0.05308600515127182,0.033410679548978806,0.9823603937238087,0.91796875,0.9999999403953552,0.06763041764497757
foundation,17,two obstacles,ID,57,-1.5919537544250488,0.00818617269396782,0.04068813472986221,0.031270887702703476,0.9850753039375794,0.92578125,0.9999999403953552,0.06674282252788544
foundation,17,two obstacles,ID,58,-1.5919537544250488,0.015404586680233479,0.06029343977570534,0.03002161905169487,0.9785250463821893,0.904296875,0.9989200830459595,0.06566624343395233
foundation,17,two obstacles,ID,59,-1.5919537544250488,0.014251071959733963,0.05822554975748062,0.03155653178691864,0.9822465182871275,0.9150390625,0.9989327192306519,0.06699203699827194
foundation,17,two obstacles,ID,60,-1.5919537544250488,0.01160525530576706,0.054244548082351685,0.030029460787773132,0.9835060737768863,0.9345703125,1.0,0.06682552397251129
foundation,17,two obstacles,ID,61,-1.5919537544250488,0.013688599690794945,0.05522705242037773,0.03340210020542145,0.9754273504273505,0.9150390625,0.9978654980659485,0.06647618114948273
foundation,17,two obstacles,ID,62,-1.5919537544250488,0.015159511007368565,0.06692126393318176,0.033708132803440094,0.9778709349593495,0.904296875,0.997840166091919,0.06714804470539093
foundation,17,two obstacles,ID,63,-1.5919537544250488,0.011256799101829529,0.05036874860525131,0.03191962465643883,0.9826291079812206,0.93359375,0.9989539384841919,0.06642526388168335
exact,17,two obstacles,ID,48,-1.590419054031372,0.015263556502759457,0.062245771288871765,0.019248561933636665,0.9708507872309693,0.921875,0.9947034120559692,0.06577448546886444
exact,17,two obstacles,ID,49,-1.590419054031372,0.015646396204829216,0.06540799140930176,0.02879280596971512,0.9722062488019934,0.9033203125,0.9978378415107727,0.06667578220367432
exact,17,two obstacles,ID,50,-1.590419054031372,0.013397305272519588,0.05895382910966873,0.030092481523752213,0.9768775201612903,0.92578125,0.9978902339935303,0.06585553288459778
exact,17,two obstacles,ID,51,-1.590419054031372,0.013682062737643719,0.057267896831035614,0.02741299755871296,0.981904558556635,0.9208984375,0.9989396333694458,0.06683182716369629
exact,17,two obstacles,ID,52,-1.590419054031372,0.012889835052192211,0.05188599228858948,0.0257643461227417,0.9766286292069912,0.912109375,1.0,0.06852863729000092
exact,17,two obstacles,ID,53,-1.590419054031372,0.014261269941926003,0.05805978178977966,0.02380557730793953,0.9822345731087014,0.9228515625,0.9957672357559204,0.06601518392562866
exact,17,two obstacles,ID,54,-1.590419054031372,0.018096230924129486,0.06754247099161148,0.024336598813533783,0.9782169990503324,0.9013671875,0.9978331327438354,0.06713283061981201
exact,17,two obstacles,ID,55,-1.590419054031372,0.016038818284869194,0.0649721622467041,0.02897016704082489,0.9781076066790352,0.908203125,0.9967741966247559,0.06628528237342834
exact,17,two obstacles,ID,56,-1.590419054031372,0.01169701386243105,0.05334901809692383,0.03393036872148514,0.9847845262096774,0.91796875,0.9999999403953552,0.06761437654495239
exact,17,two obstacles,ID,57,-1.590419054031372,0.008115725591778755,0.04094020277261734,0.031687408685684204,0.9858011250226819,0.9267578125,0.9999999403953552,0.06673546135425568
exact,17,two obstacles,ID,58,-1.590419054031372,0.015307008288800716,0.06035614386200905,0.02899244613945484,0.9791048237476808,0.9052734375,0.9989212155342102,0.065655916929245
exact,17,two obstacles,ID,59,-1.590419054031372,0.014185382053256035,0.05842575430870056,0.03127328306436539,0.9830534947286216,0.9150390625,0.9989327192306519,0.06697148084640503
exact,17,two obstacles,ID,60,-1.590419054031372,0.01163016352802515,0.0547400638461113,0.03145412355661392,0.982195159549869,0.9345703125,1.0,0.06683859974145889
exact,17,two obstacles,ID,61,-1.590419054031372,0.013564391992986202,0.05523355305194855,0.03375723958015442,0.9762145748987854,0.91796875,0.9978722929954529,0.06646952778100967
exact,17,two obstacles,ID,62,-1.590419054031372,0.015112587250769138,0.06717320531606674,0.0342835895717144,0.9785569105691057,0.9033203125,0.9978378415107727,0.06715870648622513
exact,17,two obstacles,ID,63,-1.590419054031372,0.01117615308612585,0.05053870379924774,0.02818801999092102,0.9833333333333333,0.93359375,0.9989539384841919,0.06640347838401794
foundation,17,three obstacles,ID,0,-1.5919537544250488,0.018612846732139587,0.07693755626678467,0.034763213247060776,0.9636795655125594,0.87109375,1.0,0.06299316883087158
foundation,17,three obstacles,ID,1,-1.5919537544250488,0.019231192767620087,0.084048792719841,0.04322240129113197,0.9584441794330796,0.890625,0.9978070259094238,0.06216913461685181
foundation,17,three obstacles,ID,2,-1.5919537544250488,0.024759385734796524,0.0909813866019249,0.05436768755316734,0.9814158794421952,0.8916015625,1.0,0.061497047543525696
foundation,17,three obstacles,ID,3,-1.5919537544250488,0.01747630536556244,0.07583144307136536,0.04363417252898216,0.974538272659336,0.8896484375,1.0,0.06363637000322342
foundation,17,three obstacles,ID,4,-1.5919537544250488,0.01545295212417841,0.06975629925727844,0.0389428436756134,0.9769617706237425,0.9052734375,0.9999999403953552,0.06275038421154022
foundation,17,three obstacles,ID,5,-1.5919537544250488,0.026905478909611702,0.09773895144462585,0.039648666977882385,0.9701994434137291,0.8935546875,0.9978142380714417,0.06250349432229996
foundation,17,three obstacles,ID,6,-1.5919537544250488,0.01880090869963169,0.08185873925685883,0.047528717666864395,0.9712273641851107,0.8994140625,1.0,0.06292228400707245
foundation,17,three obstacles,ID,7,-1.5919537544250488,0.013945039361715317,0.06562955677509308,0.042368095368146896,0.9839439439439439,0.912109375,1.0,0.06109839677810669
foundation,17,three obstacles,ID,8,-1.5919537544250488,0.015655191615223885,0.06918653845787048,0.04151187837123871,0.9800416666666667,0.9033203125,1.0,0.06138049066066742
foundation,17,three obstacles,ID,9,-1.5919537544250488,0.020206574350595474,0.0791512131690979,0.03487405180931091,0.9758433492165091,0.87890625,1.0,0.0640333890914917
foundation,17,three obstacles,ID,10,-1.5919537544250488,0.01747525855898857,0.07545284926891327,0.04733286425471306,0.9813473100046247,0.9091796875,1.0,0.0622619092464447
foundation,17,three obstacles,ID,11,-1.5919537544250488,0.01104985922574997,0.05566076189279556,0.039571721106767654,0.9872735959692481,0.9150390625,1.0,0.06268405169248581
foundation,17,three obstacles,ID,12,-1.5919537544250488,0.013758759014308453,0.062379173934459686,0.03500997647643089,0.9775428868480333,0.8974609375,1.0,0.061134736984968185
foundation,17,three obstacles,ID,13,-1.5919537544250488,0.021507855504751205,0.08668036758899689,0.04110075905919075,0.9753455183367707,0.892578125,1.0,0.06399168074131012
foundation,17,three obstacles,ID,14,-1.5919537544250488,0.020192598924040794,0.08337339758872986,0.04404477775096893,0.9728915662650602,0.900390625,1.0,0.06298096477985382
foundation,17,three obstacles,ID,15,-1.5919537544250488,0.016515448689460754,0.07033833116292953,0.036359019577503204,0.972994652406417,0.8828125,1.0,0.06280062347650528
exact,17,three obstacles,ID,0,-1.590419054031372,0.01862568035721779,0.07726043462753296,0.03727742284536362,0.9646978954514596,0.87109375,1.0,0.06296513229608536
exact,17,three obstacles,ID,1,-1.590419054031372,0.01922760345041752,0.08427580446004868,0.044449567794799805,0.9573147681451613,0.890625,0.9978070259094238,0.062158696353435516
exact,17,three obstacles,ID,2,-1.590419054031372,0.024974433705210686,0.0918012261390686,0.05605451017618179,0.9781671406293002,0.8916015625,1.0,0.061514824628829956
exact,17,three obstacles,ID,3,-1.590419054031372,0.01751016266644001,0.0761873871088028,0.044149190187454224,0.975205508700758,0.8896484375,1.0,0.06357938796281815
exact,17,three obstacles,ID,4,-1.590419054031372,0.015478278510272503,0.07014995813369751,0.04020595923066139,0.9777330650570087,0.9052734375,0.9999999403953552,0.0626915991306305
exact,17,three obstacles,ID,5,-1.590419054031372,0.026975329965353012,0.09825095534324646,0.04021371901035309,0.9696560225683332,0.8935546875,0.9978142380714417,0.06249425187706947
exact,17,three obstacles,ID,6,-1.590419054031372,0.01891910657286644,0.08245247602462769,0.04822975769639015,0.9720657276995305,0.8994140625,1.0,0.06293942034244537
exact,17,three obstacles,ID,7,-1.590419054031372,0.014101076871156693,0.06650468707084656,0.041488151997327805,0.9833333333333334,0.9130859375,1.0,0.061090461909770966
exact,17,three obstacles,ID,8,-1.590419054031372,0.015821386128664017,0.0698799192905426,0.04232256859540939,0.9792815879772402,0.9033203125,1.0,0.061355091631412506
exact,17,three obstacles,ID,9,-1.590419054031372,0.020215794444084167,0.07937081158161163,0.036043476313352585,0.9764597112580897,0.87890625,1.0,0.06406257301568985
exact,17,three obstacles,ID,10,-1.590419054031372,0.017622293904423714,0.07614277303218842,0.048058971762657166,0.9822722367812549,0.9111328125,0.9999999403953552,0.06230190023779869
exact,17,three obstacles,ID,11,-1.590419054031372,0.01110767386853695,0.05632316321134567,0.040359869599342346,0.9852347718748516,0.916015625,1.0,0.06267926841974258
exact,17,three obstacles,ID,12,-1.590419054031372,0.013784864917397499,0.06285406649112701,0.036361198872327805,0.9785132559348466,0.896484375,1.0,0.061101071536540985
exact,17,three obstacles,ID,13,-1.590419054031372,0.021522466093301773,0.08700670301914215,0.04174083471298218,0.976080411540194,0.8935546875,1.0,0.0639721006155014
exact,17,three obstacles,ID,14,-1.590419054031372,0.020272254943847656,0.08379603922367096,0.044614411890506744,0.9733935742971888,0.900390625,1.0,0.0629662424325943
exact,17,three obstacles,ID,15,-1.590419054031372,0.016510531306266785,0.07073164731264114,0.037641365081071854,0.9711441532258065,0.8837890625,0.9999999403953552,0.06280321627855301
foundation,17,three obstacles,ID,16,-1.5919537544250488,0.018783673644065857,0.07793059200048447,0.03552721440792084,0.9797074650925729,0.8876953125,1.0,0.06193443387746811
foundation,17,three obstacles,ID,17,-1.5919537544250488,0.01738835498690605,0.06886909902095795,0.030226735398173332,0.9759237707302881,0.8837890625,0.9999999403953552,0.06326817721128464
foundation,17,three obstacles,ID,18,-1.5919537544250488,0.018148915842175484,0.07956485450267792,0.035639695823192596,0.9625814027970535,0.8984375,0.9913042783737183,0.06330250203609467
foundation,17,three obstacles,ID,19,-1.5919537544250488,0.015533962287008762,0.06953171640634537,0.04542969912290573,0.9821005100217652,0.9111328125,0.9999999403953552,0.06194153055548668
foundation,17,three obstacles,ID,20,-1.5919537544250488,0.015041662380099297,0.06910252571105957,0.038281697779893875,0.973357716580608,0.90234375,0.9989177584648132,0.06257683038711548
foundation,17,three obstacles,ID,21,-1.5919537544250488,0.015339833684265614,0.06883455812931061,0.033204711973667145,0.9719651240778001,0.9072265625,1.0,0.06163158640265465
foundation,17,three obstacles,ID,22,-1.5919537544250488,0.019282899796962738,0.08460330963134766,0.04470914602279663,0.9648961868941688,0.87890625,0.9988889098167419,0.0621812678873539
foundation,17,three obstacles,ID,23,-1.5919537544250488,0.01927589625120163,0.08022461086511612,0.0429786778986454,0.9797289698605488,0.8974609375,1.0,0.0621609166264534
foundation,17,three obstacles,ID,24,-1.5919537544250488,0.026719391345977783,0.09626828134059906,0.06138809770345688,0.970736779560309,0.87109375,1.0,0.061409879475831985
foundation,17,three obstacles,ID,25,-1.5919537544250488,0.02438938431441784,0.08911032229661942,0.031384676694869995,0.9735240738763745,0.9091796875,0.9967776536941528,0.06189149618148804
foundation,17,three obstacles,ID,26,-1.5919537544250488,0.020759321749210358,0.08347363770008087,0.03736802190542221,0.9748535929091484,0.869140625,1.0,0.06438495963811874
foundation,17,three obstacles,ID,27,-1.5919537544250488,0.01744304969906807,0.0739019513130188,0.030202342197299004,0.9718859820382663,0.8984375,0.9989129900932312,0.06239122152328491
foundation,17,three obstacles,ID,28,-1.5919537544250488,0.020648734644055367,0.08158376812934875,0.04053816199302673,0.9715653921544303,0.88671875,0.9988986253738403,0.06279238313436508
foundation,17,three obstacles,ID,29,-1.5919537544250488,0.022158201783895493,0.08448430895805359,0.03778520226478577,0.9730680294580571,0.8662109375,0.9999999403953552,0.06272710859775543
foundation,17,three obstacles,ID,30,-1.5919537544250488,0.011884874664247036,0.05697961151599884,0.03918033838272095,0.9826373245538035,0.90234375,1.0,0.061931952834129333
foundation,17,three obstacles,ID,31,-1.5919537544250488,0.021836042404174805,0.08740271627902985,0.04534531757235527,0.9671240791564351,0.8876953125,1.0,0.0629604235291481
exact,17,three obstacles,ID,16,-1.590419054031372,0.01874556392431259,0.07809644937515259,0.03658951073884964,0.979269711958103,0.8876953125,1.0,0.06195187568664551
exact,17,three obstacles,ID,17,-1.590419054031372,0.017399698495864868,0.06922055035829544,0.032028187066316605,0.9768208709145573,0.8828125,1.0,0.0632719099521637
exact,17,three obstacles,ID,18,-1.590419054031372,0.0181888435035944,0.07988985627889633,0.036195848137140274,0.9611982803472165,0.8974609375,0.9923830032348633,0.06330040097236633
exact,17,three obstacles,ID,19,-1.590419054031372,0.015597347170114517,0.0700935646891594,0.04544839635491371,0.9829126465906506,0.9111328125,0.9999999403953552,0.06195079907774925
exact,17,three obstacles,ID,20,-1.590419054031372,0.015115749090909958,0.06962548196315765,0.03895776718854904,0.9742183017785427,0.90234375,0.9989177584648132,0.06253771483898163
exact,17,three obstacles,ID,21,-1.590419054031372,0.015368074178695679,0.06923535466194153,0.03362642973661423,0.9710622075896724,0.908203125,1.0,0.06164522469043732
exact,17,three obstacles,ID,22,-1.590419054031372,0.019390620291233063,0.08523468673229218,0.04558156058192253,0.9658746903953765,0.87890625,0.9988889098167419,0.06217779964208603
exact,17,three obstacles,ID,23,-1.590419054031372,0.019333366304636,0.08065374940633774,0.044105902314186096,0.9791419904665608,0.8974609375,1.0,0.06213532015681267
exact,17,three obstacles,ID,24,-1.590419054031372,0.026668451726436615,0.09647735208272934,0.061482056975364685,0.9700944867443354,0.87109375,1.0,0.06142880767583847
exact,17,three obstacles,ID,25,-1.590419054031372,0.024516992270946503,0.08962570875883102,0.032632503658533096,0.9726717599058025,0.9091796875,0.9967776536941528,0.06189320608973503
exact,17,three obstacles,ID,26,-1.590419054031372,0.02084367349743843,0.08379140496253967,0.03762015700340271,0.9745963912630579,0.869140625,1.0,0.06446433067321777
exact,17,three obstacles,ID,27,-1.590419054031372,0.01735951192677021,0.07399019598960876,0.03140930458903313,0.9730573994533386,0.8984375,0.9989129900932312,0.062359295785427094
exact,17,three obstacles,ID,28,-1.590419054031372,0.020710520446300507,0.08192764222621918,0.04255460202693939,0.972508250006203,0.8876953125,0.9988998770713806,0.06274658441543579
exact,17,three obstacles,ID,29,-1.590419054031372,0.022089481353759766,0.08462195098400116,0.038559213280677795,0.9755822833142421,0.8671875,1.0,0.0627371147274971
exact,17,three obstacles,ID,30,-1.590419054031372,0.011839328333735466,0.057270608842372894,0.03966069221496582,0.9823221457257602,0.90234375,1.0,0.061947934329509735
exact,17,three obstacles,ID,31,-1.590419054031372,0.021990085020661354,0.08794984221458435,0.04569168761372566,0.9679618662429583,0.8876953125,1.0,0.06299085915088654
foundation,17,three obstacles,ID,32,-1.5919537544250488,0.021035609766840935,0.08354909718036652,0.0454813614487648,0.9809331214791275,0.890625,1.0,0.06227846443653107
foundation,17,three obstacles,ID,33,-1.5919537544250488,0.018554944545030594,0.08149556815624237,0.04006807878613472,0.9787285149994662,0.896484375,1.0,0.06382949650287628
foundation,17,three obstacles,ID,34,-1.5919537544250488,0.018934449180960655,0.07992814481258392,0.03382299095392227,0.973109462449564,0.90234375,0.9967532753944397,0.06204363703727722
foundation,17,three obstacles,ID,35,-1.5919537544250488,0.013680920004844666,0.06500663608312607,0.04423115774989128,0.9796797800809838,0.91015625,1.0,0.06354930251836777
foundation,17,three obstacles,ID,36,-1.5919537544250488,0.018694179132580757,0.07976268231868744,0.04344113916158676,0.9783674251759358,0.9091796875,0.9989259243011475,0.06234866380691528
foundation,17,three obstacles,ID,37,-1.5919537544250488,0.016051067039370537,0.07128876447677612,0.045752059668302536,0.9800884133883131,0.90625,1.0,0.06283944845199585
foundation,17,three obstacles,ID,38,-1.5919537544250488,0.012193210422992706,0.06364469975233078,0.04594563692808151,0.9855671081992119,0.9111328125,0.9999999403953552,0.06239393353462219
foundation,17,three obstacles,ID,39,-1.5919537544250488,0.018041837960481644,0.07806290686130524,0.0383172407746315,0.9627251322508639,0.892578125,0.9989058971405029,0.06253407150506973
foundation,17,three obstacles,ID,40,-1.5919537544250488,0.015296263620257378,0.06671074777841568,0.03716946393251419,0.977901142308103,0.892578125,1.0,0.06400863081216812
foundation,17,three obstacles,ID,41,-1.5919537544250488,0.009883638471364975,0.05492476373910904,0.041983384639024734,0.9883170745954787,0.9208984375,1.0,0.06193329021334648
foundation,17,three obstacles,ID,42,-1.5919537544250488,0.01798914186656475,0.07404109835624695,0.0373828262090683,0.9791239754098361,0.890625,1.0,0.06282257288694382
foundation,17,three obstacles,ID,43,-1.5919537544250488,0.02142966166138649,0.0809580385684967,0.03606770932674408,0.975305172565206,0.8701171875,0.9988777041435242,0.06270421296358109
foundation,17,three obstacles,ID,44,-1.5919537544250488,0.023393206298351288,0.09117068350315094,0.025290226563811302,0.9612829324169531,0.88671875,0.9911893606185913,0.06260280311107635
foundation,17,three obstacles,ID,45,-1.5919537544250488,0.020000671967864037,0.0819648876786232,0.03332432731986046,0.9628749866552792,0.8896484375,0.9956092238426208,0.06179645657539368
foundation,17,three obstacles,ID,46,-1.5919537544250488,0.01771262288093567,0.0716661587357521,0.03634437173604965,0.9755305867665418,0.8837890625,0.9999999403953552,0.06199972331523895
foundation,17,three obstacles,ID,47,-1.5919537544250488,0.019127974286675453,0.08352671563625336,0.04321831837296486,0.9686573097269364,0.8974609375,0.9989118576049805,0.06167823076248169
exact,17,three obstacles,ID,32,-1.590419054031372,0.02121414989233017,0.08438712358474731,0.049295466393232346,0.9802733214497921,0.8916015625,1.0,0.062266796827316284
exact,17,three obstacles,ID,33,-1.590419054031372,0.01860804669559002,0.08188928663730621,0.04065268859267235,0.97920892494929,0.8974609375,1.0,0.0638631209731102
exact,17,three obstacles,ID,34,-1.590419054031372,0.01895536296069622,0.08021225035190582,0.035015352070331573,0.9722696701185011,0.90234375,0.9967532753944397,0.06202225387096405
exact,17,three obstacles,ID,35,-1.590419054031372,0.013726863078773022,0.06558550149202347,0.045636728405952454,0.9803113042832201,0.91015625,1.0,0.06354956328868866
exact,17,three obstacles,ID,36,-1.590419054031372,0.018782321363687515,0.08029381930828094,0.0441800132393837,0.9793258303896601,0.9091796875,0.9989259243011475,0.0623355433344841
exact,17,three obstacles,ID,37,-1.590419054031372,0.01619313284754753,0.072006955742836,0.04651497304439545,0.980534195178127,0.90625,1.0,0.06283922493457794
exact,17,three obstacles,ID,38,-1.590419054031372,0.012282493524253368,0.06426473706960678,0.04659956693649292,0.9850099601593625,0.91015625,1.0,0.062374264001846313
exact,17,three obstacles,ID,39,-1.590419054031372,0.01803451031446457,0.07830506563186646,0.03880128264427185,0.9637342139864844,0.8935546875,0.9989071488380432,0.06255082041025162
exact,17,three obstacles,ID,40,-1.590419054031372,0.015275854617357254,0.06693316996097565,0.03756726533174515,0.9783548628162699,0.892578125,1.0,0.06402310729026794
exact,17,three obstacles,ID,41,-1.590419054031372,0.009956363588571548,0.05557467043399811,0.04268885403871536,0.9872891865079365,0.9208984375,1.0,0.061914317309856415
exact,17,three obstacles,ID,42,-1.590419054031372,0.017951102927327156,0.07425061613321304,0.038576897233724594,0.9782442997452034,0.890625,1.0,0.06280616670846939
exact,17,three obstacles,ID,43,-1.590419054031372,0.021286267787218094,0.08094315230846405,0.03631690889596939,0.9763765697725477,0.8720703125,0.9988802075386047,0.06267574429512024
exact,17,three obstacles,ID,44,-1.590419054031372,0.023356540128588676,0.0911150649189949,0.02706081047654152,0.9617602138220694,0.88671875,0.9911893606185913,0.06261082738637924
exact,17,three obstacles,ID,45,-1.590419054031372,0.020047105848789215,0.08229455351829529,0.033893510699272156,0.9616911744571319,0.8896484375,0.9956092238426208,0.06178306043148041
exact,17,three obstacles,ID,46,-1.590419054031372,0.01764300838112831,0.07185611128807068,0.03671474754810333,0.975278293135436,0.8837890625,0.9999999403953552,0.06200966238975525
exact,17,three obstacles,ID,47,-1.590419054031372,0.019278112798929214,0.0842008888721466,0.04407333955168724,0.9693300308840168,0.896484375,0.998910665512085,0.06170124560594559
foundation,17,three obstacles,ID,48,-1.5919537544250488,0.02429204061627388,0.09506139159202576,0.04597308859229088,0.9721202655212808,0.888671875,1.0,0.062443871051073074
foundation,17,three obstacles,ID,49,-1.5919537544250488,0.014663057401776314,0.0649217814207077,0.03706260025501251,0.9797797797797798,0.9150390625,1.0,0.06311079859733582
foundation,17,three obstacles,ID,50,-1.5919537544250488,0.024117615073919296,0.09153573215007782,0.043983861804008484,0.9690452091767882,0.896484375,0.9978213310241699,0.06225714087486267
foundation,17,three obstacles,ID,51,-1.5919537544250488,0.018635442480444908,0.07688912004232407,0.04282962530851364,0.9830533707168201,0.888671875,1.0,0.06138557940721512
foundation,17,three obstacles,ID,52,-1.5919537544250488,0.017092209309339523,0.07171937823295593,0.04161308705806732,0.9746580375980846,0.8955078125,0.9999999403953552,0.06357838213443756
foundation,17,three obstacles,ID,53,-1.5919537544250488,0.015237698331475258,0.07481840997934341,0.053213950246572495,0.9878333333333333,0.919921875,1.0,0.061632003635168076
foundation,17,three obstacles,ID,54,-1.5919537544250488,0.01822648011147976,0.07811763137578964,0.045606985688209534,0.9742750460673066,0.890625,0.9989035129547119,0.06259790807962418
foundation,17,three obstacles,ID,55,-1.5919537544250488,0.023542895913124084,0.09176380932331085,0.03461480885744095,0.9616842583134717,0.8779296875,0.9999999403953552,0.0628889948129654
foundation,17,three obstacles,ID,56,-1.5919537544250488,0.020228587090969086,0.08963316679000854,0.0546521320939064,0.9687083333333333,0.9111328125,0.9989281296730042,0.06271420419216156
foundation,17,three obstacles,ID,57,-1.5919537544250488,0.008448614738881588,0.05221188813447952,0.04346224293112755,0.9873697025032337,0.9306640625,0.9999999403953552,0.06271372735500336
foundation,17,three obstacles,ID,58,-1.5919537544250488,0.016618257388472557,0.07228416204452515,0.039609212428331375,0.976642295791232,0.8935546875,1.0,0.06290078908205032
foundation,17,three obstacles,ID,59,-1.5919537544250488,0.01571974903345108,0.07121302932500839,0.043785177171230316,0.981625,0.9169921875,1.0,0.06167725846171379
foundation,17,three obstacles,ID,60,-1.5919537544250488,0.01306861825287342,0.05828533321619034,0.03234660252928734,0.9809269162210339,0.9130859375,1.0,0.06338436156511307
foundation,17,three obstacles,ID,61,-1.5919537544250488,0.02589646726846695,0.09319016337394714,0.03623145446181297,0.9723754397911701,0.9013671875,0.9934994578361511,0.059823743999004364
foundation,17,three obstacles,ID,62,-1.5919537544250488,0.016306815668940544,0.07185645401477814,0.043320994824171066,0.9706179441473559,0.890625,1.0,0.062147680670022964
foundation,17,three obstacles,ID,63,-1.5919537544250488,0.016426540911197662,0.07128262519836426,0.03587300330400467,0.9682860998650473,0.8916015625,0.9989047646522522,0.06386438012123108
exact,17,three obstacles,ID,48,-1.590419054031372,0.024378634989261627,0.0955427959561348,0.047275610268116,0.9712020924522259,0.8876953125,1.0,0.06244289129972458
exact,17,three obstacles,ID,49,-1.590419054031372,0.014819065108895302,0.06562172621488571,0.03782281279563904,0.9772835859792381,0.9150390625,1.0,0.06309453397989273
exact,17,three obstacles,ID,50,-1.590419054031372,0.02422379143536091,0.09202805161476135,0.04433732479810715,0.970310391363023,0.896484375,0.9978213310241699,0.06223272532224655
exact,17,three obstacles,ID,51,-1.590419054031372,0.018727894872426987,0.07737748324871063,0.042734697461128235,0.9833263032528596,0.888671875,1.0,0.06134578213095665
exact,17,three obstacles,ID,52,-1.590419054031372,0.017078207805752754,0.0719650462269783,0.03778852894902229,0.9753455183367707,0.896484375,1.0,0.06353583931922913
exact,17,three obstacles,ID,53,-1.590419054031372,0.015430068597197533,0.07575671374797821,0.05109919607639313,0.988375,0.9189453125,1.0,0.061663564294576645
exact,17,three obstacles,ID,54,-1.590419054031372,0.018229592591524124,0.07838901877403259,0.046002984046936035,0.9733022355655907,0.8896484375,0.9989023208618164,0.06260156631469727
exact,17,three obstacles,ID,55,-1.590419054031372,0.02355949580669403,0.092106893658638,0.03517594933509827,0.9642126789366054,0.8779296875,0.9999999403953552,0.06287182122468948
exact,17,three obstacles,ID,56,-1.590419054031372,0.020554572343826294,0.09078280627727509,0.055780816823244095,0.9694166666666667,0.91015625,1.0,0.06271162629127502
exact,17,three obstacles,ID,57,-1.590419054031372,0.008521754294633865,0.05292908474802971,0.04420700669288635,0.9861660079051383,0.9326171875,1.0,0.0627039223909378
exact,17,three obstacles,ID,58,-1.590419054031372,0.0166173055768013,0.07257154583930969,0.04144434630870819,0.9772721049316795,0.8935546875,1.0,0.0629279837012291
exact,17,three obstacles,ID,59,-1.590419054031372,0.015781613066792488,0.071791872382164,0.04516250640153885,0.9829166666666668,0.91796875,0.9999999403953552,0.06167038157582283
exact,17,three obstacles,ID,60,-1.590419054031372,0.013013550080358982,0.05849204584956169,0.032805703580379486,0.979971256459652,0.9130859375,1.0,0.06339126825332642
exact,17,three obstacles,ID,61,-1.590419054031372,0.02589297667145729,0.09329134970903397,0.03717830777168274,0.9726251276813075,0.9013671875,0.9934994578361511,0.05982626974582672
exact,17,three obstacles,ID,62,-1.590419054031372,0.016281865537166595,0.07221192121505737,0.043967701494693756,0.9719251336898397,0.890625,1.0,0.06211276352405548
exact,17,three obstacles,ID,63,-1.590419054031372,0.016412358731031418,0.0716044083237648,0.03722325339913368,0.969045209176788,0.8935546875,0.9989071488380432,0.06385686993598938
foundation,17,four obstacles,ID,0,-1.5919537544250488,0.029039448127150536,0.11089275777339935,0.06742975860834122,0.9852755939712461,0.88671875,0.9999999403953552,0.0579034686088562
foundation,17,four obstacles,ID,1,-1.5919537544250488,0.018720321357250214,0.08423839509487152,0.0576036237180233,0.9800277217741935,0.873046875,1.0,0.06004340201616287
foundation,17,four obstacles,ID,2,-1.5919537544250488,0.022324679419398308,0.09348691999912262,0.0735434740781784,0.9900266891417334,0.9375,1.0,0.05742437392473221
foundation,17,four obstacles,ID,3,-1.5919537544250488,0.032418180257081985,0.11896835267543793,0.05896581709384918,0.9731670077640256,0.896484375,1.0,0.059675395488739014
foundation,17,four obstacles,ID,4,-1.5919537544250488,0.0283447727560997,0.10522730648517609,0.05166139826178551,0.9642351581684241,0.8701171875,1.0,0.05908520147204399
foundation,17,four obstacles,ID,5,-1.5919537544250488,0.025935474783182144,0.1014479398727417,0.05899757891893387,0.9791597013262008,0.8974609375,1.0,0.05969130992889404
foundation,17,four obstacles,ID,6,-1.5919537544250488,0.019947322085499763,0.08291249722242355,0.0539746955037117,0.9876676676676677,0.90234375,1.0,0.059551820158958435
foundation,17,four obstacles,ID,7,-1.5919537544250488,0.019137263298034668,0.08041834831237793,0.04590507596731186,0.9787387387387387,0.9072265625,1.0,0.05730776861310005
foundation,17,four obstacles,ID,8,-1.5919537544250488,0.01917441189289093,0.08295101672410965,0.05884050205349922,0.9869352204681545,0.9052734375,0.9999999403953552,0.059338364750146866
foundation,17,four obstacles,ID,9,-1.5919537544250488,0.028916429728269577,0.10357039421796799,0.048557475209236145,0.9716539766993854,0.8828125,1.0,0.059863410890102386
foundation,17,four obstacles,ID,10,-1.5919537544250488,0.027375228703022003,0.10381818562746048,0.04802970588207245,0.9724066120005206,0.890625,1.0,0.0602966770529747
foundation,17,four obstacles,ID,11,-1.5919537544250488,0.02481580525636673,0.09344570338726044,0.057418256998062134,0.9869439301144187,0.904296875,1.0,0.057917214930057526
foundation,17,four obstacles,ID,12,-1.5919537544250488,0.03265416622161865,0.11405763030052185,0.044497858732938766,0.9662308016772945,0.880859375,0.9988913536071777,0.060897089540958405
foundation,17,four obstacles,ID,13,-1.5919537544250488,0.017008241266012192,0.08048976212739944,0.05556190758943558,0.9824811280444382,0.904296875,1.0,0.060801997780799866
foundation,17,four obstacles,ID,14,-1.5919537544250488,0.02047756500542164,0.08514992892742157,0.04311339557170868,0.969695060483871,0.8818359375,0.998892605304718,0.060066964477300644
foundation,17,four obstacles,ID,15,-1.5919537544250488,0.028639838099479675,0.10373816639184952,0.05246223509311676,0.9710338680926917,0.896484375,1.0,0.05924488976597786
exact,17,four obstacles,ID,0,-1.590419054031372,0.02914245054125786,0.11127977073192596,0.06785330176353455,0.9857533770577249,0.88671875,0.9999999403953552,0.057889871299266815
exact,17,four obstacles,ID,1,-1.590419054031372,0.01887996681034565,0.08479105681180954,0.05290139839053154,0.9778001341381624,0.8740234375,1.0,0.06002318859100342
exact,17,four obstacles,ID,2,-1.590419054031372,0.022763021290302277,0.09473960101604462,0.07499964535236359,0.9878847413228553,0.9375,1.0,0.05738242343068123
exact,17,four obstacles,ID,3,-1.590419054031372,0.032457441091537476,0.11891013383865356,0.05897626280784607,0.9731994932267811,0.896484375,1.0,0.05966116115450859
exact,17,four obstacles,ID,4,-1.590419054031372,0.0285172276198864,0.10574676841497421,0.052426908165216446,0.9653907265636285,0.87109375,1.0,0.05911168456077576
exact,17,four obstacles,ID,5,-1.590419054031372,0.025805320590734482,0.1011405736207962,0.05872878059744835,0.9809236947791165,0.8974609375,1.0,0.059729546308517456
exact,17,four obstacles,ID,6,-1.590419054031372,0.020101286470890045,0.0835685059428215,0.05525560677051544,0.9881881881881882,0.9013671875,1.0,0.05956680327653885
exact,17,four obstacles,ID,7,-1.590419054031372,0.019335560500621796,0.08112838864326477,0.0503920242190361,0.9792192192192192,0.9072265625,1.0,0.057284653186798096
exact,17,four obstacles,ID,8,-1.590419054031372,0.019083596765995026,0.08275867998600006,0.05673287436366081,0.9866630375612411,0.9052734375,0.9999999403953552,0.059346091002225876
exact,17,four obstacles,ID,9,-1.590419054031372,0.02900407463312149,0.1037297397851944,0.048521146178245544,0.9708283643702412,0.8818359375,1.0,0.05986953154206276
exact,17,four obstacles,ID,10,-1.590419054031372,0.02744346112012863,0.10408501327037811,0.04831782355904579,0.972562800989197,0.8896484375,1.0,0.06027932092547417
exact,17,four obstacles,ID,11,-1.590419054031372,0.02488817647099495,0.09373793751001358,0.06277139484882355,0.9870388833499502,0.90234375,1.0,0.05792931094765663
exact,17,four obstacles,ID,12,-1.590419054031372,0.0327753946185112,0.11466063559055328,0.04557560756802559,0.9667022306031808,0.880859375,0.9988913536071777,0.06090468168258667
exact,17,four obstacles,ID,13,-1.590419054031372,0.017092082649469376,0.08102568238973618,0.0561169758439064,0.9830033708398614,0.904296875,1.0,0.06082850694656372
exact,17,four obstacles,ID,14,-1.590419054031372,0.0208389014005661,0.08609183132648468,0.04385741055011749,0.9698525705645161,0.880859375,0.9988913536071777,0.060050372034311295
exact,17,four obstacles,ID,15,-1.590419054031372,0.028456266969442368,0.10334957391023636,0.05137457326054573,0.9735155195681511,0.896484375,1.0,0.05926183983683586
foundation,17,four obstacles,ID,16,-1.5919537544250488,0.019296448677778244,0.08153863251209259,0.051440633833408356,0.9745483110761979,0.8974609375,1.0,0.060170527547597885
foundation,17,four obstacles,ID,17,-1.5919537544250488,0.017323903739452362,0.07689238339662552,0.04642701894044876,0.9788253649838404,0.8994140625,1.0,0.0591343492269516
foundation,17,four obstacles,ID,18,-1.5919537544250488,0.029597628861665726,0.1101967841386795,0.06428569555282593,0.9758958958958959,0.888671875,1.0,0.05867920070886612
foundation,17,four obstacles,ID,19,-1.5919537544250488,0.019021453335881233,0.08543751388788223,0.05980970710515976,0.9886530883539857,0.9189453125,1.0,0.05884942784905434
foundation,17,four obstacles,ID,20,-1.5919537544250488,0.023694992065429688,0.09120655059814453,0.041984524577856064,0.9653252850435949,0.90625,0.9978448152542114,0.05921876057982445
foundation,17,four obstacles,ID,21,-1.5919537544250488,0.027596808969974518,0.09940522909164429,0.058353349566459656,0.9750938811574995,0.9130859375,1.0,0.05820194259285927
foundation,17,four obstacles,ID,22,-1.5919537544250488,0.01589864492416382,0.07868500798940659,0.0593046173453331,0.9892963330029731,0.923828125,1.0,0.05900970473885536
foundation,17,four obstacles,ID,23,-1.5919537544250488,0.022933173924684525,0.0895526334643364,0.04335039481520653,0.9686452045606975,0.8876953125,0.9988998770713806,0.05930700898170471
foundation,17,four obstacles,ID,24,-1.5919537544250488,0.032075949013233185,0.11514230072498322,0.05453028157353401,0.9743343343343344,0.9189453125,0.9957491755485535,0.05862429738044739
foundation,17,four obstacles,ID,25,-1.5919537544250488,0.015881694853305817,0.07666802406311035,0.056624457240104675,0.9853320118929633,0.9169921875,1.0,0.05840114504098892
foundation,17,four obstacles,ID,26,-1.5919537544250488,0.022545412182807922,0.09035945683717728,0.043984200805425644,0.9748646913127236,0.8818359375,0.998892605304718,0.06011335551738739
foundation,17,four obstacles,ID,27,-1.5919537544250488,0.014151381328701973,0.0704350471496582,0.05194744095206261,0.9848588602297802,0.9306640625,0.9999999403953552,0.05796016752719879
foundation,17,four obstacles,ID,28,-1.5919537544250488,0.025281134992837906,0.10043222457170486,0.05058479309082031,0.9718228867165037,0.873046875,0.998881459236145,0.059989817440509796
foundation,17,four obstacles,ID,29,-1.5919537544250488,0.033531397581100464,0.12016065418720245,0.07614845037460327,0.9782665619272062,0.896484375,1.0,0.0585482195019722
foundation,17,four obstacles,ID,30,-1.5919537544250488,0.021165085956454277,0.08866938203573227,0.05520971864461899,0.9788333333333333,0.8876953125,1.0,0.06076927110552788
foundation,17,four obstacles,ID,31,-1.5919537544250488,0.01580418460071087,0.07124505937099457,0.04257305711507797,0.9786767710539025,0.8984375,0.9999999403953552,0.05906873196363449
exact,17,four obstacles,ID,16,-1.590419054031372,0.019438907504081726,0.08199974149465561,0.05227755010128021,0.9747054202670855,0.8974609375,1.0,0.06014904007315636
exact,17,four obstacles,ID,17,-1.590419054031372,0.017525719478726387,0.07765194773674011,0.04719310998916626,0.9796054831160147,0.900390625,1.0,0.05910075455904007
exact,17,four obstacles,ID,18,-1.590419054031372,0.02932201698422432,0.10942134261131287,0.06320368498563766,0.9756956956956957,0.88671875,0.9999999403953552,0.058674491941928864
exact,17,four obstacles,ID,19,-1.590419054031372,0.01924942061305046,0.08627136796712875,0.06168258562684059,0.9872011952191234,0.9189453125,1.0,0.05884092301130295
exact,17,four obstacles,ID,20,-1.590419054031372,0.023707585409283638,0.09131427109241486,0.045065734535455704,0.9679368482604035,0.90625,0.9978448152542114,0.059205859899520874
exact,17,four obstacles,ID,21,-1.590419054031372,0.0276864655315876,0.09980763494968414,0.059144530445337296,0.975204329578087,0.9130859375,1.0,0.05810896307229996
exact,17,four obstacles,ID,22,-1.590419054031372,0.01603059656918049,0.07927879691123962,0.05986003577709198,0.9894284770399735,0.923828125,1.0,0.05903561785817146
exact,17,four obstacles,ID,23,-1.590419054031372,0.022829663008451462,0.08938254415988922,0.04369659721851349,0.968578135479544,0.88671875,0.9988986253738403,0.05932334065437317
exact,17,four obstacles,ID,24,-1.590419054031372,0.0322921983897686,0.11603732407093048,0.05484694987535477,0.9743743743743745,0.91796875,0.9968084692955017,0.058612674474716187
exact,17,four obstacles,ID,25,-1.590419054031372,0.016113722696900368,0.0775175616145134,0.057379890233278275,0.9854641559299636,0.91796875,0.9999999403953552,0.058340102434158325
exact,17,four obstacles,ID,26,-1.590419054031372,0.02247142419219017,0.09033293277025223,0.04897360876202583,0.9753233648289148,0.8828125,0.9988937973976135,0.06005244702100754
exact,17,four obstacles,ID,27,-1.590419054031372,0.01440651435405016,0.07148090749979019,0.054088182747364044,0.985467549265769,0.931640625,0.9999999403953552,0.057940926402807236
exact,17,four obstacles,ID,28,-1.590419054031372,0.025426343083381653,0.10078898072242737,0.051016468554735184,0.9709740135272049,0.8740234375,0.9988826513290405,0.06001579761505127
exact,17,four obstacles,ID,29,-1.590419054031372,0.03312110900878906,0.11924106627702713,0.07259391248226166,0.9775857554333596,0.896484375,1.0,0.05862408131361008
exact,17,four obstacles,ID,30,-1.590419054031372,0.021418359130620956,0.08944448828697205,0.055897925049066544,0.9794583333333333,0.8896484375,1.0,0.060744430869817734
exact,17,four obstacles,ID,31,-1.590419054031372,0.015878360718488693,0.07163209468126297,0.043060850352048874,0.9792711467736543,0.8994140625,1.0,0.05899898707866669
foundation,17,four obstacles,ID,32,-1.5919537544250488,0.027667339891195297,0.09922442585229874,0.047059349715709686,0.9740845521511691,0.875,1.0,0.06049878150224686
foundation,17,four obstacles,ID,33,-1.5919537544250488,0.026054855436086655,0.10112667083740234,0.05642339959740639,0.9762621916236374,0.9091796875,0.9989259243011475,0.05896083265542984
foundation,17,four obstacles,ID,34,-1.5919537544250488,0.019586695358157158,0.08031635731458664,0.037343718111515045,0.976917453891138,0.8837890625,0.998894989490509,0.05902564525604248
foundation,17,four obstacles,ID,35,-1.5919537544250488,0.02635759487748146,0.09752070903778076,0.044323407113552094,0.9763410827240615,0.8837890625,0.9999999403953552,0.060411661863327026
foundation,17,four obstacles,ID,36,-1.5919537544250488,0.02625841647386551,0.10074590891599655,0.0566345676779747,0.9747517881925911,0.888671875,1.0,0.05925395339727402
foundation,17,four obstacles,ID,37,-1.5919537544250488,0.02773178182542324,0.1009860709309578,0.05946272984147072,0.9829583333333333,0.9111328125,0.9999999403953552,0.058431923389434814
foundation,17,four obstacles,ID,38,-1.5919537544250488,0.021253511309623718,0.0869852751493454,0.058399710804224014,0.9839224927991621,0.91796875,0.9999999403953552,0.05910717323422432
foundation,17,four obstacles,ID,39,-1.5919537544250488,0.028506148606538773,0.10737067461013794,0.055857863277196884,0.9743718205642053,0.912109375,0.9989293217658997,0.06020810455083847
foundation,17,four obstacles,ID,40,-1.5919537544250488,0.02194182202219963,0.08847811073064804,0.051564931869506836,0.974478992533155,0.9033203125,0.9989189505577087,0.060041021555662155
foundation,17,four obstacles,ID,41,-1.5919537544250488,0.02459702454507351,0.0977470651268959,0.057972364127635956,0.9764143671959302,0.8828125,1.0,0.05941566824913025
foundation,17,four obstacles,ID,42,-1.5919537544250488,0.03516967594623566,0.11998338997364044,0.064915232360363,0.9696496898101713,0.896484375,1.0,0.05924514681100845
foundation,17,four obstacles,ID,43,-1.5919537544250488,0.019265007227659225,0.08408722281455994,0.054861120879650116,0.9817729083665339,0.9052734375,0.9999999403953552,0.05947040393948555
foundation,17,four obstacles,ID,44,-1.5919537544250488,0.015549033880233765,0.07505927979946136,0.05501942336559296,0.9792687352567592,0.8779296875,0.9999999403953552,0.059938348829746246
foundation,17,four obstacles,ID,45,-1.5919537544250488,0.014351317659020424,0.06605919450521469,0.04235494136810303,0.9849397590361446,0.900390625,1.0,0.05732659250497818
foundation,17,four obstacles,ID,46,-1.5919537544250488,0.015859756618738174,0.07343464344739914,0.049284640699625015,0.9770916334661355,0.8974609375,1.0,0.058566827327013016
foundation,17,four obstacles,ID,47,-1.5919537544250488,0.020506765693426132,0.08026566356420517,0.03573112562298775,0.9733735747820256,0.90234375,1.0,0.05906175076961517
exact,17,four obstacles,ID,32,-1.590419054031372,0.027605008333921432,0.09896841645240784,0.04599855840206146,0.9743850058570871,0.875,1.0,0.060497574508190155
exact,17,four obstacles,ID,33,-1.590419054031372,0.02620639093220234,0.10145217180252075,0.056772176176309586,0.9746275864630931,0.9091796875,0.9989259243011475,0.05892975255846977
exact,17,four obstacles,ID,34,-1.590419054031372,0.019465837627649307,0.07998496294021606,0.03747126832604408,0.9752130579228658,0.8837890625,0.998894989490509,0.059037402272224426
exact,17,four obstacles,ID,35,-1.590419054031372,0.026561390608549118,0.09826244413852692,0.045318569988012314,0.9768887428461897,0.8837890625,0.9999999403953552,0.06038695573806763
exact,17,four obstacles,ID,36,-1.590419054031372,0.026558028534054756,0.10163676738739014,0.058558959513902664,0.9754990925589837,0.8896484375,1.0,0.05923306941986084
exact,17,four obstacles,ID,37,-1.590419054031372,0.028015825897455215,0.10189970582723618,0.05823887139558792,0.9816270685835904,0.9111328125,0.9999999403953552,0.058391064405441284
exact,17,four obstacles,ID,38,-1.590419054031372,0.02139563485980034,0.0873417928814888,0.059057850390672684,0.9842890809112332,0.91796875,0.9999999403953552,0.059096600860357285
exact,17,four obstacles,ID,39,-1.590419054031372,0.02850041724741459,0.10762900859117508,0.059183888137340546,0.9744874364112841,0.912109375,0.9989293217658997,0.060158565640449524
exact,17,four obstacles,ID,40,-1.590419054031372,0.022035542875528336,0.08882665634155273,0.052471090108156204,0.9725219670109451,0.9033203125,0.9989189505577087,0.06007089093327522
exact,17,four obstacles,ID,41,-1.590419054031372,0.02442457154393196,0.09730517864227295,0.05801667273044586,0.9759133651919223,0.8818359375,1.0,0.05951286852359772
exact,17,four obstacles,ID,42,-1.590419054031372,0.03542929142713547,0.12066646665334702,0.0626756101846695,0.971815834767642,0.8955078125,0.9999999403953552,0.05927848815917969
exact,17,four obstacles,ID,43,-1.590419054031372,0.019432201981544495,0.0848350003361702,0.05561447516083717,0.9823705179282868,0.9052734375,0.9999999403953552,0.059499770402908325
exact,17,four obstacles,ID,44,-1.590419054031372,0.01551856379956007,0.0748724713921547,0.054786477237939835,0.9787697332607511,0.8779296875,0.9999999403953552,0.059947527945041656
exact,17,four obstacles,ID,45,-1.590419054031372,0.014339807443320751,0.06596031039953232,0.04220170900225639,0.985929648241206,0.900390625,1.0,0.0573379322886467
exact,17,four obstacles,ID,46,-1.590419054031372,0.015973445028066635,0.07382094115018845,0.04958014562726021,0.9785880453876465,0.8974609375,1.0,0.058527424931526184
exact,17,four obstacles,ID,47,-1.590419054031372,0.02055543288588524,0.08055683970451355,0.038524091243743896,0.9713741119390054,0.90234375,1.0,0.059074386954307556
foundation,17,four obstacles,ID,48,-1.5919537544250488,0.025788063183426857,0.09820100665092468,0.06201428920030594,0.9884157052651569,0.90625,1.0,0.057306185364723206
foundation,17,four obstacles,ID,49,-1.5919537544250488,0.023561857640743256,0.09247089922428131,0.050461869686841965,0.9757791894201122,0.888671875,1.0,0.059938620775938034
foundation,17,four obstacles,ID,50,-1.5919537544250488,0.030311092734336853,0.10776802897453308,0.0492277555167675,0.9834439672003124,0.8955078125,0.9989094734191895,0.05941874533891678
foundation,17,four obstacles,ID,51,-1.5919537544250488,0.022553302347660065,0.09408077597618103,0.06570423394441605,0.9883170745954788,0.90234375,1.0,0.0585576593875885
foundation,17,four obstacles,ID,52,-1.5919537544250488,0.01658286713063717,0.07472792267799377,0.04700799286365509,0.9804871100982766,0.90234375,1.0,0.059428948909044266
foundation,17,four obstacles,ID,53,-1.5919537544250488,0.023514971137046814,0.09280280768871307,0.049652084708213806,0.9886592741935484,0.8857421875,1.0,0.05935118719935417
foundation,17,four obstacles,ID,54,-1.5919537544250488,0.02108387090265751,0.08885473012924194,0.059509143233299255,0.9797310756972111,0.8935546875,1.0,0.05694817006587982
foundation,17,four obstacles,ID,55,-1.5919537544250488,0.020901015028357506,0.08613744378089905,0.04148039221763611,0.9780554470909801,0.86328125,1.0,0.0599348247051239
foundation,17,four obstacles,ID,56,-1.5919537544250488,0.0258144810795784,0.09622836112976074,0.05215221270918846,0.9793762575452716,0.8955078125,0.9999999403953552,0.05891641229391098
foundation,17,four obstacles,ID,57,-1.5919537544250488,0.016511037945747375,0.0763508602976799,0.05324842780828476,0.9851872952570859,0.900390625,1.0,0.05998130887746811
foundation,17,four obstacles,ID,58,-1.5919537544250488,0.018260007724165916,0.08286867290735245,0.0577685609459877,0.9732762896825397,0.892578125,1.0,0.05883750319480896
foundation,17,four obstacles,ID,59,-1.5919537544250488,0.031120628118515015,0.11161676049232483,0.05189964920282364,0.9684821599715218,0.8759765625,1.0,0.05973057448863983
foundation,17,four obstacles,ID,60,-1.5919537544250488,0.015864349901676178,0.07565182447433472,0.05755362659692764,0.984499007936508,0.908203125,1.0,0.05751040205359459
foundation,17,four obstacles,ID,61,-1.5919537544250488,0.02548752725124359,0.09895025938749313,0.04741328954696655,0.9739861441989102,0.8623046875,0.9988674521446228,0.060149576514959335
foundation,17,four obstacles,ID,62,-1.5919537544250488,0.019526364281773567,0.0848652571439743,0.04941963031888008,0.9757592107291506,0.90234375,1.0,0.05957150459289551
foundation,17,four obstacles,ID,63,-1.5919537544250488,0.028376463800668716,0.10825259983539581,0.056943751871585846,0.9732394366197183,0.87109375,1.0,0.06034761667251587
exact,17,four obstacles,ID,48,-1.590419054031372,0.02616633102297783,0.09922383725643158,0.06277301162481308,0.9888904714428144,0.90625,1.0,0.057293713092803955
exact,17,four obstacles,ID,49,-1.590419054031372,0.02350563369691372,0.09250576794147491,0.05059076100587845,0.9758534863850812,0.8876953125,1.0,0.05986166000366211
exact,17,four obstacles,ID,50,-1.590419054031372,0.030387556180357933,0.107796311378479,0.049470167607069016,0.982144763531547,0.8955078125,0.9989094734191895,0.05941549688577652
exact,17,four obstacles,ID,51,-1.590419054031372,0.022521277889609337,0.09410429000854492,0.06571237742900848,0.9883754892225014,0.90234375,1.0,0.05865590274333954
exact,17,four obstacles,ID,52,-1.590419054031372,0.016758956015110016,0.07547897845506668,0.04769159108400345,0.9807244931871053,0.9033203125,1.0,0.059422217309474945
exact,17,four obstacles,ID,53,-1.590419054031372,0.02328108623623848,0.09226390719413757,0.048734284937381744,0.9886248967984588,0.8837890625,0.9999999403953552,0.05943724513053894
exact,17,four obstacles,ID,54,-1.590419054031372,0.020755518227815628,0.08798801898956299,0.05825406312942505,0.9812467359825287,0.8935546875,1.0,0.05697374790906906
exact,17,four obstacles,ID,55,-1.590419054031372,0.020779985934495926,0.08560337126255035,0.03959003835916519,0.9798278043818078,0.861328125,1.0,0.05990094691514969
exact,17,four obstacles,ID,56,-1.590419054031372,0.025937417522072792,0.09634986519813538,0.052121538668870926,0.979007377598927,0.8955078125,0.9999999403953552,0.05886174738407135
exact,17,four obstacles,ID,57,-1.590419054031372,0.016606617718935013,0.07688933610916138,0.0532790869474411,0.9858044912880406,0.8994140625,1.0,0.060002122074365616
exact,17,four obstacles,ID,58,-1.590419054031372,0.018272189423441887,0.0831776037812233,0.05761286988854408,0.9769262223260704,0.8916015625,1.0,0.05884113907814026
exact,17,four obstacles,ID,59,-1.590419054031372,0.03141032159328461,0.11251485347747803,0.049775365740060806,0.9688381390509051,0.876953125,1.0,0.0597517304122448
exact,17,four obstacles,ID,60,-1.590419054031372,0.016052771359682083,0.07614493370056152,0.05528081953525543,0.9839409722222223,0.90625,1.0,0.05747218057513237
exact,17,four obstacles,ID,61,-1.590419054031372,0.02543572336435318,0.09883123636245728,0.04736820608377457,0.9718286099865048,0.8603515625,0.9988649487495422,0.06016851216554642
exact,17,four obstacles,ID,62,-1.590419054031372,0.019516054540872574,0.08488486707210541,0.04946903884410858,0.9753738245722213,0.90234375,1.0,0.059601567685604095
exact,17,four obstacles,ID,63,-1.590419054031372,0.028125256299972534,0.10748069733381271,0.059413231909275055,0.9727028839704897,0.869140625,1.0,0.060387298464775085
foundation,17,six obstacles,OOD count,0,-1.5919537544250488,0.08232619613409042,0.2451762855052948,0.07396183907985687,0.9558458202758101,0.787109375,0.996277928352356,0.057043373584747314
foundation,17,six obstacles,OOD count,1,-1.5919537544250488,0.06838064640760422,0.20824307203292847,0.04796303063631058,0.9579279667097145,0.8037109375,0.9927096366882324,0.057828083634376526
foundation,17,six obstacles,OOD count,2,-1.5919537544250488,0.05260435864329338,0.17066562175750732,0.053467757999897,0.9559286463798531,0.8369140625,0.9941657185554504,0.056640625
foundation,17,six obstacles,OOD count,3,-1.5919537544250488,0.06343869119882584,0.19817720353603363,0.050018198788166046,0.9564847919581326,0.802734375,0.9963503479957581,0.057209860533475876
foundation,17,six obstacles,OOD count,4,-1.5919537544250488,0.04374430328607559,0.14994433522224426,0.050753384828567505,0.9547378589619742,0.8349609375,0.9941520094871521,0.05681496113538742
foundation,17,six obstacles,OOD count,5,-1.5919537544250488,0.08424306660890579,0.2599678635597229,0.07784008234739304,0.9455858023762972,0.8076171875,0.9915357232093811,0.055936299264431
foundation,17,six obstacles,OOD count,6,-1.5919537544250488,0.031342875212430954,0.1187809482216835,0.07434777915477753,0.9700500500500501,0.873046875,1.0,0.05636101961135864
foundation,17,six obstacles,OOD count,7,-1.5919537544250488,0.053102798759937286,0.16887304186820984,0.05792238190770149,0.9595790174513142,0.822265625,0.9988123774528503,0.0573892667889595
foundation,17,six obstacles,OOD count,8,-1.5919537544250488,0.06163087487220764,0.2037920355796814,0.0654173493385315,0.948090162114146,0.7939453125,0.9987699389457703,0.057523585855960846
foundation,17,six obstacles,OOD count,9,-1.5919537544250488,0.08408502489328384,0.25365516543388367,0.07257338613271713,0.9480401400862069,0.814453125,0.9940048456192017,0.056737300008535385
foundation,17,six obstacles,OOD count,10,-1.5919537544250488,0.06419789046049118,0.201580211520195,0.07255307585000992,0.9619002347925039,0.833984375,0.9953160881996155,0.05888921767473221
foundation,17,six obstacles,OOD count,11,-1.5919537544250488,0.03760313242673874,0.12837982177734375,0.06867381930351257,0.9722655413876403,0.8896484375,1.0,0.056597623974084854
foundation,17,six obstacles,OOD count,12,-1.5919537544250488,0.0756838396191597,0.23246076703071594,0.07438282668590546,0.9524087024087025,0.8212890625,0.9952437281608582,0.05788996070623398
foundation,17,six obstacles,OOD count,13,-1.5919537544250488,0.051360391080379486,0.1744239628314972,0.06445213407278061,0.9536787022501308,0.8466796875,0.9976931810379028,0.056226179003715515
foundation,17,six obstacles,OOD count,14,-1.5919537544250488,0.0486551970243454,0.16423776745796204,0.047787778079509735,0.9521645132185963,0.8740234375,0.9888268113136292,0.055007465183734894
foundation,17,six obstacles,OOD count,15,-1.5919537544250488,0.05587204918265343,0.18359419703483582,0.06040459871292114,0.9477376302083332,0.84765625,0.9919354915618896,0.05662867799401283
exact,17,six obstacles,OOD count,0,-1.590419054031372,0.07930158078670502,0.23861953616142273,0.06934934854507446,0.9551513576718201,0.78515625,0.996268630027771,0.057463325560092926
exact,17,six obstacles,OOD count,1,-1.590419054031372,0.06714710593223572,0.2048599272966385,0.04737653583288193,0.956567626909413,0.8017578125,0.9926918745040894,0.058233361691236496
exact,17,six obstacles,OOD count,2,-1.590419054031372,0.050011392682790756,0.16474726796150208,0.04666250944137573,0.9541650461662562,0.83203125,0.9941314458847046,0.057309672236442566
exact,17,six obstacles,OOD count,3,-1.590419054031372,0.06196961551904678,0.19473044574260712,0.045908380299806595,0.9556459900522054,0.8046875,0.9951456189155579,0.057389430701732635
exact,17,six obstacles,OOD count,4,-1.590419054031372,0.04281790554523468,0.1478329300880432,0.05045721307396889,0.9564750855073436,0.8330078125,0.9929659962654114,0.05699899047613144
exact,17,six obstacles,OOD count,5,-1.590419054031372,0.08159878849983215,0.25186973810195923,0.07566525042057037,0.9419375707585316,0.8095703125,0.9903498291969299,0.0560578778386116
exact,17,six obstacles,OOD count,6,-1.590419054031372,0.030663080513477325,0.1164918839931488,0.0689774826169014,0.9687837212887314,0.8720703125,1.0,0.05645968019962311
exact,17,six obstacles,OOD count,7,-1.590419054031372,0.052243705838918686,0.16657774150371552,0.05614661052823067,0.9581180344478217,0.822265625,0.9988123774528503,0.057490378618240356
exact,17,six obstacles,OOD count,8,-1.590419054031372,0.060176149010658264,0.19856664538383484,0.06255645304918289,0.9543679500147242,0.794921875,0.9987714886665344,0.05796243995428085
exact,17,six obstacles,OOD count,9,-1.590419054031372,0.08130600303411484,0.2457277476787567,0.06696770340204239,0.9459179928602409,0.8125,0.993990421295166,0.05698276311159134
exact,17,six obstacles,OOD count,10,-1.590419054031372,0.06288792937994003,0.19739875197410583,0.0673612654209137,0.959701280227596,0.833984375,0.9953160881996155,0.05906258523464203
exact,17,six obstacles,OOD count,11,-1.590419054031372,0.03629423305392265,0.1254139393568039,0.06631647795438766,0.9745197168857432,0.8876953125,1.0,0.05681653320789337
exact,17,six obstacles,OOD count,12,-1.590419054031372,0.07465553283691406,0.229047954082489,0.07314398139715195,0.9494221056721057,0.8203125,0.9952381253242493,0.058082714676856995
exact,17,six obstacles,OOD count,13,-1.590419054031372,0.05021894350647926,0.17179477214813232,0.06134119629859924,0.9511878597592883,0.8466796875,0.9976931810379028,0.056384243071079254
exact,17,six obstacles,OOD count,14,-1.590419054031372,0.04834989085793495,0.16380086541175842,0.04607923701405525,0.9507856255213387,0.8759765625,0.9866220951080322,0.05504603683948517
exact,17,six obstacles,OOD count,15,-1.590419054031372,0.054154835641384125,0.17880037426948547,0.05849076062440872,0.9482982223065731,0.8427734375,0.9918887615203857,0.05686889961361885
foundation,17,six obstacles,OOD count,16,-1.5919537544250488,0.06307487189769745,0.19888725876808167,0.07972545176744461,0.9399193170091004,0.814453125,0.9940048456192017,0.05756916478276253
foundation,17,six obstacles,OOD count,17,-1.5919537544250488,0.07234117388725281,0.22090628743171692,0.057298921048641205,0.9488852813852813,0.8134765625,0.9927970767021179,0.05788061395287514
foundation,17,six obstacles,OOD count,18,-1.5919537544250488,0.07400158792734146,0.231850266456604,0.09046856313943863,0.9620620005269167,0.83984375,0.9965116381645203,0.056019313633441925
foundation,17,six obstacles,OOD count,19,-1.5919537544250488,0.06389427185058594,0.20182737708091736,0.06716380268335342,0.9464433319296932,0.8212890625,1.0,0.05704957991838455
foundation,17,six obstacles,OOD count,20,-1.5919537544250488,0.040858298540115356,0.1428685188293457,0.04147159680724144,0.9506681939671631,0.849609375,0.9942528605461121,0.05884899944067001
foundation,17,six obstacles,OOD count,21,-1.5919537544250488,0.047823384404182434,0.1586761623620987,0.0714465007185936,0.9590062111801242,0.8740234375,0.9944133758544922,0.05783805251121521
foundation,17,six obstacles,OOD count,22,-1.5919537544250488,0.052238523960113525,0.16955208778381348,0.07065264880657196,0.9517375341530055,0.826171875,0.9976359605789185,0.05646439641714096
foundation,17,six obstacles,OOD count,23,-1.5919537544250488,0.06365741789340973,0.21668937802314758,0.040197454392910004,0.946883178681894,0.80078125,0.992682933807373,0.05731210112571716
foundation,17,six obstacles,OOD count,24,-1.5919537544250488,0.0696597620844841,0.21554166078567505,0.06429516524076462,0.939936775553214,0.8212890625,0.9940546751022339,0.05787278711795807
foundation,17,six obstacles,OOD count,25,-1.5919537544250488,0.07627766579389572,0.23186859488487244,0.04725674167275429,0.9597529498525075,0.8115234375,0.9927797913551331,0.05791985243558884
foundation,17,six obstacles,OOD count,26,-1.5919537544250488,0.06711361557245255,0.21529774367809296,0.08405131846666336,0.9515605749486652,0.82421875,1.0,0.057384341955184937
foundation,17,six obstacles,OOD count,27,-1.5919537544250488,0.07287850975990295,0.22684013843536377,0.06974232196807861,0.9438797636472056,0.81640625,0.9928229451179504,0.057117268443107605
foundation,17,six obstacles,OOD count,28,-1.5919537544250488,0.054925210773944855,0.17485065758228302,0.03762633726000786,0.9572887301885611,0.833984375,0.9906322956085205,0.058768130838871
foundation,17,six obstacles,OOD count,29,-1.5919537544250488,0.05836798995733261,0.1842740774154663,0.061799079179763794,0.9551212938005391,0.8427734375,0.9930474758148193,0.05683872103691101
foundation,17,six obstacles,OOD count,30,-1.5919537544250488,0.057949598878622055,0.18301630020141602,0.05067675933241844,0.9587132725430598,0.810546875,0.9975903630256653,0.057986386120319366
foundation,17,six obstacles,OOD count,31,-1.5919537544250488,0.059055574238300323,0.18614812195301056,0.06888905167579651,0.9609885620915033,0.828125,1.0,0.05604412034153938
exact,17,six obstacles,OOD count,16,-1.590419054031372,0.06105524301528931,0.19388383626937866,0.07577786594629288,0.9372549019607843,0.8154296875,0.9940119981765747,0.057844385504722595
exact,17,six obstacles,OOD count,17,-1.590419054031372,0.07099755108356476,0.21760714054107666,0.05912153050303459,0.9448809523809524,0.8134765625,0.9915965795516968,0.05806833133101463
exact,17,six obstacles,OOD count,18,-1.590419054031372,0.0730971246957779,0.2289566844701767,0.08736221492290497,0.9607622727671906,0.8388671875,0.9965075850486755,0.05619686096906662
exact,17,six obstacles,OOD count,19,-1.590419054031372,0.061139825731515884,0.19449199736118317,0.06285840272903442,0.9461814914645104,0.8154296875,1.0,0.05755458027124405
exact,17,six obstacles,OOD count,20,-1.590419054031372,0.04061662405729294,0.14191628992557526,0.045970696955919266,0.9489308896525391,0.84765625,0.9953917264938354,0.05887029692530632
exact,17,six obstacles,OOD count,21,-1.590419054031372,0.04685455933213234,0.1560882180929184,0.06937911361455917,0.9570128556983966,0.87109375,0.9943946599960327,0.057916540652513504
exact,17,six obstacles,OOD count,22,-1.590419054031372,0.05058363080024719,0.16540847718715668,0.06544632464647293,0.948126048041116,0.8232421875,0.9976275563240051,0.05663791298866272
exact,17,six obstacles,OOD count,23,-1.590419054031372,0.06187095865607262,0.20883060991764069,0.045296233147382736,0.9397975368538907,0.794921875,0.9926289916038513,0.057819515466690063
exact,17,six obstacles,OOD count,24,-1.590419054031372,0.06729873269796371,0.20981699228286743,0.05528447777032852,0.9391794359316012,0.8203125,0.9940476417541504,0.05794176459312439
exact,17,six obstacles,OOD count,25,-1.590419054031372,0.0745636373758316,0.22783416509628296,0.045767247676849365,0.9569803612052556,0.810546875,0.9915663003921509,0.05805802345275879
exact,17,six obstacles,OOD count,26,-1.590419054031372,0.0657038688659668,0.21106867492198944,0.08180071413516998,0.948152799581371,0.8251953125,0.9988165497779846,0.05740359425544739
exact,17,six obstacles,OOD count,27,-1.590419054031372,0.07081081718206406,0.22124060988426208,0.06551191210746765,0.9466366319714151,0.8125,0.9927884936332703,0.057726114988327026
exact,17,six obstacles,OOD count,28,-1.590419054031372,0.054229430854320526,0.17280873656272888,0.03143380582332611,0.9568934849544278,0.8330078125,0.9906213283538818,0.05885136127471924
exact,17,six obstacles,OOD count,29,-1.590419054031372,0.05725037679076195,0.18233172595500946,0.05918874219059944,0.9489447452621216,0.8427734375,0.9930474758148193,0.05698171257972717
exact,17,six obstacles,OOD count,30,-1.590419054031372,0.05708327144384384,0.18002629280090332,0.051520347595214844,0.9566372235795276,0.8046875,0.9975728392601013,0.05824798345565796
exact,17,six obstacles,OOD count,31,-1.590419054031372,0.05765063315629959,0.18276375532150269,0.0659828931093216,0.9602736928104576,0.826171875,1.0,0.05619248002767563
foundation,17,six obstacles,OOD count,32,-1.5919537544250488,0.07796986401081085,0.23708707094192505,0.05367175489664078,0.9540910989576756,0.7919921875,0.9987669587135315,0.05883483588695526
foundation,17,six obstacles,OOD count,33,-1.5919537544250488,0.06053706258535385,0.1910640150308609,0.06890957802534103,0.9580420613924893,0.8173828125,0.9988052248954773,0.056708261370658875
foundation,17,six obstacles,OOD count,34,-1.5919537544250488,0.051849231123924255,0.16847795248031616,0.0679294690489769,0.9548335111827349,0.82421875,1.0,0.05677254498004913
foundation,17,six obstacles,OOD count,35,-1.5919537544250488,0.06693185865879059,0.21166349947452545,0.10597839951515198,0.9678928538666178,0.900390625,0.998915433883667,0.055125828832387924
foundation,17,six obstacles,OOD count,36,-1.5919537544250488,0.05410853773355484,0.1766226440668106,0.06263012439012527,0.9545972771779223,0.8203125,0.9952381253242493,0.05799497663974762
foundation,17,six obstacles,OOD count,37,-1.5919537544250488,0.07280836999416351,0.22088226675987244,0.061657484620809555,0.9520280235988201,0.794921875,0.9987714886665344,0.05790351331233978
foundation,17,six obstacles,OOD count,38,-1.5919537544250488,0.05230417847633362,0.1715347319841385,0.043983519077301025,0.9517272590134258,0.810546875,1.0,0.0572049655020237
foundation,17,six obstacles,OOD count,39,-1.5919537544250488,0.07196691632270813,0.22874778509140015,0.06305745244026184,0.9483655316979209,0.80859375,0.9975845217704773,0.05700766295194626
foundation,17,six obstacles,OOD count,40,-1.5919537544250488,0.07905074954032898,0.23810774087905884,0.06701750308275223,0.9473045710987833,0.8203125,0.9952381253242493,0.05754397064447403
foundation,17,six obstacles,OOD count,41,-1.5919537544250488,0.08101892471313477,0.24616670608520508,0.07498219609260559,0.9467854119898429,0.814453125,0.99640291929245,0.05525899678468704
foundation,17,six obstacles,OOD count,42,-1.5919537544250488,0.054403357207775116,0.17417556047439575,0.07640457898378372,0.9652956567242281,0.85546875,0.9977168440818787,0.05737340450286865
foundation,17,six obstacles,OOD count,43,-1.5919537544250488,0.052491024136543274,0.19166404008865356,0.06598460674285889,0.9494654448262696,0.82421875,0.9976303577423096,0.057248543947935104
foundation,17,six obstacles,OOD count,44,-1.5919537544250488,0.062006790190935135,0.19571247696876526,0.06372132152318954,0.9371967654986524,0.810546875,0.9915663003921509,0.057198651134967804
foundation,17,six obstacles,OOD count,45,-1.5919537544250488,0.059730589389801025,0.19459010660648346,0.0592849999666214,0.9362208713272544,0.7890625,0.9975247383117676,0.05698247253894806
foundation,17,six obstacles,OOD count,46,-1.5919537544250488,0.050550661981105804,0.16771557927131653,0.07256670296192169,0.9556392778588384,0.8564453125,0.9977194666862488,0.056352682411670685
foundation,17,six obstacles,OOD count,47,-1.5919537544250488,0.08666183054447174,0.2779979109764099,0.06423282623291016,0.9494428807859756,0.80078125,0.995121955871582,0.05799718201160431
exact,17,six obstacles,OOD count,32,-1.590419054031372,0.07611203193664551,0.23129558563232422,0.04440528526902199,0.9531640120533792,0.791015625,0.9987654685974121,0.059252455830574036
exact,17,six obstacles,OOD count,33,-1.590419054031372,0.05807922035455704,0.18520048260688782,0.06409291923046112,0.9529499850254567,0.8125,0.998798131942749,0.05719863623380661
exact,17,six obstacles,OOD count,34,-1.590419054031372,0.050570838153362274,0.1653408259153366,0.06602250039577484,0.9565403005464481,0.82421875,1.0,0.05684110149741173
exact,17,six obstacles,OOD count,35,-1.590419054031372,0.06528497487306595,0.20635920763015747,0.10415055602788925,0.9697563874034463,0.8994140625,0.9989142417907715,0.05530136078596115
exact,17,six obstacles,OOD count,36,-1.590419054031372,0.05207156762480736,0.17150695621967316,0.057866793125867844,0.9490152018112796,0.814453125,0.9952038526535034,0.05846142768859863
exact,17,six obstacles,OOD count,37,-1.590419054031372,0.07220268249511719,0.219526469707489,0.05867617204785347,0.9519727138643068,0.7939453125,1.0,0.05789506435394287
exact,17,six obstacles,OOD count,38,-1.590419054031372,0.05172177031636238,0.1699213683605194,0.05034627020359039,0.9533898305084745,0.810546875,1.0,0.0572824701666832
exact,17,six obstacles,OOD count,39,-1.590419054031372,0.06989352405071259,0.22255629301071167,0.04857039824128151,0.9453125,0.8037109375,0.9975699186325073,0.057258475571870804
exact,17,six obstacles,OOD count,40,-1.590419054031372,0.07703220099210739,0.233260840177536,0.06802462041378021,0.9462586303414816,0.81640625,0.9952152967453003,0.057761259377002716
exact,17,six obstacles,OOD count,41,-1.590419054031372,0.07867512106895447,0.239543154835701,0.07141880691051483,0.9484107432554227,0.814453125,0.99640291929245,0.05564364790916443
exact,17,six obstacles,OOD count,42,-1.590419054031372,0.05326633155345917,0.17135295271873474,0.07468169927597046,0.9650102669404518,0.8525390625,0.9977090954780579,0.05758585408329964
exact,17,six obstacles,OOD count,43,-1.590419054031372,0.05099991336464882,0.18675100803375244,0.060811616480350494,0.9503438015929171,0.8203125,0.997619092464447,0.05758248642086983
exact,17,six obstacles,OOD count,44,-1.590419054031372,0.05966673046350479,0.19003687798976898,0.06151513382792473,0.931705658927331,0.810546875,0.9903614521026611,0.05764217674732208
exact,17,six obstacles,OOD count,45,-1.590419054031372,0.05748109146952629,0.18856710195541382,0.06119329854846001,0.9303890246194324,0.7900390625,0.9975277781486511,0.057464778423309326
exact,17,six obstacles,OOD count,46,-1.590419054031372,0.0497378408908844,0.16600193083286285,0.0718199610710144,0.9538317472070386,0.8544921875,0.9977142810821533,0.056405119597911835
exact,17,six obstacles,OOD count,47,-1.590419054031372,0.08512429893016815,0.27248305082321167,0.06755266338586807,0.9473662017857332,0.7958984375,0.9963189959526062,0.05828922241926193
foundation,17,six obstacles,OOD count,48,-1.5919537544250488,0.07486230134963989,0.231402188539505,0.05507221817970276,0.9457537303026078,0.8017578125,0.9914738535881042,0.05776909738779068
foundation,17,six obstacles,OOD count,49,-1.5919537544250488,0.05178713798522949,0.172804057598114,0.044007327407598495,0.9262802950474183,0.802734375,0.9914841651916504,0.05814460664987564
foundation,17,six obstacles,OOD count,50,-1.5919537544250488,0.03550117090344429,0.12800253927707672,0.055210553109645844,0.9565701823009269,0.8427734375,0.9988412261009216,0.05927637964487076
foundation,17,six obstacles,OOD count,51,-1.5919537544250488,0.05012787878513336,0.16474425792694092,0.059918422251939774,0.9554862750885479,0.8232421875,0.9964413046836853,0.057629503309726715
foundation,17,six obstacles,OOD count,52,-1.5919537544250488,0.058923110365867615,0.1981934756040573,0.0701294094324112,0.9481377239891172,0.82421875,0.9976303577423096,0.05617023631930351
foundation,17,six obstacles,OOD count,53,-1.5919537544250488,0.07262049615383148,0.22681769728660583,0.052317820489406586,0.9380256348051108,0.806640625,0.9878935217857361,0.05688456818461418
foundation,17,six obstacles,OOD count,54,-1.5919537544250488,0.044968944042921066,0.1549030840396881,0.06177768111228943,0.9589900073771042,0.8212890625,1.0,0.057108744978904724
foundation,17,six obstacles,OOD count,55,-1.5919537544250488,0.07327841222286224,0.2204170972108841,0.07285302877426147,0.9542372881355932,0.826171875,0.991725742816925,0.056697387248277664
foundation,17,six obstacles,OOD count,56,-1.5919537544250488,0.0648171454668045,0.20918771624565125,0.04711190238595009,0.9369530319507018,0.7978515625,0.9951040744781494,0.0591709241271019
foundation,17,six obstacles,OOD count,57,-1.5919537544250488,0.06266387552022934,0.19775068759918213,0.04757526144385338,0.9402539464653397,0.7978515625,0.9926560521125793,0.05708610638976097
foundation,17,six obstacles,OOD count,58,-1.5919537544250488,0.07887094467878342,0.2307542860507965,0.07279584556818008,0.9649462365591398,0.79296875,0.9987684488296509,0.058148451149463654
foundation,17,six obstacles,OOD count,59,-1.5919537544250488,0.07901023328304291,0.23619651794433594,0.06572294235229492,0.9513398881819934,0.79296875,0.9926108121871948,0.058947719633579254
foundation,17,six obstacles,OOD count,60,-1.5919537544250488,0.08629517257213593,0.2913442552089691,0.05522448197007179,0.9472238288027762,0.8349609375,0.9742689728736877,0.05865132436156273
foundation,17,six obstacles,OOD count,61,-1.5919537544250488,0.07812675833702087,0.23641300201416016,0.06886124610900879,0.9365584415584415,0.794921875,0.9901719689369202,0.057854533195495605
foundation,17,six obstacles,OOD count,62,-1.5919537544250488,0.06640849262475967,0.21335095167160034,0.07900764048099518,0.9445098879131862,0.8359375,0.9964953064918518,0.05531962215900421
foundation,17,six obstacles,OOD count,63,-1.5919537544250488,0.07748884707689285,0.2323007881641388,0.08269678801298141,0.956941639480089,0.8251953125,1.0,0.056178197264671326
exact,17,six obstacles,OOD count,48,-1.590419054031372,0.07204263657331467,0.22348299622535706,0.050207629799842834,0.9520054989487304,0.798828125,0.9902200698852539,0.05797511339187622
exact,17,six obstacles,OOD count,49,-1.590419054031372,0.05085595324635506,0.17060932517051697,0.0402706116437912,0.9275085379736543,0.798828125,0.9914425611495972,0.058382779359817505
exact,17,six obstacles,OOD count,50,-1.590419054031372,0.034466370940208435,0.12553535401821136,0.05182230472564697,0.9548005565862708,0.83984375,0.9976744055747986,0.05962669849395752
exact,17,six obstacles,OOD count,51,-1.590419054031372,0.049552518874406815,0.1631903350353241,0.05800808221101761,0.953254132231405,0.8232421875,0.9964413046836853,0.05780303478240967
exact,17,six obstacles,OOD count,52,-1.590419054031372,0.057835549116134644,0.1935039907693863,0.06761368364095688,0.947387839433294,0.822265625,0.9976247549057007,0.0564810112118721
exact,17,six obstacles,OOD count,53,-1.590419054031372,0.07137757539749146,0.223786860704422,0.05394245311617851,0.9366421015691583,0.8046875,0.987864077091217,0.05715930461883545
exact,17,six obstacles,OOD count,54,-1.590419054031372,0.04451987147331238,0.15375743806362152,0.06374979019165039,0.9556535443632219,0.8173828125,0.9999999403953552,0.057163629680871964
exact,17,six obstacles,OOD count,55,-1.590419054031372,0.07031422853469849,0.2130621373653412,0.07396049052476883,0.9508871822033899,0.826171875,0.9905437231063843,0.056953463703393936
exact,17,six obstacles,OOD count,56,-1.590419054031372,0.06327449530363083,0.20382952690124512,0.04516085609793663,0.9388111888111889,0.7919921875,0.9950677752494812,0.05974933132529259
exact,17,six obstacles,OOD count,57,-1.590419054031372,0.06110825389623642,0.19374817609786987,0.04699207842350006,0.940736985939084,0.7939453125,0.9913898706436157,0.05759879946708679
exact,17,six obstacles,OOD count,58,-1.590419054031372,0.07532764971256256,0.22236579656600952,0.058136917650699615,0.9589254938054375,0.7919921875,0.9975338578224182,0.0586058683693409
exact,17,six obstacles,OOD count,59,-1.590419054031372,0.07678097486495972,0.2300603687763214,0.07166720926761627,0.9484000573970441,0.7900390625,0.9925834536552429,0.059321850538253784
exact,17,six obstacles,OOD count,60,-1.590419054031372,0.08529976010322571,0.2853999137878418,0.062091656029224396,0.9448510068398144,0.830078125,0.974117636680603,0.059344422072172165
exact,17,six obstacles,OOD count,61,-1.590419054031372,0.07577535510063171,0.22947943210601807,0.05616419017314911,0.9456733638352894,0.7958984375,0.987730085849762,0.05826032534241676
exact,17,six obstacles,OOD count,62,-1.590419054031372,0.0653153657913208,0.2098826766014099,0.08117713034152985,0.948249153090581,0.8349609375,0.9964911937713623,0.05545199289917946
exact,17,six obstacles,OOD count,63,-1.590419054031372,0.07582251727581024,0.22821322083473206,0.07821275293827057,0.9582826747720365,0.8212890625,1.0,0.056341398507356644
foundation,17,three stars,OOD shape,0,-1.5919537544250488,0.029351886361837387,0.10211214423179626,0.035575274378061295,0.9689619475976298,0.88671875,0.9955946803092957,0.06308022141456604
foundation,17,three stars,OOD shape,1,-1.5919537544250488,0.022884950041770935,0.08752597868442535,0.034785330295562744,0.963719512195122,0.90234375,0.9978355169296265,0.06349459290504456
foundation,17,three stars,OOD shape,2,-1.5919537544250488,0.03202691674232483,0.11644227802753448,0.03193940222263336,0.9645702306079663,0.861328125,0.9943310618400574,0.06342548131942749
foundation,17,three stars,OOD shape,3,-1.5919537544250488,0.021268077194690704,0.0815192237496376,0.03641802817583084,0.9688237898465171,0.873046875,0.9955257177352905,0.0653807669878006
foundation,17,three stars,OOD shape,4,-1.5919537544250488,0.01672532595694065,0.07367399334907532,0.045533061027526855,0.9740845521511691,0.88671875,0.9988986253738403,0.06213683634996414
foundation,17,three stars,OOD shape,5,-1.5919537544250488,0.03037208691239357,0.1085405945777893,0.02895379438996315,0.968431938170141,0.8779296875,0.9966629147529602,0.06267564743757248
foundation,17,three stars,OOD shape,6,-1.5919537544250488,0.015427634119987488,0.06820657849311829,0.03723800927400589,0.9731425702811245,0.9072265625,0.9989235401153564,0.06442659348249435
foundation,17,three stars,OOD shape,7,-1.5919537544250488,0.02622649073600769,0.10202856361865997,0.047869618982076645,0.9731240188383046,0.8896484375,0.9967069029808044,0.06201857700943947
foundation,17,three stars,OOD shape,8,-1.5919537544250488,0.03727229684591293,0.12620952725410461,0.04540221020579338,0.968280837514862,0.8759765625,0.997770369052887,0.06213656812906265
foundation,17,three stars,OOD shape,9,-1.5919537544250488,0.03610248863697052,0.12511806190013885,0.040022045373916626,0.9584576414297777,0.8828125,0.991150438785553,0.06235060840845108
foundation,17,three stars,OOD shape,10,-1.5919537544250488,0.028318550437688828,0.10564325749874115,0.03884395956993103,0.9691581108829569,0.880859375,0.9988913536071777,0.06367046386003494
foundation,17,three stars,OOD shape,11,-1.5919537544250488,0.022216329351067543,0.08627837896347046,0.045923419296741486,0.9775200597732514,0.9150390625,0.9978654980659485,0.06263816356658936
foundation,17,three stars,OOD shape,12,-1.5919537544250488,0.030794939026236534,0.11145387589931488,0.024062450975179672,0.9620105016764724,0.875,0.9921875596046448,0.06296388804912567
foundation,17,three stars,OOD shape,13,-1.5919537544250488,0.03442158177495003,0.12197165191173553,0.040579695254564285,0.965783123786716,0.88671875,0.9900880455970764,0.062469422817230225
foundation,17,three stars,OOD shape,14,-1.5919537544250488,0.026439441367983818,0.09556600451469421,0.04772455617785454,0.9744516553027192,0.904296875,0.9989200830459595,0.06120813265442848
foundation,17,three stars,OOD shape,15,-1.5919537544250488,0.03659027814865112,0.12451517581939697,0.04237812012434006,0.9640462239583334,0.865234375,0.9977427124977112,0.06331618130207062
exact,17,three stars,OOD shape,0,-1.590419054031372,0.029383225366473198,0.1023535430431366,0.038215555250644684,0.9697651174412795,0.88671875,0.9955946803092957,0.06306672841310501
exact,17,three stars,OOD shape,1,-1.590419054031372,0.02293252944946289,0.08783574402332306,0.03690415620803833,0.9644563008130083,0.90234375,0.9978355169296265,0.06348638236522675
exact,17,three stars,OOD shape,2,-1.590419054031372,0.032070256769657135,0.1166662648320198,0.029730988666415215,0.9654387541179994,0.8623046875,0.9943374395370483,0.06339161098003387
exact,17,three stars,OOD shape,3,-1.590419054031372,0.02121499739587307,0.08163859695196152,0.03586358577013016,0.9684022891453231,0.873046875,0.9955257177352905,0.06534372270107269
exact,17,three stars,OOD shape,4,-1.590419054031372,0.01672963611781597,0.07408620417118073,0.041392531245946884,0.9737944631561654,0.88671875,0.9988986253738403,0.06211704760789871
exact,17,three stars,OOD shape,5,-1.590419054031372,0.030346108600497246,0.10859133303165436,0.029944676905870438,0.9701220818162347,0.8779296875,0.9966629147529602,0.06271766871213913
exact,17,three stars,OOD shape,6,-1.590419054031372,0.015545605681836605,0.06887035816907883,0.03740652650594711,0.9721757866191165,0.9072265625,0.9989235401153564,0.0644163191318512
exact,17,three stars,OOD shape,7,-1.590419054031372,0.026377473026514053,0.10258756577968597,0.0488971509039402,0.9740868655154369,0.888671875,0.9967033267021179,0.0619882307946682
exact,17,three stars,OOD shape,8,-1.590419054031372,0.03753781318664551,0.1271032691001892,0.046750254929065704,0.9670841889117043,0.8759765625,0.997770369052887,0.06211695820093155
exact,17,three stars,OOD shape,9,-1.590419054031372,0.03635231405496597,0.12568971514701843,0.044669270515441895,0.9597147950089127,0.8828125,0.991150438785553,0.062317535281181335
exact,17,three stars,OOD shape,10,-1.590419054031372,0.028405576944351196,0.10598188638687134,0.03896699473261833,0.9665300546448088,0.8798828125,0.9988901615142822,0.06368812173604965
exact,17,three stars,OOD shape,11,-1.590419054031372,0.02243858575820923,0.08703621476888657,0.04351166635751724,0.9784296527304032,0.9150390625,0.9978654980659485,0.06259890645742416
exact,17,three stars,OOD shape,12,-1.590419054031372,0.030844390392303467,0.11158683151006699,0.028964387252926826,0.9626905801227303,0.875,0.9921875596046448,0.06300134211778641
exact,17,three stars,OOD shape,13,-1.590419054031372,0.034471672028303146,0.12223653495311737,0.037548620253801346,0.9646546635182999,0.8857421875,0.9900771975517273,0.06244262307882309
exact,17,three stars,OOD shape,14,-1.590419054031372,0.026660777628421783,0.0963774174451828,0.0475827157497406,0.9753552945042308,0.90625,0.9989224076271057,0.06117849424481392
exact,17,three stars,OOD shape,15,-1.590419054031372,0.03663630038499832,0.12472684681415558,0.04215072840452194,0.9663271035533809,0.865234375,0.9977427124977112,0.06327788531780243
foundation,17,three stars,OOD shape,16,-1.5919537544250488,0.028019873425364494,0.10459861159324646,0.036291398108005524,0.9646677132391418,0.8916015625,0.996714174747467,0.06416596472263336
foundation,17,three stars,OOD shape,17,-1.5919537544250488,0.03824620693922043,0.13205048441886902,0.03770674765110016,0.9619654458485043,0.8818359375,0.9933555126190186,0.06254521012306213
foundation,17,three stars,OOD shape,18,-1.5919537544250488,0.026594262570142746,0.09924573451280594,0.028148772194981575,0.9629753227364538,0.87109375,0.9966368079185486,0.062329575419425964
foundation,17,three stars,OOD shape,19,-1.5919537544250488,0.029496416449546814,0.10900209844112396,0.03908564895391464,0.9557718472004186,0.8798828125,0.9944506287574768,0.06254839152097702
foundation,17,three stars,OOD shape,20,-1.5919537544250488,0.023042360320687294,0.08787991106510162,0.029725495725870132,0.9630608398266717,0.873046875,0.9955257177352905,0.06397281587123871
foundation,17,three stars,OOD shape,21,-1.5919537544250488,0.034330688416957855,0.11445039510726929,0.04228499159216881,0.9711950970377937,0.8935546875,0.9989071488380432,0.06310100853443146
foundation,17,three stars,OOD shape,22,-1.5919537544250488,0.0231955386698246,0.09283611178398132,0.05014551803469658,0.9734262958092449,0.88671875,0.9988986253738403,0.06261575222015381
foundation,17,three stars,OOD shape,23,-1.5919537544250488,0.017476806417107582,0.07312562316656113,0.03510941192507744,0.9716318038686459,0.8916015625,1.0,0.06267671287059784
foundation,17,three stars,OOD shape,24,-1.5919537544250488,0.014802360907196999,0.06969314813613892,0.04314934462308884,0.9778017573608756,0.9072265625,0.9989235401153564,0.062273651361465454
foundation,17,three stars,OOD shape,25,-1.5919537544250488,0.030719559639692307,0.11252465099096298,0.03287373483181,0.9622153209109731,0.8935546875,0.9890710711479187,0.06290818005800247
foundation,17,three stars,OOD shape,26,-1.5919537544250488,0.025750037282705307,0.09157206118106842,0.040592677891254425,0.9772457882362086,0.8837890625,0.998894989490509,0.06207761913537979
foundation,17,three stars,OOD shape,27,-1.5919537544250488,0.028684962540864944,0.10498734563589096,0.03683364391326904,0.9702558228331424,0.8876953125,0.9944994449615479,0.06367447972297668
foundation,17,three stars,OOD shape,28,-1.5919537544250488,0.03285200148820877,0.11898831278085709,0.03425471857190132,0.9602233187828177,0.8779296875,0.9877641201019287,0.06213940307497978
foundation,17,three stars,OOD shape,29,-1.5919537544250488,0.029143542051315308,0.10544061660766602,0.037812307476997375,0.9701801571038251,0.900390625,0.9934924244880676,0.06267751753330231
foundation,17,three stars,OOD shape,30,-1.5919537544250488,0.02755838632583618,0.10318395495414734,0.02587064914405346,0.9590585755686308,0.8828125,0.9900442361831665,0.061607345938682556
foundation,17,three stars,OOD shape,31,-1.5919537544250488,0.019400278106331825,0.08219455182552338,0.03510381653904915,0.9726323102498574,0.8955078125,0.9978189468383789,0.06288624554872513
exact,17,three stars,OOD shape,16,-1.590419054031372,0.0280377846211195,0.10475870221853256,0.03562605753540993,0.9651072736787023,0.8916015625,0.996714174747467,0.06411692500114441
exact,17,three stars,OOD shape,17,-1.590419054031372,0.03852757066488266,0.1326756626367569,0.03883560001850128,0.9628935532233883,0.876953125,0.9955456852912903,0.06250704824924469
exact,17,three stars,OOD shape,18,-1.590419054031372,0.026581430807709694,0.09929698705673218,0.02919488586485386,0.9617512672235311,0.87109375,0.9966368079185486,0.062327221035957336
exact,17,three stars,OOD shape,19,-1.590419054031372,0.02950993739068508,0.10912738740444183,0.03680068999528885,0.9582956878850103,0.8798828125,0.9944506287574768,0.062517449259758
exact,17,three stars,OOD shape,20,-1.590419054031372,0.022972814738750458,0.0878332257270813,0.029970631003379822,0.9620132953466287,0.8720703125,0.9966405630111694,0.06395450234413147
exact,17,three stars,OOD shape,21,-1.590419054031372,0.034276217222213745,0.11451413482427597,0.044364362955093384,0.9716717739189651,0.89453125,0.9989083409309387,0.06309762597084045
exact,17,three stars,OOD shape,22,-1.590419054031372,0.023392215371131897,0.09351284801959991,0.04224750027060509,0.9742202813686327,0.8876953125,0.9988998770713806,0.06260338425636292
exact,17,three stars,OOD shape,23,-1.590419054031372,0.017550263553857803,0.07354365289211273,0.03565322235226631,0.9719129554655871,0.8916015625,1.0,0.0626896545290947
exact,17,three stars,OOD shape,24,-1.590419054031372,0.014901552349328995,0.07027082145214081,0.0445014089345932,0.9786881455218128,0.9072265625,1.0,0.062247391790151596
exact,17,three stars,OOD shape,25,-1.590419054031372,0.03073227033019066,0.11257115751504898,0.03287966176867485,0.9624651959734418,0.8955078125,0.9890948534011841,0.06290410459041595
exact,17,three stars,OOD shape,26,-1.590419054031372,0.025819074362516403,0.09203767776489258,0.040761902928352356,0.9773464704020259,0.8837890625,0.998894989490509,0.062033988535404205
exact,17,three stars,OOD shape,27,-1.590419054031372,0.028709249570965767,0.10518386214971542,0.03660234436392784,0.9706758304696449,0.88671875,0.9944933652877808,0.06375378370285034
exact,17,three stars,OOD shape,28,-1.590419054031372,0.032880403101444244,0.11899574846029282,0.02843710035085678,0.9591561722948584,0.876953125,0.9888641834259033,0.06209481507539749
exact,17,three stars,OOD shape,29,-1.590419054031372,0.0291911493986845,0.10571584105491638,0.03838808462023735,0.9705430327868853,0.8994140625,0.9934853911399841,0.06274823844432831
exact,17,three stars,OOD shape,30,-1.590419054031372,0.027625810354948044,0.10336600989103317,0.025986462831497192,0.9598138227803635,0.8837890625,0.9900552034378052,0.06156769394874573
exact,17,three stars,OOD shape,31,-1.590419054031372,0.019438359886407852,0.08258630335330963,0.03567666932940483,0.9733518596630524,0.8955078125,0.9978189468383789,0.06287285685539246
foundation,17,three stars,OOD shape,32,-1.5919537544250488,0.02643202804028988,0.1030377522110939,0.03455395624041557,0.9634955520669807,0.89453125,0.9912663698196411,0.06297387182712555
foundation,17,three stars,OOD shape,33,-1.5919537544250488,0.023858798667788506,0.09255383908748627,0.03269517049193382,0.9713631156930126,0.8837890625,0.9955800771713257,0.0613507479429245
foundation,17,three stars,OOD shape,34,-1.5919537544250488,0.018537985160946846,0.07694242894649506,0.03929341956973076,0.9730752563917378,0.8876953125,0.9988998770713806,0.062472615391016006
foundation,17,three stars,OOD shape,35,-1.5919537544250488,0.025749754160642624,0.09645740687847137,0.03655562549829483,0.9620565484129102,0.884765625,0.996688723564148,0.06295246630907059
foundation,17,three stars,OOD shape,36,-1.5919537544250488,0.026648353785276413,0.10015499591827393,0.021592415869235992,0.9622688655672165,0.8798828125,0.993340790271759,0.06396640837192535
foundation,17,three stars,OOD shape,37,-1.5919537544250488,0.038321249186992645,0.1315472424030304,0.019846970215439796,0.9516724036259411,0.853515625,0.9919908046722412,0.06288985908031464
foundation,17,three stars,OOD shape,38,-1.5919537544250488,0.027902528643608093,0.10334477573633194,0.04480358213186264,0.9701221840397098,0.8818359375,0.998892605304718,0.06417561322450638
foundation,17,three stars,OOD shape,39,-1.5919537544250488,0.024645596742630005,0.09828189015388489,0.0406956821680069,0.967638668089462,0.8818359375,0.9966777563095093,0.06197153776884079
foundation,17,three stars,OOD shape,40,-1.5919537544250488,0.01645500957965851,0.07590921223163605,0.04368490353226662,0.9706898473197371,0.9033203125,0.9978378415107727,0.06251811981201172
foundation,17,three stars,OOD shape,41,-1.5919537544250488,0.023779943585395813,0.09057750552892685,0.02650774084031582,0.9672188606847698,0.8818359375,0.9966777563095093,0.06275174021720886
foundation,17,three stars,OOD shape,42,-1.5919537544250488,0.035487912595272064,0.12156665325164795,0.05282970145344734,0.9679466119096508,0.89453125,0.9956331849098206,0.06239013373851776
foundation,17,three stars,OOD shape,43,-1.5919537544250488,0.0344780758023262,0.11890493333339691,0.049037329852581024,0.9614332096474953,0.8876953125,0.9966996908187866,0.062219828367233276
foundation,17,three stars,OOD shape,44,-1.5919537544250488,0.02467963472008705,0.09260208904743195,0.04512505233287811,0.9724297131906183,0.876953125,0.9988864660263062,0.06312748789787292
foundation,17,three stars,OOD shape,45,-1.5919537544250488,0.026959702372550964,0.09663177281618118,0.0403217189013958,0.9762637362637364,0.890625,1.0,0.0631735622882843
foundation,17,three stars,OOD shape,46,-1.5919537544250488,0.021216019988059998,0.08446038514375687,0.04803227633237839,0.969537341881823,0.8984375,0.9999999403953552,0.06383028626441956
foundation,17,three stars,OOD shape,47,-1.5919537544250488,0.02420027181506157,0.09013188630342484,0.03320927172899246,0.9667139498280318,0.865234375,0.9988713264465332,0.0618041530251503
exact,17,three stars,OOD shape,32,-1.590419054031372,0.02653859555721283,0.10337541997432709,0.0358341783285141,0.9641025641025641,0.89453125,0.9912663698196411,0.06301014125347137
exact,17,three stars,OOD shape,33,-1.590419054031372,0.023822583258152008,0.09258271008729935,0.032960355281829834,0.9715922107674685,0.8837890625,0.9955800771713257,0.06137276068329811
exact,17,three stars,OOD shape,34,-1.590419054031372,0.01856749691069126,0.0771721750497818,0.03968242555856705,0.9740286003177814,0.8876953125,0.9988998770713806,0.06246399134397507
exact,17,three stars,OOD shape,35,-1.590419054031372,0.025883261114358902,0.0969582051038742,0.0377129465341568,0.9612983770287141,0.884765625,0.996688723564148,0.0629613921046257
exact,17,three stars,OOD shape,36,-1.590419054031372,0.02664308063685894,0.10021088272333145,0.022000210359692574,0.9626436781609196,0.8798828125,0.993340790271759,0.0639418363571167
exact,17,three stars,OOD shape,37,-1.590419054031372,0.0383760929107666,0.1316850781440735,0.020841704681515694,0.9524540928975987,0.8515625,0.9942660331726074,0.06296883523464203
exact,17,three stars,OOD shape,38,-1.590419054031372,0.028033290058374405,0.10388219356536865,0.03699152171611786,0.9713631156930127,0.8818359375,0.998892605304718,0.06415236741304398
exact,17,three stars,OOD shape,39,-1.590419054031372,0.024754701182246208,0.09873444586992264,0.042074620723724365,0.9667022317062328,0.880859375,0.9966740608215332,0.06195450574159622
exact,17,three stars,OOD shape,40,-1.590419054031372,0.01655486784875393,0.07649385929107666,0.045104168355464935,0.9720271926891787,0.9033203125,0.9978378415107727,0.06250721961259842
exact,17,three stars,OOD shape,41,-1.590419054031372,0.02383347973227501,0.0908021479845047,0.02694389596581459,0.9662444882259125,0.880859375,0.9966740608215332,0.06272733211517334
exact,17,three stars,OOD shape,42,-1.590419054031372,0.03578277304768562,0.12229388952255249,0.053781140595674515,0.968952772073922,0.896484375,0.9956426620483398,0.062401942908763885
exact,17,three stars,OOD shape,43,-1.590419054031372,0.034647829830646515,0.11941155046224594,0.045415617525577545,0.9636363636363636,0.8896484375,0.9967069029808044,0.062203049659729004
exact,17,three stars,OOD shape,44,-1.590419054031372,0.024736952036619186,0.09299633651971817,0.04625280573964119,0.971881390593047,0.8779296875,0.9988875985145569,0.06311548501253128
exact,17,three stars,OOD shape,45,-1.590419054031372,0.026981132104992867,0.09683099389076233,0.04066840931773186,0.9765777080062794,0.8916015625,1.0,0.06317435204982758
exact,17,three stars,OOD shape,46,-1.590419054031372,0.021446190774440765,0.08535487949848175,0.04537028819322586,0.9704383988910068,0.8974609375,1.0,0.06381502002477646
exact,17,three stars,OOD shape,47,-1.590419054031372,0.0241902694106102,0.09037741273641586,0.03498299419879913,0.9684627790840021,0.865234375,0.9988713264465332,0.06179264187812805
foundation,17,three stars,OOD shape,48,-1.5919537544250488,0.022370051592588425,0.08527486026287079,0.031074944883584976,0.9706279780954412,0.89453125,0.9978166222572327,0.06361433863639832
foundation,17,three stars,OOD shape,49,-1.5919537544250488,0.024037085473537445,0.09233409911394119,0.039986446499824524,0.9759385768695968,0.9013671875,0.9967496991157532,0.06280236691236496
foundation,17,three stars,OOD shape,50,-1.5919537544250488,0.030755948275327682,0.11341021955013275,0.03604792803525925,0.9642980636237899,0.873046875,0.9955257177352905,0.06310781836509705
foundation,17,three stars,OOD shape,51,-1.5919537544250488,0.0392223596572876,0.1371663510799408,0.03350379317998886,0.9471468341584498,0.8681640625,0.9831271767616272,0.06249702721834183
foundation,17,three stars,OOD shape,52,-1.5919537544250488,0.03007550723850727,0.11385565996170044,0.03235483169555664,0.9661236232402158,0.8798828125,0.9889012575149536,0.06341797113418579
foundation,17,three stars,OOD shape,53,-1.5919537544250488,0.026895662769675255,0.10099509358406067,0.02502383664250374,0.9660385067156938,0.875,0.9955357313156128,0.06226787716150284
foundation,17,three stars,OOD shape,54,-1.5919537544250488,0.033510319888591766,0.12116369605064392,0.031108200550079346,0.9621686594546719,0.8701171875,0.9943884015083313,0.062197618186473846
foundation,17,three stars,OOD shape,55,-1.5919537544250488,0.016144778579473495,0.07766557484865189,0.05775635689496994,0.9857142857142858,0.9345703125,1.0,0.06278834491968155
foundation,17,three stars,OOD shape,56,-1.5919537544250488,0.02347545325756073,0.09308281540870667,0.04776045307517052,0.9745932248599627,0.8759765625,1.0,0.06230274215340614
foundation,17,three stars,OOD shape,57,-1.5919537544250488,0.01651930622756481,0.06909072399139404,0.02944963425397873,0.9734021918339637,0.9072265625,0.9946178197860718,0.0625082403421402
foundation,17,three stars,OOD shape,58,-1.5919537544250488,0.029187580570578575,0.10654531419277191,0.03708333149552345,0.9629607238578884,0.8876953125,0.9911991357803345,0.062379512935876846
foundation,17,three stars,OOD shape,59,-1.5919537544250488,0.030396446585655212,0.10865406692028046,0.033182624727487564,0.9625537894089751,0.8662109375,0.9988725781440735,0.06271980702877045
foundation,17,three stars,OOD shape,60,-1.5919537544250488,0.023134745657444,0.08911899477243423,0.036015525460243225,0.9738809034907597,0.888671875,1.0,0.062099531292915344
foundation,17,three stars,OOD shape,61,-1.5919537544250488,0.03934086859226227,0.12794525921344757,0.03580211475491524,0.9624353925670686,0.8583984375,0.9954493641853333,0.06328467279672623
foundation,17,three stars,OOD shape,62,-1.5919537544250488,0.028185956180095673,0.10099320113658905,0.02796262316405773,0.9678093883357042,0.8544921875,0.99657142162323,0.06303109228610992
foundation,17,three stars,OOD shape,63,-1.5919537544250488,0.014158681035041809,0.06650999188423157,0.039942532777786255,0.9791968498086854,0.9111328125,0.9989281296730042,0.06262633204460144
exact,17,three stars,OOD shape,48,-1.590419054031372,0.02241857722401619,0.08554458618164062,0.027907703071832657,0.9713865775312329,0.89453125,0.9978166222572327,0.06359846889972687
exact,17,three stars,OOD shape,49,-1.590419054031372,0.024075208231806755,0.09259042888879776,0.039530061185359955,0.9736473050758765,0.9013671875,0.9967496991157532,0.06273896247148514
exact,17,three stars,OOD shape,50,-1.590419054031372,0.03081296570599079,0.11359062045812607,0.03641269728541374,0.9631685255115483,0.8740234375,0.9955307245254517,0.06309688091278076
exact,17,three stars,OOD shape,51,-1.590419054031372,0.03917089104652405,0.13695986568927765,0.032455552369356155,0.9475445357177142,0.8671875,0.9831081032752991,0.06245313212275505
exact,17,three stars,OOD shape,52,-1.590419054031372,0.030112165957689285,0.11403192579746246,0.03075924888253212,0.9661917164598336,0.8798828125,0.9889012575149536,0.06346435844898224
exact,17,three stars,OOD shape,53,-1.590419054031372,0.02672130987048149,0.10080420225858688,0.025543952360749245,0.968362282878412,0.875,0.9955357313156128,0.06225825473666191
exact,17,three stars,OOD shape,54,-1.590419054031372,0.03356100618839264,0.12133552134037018,0.03182293847203255,0.9629910799013095,0.869140625,0.9955056309700012,0.062184471637010574
exact,17,three stars,OOD shape,55,-1.590419054031372,0.016494231298565865,0.07897115498781204,0.05896558612585068,0.9864922206506365,0.93359375,1.0,0.06276711821556091
exact,17,three stars,OOD shape,56,-1.590419054031372,0.023542746901512146,0.09346924722194672,0.04906245321035385,0.9756157197474883,0.876953125,1.0,0.062247853726148605
exact,17,three stars,OOD shape,57,-1.590419054031372,0.01644645445048809,0.06912893056869507,0.0298360213637352,0.9742265541654543,0.9072265625,0.9946178197860718,0.06251615285873413
exact,17,three stars,OOD shape,58,-1.590419054031372,0.029295872896909714,0.10690879076719284,0.03753150254487991,0.9617453798767968,0.8876953125,0.9911991357803345,0.06230596452951431
exact,17,three stars,OOD shape,59,-1.590419054031372,0.030497603118419647,0.10897110402584076,0.028724929317831993,0.9647475795297372,0.8662109375,0.9988725781440735,0.0627669245004654
exact,17,three stars,OOD shape,60,-1.590419054031372,0.023229727521538734,0.08959080278873444,0.03679531812667847,0.9747843942505133,0.8896484375,1.0,0.062084659934043884
exact,17,three stars,OOD shape,61,-1.590419054031372,0.03946855664253235,0.1283963918685913,0.03571377694606781,0.9632968250061531,0.8583984375,0.9954493641853333,0.06327683478593826
exact,17,three stars,OOD shape,62,-1.590419054031372,0.028057632967829704,0.10083550214767456,0.028094129636883736,0.9686913229018492,0.853515625,0.9965674877166748,0.06300290673971176
exact,17,three stars,OOD shape,63,-1.590419054031372,0.01425954606384039,0.06707442551851273,0.04067499190568924,0.9798283740109217,0.912109375,0.9989293217658997,0.0626206248998642
foundation,17,two crescents,OOD shape,0,-1.5919537544250488,0.014613058418035507,0.062189292162656784,0.028655219823122025,0.971905035734823,0.9248046875,0.9926082491874695,0.06511513143777847
foundation,17,two crescents,OOD shape,1,-1.5919537544250488,0.017295487225055695,0.06621706485748291,0.020345397293567657,0.9713867085295658,0.9033203125,0.9913513660430908,0.06683218479156494
foundation,17,two crescents,OOD shape,2,-1.5919537544250488,0.019988669082522392,0.07918871939182281,0.01995580829679966,0.9689207650273224,0.916015625,0.9893390536308289,0.06400975584983826
foundation,17,two crescents,OOD shape,3,-1.5919537544250488,0.016737107187509537,0.0684288963675499,0.020295515656471252,0.9706104386307433,0.927734375,0.9936841726303101,0.0670422837138176
foundation,17,two crescents,OOD shape,4,-1.5919537544250488,0.013562246225774288,0.052930038422346115,0.022537190467119217,0.9730277389851858,0.923828125,0.9936574697494507,0.067426897585392
foundation,17,two crescents,OOD shape,5,-1.5919537544250488,0.021523065865039825,0.07924231141805649,0.016268415376544,0.9708448992180555,0.9091796875,0.989258885383606,0.06723402440547943
foundation,17,two crescents,OOD shape,6,-1.5919537544250488,0.015261286869645119,0.06959100067615509,0.022284001111984253,0.9804515745692216,0.951171875,0.9876797199249268,0.06245092302560806
foundation,17,two crescents,OOD shape,7,-1.5919537544250488,0.01950746588408947,0.07659605145454407,0.026260338723659515,0.977144344657035,0.9287109375,0.9936907887458801,0.06467070430517197
foundation,17,two crescents,OOD shape,8,-1.5919537544250488,0.018374161794781685,0.0740341991186142,0.016055762767791748,0.9715051086930754,0.9228515625,0.991534411907196,0.06549247354269028
foundation,17,two crescents,OOD shape,9,-1.5919537544250488,0.0185308288782835,0.0784103125333786,0.020625494420528412,0.9761059970721783,0.9404296875,0.9854621291160583,0.06337935477495193
foundation,17,two crescents,OOD shape,10,-1.5919537544250488,0.013363419100642204,0.055889736860990524,0.024700146168470383,0.9785481331533963,0.923828125,0.9968287348747253,0.06608626991510391
foundation,17,two crescents,OOD shape,11,-1.5919537544250488,0.015409665182232857,0.06845919787883759,0.02740490436553955,0.9793392456875548,0.9462890625,0.9917441010475159,0.06389407813549042
foundation,17,two crescents,OOD shape,12,-1.5919537544250488,0.013631121255457401,0.054017744958400726,0.02862315997481346,0.9716318038686459,0.912109375,0.9957173466682434,0.06730559468269348
foundation,17,two crescents,OOD shape,13,-1.5919537544250488,0.0158358346670866,0.0715939849615097,0.023999053984880447,0.9757575757575757,0.9443359375,0.9886245727539062,0.06337975710630417
foundation,17,two crescents,OOD shape,14,-1.5919537544250488,0.02005116455256939,0.07620084285736084,0.018263645470142365,0.9727765579153955,0.919921875,0.9883227944374084,0.06547965109348297
foundation,17,two crescents,OOD shape,15,-1.5919537544250488,0.013705512508749962,0.0560431182384491,0.020778696984052658,0.9850579200833007,0.935546875,0.9958246350288391,0.06598816066980362
exact,17,two crescents,OOD shape,0,-1.590419054031372,0.014558438211679459,0.06228336691856384,0.029047682881355286,0.9726443768996961,0.92578125,0.9926159977912903,0.06512611359357834
exact,17,two crescents,OOD shape,1,-1.590419054031372,0.01714904047548771,0.06598538160324097,0.020543808117508888,0.9694461987412617,0.9033203125,0.9913513660430908,0.0668167993426323
exact,17,two crescents,OOD shape,2,-1.590419054031372,0.01990584470331669,0.0788993313908577,0.020079517737030983,0.9693476775956283,0.916015625,0.9904051423072815,0.06402113288640976
exact,17,two crescents,OOD shape,3,-1.590419054031372,0.016664382070302963,0.06842350214719772,0.02156066708266735,0.9715475725628009,0.927734375,0.9936841726303101,0.06704743206501007
exact,17,two crescents,OOD shape,4,-1.590419054031372,0.013440069742500782,0.05276921018958092,0.0227531548589468,0.9744790383088255,0.923828125,0.9936574697494507,0.06742722541093826
exact,17,two crescents,OOD shape,5,-1.590419054031372,0.021344920620322227,0.07883861660957336,0.01566237397491932,0.9705209563164108,0.9111328125,0.9892818331718445,0.06722193956375122
exact,17,two crescents,OOD shape,6,-1.590419054031372,0.01529010757803917,0.06989465653896332,0.02295415848493576,0.9793291135369844,0.9501953125,0.9886947870254517,0.062451474368572235
exact,17,two crescents,OOD shape,7,-1.590419054031372,0.019570156931877136,0.07686188071966171,0.029970940202474594,0.9778211636079657,0.9306640625,0.9937040209770203,0.06466976553201675
exact,17,two crescents,OOD shape,8,-1.590419054031372,0.018373148515820503,0.07422562688589096,0.016735855489969254,0.9723585330583411,0.9228515625,0.991534411907196,0.06547041237354279
exact,17,two crescents,OOD shape,9,-1.590419054031372,0.018562497571110725,0.07859040051698685,0.020744234323501587,0.9767511103391806,0.9404296875,0.9854621291160583,0.0633588582277298
exact,17,two crescents,OOD shape,10,-1.590419054031372,0.013329192996025085,0.05616292729973793,0.025230899453163147,0.9790823211875843,0.9228515625,0.9968253970146179,0.06608380377292633
exact,17,two crescents,OOD shape,11,-1.590419054031372,0.015488430857658386,0.06888347864151001,0.023964297026395798,0.9797940421661306,0.9462890625,0.9917441010475159,0.0638730525970459
exact,17,two crescents,OOD shape,12,-1.590419054031372,0.01362697221338749,0.05421822518110275,0.02890673838555813,0.9718004948268106,0.9111328125,0.9957126975059509,0.06735314428806305
exact,17,two crescents,OOD shape,13,-1.590419054031372,0.015878994017839432,0.07191262394189835,0.02466127835214138,0.9764408793820558,0.9443359375,0.9886245727539062,0.06338836252689362
exact,17,two crescents,OOD shape,14,-1.590419054031372,0.01991311088204384,0.0758831799030304,0.01832784153521061,0.9733789324368964,0.919921875,0.9883227944374084,0.06549078226089478
exact,17,two crescents,OOD shape,15,-1.590419054031372,0.013617560267448425,0.05609041824936867,0.0212150439620018,0.9857087075361187,0.935546875,0.9958246350288391,0.06598129868507385
foundation,17,two crescents,OOD shape,16,-1.5919537544250488,0.014267269521951675,0.05971300229430199,0.028096992522478104,0.9686868686868686,0.91796875,0.9968084692955017,0.06644297391176224
foundation,17,two crescents,OOD shape,17,-1.5919537544250488,0.01596762239933014,0.06196310371160507,0.022171348333358765,0.9765769944341371,0.919921875,0.9946922063827515,0.067107655107975
foundation,17,two crescents,OOD shape,18,-1.5919537544250488,0.019404498860239983,0.07068373262882233,0.017057856544852257,0.9750306045119796,0.9150390625,0.9935965538024902,0.06811125576496124
foundation,17,two crescents,OOD shape,19,-1.5919537544250488,0.013263119384646416,0.05731765180826187,0.028068915009498596,0.9746880570409981,0.9169921875,0.9957401156425476,0.06499345600605011
foundation,17,two crescents,OOD shape,20,-1.5919537544250488,0.016641637310385704,0.06650946289300919,0.022792501375079155,0.976983316309159,0.9228515625,0.9925926327705383,0.06618484854698181
foundation,17,two crescents,OOD shape,21,-1.5919537544250488,0.013604621402919292,0.055136293172836304,0.023416273295879364,0.9791487700117142,0.9248046875,0.9968321323394775,0.06744314730167389
foundation,17,two crescents,OOD shape,22,-1.5919537544250488,0.018999775871634483,0.07278288900852203,0.022042181342840195,0.9756718419058352,0.9130859375,0.9914438724517822,0.06781276315450668
foundation,17,two crescents,OOD shape,23,-1.5919537544250488,0.020365247502923012,0.07570228725671768,0.02829156443476677,0.9756601760469459,0.9169921875,0.9936102032661438,0.06736475974321365
foundation,17,two crescents,OOD shape,24,-1.5919537544250488,0.01659642904996872,0.06703280657529831,0.018693454563617706,0.9798018292682926,0.94140625,0.9906639456748962,0.06443598866462708
foundation,17,two crescents,OOD shape,25,-1.5919537544250488,0.019378500059247017,0.07966609299182892,0.03135109320282936,0.9622815279958137,0.888671875,0.992307722568512,0.06550459563732147
foundation,17,two crescents,OOD shape,26,-1.5919537544250488,0.017393246293067932,0.06548257172107697,0.024152379482984543,0.973898482469911,0.91015625,0.9924892783164978,0.06728442013263702
foundation,17,two crescents,OOD shape,27,-1.5919537544250488,0.015270167961716652,0.06374179571866989,0.024498917162418365,0.9793953252032521,0.9248046875,0.9936642646789551,0.06609811633825302
foundation,17,two crescents,OOD shape,28,-1.5919537544250488,0.01633579283952713,0.0667290985584259,0.022921880707144737,0.9688663282571912,0.921875,0.991525411605835,0.0678585022687912
foundation,17,two crescents,OOD shape,29,-1.5919537544250488,0.01943698152899742,0.08075231313705444,0.027180619537830353,0.9756894790602656,0.9248046875,0.9904963374137878,0.06469565629959106
foundation,17,two crescents,OOD shape,30,-1.5919537544250488,0.017052162438631058,0.06744523346424103,0.02200368046760559,0.9777872602707252,0.91796875,0.9957446455955505,0.06575675308704376
foundation,17,two crescents,OOD shape,31,-1.5919537544250488,0.015049457550048828,0.06248221546411514,0.0211864672601223,0.97805544709098,0.9326171875,0.9947643876075745,0.06816494464874268
exact,17,two crescents,OOD shape,16,-1.590419054031372,0.01417514868080616,0.05979155749082565,0.029350895434617996,0.9694890077243018,0.91796875,0.9968084692955017,0.06643161177635193
exact,17,two crescents,OOD shape,17,-1.590419054031372,0.015865294262766838,0.06189160421490669,0.022502336651086807,0.9774582560296845,0.919921875,0.9946922063827515,0.06712228059768677
exact,17,two crescents,OOD shape,18,-1.590419054031372,0.01925985887646675,0.07038398087024689,0.017050715163350105,0.9731374564214176,0.9150390625,0.9935965538024902,0.06808913499116898
exact,17,two crescents,OOD shape,19,-1.590419054031372,0.01319606602191925,0.05741417780518532,0.028467079624533653,0.9759061200237671,0.9169921875,0.9957401156425476,0.06500984728336334
exact,17,two crescents,OOD shape,20,-1.590419054031372,0.016534214839339256,0.06649904698133469,0.02324196882545948,0.977732379979571,0.9228515625,0.9925926327705383,0.06616762280464172
exact,17,two crescents,OOD shape,21,-1.590419054031372,0.013475438579916954,0.055094506591558456,0.02375837042927742,0.9801379669399974,0.9248046875,0.9968321323394775,0.06743545830249786
exact,17,two crescents,OOD shape,22,-1.590419054031372,0.018874825909733772,0.0726715475320816,0.022162046283483505,0.9750514403292181,0.9130859375,0.9925134181976318,0.06779951602220535
exact,17,two crescents,OOD shape,23,-1.590419054031372,0.02043905109167099,0.07601180672645569,0.029474768787622452,0.9761714234907087,0.9169921875,0.9936102032661438,0.0673835426568985
exact,17,two crescents,OOD shape,24,-1.590419054031372,0.016554513946175575,0.06706596165895462,0.020085599273443222,0.9792008330079396,0.94140625,0.9906639456748962,0.06440691649913788
exact,17,two crescents,OOD shape,25,-1.590419054031372,0.019390981644392014,0.07991784065961838,0.031857848167419434,0.9626373626373625,0.888671875,0.992307722568512,0.0655367523431778
exact,17,two crescents,OOD shape,26,-1.590419054031372,0.01730586588382721,0.06545889377593994,0.02418922632932663,0.9744636316064887,0.912109375,0.9925053119659424,0.06723210960626602
exact,17,two crescents,OOD shape,27,-1.590419054031372,0.015202824957668781,0.06385651230812073,0.025026310235261917,0.9773139745916515,0.9228515625,0.9947090148925781,0.0660872608423233
exact,17,two crescents,OOD shape,28,-1.590419054031372,0.01623109169304371,0.06671814620494843,0.023991741240024567,0.9696733046986854,0.9208984375,0.9925769567489624,0.067868173122406
exact,17,two crescents,OOD shape,29,-1.590419054031372,0.019456131383776665,0.08101873099803925,0.027860010042786598,0.9763477471342641,0.9248046875,0.9904963374137878,0.0647004023194313
exact,17,two crescents,OOD shape,30,-1.590419054031372,0.017024977132678032,0.06760181486606598,0.023266421630978584,0.9785932721712538,0.9169921875,0.9968050718307495,0.06576639413833618
exact,17,two crescents,OOD shape,31,-1.590419054031372,0.014958100393414497,0.06257744878530502,0.02280767448246479,0.9787843290381362,0.9306640625,0.9958027005195618,0.06817536801099777
foundation,17,two crescents,OOD shape,32,-1.5919537544250488,0.01679796725511551,0.06486354023218155,0.02594572678208351,0.9744550186197436,0.916015625,0.9936034083366394,0.06611166894435883
foundation,17,two crescents,OOD shape,33,-1.5919537544250488,0.017428524792194366,0.06779379397630692,0.022625679150223732,0.9617381409572576,0.9052734375,0.9913699626922607,0.06632235646247864
foundation,17,two crescents,OOD shape,34,-1.5919537544250488,0.01360162440687418,0.056061409413814545,0.02301810495555401,0.978706234543798,0.921875,0.9957627058029175,0.06727607548236847
foundation,17,two crescents,OOD shape,35,-1.5919537544250488,0.023459002375602722,0.08791454136371613,0.020837903022766113,0.9732114593225705,0.9189453125,0.989372968673706,0.06591970473527908
foundation,17,two crescents,OOD shape,36,-1.5919537544250488,0.01929008774459362,0.07187595963478088,0.014139818027615547,0.973560647280495,0.919921875,0.9893843531608582,0.06817401945590973
foundation,17,two crescents,OOD shape,37,-1.5919537544250488,0.015810588374733925,0.06408746540546417,0.01919623836874962,0.9762703252032521,0.927734375,0.9915788769721985,0.0671999603509903
foundation,17,two crescents,OOD shape,38,-1.5919537544250488,0.020847400650382042,0.08539688587188721,0.026023097336292267,0.9753043402513121,0.9248046875,0.9904963374137878,0.06437993794679642
foundation,17,two crescents,OOD shape,39,-1.5919537544250488,0.021111488342285156,0.08414027094841003,0.02216474339365959,0.9734373610740642,0.9208984375,0.9915164709091187,0.06525133550167084
foundation,17,two crescents,OOD shape,40,-1.5919537544250488,0.0166065264493227,0.06746555119752884,0.0171414315700531,0.9770984790214128,0.935546875,0.9906054735183716,0.06613413989543915
foundation,17,two crescents,OOD shape,41,-1.5919537544250488,0.020013876259326935,0.07755973190069199,0.022267188876867294,0.960502354788069,0.904296875,0.9892008304595947,0.06538484245538712
foundation,17,two crescents,OOD shape,42,-1.5919537544250488,0.015400489792227745,0.06477021425962448,0.027143150568008423,0.9808592787316192,0.9375,0.9906250238418579,0.06436054408550262
foundation,17,two crescents,OOD shape,43,-1.5919537544250488,0.018687475472688675,0.07385827600955963,0.026926741003990173,0.9698587127158554,0.9091796875,0.9924812316894531,0.06702075898647308
foundation,17,two crescents,OOD shape,44,-1.5919537544250488,0.01541214156895876,0.061711736023426056,0.021697139367461205,0.9681634778081479,0.9130859375,0.9925134181976318,0.06859249621629715
foundation,17,two crescents,OOD shape,45,-1.5919537544250488,0.02106849104166031,0.07978472858667374,0.02387777529656887,0.9629421146449011,0.8896484375,0.9934138655662537,0.06659311056137085
foundation,17,two crescents,OOD shape,46,-1.5919537544250488,0.01773596554994583,0.07443846762180328,0.02314756065607071,0.9719127608366623,0.9228515625,0.9925926327705383,0.0658450499176979
foundation,17,two crescents,OOD shape,47,-1.5919537544250488,0.011926306411623955,0.05385071039199829,0.028694864362478256,0.9765593561368209,0.921875,0.9968220591545105,0.06797070801258087
exact,17,two crescents,OOD shape,32,-1.590419054031372,0.016691656783223152,0.06474573165178299,0.026228655129671097,0.973815239619454,0.9169921875,0.9936102032661438,0.06615404784679413
exact,17,two crescents,OOD shape,33,-1.590419054031372,0.017321843653917313,0.06766431033611298,0.022945784032344818,0.9610367568616042,0.90625,0.9913793206214905,0.06634514033794403
exact,17,two crescents,OOD shape,34,-1.590419054031372,0.013472674414515495,0.05602862685918808,0.0233796164393425,0.9779278317497597,0.9208984375,0.9957582950592041,0.06727646291255951
exact,17,two crescents,OOD shape,35,-1.590419054031372,0.02352561429142952,0.08806180208921432,0.01903635635972023,0.9738841405508072,0.9189453125,0.989372968673706,0.06590338796377182
exact,17,two crescents,OOD shape,36,-1.590419054031372,0.019169870764017105,0.07166889309883118,0.0151921845972538,0.9725667351129363,0.9189453125,0.9904357194900513,0.06818310171365738
exact,17,two crescents,OOD shape,37,-1.590419054031372,0.015722040086984634,0.06407680362462997,0.01964319497346878,0.9769563008130082,0.9287109375,0.99158775806427,0.06720748543739319
exact,17,two crescents,OOD shape,38,-1.590419054031372,0.02088118903338909,0.08558851480484009,0.026413625106215477,0.9758052222391602,0.923828125,0.9915433526039124,0.06432697176933289
exact,17,two crescents,OOD shape,39,-1.590419054031372,0.021066218614578247,0.0841444581747055,0.023174744099378586,0.9720576552037226,0.9189453125,0.9914984107017517,0.06528279930353165
exact,17,two crescents,OOD shape,40,-1.590419054031372,0.016565518453717232,0.06753532588481903,0.017626715824007988,0.9778180284346079,0.935546875,0.9916492700576782,0.06609831750392914
exact,17,two crescents,OOD shape,41,-1.590419054031372,0.019936788827180862,0.07748439908027649,0.022518865764141083,0.9646736392398685,0.904296875,0.9892008304595947,0.0653633326292038
exact,17,two crescents,OOD shape,42,-1.590419054031372,0.015380598604679108,0.06497886776924133,0.027723563835024834,0.9784486494294381,0.9365234375,0.9906152486801147,0.06435293704271317
exact,17,two crescents,OOD shape,43,-1.590419054031372,0.018579386174678802,0.07383934408426285,0.02817986160516739,0.9707169021454736,0.9091796875,0.9924812316894531,0.06697992980480194
exact,17,two crescents,OOD shape,44,-1.590419054031372,0.015306386165320873,0.061624445021152496,0.022001076489686966,0.9676523967118608,0.9150390625,0.9925293326377869,0.06858418881893158
exact,17,two crescents,OOD shape,45,-1.590419054031372,0.02100902609527111,0.07994482666254044,0.02675597369670868,0.9654663518299882,0.8896484375,0.9934138655662537,0.0666169673204422
exact,17,two crescents,OOD shape,46,-1.590419054031372,0.01772281900048256,0.0746966302394867,0.023801200091838837,0.9726074982011265,0.9248046875,0.9926082491874695,0.06586006283760071
exact,17,two crescents,OOD shape,47,-1.590419054031372,0.011851606890559196,0.05403933674097061,0.029165644198656082,0.9774312541918175,0.921875,0.9968220591545105,0.0679544061422348
foundation,17,two crescents,OOD shape,48,-1.5919537544250488,0.016946891322731972,0.0696960985660553,0.028604567050933838,0.9802420929324482,0.9296875,0.9936975240707397,0.066647469997406
foundation,17,two crescents,OOD shape,49,-1.5919537544250488,0.01641148142516613,0.06484274566173553,0.020381325855851173,0.9769379185109521,0.916015625,0.9936034083366394,0.0698363333940506
foundation,17,two crescents,OOD shape,50,-1.5919537544250488,0.015264591202139854,0.06483273953199387,0.02203543111681938,0.9729813315339632,0.9345703125,0.9895506501197815,0.06629034876823425
foundation,17,two crescents,OOD shape,51,-1.5919537544250488,0.015788178890943527,0.06511683762073517,0.025986386463046074,0.9756725417439702,0.9169921875,0.9925452470779419,0.0669989138841629
foundation,17,two crescents,OOD shape,52,-1.5919537544250488,0.011759458109736443,0.05248859524726868,0.02971149981021881,0.9775075604838709,0.9208984375,0.9968187212944031,0.06964384019374847
foundation,17,two crescents,OOD shape,53,-1.5919537544250488,0.01385099720209837,0.059379566460847855,0.029262837022542953,0.9756522717049032,0.9169921875,0.9968050718307495,0.06743809580802917
foundation,17,two crescents,OOD shape,54,-1.5919537544250488,0.011877832934260368,0.04937698692083359,0.025424577295780182,0.977922514753998,0.9208984375,0.9968187212944031,0.06747414171695709
foundation,17,two crescents,OOD shape,55,-1.5919537544250488,0.016395537182688713,0.06786618381738663,0.022607605904340744,0.9769817073170732,0.9296875,0.992647111415863,0.06713405251502991
foundation,17,two crescents,OOD shape,56,-1.5919537544250488,0.014041597954928875,0.05651149898767471,0.020419221371412277,0.9668062978477538,0.9169921875,0.9957401156425476,0.06583762168884277
foundation,17,two crescents,OOD shape,57,-1.5919537544250488,0.013865972869098186,0.05496133491396904,0.029244981706142426,0.9828548743269732,0.921875,0.9978813529014587,0.06864336878061295
foundation,17,two crescents,OOD shape,58,-1.5919537544250488,0.010651718825101852,0.048895515501499176,0.025058653205633163,0.9781985083189901,0.9326171875,0.9968586564064026,0.06620800495147705
foundation,17,two crescents,OOD shape,59,-1.5919537544250488,0.01913582906126976,0.0705391988158226,0.029245764017105103,0.9726040473463153,0.908203125,0.9924731254577637,0.06915020942687988
foundation,17,two crescents,OOD shape,60,-1.5919537544250488,0.0137429628521204,0.060182131826877594,0.02287343330681324,0.977341528300156,0.9375,0.9937500357627869,0.06669414788484573
foundation,17,two crescents,OOD shape,61,-1.5919537544250488,0.01858191378414631,0.07362914085388184,0.025139324367046356,0.9736623758386079,0.9267578125,0.9915700554847717,0.06524336338043213
foundation,17,two crescents,OOD shape,62,-1.5919537544250488,0.014300433918833733,0.05959554761648178,0.025376996025443077,0.9737685560053981,0.9208984375,0.997879147529602,0.06678427755832672
foundation,17,two crescents,OOD shape,63,-1.5919537544250488,0.014668835327029228,0.06149078905582428,0.022051339969038963,0.9723157808264191,0.916015625,0.9946695566177368,0.06714759767055511
exact,17,two crescents,OOD shape,48,-1.590419054031372,0.01695474423468113,0.06996456533670425,0.029805034399032593,0.9810490693739424,0.9287109375,0.9936907887458801,0.06661273539066315
exact,17,two crescents,OOD shape,49,-1.590419054031372,0.01630321517586708,0.06478337943553925,0.021595170721411705,0.978027465667915,0.916015625,0.9946695566177368,0.06983423233032227
exact,17,two crescents,OOD shape,50,-1.590419054031372,0.015198037028312683,0.06491310894489288,0.02419809065759182,0.973740440845704,0.9345703125,0.9895506501197815,0.06626191735267639
exact,17,two crescents,OOD shape,51,-1.590419054031372,0.01569165289402008,0.06509576737880707,0.02636602707207203,0.9752269871749284,0.9169921875,0.9925452470779419,0.06697365641593933
exact,17,two crescents,OOD shape,52,-1.590419054031372,0.011662562377750874,0.05258288234472275,0.031012635678052902,0.9786101310483871,0.9228515625,0.9968253970146179,0.06965812295675278
exact,17,two crescents,OOD shape,53,-1.590419054031372,0.013775130733847618,0.05951489135622978,0.029718557372689247,0.9769174538911382,0.9169921875,0.9978700280189514,0.06746326386928558
exact,17,two crescents,OOD shape,54,-1.590419054031372,0.011776345781981945,0.049395449459552765,0.025753701105713844,0.9786869706143166,0.921875,0.9968220591545105,0.06746771931648254
exact,17,two crescents,OOD shape,55,-1.590419054031372,0.016353504732251167,0.06797397881746292,0.023136714473366737,0.9774898373983739,0.9287109375,0.9936907887458801,0.06712929904460907
exact,17,two crescents,OOD shape,56,-1.590419054031372,0.013912136666476727,0.05642750859260559,0.02182145044207573,0.9680774230824787,0.9169921875,0.9957401156425476,0.06580178439617157
exact,17,two crescents,OOD shape,57,-1.590419054031372,0.013735328800976276,0.05494067817926407,0.029599960893392563,0.9819613821138211,0.921875,0.9978813529014587,0.06865207105875015
exact,17,two crescents,OOD shape,58,-1.590419054031372,0.010577743873000145,0.04903504252433777,0.025481216609477997,0.9791308089500861,0.9326171875,0.9968586564064026,0.0661969855427742
exact,17,two crescents,OOD shape,59,-1.590419054031372,0.01899268850684166,0.07030180096626282,0.029430605471134186,0.9733676975945016,0.9091796875,0.9924812316894531,0.06913986802101135
exact,17,two crescents,OOD shape,60,-1.590419054031372,0.01369834877550602,0.06039299815893173,0.024255558848381042,0.9779530929884108,0.9375,0.9937500357627869,0.06668885797262192
exact,17,two crescents,OOD shape,61,-1.590419054031372,0.018557550385594368,0.07372976839542389,0.02567959763109684,0.9742787378801887,0.927734375,0.9915788769721985,0.06523860991001129
exact,17,two crescents,OOD shape,62,-1.590419054031372,0.014191101305186749,0.059603333473205566,0.025749094784259796,0.975033738191633,0.9208984375,0.997879147529602,0.06678174436092377
exact,17,two crescents,OOD shape,63,-1.590419054031372,0.014632854610681534,0.06162504106760025,0.02195224165916443,0.973109888003505,0.916015625,0.9946695566177368,0.067191481590271
foundation,17,30% noise,OOD noise,0,-1.5919537544250488,0.03255753964185715,0.11288557201623917,0.036353081464767456,0.9531772147036606,0.87890625,0.9744444489479065,0.06442694365978241
foundation,17,30% noise,OOD noise,1,-1.5919537544250488,0.02956213988363743,0.10941582173109055,0.03309175372123718,0.9522280045535859,0.888671875,0.973626434803009,0.06429353356361389
foundation,17,30% noise,OOD noise,2,-1.5919537544250488,0.025106750428676605,0.08274630457162857,0.03125130385160446,0.9515039704820726,0.875,0.9843750596046448,0.062451474368572235
foundation,17,30% noise,OOD noise,3,-1.5919537544250488,0.03299947828054428,0.11059839278459549,0.04125014692544937,0.9561027837259101,0.869140625,0.9786517024040222,0.06258566677570343
foundation,17,30% noise,OOD noise,4,-1.5919537544250488,0.02463322877883911,0.08509073406457901,0.0298934206366539,0.9594972926409058,0.884765625,0.9812362194061279,0.06313852965831757
foundation,17,30% noise,OOD noise,5,-1.5919537544250488,0.039751313626766205,0.14844396710395813,0.043669965118169785,0.9463623884694579,0.8857421875,0.96251380443573,0.06333465129137039
foundation,17,30% noise,OOD noise,6,-1.5919537544250488,0.028143925592303276,0.09588617086410522,0.03651643171906471,0.9447999645300976,0.87890625,0.9788889288902283,0.06276381015777588
foundation,17,30% noise,OOD noise,7,-1.5919537544250488,0.03278694301843643,0.10968799144029617,0.030182380229234695,0.9557808551202281,0.87109375,0.9865471124649048,0.06326041370630264
foundation,17,30% noise,OOD noise,8,-1.5919537544250488,0.03427821025252342,0.12089874595403671,0.04212843254208565,0.9450802880310112,0.875,0.9709821939468384,0.06303852796554565
foundation,17,30% noise,OOD noise,9,-1.5919537544250488,0.02999706193804741,0.10284116119146347,0.03598647564649582,0.9598863039832017,0.8798828125,0.978912353515625,0.0630347803235054
foundation,17,30% noise,OOD noise,10,-1.5919537544250488,0.029943279922008514,0.10393676906824112,0.03722768276929855,0.9414001776593383,0.8681640625,0.9775028228759766,0.0645415335893631
foundation,17,30% noise,OOD noise,11,-1.5919537544250488,0.0348086841404438,0.1247587576508522,0.04314342141151428,0.9426476301476301,0.8681640625,0.9707536697387695,0.06273481994867325
foundation,17,30% noise,OOD noise,12,-1.5919537544250488,0.040181368589401245,0.1403149515390396,0.05069507658481598,0.9473630122908703,0.857421875,0.9669704437255859,0.0633905827999115
foundation,17,30% noise,OOD noise,13,-1.5919537544250488,0.03191034495830536,0.11403782665729523,0.0339839868247509,0.9459745762711864,0.876953125,0.9721603989601135,0.06400173157453537
foundation,17,30% noise,OOD noise,14,-1.5919537544250488,0.039748866111040115,0.13421611487865448,0.04938104748725891,0.9558189545347996,0.861328125,0.9693877696990967,0.06458514928817749
foundation,17,30% noise,OOD noise,15,-1.5919537544250488,0.02704560197889805,0.09230208396911621,0.03366446495056152,0.9507549889976478,0.888671875,0.980219841003418,0.06351015716791153
exact,17,30% noise,OOD noise,0,-1.590419054031372,0.034378763288259506,0.12033633887767792,0.03889715299010277,0.9515224358974359,0.875,0.9709821939468384,0.06455934792757034
exact,17,30% noise,OOD noise,1,-1.590419054031372,0.0311209075152874,0.11535383015871048,0.03559260442852974,0.9499702242245353,0.8876953125,0.9713971614837646,0.06430433690547943
exact,17,30% noise,OOD noise,2,-1.590419054031372,0.026072554290294647,0.08610615879297256,0.03280341252684593,0.9531830943167161,0.873046875,0.9843400716781616,0.06253127753734589
exact,17,30% noise,OOD noise,3,-1.590419054031372,0.035077814012765884,0.11856053024530411,0.04419460892677307,0.9525165865934568,0.8671875,0.977477490901947,0.06292643398046494
exact,17,30% noise,OOD noise,4,-1.590419054031372,0.025779079645872116,0.0891413539648056,0.03186076879501343,0.9548372410653312,0.8837890625,0.9801104664802551,0.06326086819171906
exact,17,30% noise,OOD noise,5,-1.590419054031372,0.04096356779336929,0.15520456433296204,0.04538992792367935,0.9417878951149427,0.88671875,0.96035236120224,0.06353379786014557
exact,17,30% noise,OOD noise,6,-1.590419054031372,0.029742024838924408,0.10177900642156601,0.03866482153534889,0.9477091018801683,0.8759765625,0.9754738211631775,0.06277883797883987
exact,17,30% noise,OOD noise,7,-1.590419054031372,0.03334377333521843,0.1131298691034317,0.030653469264507294,0.9511545165146996,0.8740234375,0.9821228981018066,0.06333240866661072
exact,17,30% noise,OOD noise,8,-1.590419054031372,0.03574461117386818,0.12719902396202087,0.04420957714319229,0.9439713555469182,0.876953125,0.9688196182250977,0.06311581283807755
exact,17,30% noise,OOD noise,9,-1.590419054031372,0.030977100133895874,0.10607048869132996,0.03753765672445297,0.95481607620706,0.87890625,0.9777777791023254,0.06311532109975815
exact,17,30% noise,OOD noise,10,-1.590419054031372,0.03142420947551727,0.10982871800661087,0.03957297280430794,0.9363988724453841,0.8681640625,0.9752531051635742,0.06464089453220367
exact,17,30% noise,OOD noise,11,-1.590419054031372,0.036911603063344955,0.1340201199054718,0.04597613960504532,0.9329688157183202,0.865234375,0.9695259928703308,0.06290525197982788
exact,17,30% noise,OOD noise,12,-1.590419054031372,0.042062558233737946,0.1484043449163437,0.05298486724495888,0.9417354035257964,0.8603515625,0.960272490978241,0.06349141895771027
exact,17,30% noise,OOD noise,13,-1.590419054031372,0.03364783152937889,0.12081356346607208,0.037550508975982666,0.9443588297938984,0.8740234375,0.9709497094154358,0.06403637677431107
exact,17,30% noise,OOD noise,14,-1.590419054031372,0.041308626532554626,0.14099574089050293,0.05132533609867096,0.9511968300177908,0.8623046875,0.9660248756408691,0.06461437046527863
exact,17,30% noise,OOD noise,15,-1.590419054031372,0.02784821391105652,0.09538804739713669,0.034837499260902405,0.955925535651563,0.8857421875,0.9790518283843994,0.06354641914367676
foundation,17,30% noise,OOD noise,16,-1.5919537544250488,0.04050539806485176,0.13977006077766418,0.05092838406562805,0.9355627705627706,0.8564453125,0.9646521806716919,0.06367850303649902
foundation,17,30% noise,OOD noise,17,-1.5919537544250488,0.021641040220856667,0.07623918354511261,0.023299138993024826,0.9626436781609196,0.8740234375,0.9944133758544922,0.06286042928695679
foundation,17,30% noise,OOD noise,18,-1.5919537544250488,0.03289666771888733,0.11058415472507477,0.042580556124448776,0.9497785792269287,0.869140625,0.9764044880867004,0.06384268403053284
foundation,17,30% noise,OOD noise,19,-1.5919537544250488,0.03824102506041527,0.1375572234392166,0.045525193214416504,0.9333356432556043,0.8662109375,0.9650506973266602,0.06280022114515305
foundation,17,30% noise,OOD noise,20,-1.5919537544250488,0.027050824835896492,0.09497521817684174,0.029875323176383972,0.9500460082034966,0.890625,0.9780701994895935,0.06330964714288712
foundation,17,30% noise,OOD noise,21,-1.5919537544250488,0.021306661888957024,0.07176414132118225,0.028137076646089554,0.9609785615491009,0.8955078125,0.9847328066825867,0.06321140378713608
foundation,17,30% noise,OOD noise,22,-1.5919537544250488,0.03642386198043823,0.13133855164051056,0.04569144919514656,0.9423443401129553,0.8720703125,0.9686450362205505,0.06459826976060867
foundation,17,30% noise,OOD noise,23,-1.5919537544250488,0.033130668103694916,0.11695054173469543,0.037990786135196686,0.9479725700655933,0.8916015625,0.9715225100517273,0.0614408440887928
foundation,17,30% noise,OOD noise,24,-1.5919537544250488,0.03047877363860607,0.10537245869636536,0.03313274681568146,0.9542337507453786,0.8798828125,0.9766926169395447,0.06519850343465805
foundation,17,30% noise,OOD noise,25,-1.5919537544250488,0.029937131330370903,0.10336360335350037,0.03167038783431053,0.9513844128416462,0.8759765625,0.9777035117149353,0.0627780333161354
foundation,17,30% noise,OOD noise,26,-1.5919537544250488,0.03263836354017258,0.11913228780031204,0.03501593694090843,0.941968883829349,0.875,0.9754464626312256,0.06192002445459366
foundation,17,30% noise,OOD noise,27,-1.5919537544250488,0.03284313529729843,0.1114722266793251,0.04053277522325516,0.9593623602188912,0.876953125,0.9766147136688232,0.06242826208472252
foundation,17,30% noise,OOD noise,28,-1.5919537544250488,0.03231731802225113,0.12639383971691132,0.03943926841020584,0.9431806144067797,0.89453125,0.9672489166259766,0.06191630661487579
foundation,17,30% noise,OOD noise,29,-1.5919537544250488,0.02546391636133194,0.08923806250095367,0.026234939694404602,0.9524965726838776,0.8857421875,0.9834619760513306,0.06158848851919174
foundation,17,30% noise,OOD noise,30,-1.5919537544250488,0.02566930092871189,0.09115227311849594,0.031621310859918594,0.9504671002354997,0.8857421875,0.9845645427703857,0.06325365602970123
foundation,17,30% noise,OOD noise,31,-1.5919537544250488,0.027625203132629395,0.09690159559249878,0.030755475163459778,0.9515540250949559,0.87890625,0.9811111092567444,0.06346463412046432
exact,17,30% noise,OOD noise,16,-1.590419054031372,0.04186498373746872,0.14535319805145264,0.052740782499313354,0.936109949832776,0.8583984375,0.961319625377655,0.06381097435951233
exact,17,30% noise,OOD noise,17,-1.590419054031372,0.022863056510686874,0.07918041199445724,0.025002844631671906,0.9562307894967946,0.87109375,0.9943946599960327,0.06317028403282166
exact,17,30% noise,OOD noise,18,-1.590419054031372,0.03435807302594185,0.11642356216907501,0.044501081109046936,0.9454665625187768,0.869140625,0.9730337262153625,0.06413010507822037
exact,17,30% noise,OOD noise,19,-1.590419054031372,0.039443373680114746,0.14286673069000244,0.04732898622751236,0.9369696969696969,0.865234375,0.96275395154953,0.06276600807905197
exact,17,30% noise,OOD noise,20,-1.590419054031372,0.02862989902496338,0.10109473019838333,0.03265615925192833,0.9490267945553701,0.892578125,0.9737418293952942,0.06339382380247116
exact,17,30% noise,OOD noise,21,-1.590419054031372,0.022227700799703598,0.07492339611053467,0.029591884464025497,0.9640009625411086,0.8935546875,0.9836065769195557,0.06336260586977005
exact,17,30% noise,OOD noise,22,-1.590419054031372,0.03826887905597687,0.13887383043766022,0.04819956049323082,0.9412438841627364,0.8671875,0.9617117643356323,0.06483609229326248
exact,17,30% noise,OOD noise,23,-1.590419054031372,0.034212008118629456,0.12186209112405777,0.03816142678260803,0.9492465078166012,0.8916015625,0.9715225100517273,0.06162015348672867
exact,17,30% noise,OOD noise,24,-1.590419054031372,0.031188450753688812,0.10873048007488251,0.03427736088633537,0.9544008483563096,0.8798828125,0.9744728207588196,0.0651247501373291
exact,17,30% noise,OOD noise,25,-1.590419054031372,0.03170827403664589,0.11036597937345505,0.03535924851894379,0.949937859251204,0.8720703125,0.9776036143302917,0.06280030310153961
exact,17,30% noise,OOD noise,26,-1.590419054031372,0.03430761396884918,0.1262947916984558,0.03698926791548729,0.9450479233226837,0.8740234375,0.9720669984817505,0.06208758428692818
exact,17,30% noise,OOD noise,27,-1.590419054031372,0.0341460295021534,0.11625698208808899,0.04234379902482033,0.9549014758017973,0.875,0.9743304252624512,0.06261935830116272
exact,17,30% noise,OOD noise,28,-1.590419054031372,0.03371553495526314,0.13291558623313904,0.041564665734767914,0.9461597909689765,0.8935546875,0.9650273323059082,0.06240254268050194
exact,17,30% noise,OOD noise,29,-1.590419054031372,0.027213307097554207,0.09586840867996216,0.029551103711128235,0.9446538862597258,0.8798828125,0.9822419881820679,0.06183026731014252
exact,17,30% noise,OOD noise,30,-1.590419054031372,0.026383090764284134,0.09393240511417389,0.032808784395456314,0.9470219049963082,0.880859375,0.9822616577148438,0.06320537626743317
exact,17,30% noise,OOD noise,31,-1.590419054031372,0.028977077454328537,0.10155630111694336,0.03345154970884323,0.9510923779416929,0.8720703125,0.979843258857727,0.06373870372772217
foundation,17,30% noise,OOD noise,32,-1.5919537544250488,0.029826929792761803,0.10211587697267532,0.034706901758909225,0.9555879237288136,0.8740234375,0.9810055494308472,0.06204767897725105
foundation,17,30% noise,OOD noise,33,-1.5919537544250488,0.03235318884253502,0.11639518290758133,0.03597453609108925,0.9407675306409484,0.876953125,0.9721603989601135,0.06190980225801468
foundation,17,30% noise,OOD noise,34,-1.5919537544250488,0.028707146644592285,0.10183703899383545,0.035027630627155304,0.9547116736990156,0.875,0.9787946939468384,0.06204606220126152
foundation,17,30% noise,OOD noise,35,-1.5919537544250488,0.031115539371967316,0.10650701820850372,0.03816671669483185,0.9522144979903905,0.8759765625,0.9799331426620483,0.06281130015850067
foundation,17,30% noise,OOD noise,36,-1.5919537544250488,0.03875701129436493,0.1348114013671875,0.04830028861761093,0.9467406112225524,0.8671875,0.9695945978164673,0.06372805684804916
foundation,17,30% noise,OOD noise,37,-1.5919537544250488,0.022835221141576767,0.0819617360830307,0.026126528158783913,0.9558795117238956,0.8974609375,0.9804134368896484,0.06124141812324524
foundation,17,30% noise,OOD noise,38,-1.5919537544250488,0.02567317523062229,0.08562711626291275,0.029797034338116646,0.9607318623176626,0.880859375,0.9844789505004883,0.062321003526449203
foundation,17,30% noise,OOD noise,39,-1.5919537544250488,0.02983301319181919,0.09820786118507385,0.030812904238700867,0.9617715983923124,0.8671875,0.9864864945411682,0.06295065581798553
foundation,17,30% noise,OOD noise,40,-1.5919537544250488,0.032424360513687134,0.11392548680305481,0.03820106014609337,0.947012065662058,0.873046875,0.9742729067802429,0.06386444717645645
foundation,17,30% noise,OOD noise,41,-1.5919537544250488,0.028495462611317635,0.10126744955778122,0.02728431299328804,0.9479930191972077,0.87890625,0.9822222590446472,0.06260515749454498
foundation,17,30% noise,OOD noise,42,-1.5919537544250488,0.032039888203144073,0.11089008301496506,0.033211201429367065,0.9495494795712289,0.8662109375,0.9819616079330444,0.06262281537055969
foundation,17,30% noise,OOD noise,43,-1.5919537544250488,0.03646808862686157,0.12849092483520508,0.03991908207535744,0.9512028920226834,0.875,0.9676339626312256,0.0631735622882843
foundation,17,30% noise,OOD noise,44,-1.5919537544250488,0.0345085933804512,0.11511840671300888,0.04279264062643051,0.954953099977122,0.869140625,0.9752808809280396,0.0634259358048439
foundation,17,30% noise,OOD noise,45,-1.5919537544250488,0.028009723871946335,0.094771608710289,0.030149376019835472,0.9560455192034139,0.873046875,0.9865772128105164,0.06258714199066162
foundation,17,30% noise,OOD noise,46,-1.5919537544250488,0.026027154177427292,0.09203483909368515,0.025578858330845833,0.946632971606957,0.8818359375,0.9856035709381104,0.06153006851673126
foundation,17,30% noise,OOD noise,47,-1.5919537544250488,0.02951127104461193,0.09951181709766388,0.03877609595656395,0.9532382291875963,0.8818359375,0.9745293855667114,0.06356486678123474
exact,17,30% noise,OOD noise,32,-1.590419054031372,0.032521918416023254,0.11186680942773819,0.0389634370803833,0.9527073932662269,0.8701171875,0.9786756634712219,0.062240228056907654
exact,17,30% noise,OOD noise,33,-1.590419054031372,0.03443685173988342,0.1252414882183075,0.03981933742761612,0.9431420895742098,0.8740234375,0.9687150716781616,0.06195419281721115
exact,17,30% noise,OOD noise,34,-1.590419054031372,0.030139721930027008,0.10728960484266281,0.03729313239455223,0.950957673827946,0.875,0.9765625596046448,0.06199417635798454
exact,17,30% noise,OOD noise,35,-1.590419054031372,0.03256189078092575,0.1128438413143158,0.040174297988414764,0.9507978723404256,0.8759765625,0.9788182973861694,0.06276462227106094
exact,17,30% noise,OOD noise,36,-1.590419054031372,0.040560033172369,0.1419336348772049,0.050563614815473557,0.945955749002539,0.865234375,0.9638826251029968,0.06360671669244766
exact,17,30% noise,OOD noise,37,-1.590419054031372,0.024106379598379135,0.08658156543970108,0.028582748025655746,0.9497579529737207,0.892578125,0.9803063869476318,0.061438318341970444
exact,17,30% noise,OOD noise,38,-1.590419054031372,0.026528986170887947,0.08853483200073242,0.03113812953233719,0.9612944523470839,0.87890625,0.9844444394111633,0.06233769282698631
exact,17,30% noise,OOD noise,39,-1.590419054031372,0.03228527680039406,0.10637586563825607,0.034793008118867874,0.9541033434650456,0.8623046875,0.9818799495697021,0.06309260427951813
exact,17,30% noise,OOD noise,40,-1.590419054031372,0.034340642392635345,0.12117889523506165,0.041230425238609314,0.9472246503496503,0.865234375,0.9717833399772644,0.06418395042419434
exact,17,30% noise,OOD noise,41,-1.590419054031372,0.029831551015377045,0.10610637068748474,0.030501417815685272,0.941883797544175,0.87890625,0.9788889288902283,0.06274814158678055
exact,17,30% noise,OOD noise,42,-1.590419054031372,0.03400988131761551,0.11769712716341019,0.03715910390019417,0.9482942626872262,0.8642578125,0.9785311222076416,0.0629090890288353
exact,17,30% noise,OOD noise,43,-1.590419054031372,0.037423960864543915,0.1328786462545395,0.04071199148893356,0.9467678412621414,0.87109375,0.966367781162262,0.06326956301927567
exact,17,30% noise,OOD noise,44,-1.590419054031372,0.03595251217484474,0.12070132791996002,0.04463529586791992,0.9548529995151408,0.8662109375,0.9740698337554932,0.06350383162498474
exact,17,30% noise,OOD noise,45,-1.590419054031372,0.030073465779423714,0.10161369293928146,0.03405940905213356,0.9505341543356326,0.873046875,0.9821029305458069,0.06293747574090958
exact,17,30% noise,OOD noise,46,-1.590419054031372,0.026856204494833946,0.0951128751039505,0.0274888277053833,0.9523029061385538,0.8779296875,0.9844270944595337,0.06158533692359924
exact,17,30% noise,OOD noise,47,-1.590419054031372,0.031090853735804558,0.10571582615375519,0.040809132158756256,0.9514231207508035,0.87890625,0.9711111187934875,0.0636218786239624
foundation,17,30% noise,OOD noise,48,-1.5919537544250488,0.028423449024558067,0.0937214270234108,0.036206163465976715,0.9536354056902002,0.87890625,0.9800000190734863,0.0629141703248024
foundation,17,30% noise,OOD noise,49,-1.5919537544250488,0.031268730759620667,0.1037241518497467,0.03944217413663864,0.9455629227781126,0.873046875,0.9809843301773071,0.06043342500925064
foundation,17,30% noise,OOD noise,50,-1.5919537544250488,0.033628758043050766,0.11981278657913208,0.04138243943452835,0.9454739084132056,0.8828125,0.9723451137542725,0.06505262851715088
foundation,17,30% noise,OOD noise,51,-1.5919537544250488,0.029714297503232956,0.09784246981143951,0.037469103932380676,0.955177436440678,0.8740234375,0.9832401871681213,0.06500619649887085
foundation,17,30% noise,OOD noise,52,-1.5919537544250488,0.03546810895204544,0.1349547803401947,0.03787057846784592,0.9368163878970118,0.8720703125,0.9720045328140259,0.06202460080385208
foundation,17,30% noise,OOD noise,53,-1.5919537544250488,0.026498204097151756,0.09082461893558502,0.033094193786382675,0.952500189695728,0.884765625,0.9823399782180786,0.06187618896365166
foundation,17,30% noise,OOD noise,54,-1.5919537544250488,0.03511914238333702,0.12858842313289642,0.04266728088259697,0.9395060986600974,0.873046875,0.9664429426193237,0.06385646760463715
foundation,17,30% noise,OOD noise,55,-1.5919537544250488,0.03897591307759285,0.13936398923397064,0.04555271938443184,0.9408225574712644,0.8681640625,0.9640045166015625,0.06259375810623169
foundation,17,30% noise,OOD noise,56,-1.5919537544250488,0.035636983811855316,0.12462295591831207,0.04122881963849068,0.9480965976683321,0.875,0.9720982313156128,0.06298568844795227
foundation,17,30% noise,OOD noise,57,-1.5919537544250488,0.029181690886616707,0.09690923988819122,0.0371624156832695,0.9460063224446786,0.8662109375,0.9819616079330444,0.0659954845905304
foundation,17,30% noise,OOD noise,58,-1.5919537544250488,0.024218089878559113,0.08407016098499298,0.025149930268526077,0.9572916666666668,0.8740234375,0.986592173576355,0.06368274986743927
foundation,17,30% noise,OOD noise,59,-1.5919537544250488,0.029628891497850418,0.10550911724567413,0.035857610404491425,0.9490119173329311,0.87890625,0.9755555987358093,0.06194423511624336
foundation,17,30% noise,OOD noise,60,-1.5919537544250488,0.028486136347055435,0.09905444085597992,0.032722003757953644,0.955532139093783,0.8837890625,0.9767955541610718,0.06214185059070587
foundation,17,30% noise,OOD noise,61,-1.5919537544250488,0.029305675998330116,0.10279743373394012,0.034727465361356735,0.9454724271162628,0.8759765625,0.9799331426620483,0.06543242186307907
foundation,17,30% noise,OOD noise,62,-1.5919537544250488,0.03052867203950882,0.10770581662654877,0.0390256829559803,0.944961575219617,0.8681640625,0.9797526001930237,0.06250634044408798
foundation,17,30% noise,OOD noise,63,-1.5919537544250488,0.026789819821715355,0.09064456820487976,0.03253478184342384,0.9565417801016954,0.8759765625,0.9810479879379272,0.06250964105129242
exact,17,30% noise,OOD noise,48,-1.590419054031372,0.02984820492565632,0.09904026240110397,0.038197360932826996,0.9510896080663523,0.8759765625,0.9777035117149353,0.0632377415895462
exact,17,30% noise,OOD noise,49,-1.590419054031372,0.03411409258842468,0.11366238445043564,0.04333052784204483,0.9481837606837606,0.8681640625,0.9775028228759766,0.06051507592201233
exact,17,30% noise,OOD noise,50,-1.590419054031372,0.03470982238650322,0.12407474964857101,0.042790621519088745,0.941525759904795,0.87890625,0.9688889384269714,0.06521429866552353
exact,17,30% noise,OOD noise,51,-1.590419054031372,0.031335871666669846,0.10372013598680496,0.03969345986843109,0.9575048346308326,0.8740234375,0.9821228981018066,0.06507308781147003
exact,17,30% noise,OOD noise,52,-1.590419054031372,0.03703031688928604,0.1412026584148407,0.04073226451873779,0.9355885357207234,0.8701171875,0.9685747027397156,0.06224653869867325
exact,17,30% noise,OOD noise,53,-1.590419054031372,0.028009161353111267,0.09635825455188751,0.035373538732528687,0.9462563641808925,0.8818359375,0.9822812676429749,0.062083397060632706
exact,17,30% noise,OOD noise,54,-1.590419054031372,0.03759307041764259,0.1384202092885971,0.04616766422986984,0.9374879610220385,0.8681640625,0.9640045166015625,0.06413473188877106
exact,17,30% noise,OOD noise,55,-1.590419054031372,0.04022853821516037,0.14486455917358398,0.0475885346531868,0.9336723239942529,0.8662109375,0.9605411291122437,0.06261225789785385
exact,17,30% noise,OOD noise,56,-1.590419054031372,0.03774971514940262,0.13363751769065857,0.04453931376338005,0.9463900862068965,0.8720703125,0.9675252437591553,0.0632425919175148
exact,17,30% noise,OOD noise,57,-1.590419054031372,0.03055049292743206,0.10182067006826401,0.03925798088312149,0.9408172329558071,0.8662109375,0.9785794615745544,0.06604492664337158
exact,17,30% noise,OOD noise,58,-1.590419054031372,0.025017056614160538,0.08660662174224854,0.02527994103729725,0.9589742800886045,0.8720703125,0.986562192440033,0.06395666301250458
exact,17,30% noise,OOD noise,59,-1.590419054031372,0.03071545623242855,0.11005175858736038,0.03760557249188423,0.9486890889830508,0.8818359375,0.9734219312667847,0.06202496588230133
exact,17,30% noise,OOD noise,60,-1.590419054031372,0.03115369938313961,0.10882143676280975,0.03738643229007721,0.9489141949152542,0.8798828125,0.9722530841827393,0.062330231070518494
exact,17,30% noise,OOD noise,61,-1.590419054031372,0.030757831409573555,0.10810383409261703,0.037073392421007156,0.9409893169132874,0.8720703125,0.9776036143302917,0.06550240516662598
exact,17,30% noise,OOD noise,62,-1.590419054031372,0.03320639580488205,0.1174052283167839,0.04303549975156784,0.9426719114219114,0.8603515625,0.9772985577583313,0.06289836764335632
exact,17,30% noise,OOD noise,63,-1.590419054031372,0.02841796725988388,0.09633685648441315,0.03512033447623253,0.9533089051743282,0.875,0.9799107313156128,0.06280461698770523
foundation,17,180-degree aperture,OOD aperture,0,-1.5919537544250488,0.06500311940908432,0.21019016206264496,0.06872732937335968,0.9189695550351288,0.7587890625,0.96138995885849,0.07068715989589691
foundation,17,180-degree aperture,OOD aperture,1,-1.5919537544250488,0.054439205676317215,0.17307382822036743,0.059312280267477036,0.9307359307359307,0.763671875,0.9769821166992188,0.07174544036388397
foundation,17,180-degree aperture,OOD aperture,2,-1.5919537544250488,0.04558304324746132,0.1497887670993805,0.05574221536517143,0.927714144306572,0.7783203125,0.9799246788024902,0.07105440646409988
foundation,17,180-degree aperture,OOD aperture,3,-1.5919537544250488,0.06374255567789078,0.21055704355239868,0.07107852399349213,0.9050580286335147,0.7568359375,0.9509677886962891,0.07215814292430878
foundation,17,180-degree aperture,OOD aperture,4,-1.5919537544250488,0.05537795647978783,0.18402422964572906,0.06102939695119858,0.9079125966027225,0.763671875,0.9616368412971497,0.0725310668349266
foundation,17,180-degree aperture,OOD aperture,5,-1.5919537544250488,0.0464569553732872,0.15246377885341644,0.0450914204120636,0.9421032069574671,0.7744140625,0.9886506795883179,0.07193927466869354
foundation,17,180-degree aperture,OOD aperture,6,-1.5919537544250488,0.05735908821225166,0.18977023661136627,0.058216486126184464,0.9060147476243366,0.7509765625,0.9700910449028015,0.07085590809583664
foundation,17,180-degree aperture,OOD aperture,7,-1.5919537544250488,0.04593048617243767,0.15272167325019836,0.04543249309062958,0.9330787994485099,0.77734375,0.9861809015274048,0.07007255405187607
foundation,17,180-degree aperture,OOD aperture,8,-1.5919537544250488,0.06760554760694504,0.22165453433990479,0.07015718519687653,0.9071268697456054,0.75390625,0.9520725011825562,0.07230980694293976
foundation,17,180-degree aperture,OOD aperture,9,-1.5919537544250488,0.05474746227264404,0.1803540140390396,0.06270895153284073,0.9043641853090888,0.734375,0.9667552709579468,0.07271969318389893
foundation,17,180-degree aperture,OOD aperture,10,-1.5919537544250488,0.0544540211558342,0.17882342636585236,0.05967257544398308,0.9108894853757867,0.7412109375,0.9696969985961914,0.07308109104633331
foundation,17,180-degree aperture,OOD aperture,11,-1.5919537544250488,0.06298262625932693,0.21273638308048248,0.06776376813650131,0.9021267313774676,0.7646484375,0.9501915574073792,0.07263728976249695
foundation,17,180-degree aperture,OOD aperture,12,-1.5919537544250488,0.05608163774013519,0.18702389299869537,0.0607563778758049,0.9175156800948606,0.783203125,0.9600997567176819,0.07067947089672089
foundation,17,180-degree aperture,OOD aperture,13,-1.5919537544250488,0.05822053551673889,0.18981587886810303,0.06691224873065948,0.9055748823340252,0.73828125,0.964285671710968,0.07375475764274597
foundation,17,180-degree aperture,OOD aperture,14,-1.5919537544250488,0.061521176248788834,0.19883160293102264,0.06869354099035263,0.9041633711692069,0.7392578125,0.9656539559364319,0.07294771075248718
foundation,17,180-degree aperture,OOD aperture,15,-1.5919537544250488,0.052972737699747086,0.1717604547739029,0.056860972195863724,0.923161054615689,0.7607421875,0.9768934845924377,0.0728561282157898
exact,17,180-degree aperture,OOD aperture,0,-1.590419054031372,0.06440398097038269,0.20797669887542725,0.06758511066436768,0.918613707165109,0.759765625,0.9640102982521057,0.07068799436092377
exact,17,180-degree aperture,OOD aperture,1,-1.590419054031372,0.05383479967713356,0.17132540047168732,0.0596599355340004,0.9316689553739598,0.763671875,0.97826087474823,0.07173466682434082
exact,17,180-degree aperture,OOD aperture,2,-1.590419054031372,0.04503124579787254,0.14831098914146423,0.05665888637304306,0.9256652499932325,0.7783203125,0.9799246788024902,0.07104665040969849
exact,17,180-degree aperture,OOD aperture,3,-1.590419054031372,0.06319809705018997,0.2085399329662323,0.07007265090942383,0.9064509787401354,0.7578125,0.9523195624351501,0.07216337323188782
exact,17,180-degree aperture,OOD aperture,4,-1.590419054031372,0.05483328551054001,0.18213845789432526,0.0599360466003418,0.9089015151515151,0.765625,0.9617346525192261,0.07251858711242676
exact,17,180-degree aperture,OOD aperture,5,-1.590419054031372,0.04598887637257576,0.15134035050868988,0.044348493218421936,0.9431797782583794,0.7744140625,0.9899117350578308,0.07193364202976227
exact,17,180-degree aperture,OOD aperture,6,-1.590419054031372,0.056804314255714417,0.18792179226875305,0.05703059583902359,0.9054903735139015,0.7490234375,0.9739243388175964,0.07087494432926178
exact,17,180-degree aperture,OOD aperture,7,-1.590419054031372,0.04545490816235542,0.15144380927085876,0.04713238775730133,0.930980031220956,0.775390625,0.9874054789543152,0.07007647305727005
exact,17,180-degree aperture,OOD aperture,8,-1.590419054031372,0.0670628547668457,0.21949155628681183,0.0690210834145546,0.9081398298403297,0.755859375,0.9534884095191956,0.07232622057199478
exact,17,180-degree aperture,OOD aperture,9,-1.590419054031372,0.05415288731455803,0.17848414182662964,0.061508454382419586,0.9063081617086193,0.732421875,0.9693333506584167,0.07269684970378876
exact,17,180-degree aperture,OOD aperture,10,-1.590419054031372,0.053845640271902084,0.17693917453289032,0.05838659405708313,0.9094033188184066,0.7392578125,0.9735799431800842,0.07308070361614227
exact,17,180-degree aperture,OOD aperture,11,-1.590419054031372,0.06243140995502472,0.21067295968532562,0.06666366755962372,0.9015199935350686,0.7626953125,0.9526248574256897,0.07262642681598663
exact,17,180-degree aperture,OOD aperture,12,-1.590419054031372,0.05554836988449097,0.18511953949928284,0.0597081333398819,0.9186379506492487,0.783203125,0.9625935554504395,0.07066446542739868
exact,17,180-degree aperture,OOD aperture,13,-1.590419054031372,0.05764908343553543,0.18795903027057648,0.06579548865556717,0.9070739573461457,0.7373046875,0.9682119488716125,0.07373571395874023
exact,17,180-degree aperture,OOD aperture,14,-1.590419054031372,0.06088520959019661,0.19672493636608124,0.06749965250492096,0.9060611268654578,0.73828125,0.9682539105415344,0.07294076681137085
exact,17,180-degree aperture,OOD aperture,15,-1.590419054031372,0.05239581689238548,0.170037180185318,0.0556766651570797,0.9214251893939394,0.7607421875,0.9781771898269653,0.07283855974674225
foundation,17,180-degree aperture,OOD aperture,16,-1.5919537544250488,0.07425858080387115,0.24325883388519287,0.08615515381097794,0.8913728099356842,0.7353515625,0.941567063331604,0.07382933795452118
foundation,17,180-degree aperture,OOD aperture,17,-1.5919537544250488,0.06668224930763245,0.21977058053016663,0.0781983807682991,0.8982555780933063,0.7470703125,0.9490196108818054,0.07278069108724594
foundation,17,180-degree aperture,OOD aperture,18,-1.5919537544250488,0.06719417870044708,0.2175883799791336,0.07632223516702652,0.8971912521440822,0.728515625,0.9584450721740723,0.07385556399822235
foundation,17,180-degree aperture,OOD aperture,19,-1.5919537544250488,0.06568257510662079,0.21230578422546387,0.07592552155256271,0.8990388142930515,0.7138671875,0.9644322991371155,0.07412828505039215
foundation,17,180-degree aperture,OOD aperture,20,-1.5919537544250488,0.06356637179851532,0.20534999668598175,0.07163573056459427,0.907563025210084,0.73828125,0.9616401791572571,0.07339487969875336
foundation,17,180-degree aperture,OOD aperture,21,-1.5919537544250488,0.054254673421382904,0.17666669189929962,0.052551038563251495,0.9317018753705496,0.7744140625,0.9785624146461487,0.0710967630147934
foundation,17,180-degree aperture,OOD aperture,22,-1.5919537544250488,0.047160472720861435,0.15570268034934998,0.053591638803482056,0.9250443895890172,0.755859375,0.9909561276435852,0.07145744562149048
foundation,17,180-degree aperture,OOD aperture,23,-1.5919537544250488,0.06581401079893112,0.21203918755054474,0.06945619732141495,0.9152190081547003,0.73828125,0.9629629254341125,0.0738241896033287
foundation,17,180-degree aperture,OOD aperture,24,-1.5919537544250488,0.07075624167919159,0.23062442243099213,0.08049329370260239,0.9048287858776535,0.744140625,0.9461942315101624,0.07340913265943527
foundation,17,180-degree aperture,OOD aperture,25,-1.5919537544250488,0.06849301606416702,0.2276550829410553,0.07813360542058945,0.9052535496957403,0.765625,0.9413264989852905,0.07275739312171936
foundation,17,180-degree aperture,OOD aperture,26,-1.5919537544250488,0.0571882426738739,0.18552352488040924,0.06267819553613663,0.915869185938602,0.751953125,0.9701298475265503,0.07253007590770721
foundation,17,180-degree aperture,OOD aperture,27,-1.5919537544250488,0.06022556126117706,0.19684310257434845,0.06309693306684494,0.9149004589703862,0.7578125,0.9652061462402344,0.07191198319196701
foundation,17,180-degree aperture,OOD aperture,28,-1.5919537544250488,0.06361398845911026,0.2066555917263031,0.07445191591978073,0.9086218910806174,0.732421875,0.9586666822433472,0.07366172969341278
foundation,17,180-degree aperture,OOD aperture,29,-1.5919537544250488,0.05595753341913223,0.18595804274082184,0.055669013410806656,0.9263503604081506,0.7880859375,0.9653035998344421,0.07073482871055603
foundation,17,180-degree aperture,OOD aperture,30,-1.5919537544250488,0.05052309110760689,0.16480238735675812,0.04795673117041588,0.9379610999329309,0.7734375,0.9785353541374207,0.07101652026176453
foundation,17,180-degree aperture,OOD aperture,31,-1.5919537544250488,0.05200022831559181,0.17096000909805298,0.05382438749074936,0.9195050125810624,0.7548828125,0.9754204750061035,0.07080505788326263
exact,17,180-degree aperture,OOD aperture,16,-1.590419054031372,0.07373792678117752,0.2410653680562973,0.08536520600318909,0.8978866185897436,0.732421875,0.9440000057220459,0.07386814057826996
exact,17,180-degree aperture,OOD aperture,17,-1.590419054031372,0.0659886822104454,0.21720324456691742,0.07709057629108429,0.900287319236804,0.7490234375,0.9504563212394714,0.07274352759122849
exact,17,180-degree aperture,OOD aperture,18,-1.590419054031372,0.06651783734560013,0.21521641314029694,0.07511571049690247,0.9005681818181819,0.7265625,0.9610214829444885,0.0738496407866478
exact,17,180-degree aperture,OOD aperture,19,-1.590419054031372,0.06513389945030212,0.21036767959594727,0.07489616423845291,0.9020270946311009,0.71484375,0.9658469557762146,0.074135921895504
exact,17,180-degree aperture,OOD aperture,20,-1.590419054031372,0.0629824548959732,0.20336699485778809,0.07053907215595245,0.9104973136795702,0.740234375,0.9617414474487305,0.07339116930961609
exact,17,180-degree aperture,OOD aperture,21,-1.590419054031372,0.053732458502054214,0.17506402730941772,0.05135209858417511,0.9309343434343434,0.775390625,0.9811082482337952,0.07108987122774124
exact,17,180-degree aperture,OOD aperture,22,-1.590419054031372,0.04664435237646103,0.15435592830181122,0.053396645933389664,0.9279199688190204,0.7578125,0.9909793734550476,0.07144555449485779
exact,17,180-degree aperture,OOD aperture,23,-1.590419054031372,0.0652742087841034,0.21019567549228668,0.06838241219520569,0.9116430020283975,0.73828125,0.964285671710968,0.07381750643253326
exact,17,180-degree aperture,OOD aperture,24,-1.590419054031372,0.07005857676267624,0.22791023552417755,0.07941518723964691,0.9045047854817645,0.7421875,0.9500000476837158,0.07340219616889954
exact,17,180-degree aperture,OOD aperture,25,-1.590419054031372,0.06811665743589401,0.22599542140960693,0.07745088636875153,0.9069371196754563,0.7646484375,0.9438058733940125,0.07277856767177582
exact,17,180-degree aperture,OOD aperture,26,-1.590419054031372,0.05660258233547211,0.18365606665611267,0.06152491644024849,0.9170323928944619,0.7548828125,0.9728331565856934,0.07253146171569824
exact,17,180-degree aperture,OOD aperture,27,-1.590419054031372,0.0596957728266716,0.19499777257442474,0.06194239854812622,0.9177946034437395,0.7548828125,0.9702457785606384,0.07191415131092072
exact,17,180-degree aperture,OOD aperture,28,-1.590419054031372,0.0629558265209198,0.20435652136802673,0.07332687079906464,0.9104088844018172,0.736328125,0.9602121710777283,0.07364840805530548
exact,17,180-degree aperture,OOD aperture,29,-1.590419054031372,0.0554780550301075,0.1842603087425232,0.05457095056772232,0.9286672699472649,0.787109375,0.9665012359619141,0.07074876129627228
exact,17,180-degree aperture,OOD aperture,30,-1.590419054031372,0.05001770704984665,0.1634415090084076,0.04673253744840622,0.9374838396897222,0.771484375,0.9835442900657654,0.07101047784090042
exact,17,180-degree aperture,OOD aperture,31,-1.590419054031372,0.051450684666633606,0.16934968531131744,0.052581965923309326,0.9209542972118425,0.7548828125,0.9767141342163086,0.07078266143798828
foundation,17,180-degree aperture,OOD aperture,32,-1.5919537544250488,0.061656054109334946,0.19804438948631287,0.06993291527032852,0.9094695705384959,0.7373046875,0.9655629396438599,0.07214243710041046
foundation,17,180-degree aperture,OOD aperture,33,-1.5919537544250488,0.051796458661556244,0.16920191049575806,0.049402981996536255,0.9281270200387848,0.7685546875,0.9822108745574951,0.07099904119968414
foundation,17,180-degree aperture,OOD aperture,34,-1.5919537544250488,0.06796804070472717,0.2260856032371521,0.06672372668981552,0.9040753828032979,0.7412109375,0.9552042484283447,0.07337329536676407
foundation,17,180-degree aperture,OOD aperture,35,-1.5919537544250488,0.06353946030139923,0.2070625275373459,0.0755472332239151,0.8923441859827373,0.71875,0.95923912525177,0.07358790189027786
foundation,17,180-degree aperture,OOD aperture,36,-1.5919537544250488,0.06857828795909882,0.2218867391347885,0.08206295967102051,0.8931899454464776,0.72265625,0.954054057598114,0.07334498316049576
foundation,17,180-degree aperture,OOD aperture,37,-1.5919537544250488,0.055688925087451935,0.18491242825984955,0.056486669927835464,0.9128666706904877,0.736328125,0.970822274684906,0.07311789691448212
foundation,17,180-degree aperture,OOD aperture,38,-1.5919537544250488,0.061489373445510864,0.20728442072868347,0.06178244203329086,0.9149516180898647,0.7734375,0.9545454382896423,0.07194459438323975
foundation,17,180-degree aperture,OOD aperture,39,-1.5919537544250488,0.06613174080848694,0.22006133198738098,0.07478466629981995,0.8983992545616377,0.7685546875,0.9415501356124878,0.07409476488828659
foundation,17,180-degree aperture,OOD aperture,40,-1.5919537544250488,0.056880008429288864,0.18454095721244812,0.06012725457549095,0.9207764492647703,0.7431640625,0.9724047183990479,0.0723595917224884
foundation,17,180-degree aperture,OOD aperture,41,-1.5919537544250488,0.055996157228946686,0.18414004147052765,0.06190381199121475,0.9013007001448576,0.7265625,0.9731183052062988,0.07238873839378357
foundation,17,180-degree aperture,OOD aperture,42,-1.5919537544250488,0.06588169932365417,0.21412967145442963,0.07459743320941925,0.8989937741881204,0.73046875,0.9572192430496216,0.07377616316080093
foundation,17,180-degree aperture,OOD aperture,43,-1.5919537544250488,0.061367638409137726,0.1995065063238144,0.06692425906658173,0.9087847419171866,0.7373046875,0.9668874144554138,0.07323655486106873
foundation,17,180-degree aperture,OOD aperture,44,-1.5919537544250488,0.0633387416601181,0.20786282420158386,0.07143422961235046,0.9063682131731197,0.748046875,0.9595300555229187,0.07331724464893341
foundation,17,180-degree aperture,OOD aperture,45,-1.5919537544250488,0.057837940752506256,0.19065023958683014,0.06510907411575317,0.9038885200386286,0.75,0.9609375,0.07080543041229248
foundation,17,180-degree aperture,OOD aperture,46,-1.5919537544250488,0.06190946325659752,0.20194971561431885,0.06453916430473328,0.9166078577966588,0.744140625,0.9645669460296631,0.07236745208501816
foundation,17,180-degree aperture,OOD aperture,47,-1.5919537544250488,0.06162125989794731,0.1987244337797165,0.07081697136163712,0.9065976858032933,0.7333984375,0.9653794765472412,0.07297999411821365
exact,17,180-degree aperture,OOD aperture,32,-1.590419054031372,0.06097811460494995,0.1958705484867096,0.06870944797992706,0.9127934468179795,0.736328125,0.9681697487831116,0.07213766872882843
exact,17,180-degree aperture,OOD aperture,33,-1.590419054031372,0.051284439861774445,0.16770879924297333,0.048128943890333176,0.9277243432459843,0.7685546875,0.9822108745574951,0.07099184393882751
exact,17,180-degree aperture,OOD aperture,34,-1.590419054031372,0.06748101860284805,0.2242809385061264,0.06550967693328857,0.9050574712643678,0.73828125,0.9550264477729797,0.07336761057376862
exact,17,180-degree aperture,OOD aperture,35,-1.590419054031372,0.06284872442483902,0.2046872228384018,0.07435449957847595,0.8927436935534102,0.71875,0.9605978727340698,0.0735820084810257
exact,17,180-degree aperture,OOD aperture,36,-1.590419054031372,0.06786198914051056,0.2192816287279129,0.08096607774496078,0.8949096557283578,0.7216796875,0.9566981792449951,0.07334139943122864
exact,17,180-degree aperture,OOD aperture,37,-1.590419054031372,0.05507271736860275,0.18309630453586578,0.055070191621780396,0.9096399481673454,0.73828125,0.9735449552536011,0.0730961412191391
exact,17,180-degree aperture,OOD aperture,38,-1.590419054031372,0.060964129865169525,0.20537598431110382,0.06058887392282486,0.9141631218244122,0.7724609375,0.9570164680480957,0.07194872200489044
exact,17,180-degree aperture,OOD aperture,39,-1.590419054031372,0.06564541161060333,0.21812836825847626,0.0738796815276146,0.9011529261237206,0.7666015625,0.9426751732826233,0.07409270107746124
exact,17,180-degree aperture,OOD aperture,40,-1.590419054031372,0.05627552419900894,0.18273980915546417,0.05942407250404358,0.920529067706487,0.744140625,0.9737532734870911,0.07236181199550629
exact,17,180-degree aperture,OOD aperture,41,-1.590419054031372,0.05535413697361946,0.18219728767871857,0.060546956956386566,0.9032338817960447,0.7265625,0.9744623899459839,0.07236269116401672
exact,17,180-degree aperture,OOD aperture,42,-1.590419054031372,0.06536133587360382,0.21226587891578674,0.07361848652362823,0.9000946585530764,0.728515625,0.9597855806350708,0.07378373295068741
exact,17,180-degree aperture,OOD aperture,43,-1.590419054031372,0.06076565384864807,0.1974879503250122,0.06571999937295914,0.9119186046511628,0.7353515625,0.9694555401802063,0.07322555780410767
exact,17,180-degree aperture,OOD aperture,44,-1.590419054031372,0.06266574561595917,0.20542852580547333,0.07025747746229172,0.9097338117489986,0.7470703125,0.9594771265983582,0.07329873740673065
exact,17,180-degree aperture,OOD aperture,45,-1.590419054031372,0.05723971128463745,0.1885828971862793,0.06397939473390579,0.9052289812855115,0.7490234375,0.9634941220283508,0.07082021236419678
exact,17,180-degree aperture,OOD aperture,46,-1.590419054031372,0.06129920110106468,0.19994166493415833,0.0632629245519638,0.918028758390204,0.7431640625,0.965834379196167,0.07232882082462311
exact,17,180-degree aperture,OOD aperture,47,-1.590419054031372,0.06103220954537392,0.19677245616912842,0.06972680985927582,0.9094765242545616,0.732421875,0.9653333425521851,0.0729796290397644
foundation,17,180-degree aperture,OOD aperture,48,-1.5919537544250488,0.054017335176467896,0.1781708151102066,0.04892481118440628,0.9323321400506418,0.779296875,0.9736841917037964,0.0711398646235466
foundation,17,180-degree aperture,OOD aperture,49,-1.5919537544250488,0.06320550292730331,0.20991633832454681,0.06918716430664062,0.9087138400453771,0.767578125,0.9465649127960205,0.07444688677787781
foundation,17,180-degree aperture,OOD aperture,50,-1.5919537544250488,0.06249960511922836,0.2059207409620285,0.06486378610134125,0.9123290794695852,0.763671875,0.9578005075454712,0.07317882776260376
foundation,17,180-degree aperture,OOD aperture,51,-1.5919537544250488,0.07811092585325241,0.2613027095794678,0.08848872780799866,0.8877821801550615,0.736328125,0.9270557165145874,0.07404091209173203
foundation,17,180-degree aperture,OOD aperture,52,-1.5919537544250488,0.06170082092285156,0.2025672048330307,0.0648307278752327,0.9118689733408962,0.7490234375,0.9634941220283508,0.07395385205745697
foundation,17,180-degree aperture,OOD aperture,53,-1.5919537544250488,0.06832769513130188,0.22552989423274994,0.07996872067451477,0.8968643067256318,0.74609375,0.9476439952850342,0.07258334755897522
foundation,17,180-degree aperture,OOD aperture,54,-1.5919537544250488,0.0666576400399208,0.2181735634803772,0.06974395364522934,0.9096872319897084,0.740234375,0.9577836990356445,0.0723407119512558
foundation,17,180-degree aperture,OOD aperture,55,-1.5919537544250488,0.053470391780138016,0.17249280214309692,0.05667944625020027,0.9304369410249846,0.765625,0.9795918464660645,0.06996297091245651
foundation,17,180-degree aperture,OOD aperture,56,-1.5919537544250488,0.0665522888302803,0.2239212691783905,0.06999284029006958,0.9111076394313388,0.7646484375,0.9399744272232056,0.07341040670871735
foundation,17,180-degree aperture,OOD aperture,57,-1.5919537544250488,0.05147652328014374,0.17227910459041595,0.04698318615555763,0.9289891395154554,0.7939453125,0.9704796671867371,0.07221616804599762
foundation,17,180-degree aperture,OOD aperture,58,-1.5919537544250488,0.0483434684574604,0.15624111890792847,0.05189484357833862,0.9390981054583996,0.77734375,0.9849246144294739,0.0721917450428009
foundation,17,180-degree aperture,OOD aperture,59,-1.5919537544250488,0.05582569167017937,0.17998644709587097,0.05844809487462044,0.9253392807021535,0.7626953125,0.9731113910675049,0.07014055550098419
foundation,17,180-degree aperture,OOD aperture,60,-1.5919537544250488,0.06630071252584457,0.21089087426662445,0.07548849284648895,0.9095080617313465,0.724609375,0.9663072824478149,0.07406766712665558
foundation,17,180-degree aperture,OOD aperture,61,-1.5919537544250488,0.049182478338479996,0.1605607271194458,0.04930209368467331,0.9304423155320016,0.783203125,0.9812967777252197,0.0697527676820755
foundation,17,180-degree aperture,OOD aperture,62,-1.5919537544250488,0.06977002322673798,0.22655630111694336,0.07935798168182373,0.9067642492792194,0.7353515625,0.9428951144218445,0.07346541434526443
foundation,17,180-degree aperture,OOD aperture,63,-1.5919537544250488,0.059885114431381226,0.19420629739761353,0.06567148119211197,0.9182477270734061,0.76171875,0.9666666984558105,0.07208560407161713
exact,17,180-degree aperture,OOD aperture,48,-1.590419054031372,0.05354702100157738,0.17665904760360718,0.047704849392175674,0.9331864201079493,0.7802734375,0.9749687314033508,0.07114116847515106
exact,17,180-degree aperture,OOD aperture,49,-1.590419054031372,0.06260542571544647,0.20765773952007294,0.06806483119726181,0.9101629578960119,0.7666015625,0.950318455696106,0.07442597299814224
exact,17,180-degree aperture,OOD aperture,50,-1.590419054031372,0.06194937229156494,0.20392818748950958,0.06367151439189911,0.9118919269052776,0.7626953125,0.9603073000907898,0.07318484783172607
exact,17,180-degree aperture,OOD aperture,51,-1.590419054031372,0.07780816406011581,0.2598538100719452,0.08783068507909775,0.8884669943991979,0.7353515625,0.9269588589668274,0.0740533173084259
exact,17,180-degree aperture,OOD aperture,52,-1.590419054031372,0.061306290328502655,0.20127180218696594,0.06393216550350189,0.9122293238708022,0.748046875,0.9634464979171753,0.07398103177547455
exact,17,180-degree aperture,OOD aperture,53,-1.590419054031372,0.0676160529255867,0.22281011939048767,0.07884658873081207,0.898605006432247,0.7470703125,0.9490196108818054,0.07255640625953674
exact,17,180-degree aperture,OOD aperture,54,-1.590419054031372,0.06606889516115189,0.21611015498638153,0.068516306579113,0.9108732963149925,0.7421875,0.9578948020935059,0.07232658565044403
exact,17,180-degree aperture,OOD aperture,55,-1.590419054031372,0.05290646478533745,0.1707809865474701,0.05553809180855751,0.9315068493150684,0.7646484375,0.9808428883552551,0.06994728744029999
exact,17,180-degree aperture,OOD aperture,56,-1.590419054031372,0.06591971218585968,0.22148069739341736,0.06860347837209702,0.9127497543399935,0.76953125,0.9403553009033203,0.07337209582328796
exact,17,180-degree aperture,OOD aperture,57,-1.590419054031372,0.05105181410908699,0.1708623468875885,0.04519038647413254,0.9314194577352471,0.7939453125,0.971709668636322,0.07220295071601868
exact,17,180-degree aperture,OOD aperture,58,-1.590419054031372,0.04786521941423416,0.1549784541130066,0.052744753658771515,0.9413337970323264,0.77734375,0.9861809015274048,0.072191521525383
exact,17,180-degree aperture,OOD aperture,59,-1.590419054031372,0.0552402138710022,0.17819751799106598,0.05726718157529831,0.9280171138572176,0.7646484375,0.9744572043418884,0.07010961323976517
exact,17,180-degree aperture,OOD aperture,60,-1.590419054031372,0.06547861546278,0.20814955234527588,0.07415600121021271,0.9116789733122553,0.724609375,0.9690026640892029,0.0740228146314621
exact,17,180-degree aperture,OOD aperture,61,-1.590419054031372,0.04867713153362274,0.1590634286403656,0.048167064785957336,0.9327778910178014,0.78125,0.9837499856948853,0.06975525617599487
exact,17,180-degree aperture,OOD aperture,62,-1.590419054031372,0.06906792521476746,0.22404207289218903,0.07817324995994568,0.9099325159205399,0.732421875,0.9493333101272583,0.07344914972782135
exact,17,180-degree aperture,OOD aperture,63,-1.590419054031372,0.059438396245241165,0.19259777665138245,0.06479331851005554,0.9201333060484695,0.7578125,0.9716494679450989,0.0721161887049675
foundation,17,heteroscedastic noise,OOD noise,0,-1.5919537544250488,0.02079915441572666,0.07818402349948883,0.02642938308417797,0.975416825414104,0.8876953125,0.9966996908187866,0.0649314746260643
foundation,17,heteroscedastic noise,OOD noise,1,-1.5919537544250488,0.014723173342645168,0.066965252161026,0.044690050184726715,0.9792632204396909,0.888671875,1.0,0.06452970206737518
foundation,17,heteroscedastic noise,OOD noise,2,-1.5919537544250488,0.019174007698893547,0.07643258571624756,0.021307893097400665,0.9640453842635945,0.8857421875,0.993384838104248,0.06325341761112213
foundation,17,heteroscedastic noise,OOD noise,3,-1.5919537544250488,0.014522506855428219,0.06161435693502426,0.03357064351439476,0.9764285537056795,0.875,1.0,0.06634359806776047
foundation,17,heteroscedastic noise,OOD noise,4,-1.5919537544250488,0.02239128015935421,0.08357524871826172,0.030175503343343735,0.972684458398744,0.900390625,0.9956616163253784,0.06642811000347137
foundation,17,heteroscedastic noise,OOD noise,5,-1.5919537544250488,0.01318228617310524,0.06395608186721802,0.039571940898895264,0.9863455207069832,0.91015625,1.0,0.06544428318738937
foundation,17,heteroscedastic noise,OOD noise,6,-1.5919537544250488,0.013478140346705914,0.06057021766901016,0.03693434223532677,0.9860465116279071,0.900390625,1.0,0.06531654298305511
foundation,17,heteroscedastic noise,OOD noise,7,-1.5919537544250488,0.020144551992416382,0.08334152400493622,0.04081886634230614,0.9789411790326443,0.8818359375,0.998892605304718,0.06520874053239822
foundation,17,heteroscedastic noise,OOD noise,8,-1.5919537544250488,0.015172682702541351,0.06489014625549316,0.03721567988395691,0.9703890006706908,0.8955078125,0.9999999403953552,0.06498673558235168
foundation,17,heteroscedastic noise,OOD noise,9,-1.5919537544250488,0.015396654605865479,0.062806636095047,0.025192126631736755,0.9752794715447154,0.8994140625,0.997828483581543,0.0646795853972435
foundation,17,heteroscedastic noise,OOD noise,10,-1.5919537544250488,0.014985758811235428,0.06380146741867065,0.038473956286907196,0.9757126122608357,0.8876953125,0.9988998770713806,0.06405313313007355
foundation,17,heteroscedastic noise,OOD noise,11,-1.5919537544250488,0.014270685613155365,0.053885530680418015,0.02306237444281578,0.976854674796748,0.904296875,0.997840166091919,0.06516587734222412
foundation,17,heteroscedastic noise,OOD noise,12,-1.5919537544250488,0.016961704939603806,0.07331442832946777,0.04362427070736885,0.9764735772357724,0.890625,1.0,0.0657082125544548
foundation,17,heteroscedastic noise,OOD noise,13,-1.5919537544250488,0.014534784480929375,0.06134023517370224,0.04050165042281151,0.9797548775573097,0.8857421875,1.0,0.06516994535923004
foundation,17,heteroscedastic noise,OOD noise,14,-1.5919537544250488,0.013048076070845127,0.056764740496873856,0.036971043795347214,0.971640191014521,0.908203125,1.0,0.06423847377300262
foundation,17,heteroscedastic noise,OOD noise,15,-1.5919537544250488,0.02320050820708275,0.07963504642248154,0.03793084993958473,0.9711034053525385,0.8896484375,0.9989023208618164,0.06408505141735077
exact,17,heteroscedastic noise,OOD noise,0,-1.590419054031372,0.020927781239151955,0.07836141437292099,0.03122645616531372,0.9759406011280075,0.8857421875,0.996692419052124,0.06496873497962952
exact,17,heteroscedastic noise,OOD noise,1,-1.590419054031372,0.014789270237088203,0.06735901534557343,0.04585367068648338,0.9778307800507599,0.888671875,1.0,0.064661905169487
exact,17,heteroscedastic noise,OOD noise,2,-1.590419054031372,0.019203653559088707,0.07650856673717499,0.022076457738876343,0.962078776562639,0.88671875,0.9933920502662659,0.06324761360883713
exact,17,heteroscedastic noise,OOD noise,3,-1.590419054031372,0.014484304934740067,0.06151755899190903,0.03280852362513542,0.9751270325203252,0.8720703125,1.0,0.06640025973320007
exact,17,heteroscedastic noise,OOD noise,4,-1.590419054031372,0.022432569414377213,0.08367790281772614,0.02972375601530075,0.9724751439037154,0.8994140625,0.9967427253723145,0.06645791977643967
exact,17,heteroscedastic noise,OOD noise,5,-1.590419054031372,0.013196825981140137,0.06410197913646698,0.03976751118898392,0.9863455207069833,0.91015625,1.0,0.0654633492231369
exact,17,heteroscedastic noise,OOD noise,6,-1.590419054031372,0.013495469465851784,0.060760676860809326,0.037158239632844925,0.9862487360970678,0.8994140625,1.0,0.06529267132282257
exact,17,heteroscedastic noise,OOD noise,7,-1.590419054031372,0.020018136128783226,0.08307516574859619,0.040850475430488586,0.9789847339881095,0.8818359375,0.998892605304718,0.06528250873088837
exact,17,heteroscedastic noise,OOD noise,8,-1.590419054031372,0.015197763219475746,0.06498231738805771,0.03724090754985809,0.9697518443997317,0.8955078125,0.9999999403953552,0.06503508985042572
exact,17,heteroscedastic noise,OOD noise,9,-1.590419054031372,0.015366235747933388,0.0629221722483635,0.025226011872291565,0.9738383443967201,0.8994140625,0.997828483581543,0.06468028575181961
exact,17,heteroscedastic noise,OOD noise,10,-1.590419054031372,0.014960520900785923,0.06388304382562637,0.038663893938064575,0.9746717198676204,0.8876953125,0.9988998770713806,0.06403099745512009
exact,17,heteroscedastic noise,OOD noise,11,-1.590419054031372,0.014213304966688156,0.053818318992853165,0.023105688393115997,0.9771087398373983,0.904296875,0.997840166091919,0.06518752872943878
exact,17,heteroscedastic noise,OOD noise,12,-1.590419054031372,0.01696300506591797,0.07341725379228592,0.043863117694854736,0.9732304900181489,0.888671875,1.0,0.06577479094266891
exact,17,heteroscedastic noise,OOD noise,13,-1.590419054031372,0.014486708678305149,0.06126183271408081,0.04053950309753418,0.9813311688311688,0.8857421875,1.0,0.06515838205814362
exact,17,heteroscedastic noise,OOD noise,14,-1.590419054031372,0.013031781651079655,0.057006631046533585,0.03733495622873306,0.9703890006706909,0.908203125,1.0,0.06426063179969788
exact,17,heteroscedastic noise,OOD noise,15,-1.590419054031372,0.02324914187192917,0.07973149418830872,0.03754175826907158,0.9699475415666401,0.888671875,0.9989011287689209,0.06428643316030502
foundation,17,heteroscedastic noise,OOD noise,16,-1.5919537544250488,0.01686214655637741,0.06327465176582336,0.028972487896680832,0.9737021857923496,0.875,1.0,0.06463517248630524
foundation,17,heteroscedastic noise,OOD noise,17,-1.5919537544250488,0.01902822218835354,0.07992710918188095,0.04526938125491142,0.9703989703989704,0.8681640625,0.9988752007484436,0.06547755002975464
foundation,17,heteroscedastic noise,OOD noise,18,-1.5919537544250488,0.020382896065711975,0.07934863865375519,0.030938653275370598,0.963265306122449,0.8798828125,0.9966704249382019,0.06541052460670471
foundation,17,heteroscedastic noise,OOD noise,19,-1.5919537544250488,0.011195754632353783,0.05345430225133896,0.03930256515741348,0.9804934021801491,0.9013671875,1.0,0.0647238940000534
foundation,17,heteroscedastic noise,OOD noise,20,-1.5919537544250488,0.01671554520726204,0.06639515608549118,0.0300200916826725,0.9752981058720338,0.8984375,0.9978260397911072,0.06394962221384048
foundation,17,heteroscedastic noise,OOD noise,21,-1.5919537544250488,0.020501282066106796,0.07730419933795929,0.03984611853957176,0.9619129438717068,0.861328125,0.9988662004470825,0.06509207934141159
foundation,17,heteroscedastic noise,OOD noise,22,-1.5919537544250488,0.014248166233301163,0.06792934983968735,0.043137844651937485,0.9788080895008605,0.9072265625,0.9989235401153564,0.06580808013677597
foundation,17,heteroscedastic noise,OOD noise,23,-1.5919537544250488,0.00998623762279749,0.05474233999848366,0.04359465092420578,0.986839247708813,0.9013671875,1.0,0.0647466704249382
foundation,17,heteroscedastic noise,OOD noise,24,-1.5919537544250488,0.007144369184970856,0.041181571781635284,0.03418514505028725,0.9894269525089081,0.9384765625,1.0,0.0653809905052185
foundation,17,heteroscedastic noise,OOD noise,25,-1.5919537544250488,0.018473302945494652,0.06854327768087387,0.027816781774163246,0.9730821559392988,0.88671875,0.9988986253738403,0.06422491371631622
foundation,17,heteroscedastic noise,OOD noise,26,-1.5919537544250488,0.025799091905355453,0.09415063261985779,0.016602473333477974,0.9574076911291558,0.876953125,0.9955456852912903,0.0652938038110733
foundation,17,heteroscedastic noise,OOD noise,27,-1.5919537544250488,0.022042063996195793,0.08272956311702728,0.031170569360256195,0.9761059970721782,0.8974609375,0.9989118576049805,0.06425274908542633
foundation,17,heteroscedastic noise,OOD noise,28,-1.5919537544250488,0.017544761300086975,0.07053898274898529,0.030756082385778427,0.9704777365491651,0.8876953125,0.9977997541427612,0.0649338811635971
foundation,17,heteroscedastic noise,OOD noise,29,-1.5919537544250488,0.018619775772094727,0.07545347511768341,0.039843834936618805,0.9770225872689938,0.8701171875,1.0,0.06474272906780243
foundation,17,heteroscedastic noise,OOD noise,30,-1.5919537544250488,0.021340753883123398,0.08600424230098724,0.04200515151023865,0.9757513661202187,0.86328125,1.0,0.06399935483932495
foundation,17,heteroscedastic noise,OOD noise,31,-1.5919537544250488,0.012889113277196884,0.061310045421123505,0.03926144540309906,0.9784538801589955,0.9111328125,0.9989281296730042,0.0648077130317688
exact,17,heteroscedastic noise,OOD noise,16,-1.590419054031372,0.016770366579294205,0.06311642378568649,0.030691778287291527,0.9727128204011412,0.875,1.0,0.06464190781116486
exact,17,heteroscedastic noise,OOD noise,17,-1.590419054031372,0.01904233545064926,0.08009806275367737,0.04482264444231987,0.9701251403379062,0.8662109375,0.9988725781440735,0.06554952263832092
exact,17,heteroscedastic noise,OOD noise,18,-1.590419054031372,0.02042241208255291,0.0793110802769661,0.030786026269197464,0.9625117739403454,0.87890625,0.996666669845581,0.06553645431995392
exact,17,heteroscedastic noise,OOD noise,19,-1.590419054031372,0.011153757572174072,0.05367380380630493,0.03965742141008377,0.9794940376685612,0.90234375,1.0,0.06465983390808105
exact,17,heteroscedastic noise,OOD noise,20,-1.590419054031372,0.01672958955168724,0.06636753678321838,0.030931536108255386,0.974823981224664,0.8984375,0.9978260397911072,0.06405872106552124
exact,17,heteroscedastic noise,OOD noise,21,-1.590419054031372,0.020500309765338898,0.07729239761829376,0.03998264670372009,0.9617220313096602,0.859375,0.9988635778427124,0.06515870988368988
exact,17,heteroscedastic noise,OOD noise,22,-1.590419054031372,0.014354881830513477,0.06845331937074661,0.04361354932188988,0.975605056266379,0.908203125,0.998924732208252,0.06585884094238281
exact,17,heteroscedastic noise,OOD noise,23,-1.590419054031372,0.010000328533351421,0.05491657555103302,0.04466266557574272,0.9868826825348563,0.90234375,1.0,0.06479357182979584
exact,17,heteroscedastic noise,OOD noise,24,-1.590419054031372,0.007134430110454559,0.04150325804948807,0.03456861525774002,0.9901279280331795,0.9375,1.0,0.06538927555084229
exact,17,heteroscedastic noise,OOD noise,25,-1.590419054031372,0.018398335203528404,0.06842771172523499,0.029256824404001236,0.9735845107273678,0.88671875,0.9988986253738403,0.06426624953746796
exact,17,heteroscedastic noise,OOD noise,26,-1.590419054031372,0.025966331362724304,0.09448301047086716,0.017356809228658676,0.9577493125880223,0.876953125,0.9955456852912903,0.06533683091402054
exact,17,heteroscedastic noise,OOD noise,27,-1.590419054031372,0.02211688458919525,0.0830843448638916,0.03172387555241585,0.9766518621442573,0.896484375,0.998910665512085,0.06426911056041718
exact,17,heteroscedastic noise,OOD noise,28,-1.590419054031372,0.017541976645588875,0.07046793401241302,0.02989247441291809,0.9685181234146457,0.8876953125,0.9977997541427612,0.06498288363218307
exact,17,heteroscedastic noise,OOD noise,29,-1.590419054031372,0.018608883023262024,0.07549965381622314,0.03917621821165085,0.9769199178644765,0.8701171875,1.0,0.06478752195835114
exact,17,heteroscedastic noise,OOD noise,30,-1.590419054031372,0.021379370242357254,0.08609490096569061,0.04472959786653519,0.9751750341530054,0.86328125,1.0,0.06397764384746552
exact,17,heteroscedastic noise,OOD noise,31,-1.590419054031372,0.012922069057822227,0.06159337982535362,0.03957922384142876,0.9788253649838404,0.9111328125,0.9989281296730042,0.06492048501968384
foundation,17,heteroscedastic noise,OOD noise,32,-1.5919537544250488,0.021324187517166138,0.08347006142139435,0.026395641267299652,0.9696354781582055,0.8876953125,0.9911991357803345,0.06570292264223099
foundation,17,heteroscedastic noise,OOD noise,33,-1.5919537544250488,0.014758454635739326,0.06555933505296707,0.038383230566978455,0.9745410212277682,0.8935546875,1.0,0.06370916962623596
foundation,17,heteroscedastic noise,OOD noise,34,-1.5919537544250488,0.01292117778211832,0.061841659247875214,0.03886375203728676,0.9820828279327674,0.9150390625,0.9989327192306519,0.06494612991809845
foundation,17,heteroscedastic noise,OOD noise,35,-1.5919537544250488,0.021015223115682602,0.07955078780651093,0.02274162694811821,0.9716169544740973,0.8916015625,0.996714174747467,0.06448359042406082
foundation,17,heteroscedastic noise,OOD noise,36,-1.5919537544250488,0.019067810848355293,0.07420527189970016,0.03459078446030617,0.974193118164844,0.888671875,1.0,0.0661652535200119
foundation,17,heteroscedastic noise,OOD noise,37,-1.5919537544250488,0.008541371673345566,0.05099768936634064,0.04319913685321808,0.9883069828722002,0.939453125,1.0,0.06321032345294952
foundation,17,heteroscedastic noise,OOD noise,38,-1.5919537544250488,0.011255668476223946,0.05251750722527504,0.03723962604999542,0.982800252609681,0.916015625,1.0,0.06435821205377579
foundation,17,heteroscedastic noise,OOD noise,39,-1.5919537544250488,0.016776610165834427,0.07270289957523346,0.038597047328948975,0.9722058568705596,0.89453125,1.0,0.06387392431497574
foundation,17,heteroscedastic noise,OOD noise,40,-1.5919537544250488,0.01461636833846569,0.06194332614541054,0.029736347496509552,0.9741919701556432,0.9013671875,0.9978331327438354,0.06414280086755753
foundation,17,heteroscedastic noise,OOD noise,41,-1.5919537544250488,0.012023082002997398,0.05704573169350624,0.03920365497469902,0.9845694051911769,0.9091796875,1.0,0.06509187817573547
foundation,17,heteroscedastic noise,OOD noise,42,-1.5919537544250488,0.011844329535961151,0.05877062305808067,0.040603093802928925,0.9779166666666667,0.892578125,1.0,0.06544782221317291
foundation,17,heteroscedastic noise,OOD noise,43,-1.5919537544250488,0.01465498749166727,0.06362908333539963,0.03295483440160751,0.9749241658240647,0.908203125,0.9978494644165039,0.0645037367939949
foundation,17,heteroscedastic noise,OOD noise,44,-1.5919537544250488,0.020786523818969727,0.08195629715919495,0.03787669911980629,0.9764794864226682,0.8623046875,1.0,0.06494767218828201
foundation,17,heteroscedastic noise,OOD noise,45,-1.5919537544250488,0.02223016321659088,0.07909281551837921,0.03576686233282089,0.9684446939921393,0.8505859375,1.0,0.06595200300216675
foundation,17,heteroscedastic noise,OOD noise,46,-1.5919537544250488,0.020640825852751732,0.07697318494319916,0.031181178987026215,0.9785731244064578,0.890625,0.9989035129547119,0.06471000611782074
foundation,17,heteroscedastic noise,OOD noise,47,-1.5919537544250488,0.014528032392263412,0.06256255507469177,0.0378226600587368,0.9743968892905064,0.888671875,1.0,0.06494234502315521
exact,17,heteroscedastic noise,OOD noise,32,-1.590419054031372,0.021331820636987686,0.0834532082080841,0.026472434401512146,0.9696354781582054,0.8876953125,0.9911991357803345,0.06568524986505508
exact,17,heteroscedastic noise,OOD noise,33,-1.590419054031372,0.014786094427108765,0.06588167697191238,0.03875724971294403,0.9747561675272518,0.8916015625,1.0,0.06373468041419983
exact,17,heteroscedastic noise,OOD noise,34,-1.590419054031372,0.012965328991413116,0.062142886221408844,0.039937496185302734,0.982256108126841,0.9150390625,0.9989327192306519,0.0650361031293869
exact,17,heteroscedastic noise,OOD noise,35,-1.590419054031372,0.02101374976336956,0.07963789999485016,0.0227840356528759,0.9713239141810571,0.8916015625,0.996714174747467,0.0644855946302414
exact,17,heteroscedastic noise,OOD noise,36,-1.590419054031372,0.019001910462975502,0.07426274567842484,0.03571474552154541,0.9715677179962895,0.88671875,0.9999999403953552,0.06620976328849792
exact,17,heteroscedastic noise,OOD noise,37,-1.590419054031372,0.008583721704781055,0.051329709589481354,0.043535616248846054,0.9888833992094861,0.9384765625,1.0,0.06320797652006149
exact,17,heteroscedastic noise,OOD noise,38,-1.590419054031372,0.011274559423327446,0.052629612386226654,0.031134743243455887,0.9827259556447119,0.916015625,1.0,0.06443677842617035
exact,17,heteroscedastic noise,OOD noise,39,-1.590419054031372,0.01680995151400566,0.07296395301818848,0.038962095975875854,0.972587073297522,0.8935546875,1.0,0.0638212189078331
exact,17,heteroscedastic noise,OOD noise,40,-1.590419054031372,0.014675158075988293,0.062111735343933105,0.02990260161459446,0.9759358288770054,0.900390625,0.9978308081626892,0.06416622549295425
exact,17,heteroscedastic noise,OOD noise,41,-1.590419054031372,0.012035666964948177,0.05719263479113579,0.03939133882522583,0.9874017674219491,0.91015625,1.0,0.0651073008775711
exact,17,heteroscedastic noise,OOD noise,42,-1.590419054031372,0.011836055666208267,0.059098921716213226,0.04103553667664528,0.9785833333333334,0.892578125,1.0,0.06547296792268753
exact,17,heteroscedastic noise,OOD noise,43,-1.590419054031372,0.014635182917118073,0.06379453837871552,0.03331431746482849,0.9756175068611873,0.9072265625,0.9978471398353577,0.06449753046035767
exact,17,heteroscedastic noise,OOD noise,44,-1.590419054031372,0.020820604637265205,0.08206234127283096,0.037942565977573395,0.9774850777408879,0.861328125,1.0,0.06500199437141418
exact,17,heteroscedastic noise,OOD noise,45,-1.590419054031372,0.02215530164539814,0.07902465760707855,0.03588011860847473,0.9689420068982113,0.8505859375,1.0,0.06595339626073837
exact,17,heteroscedastic noise,OOD noise,46,-1.590419054031372,0.020612306892871857,0.07703432440757751,0.03140889108181,0.9788105413105412,0.890625,0.9989035129547119,0.06473935395479202
exact,17,heteroscedastic noise,OOD noise,47,-1.590419054031372,0.01448364183306694,0.06249530613422394,0.0378347672522068,0.9744790383088255,0.8876953125,1.0,0.06500901281833649
foundation,17,heteroscedastic noise,OOD noise,48,-1.5919537544250488,0.02175927348434925,0.083468958735466,0.027994588017463684,0.9634862557463177,0.8662109375,0.997745156288147,0.06451074779033661
foundation,17,heteroscedastic noise,OOD noise,49,-1.5919537544250488,0.01665712147951126,0.06944631040096283,0.03025740198791027,0.9729082661290323,0.9140625,0.9978632926940918,0.06342798471450806
foundation,17,heteroscedastic noise,OOD noise,50,-1.5919537544250488,0.00838867574930191,0.0448516383767128,0.03384990245103836,0.9849973887860228,0.9326171875,1.0,0.06563331931829453
foundation,17,heteroscedastic noise,OOD noise,51,-1.5919537544250488,0.0151298139244318,0.06466969847679138,0.037882521748542786,0.9710932857991681,0.89453125,1.0,0.06559908390045166
foundation,17,heteroscedastic noise,OOD noise,52,-1.5919537544250488,0.017106691375374794,0.06997770816087723,0.034966807812452316,0.9659247689704542,0.8818359375,0.9977851510047913,0.0666794553399086
foundation,17,heteroscedastic noise,OOD noise,53,-1.5919537544250488,0.007593235932290554,0.04757402837276459,0.042039405554533005,0.988815338963707,0.93359375,1.0,0.06474890559911728
foundation,17,heteroscedastic noise,OOD noise,54,-1.5919537544250488,0.017160771414637566,0.06848045438528061,0.028295595198869705,0.9722402597402598,0.8916015625,0.9978094696998596,0.0655098408460617
foundation,17,heteroscedastic noise,OOD noise,55,-1.5919537544250488,0.013949060812592506,0.061215780675411224,0.03151453658938408,0.9778002018163471,0.90234375,1.0,0.06411507725715637
foundation,17,heteroscedastic noise,OOD noise,56,-1.5919537544250488,0.019908497110009193,0.08068390190601349,0.03255578503012657,0.9724565997478422,0.888671875,1.0,0.0661851167678833
foundation,17,heteroscedastic noise,OOD noise,57,-1.5919537544250488,0.03087838552892208,0.11132217943668365,0.023483004420995712,0.9564864864864865,0.8505859375,0.991963267326355,0.06512562930583954
foundation,17,heteroscedastic noise,OOD noise,58,-1.5919537544250488,0.013471323996782303,0.0609537810087204,0.03655078634619713,0.9818242790073776,0.9052734375,0.9999999403953552,0.0656588152050972
foundation,17,heteroscedastic noise,OOD noise,59,-1.5919537544250488,0.018525518476963043,0.07606744766235352,0.033759601414203644,0.973844347176257,0.8974609375,0.9956474304199219,0.06544795632362366
foundation,17,heteroscedastic noise,OOD noise,60,-1.5919537544250488,0.016430340707302094,0.07032061368227005,0.040335480123758316,0.9724124124124124,0.8876953125,1.0,0.06475740671157837
foundation,17,heteroscedastic noise,OOD noise,61,-1.5919537544250488,0.023040272295475006,0.08769306540489197,0.03378237783908844,0.962078776562639,0.8974609375,0.9923830032348633,0.06673766672611237
foundation,17,heteroscedastic noise,OOD noise,62,-1.5919537544250488,0.010368850082159042,0.049853742122650146,0.03586181625723839,0.9766250000000001,0.91015625,1.0,0.06443484127521515
foundation,17,heteroscedastic noise,OOD noise,63,-1.5919537544250488,0.020769674330949783,0.0776800587773323,0.02995118871331215,0.9678312332951509,0.8720703125,1.0,0.06561490893363953
exact,17,heteroscedastic noise,OOD noise,48,-1.590419054031372,0.02181229554116726,0.08356840908527374,0.028035050258040428,0.9628482972136222,0.8662109375,0.997745156288147,0.06462281942367554
exact,17,heteroscedastic noise,OOD noise,49,-1.590419054031372,0.01666552945971489,0.0693354457616806,0.029390353709459305,0.9721837197580646,0.912109375,0.9978586435317993,0.06357038021087646
exact,17,heteroscedastic noise,OOD noise,50,-1.590419054031372,0.008371878415346146,0.04499862343072891,0.034058064222335815,0.9853297251103831,0.9326171875,1.0,0.06558220088481903
exact,17,heteroscedastic noise,OOD noise,51,-1.590419054031372,0.0150465602055192,0.06471404433250427,0.038105569779872894,0.9722222222222223,0.89453125,1.0,0.06554131209850311
exact,17,heteroscedastic noise,OOD noise,52,-1.590419054031372,0.017036909237504005,0.06980662047863007,0.03462591394782066,0.9673272357723577,0.8798828125,0.9977802634239197,0.06666843593120575
exact,17,heteroscedastic noise,OOD noise,53,-1.590419054031372,0.007640673778951168,0.04811404272913933,0.042591642588377,0.9889675112227041,0.9345703125,1.0,0.06474258750677109
exact,17,heteroscedastic noise,OOD noise,54,-1.590419054031372,0.017138324677944183,0.06855746358633041,0.03011442720890045,0.9724025974025974,0.890625,0.9978070259094238,0.06552865356206894
exact,17,heteroscedastic noise,OOD noise,55,-1.590419054031372,0.013948389329016209,0.06125704199075699,0.03242279216647148,0.9777390453475217,0.90234375,1.0,0.06409850716590881
exact,17,heteroscedastic noise,OOD noise,56,-1.590419054031372,0.01982232928276062,0.08057160675525665,0.03256985545158386,0.9726748133061779,0.8896484375,1.0,0.06613021343946457
exact,17,heteroscedastic noise,OOD noise,57,-1.590419054031372,0.03091050498187542,0.11147807538509369,0.02361774817109108,0.955832147937411,0.8505859375,0.991963267326355,0.06520721316337585
exact,17,heteroscedastic noise,OOD noise,58,-1.590419054031372,0.013480989262461662,0.06125962734222412,0.03698308765888214,0.9825285043594902,0.90625,1.0,0.06568467617034912
exact,17,heteroscedastic noise,OOD noise,59,-1.590419054031372,0.0185338594019413,0.07608376443386078,0.033025771379470825,0.9751399193023558,0.8974609375,0.9956474304199219,0.06541161984205246
exact,17,heteroscedastic noise,OOD noise,60,-1.590419054031372,0.016497081145644188,0.070632703602314,0.041535716503858566,0.9747957453368274,0.8876953125,1.0,0.06482289731502533
exact,17,heteroscedastic noise,OOD noise,61,-1.590419054031372,0.0230379868298769,0.08774726092815399,0.033962734043598175,0.9621676891615543,0.8955078125,0.992366373538971,0.0667542815208435
exact,17,heteroscedastic noise,OOD noise,62,-1.590419054031372,0.01042114943265915,0.049811117351055145,0.035727471113204956,0.975625,0.91015625,1.0,0.06444001942873001
exact,17,heteroscedastic noise,OOD noise,63,-1.590419054031372,0.020861567929387093,0.07792268693447113,0.03011128678917885,0.9671821305841926,0.869140625,1.0,0.06574195623397827
foundation,17,wavenumber 12,OOD frequency,0,-1.5919537544250488,0.03178688511252403,0.11329791694879532,0.0821286141872406,0.9898193760262726,0.955078125,1.0,0.05458405613899231
foundation,17,wavenumber 12,OOD frequency,1,-1.5919537544250488,0.029757758602499962,0.1135016530752182,0.07396220415830612,0.9926470588235294,0.9638671875,1.0,0.054718803614377975
foundation,17,wavenumber 12,OOD frequency,2,-1.5919537544250488,0.04353779926896095,0.1374262571334839,0.0960887148976326,0.9963981663392272,0.958984375,1.0,0.05412496626377106
foundation,17,wavenumber 12,OOD frequency,3,-1.5919537544250488,0.0513499453663826,0.1671987920999527,0.0988178700208664,0.9900130975769482,0.9599609375,1.0,0.05469713360071182
foundation,17,wavenumber 12,OOD frequency,4,-1.5919537544250488,0.04235609993338585,0.14114491641521454,0.1011047288775444,0.9899509803921568,0.9541015625,1.0,0.055045198649168015
foundation,17,wavenumber 12,OOD frequency,5,-1.5919537544250488,0.028019560500979424,0.10344097018241882,0.07900892198085785,0.9918140144073346,0.9541015625,1.0,0.05314258486032486
foundation,17,wavenumber 12,OOD frequency,6,-1.5919537544250488,0.046865738928318024,0.18447242677211761,0.10177944600582123,0.9722494286647079,0.9599609375,0.997965395450592,0.05338257551193237
foundation,17,wavenumber 12,OOD frequency,7,-1.5919537544250488,0.05053180828690529,0.16440850496292114,0.09552076458930969,0.9908045977011495,0.9599609375,1.0,0.05447560176253319
foundation,17,wavenumber 12,OOD frequency,8,-1.5919537544250488,0.03250686079263687,0.1119537502527237,0.08078880608081818,0.992976541649108,0.9599609375,1.0,0.053067415952682495
foundation,17,wavenumber 12,OOD frequency,9,-1.5919537544250488,0.03581511229276657,0.12726344168186188,0.08907737582921982,0.9901960784313726,0.9619140625,1.0,0.05316561460494995
foundation,17,wavenumber 12,OOD frequency,10,-1.5919537544250488,0.027325784787535667,0.1023513674736023,0.07860739529132843,0.9976447497546614,0.9521484375,0.9999999403953552,0.053901307284832
foundation,17,wavenumber 12,OOD frequency,11,-1.5919537544250488,0.02613833174109459,0.10095644742250443,0.08164821565151215,0.9946183953033269,0.962890625,1.0,0.05357925221323967
foundation,17,wavenumber 12,OOD frequency,12,-1.5919537544250488,0.05031559616327286,0.1569933295249939,0.10549528151750565,0.9870808678500986,0.9521484375,0.9999999403953552,0.05188315734267235
foundation,17,wavenumber 12,OOD frequency,13,-1.5919537544250488,0.03829269856214523,0.12913452088832855,0.09525638073682785,0.9945217024863042,0.9599609375,1.0,0.05403812229633331
foundation,17,wavenumber 12,OOD frequency,14,-1.5919537544250488,0.03028174489736557,0.11181696504354477,0.08601383864879608,0.9909313725490195,0.953125,0.9999999403953552,0.05446748808026314
foundation,17,wavenumber 12,OOD frequency,15,-1.5919537544250488,0.030009310692548752,0.1029168963432312,0.07434483617544174,0.9976447497546614,0.958984375,1.0,0.05371471866965294
exact,17,wavenumber 12,OOD frequency,0,-1.590419054031372,0.02801922708749771,0.1043873205780983,0.07609780132770538,0.9898193760262726,0.955078125,1.0,0.05477265641093254
exact,17,wavenumber 12,OOD frequency,1,-1.590419054031372,0.02973298728466034,0.1125965416431427,0.07445314526557922,0.9931372549019608,0.9638671875,1.0,0.05469316244125366
exact,17,wavenumber 12,OOD frequency,2,-1.590419054031372,0.042572878301143646,0.13500624895095825,0.09635938704013824,0.9947006869479883,0.958984375,1.0,0.05429806560277939
exact,17,wavenumber 12,OOD frequency,3,-1.590419054031372,0.05131116136908531,0.16744926571846008,0.09888981282711029,0.9900130975769482,0.9599609375,1.0,0.054716385900974274
exact,17,wavenumber 12,OOD frequency,4,-1.590419054031372,0.039913609623909,0.13491275906562805,0.0974680483341217,0.9924019607843138,0.9541015625,1.0,0.05516136810183525
exact,17,wavenumber 12,OOD frequency,5,-1.590419054031372,0.026362432166934013,0.09970463067293167,0.07740049809217453,0.9923051735428946,0.953125,0.9999999403953552,0.05324932932853699
exact,17,wavenumber 12,OOD frequency,6,-1.590419054031372,0.045754604041576385,0.18022467195987701,0.10064312815666199,0.9722494286647079,0.9599609375,0.997965395450592,0.053599175065755844
exact,17,wavenumber 12,OOD frequency,7,-1.590419054031372,0.04890803247690201,0.15730150043964386,0.09295491874217987,0.9909140667761357,0.9599609375,1.0,0.05466862767934799
exact,17,wavenumber 12,OOD frequency,8,-1.590419054031372,0.03161006420850754,0.10975232720375061,0.07950134575366974,0.992976541649108,0.958984375,1.0,0.053263112902641296
exact,17,wavenumber 12,OOD frequency,9,-1.590419054031372,0.034902945160865784,0.1247837245464325,0.08756862580776215,0.9931305201177625,0.9599609375,1.0,0.053452253341674805
exact,17,wavenumber 12,OOD frequency,10,-1.590419054031372,0.026768101379275322,0.1006581112742424,0.07731503248214722,0.9974484789008833,0.953125,0.9999999403953552,0.0540107786655426
exact,17,wavenumber 12,OOD frequency,11,-1.590419054031372,0.02530369907617569,0.09881230443716049,0.08022250235080719,0.9936399217221136,0.9638671875,1.0,0.05358739197254181
exact,17,wavenumber 12,OOD frequency,12,-1.590419054031372,0.04653972387313843,0.14766791462898254,0.10021241009235382,0.9844553913519432,0.951171875,1.0,0.052434902638196945
exact,17,wavenumber 12,OOD frequency,13,-1.590419054031372,0.037057239562273026,0.12613703310489655,0.09346112608909607,0.9945217024863042,0.9599609375,1.0,0.05414266884326935
exact,17,wavenumber 12,OOD frequency,14,-1.590419054031372,0.029176214709877968,0.10916268080472946,0.08463256061077118,0.9916666666666666,0.9521484375,0.9999999403953552,0.054592378437519073
exact,17,wavenumber 12,OOD frequency,15,-1.590419054031372,0.02875415049493313,0.09941047430038452,0.07115071266889572,0.9950980392156863,0.958984375,1.0,0.053852785378694534
foundation,17,wavenumber 12,OOD frequency,16,-1.5919537544250488,0.05038278177380562,0.15732692182064056,0.10135923326015472,0.9953645174884113,0.9658203125,1.0,0.05550757795572281
foundation,17,wavenumber 12,OOD frequency,17,-1.5919537544250488,0.03402314335107803,0.11290198564529419,0.07769466936588287,0.9948326771653543,0.966796875,1.0,0.05456451326608658
foundation,17,wavenumber 12,OOD frequency,18,-1.5919537544250488,0.039890971034765244,0.13994407653808594,0.09031546115875244,0.9874386653581942,0.958984375,1.0,0.05262947827577591
foundation,17,wavenumber 12,OOD frequency,19,-1.5919537544250488,0.038052234798669815,0.13019266724586487,0.08816593140363693,0.9921491658488715,0.9580078125,0.9999999403953552,0.053517576307058334
foundation,17,wavenumber 12,OOD frequency,20,-1.5919537544250488,0.026591917499899864,0.09771224111318588,0.07424337416887283,0.9962708537782139,0.95703125,0.9999999403953552,0.053390711545944214
foundation,17,wavenumber 12,OOD frequency,21,-1.5919537544250488,0.03653829172253609,0.12433048337697983,0.08873040229082108,0.9955049866554292,0.9580078125,0.9999999403953552,0.05414639040827751
foundation,17,wavenumber 12,OOD frequency,22,-1.5919537544250488,0.039064887911081314,0.13163620233535767,0.0916709452867508,0.9947609692206941,0.9609375,0.9999999403953552,0.05260618031024933
foundation,17,wavenumber 12,OOD frequency,23,-1.5919537544250488,0.029270600527524948,0.10763097554445267,0.083238884806633,0.9980392156862745,0.96484375,1.0,0.053394608199596405
foundation,17,wavenumber 12,OOD frequency,24,-1.5919537544250488,0.02725936844944954,0.09986072033643723,0.07557109743356705,0.9976120241606967,0.9580078125,0.9999999403953552,0.054892875254154205
foundation,17,wavenumber 12,OOD frequency,25,-1.5919537544250488,0.04511342570185661,0.16202206909656525,0.0934828370809555,0.984005905511811,0.951171875,1.0,0.0541238933801651
foundation,17,wavenumber 12,OOD frequency,26,-1.5919537544250488,0.02356274612247944,0.08725877106189728,0.06316787004470825,0.9941002949852508,0.96875,1.0,0.05410899594426155
foundation,17,wavenumber 12,OOD frequency,27,-1.5919537544250488,0.03168780356645584,0.11416421085596085,0.08877501636743546,0.9948529411764706,0.966796875,1.0,0.05359050631523132
foundation,17,wavenumber 12,OOD frequency,28,-1.5919537544250488,0.04843304678797722,0.1538762003183365,0.0957849845290184,0.9909715407262021,0.9677734375,1.0,0.05349235236644745
foundation,17,wavenumber 12,OOD frequency,29,-1.5919537544250488,0.02902437001466751,0.10671678185462952,0.07530616968870163,0.9921414538310412,0.9521484375,0.9999999403953552,0.05455454811453819
foundation,17,wavenumber 12,OOD frequency,30,-1.5919537544250488,0.04165661707520485,0.1367998868227005,0.09817077964544296,0.9945217024863042,0.9599609375,1.0,0.052800700068473816
foundation,17,wavenumber 12,OOD frequency,31,-1.5919537544250488,0.023580234497785568,0.09269484877586365,0.07197614014148712,0.9976447497546614,0.95703125,0.9999999403953552,0.053428441286087036
exact,17,wavenumber 12,OOD frequency,16,-1.590419054031372,0.048616670072078705,0.1517924964427948,0.09914896637201309,0.9960668633235005,0.9658203125,1.0,0.05558032542467117
exact,17,wavenumber 12,OOD frequency,17,-1.590419054031372,0.03374155983328819,0.111475870013237,0.07674849778413773,0.9943405511811023,0.96484375,1.0,0.05463885888457298
exact,17,wavenumber 12,OOD frequency,18,-1.590419054031372,0.03871360421180725,0.13608458638191223,0.08807674795389175,0.9876349362119725,0.95703125,0.9999999403953552,0.05291139334440231
exact,17,wavenumber 12,OOD frequency,19,-1.590419054031372,0.036393437534570694,0.12586775422096252,0.08754526078701019,0.991421568627451,0.95703125,0.9999999403953552,0.053561896085739136
exact,17,wavenumber 12,OOD frequency,20,-1.590419054031372,0.02561262808740139,0.0953042283654213,0.07271131128072739,0.9943627450980392,0.9599609375,1.0,0.05360756069421768
exact,17,wavenumber 12,OOD frequency,21,-1.590419054031372,0.03470400348305702,0.11948441714048386,0.0861240103840828,0.9959263941564827,0.9580078125,0.9999999403953552,0.05429720878601074
exact,17,wavenumber 12,OOD frequency,22,-1.590419054031372,0.03861614316701889,0.1303347796201706,0.09075842797756195,0.9950884086444007,0.9609375,0.9999999403953552,0.052826687693595886
exact,17,wavenumber 12,OOD frequency,23,-1.590419054031372,0.028711633756756783,0.10617850720882416,0.08224121481180191,0.9973039215686275,0.96484375,1.0,0.053632475435733795
exact,17,wavenumber 12,OOD frequency,24,-1.590419054031372,0.02696729451417923,0.09915037453174591,0.07448147237300873,0.9974715549936788,0.95703125,0.9999999403953552,0.05499384179711342
exact,17,wavenumber 12,OOD frequency,25,-1.590419054031372,0.04425789415836334,0.1591663956642151,0.09226953238248825,0.984005905511811,0.951171875,1.0,0.054330915212631226
exact,17,wavenumber 12,OOD frequency,26,-1.590419054031372,0.023840196430683136,0.08803609013557434,0.06365948170423508,0.9942407641522686,0.96875,1.0,0.05416058748960495
exact,17,wavenumber 12,OOD frequency,27,-1.590419054031372,0.0316818431019783,0.11417238414287567,0.08793652802705765,0.9966633954857703,0.966796875,1.0,0.05371750891208649
exact,17,wavenumber 12,OOD frequency,28,-1.590419054031372,0.047140590846538544,0.14991557598114014,0.0936218872666359,0.9911678115799804,0.966796875,1.0,0.053581807762384415
exact,17,wavenumber 12,OOD frequency,29,-1.590419054031372,0.02860664203763008,0.10540913790464401,0.07504690438508987,0.9918140144073346,0.951171875,1.0,0.0546858012676239
exact,17,wavenumber 12,OOD frequency,30,-1.590419054031372,0.03934705629944801,0.13124346733093262,0.095616914331913,0.9934512115258677,0.9599609375,1.0,0.05311492830514908
exact,17,wavenumber 12,OOD frequency,31,-1.590419054031372,0.023132888600230217,0.09144028276205063,0.07114836573600769,0.9978410206084397,0.95703125,0.9999999403953552,0.053559448570013046
foundation,17,wavenumber 12,OOD frequency,32,-1.5919537544250488,0.020633377134799957,0.08640879392623901,0.07132216542959213,0.9951076320939334,0.9580078125,0.9999999403953552,0.054529666900634766
foundation,17,wavenumber 12,OOD frequency,33,-1.5919537544250488,0.04572600871324539,0.15499208867549896,0.09409286081790924,0.9866535819430815,0.9619140625,1.0,0.05349023640155792
foundation,17,wavenumber 12,OOD frequency,34,-1.5919537544250488,0.020925479009747505,0.08211472630500793,0.06336566060781479,0.9882352941176471,0.96484375,1.0,0.05459145829081535
foundation,17,wavenumber 12,OOD frequency,35,-1.5919537544250488,0.04027251899242401,0.13334405422210693,0.09859416633844376,0.9976331360946745,0.95703125,0.9999999403953552,0.054010067135095596
foundation,17,wavenumber 12,OOD frequency,36,-1.5919537544250488,0.03501506522297859,0.11986202746629715,0.08801735937595367,0.9919528949950932,0.9560546875,1.0,0.05402743071317673
foundation,17,wavenumber 12,OOD frequency,37,-1.5919537544250488,0.013074534945189953,0.06553223729133606,0.054493360221385956,0.9963235294117647,0.962890625,1.0,0.055513687431812286
foundation,17,wavenumber 12,OOD frequency,38,-1.5919537544250488,0.02284991182386875,0.10065200924873352,0.08529338240623474,0.9931573802541545,0.96875,1.0,0.05393420159816742
foundation,17,wavenumber 12,OOD frequency,39,-1.5919537544250488,0.03907215595245361,0.13024446368217468,0.09657029807567596,0.9915603532875368,0.9560546875,1.0,0.05332770198583603
foundation,17,wavenumber 12,OOD frequency,40,-1.5919537544250488,0.03989821672439575,0.1462794542312622,0.07773832976818085,0.9895976447497546,0.96484375,0.9989878535270691,0.052082158625125885
foundation,17,wavenumber 12,OOD frequency,41,-1.5919537544250488,0.034842681139707565,0.12033300846815109,0.0920594111084938,0.9980372914622179,0.95703125,0.9999999403953552,0.05422159284353256
foundation,17,wavenumber 12,OOD frequency,42,-1.5919537544250488,0.039193809032440186,0.1298290640115738,0.0877462849020958,0.9895976447497546,0.94921875,0.9999999403953552,0.0522487536072731
foundation,17,wavenumber 12,OOD frequency,43,-1.5919537544250488,0.04682576283812523,0.14965714514255524,0.10430489480495453,0.9912424740010948,0.953125,0.9999999403953552,0.0535661056637764
foundation,17,wavenumber 12,OOD frequency,44,-1.5919537544250488,0.02717677503824234,0.10204339027404785,0.07980308681726456,0.9973039215686275,0.9599609375,1.0,0.05365421622991562
foundation,17,wavenumber 12,OOD frequency,45,-1.5919537544250488,0.03410879895091057,0.11621302366256714,0.08453032374382019,0.9958169291338582,0.951171875,1.0,0.053390659391880035
foundation,17,wavenumber 12,OOD frequency,46,-1.5919537544250488,0.04538864642381668,0.14024344086647034,0.09214626252651215,0.9897883858267716,0.953125,0.9999999403953552,0.052188508212566376
foundation,17,wavenumber 12,OOD frequency,47,-1.5919537544250488,0.03977952152490616,0.13027118146419525,0.09528995305299759,0.9954158480681073,0.9609375,0.9999999403953552,0.05371163785457611
exact,17,wavenumber 12,OOD frequency,32,-1.590419054031372,0.020634442567825317,0.08629027009010315,0.07117780297994614,0.9946183953033269,0.958984375,1.0,0.054576992988586426
exact,17,wavenumber 12,OOD frequency,33,-1.590419054031372,0.04478917643427849,0.15196482837200165,0.09374134987592697,0.982107843137255,0.9599609375,1.0,0.05361028388142586
exact,17,wavenumber 12,OOD frequency,34,-1.590419054031372,0.02073395438492298,0.08184880763292313,0.06331256777048111,0.9911678115799804,0.96484375,1.0,0.05463661998510361
exact,17,wavenumber 12,OOD frequency,35,-1.590419054031372,0.038330841809511185,0.12880666553974152,0.09586938470602036,0.9976331360946745,0.9541015625,1.0,0.0542040690779686
exact,17,wavenumber 12,OOD frequency,36,-1.590419054031372,0.03484012186527252,0.11940360814332962,0.08763329684734344,0.9915603532875368,0.955078125,1.0,0.054185688495635986
exact,17,wavenumber 12,OOD frequency,37,-1.590419054031372,0.01272982731461525,0.06421525031328201,0.05334356799721718,0.9963235294117647,0.9638671875,1.0,0.055679697543382645
exact,17,wavenumber 12,OOD frequency,38,-1.590419054031372,0.022211771458387375,0.09901032596826553,0.08411814272403717,0.9931573802541545,0.9677734375,1.0,0.05408608540892601
exact,17,wavenumber 12,OOD frequency,39,-1.590419054031372,0.038209911435842514,0.12801770865917206,0.09447367489337921,0.9934512115258677,0.9560546875,1.0,0.05339417606592178
exact,17,wavenumber 12,OOD frequency,40,-1.590419054031372,0.038455672562122345,0.14143410325050354,0.07688046991825104,0.9897939156035328,0.9619140625,0.9989848136901855,0.05214305967092514
exact,17,wavenumber 12,OOD frequency,41,-1.590419054031372,0.03419558331370354,0.11891952902078629,0.09133657813072205,0.998233562315996,0.95703125,0.9999999403953552,0.05433908849954605
exact,17,wavenumber 12,OOD frequency,42,-1.590419054031372,0.038203705102205276,0.1271810233592987,0.0861237570643425,0.9899901864573111,0.94921875,0.9999999403953552,0.05244731530547142
exact,17,wavenumber 12,OOD frequency,43,-1.590419054031372,0.04573870822787285,0.1467367261648178,0.10268381983041763,0.9897883858267716,0.9541015625,1.0,0.0537109300494194
exact,17,wavenumber 12,OOD frequency,44,-1.590419054031372,0.026566701009869576,0.10038431733846664,0.07883583754301071,0.9988223748773306,0.9599609375,1.0,0.0538402795791626
exact,17,wavenumber 12,OOD frequency,45,-1.590419054031372,0.03295851871371269,0.11328469216823578,0.08248890191316605,0.9960629921259843,0.9501953125,1.0,0.053479548543691635
exact,17,wavenumber 12,OOD frequency,46,-1.590419054031372,0.044602975249290466,0.13788476586341858,0.0908585861325264,0.9896653543307086,0.953125,0.9999999403953552,0.05227842554450035
exact,17,wavenumber 12,OOD frequency,47,-1.590419054031372,0.03884812816977501,0.12800279259681702,0.09376347810029984,0.9944335297969875,0.9609375,0.9999999403953552,0.05384866148233414
foundation,17,wavenumber 12,OOD frequency,48,-1.5919537544250488,0.050939276814460754,0.16069966554641724,0.10601440072059631,0.9943786982248521,0.95703125,0.9999999403953552,0.054450131952762604
foundation,17,wavenumber 12,OOD frequency,49,-1.5919537544250488,0.030590685084462166,0.10928121954202652,0.08281584829092026,0.991756624141315,0.9501953125,1.0,0.052823252975940704
foundation,17,wavenumber 12,OOD frequency,50,-1.5919537544250488,0.04137676954269409,0.13526363670825958,0.09304895997047424,0.9916502946954813,0.958984375,1.0,0.05285406857728958
foundation,17,wavenumber 12,OOD frequency,51,-1.5919537544250488,0.031386859714984894,0.11478730291128159,0.0779411792755127,0.9875938622265753,0.962890625,1.0,0.05339212715625763
foundation,17,wavenumber 12,OOD frequency,52,-1.5919537544250488,0.019421450793743134,0.08239211142063141,0.06789366155862808,0.999673522690173,0.9599609375,1.0,0.05382939428091049
foundation,17,wavenumber 12,OOD frequency,53,-1.5919537544250488,0.03470168262720108,0.11793279647827148,0.08662262558937073,0.9981990831696136,0.966796875,1.0,0.05416512116789818
foundation,17,wavenumber 12,OOD frequency,54,-1.5919537544250488,0.02506248466670513,0.09836270660161972,0.07958275079727173,0.9980449657869013,0.9677734375,1.0,0.054872576147317886
foundation,17,wavenumber 12,OOD frequency,55,-1.5919537544250488,0.021088792011141777,0.08871753513813019,0.07225970923900604,0.9882468168462292,0.95703125,0.9999999403953552,0.054255735129117966
foundation,17,wavenumber 12,OOD frequency,56,-1.5919537544250488,0.03043193370103836,0.11394140124320984,0.09020518511533737,0.9988223748773306,0.95703125,0.9999999403953552,0.053927674889564514
foundation,17,wavenumber 12,OOD frequency,57,-1.5919537544250488,0.03138286620378494,0.11097058653831482,0.0860576182603836,0.9966633954857703,0.9521484375,0.9999999403953552,0.053465552628040314
foundation,17,wavenumber 12,OOD frequency,58,-1.5919537544250488,0.0412866547703743,0.1374470740556717,0.0903412252664566,0.9901864573110892,0.9541015625,1.0,0.05397481471300125
foundation,17,wavenumber 12,OOD frequency,59,-1.5919537544250488,0.0375678725540638,0.1267397403717041,0.08759759366512299,0.991421568627451,0.958984375,1.0,0.0530637763440609
foundation,17,wavenumber 12,OOD frequency,60,-1.5919537544250488,0.029665760695934296,0.10844352096319199,0.08180076628923416,0.9937969311132877,0.958984375,1.0,0.05478961765766144
foundation,17,wavenumber 12,OOD frequency,61,-1.5919537544250488,0.023886173963546753,0.0928315743803978,0.07419832050800323,0.990858635324845,0.9609375,0.9999999403953552,0.054715633392333984
foundation,17,wavenumber 12,OOD frequency,62,-1.5919537544250488,0.030817991122603416,0.1119270846247673,0.08237909525632858,0.9933823529411765,0.970703125,0.9999999403953552,0.054119646549224854
foundation,17,wavenumber 12,OOD frequency,63,-1.5919537544250488,0.03298714756965637,0.11098804324865341,0.08287879079580307,0.9949246889325475,0.9638671875,1.0,0.05266639590263367
exact,17,wavenumber 12,OOD frequency,48,-1.590419054031372,0.05013333261013031,0.15854816138744354,0.10527096688747406,0.9943786982248521,0.9580078125,0.9999999403953552,0.05461610108613968
exact,17,wavenumber 12,OOD frequency,49,-1.590419054031372,0.029252659529447556,0.10591599345207214,0.08007407188415527,0.9937786509495744,0.94921875,0.9999999403953552,0.0530921034514904
exact,17,wavenumber 12,OOD frequency,50,-1.590419054031372,0.04040386527776718,0.13278880715370178,0.09159775078296661,0.9936788874841972,0.958984375,1.0,0.05308990925550461
exact,17,wavenumber 12,OOD frequency,51,-1.590419054031372,0.030991436913609505,0.11335477977991104,0.07710639387369156,0.9879203395364022,0.962890625,1.0,0.05361895635724068
exact,17,wavenumber 12,OOD frequency,52,-1.590419054031372,0.01900913566350937,0.08121762424707413,0.06704364717006683,0.9980430528375734,0.9599609375,1.0,0.0538802370429039
exact,17,wavenumber 12,OOD frequency,53,-1.590419054031372,0.03380352631211281,0.11615122109651566,0.0852203294634819,0.9968596663395486,0.9677734375,1.0,0.054263487458229065
exact,17,wavenumber 12,OOD frequency,54,-1.590419054031372,0.025076238438487053,0.09858942776918411,0.07967294007539749,0.9980449657869013,0.96875,1.0,0.05492228642106056
exact,17,wavenumber 12,OOD frequency,55,-1.590419054031372,0.020936649292707443,0.08839686959981918,0.07207663357257843,0.9882468168462292,0.95703125,0.9999999403953552,0.05442488193511963
exact,17,wavenumber 12,OOD frequency,56,-1.590419054031372,0.030303766950964928,0.1136452928185463,0.09001870453357697,0.9988223748773306,0.95703125,0.9999999403953552,0.054047662764787674
exact,17,wavenumber 12,OOD frequency,57,-1.590419054031372,0.029323626309633255,0.10609881579875946,0.08301352709531784,0.9934704538034607,0.953125,0.9999999403953552,0.05354331433773041
exact,17,wavenumber 12,OOD frequency,58,-1.590419054031372,0.04049945995211601,0.13489679992198944,0.08893870562314987,0.9897939156035328,0.9521484375,0.9999999403953552,0.05420897156000137
exact,17,wavenumber 12,OOD frequency,59,-1.590419054031372,0.0371716171503067,0.12565945088863373,0.08674143999814987,0.9909313725490196,0.9580078125,0.9999999403953552,0.05322740972042084
exact,17,wavenumber 12,OOD frequency,60,-1.590419054031372,0.02968773990869522,0.10855740308761597,0.08191733807325363,0.9941234084231146,0.958984375,1.0,0.05485158413648605
exact,17,wavenumber 12,OOD frequency,61,-1.590419054031372,0.022250652313232422,0.08881031721830368,0.0714917778968811,0.9908586353248449,0.9609375,0.9999999403953552,0.054884593933820724
exact,17,wavenumber 12,OOD frequency,62,-1.590419054031372,0.031095163896679878,0.11278387904167175,0.08294747024774551,0.990205680705191,0.970703125,0.9999999403953552,0.054193053394556046
exact,17,wavenumber 12,OOD frequency,63,-1.590419054031372,0.032379381358623505,0.10943718254566193,0.08180801570415497,0.9955795677799607,0.9638671875,1.0,0.05273514986038208
foundation,17,mirrored kites,lsmlab-inspired,0,-1.5919537544250488,0.011149474419653416,0.04575999826192856,0.029827795922756195,0.9775318578135479,0.9228515625,1.0,0.06732387095689774
foundation,17,mirrored kites,lsmlab-inspired,1,-1.5919537544250488,0.013199404813349247,0.05886822193861008,0.032121893018484116,0.9816836375867657,0.9228515625,0.9989418387413025,0.06784220039844513
foundation,17,mirrored kites,lsmlab-inspired,2,-1.5919537544250488,0.01487446017563343,0.058214932680130005,0.021061085164546967,0.977508785630613,0.9208984375,0.997879147529602,0.06696990132331848
foundation,17,mirrored kites,lsmlab-inspired,3,-1.5919537544250488,0.011158093810081482,0.052945710718631744,0.03694971650838852,0.9854465126855732,0.9267578125,0.9989461898803711,0.0662948414683342
foundation,17,mirrored kites,lsmlab-inspired,4,-1.5919537544250488,0.016371820122003555,0.06494268774986267,0.024714050814509392,0.977793216385877,0.916015625,0.9978678226470947,0.06613781303167343
foundation,17,mirrored kites,lsmlab-inspired,5,-1.5919537544250488,0.01151125505566597,0.052679188549518585,0.03445953503251076,0.9856350806451613,0.9287109375,0.9989483952522278,0.06712174415588379
foundation,17,mirrored kites,lsmlab-inspired,6,-1.5919537544250488,0.019420307129621506,0.07077378034591675,0.02906539849936962,0.9735518292682928,0.9208984375,0.9946978092193604,0.06647279858589172
foundation,17,mirrored kites,lsmlab-inspired,7,-1.5919537544250488,0.017235543578863144,0.06570909172296524,0.020192813128232956,0.9734727259796601,0.9111328125,0.996784508228302,0.06612414866685867
foundation,17,mirrored kites,lsmlab-inspired,8,-1.5919537544250488,0.018873803317546844,0.0722542405128479,0.02608264610171318,0.9720977645022876,0.912109375,0.9946466684341431,0.06530417501926422
foundation,17,mirrored kites,lsmlab-inspired,9,-1.5919537544250488,0.014261022210121155,0.06200572848320007,0.02677907608449459,0.9773721065345686,0.9228515625,0.9989418387413025,0.06686819344758987
foundation,17,mirrored kites,lsmlab-inspired,10,-1.5919537544250488,0.014620548114180565,0.05584566295146942,0.029114754870533943,0.976957542137828,0.9052734375,0.9978424906730652,0.06726522743701935
foundation,17,mirrored kites,lsmlab-inspired,11,-1.5919537544250488,0.01860102079808712,0.0725652351975441,0.02895498275756836,0.9733958089288037,0.912109375,0.9978586435317993,0.06693539023399353
foundation,17,mirrored kites,lsmlab-inspired,12,-1.5919537544250488,0.014896739274263382,0.057224519550800323,0.024744372814893723,0.979802992333077,0.916015625,0.9989339113235474,0.06662693619728088
foundation,17,mirrored kites,lsmlab-inspired,13,-1.5919537544250488,0.013878068886697292,0.05726597458124161,0.02711893618106842,0.9820642978003384,0.9111328125,0.9989281296730042,0.06756354123353958
foundation,17,mirrored kites,lsmlab-inspired,14,-1.5919537544250488,0.012641550041735172,0.05163991451263428,0.0230947807431221,0.9808985478998149,0.9287109375,0.9989483952522278,0.06819523870944977
foundation,17,mirrored kites,lsmlab-inspired,15,-1.5919537544250488,0.010475674644112587,0.0506112165749073,0.032614219933748245,0.9815014644673963,0.9287109375,0.9999999403953552,0.06653141975402832
exact,17,mirrored kites,lsmlab-inspired,0,-1.590419054031372,0.011029163375496864,0.045783475041389465,0.030121751129627228,0.9783702213279679,0.921875,1.0,0.06730452924966812
exact,17,mirrored kites,lsmlab-inspired,1,-1.590419054031372,0.013181070797145367,0.0592212900519371,0.03355002403259277,0.9822646240406079,0.923828125,0.9989429116249084,0.06785771995782852
exact,17,mirrored kites,lsmlab-inspired,2,-1.590419054031372,0.014795388095080853,0.05826994776725769,0.021355926990509033,0.9786021085513472,0.921875,0.9978813529014587,0.06696638464927673
exact,17,mirrored kites,lsmlab-inspired,3,-1.590419054031372,0.011102510616183281,0.05326909199357033,0.03748128563165665,0.9850771294433267,0.9267578125,0.9989461898803711,0.06627416610717773
exact,17,mirrored kites,lsmlab-inspired,4,-1.590419054031372,0.016302864998579025,0.06499951332807541,0.02516770362854004,0.9769563008130082,0.9140625,0.9978632926940918,0.06609134376049042
exact,17,mirrored kites,lsmlab-inspired,5,-1.590419054031372,0.01146282535046339,0.053014758974313736,0.03502529114484787,0.9846018906539323,0.9287109375,0.9989483952522278,0.06712223589420319
exact,17,mirrored kites,lsmlab-inspired,6,-1.590419054031372,0.019501470029354095,0.07114903628826141,0.02957822009921074,0.9735772357723578,0.9208984375,0.9946978092193604,0.06647978723049164
exact,17,mirrored kites,lsmlab-inspired,7,-1.590419054031372,0.01717889867722988,0.0658043622970581,0.02113175392150879,0.9725535835515469,0.9111328125,0.9978563189506531,0.06612032651901245
exact,17,mirrored kites,lsmlab-inspired,8,-1.590419054031372,0.018879467621445656,0.07238814979791641,0.02734261006116867,0.97221629566413,0.912109375,0.9946466684341431,0.06540270894765854
exact,17,mirrored kites,lsmlab-inspired,9,-1.590419054031372,0.014249888248741627,0.0623367503285408,0.02738618291914463,0.9780448276916489,0.9228515625,0.9989418387413025,0.06684403121471405
exact,17,mirrored kites,lsmlab-inspired,10,-1.590419054031372,0.014421914704144001,0.05559036135673523,0.02587660774588585,0.9784510347770429,0.90625,0.9978448152542114,0.06721930205821991
exact,17,mirrored kites,lsmlab-inspired,11,-1.590419054031372,0.01861044205725193,0.07282945513725281,0.029362495988607407,0.9739685018872837,0.9140625,0.9978632926940918,0.06693397462368011
exact,17,mirrored kites,lsmlab-inspired,12,-1.590419054031372,0.014809789136052132,0.057235926389694214,0.02590210735797882,0.9803736694538868,0.916015625,0.9989339113235474,0.0665823295712471
exact,17,mirrored kites,lsmlab-inspired,13,-1.590419054031372,0.013759599067270756,0.05731505900621414,0.027432523667812347,0.9828192112456071,0.9111328125,0.9989281296730042,0.06756474077701569
exact,17,mirrored kites,lsmlab-inspired,14,-1.590419054031372,0.012590641155838966,0.05180419236421585,0.023565880954265594,0.9801475519785379,0.9287109375,0.9989483952522278,0.06818041205406189
exact,17,mirrored kites,lsmlab-inspired,15,-1.590419054031372,0.010426480323076248,0.05096406862139702,0.03319463133811951,0.9806606606606606,0.9296875,1.0,0.06651845574378967
foundation,17,mirrored kites,lsmlab-inspired,16,-1.5919537544250488,0.015442980453372002,0.06226954609155655,0.03487800434231758,0.9829065528585401,0.896484375,1.0,0.06659284979104996
foundation,17,mirrored kites,lsmlab-inspired,17,-1.5919537544250488,0.011439830996096134,0.05154680460691452,0.029207738116383553,0.9890006706908114,0.935546875,1.0,0.06503047049045563
foundation,17,mirrored kites,lsmlab-inspired,18,-1.5919537544250488,0.009047339670360088,0.04283441603183746,0.02875560149550438,0.9855833333333335,0.94140625,1.0,0.06404576450586319
foundation,17,mirrored kites,lsmlab-inspired,19,-1.5919537544250488,0.01593024469912052,0.06406639516353607,0.023070763796567917,0.9783948081820422,0.9140625,0.9989316463470459,0.06810145080089569
foundation,17,mirrored kites,lsmlab-inspired,20,-1.5919537544250488,0.013053689152002335,0.05503880977630615,0.026678014546632767,0.9826664740719342,0.9228515625,1.0,0.0672498345375061
foundation,17,mirrored kites,lsmlab-inspired,21,-1.5919537544250488,0.016813162714242935,0.06267110258340836,0.026108160614967346,0.9738596959189117,0.904296875,0.997840166091919,0.06729365885257721
foundation,17,mirrored kites,lsmlab-inspired,22,-1.5919537544250488,0.014016436412930489,0.05876489728689194,0.02737516537308693,0.9827586206896552,0.921875,0.9978813529014587,0.06625359505414963
foundation,17,mirrored kites,lsmlab-inspired,23,-1.5919537544250488,0.01766355149447918,0.07260266691446304,0.029720570892095566,0.9695955775385511,0.9072265625,0.9967706799507141,0.06570658087730408
foundation,17,mirrored kites,lsmlab-inspired,24,-1.5919537544250488,0.018255554139614105,0.07115373760461807,0.02591181918978691,0.9692502014416691,0.890625,0.9989035129547119,0.06807383894920349
foundation,17,mirrored kites,lsmlab-inspired,25,-1.5919537544250488,0.01756604015827179,0.06883150339126587,0.02721242606639862,0.9772572980312286,0.9140625,0.9978632926940918,0.0666213184595108
foundation,17,mirrored kites,lsmlab-inspired,26,-1.5919537544250488,0.01783708482980728,0.06753911077976227,0.021882671862840652,0.9756963348504977,0.9140625,0.9946581721305847,0.06640756130218506
foundation,17,mirrored kites,lsmlab-inspired,27,-1.5919537544250488,0.01963888294994831,0.07197985798120499,0.025668282061815262,0.9719851576994434,0.9140625,0.9957265257835388,0.06617826968431473
foundation,17,mirrored kites,lsmlab-inspired,28,-1.5919537544250488,0.016827043145895004,0.06317035853862762,0.034272726625204086,0.9788165733084379,0.9091796875,0.9978517889976501,0.06751061230897903
foundation,17,mirrored kites,lsmlab-inspired,29,-1.5919537544250488,0.014167318120598793,0.05548517405986786,0.031316615641117096,0.9810751008720552,0.91796875,0.998936116695404,0.06715516746044159
foundation,17,mirrored kites,lsmlab-inspired,30,-1.5919537544250488,0.01487057190388441,0.0583844929933548,0.02951689437031746,0.9763844437978857,0.900390625,0.9978308081626892,0.06796973943710327
foundation,17,mirrored kites,lsmlab-inspired,31,-1.5919537544250488,0.016157938167452812,0.061717577278614044,0.02684679627418518,0.9743274582560297,0.91015625,0.995708167552948,0.06671195477247238
exact,17,mirrored kites,lsmlab-inspired,16,-1.590419054031372,0.015374286100268364,0.06244838982820511,0.035320792347192764,0.9822040631029394,0.896484375,1.0,0.06659211218357086
exact,17,mirrored kites,lsmlab-inspired,17,-1.590419054031372,0.011433547362685204,0.05192769318819046,0.02980199083685875,0.9881129786865361,0.935546875,1.0,0.06501622498035431
exact,17,mirrored kites,lsmlab-inspired,18,-1.590419054031372,0.008963831700384617,0.04306786507368088,0.0292087122797966,0.9863333333333334,0.939453125,1.0,0.06403927505016327
exact,17,mirrored kites,lsmlab-inspired,19,-1.590419054031372,0.01592274196445942,0.06431375443935394,0.023631032556295395,0.9777609086819614,0.9150390625,0.9989327192306519,0.06808149069547653
exact,17,mirrored kites,lsmlab-inspired,20,-1.590419054031372,0.01298307254910469,0.055239398032426834,0.027867265045642853,0.9835331503683375,0.9228515625,1.0,0.06724382936954498
exact,17,mirrored kites,lsmlab-inspired,21,-1.590419054031372,0.016695363447070122,0.06261776387691498,0.02723139524459839,0.9748377345069795,0.904296875,0.997840166091919,0.06730207800865173
exact,17,mirrored kites,lsmlab-inspired,22,-1.590419054031372,0.013970158994197845,0.05897753685712814,0.028713684529066086,0.9832657200811359,0.921875,0.9978813529014587,0.06626983731985092
exact,17,mirrored kites,lsmlab-inspired,23,-1.590419054031372,0.017653340473771095,0.07279796153306961,0.026974033564329147,0.9700077587042965,0.9072265625,0.9967706799507141,0.06568006426095963
exact,17,mirrored kites,lsmlab-inspired,24,-1.590419054031372,0.018168695271015167,0.07114030420780182,0.026315441355109215,0.968502711834267,0.8916015625,0.9989047646522522,0.06805938482284546
exact,17,mirrored kites,lsmlab-inspired,25,-1.590419054031372,0.017581941559910774,0.0691407173871994,0.02779974415898323,0.9777664630006788,0.9150390625,0.9978654980659485,0.06661000847816467
exact,17,mirrored kites,lsmlab-inspired,26,-1.590419054031372,0.017780527472496033,0.06748980283737183,0.021226409822702408,0.9764367690934037,0.9140625,0.9946581721305847,0.06643638759851456
exact,17,mirrored kites,lsmlab-inspired,27,-1.590419054031372,0.019591987133026123,0.0719890147447586,0.02587280422449112,0.9726576994434137,0.9140625,0.9957265257835388,0.06612439453601837
exact,17,mirrored kites,lsmlab-inspired,28,-1.590419054031372,0.01674574799835682,0.06317896395921707,0.034629277884960175,0.9796612429981328,0.908203125,0.9978494644165039,0.06751608103513718
exact,17,mirrored kites,lsmlab-inspired,29,-1.590419054031372,0.014089541509747505,0.05555431544780731,0.03316163271665573,0.9817779513210985,0.91796875,0.998936116695404,0.06712613999843597
exact,17,mirrored kites,lsmlab-inspired,30,-1.590419054031372,0.014772405847907066,0.05843836069107056,0.029860444366931915,0.9772330520803026,0.900390625,0.9978308081626892,0.06798352301120758
exact,17,mirrored kites,lsmlab-inspired,31,-1.590419054031372,0.016010738909244537,0.06154625862836838,0.026981797069311142,0.975278293135436,0.9130859375,0.9957219362258911,0.06672845035791397
foundation,17,mirrored kites,lsmlab-inspired,32,-1.5919537544250488,0.016003668308258057,0.06518304347991943,0.030758660286664963,0.975035793309905,0.900390625,1.0,0.06583471596240997
foundation,17,mirrored kites,lsmlab-inspired,33,-1.5919537544250488,0.01104358583688736,0.04943232238292694,0.03121967613697052,0.9879215974069657,0.92578125,0.9999999403953552,0.06633006036281586
foundation,17,mirrored kites,lsmlab-inspired,34,-1.5919537544250488,0.01662743277847767,0.0692351683974266,0.03075026348233223,0.9820543820970533,0.9033203125,1.0,0.06883831322193146
foundation,17,mirrored kites,lsmlab-inspired,35,-1.5919537544250488,0.015986498445272446,0.06424563378095627,0.02992210164666176,0.9760092928430886,0.9033203125,0.9989189505577087,0.06650887429714203
foundation,17,mirrored kites,lsmlab-inspired,36,-1.5919537544250488,0.01087189745157957,0.047928206622600555,0.03001520037651062,0.9836686787391012,0.9296875,0.9989496469497681,0.06585289537906647
foundation,17,mirrored kites,lsmlab-inspired,37,-1.5919537544250488,0.016652017831802368,0.0659479945898056,0.020570212975144386,0.975890761681246,0.9072265625,0.9989235401153564,0.06840832531452179
foundation,17,mirrored kites,lsmlab-inspired,38,-1.5919537544250488,0.015168190002441406,0.06368298083543777,0.03020753711462021,0.9781019789108767,0.9208984375,0.997879147529602,0.06569263339042664
foundation,17,mirrored kites,lsmlab-inspired,39,-1.5919537544250488,0.01956157386302948,0.0722929835319519,0.021587548777461052,0.9713347022587269,0.90625,0.9956896305084229,0.06555940210819244
foundation,17,mirrored kites,lsmlab-inspired,40,-1.5919537544250488,0.017981305718421936,0.07308005541563034,0.03304855525493622,0.9778452541610436,0.919921875,0.9989385008811951,0.06557230651378632
foundation,17,mirrored kites,lsmlab-inspired,41,-1.5919537544250488,0.01646452769637108,0.06292203813791275,0.03148607909679413,0.9749894548792892,0.916015625,0.9968017339706421,0.06773976981639862
foundation,17,mirrored kites,lsmlab-inspired,42,-1.5919537544250488,0.010252738371491432,0.04548744857311249,0.028071260079741478,0.9833978772231785,0.9248046875,1.0,0.06665761768817902
foundation,17,mirrored kites,lsmlab-inspired,43,-1.5919537544250488,0.009060991927981377,0.04323864355683327,0.025903627276420593,0.9845372019285062,0.9345703125,1.0,0.06724858283996582
foundation,17,mirrored kites,lsmlab-inspired,44,-1.5919537544250488,0.01513772550970316,0.06023154407739639,0.03017578460276127,0.9761291162306391,0.9189453125,0.9989373087882996,0.06895945966243744
foundation,17,mirrored kites,lsmlab-inspired,45,-1.5919537544250488,0.013720017857849598,0.05898531526327133,0.02493208833038807,0.9817131301458906,0.923828125,1.0,0.06521876156330109
foundation,17,mirrored kites,lsmlab-inspired,46,-1.5919537544250488,0.01859423704445362,0.06897322833538055,0.018321387469768524,0.9736682365253795,0.90234375,0.9967532753944397,0.06602649390697479
foundation,17,mirrored kites,lsmlab-inspired,47,-1.5919537544250488,0.013910125009715557,0.05804291367530823,0.027674756944179535,0.983938565664454,0.91796875,0.9999999403953552,0.06703396886587143
exact,17,mirrored kites,lsmlab-inspired,32,-1.590419054031372,0.015972934663295746,0.06538568437099457,0.025335483253002167,0.9757126122608357,0.8994140625,1.0,0.0658259242773056
exact,17,mirrored kites,lsmlab-inspired,33,-1.590419054031372,0.010959523729979992,0.0496189221739769,0.031677793711423874,0.9885025838608079,0.9287109375,0.9999999403953552,0.06632829457521439
exact,17,mirrored kites,lsmlab-inspired,34,-1.590419054031372,0.016579555347561836,0.06948107481002808,0.032150812447071075,0.981621569197944,0.90234375,1.0,0.06876503676176071
exact,17,mirrored kites,lsmlab-inspired,35,-1.590419054031372,0.01589452289044857,0.06433456391096115,0.03121047094464302,0.975293376006207,0.9033203125,0.9989189505577087,0.06656907498836517
exact,17,mirrored kites,lsmlab-inspired,36,-1.590419054031372,0.010791951790452003,0.04812805354595184,0.03045765310525894,0.9845405767940979,0.9296875,0.9989496469497681,0.06582851707935333
exact,17,mirrored kites,lsmlab-inspired,37,-1.590419054031372,0.016508765518665314,0.06581418961286545,0.021705692633986473,0.977004954602565,0.9072265625,0.9989235401153564,0.0683555006980896
exact,17,mirrored kites,lsmlab-inspired,38,-1.590419054031372,0.015162257477641106,0.06397765129804611,0.030773013830184937,0.9786797631084789,0.921875,0.9978813529014587,0.06570905447006226
exact,17,mirrored kites,lsmlab-inspired,39,-1.590419054031372,0.019449949264526367,0.07224154472351074,0.01849093660712242,0.9718480492813142,0.90625,0.9956896305084229,0.06554482877254486
exact,17,mirrored kites,lsmlab-inspired,40,-1.590419054031372,0.01807563379406929,0.07359030097723007,0.03382597491145134,0.978716824111561,0.9208984375,0.9989396333694458,0.06555840373039246
exact,17,mirrored kites,lsmlab-inspired,41,-1.590419054031372,0.016427190974354744,0.06309745460748672,0.03192654997110367,0.9740345528455284,0.9169921875,0.9968050718307495,0.06775525957345963
exact,17,mirrored kites,lsmlab-inspired,42,-1.590419054031372,0.010166912339627743,0.04563937336206436,0.028461620211601257,0.9824659162673204,0.9248046875,1.0,0.06666558980941772
exact,17,mirrored kites,lsmlab-inspired,43,-1.590419054031372,0.009034997783601284,0.04357714205980301,0.026426929980516434,0.9850584198410285,0.935546875,1.0,0.06725087016820908
exact,17,mirrored kites,lsmlab-inspired,44,-1.590419054031372,0.01506203692406416,0.06031019613146782,0.03132235258817673,0.976962124170246,0.91796875,0.9999999403953552,0.06896495819091797
exact,17,mirrored kites,lsmlab-inspired,45,-1.590419054031372,0.01369731966406107,0.05925969034433365,0.02550341561436653,0.9823486927632529,0.923828125,1.0,0.06523764133453369
exact,17,mirrored kites,lsmlab-inspired,46,-1.590419054031372,0.01850861869752407,0.06896264106035233,0.018256986513733864,0.9746310832025118,0.9033203125,0.9967567920684814,0.06599830090999603
exact,17,mirrored kites,lsmlab-inspired,47,-1.590419054031372,0.01383425947278738,0.05820353329181671,0.028149880468845367,0.98466744761161,0.9189453125,1.0,0.06701438874006271
foundation,17,mirrored kites,lsmlab-inspired,48,-1.5919537544250488,0.016565417870879173,0.06256091594696045,0.022538017481565475,0.9751220065826807,0.9111328125,0.9957126975059509,0.06736903637647629
foundation,17,mirrored kites,lsmlab-inspired,49,-1.5919537544250488,0.014497094787657261,0.05970565974712372,0.031362470239400864,0.9772721633625289,0.9013671875,0.9978331327438354,0.06729990243911743
foundation,17,mirrored kites,lsmlab-inspired,50,-1.5919537544250488,0.01169875543564558,0.049320563673973083,0.028163785114884377,0.9822341057635176,0.9189453125,0.9989373087882996,0.06741680204868317
foundation,17,mirrored kites,lsmlab-inspired,51,-1.5919537544250488,0.020755991339683533,0.0809265524148941,0.03011014498770237,0.9656933542647829,0.8857421875,0.996692419052124,0.06745997071266174
foundation,17,mirrored kites,lsmlab-inspired,52,-1.5919537544250488,0.008305391296744347,0.044839341193437576,0.031411390751600266,0.9786786611367486,0.935546875,0.9989562034606934,0.06629770994186401
foundation,17,mirrored kites,lsmlab-inspired,53,-1.5919537544250488,0.012574505060911179,0.05284976586699486,0.026091475039720535,0.9755496137849079,0.9169921875,0.9968050718307495,0.06627142429351807
foundation,17,mirrored kites,lsmlab-inspired,54,-1.5919537544250488,0.01722702383995056,0.06675674766302109,0.02662426419556141,0.9731171324941327,0.90625,0.9956896305084229,0.06682650744915009
foundation,17,mirrored kites,lsmlab-inspired,55,-1.5919537544250488,0.010050282813608646,0.04918147623538971,0.028939243406057358,0.9876291043625712,0.9345703125,1.0,0.06704902648925781
foundation,17,mirrored kites,lsmlab-inspired,56,-1.5919537544250488,0.014014770276844501,0.06011369824409485,0.02798961102962494,0.9804037336932074,0.927734375,0.9957894086837769,0.06700803339481354
foundation,17,mirrored kites,lsmlab-inspired,57,-1.5919537544250488,0.01028850581496954,0.04371655732393265,0.02274368144571781,0.9848088531187122,0.9326171875,0.9979057908058167,0.0656808540225029
foundation,17,mirrored kites,lsmlab-inspired,58,-1.5919537544250488,0.014755102805793285,0.06024632602930069,0.022397128865122795,0.9783125371360666,0.9287109375,0.9978969097137451,0.06554801762104034
foundation,17,mirrored kites,lsmlab-inspired,59,-1.5919537544250488,0.010801749303936958,0.05187936872243881,0.03111397847533226,0.9868043602983361,0.9345703125,1.0,0.06733907014131546
foundation,17,mirrored kites,lsmlab-inspired,60,-1.5919537544250488,0.009976944886147976,0.04706691578030586,0.028610657900571823,0.9860682723964651,0.9228515625,0.9978836178779602,0.06746801733970642
foundation,17,mirrored kites,lsmlab-inspired,61,-1.5919537544250488,0.008554581552743912,0.04387696087360382,0.030451400205492973,0.9884322264561786,0.9384765625,1.0,0.06698932498693466
foundation,17,mirrored kites,lsmlab-inspired,62,-1.5919537544250488,0.017242630943655968,0.06918290257453918,0.022730637341737747,0.9781405850681091,0.9091796875,0.9978517889976501,0.06772416830062866
foundation,17,mirrored kites,lsmlab-inspired,63,-1.5919537544250488,0.016439341008663177,0.06511884182691574,0.021556545048952103,0.9752269871749282,0.9130859375,0.9967914819717407,0.06608821451663971
exact,17,mirrored kites,lsmlab-inspired,48,-1.590419054031372,0.01650199480354786,0.06257134675979614,0.022003326565027237,0.9722874143612356,0.9111328125,0.9957126975059509,0.06735784560441971
exact,17,mirrored kites,lsmlab-inspired,49,-1.590419054031372,0.014405881986021996,0.05981268733739853,0.031764913350343704,0.9777684043371461,0.9013671875,0.9978331327438354,0.06736422330141068
exact,17,mirrored kites,lsmlab-inspired,50,-1.590419054031372,0.01158212125301361,0.04938437044620514,0.0293580275028944,0.9832144979203803,0.921875,0.9989407062530518,0.06740038096904755
exact,17,mirrored kites,lsmlab-inspired,51,-1.590419054031372,0.02071072719991207,0.0810241624712944,0.02978713996708393,0.9664468864468865,0.8857421875,0.996692419052124,0.06744043529033661
exact,17,mirrored kites,lsmlab-inspired,52,-1.590419054031372,0.008279536850750446,0.04528043419122696,0.03201707452535629,0.9795548805420877,0.9345703125,0.9989550709724426,0.06629371643066406
exact,17,mirrored kites,lsmlab-inspired,53,-1.590419054031372,0.012454193085432053,0.05285714566707611,0.02644026279449463,0.9748952695471365,0.91796875,0.9968084692955017,0.06623983383178711
exact,17,mirrored kites,lsmlab-inspired,54,-1.590419054031372,0.01714135706424713,0.06676602363586426,0.028461959213018417,0.9739468506270298,0.90625,0.9956896305084229,0.06679321825504303
exact,17,mirrored kites,lsmlab-inspired,55,-1.590419054031372,0.01003583800047636,0.04962928593158722,0.030324844643473625,0.9871871871871871,0.9345703125,1.0,0.0670466423034668
exact,17,mirrored kites,lsmlab-inspired,56,-1.590419054031372,0.013974718749523163,0.06032827869057655,0.028505582362413406,0.9814158794421952,0.927734375,0.9957894086837769,0.06702195107936859
exact,17,mirrored kites,lsmlab-inspired,57,-1.590419054031372,0.01018279418349266,0.04374421387910843,0.023050546646118164,0.9855801475519785,0.93359375,0.9979079365730286,0.06567974388599396
exact,17,mirrored kites,lsmlab-inspired,58,-1.590419054031372,0.014727767556905746,0.0604453980922699,0.022854896262288094,0.979025549613785,0.9296875,0.9978992342948914,0.06554196774959564
exact,17,mirrored kites,lsmlab-inspired,59,-1.590419054031372,0.010785320773720741,0.05229002237319946,0.03246679902076721,0.9848157854169879,0.9345703125,1.0,0.06735092401504517
exact,17,mirrored kites,lsmlab-inspired,60,-1.590419054031372,0.0098959282040596,0.04717987775802612,0.028986718505620956,0.9870039854444637,0.9248046875,0.9978880882263184,0.06744882464408875
exact,17,mirrored kites,lsmlab-inspired,61,-1.590419054031372,0.00853634998202324,0.044277191162109375,0.031015977263450623,0.988749773180911,0.9375,1.0,0.06699132919311523
exact,17,mirrored kites,lsmlab-inspired,62,-1.590419054031372,0.017226720228791237,0.06942988932132721,0.02357533946633339,0.9776422764227642,0.908203125,0.998924732208252,0.06768693774938583
exact,17,mirrored kites,lsmlab-inspired,63,-1.590419054031372,0.016326868906617165,0.06504911929368973,0.023640591651201248,0.9734759199067067,0.9130859375,0.9967914819717407,0.0660921111702919
foundation,29,one obstacle,ID,0,-1.6566933393478394,0.060995087027549744,0.23667842149734497,0.19605225324630737,0.9976331360946746,0.609375,1.0,0.08348919451236725
foundation,29,one obstacle,ID,1,-1.6566933393478394,0.0641406923532486,0.22974947094917297,0.18633201718330383,0.9963235294117647,0.9248046875,1.0,0.08059654384851456
foundation,29,one obstacle,ID,2,-1.6566933393478394,0.06943981349468231,0.2506307363510132,0.20380383729934692,0.5,0.7177734375,1.0,0.08185403048992157
foundation,29,one obstacle,ID,3,-1.6566933393478394,0.0717552900314331,0.2594681680202484,0.20870094001293182,0.9977941176470588,0.6484375,0.9999999403953552,0.0830715000629425
foundation,29,one obstacle,ID,4,-1.6566933393478394,0.05968519672751427,0.2258846014738083,0.1867135614156723,0.9987065357985239,0.8369140625,1.0,0.08262115716934204
foundation,29,one obstacle,ID,5,-1.6566933393478394,0.0709921270608902,0.25682318210601807,0.20633547008037567,0.9980372914622179,0.6669921875,1.0,0.08284134417772293
foundation,29,one obstacle,ID,6,-1.6566933393478394,0.06907639652490616,0.2589418888092041,0.21290582418441772,0.9921568627450981,0.4609375,1.0,0.08405278623104095
foundation,29,one obstacle,ID,7,-1.6566933393478394,0.07624376565217972,0.26978322863578796,0.21793028712272644,0.9995107632093934,0.623046875,1.0,0.08235006779432297
foundation,29,one obstacle,ID,8,-1.6566933393478394,0.06449082493782043,0.23826482892036438,0.19545598328113556,0.9931372549019608,0.8056640625,1.0,0.08251187205314636
foundation,29,one obstacle,ID,9,-1.6566933393478394,0.06195312365889549,0.22823013365268707,0.1859436333179474,0.9950884086444008,0.8828125,1.0,0.08199775218963623
foundation,29,one obstacle,ID,10,-1.6566933393478394,0.06409655511379242,0.24289022386074066,0.20055179297924042,0.9921568627450981,0.6494140625,1.0,0.08335398137569427
foundation,29,one obstacle,ID,11,-1.6566933393478394,0.07485883682966232,0.261827677488327,0.2108394205570221,1.0,0.7236328125,0.9999999403953552,0.08148188889026642
foundation,29,one obstacle,ID,12,-1.6566933393478394,0.057257767766714096,0.21939967572689056,0.1781308352947235,0.9918731417244797,0.8310546875,1.0,0.08289162814617157
foundation,29,one obstacle,ID,13,-1.6566933393478394,0.060484033077955246,0.22625547647476196,0.18639957904815674,0.9955117679255611,0.84765625,1.0,0.0826932042837143
foundation,29,one obstacle,ID,14,-1.6566933393478394,0.07988996803760529,0.2864267826080322,0.23031622171401978,1.0,0.30078125,1.0,0.08403930813074112
foundation,29,one obstacle,ID,15,-1.6566933393478394,0.06576929986476898,0.245561420917511,0.20175114274024963,0.9992618110236221,0.6806640625,1.0,0.08336547017097473
exact,29,one obstacle,ID,0,-1.6550369262695312,0.06302405893802643,0.24055996537208557,0.1983824074268341,0.9985207100591715,0.6240234375,1.0,0.08349038660526276
exact,29,one obstacle,ID,1,-1.6550369262695312,0.06645166873931885,0.23451568186283112,0.18768449127674103,0.9975490196078431,0.92578125,0.9999999403953552,0.08059766888618469
exact,29,one obstacle,ID,2,-1.6550369262695312,0.07188431173563004,0.2552606165409088,0.20644985139369965,0.5,0.732421875,1.0,0.08185474574565887
exact,29,one obstacle,ID,3,-1.6550369262695312,0.07415245473384857,0.263907790184021,0.2112104892730713,0.9990196078431373,0.662109375,1.0,0.08307332545518875
exact,29,one obstacle,ID,4,-1.6550369262695312,0.061738863587379456,0.23007415235042572,0.1893516480922699,0.9949644225506294,0.8408203125,1.0,0.0826210081577301
exact,29,one obstacle,ID,5,-1.6550369262695312,0.07335653901100159,0.2612598240375519,0.20986789464950562,0.9960822722820764,0.6796875,1.0,0.0828428864479065
exact,29,one obstacle,ID,6,-1.6550369262695312,0.07131140679121017,0.2630016505718231,0.21517285704612732,0.9977941176470588,0.486328125,0.9999999403953552,0.08405435085296631
exact,29,one obstacle,ID,7,-1.6550369262695312,0.07875914871692657,0.2744291126728058,0.21998199820518494,1.0,0.6337890625,1.0,0.08235009014606476
exact,29,one obstacle,ID,8,-1.6550369262695312,0.0667383223772049,0.24267280101776123,0.19810611009597778,0.9965686274509804,0.8203125,1.0,0.08251290023326874
exact,29,one obstacle,ID,9,-1.6550369262695312,0.06414109468460083,0.23269662261009216,0.18768297135829926,0.9916666666666667,0.890625,1.0,0.08199906349182129
exact,29,one obstacle,ID,10,-1.6550369262695312,0.06625740975141525,0.24699535965919495,0.20296955108642578,0.9921568627450981,0.6611328125,1.0,0.08335418999195099
exact,29,one obstacle,ID,11,-1.6550369262695312,0.07744774967432022,0.2667059600353241,0.2125335931777954,1.0,0.7412109375,1.0,0.08148369938135147
exact,29,one obstacle,ID,12,-1.6550369262695312,0.05918325483798981,0.22342762351036072,0.18135282397270203,0.9922206506364922,0.83984375,1.0,0.08289313316345215
exact,29,one obstacle,ID,13,-1.6550369262695312,0.06258610635995865,0.23056025803089142,0.18910224735736847,0.9943812333192864,0.8544921875,1.0,0.08269397914409637
exact,29,one obstacle,ID,14,-1.6550369262695312,0.08238139748573303,0.2907599210739136,0.23304247856140137,0.9990215264187867,0.328125,1.0,0.08403997123241425
exact,29,one obstacle,ID,15,-1.6550369262695312,0.06798728555440903,0.24977153539657593,0.20005406439304352,0.999876968503937,0.712890625,1.0,0.08336688578128815
foundation,29,one obstacle,ID,16,-1.6566933393478394,0.06975823640823364,0.24655203521251678,0.19703565537929535,0.9973039215686275,0.837890625,1.0,0.08163996040821075
foundation,29,one obstacle,ID,17,-1.6566933393478394,0.06412370502948761,0.24369704723358154,0.2013544887304306,0.9921568627450981,0.638671875,1.0,0.08334586024284363
foundation,29,one obstacle,ID,18,-1.6566933393478394,0.07271745800971985,0.25764378905296326,0.20774948596954346,1.0,0.6953125,1.0,0.08101598918437958
foundation,29,one obstacle,ID,19,-1.6566933393478394,0.07157235592603683,0.25817224383354187,0.209748774766922,0.5,0.64453125,0.9999999403953552,0.08228075504302979
foundation,29,one obstacle,ID,20,-1.6566933393478394,0.07943619042634964,0.26939326524734497,0.213226318359375,0.9995107632093934,0.775390625,0.9999999403953552,0.08113566040992737
foundation,29,one obstacle,ID,21,-1.6566933393478394,0.06852684915065765,0.24997960031032562,0.20394964516162872,0.5,0.69921875,1.0,0.08228953182697296
foundation,29,one obstacle,ID,22,-1.6566933393478394,0.07489444315433502,0.2648058533668518,0.21364152431488037,0.5,0.66796875,1.0,0.08218222856521606
foundation,29,one obstacle,ID,23,-1.6566933393478394,0.060445334762334824,0.2273145169019699,0.1862991750240326,0.9938077716952347,0.8017578125,1.0,0.08301471173763275
foundation,29,one obstacle,ID,24,-1.6566933393478394,0.06580033898353577,0.2430374175310135,0.19920401275157928,0.9968596663395486,0.7578125,0.9999999403953552,0.08286716043949127
foundation,29,one obstacle,ID,25,-1.6566933393478394,0.06517837196588516,0.23653177917003632,0.191232830286026,0.9921645445641528,0.8564453125,1.0,0.08163435757160187
foundation,29,one obstacle,ID,26,-1.6566933393478394,0.06960495561361313,0.2515307068824768,0.20472420752048492,1.0,0.75390625,1.0,0.08265720307826996
foundation,29,one obstacle,ID,27,-1.6566933393478394,0.06398726254701614,0.24146470427513123,0.19856387376785278,0.995956607495069,0.6591796875,1.0,0.0836838111281395
foundation,29,one obstacle,ID,28,-1.6566933393478394,0.059434887021780014,0.2273690104484558,0.1871827393770218,0.9955128780400251,0.7978515625,1.0,0.08315945416688919
foundation,29,one obstacle,ID,29,-1.6566933393478394,0.07291983813047409,0.2566753029823303,0.20699264109134674,0.5,0.7861328125,1.0,0.08156166970729828
foundation,29,one obstacle,ID,30,-1.6566933393478394,0.06558996438980103,0.2426912486553192,0.1940842568874359,0.9956212370005474,0.7705078125,1.0,0.08330121636390686
foundation,29,one obstacle,ID,31,-1.6566933393478394,0.057491958141326904,0.2225368767976761,0.18121455609798431,0.992163128661645,0.787109375,1.0,0.08280512690544128
exact,29,one obstacle,ID,16,-1.6550369262695312,0.0721823200583458,0.25133195519447327,0.1998755782842636,0.9985294117647059,0.84375,1.0,0.08164060115814209
exact,29,one obstacle,ID,17,-1.6550369262695312,0.06627247482538223,0.2477571964263916,0.20373651385307312,0.9921568627450981,0.6552734375,1.0,0.08334560692310333
exact,29,one obstacle,ID,18,-1.6550369262695312,0.07525399327278137,0.26243168115615845,0.21045483648777008,1.0,0.7177734375,1.0,0.08101756125688553
exact,29,one obstacle,ID,19,-1.6550369262695312,0.07404053211212158,0.2627458870410919,0.2122979611158371,0.5,0.6689453125,0.9999999403953552,0.08228208124637604
exact,29,one obstacle,ID,20,-1.6550369262695312,0.0821596086025238,0.27453720569610596,0.21607443690299988,1.0,0.7890625,1.0,0.08113694936037064
exact,29,one obstacle,ID,21,-1.6550369262695312,0.07092312723398209,0.2544897794723511,0.2065257728099823,0.5,0.7158203125,1.0,0.08229072391986847
exact,29,one obstacle,ID,22,-1.6550369262695312,0.07745789736509323,0.2695366442203522,0.21623699367046356,0.5,0.69140625,1.0,0.08218267560005188
exact,29,one obstacle,ID,23,-1.6550369262695312,0.06250365823507309,0.23152418434619904,0.18954098224639893,0.99168035030104,0.814453125,1.0,0.08301405608654022
exact,29,one obstacle,ID,24,-1.6550369262695312,0.06806959211826324,0.2474081814289093,0.20178422331809998,0.9980372914622179,0.7763671875,1.0,0.08286866545677185
exact,29,one obstacle,ID,25,-1.6550369262695312,0.06747695058584213,0.24111837148666382,0.19402338564395905,0.9934704538034607,0.8623046875,1.0,0.08163522928953171
exact,29,one obstacle,ID,26,-1.6550369262695312,0.07199762016534805,0.256073921918869,0.20734187960624695,0.9980392156862745,0.771484375,1.0,0.08265706896781921
exact,29,one obstacle,ID,27,-1.6550369262695312,0.0660882517695427,0.24552929401397705,0.20158405601978302,0.9957307060755336,0.669921875,1.0,0.08368520438671112
exact,29,one obstacle,ID,28,-1.6550369262695312,0.06145521253347397,0.231430783867836,0.18973226845264435,0.9928641732283465,0.80859375,1.0,0.08316084742546082
exact,29,one obstacle,ID,29,-1.6550369262695312,0.07546482980251312,0.26149868965148926,0.2097175270318985,0.5,0.8037109375,1.0,0.08156139403581619
exact,29,one obstacle,ID,30,-1.6550369262695312,0.06777497380971909,0.24693800508975983,0.19668333232402802,0.9971538040503558,0.77734375,1.0,0.0833016186952591
exact,29,one obstacle,ID,31,-1.6550369262695312,0.05942656472325325,0.22648705542087555,0.18434099853038788,0.9908462712016511,0.7998046875,1.0,0.08280565589666367
foundation,29,one obstacle,ID,32,-1.6566933393478394,0.0759049579501152,0.2664337158203125,0.21253491938114166,0.9986940907606922,0.677734375,1.0,0.08223457634449005
foundation,29,one obstacle,ID,33,-1.6566933393478394,0.07103576511144638,0.25029826164245605,0.2010958194732666,0.9960861056751468,0.826171875,1.0,0.08264890313148499
foundation,29,one obstacle,ID,34,-1.6566933393478394,0.06235036998987198,0.23905706405639648,0.198018878698349,0.9968137254901961,0.626953125,0.9999999403953552,0.08295933902263641
foundation,29,one obstacle,ID,35,-1.6566933393478394,0.07426108419895172,0.2663925588130951,0.2147202491760254,0.9946183953033269,0.5693359375,1.0,0.08293535560369492
foundation,29,one obstacle,ID,36,-1.6566933393478394,0.06427808851003647,0.2425277829170227,0.195252925157547,0.9979200875752601,0.6201171875,1.0,0.0831453874707222
foundation,29,one obstacle,ID,37,-1.6566933393478394,0.06125450134277344,0.22713220119476318,0.18663090467453003,0.9956938976377953,0.83984375,1.0,0.08232244849205017
foundation,29,one obstacle,ID,38,-1.6566933393478394,0.06956959515810013,0.25173625349998474,0.20493413507938385,0.9990205680705191,0.7119140625,1.0,0.08247442543506622
foundation,29,one obstacle,ID,39,-1.6566933393478394,0.063316710293293,0.23655182123184204,0.19398149847984314,0.9961297760210803,0.7666015625,1.0,0.08325444161891937
foundation,29,one obstacle,ID,40,-1.6566933393478394,0.07717392593622208,0.2709496021270752,0.2178969532251358,0.5,0.5986328125,1.0,0.08200989663600922
foundation,29,one obstacle,ID,41,-1.6566933393478394,0.06320254504680634,0.23720598220825195,0.1935565173625946,0.9967455621301775,0.7841796875,0.9999999403953552,0.08319099247455597
foundation,29,one obstacle,ID,42,-1.6566933393478394,0.06566993147134781,0.2450578510761261,0.20137929916381836,0.9970617042115573,0.6630859375,1.0,0.08270256221294403
foundation,29,one obstacle,ID,43,-1.6566933393478394,0.08122701197862625,0.27777525782585144,0.221291184425354,0.5,0.650390625,1.0,0.08177527785301208
foundation,29,one obstacle,ID,44,-1.6566933393478394,0.0709288939833641,0.2587963938713074,0.2080071121454239,0.9897939156035329,0.58203125,1.0,0.08331555873155594
foundation,29,one obstacle,ID,45,-1.6566933393478394,0.06911585479974747,0.2532816231250763,0.2070608139038086,0.9941060903732809,0.6962890625,1.0,0.08362065255641937
foundation,29,one obstacle,ID,46,-1.6566933393478394,0.07399125397205353,0.2618609070777893,0.21099230647087097,0.9980449657869013,0.703125,1.0,0.08213885128498077
foundation,29,one obstacle,ID,47,-1.6566933393478394,0.06924555450677872,0.25002551078796387,0.20115938782691956,0.9975490196078431,0.7197265625,1.0,0.0820603221654892
exact,29,one obstacle,ID,32,-1.6550369262695312,0.07840248942375183,0.2711237370967865,0.21513797342777252,0.9990205680705191,0.6923828125,1.0,0.08223602920770645
exact,29,one obstacle,ID,33,-1.6550369262695312,0.07348201423883438,0.25507205724716187,0.20390470325946808,0.9960861056751468,0.83984375,1.0,0.08264996111392975
exact,29,one obstacle,ID,34,-1.6550369262695312,0.06448933482170105,0.2431209683418274,0.20041660964488983,0.9967352269017303,0.6435546875,1.0,0.08296068012714386
exact,29,one obstacle,ID,35,-1.6550369262695312,0.07672585546970367,0.27089136838912964,0.21718677878379822,0.9955968688845401,0.607421875,1.0,0.0829363614320755
exact,29,one obstacle,ID,36,-1.6550369262695312,0.06641663610935211,0.24663732945919037,0.1987413763999939,0.9963478016575362,0.6396484375,1.0,0.08314649760723114
exact,29,one obstacle,ID,37,-1.6550369262695312,0.06339392066001892,0.23152436316013336,0.18937921524047852,0.9945972495088409,0.8466796875,0.9999999403953552,0.08232241123914719
exact,29,one obstacle,ID,38,-1.6550369262695312,0.07197245955467224,0.25629186630249023,0.2060081660747528,1.0,0.7265625,1.0,0.08247561007738113
exact,29,one obstacle,ID,39,-1.6550369262695312,0.06543237715959549,0.2407449334859848,0.1965528130531311,0.9965000448712196,0.77734375,1.0,0.0832548588514328
exact,29,one obstacle,ID,40,-1.6550369262695312,0.07977350056171417,0.2757066488265991,0.22045686841011047,0.5,0.6220703125,1.0,0.08200982213020325
exact,29,one obstacle,ID,41,-1.6550369262695312,0.06533472239971161,0.24137230217456818,0.19666460156440735,0.9961685823754789,0.80078125,1.0,0.08319220691919327
exact,29,one obstacle,ID,42,-1.6550369262695312,0.06794727593660355,0.24936188757419586,0.20387747883796692,0.9980411361410382,0.6826171875,1.0,0.08270427584648132
exact,29,one obstacle,ID,43,-1.6550369262695312,0.08395229279994965,0.2827758491039276,0.22395101189613342,0.5,0.673828125,1.0,0.08177607506513596
exact,29,one obstacle,ID,44,-1.6550369262695312,0.07325513660907745,0.2631075978279114,0.21046501398086548,0.9915603532875368,0.6064453125,1.0,0.08331586420536041
exact,29,one obstacle,ID,45,-1.6550369262695312,0.07138301432132721,0.2575741708278656,0.20954658091068268,0.9973804846103471,0.7099609375,1.0,0.08362096548080444
exact,29,one obstacle,ID,46,-1.6550369262695312,0.0765000581741333,0.2665605843067169,0.21362493932247162,0.9980449657869013,0.7158203125,1.0,0.08214056491851807
exact,29,one obstacle,ID,47,-1.6550369262695312,0.07162424921989441,0.2545742690563202,0.2038135677576065,0.9980392156862745,0.7431640625,1.0,0.0820612758398056
foundation,29,one obstacle,ID,48,-1.6566933393478394,0.06341361999511719,0.2390560507774353,0.19588293135166168,0.9946745562130178,0.7158203125,1.0,0.08326825499534607
foundation,29,one obstacle,ID,49,-1.6566933393478394,0.06479518860578537,0.2393072247505188,0.1956576257944107,0.9973804846103471,0.7822265625,1.0,0.08247633278369904
foundation,29,one obstacle,ID,50,-1.6566933393478394,0.07580175995826721,0.2664051949977875,0.21405595541000366,0.9970674486803519,0.6630859375,1.0,0.08252331614494324
foundation,29,one obstacle,ID,51,-1.6566933393478394,0.07295621186494827,0.2615642249584198,0.2087709903717041,0.9972167648984938,0.638671875,1.0,0.08309057354927063
foundation,29,one obstacle,ID,52,-1.6566933393478394,0.0617767870426178,0.23126351833343506,0.18988585472106934,0.9975442043222004,0.8359375,0.9999999403953552,0.0822627991437912
foundation,29,one obstacle,ID,53,-1.6566933393478394,0.07954788208007812,0.28040629625320435,0.22555406391620636,0.9990224828934506,0.4814453125,1.0,0.08294227719306946
foundation,29,one obstacle,ID,54,-1.6566933393478394,0.07161721587181091,0.25827720761299133,0.20985117554664612,0.5,0.646484375,1.0,0.08207011222839355
foundation,29,one obstacle,ID,55,-1.6566933393478394,0.06362464278936386,0.23699089884757996,0.19225174188613892,0.9870768366343587,0.779296875,1.0,0.08305498957633972
foundation,29,one obstacle,ID,56,-1.6566933393478394,0.06180907413363457,0.23556800186634064,0.19431054592132568,0.9975393700787402,0.7109375,1.0,0.08314003050327301
foundation,29,one obstacle,ID,57,-1.6566933393478394,0.0723792091012001,0.2553931772708893,0.2062307745218277,0.9980430528375733,0.767578125,1.0,0.08153912425041199
foundation,29,one obstacle,ID,58,-1.6566933393478394,0.07524508982896805,0.2642850875854492,0.212385892868042,0.9980449657869013,0.6953125,1.0,0.08211879432201385
foundation,29,one obstacle,ID,59,-1.6566933393478394,0.0641198679804802,0.24093295633792877,0.19847054779529572,0.9960707269155206,0.7216796875,0.9999999403953552,0.08256317675113678
foundation,29,one obstacle,ID,60,-1.6566933393478394,0.07155922800302505,0.2571251690387726,0.20878757536411285,0.9995098039215686,0.71484375,1.0,0.08272742480039597
foundation,29,one obstacle,ID,61,-1.6566933393478394,0.06755026429891586,0.25221845507621765,0.20733684301376343,0.9976624015748031,0.615234375,1.0,0.08372360467910767
foundation,29,one obstacle,ID,62,-1.6566933393478394,0.05966363102197647,0.23018082976341248,0.1899738609790802,0.9933590594992372,0.7314453125,1.0,0.08354471623897552
foundation,29,one obstacle,ID,63,-1.6566933393478394,0.05621354281902313,0.21915921568870544,0.18257847428321838,0.9973372781065089,0.7900390625,1.0,0.08256416767835617
exact,29,one obstacle,ID,48,-1.6550369262695312,0.06551454961299896,0.243149995803833,0.19836850464344025,0.9959566074950691,0.728515625,1.0,0.08326944708824158
exact,29,one obstacle,ID,49,-1.6550369262695312,0.06702519208192825,0.24367280304431915,0.19828301668167114,0.9966633954857704,0.7900390625,1.0,0.0824773907661438
exact,29,one obstacle,ID,50,-1.6550369262695312,0.07836251705884933,0.2711501717567444,0.21667461097240448,0.9990224828934506,0.6865234375,1.0,0.08252446353435516
exact,29,one obstacle,ID,51,-1.6550369262695312,0.07536312192678452,0.26606717705726624,0.2113395780324936,0.9980353634577603,0.6552734375,1.0,0.08309133350849152
exact,29,one obstacle,ID,52,-1.6550369262695312,0.06396102160215378,0.23560300469398499,0.19254761934280396,0.9983628028814668,0.849609375,1.0,0.08226265013217926
exact,29,one obstacle,ID,53,-1.6550369262695312,0.08211645483970642,0.28503134846687317,0.22801406681537628,1.0,0.4951171875,1.0,0.08294293284416199
exact,29,one obstacle,ID,54,-1.6550369262695312,0.07407636940479279,0.2628416419029236,0.21239906549453735,0.5,0.6640625,1.0,0.08207133412361145
exact,29,one obstacle,ID,55,-1.6550369262695312,0.06577612459659576,0.24122735857963562,0.1932287961244583,0.9890434049726085,0.7880859375,1.0,0.08305612951517105
exact,29,one obstacle,ID,56,-1.6550369262695312,0.06391575187444687,0.2396574169397354,0.19735431671142578,0.9965618860510805,0.7275390625,1.0,0.08314190804958344
exact,29,one obstacle,ID,57,-1.6550369262695312,0.07490599155426025,0.26019051671028137,0.20895609259605408,0.9990224828934506,0.7861328125,1.0,0.08154059946537018
exact,29,one obstacle,ID,58,-1.6550369262695312,0.07779975980520248,0.26905637979507446,0.21504199504852295,0.9990224828934506,0.71875,1.0,0.08211919665336609
exact,29,one obstacle,ID,59,-1.6550369262695312,0.06627260148525238,0.24509087204933167,0.200942724943161,0.9975442043222004,0.7353515625,1.0,0.08256421983242035
exact,29,one obstacle,ID,60,-1.6550369262695312,0.0739823430776596,0.2616713345050812,0.2098458707332611,0.9990205680705191,0.7294921875,1.0,0.08272944390773773
exact,29,one obstacle,ID,61,-1.6550369262695312,0.06972513347864151,0.2563142478466034,0.20970945060253143,0.9963981663392273,0.6279296875,1.0,0.08372516930103302
exact,29,one obstacle,ID,62,-1.6550369262695312,0.06164013221859932,0.23412062227725983,0.1935911327600479,0.9914614121510673,0.744140625,1.0,0.08354591578245163
exact,29,one obstacle,ID,63,-1.6550369262695312,0.05819321051239967,0.22318899631500244,0.18512773513793945,0.9969348659003832,0.8056640625,1.0,0.08256451785564423
foundation,29,two obstacles,ID,0,-1.6566933393478394,0.019700685515999794,0.06531073898077011,0.02597454935312271,0.9540598290598291,0.884765625,0.9900662302970886,0.0667351484298706
foundation,29,two obstacles,ID,1,-1.6566933393478394,0.027614913880825043,0.09850417077541351,0.03446605056524277,0.9418238993710691,0.888671875,0.9725275039672852,0.06842585653066635
foundation,29,two obstacles,ID,2,-1.6566933393478394,0.02146134153008461,0.07978498190641403,0.023597724735736847,0.9534811417911898,0.916015625,0.9818763732910156,0.06608863174915314
foundation,29,two obstacles,ID,3,-1.6566933393478394,0.02398420311510563,0.08084942400455475,0.02907273732125759,0.9561848958333332,0.884765625,0.9845474362373352,0.06658028066158295
foundation,29,two obstacles,ID,4,-1.6566933393478394,0.02359158918261528,0.07798240333795547,0.03148753196001053,0.9501953125000001,0.8671875,0.9853603839874268,0.06677189469337463
foundation,29,two obstacles,ID,5,-1.6566933393478394,0.022227151319384575,0.08068451285362244,0.023971399292349815,0.9520592926165682,0.9072265625,0.9827771782875061,0.06534232944250107
foundation,29,two obstacles,ID,6,-1.6566933393478394,0.02001744881272316,0.07067383825778961,0.021673889830708504,0.9589737021857924,0.9150390625,0.9882603883743286,0.06544578820466995
foundation,29,two obstacles,ID,7,-1.6566933393478394,0.02046963945031166,0.06981509178876877,0.02359955571591854,0.9627887997201874,0.91015625,0.9881974458694458,0.06702502071857452
foundation,29,two obstacles,ID,8,-1.6566933393478394,0.025546027347445488,0.08644632250070572,0.03263270854949951,0.9530098831985625,0.8779296875,0.9810900688171387,0.06799442321062088
foundation,29,two obstacles,ID,9,-1.6566933393478394,0.023111987859010696,0.08101554214954376,0.0282934308052063,0.9604718860119504,0.9052734375,0.9827399849891663,0.06687832623720169
foundation,29,two obstacles,ID,10,-1.6566933393478394,0.01771152764558792,0.060123853385448456,0.020243342965841293,0.9678583588695948,0.9228515625,0.988359808921814,0.06568911671638489
foundation,29,two obstacles,ID,11,-1.6566933393478394,0.02171606943011284,0.0739932432770729,0.026226531714200974,0.9598593560362676,0.8984375,0.9836956262588501,0.06762011349201202
foundation,29,two obstacles,ID,12,-1.6566933393478394,0.020219894126057625,0.07060078531503677,0.02314797230064869,0.9557463273079015,0.8994140625,0.9891422986984253,0.0668114498257637
foundation,29,two obstacles,ID,13,-1.6566933393478394,0.020604422315955162,0.0706506222486496,0.025560609996318817,0.958530106257379,0.890625,0.9857456088066101,0.06764170527458191
foundation,29,two obstacles,ID,14,-1.6566933393478394,0.018200993537902832,0.06350340694189072,0.01990344561636448,0.969620418563122,0.92578125,0.9873417019844055,0.06449411809444427
foundation,29,two obstacles,ID,15,-1.6566933393478394,0.020035572350025177,0.07271424680948257,0.022136304527521133,0.9575801543639038,0.9140625,0.9818376302719116,0.06571538746356964
exact,29,two obstacles,ID,0,-1.6550369262695312,0.01938663423061371,0.06428483128547668,0.02540501579642296,0.9546984261330431,0.8857421875,0.9900771975517273,0.06673450767993927
exact,29,two obstacles,ID,1,-1.6550369262695312,0.027403706684708595,0.0975584089756012,0.0340789332985878,0.9438005390835579,0.8876953125,0.9735973477363586,0.06843698024749756
exact,29,two obstacles,ID,2,-1.6550369262695312,0.02122425101697445,0.07890231162309647,0.023106291890144348,0.9550550881215631,0.916015625,0.9818763732910156,0.06607577204704285
exact,29,two obstacles,ID,3,-1.6550369262695312,0.023757243528962135,0.07996784895658493,0.028622081503272057,0.9580891927083334,0.8837890625,0.9845303297042847,0.06658864766359329
exact,29,two obstacles,ID,4,-1.6550369262695312,0.02330048196017742,0.07695086300373077,0.03097560815513134,0.950514510348017,0.869140625,0.9853932857513428,0.06673923134803772
exact,29,two obstacles,ID,5,-1.6550369262695312,0.02202155627310276,0.07989520579576492,0.023502793163061142,0.9537480063795853,0.9072265625,0.9838535785675049,0.06534871459007263
exact,29,two obstacles,ID,6,-1.6550369262695312,0.019822953268885612,0.07002637535333633,0.021225405856966972,0.9601690573770492,0.9150390625,0.9882603883743286,0.06545276194810867
exact,29,two obstacles,ID,7,-1.6550369262695312,0.020251717418432236,0.06907070428133011,0.023122794926166534,0.9625672681228236,0.912109375,0.9882226586341858,0.0670408084988594
exact,29,two obstacles,ID,8,-1.6550369262695312,0.02529105357825756,0.08541445434093475,0.03219263628125191,0.9533044995826694,0.87890625,0.9811111092567444,0.06798936426639557
exact,29,two obstacles,ID,9,-1.6550369262695312,0.022895794361829758,0.0801011472940445,0.027917325496673584,0.9587775533503118,0.908203125,0.9827957153320312,0.06688201427459717
exact,29,two obstacles,ID,10,-1.6550369262695312,0.017521042376756668,0.05945178121328354,0.019843099638819695,0.969084099421178,0.921875,0.9894067645072937,0.06570921093225479
exact,29,two obstacles,ID,11,-1.6550369262695312,0.02149227075278759,0.0731196403503418,0.02575569599866867,0.961608481473549,0.8994140625,0.9847991466522217,0.06762087345123291
exact,29,two obstacles,ID,12,-1.6550369262695312,0.02003137208521366,0.06992659717798233,0.02271917276084423,0.9555852156057494,0.8994140625,0.9891422986984253,0.06679736822843552
exact,29,two obstacles,ID,13,-1.6550369262695312,0.02037782222032547,0.06981339305639267,0.02510668709874153,0.9582324795947086,0.8916015625,0.985761284828186,0.06765114516019821
exact,29,two obstacles,ID,14,-1.6550369262695312,0.018023869022727013,0.06286045908927917,0.019508210942149162,0.9707092924497486,0.9248046875,0.9883844256401062,0.06449690461158752
exact,29,two obstacles,ID,15,-1.6550369262695312,0.01985146291553974,0.07196319848299026,0.021692676469683647,0.9558137100994244,0.9150390625,0.9818569421768188,0.06570899486541748
foundation,29,two obstacles,ID,16,-1.6566933393478394,0.02649012953042984,0.09107941389083862,0.03266952559351921,0.9602149143655562,0.896484375,0.9771241545677185,0.06800071895122528
foundation,29,two obstacles,ID,17,-1.6566933393478394,0.02113409712910652,0.07139953225851059,0.026860978454351425,0.9463109418417114,0.875,0.988839328289032,0.06746242195367813
foundation,29,two obstacles,ID,18,-1.6566933393478394,0.01965940184891224,0.0674225464463234,0.024649053812026978,0.9602821444532965,0.8974609375,0.983677864074707,0.06616108119487762
foundation,29,two obstacles,ID,19,-1.6566933393478394,0.02295791730284691,0.08105627447366714,0.026111334562301636,0.96062509575609,0.9013671875,0.9826652407646179,0.06580997258424759
foundation,29,two obstacles,ID,20,-1.6566933393478394,0.022621091455221176,0.07531041651964188,0.02652038261294365,0.9713323173177189,0.9013671875,0.9869989156723022,0.06492988765239716
foundation,29,two obstacles,ID,21,-1.6566933393478394,0.019973576068878174,0.06687156111001968,0.02348768711090088,0.966905253837072,0.896484375,0.9912853837013245,0.06701976805925369
foundation,29,two obstacles,ID,22,-1.6566933393478394,0.024169689044356346,0.08423230051994324,0.029757795855402946,0.9560872395833333,0.8994140625,0.9793702960014343,0.06658473610877991
foundation,29,two obstacles,ID,23,-1.6566933393478394,0.020419305190443993,0.0752219557762146,0.022731775417923927,0.9610156548300879,0.923828125,0.97991544008255,0.06632925570011139
foundation,29,two obstacles,ID,24,-1.6566933393478394,0.02328355237841606,0.08045681565999985,0.025788195431232452,0.9628630705394191,0.908203125,0.9817204475402832,0.06621341407299042
foundation,29,two obstacles,ID,25,-1.6566933393478394,0.02394268848001957,0.08653463423252106,0.02979365736246109,0.9474716652136007,0.9013671875,0.9750812649726868,0.06610222905874252
foundation,29,two obstacles,ID,26,-1.6566933393478394,0.0263716708868742,0.09537044167518616,0.03140558674931526,0.9439203354297694,0.884765625,0.9735099077224731,0.0676705539226532
foundation,29,two obstacles,ID,27,-1.6566933393478394,0.022041792050004005,0.0796264111995697,0.026329759508371353,0.9430342384887839,0.8896484375,0.983534574508667,0.06684982031583786
foundation,29,two obstacles,ID,28,-1.6566933393478394,0.02381734922528267,0.0827128067612648,0.029477808624505997,0.9544463818657367,0.90234375,0.9816017150878906,0.06719684600830078
foundation,29,two obstacles,ID,29,-1.6566933393478394,0.022701550275087357,0.0799441933631897,0.02721485123038292,0.9560375867217001,0.9052734375,0.9795037508010864,0.06616957485675812
foundation,29,two obstacles,ID,30,-1.6566933393478394,0.01616181805729866,0.05423206835985184,0.017943166196346283,0.9712206339046535,0.9150390625,0.9967982769012451,0.06675456464290619
foundation,29,two obstacles,ID,31,-1.6566933393478394,0.012749352492392063,0.046498220413923264,0.023214824497699738,0.9541582830315225,0.8935546875,0.9978142380714417,0.06720036268234253
exact,29,two obstacles,ID,16,-1.6550369262695312,0.026220733299851418,0.08989690989255905,0.03224681317806244,0.9587366803127264,0.896484375,0.9771241545677185,0.06800128519535065
exact,29,two obstacles,ID,17,-1.6550369262695312,0.020882612094283104,0.0705496072769165,0.026334812864661217,0.948409536948876,0.876953125,0.9910913705825806,0.06746713817119598
exact,29,two obstacles,ID,18,-1.6550369262695312,0.019429553300142288,0.06652901321649551,0.024213135242462158,0.9620892680177993,0.9013671875,0.9837486147880554,0.06613917648792267
exact,29,two obstacles,ID,19,-1.6550369262695312,0.02278556302189827,0.0803864449262619,0.025737501680850983,0.9617145872699726,0.90234375,0.9826839566230774,0.06581399589776993
exact,29,two obstacles,ID,20,-1.6550369262695312,0.022400125861167908,0.07450390607118607,0.026079699397087097,0.9697405150058636,0.9013671875,0.9869989156723022,0.06490783393383026
exact,29,two obstacles,ID,21,-1.6550369262695312,0.019725527614355087,0.06608403474092484,0.02293904311954975,0.9671076085936767,0.8984375,0.9913042783737183,0.06704096496105194
exact,29,two obstacles,ID,22,-1.6550369262695312,0.02393544651567936,0.08321017026901245,0.02935020811855793,0.9560808020745585,0.8994140625,0.9804560542106628,0.06660255044698715
exact,29,two obstacles,ID,23,-1.6550369262695312,0.020232852548360825,0.0744485855102539,0.022317493334412575,0.96086508753862,0.923828125,0.9809725284576416,0.06633446365594864
exact,29,two obstacles,ID,24,-1.6550369262695312,0.023043183609843254,0.07952404022216797,0.02529994770884514,0.9608410080673949,0.908203125,0.9817204475402832,0.06620550900697708
exact,29,two obstacles,ID,25,-1.6550369262695312,0.023725245147943497,0.08556739240884781,0.029375996440649033,0.9457468879668051,0.9013671875,0.976164698600769,0.06609936058521271
exact,29,two obstacles,ID,26,-1.6550369262695312,0.02611606940627098,0.09429847449064255,0.030856791883707047,0.9459718478586404,0.8837890625,0.9756905436515808,0.06765367090702057
exact,29,two obstacles,ID,27,-1.6550369262695312,0.021849773824214935,0.07891273498535156,0.02590380236506462,0.9445653778040142,0.890625,0.9835526347160339,0.06687358021736145
exact,29,two obstacles,ID,28,-1.6550369262695312,0.023584168404340744,0.08171182125806808,0.029076915234327316,0.9561565287371738,0.90234375,0.9816017150878906,0.06719093024730682
exact,29,two obstacles,ID,29,-1.6550369262695312,0.022469453513622284,0.07902326434850693,0.026774819940328598,0.9577764116975499,0.9052734375,0.9795037508010864,0.06616546213626862
exact,29,two obstacles,ID,30,-1.6550369262695312,0.015967460349202156,0.053658127784729004,0.017886733636260033,0.9721688831993931,0.9150390625,0.9967982769012451,0.06675796955823898
exact,29,two obstacles,ID,31,-1.6550369262695312,0.012549656443297863,0.04607556015253067,0.024135492742061615,0.9564721663313213,0.896484375,0.9978213310241699,0.06719748675823212
foundation,29,two obstacles,ID,32,-1.6566933393478394,0.020461227744817734,0.0720047652721405,0.023260286077857018,0.9612418831168831,0.8994140625,0.985884964466095,0.06810998916625977
foundation,29,two obstacles,ID,33,-1.6566933393478394,0.03214264661073685,0.10912633687257767,0.0411737859249115,0.9457677738927739,0.865234375,0.9740406274795532,0.06728151440620422
foundation,29,two obstacles,ID,34,-1.6566933393478394,0.020582083612680435,0.07020363956689835,0.0246003195643425,0.9621728117084154,0.904296875,0.9892008304595947,0.06688401103019714
foundation,29,two obstacles,ID,35,-1.6566933393478394,0.017127638682723045,0.06243496015667915,0.015195622108876705,0.9707328385899815,0.931640625,0.9874213337898254,0.0659814178943634
foundation,29,two obstacles,ID,36,-1.6566933393478394,0.025556588545441628,0.08796362578868866,0.031654905527830124,0.9461002199036168,0.875,0.981026828289032,0.06751254200935364
foundation,29,two obstacles,ID,37,-1.6566933393478394,0.02225913107395172,0.07523065060377121,0.028879627585411072,0.9485869244391971,0.884765625,0.9856511950492859,0.06696239113807678
foundation,29,two obstacles,ID,38,-1.6566933393478394,0.019913116469979286,0.06731273978948593,0.02474129945039749,0.9562904298410011,0.8935546875,0.9879781603813171,0.06597846746444702
foundation,29,two obstacles,ID,39,-1.6566933393478394,0.01653446815907955,0.0549568273127079,0.02017616294324398,0.9690361874277585,0.8984375,0.9956521391868591,0.0659845769405365
foundation,29,two obstacles,ID,40,-1.6566933393478394,0.0273063275963068,0.09662589430809021,0.03271086886525154,0.9458520515124288,0.8828125,0.9734513163566589,0.06795680522918701
foundation,29,two obstacles,ID,41,-1.6566933393478394,0.027217840775847435,0.09743019193410873,0.03282541036605835,0.9533718575883421,0.900390625,0.9783080220222473,0.06753763556480408
foundation,29,two obstacles,ID,42,-1.6566933393478394,0.01691366545855999,0.056763749569654465,0.022520648315548897,0.9599818408807173,0.8935546875,0.9956284761428833,0.06794675439596176
foundation,29,two obstacles,ID,43,-1.6566933393478394,0.023810334503650665,0.08367007970809937,0.0261274054646492,0.9599772135416667,0.8955078125,0.9803707599639893,0.06664714962244034
foundation,29,two obstacles,ID,44,-1.6566933393478394,0.022261636331677437,0.07929089665412903,0.026495814323425293,0.9505792502951594,0.9013671875,0.9848320484161377,0.0670585036277771
foundation,29,two obstacles,ID,45,-1.6566933393478394,0.022562352940440178,0.08219707757234573,0.025483891367912292,0.9555579353180553,0.904296875,0.9805615544319153,0.06547676026821136
foundation,29,two obstacles,ID,46,-1.6566933393478394,0.017819013446569443,0.06126020476222038,0.022019855678081512,0.9619675562532706,0.8916015625,0.9923329949378967,0.06673181056976318
foundation,29,two obstacles,ID,47,-1.6566933393478394,0.02184624783694744,0.08005773276090622,0.024653982371091843,0.964606982223174,0.916015625,0.9840085506439209,0.06561694294214249
exact,29,two obstacles,ID,32,-1.6550369262695312,0.020244957879185677,0.0712583139538765,0.02272489294409752,0.9626438902007084,0.9013671875,0.98591548204422,0.06811131536960602
exact,29,two obstacles,ID,33,-1.6550369262695312,0.03189424052834511,0.10792389512062073,0.040798284113407135,0.947673853923854,0.8642578125,0.9751412868499756,0.0672551617026329
exact,29,two obstacles,ID,34,-1.6550369262695312,0.020343413576483727,0.0693027451634407,0.024136565625667572,0.9637677080401539,0.9052734375,0.9892124533653259,0.06688352674245834
exact,29,two obstacles,ID,35,-1.6550369262695312,0.01696060784161091,0.061945464462041855,0.014670218341052532,0.9717764378478664,0.9296875,0.9894958734512329,0.0659925639629364
exact,29,two obstacles,ID,36,-1.6550369262695312,0.025327904149889946,0.08705299347639084,0.03121982514858246,0.9476130320185905,0.876953125,0.9810690879821777,0.06755578517913818
exact,29,two obstacles,ID,37,-1.6550369262695312,0.021980950608849525,0.07410628348588943,0.028405455872416496,0.9508375147579693,0.88671875,0.9867841005325317,0.06696224212646484
exact,29,two obstacles,ID,38,-1.6550369262695312,0.019659245386719704,0.06638499349355698,0.02423238754272461,0.958446688027729,0.8935546875,0.9879781603813171,0.06598683446645737
exact,29,two obstacles,ID,39,-1.6550369262695312,0.016289742663502693,0.05420389398932457,0.01963101699948311,0.9693564862104188,0.9013671875,0.9956663250923157,0.06597337126731873
exact,29,two obstacles,ID,40,-1.6550369262695312,0.027074404060840607,0.09564416110515594,0.03225288912653923,0.9476789457921534,0.8837890625,0.9734806418418884,0.06795160472393036
exact,29,two obstacles,ID,41,-1.6550369262695312,0.026975689455866814,0.09635020047426224,0.03242148458957672,0.9548645493105538,0.9013671875,0.9783315062522888,0.06750883907079697
exact,29,two obstacles,ID,42,-1.6550369262695312,0.01667594350874424,0.0559517964720726,0.022031627595424652,0.9623425263874702,0.89453125,0.9956331849098206,0.06795552372932434
exact,29,two obstacles,ID,43,-1.6550369262695312,0.023624835535883904,0.08302976936101913,0.025689315050840378,0.9609375000000001,0.89453125,0.981441080570221,0.06664089113473892
exact,29,two obstacles,ID,44,-1.6550369262695312,0.022066589444875717,0.07851210236549377,0.026097668334841728,0.950070363073459,0.9013671875,0.98591548204422,0.06703650951385498
exact,29,two obstacles,ID,45,-1.6550369262695312,0.02236907184123993,0.08142522722482681,0.02505565993487835,0.9569143999428857,0.9033203125,0.9816216230392456,0.06548848748207092
exact,29,two obstacles,ID,46,-1.6550369262695312,0.017580924555659294,0.06046009063720703,0.02148711308836937,0.9636420722135008,0.8935546875,0.9923497438430786,0.06672424077987671
exact,29,two obstacles,ID,47,-1.6550369262695312,0.021704725921154022,0.07941281795501709,0.024387177079916,0.9654636967230671,0.9169921875,0.9840255379676819,0.06561019271612167
foundation,29,two obstacles,ID,48,-1.6566933393478394,0.022792579606175423,0.08267702162265778,0.02761039137840271,0.9440279860069964,0.896484375,0.983660101890564,0.06685362756252289
foundation,29,two obstacles,ID,49,-1.6566933393478394,0.026843247935175896,0.0913611575961113,0.0333457887172699,0.9465408805031446,0.875,0.9799107313156128,0.06895539164543152
foundation,29,two obstacles,ID,50,-1.6566933393478394,0.01925342157483101,0.06643616408109665,0.023021239787340164,0.9567884769271806,0.9169921875,0.9861554503440857,0.06647659838199615
foundation,29,two obstacles,ID,51,-1.6566933393478394,0.01829909160733223,0.0623026117682457,0.02223276160657406,0.9552831687663148,0.9052734375,0.9892124533653259,0.06620220839977264
foundation,29,two obstacles,ID,52,-1.6566933393478394,0.019669564440846443,0.0714913159608841,0.023407235741615295,0.9598976281159946,0.9248046875,0.9799366593360901,0.06641247868537903
foundation,29,two obstacles,ID,53,-1.6566933393478394,0.027347484603524208,0.0950605496764183,0.03354564309120178,0.9474693021862833,0.8935546875,0.9715847373008728,0.06867414712905884
foundation,29,two obstacles,ID,54,-1.6566933393478394,0.02709009312093258,0.09516581892967224,0.03391895815730095,0.9346080886258441,0.8564453125,0.9806157350540161,0.06728494167327881
foundation,29,two obstacles,ID,55,-1.6566933393478394,0.024481991305947304,0.09084370732307434,0.029156778007745743,0.9376095875253222,0.88671875,0.9790748357772827,0.06671670079231262
foundation,29,two obstacles,ID,56,-1.6566933393478394,0.015392345376312733,0.054984405636787415,0.015296940691769123,0.9764329356997381,0.935546875,0.9916492700576782,0.06534045934677124
foundation,29,two obstacles,ID,57,-1.6566933393478394,0.013922296464443207,0.046987276524305344,0.018186723813414574,0.9757338163412154,0.9111328125,0.9946408867835999,0.06653767824172974
foundation,29,two obstacles,ID,58,-1.6566933393478394,0.023403197526931763,0.08084472268819809,0.029449142515659332,0.9535093543060449,0.8994140625,0.9793702960014343,0.06430697441101074
foundation,29,two obstacles,ID,59,-1.6566933393478394,0.02537509799003601,0.08744759857654572,0.03181762248277664,0.9482217573221757,0.875,0.9799107313156128,0.06806764006614685
foundation,29,two obstacles,ID,60,-1.6566933393478394,0.026424353942275047,0.09513048827648163,0.030967632308602333,0.9462220034457297,0.892578125,0.9770240783691406,0.06688777357339859
foundation,29,two obstacles,ID,61,-1.6566933393478394,0.020346425473690033,0.06824973970651627,0.02456054463982582,0.9679420889348501,0.90234375,0.9870129823684692,0.0666445791721344
foundation,29,two obstacles,ID,62,-1.6566933393478394,0.025271201506257057,0.0889420136809349,0.031268730759620667,0.9461789080786993,0.87890625,0.9822222590446472,0.06656422466039658
foundation,29,two obstacles,ID,63,-1.6566933393478394,0.02620280347764492,0.09134358167648315,0.03451789170503616,0.9365470993863478,0.875,0.9765625596046448,0.06992017477750778
exact,29,two obstacles,ID,48,-1.6550369262695312,0.02260257862508297,0.08191334456205368,0.02723122574388981,0.9434859122988443,0.8974609375,0.983677864074707,0.06687332689762115
exact,29,two obstacles,ID,49,-1.6550369262695312,0.026456018909811974,0.08980896323919296,0.03272224962711334,0.947082479702557,0.873046875,0.9821029305458069,0.0689489021897316
exact,29,two obstacles,ID,50,-1.6550369262695312,0.01905425451695919,0.06565669924020767,0.02263127639889717,0.9585445007557571,0.9169921875,0.9861554503440857,0.06645600497722626
exact,29,two obstacles,ID,51,-1.6550369262695312,0.018066730350255966,0.06146985664963722,0.0217282734811306,0.9573941663829304,0.9072265625,0.9903121590614319,0.0662003755569458
exact,29,two obstacles,ID,52,-1.6550369262695312,0.01947481371462345,0.07060576975345612,0.023016195744276047,0.9600821355236139,0.92578125,0.9799577593803406,0.0664072185754776
exact,29,two obstacles,ID,53,-1.6550369262695312,0.027075525373220444,0.09392330050468445,0.0330510213971138,0.9494159928122192,0.8935546875,0.9726776480674744,0.06866069883108139
exact,29,two obstacles,ID,54,-1.6550369262695312,0.026931075379252434,0.09443992376327515,0.03354906290769577,0.9345772827959636,0.8564453125,0.9817559719085693,0.06729720532894135
exact,29,two obstacles,ID,55,-1.6550369262695312,0.02429181896150112,0.09006473422050476,0.028736963868141174,0.9392268014912416,0.8876953125,0.9790979027748108,0.06669951975345612
exact,29,two obstacles,ID,56,-1.6550369262695312,0.015227657742798328,0.05448773130774498,0.014857755973935127,0.9772088061293764,0.935546875,0.9926931262016296,0.06533371657133102
exact,29,two obstacles,ID,57,-1.6550369262695312,0.013709197752177715,0.0463908389210701,0.019017484039068222,0.9740205648835091,0.9111328125,0.9957126975059509,0.06653476506471634
exact,29,two obstacles,ID,58,-1.6550369262695312,0.023181753233075142,0.079896941781044,0.029090985655784607,0.9552627547111996,0.900390625,0.9804772138595581,0.06430454552173615
exact,29,two obstacles,ID,59,-1.6550369262695312,0.025110293179750443,0.08642041683197021,0.03132479637861252,0.9501292148658627,0.875,0.9799107313156128,0.0680241659283638
exact,29,two obstacles,ID,60,-1.6550369262695312,0.026204228401184082,0.0942157581448555,0.030529692769050598,0.94780642382476,0.892578125,0.9770240783691406,0.06686760485172272
exact,29,two obstacles,ID,61,-1.6550369262695312,0.02011222392320633,0.06740620732307434,0.024115674197673798,0.9678645218417945,0.900390625,0.989154040813446,0.0666256844997406
exact,29,two obstacles,ID,62,-1.6550369262695312,0.025039780884981155,0.08796924352645874,0.030826350674033165,0.9462260367369857,0.8818359375,0.9822812676429749,0.06657837331295013
exact,29,two obstacles,ID,63,-1.6550369262695312,0.025946570560336113,0.09021112322807312,0.03409585356712341,0.9387613082811412,0.8759765625,0.9765886664390564,0.06992292404174805
foundation,29,three obstacles,ID,0,-1.6566933393478394,0.025762680917978287,0.08991912007331848,0.026369137689471245,0.950830191706104,0.8798828125,0.9855716228485107,0.062437135726213455
foundation,29,three obstacles,ID,1,-1.6566933393478394,0.018251869827508926,0.061615899205207825,0.025631505995988846,0.981452533590937,0.8955078125,0.9956378936767578,0.06349961459636688
foundation,29,three obstacles,ID,2,-1.6566933393478394,0.027941381558775902,0.09411007165908813,0.031186729669570923,0.9547152194211017,0.880859375,0.9844789505004883,0.06257575750350952
foundation,29,three obstacles,ID,3,-1.6566933393478394,0.027604779228568077,0.10125049203634262,0.024883940815925598,0.9488276804006374,0.8798828125,0.9766926169395447,0.06262129545211792
foundation,29,three obstacles,ID,4,-1.6566933393478394,0.029962103813886642,0.09973739087581635,0.02824985235929489,0.9536635054443273,0.87890625,0.9822222590446472,0.0634642243385315
foundation,29,three obstacles,ID,5,-1.6566933393478394,0.029008524492383003,0.09864410012960434,0.02987338975071907,0.9600070472163496,0.8828125,0.982300877571106,0.06396802514791489
foundation,29,three obstacles,ID,6,-1.6566933393478394,0.026693090796470642,0.10211502760648727,0.023838728666305542,0.9562182259655512,0.9013671875,0.9739978313446045,0.061429738998413086
foundation,29,three obstacles,ID,7,-1.6566933393478394,0.035029616206884384,0.12435177713632584,0.032628364861011505,0.9447488471264938,0.87109375,0.9708520770072937,0.06318741291761398
foundation,29,three obstacles,ID,8,-1.6566933393478394,0.016696464270353317,0.053989723324775696,0.022023111581802368,0.9728217077898037,0.9033203125,0.9967567920684814,0.06262500584125519
foundation,29,three obstacles,ID,9,-1.6566933393478394,0.02088143490254879,0.06929989904165268,0.02337852492928505,0.9717842323651451,0.8955078125,0.9901853203773499,0.06333806365728378
foundation,29,three obstacles,ID,10,-1.6566933393478394,0.03431108221411705,0.11239659786224365,0.0364580973982811,0.9508668414918415,0.8642578125,0.9796610474586487,0.06306343525648117
foundation,29,three obstacles,ID,11,-1.6566933393478394,0.024921339005231857,0.08706644177436829,0.021129170432686806,0.9612011297755314,0.892578125,0.9879649877548218,0.06260520219802856
foundation,29,three obstacles,ID,12,-1.6566933393478394,0.01607668399810791,0.056488387286663055,0.02307174541056156,0.9729123975409835,0.896484375,0.9978213310241699,0.06215573102235794
foundation,29,three obstacles,ID,13,-1.6566933393478394,0.023080524057149887,0.0787360891699791,0.02022404968738556,0.9650065104166666,0.876953125,0.9944320917129517,0.06408917158842087
foundation,29,three obstacles,ID,14,-1.6566933393478394,0.030313601717352867,0.10020653903484344,0.034625355154275894,0.9455763177282164,0.8623046875,0.984144926071167,0.06384697556495667
foundation,29,three obstacles,ID,15,-1.6566933393478394,0.02612428367137909,0.0891810730099678,0.02569052204489708,0.9521256405390017,0.8779296875,0.9866517782211304,0.06285471469163895
exact,29,three obstacles,ID,0,-1.6550369262695312,0.02554168924689293,0.08928856253623962,0.025827091187238693,0.9517446057592043,0.8798828125,0.9855716228485107,0.06242326647043228
exact,29,three obstacles,ID,1,-1.6550369262695312,0.01804800145328045,0.06120679900050163,0.025707410648465157,0.9810451916898693,0.8955078125,0.9956378936767578,0.06350497901439667
exact,29,three obstacles,ID,2,-1.6550369262695312,0.02764715813100338,0.09311635047197342,0.030653811991214752,0.9563637955182073,0.8798828125,0.9855716228485107,0.06254491209983826
exact,29,three obstacles,ID,3,-1.6550369262695312,0.027412790805101395,0.10049071162939072,0.024261487647891045,0.9486370908195914,0.87890625,0.9777777791023254,0.06259432435035706
exact,29,three obstacles,ID,4,-1.6550369262695312,0.0297760758548975,0.09912346303462982,0.033041201531887054,0.953072546230441,0.8779296875,0.9833147525787354,0.06345057487487793
exact,29,three obstacles,ID,5,-1.6550369262695312,0.028880849480628967,0.09817162156105042,0.02950749173760414,0.9607388735295712,0.8818359375,0.9833887219429016,0.06400063633918762
exact,29,three obstacles,ID,6,-1.6550369262695312,0.0266068484634161,0.1016487330198288,0.023555604740977287,0.9567645496623416,0.8974609375,0.9749727845191956,0.06142063066363335
exact,29,three obstacles,ID,7,-1.6550369262695312,0.03481369465589523,0.12345870584249496,0.03209675848484039,0.942983789260385,0.87109375,0.9730942249298096,0.06315752863883972
exact,29,three obstacles,ID,8,-1.6550369262695312,0.016483906656503677,0.05340750887989998,0.021972056478261948,0.9725482350849115,0.904296875,0.9967602491378784,0.0626208558678627
exact,29,three obstacles,ID,9,-1.6550369262695312,0.020660491660237312,0.06866046786308289,0.02338886260986328,0.9713006059541583,0.8955078125,0.9912758469581604,0.06334792077541351
exact,29,three obstacles,ID,10,-1.6550369262695312,0.03406432643532753,0.11147722601890564,0.035946182906627655,0.9520930458430459,0.8623046875,0.9818799495697021,0.06303410232067108
exact,29,three obstacles,ID,11,-1.6550369262695312,0.02475702576339245,0.08653372526168823,0.02064220979809761,0.9620600234544043,0.8916015625,0.9879518747329712,0.06262356042861938
exact,29,three obstacles,ID,12,-1.6550369262695312,0.01585494726896286,0.056018710136413574,0.02300255559384823,0.9727345978788737,0.896484375,0.9978213310241699,0.06214334815740585
exact,29,three obstacles,ID,13,-1.6550369262695312,0.022821689024567604,0.07802601158618927,0.019416112452745438,0.9649009794691377,0.8779296875,0.9944382309913635,0.06407501548528671
exact,29,three obstacles,ID,14,-1.6550369262695312,0.030183078721165657,0.09981851279735565,0.03432239219546318,0.9447471133517644,0.8623046875,0.984144926071167,0.06385032832622528
exact,29,three obstacles,ID,15,-1.6550369262695312,0.02589951455593109,0.08849713206291199,0.025149879977107048,0.9536439552097171,0.87890625,0.9866666793823242,0.06284545361995697
foundation,29,three obstacles,ID,16,-1.6566933393478394,0.017159584909677505,0.05871816352009773,0.020677387714385986,0.9763770180436846,0.8916015625,0.996714174747467,0.061103202402591705
foundation,29,three obstacles,ID,17,-1.6566933393478394,0.020909078419208527,0.07071493566036224,0.02422279492020607,0.9578465063001146,0.880859375,0.9944567680358887,0.061775192618370056
foundation,29,three obstacles,ID,18,-1.6566933393478394,0.023488039150834084,0.08578435331583023,0.023707974702119827,0.9639400265705067,0.89453125,0.9858078956604004,0.06293091177940369
foundation,29,three obstacles,ID,19,-1.6566933393478394,0.019032124429941177,0.07067764550447464,0.018720120191574097,0.9655349794238683,0.919921875,0.9861996173858643,0.061385683715343475
foundation,29,three obstacles,ID,20,-1.6566933393478394,0.02618151530623436,0.08507774770259857,0.03066093474626541,0.9634251703945473,0.8740234375,0.9877094626426697,0.06425990164279938
foundation,29,three obstacles,ID,21,-1.6566933393478394,0.021563686430454254,0.07947047799825668,0.020355330780148506,0.9591989719426002,0.900390625,0.9848156571388245,0.062237516045570374
foundation,29,three obstacles,ID,22,-1.6566933393478394,0.025578675791621208,0.08313008397817612,0.03356656804680824,0.9619950825430277,0.859375,0.9931817650794983,0.0636833980679512
foundation,29,three obstacles,ID,23,-1.6566933393478394,0.02027166821062565,0.06834409385919571,0.022772548720240593,0.9602238501447642,0.8935546875,0.9934426546096802,0.06309546530246735
foundation,29,three obstacles,ID,24,-1.6566933393478394,0.0217561237514019,0.07573707401752472,0.025069808587431908,0.9495455287650356,0.8720703125,0.9899216294288635,0.06305553764104843
foundation,29,three obstacles,ID,25,-1.6566933393478394,0.026906833052635193,0.08955952525138855,0.026443326845765114,0.963264472455649,0.8876953125,0.9867987036705017,0.06280158460140228
foundation,29,three obstacles,ID,26,-1.6566933393478394,0.023673180490732193,0.07908430695533752,0.023036297410726547,0.9606725798193019,0.875,0.9933035969734192,0.062199123203754425
foundation,29,three obstacles,ID,27,-1.6566933393478394,0.02530212141573429,0.08110945671796799,0.03104245476424694,0.9720969441517386,0.875,0.9944196939468384,0.06279563903808594
foundation,29,three obstacles,ID,28,-1.6566933393478394,0.03529643267393112,0.1253466010093689,0.03702763840556145,0.9373175468270375,0.875,0.9676339626312256,0.06321155279874802
foundation,29,three obstacles,ID,29,-1.6566933393478394,0.020408498123288155,0.06785737723112106,0.02464514598250389,0.9782799002361957,0.89453125,0.9956331849098206,0.06281357258558273
foundation,29,three obstacles,ID,30,-1.6566933393478394,0.023491356521844864,0.08328373730182648,0.023777605965733528,0.9640701495540205,0.9072265625,0.9827771782875061,0.0619574598968029
foundation,29,three obstacles,ID,31,-1.6566933393478394,0.02402956411242485,0.08646062016487122,0.022375117987394333,0.9534232365145229,0.8916015625,0.9835706949234009,0.0632064938545227
exact,29,three obstacles,ID,16,-1.6550369262695312,0.01690475083887577,0.05817180126905441,0.020755087956786156,0.9760997924349596,0.892578125,0.9967177510261536,0.06109204888343811
exact,29,three obstacles,ID,17,-1.6550369262695312,0.02065090462565422,0.07006590068340302,0.02405443787574768,0.9594310805651012,0.8828125,0.9944690465927124,0.06173643842339516
exact,29,three obstacles,ID,18,-1.6550369262695312,0.02329900860786438,0.08515668660402298,0.023258687928318977,0.9647624470171443,0.8974609375,0.9858541488647461,0.06295724213123322
exact,29,three obstacles,ID,19,-1.6550369262695312,0.01885570026934147,0.0702657401561737,0.018219292163848877,0.9647945509138908,0.9208984375,0.986214280128479,0.06138782203197479
exact,29,three obstacles,ID,20,-1.6550369262695312,0.025959748774766922,0.0844598114490509,0.030227430164813995,0.9629552520541861,0.8740234375,0.9877094626426697,0.06427105516195297
exact,29,three obstacles,ID,21,-1.6550369262695312,0.021380489692091942,0.07895714789628983,0.01981082744896412,0.9605018919111872,0.900390625,0.9848156571388245,0.06224771589040756
exact,29,three obstacles,ID,22,-1.6550369262695312,0.025268102064728737,0.08224628120660782,0.03345559537410736,0.9634984193888303,0.8603515625,0.9931896328926086,0.06366367638111115
exact,29,three obstacles,ID,23,-1.6550369262695312,0.020075321197509766,0.0677809864282608,0.022322410717606544,0.9615257563686532,0.89453125,0.9934498071670532,0.0630643218755722
exact,29,three obstacles,ID,24,-1.6550369262695312,0.0216095931828022,0.07528362423181534,0.024769755080342293,0.9487898465171193,0.8720703125,0.9899216294288635,0.06303706765174866
exact,29,three obstacles,ID,25,-1.6550369262695312,0.026721680536866188,0.0889488086104393,0.02597973309457302,0.9641981792717087,0.8876953125,0.9867987036705017,0.06278558075428009
exact,29,three obstacles,ID,26,-1.6550369262695312,0.023450173437595367,0.07848890125751495,0.02107464335858822,0.9602810006035811,0.8740234375,0.9944133758544922,0.06220218539237976
exact,29,three obstacles,ID,27,-1.6550369262695312,0.02500193938612938,0.08024206012487411,0.03184320405125618,0.9717354196301564,0.8759765625,0.994425892829895,0.0627664178609848
exact,29,three obstacles,ID,28,-1.6550369262695312,0.03528830409049988,0.1251610964536667,0.03690454363822937,0.937505481425797,0.875,0.9676339626312256,0.06328180432319641
exact,29,three obstacles,ID,29,-1.6550369262695312,0.020266227424144745,0.06758811324834824,0.024603374302387238,0.977298638588961,0.8955078125,0.9956378936767578,0.06279948353767395
exact,29,three obstacles,ID,30,-1.6550369262695312,0.023346304893493652,0.08278080075979233,0.023401685059070587,0.9632637080162743,0.9072265625,0.9827771782875061,0.06192348152399063
exact,29,three obstacles,ID,31,-1.6550369262695312,0.023897340521216393,0.0859685018658638,0.02212715521454811,0.9540802213001383,0.892578125,0.9835886359214783,0.06319645792245865
foundation,29,three obstacles,ID,32,-1.6566933393478394,0.023643989115953445,0.07862774282693863,0.03433888033032417,0.9709914377953492,0.8798828125,0.9955605268478394,0.06372939795255661
foundation,29,three obstacles,ID,33,-1.6566933393478394,0.02308828756213188,0.08056419342756271,0.022424999624490738,0.9624773657031721,0.8876953125,0.9878987669944763,0.06332467496395111
foundation,29,three obstacles,ID,34,-1.6566933393478394,0.024146918207406998,0.0827072262763977,0.023555297404527664,0.9592882130363389,0.8896484375,0.9879253506660461,0.0610271692276001
foundation,29,three obstacles,ID,35,-1.6566933393478394,0.024379339069128036,0.08438447117805481,0.023212065920233727,0.959552627547112,0.8994140625,0.9847991466522217,0.062382228672504425
foundation,29,three obstacles,ID,36,-1.6566933393478394,0.02959214523434639,0.10128513723611832,0.030331872403621674,0.946427818756586,0.865234375,0.9819413423538208,0.0638590008020401
foundation,29,three obstacles,ID,37,-1.6566933393478394,0.024171268567442894,0.08211532980203629,0.02565913461148739,0.9646197391090328,0.8818359375,0.9856035709381104,0.06389874964952469
foundation,29,three obstacles,ID,38,-1.6566933393478394,0.021493542939424515,0.07506730407476425,0.02002158761024475,0.9550426869312317,0.87890625,0.992222249507904,0.062526635825634
foundation,29,three obstacles,ID,39,-1.6566933393478394,0.017844563350081444,0.06970727443695068,0.01376865990459919,0.962923446252334,0.9169921875,0.9882854223251343,0.061532873660326004
foundation,29,three obstacles,ID,40,-1.6566933393478394,0.020014263689517975,0.06953748315572739,0.021082717925310135,0.9645284459717449,0.904296875,0.9870409965515137,0.06267546117305756
foundation,29,three obstacles,ID,41,-1.6566933393478394,0.014793318696320057,0.048831675201654434,0.02471967041492462,0.9676450884549538,0.88671875,0.9977973103523254,0.0612931065261364
foundation,29,three obstacles,ID,42,-1.6566933393478394,0.02599295601248741,0.0896713137626648,0.0246095173060894,0.954334908529453,0.8720703125,0.9876819849014282,0.06321008503437042
foundation,29,three obstacles,ID,43,-1.6566933393478394,0.030525334179401398,0.10058265179395676,0.03391833230853081,0.9528242147922998,0.8447265625,0.9907514452934265,0.06399477273225784
foundation,29,three obstacles,ID,44,-1.6566933393478394,0.02668735384941101,0.08633781224489212,0.0314008891582489,0.9632736213558132,0.8701171875,0.988776683807373,0.06471677124500275
foundation,29,three obstacles,ID,45,-1.6566933393478394,0.015761757269501686,0.05422762781381607,0.02403114177286625,0.9712812305503691,0.89453125,0.9989083409309387,0.062321800738573074
foundation,29,three obstacles,ID,46,-1.6566933393478394,0.02233046106994152,0.07210326194763184,0.027519335970282555,0.9651487372611202,0.8779296875,0.9966629147529602,0.06299512833356857
foundation,29,three obstacles,ID,47,-1.6566933393478394,0.02281343936920166,0.07578442245721817,0.025752389803528786,0.9585312292528472,0.8857421875,0.9889746904373169,0.06158463656902313
exact,29,three obstacles,ID,32,-1.6550369262695312,0.023410070687532425,0.07810316979885101,0.03432237356901169,0.9718648138617259,0.880859375,0.9955654144287109,0.06370621919631958
exact,29,three obstacles,ID,33,-1.6550369262695312,0.022915083914995193,0.0800507441163063,0.02240533009171486,0.9619018436239212,0.8876953125,0.9878987669944763,0.0633181780576706
exact,29,three obstacles,ID,34,-1.6550369262695312,0.023981761187314987,0.08219221979379654,0.023119231685996056,0.9603948025987006,0.890625,0.9890350699424744,0.061004072427749634
exact,29,three obstacles,ID,35,-1.6550369262695312,0.024191170930862427,0.08373910933732986,0.02273452840745449,0.9604548627070458,0.8974609375,0.9858541488647461,0.06236027553677559
exact,29,three obstacles,ID,36,-1.6550369262695312,0.029550965875387192,0.101078562438488,0.030208665877580643,0.9484232733733067,0.8662109375,0.9819616079330444,0.06378714740276337
exact,29,three obstacles,ID,37,-1.6550369262695312,0.02392549254000187,0.08137039840221405,0.025179944932460785,0.9656042333251291,0.8837890625,0.9856353402137756,0.06388045847415924
exact,29,three obstacles,ID,38,-1.6550369262695312,0.02134600467979908,0.07463156431913376,0.019646046683192253,0.9558870438127404,0.8779296875,0.9922135472297668,0.06253045797348022
exact,29,three obstacles,ID,39,-1.6550369262695312,0.017697995528578758,0.06927232444286346,0.013720114715397358,0.9622744296901601,0.91796875,0.9882978200912476,0.06155279278755188
exact,29,three obstacles,ID,40,-1.6550369262695312,0.019823040813207626,0.06897013634443283,0.020731156691908836,0.9656166475754104,0.90625,0.9870689511299133,0.06267816573381424
exact,29,three obstacles,ID,41,-1.6550369262695312,0.014593346044421196,0.04833151400089264,0.02462117001414299,0.9692082475249981,0.8857421875,0.9988974928855896,0.0612465925514698
exact,29,three obstacles,ID,42,-1.6550369262695312,0.025817835703492165,0.08917949348688126,0.023994464427232742,0.9553954366100532,0.8740234375,0.9877094626426697,0.06320692598819733
exact,29,three obstacles,ID,43,-1.6550369262695312,0.030154017731547356,0.09951332211494446,0.03558655455708504,0.9511288902697945,0.8486328125,0.9907940030097961,0.06396772712469101
exact,29,three obstacles,ID,44,-1.6550369262695312,0.026423200964927673,0.08550771325826645,0.03087954968214035,0.964903407095188,0.87109375,0.9887892603874207,0.06469468772411346
exact,29,three obstacles,ID,45,-1.6550369262695312,0.015592115931212902,0.05392371118068695,0.024875162169337273,0.9725260069351827,0.8955078125,0.9989094734191895,0.06230016052722931
exact,29,three obstacles,ID,46,-1.6550369262695312,0.022179173305630684,0.07173225283622742,0.028497127816081047,0.9657433559618783,0.876953125,0.9977728724479675,0.06303908675909042
exact,29,three obstacles,ID,47,-1.6550369262695312,0.02257814072072506,0.07511090487241745,0.025420473888516426,0.9582123098201936,0.8857421875,0.9900771975517273,0.06156471371650696
foundation,29,three obstacles,ID,48,-1.6566933393478394,0.014904174953699112,0.052544575184583664,0.01963772624731064,0.9704383282364935,0.8974609375,0.9967355728149414,0.06217041611671448
foundation,29,three obstacles,ID,49,-1.6566933393478394,0.020501377061009407,0.0682382881641388,0.02645086497068405,0.9648935172154987,0.89453125,0.9945415258407593,0.06257890164852142
foundation,29,three obstacles,ID,50,-1.6566933393478394,0.019269080832600594,0.06371229141950607,0.0299929641187191,0.9640679238202459,0.87109375,0.9977579116821289,0.06259655952453613
foundation,29,three obstacles,ID,51,-1.6566933393478394,0.020356250926852226,0.06877847015857697,0.025728654116392136,0.9687834654101521,0.892578125,0.9945295453071594,0.06214582920074463
foundation,29,three obstacles,ID,52,-1.6566933393478394,0.024094395339488983,0.0847068652510643,0.023144114762544632,0.9640349212374264,0.8857421875,0.9878721237182617,0.06265248358249664
foundation,29,three obstacles,ID,53,-1.6566933393478394,0.017527099698781967,0.06147093325853348,0.025061994791030884,0.9694294984180722,0.8779296875,0.9966629147529602,0.06277792155742645
foundation,29,three obstacles,ID,54,-1.6566933393478394,0.02345369942486286,0.08263108134269714,0.02176748216152191,0.9551946614915819,0.8828125,0.98893803358078,0.06285998225212097
foundation,29,three obstacles,ID,55,-1.6566933393478394,0.016922391951084137,0.05663427338004112,0.02242458239197731,0.9653520329275463,0.8916015625,0.996714174747467,0.06290596723556519
foundation,29,three obstacles,ID,56,-1.6566933393478394,0.024609679356217384,0.0841507613658905,0.02296505868434906,0.9696498892444007,0.8974609375,0.9858541488647461,0.061980120837688446
foundation,29,three obstacles,ID,57,-1.6566933393478394,0.025458162650465965,0.08090249449014664,0.030757376924157143,0.968558573209736,0.8623046875,0.9943374395370483,0.06222892925143242
foundation,29,three obstacles,ID,58,-1.6566933393478394,0.026491710916161537,0.09037378430366516,0.02646534889936447,0.9534290526991256,0.8857421875,0.9856670498847961,0.06398521363735199
foundation,29,three obstacles,ID,59,-1.6566933393478394,0.0207225289195776,0.06794510781764984,0.029150597751140594,0.9687962821102087,0.8828125,0.9933628439903259,0.06396616250276566
foundation,29,three obstacles,ID,60,-1.6566933393478394,0.01770792156457901,0.06016720086336136,0.02529846876859665,0.967535215525059,0.8916015625,0.9956188797950745,0.0633075162768364
foundation,29,three obstacles,ID,61,-1.6566933393478394,0.032859042286872864,0.11291219294071198,0.03171771392226219,0.9467531458754078,0.8642578125,0.9774011373519897,0.06340311467647552
foundation,29,three obstacles,ID,62,-1.6566933393478394,0.019429152831435204,0.06576530635356903,0.022237449884414673,0.9615257563686532,0.8896484375,0.9934138655662537,0.06226884573698044
foundation,29,three obstacles,ID,63,-1.6566933393478394,0.03587022423744202,0.11861170083284378,0.040108632296323776,0.953454587051018,0.86328125,0.9739819169044495,0.06358727812767029
exact,29,three obstacles,ID,48,-1.6550369262695312,0.014731303788721561,0.05218730494379997,0.01968841440975666,0.9718607021786028,0.8974609375,0.9967355728149414,0.06216125190258026
exact,29,three obstacles,ID,49,-1.6550369262695312,0.02032265067100525,0.06771315634250641,0.026445895433425903,0.9641848033600611,0.89453125,0.9945415258407593,0.06258822977542877
exact,29,three obstacles,ID,50,-1.6550369262695312,0.01907719485461712,0.063323013484478,0.029963046312332153,0.9637266132111493,0.876953125,0.9977728724479675,0.06257876008749008
exact,29,three obstacles,ID,51,-1.6550369262695312,0.020089074969291687,0.06809671223163605,0.025635186582803726,0.9685952212485713,0.892578125,0.9945295453071594,0.06212533265352249
exact,29,three obstacles,ID,52,-1.6550369262695312,0.023825829848647118,0.08396542817354202,0.024956878274679184,0.9640009625411085,0.8857421875,0.9878721237182617,0.06264112889766693
exact,29,three obstacles,ID,53,-1.6550369262695312,0.017343519255518913,0.06111302971839905,0.025149818509817123,0.9707796787779861,0.8779296875,0.9977752566337585,0.06272485852241516
exact,29,three obstacles,ID,54,-1.6550369262695312,0.02328268438577652,0.08215785026550293,0.021260714158415794,0.9563522462250822,0.8837890625,0.988950252532959,0.06286011636257172
exact,29,three obstacles,ID,55,-1.6550369262695312,0.016728434711694717,0.05618235096335411,0.024257540702819824,0.9630461922596754,0.8916015625,0.996714174747467,0.06288664788007736
exact,29,three obstacles,ID,56,-1.6550369262695312,0.024399327114224434,0.08350487798452377,0.02242521569132805,0.9707574452375092,0.896484375,0.9880173802375793,0.06196392700076103
exact,29,three obstacles,ID,57,-1.6550369262695312,0.025141097605228424,0.08010271191596985,0.03055952675640583,0.9698053884100396,0.86328125,0.9943439364433289,0.06222810596227646
exact,29,three obstacles,ID,58,-1.6550369262695312,0.026323100551962852,0.08982431143522263,0.026040323078632355,0.9543595091040347,0.8857421875,0.9856670498847961,0.06396996974945068
exact,29,three obstacles,ID,59,-1.6550369262695312,0.020489269867539406,0.0673273429274559,0.029115233570337296,0.9683955739972337,0.8837890625,0.9933701157569885,0.06395313143730164
exact,29,three obstacles,ID,60,-1.6550369262695312,0.017480285838246346,0.05957425758242607,0.025239862501621246,0.9674537987679672,0.8916015625,0.9956188797950745,0.0632946789264679
exact,29,three obstacles,ID,61,-1.6550369262695312,0.0325823649764061,0.11193322390317917,0.031023375689983368,0.9480736367873233,0.86328125,0.9785068035125732,0.06335605680942535
exact,29,three obstacles,ID,62,-1.6550369262695312,0.019179144874215126,0.06510251760482788,0.023049861192703247,0.9631191341352039,0.890625,0.9934210777282715,0.062290143221616745
exact,29,three obstacles,ID,63,-1.6550369262695312,0.035694610327482224,0.11813504993915558,0.039744626730680466,0.9555039374539687,0.8642578125,0.9740113019943237,0.06361448764801025
foundation,29,four obstacles,ID,0,-1.6566933393478394,0.019121652469038963,0.07079197466373444,0.020045094192028046,0.9669467413532498,0.8857421875,0.996692419052124,0.05675950646400452
foundation,29,four obstacles,ID,1,-1.6566933393478394,0.01983015052974224,0.07040002942085266,0.02147378958761692,0.969492172584956,0.8935546875,0.9934426546096802,0.05932987853884697
foundation,29,four obstacles,ID,2,-1.6566933393478394,0.015863586217164993,0.05992747098207474,0.027770547196269035,0.9748476874570324,0.8935546875,0.9978142380714417,0.058569956570863724
foundation,29,four obstacles,ID,3,-1.6566933393478394,0.019365906715393066,0.06915530562400818,0.022948818281292915,0.9714308325419436,0.892578125,0.9978118538856506,0.058559246361255646
foundation,29,four obstacles,ID,4,-1.6566933393478394,0.029237648472189903,0.09777002781629562,0.02920377254486084,0.9550854985565178,0.857421875,0.9886105060577393,0.060873620212078094
foundation,29,four obstacles,ID,5,-1.6566933393478394,0.021213369444012642,0.07578794658184052,0.017542274668812752,0.9622641509433962,0.880859375,0.9944567680358887,0.058442600071430206
foundation,29,four obstacles,ID,6,-1.6566933393478394,0.027952197939157486,0.09619717299938202,0.0309491828083992,0.9499007936507936,0.8525390625,0.9896907806396484,0.05930657684803009
foundation,29,four obstacles,ID,7,-1.6566933393478394,0.0183407012373209,0.06441444158554077,0.032881975173950195,0.9697689142133586,0.8779296875,0.9977752566337585,0.058761633932590485
foundation,29,four obstacles,ID,8,-1.6566933393478394,0.022534897550940514,0.07872948050498962,0.022379504516720772,0.9664591977869986,0.8828125,0.9944690465927124,0.06002230942249298
foundation,29,four obstacles,ID,9,-1.6566933393478394,0.02274477109313011,0.07956874370574951,0.02419605851173401,0.9557260920897284,0.8642578125,0.9954802393913269,0.05863956734538078
foundation,29,four obstacles,ID,10,-1.6566933393478394,0.030242592096328735,0.10266447067260742,0.027626998722553253,0.9597947187201341,0.87109375,0.9843049645423889,0.058982811868190765
foundation,29,four obstacles,ID,11,-1.6566933393478394,0.02344614267349243,0.08106379956007004,0.029110701754689217,0.9623738499909155,0.8681640625,0.9932509064674377,0.060183413326740265
foundation,29,four obstacles,ID,12,-1.6566933393478394,0.024332847446203232,0.08339157700538635,0.023705827072262764,0.9634181059024484,0.8798828125,0.9900111556053162,0.06109526753425598
foundation,29,four obstacles,ID,13,-1.6566933393478394,0.021370109170675278,0.07520724087953568,0.023558977991342545,0.9598151950718685,0.875,0.996651828289032,0.059127211570739746
foundation,29,four obstacles,ID,14,-1.6566933393478394,0.02839541994035244,0.08966469019651413,0.031541213393211365,0.9721258854781581,0.9033203125,0.9913513660430908,0.059178512543439865
foundation,29,four obstacles,ID,15,-1.6566933393478394,0.02254021167755127,0.08029703795909882,0.019482742995023727,0.9645745024939141,0.8857421875,0.9878721237182617,0.05902300029993057
exact,29,four obstacles,ID,0,-1.6550369262695312,0.01898963376879692,0.07039150595664978,0.019946429878473282,0.9709699453551912,0.884765625,0.9977924823760986,0.056774724274873734
exact,29,four obstacles,ID,1,-1.6550369262695312,0.019825568422675133,0.07038804143667221,0.02256346307694912,0.9709165963035932,0.89453125,0.9934498071670532,0.05931491777300835
exact,29,four obstacles,ID,2,-1.6550369262695312,0.015768738463521004,0.059814661741256714,0.027938131242990494,0.977226345083488,0.8935546875,0.9978142380714417,0.058518633246421814
exact,29,four obstacles,ID,3,-1.6550369262695312,0.019340531900525093,0.06914498656988144,0.024051295593380928,0.9715495409939855,0.8916015625,0.9978094696998596,0.05854540318250656
exact,29,four obstacles,ID,4,-1.6550369262695312,0.029316945001482964,0.09811776131391525,0.028362033888697624,0.9529750614682122,0.857421875,0.9886105060577393,0.06079888716340065
exact,29,four obstacles,ID,5,-1.6550369262695312,0.021218886598944664,0.07591525465250015,0.0174475759267807,0.9626333482307677,0.880859375,0.9944567680358887,0.05844457447528839
exact,29,four obstacles,ID,6,-1.6550369262695312,0.028182893991470337,0.09682966768741608,0.02930062636733055,0.9507655964161734,0.8525390625,0.9896907806396484,0.05928192287683487
exact,29,four obstacles,ID,7,-1.6550369262695312,0.018396636471152306,0.06460322439670563,0.03302677720785141,0.96759567136207,0.8779296875,0.9977752566337585,0.058845896273851395
exact,29,four obstacles,ID,8,-1.6550369262695312,0.02237563766539097,0.07813312858343124,0.022334538400173187,0.9673409405255878,0.8828125,0.9944690465927124,0.06003464758396149
exact,29,four obstacles,ID,9,-1.6550369262695312,0.022639155387878418,0.07921856641769409,0.0251920223236084,0.9561134887839433,0.8642578125,0.9954802393913269,0.058653369545936584
exact,29,four obstacles,ID,10,-1.6550369262695312,0.03008318319916725,0.10225645452737808,0.027031073346734047,0.9592161016949152,0.8720703125,0.9843225479125977,0.058927230536937714
exact,29,four obstacles,ID,11,-1.6550369262695312,0.02328738383948803,0.08075211942195892,0.02908264473080635,0.958661825726141,0.869140625,0.9932584166526794,0.06013583019375801
exact,29,four obstacles,ID,12,-1.6550369262695312,0.02425568923354149,0.08317310363054276,0.02443879097700119,0.9622523461939521,0.8798828125,0.9900111556053162,0.0610579252243042
exact,29,four obstacles,ID,13,-1.6550369262695312,0.021395592018961906,0.07502150535583496,0.023042412474751472,0.9608213552361397,0.8740234375,0.9966480135917664,0.05908110737800598
exact,29,four obstacles,ID,14,-1.6550369262695312,0.02841157279908657,0.08969379961490631,0.031708717346191406,0.9721258854781583,0.9033203125,0.9913513660430908,0.05918581038713455
exact,29,four obstacles,ID,15,-1.6550369262695312,0.022627688944339752,0.08062956482172012,0.019470635801553726,0.9657299979880625,0.88671875,0.9878854155540466,0.05893440917134285
foundation,29,four obstacles,ID,16,-1.6566933393478394,0.024084344506263733,0.08238987624645233,0.025660455226898193,0.9721273929389395,0.8642578125,0.9943503141403198,0.06002016365528107
foundation,29,four obstacles,ID,17,-1.6566933393478394,0.026810305193066597,0.0968240275979042,0.0295126810669899,0.9498007211994686,0.869140625,0.9853932857513428,0.058852605521678925
foundation,29,four obstacles,ID,18,-1.6566933393478394,0.022499771788716316,0.08151684701442719,0.018761802464723587,0.9651299914729948,0.880859375,0.9911308288574219,0.05815324932336807
foundation,29,four obstacles,ID,19,-1.6566933393478394,0.023226052522659302,0.08041007816791534,0.024746429175138474,0.963134765625,0.8671875,0.994369387626648,0.05919410288333893
foundation,29,four obstacles,ID,20,-1.6566933393478394,0.015460195019841194,0.05334651470184326,0.025545379146933556,0.9741686528203382,0.9013671875,0.9978331327438354,0.05981660634279251
foundation,29,four obstacles,ID,21,-1.6566933393478394,0.019185012206435204,0.069362573325634,0.021614380180835724,0.9650513347022588,0.8984375,0.9891303777694702,0.06088899448513985
foundation,29,four obstacles,ID,22,-1.6566933393478394,0.01740141212940216,0.06563645601272583,0.017067022621631622,0.963752303365338,0.90234375,0.9935064911842346,0.0600757859647274
foundation,29,four obstacles,ID,23,-1.6566933393478394,0.018010156229138374,0.06370159983634949,0.02032916434109211,0.9702519654173654,0.9013671875,0.9945828914642334,0.05908891558647156
foundation,29,four obstacles,ID,24,-1.6566933393478394,0.015840644016861916,0.057979680597782135,0.03174443915486336,0.9774161998755224,0.8857421875,1.0,0.06009519472718239
foundation,29,four obstacles,ID,25,-1.6566933393478394,0.018599310889840126,0.06831352412700653,0.021961167454719543,0.968028747433265,0.8896484375,0.9956092238426208,0.058912649750709534
foundation,29,four obstacles,ID,26,-1.6566933393478394,0.019228072836995125,0.06895002722740173,0.029753850772976875,0.964624881291548,0.8779296875,0.9955505728721619,0.058848656713962555
foundation,29,four obstacles,ID,27,-1.6566933393478394,0.018179094418883324,0.06505843251943588,0.02323528751730919,0.9596114519427402,0.8935546875,0.9901639819145203,0.05809316039085388
foundation,29,four obstacles,ID,28,-1.6566933393478394,0.021253427490592003,0.07190266251564026,0.02510143630206585,0.9703454028565106,0.8876953125,0.9955995678901672,0.05804810672998428
foundation,29,four obstacles,ID,29,-1.6566933393478394,0.02937946282327175,0.09765873104333878,0.02778230980038643,0.9595547412835888,0.859375,0.9943181276321411,0.05957416072487831
foundation,29,four obstacles,ID,30,-1.6566933393478394,0.027992550283670425,0.09494243562221527,0.02831427752971649,0.9548319327731092,0.857421875,0.9920274019241333,0.05822146683931351
foundation,29,four obstacles,ID,31,-1.6566933393478394,0.02503177523612976,0.09424589574337006,0.024564512073993683,0.9570202652442896,0.8984375,0.9847825765609741,0.05990181863307953
exact,29,four obstacles,ID,16,-1.6550369262695312,0.02390229143202305,0.08207280933856964,0.02815886214375496,0.9718720821661998,0.8662109375,0.9943629503250122,0.060017362236976624
exact,29,four obstacles,ID,17,-1.6550369262695312,0.027127647772431374,0.09773028641939163,0.030877424404025078,0.9478553805276143,0.8701171875,0.9842873811721802,0.058882422745227814
exact,29,four obstacles,ID,18,-1.6550369262695312,0.02248917520046234,0.08143124729394913,0.018814217299222946,0.9651662766015349,0.880859375,0.9911308288574219,0.058118291199207306
exact,29,four obstacles,ID,19,-1.6550369262695312,0.023138199001550674,0.08032447844743729,0.02471613511443138,0.9639322916666666,0.8671875,0.994369387626648,0.05920998379588127
exact,29,four obstacles,ID,20,-1.6550369262695312,0.015458434820175171,0.05341017246246338,0.026580195873975754,0.9743048462149585,0.9013671875,0.9978331327438354,0.05980909988284111
exact,29,four obstacles,ID,21,-1.6550369262695312,0.019329559057950974,0.06976925581693649,0.01915893703699112,0.9668702013179372,0.8984375,0.9891303777694702,0.060818932950496674
exact,29,four obstacles,ID,22,-1.6550369262695312,0.017319252714514732,0.06555009633302689,0.017174651846289635,0.964382698089419,0.9013671875,0.9934994578361511,0.06005723029375076
exact,29,four obstacles,ID,23,-1.6550369262695312,0.017992880195379257,0.06374339759349823,0.021151866763830185,0.970687514972016,0.9013671875,0.9945828914642334,0.059102725237607956
exact,29,four obstacles,ID,24,-1.6550369262695312,0.015940245240926743,0.058194003999233246,0.03187161684036255,0.9766604427847425,0.8857421875,1.0,0.06008034199476242
exact,29,four obstacles,ID,25,-1.6550369262695312,0.01865868642926216,0.06856641918420792,0.02201809547841549,0.9698728412228201,0.890625,0.9956140518188477,0.05889948830008507
exact,29,four obstacles,ID,26,-1.6550369262695312,0.01930183172225952,0.06914584338665009,0.030742062255740166,0.9658006723276917,0.876953125,0.9955456852912903,0.05885111168026924
exact,29,four obstacles,ID,27,-1.6550369262695312,0.018166443333029747,0.06507283449172974,0.023271724581718445,0.9599448741886725,0.896484375,0.9901960492134094,0.05804819613695145
exact,29,four obstacles,ID,28,-1.6550369262695312,0.021395694464445114,0.07224995642900467,0.0252432469278574,0.9713298906847294,0.8876953125,0.9955995678901672,0.05805567651987076
exact,29,four obstacles,ID,29,-1.6550369262695312,0.029794489964842796,0.09882233291864395,0.025735413655638695,0.9588721732333136,0.859375,0.9943181276321411,0.059614397585392
exact,29,four obstacles,ID,30,-1.6550369262695312,0.02777288667857647,0.09444120526313782,0.0277786236256361,0.954362059027829,0.8564453125,0.9931584596633911,0.058243900537490845
exact,29,four obstacles,ID,31,-1.6550369262695312,0.02517436072230339,0.09469281882047653,0.024738149717450142,0.9558228560024674,0.8974609375,0.9847660064697266,0.05992225557565689
foundation,29,four obstacles,ID,32,-1.6566933393478394,0.02346472442150116,0.08593117445707321,0.020093576982617378,0.9623614728563403,0.8779296875,0.988876461982727,0.058254700154066086
foundation,29,four obstacles,ID,33,-1.6566933393478394,0.020563755184412003,0.07165777683258057,0.015194985084235668,0.965713042101931,0.8896484375,0.9934138655662537,0.05890104919672012
foundation,29,four obstacles,ID,34,-1.6566933393478394,0.02206193096935749,0.07809693366289139,0.02236485481262207,0.95952023988006,0.8828125,0.9922566413879395,0.06068064272403717
foundation,29,four obstacles,ID,35,-1.6566933393478394,0.01714363507926464,0.06583271920681,0.02425641566514969,0.9666526065057192,0.8818359375,0.998892605304718,0.05819350853562355
foundation,29,four obstacles,ID,36,-1.6566933393478394,0.019606079906225204,0.07215791940689087,0.019341222941875458,0.9689207650273224,0.9013671875,0.9924160242080688,0.05888798087835312
foundation,29,four obstacles,ID,37,-1.6566933393478394,0.02240939438343048,0.07776975631713867,0.02177547477185726,0.971088295687885,0.8984375,0.9967390894889832,0.059051357209682465
foundation,29,four obstacles,ID,38,-1.6566933393478394,0.020839031785726547,0.0739152729511261,0.024420378729701042,0.9707933740191804,0.8798828125,0.9944506287574768,0.05930335819721222
foundation,29,four obstacles,ID,39,-1.6566933393478394,0.024166839197278023,0.08690351247787476,0.022268975153565407,0.9658221041310812,0.8837890625,0.987845242023468,0.06008118391036987
foundation,29,four obstacles,ID,40,-1.6566933393478394,0.018015287816524506,0.06337340921163559,0.02336139790713787,0.9704370957015901,0.8935546875,0.9945355653762817,0.05812613666057587
foundation,29,four obstacles,ID,41,-1.6566933393478394,0.019299322739243507,0.0682176947593689,0.03145254775881767,0.9648679633911742,0.8779296875,0.9955505728721619,0.05942323058843613
foundation,29,four obstacles,ID,42,-1.6566933393478394,0.021282454952597618,0.07193224132061005,0.026769444346427917,0.965205936594362,0.8759765625,0.9955407381057739,0.05904606729745865
foundation,29,four obstacles,ID,43,-1.6566933393478394,0.02659868821501732,0.08884207904338837,0.028179533779621124,0.9587418300653594,0.8642578125,0.9909604787826538,0.05999382585287094
foundation,29,four obstacles,ID,44,-1.6566933393478394,0.020515870302915573,0.07273812592029572,0.017657162621617317,0.9661310067427082,0.8818359375,0.9944629073143005,0.058552633970975876
foundation,29,four obstacles,ID,45,-1.6566933393478394,0.027218002825975418,0.09334054589271545,0.015513530001044273,0.9665425793748461,0.884765625,0.9889624714851379,0.05917394161224365
foundation,29,four obstacles,ID,46,-1.6566933393478394,0.019621318206191063,0.07156536728143692,0.01580125093460083,0.9686036960985627,0.908203125,0.9892473220825195,0.05838460475206375
foundation,29,four obstacles,ID,47,-1.6566933393478394,0.017441116273403168,0.06294760853052139,0.0202210433781147,0.969105180533752,0.8935546875,0.9945355653762817,0.05885672569274902
exact,29,four obstacles,ID,32,-1.6550369262695312,0.023484183475375175,0.08593876659870148,0.02004147507250309,0.9619869601484432,0.876953125,0.9899777770042419,0.05824867635965347
exact,29,four obstacles,ID,33,-1.6550369262695312,0.02045951597392559,0.07150468230247498,0.014732437208294868,0.9651371339902868,0.888671875,0.9934066534042358,0.05890531837940216
exact,29,four obstacles,ID,34,-1.6550369262695312,0.022006312385201454,0.07792828977108002,0.022427432239055634,0.9601270793174841,0.8828125,0.9922566413879395,0.060632817447185516
exact,29,four obstacles,ID,35,-1.6550369262695312,0.01718902960419655,0.06605039536952972,0.02372109889984131,0.9679953447774222,0.8798828125,0.9988901615142822,0.05819880962371826
exact,29,four obstacles,ID,36,-1.6550369262695312,0.01959397830069065,0.07222876697778702,0.019491571933031082,0.9690274931693988,0.90234375,0.9924242496490479,0.05887482315301895
exact,29,four obstacles,ID,37,-1.6550369262695312,0.022270984947681427,0.07748294621706009,0.028179066255688667,0.9714989733059549,0.8994140625,0.9967427253723145,0.05908989906311035
exact,29,four obstacles,ID,38,-1.6550369262695312,0.020617445930838585,0.07354604452848434,0.024244455620646477,0.9705667058202679,0.8798828125,0.9944506287574768,0.0592813640832901
exact,29,four obstacles,ID,39,-1.6550369262695312,0.024141738191246986,0.08680963516235352,0.022201497107744217,0.9658221041310812,0.8828125,0.98893803358078,0.06008877977728844
exact,29,four obstacles,ID,40,-1.6550369262695312,0.01797696202993393,0.06327630579471588,0.024328213185071945,0.9689322381930185,0.8935546875,0.9945355653762817,0.05813710018992424
exact,29,four obstacles,ID,41,-1.6550369262695312,0.019214382395148277,0.06827893108129501,0.028730887919664383,0.9670103092783506,0.8779296875,0.9955505728721619,0.05942237377166748
exact,29,four obstacles,ID,42,-1.6550369262695312,0.02104981057345867,0.07144072651863098,0.026751555502414703,0.9648747055043907,0.8740234375,0.9955307245254517,0.05903264880180359
exact,29,four obstacles,ID,43,-1.6550369262695312,0.026589617133140564,0.08905511349439621,0.026613391935825348,0.9601140832289011,0.8623046875,0.9909399747848511,0.059989944100379944
exact,29,four obstacles,ID,44,-1.6550369262695312,0.02079012058675289,0.07352043688297272,0.016922807320952415,0.9674453513462802,0.87890625,0.9944444894790649,0.05852378159761429
exact,29,four obstacles,ID,45,-1.6550369262695312,0.027111483737826347,0.0931348204612732,0.015429399907588959,0.9668502338173763,0.8837890625,0.988950252532959,0.059155356138944626
exact,29,four obstacles,ID,46,-1.6550369262695312,0.019635552540421486,0.07161351293325424,0.01591992937028408,0.9687063655030801,0.908203125,0.9892473220825195,0.05841831490397453
exact,29,four obstacles,ID,47,-1.6550369262695312,0.01731407269835472,0.0625583827495575,0.023141950368881226,0.9697121925693355,0.892578125,0.9956236481666565,0.05877972021698952
foundation,29,four obstacles,ID,48,-1.6566933393478394,0.022801000624895096,0.08247489482164383,0.012118811719119549,0.9629607238578884,0.8935546875,0.9923497438430786,0.05779336020350456
foundation,29,four obstacles,ID,49,-1.6566933393478394,0.024905171245336533,0.08780097961425781,0.019321022555232048,0.9604413392134515,0.8828125,0.991150438785553,0.05935119837522507
foundation,29,four obstacles,ID,50,-1.6566933393478394,0.01827235147356987,0.06402875483036041,0.023855647072196007,0.9691067983202815,0.89453125,0.9967249035835266,0.05796927586197853
foundation,29,four obstacles,ID,51,-1.6566933393478394,0.0309955645352602,0.10544545203447342,0.028183814138174057,0.9570709745762711,0.865234375,0.9830700159072876,0.05851050838828087
foundation,29,four obstacles,ID,52,-1.6566933393478394,0.021503383293747902,0.0717369019985199,0.02786276862025261,0.9710753803596127,0.890625,0.9967105388641357,0.059350669384002686
foundation,29,four obstacles,ID,53,-1.6566933393478394,0.01942310854792595,0.07052284479141235,0.015488240867853165,0.9658256489071039,0.8818359375,0.9977851510047913,0.058603499084711075
foundation,29,four obstacles,ID,54,-1.6566933393478394,0.017495494335889816,0.0652170404791832,0.0294756218791008,0.9712687841530055,0.8779296875,0.9955505728721619,0.05920746177434921
foundation,29,four obstacles,ID,55,-1.6566933393478394,0.022725768387317657,0.08522151410579681,0.0197159256786108,0.954292147481002,0.8857421875,0.9867696166038513,0.05835593491792679
foundation,29,four obstacles,ID,56,-1.6566933393478394,0.022460415959358215,0.07659029960632324,0.02212141640484333,0.9595380880988077,0.8818359375,0.9911406636238098,0.05746380239725113
foundation,29,four obstacles,ID,57,-1.6566933393478394,0.028211046010255814,0.09503228217363358,0.032319363206624985,0.9636863863561068,0.859375,0.9954544901847839,0.061387624591588974
foundation,29,four obstacles,ID,58,-1.6566933393478394,0.0230820681899786,0.08956333994865417,0.017725445330142975,0.9542573501336388,0.8955078125,0.9880043268203735,0.05902913212776184
foundation,29,four obstacles,ID,59,-1.6566933393478394,0.026323208585381508,0.0885486975312233,0.02527552843093872,0.955246983837924,0.873046875,0.991051435470581,0.059798017144203186
foundation,29,four obstacles,ID,60,-1.6566933393478394,0.03036433272063732,0.10474535822868347,0.028351828455924988,0.9553958341515782,0.8662109375,0.9842163920402527,0.06043640524148941
foundation,29,four obstacles,ID,61,-1.6566933393478394,0.0242228452116251,0.08265885710716248,0.02843848057091236,0.969284467713787,0.8701171875,0.9932660460472107,0.05941174551844597
foundation,29,four obstacles,ID,62,-1.6566933393478394,0.018821418285369873,0.06535106152296066,0.015795743092894554,0.9757301362143675,0.900390625,0.9956616163253784,0.05848333239555359
foundation,29,four obstacles,ID,63,-1.6566933393478394,0.02540014497935772,0.09051764756441116,0.0233853068202734,0.9567545572916667,0.873046875,0.9888142943382263,0.05827845260500908
exact,29,four obstacles,ID,48,-1.6550369262695312,0.022834772244095802,0.08254319429397583,0.01145248208194971,0.9626785966185034,0.8935546875,0.9923497438430786,0.057776205241680145
exact,29,four obstacles,ID,49,-1.6550369262695312,0.02482098527252674,0.08756525814533234,0.02016725018620491,0.9592247334182817,0.8818359375,0.9911406636238098,0.05933967977762222
exact,29,four obstacles,ID,50,-1.6550369262695312,0.018258344382047653,0.064116470515728,0.022884588688611984,0.9708366675557927,0.892578125,0.9967177510261536,0.05796978622674942
exact,29,four obstacles,ID,51,-1.6550369262695312,0.03095058910548687,0.10529232025146484,0.029770052060484886,0.9574417372881355,0.8662109375,0.983089029788971,0.0584847517311573
exact,29,four obstacles,ID,52,-1.6550369262695312,0.021739579737186432,0.0724276453256607,0.028006266802549362,0.9698651452282158,0.8896484375,0.9967069029808044,0.0593511238694191
exact,29,four obstacles,ID,53,-1.6550369262695312,0.019350437447428703,0.07044805586338043,0.022461295127868652,0.9664446721311476,0.8818359375,0.9977851510047913,0.058610670268535614
exact,29,four obstacles,ID,54,-1.6550369262695312,0.017483295872807503,0.06528124958276749,0.029514776542782784,0.9712474385245902,0.8779296875,0.9955505728721619,0.05923567712306976
exact,29,four obstacles,ID,55,-1.6550369262695312,0.022646140307188034,0.08498141169548035,0.020632997155189514,0.9547049441786284,0.884765625,0.9867549538612366,0.05831189081072807
exact,29,four obstacles,ID,56,-1.6550369262695312,0.022342439740896225,0.07632964104413986,0.023741913959383965,0.9603055615049617,0.8828125,0.991150438785553,0.05746316537261009
exact,29,four obstacles,ID,57,-1.6550369262695312,0.02815425395965576,0.09509089589118958,0.03165404871106148,0.9633694884980483,0.857421875,0.9954442381858826,0.06141684204339981
exact,29,four obstacles,ID,58,-1.6550369262695312,0.023069210350513458,0.08951189368963242,0.017307477071881294,0.9542191676212295,0.8955078125,0.9880043268203735,0.05903821811079979
exact,29,four obstacles,ID,59,-1.6550369262695312,0.02631424367427826,0.08865907788276672,0.025376463308930397,0.9569781371668165,0.8720703125,0.9910414814949036,0.059800438582897186
exact,29,four obstacles,ID,60,-1.6550369262695312,0.030448095872998238,0.10509361326694489,0.028118086978793144,0.9567992335974316,0.865234375,0.9841986894607544,0.06045464053750038
exact,29,four obstacles,ID,61,-1.6550369262695312,0.02404935657978058,0.08200084418058395,0.02906699851155281,0.9678654934777258,0.87109375,0.9932736158370972,0.0594334714114666
exact,29,four obstacles,ID,62,-1.6550369262695312,0.0187124852091074,0.0650971531867981,0.015868181362748146,0.9746557454890787,0.9013671875,0.9956663250923157,0.058478787541389465
exact,29,four obstacles,ID,63,-1.6550369262695312,0.025485601276159286,0.09074946492910385,0.02426958456635475,0.9592901878914406,0.8720703125,0.9888018369674683,0.058300189673900604
foundation,29,six obstacles,OOD count,0,-1.6566933393478394,0.03980674222111702,0.1436636745929718,0.031038187444210052,0.9259579634266637,0.8271484375,0.9846516847610474,0.05757658928632736
foundation,29,six obstacles,OOD count,1,-1.6566933393478394,0.04364432021975517,0.1519564688205719,0.0317392498254776,0.9261755924612801,0.8115234375,0.981949508190155,0.05842707306146622
foundation,29,six obstacles,OOD count,2,-1.6566933393478394,0.04032221436500549,0.14291176199913025,0.019068052992224693,0.9394915861081274,0.8203125,0.9809524416923523,0.05733899772167206
foundation,29,six obstacles,OOD count,3,-1.6566933393478394,0.059653930366039276,0.20023205876350403,0.04836169630289078,0.9387480093103026,0.837890625,0.9662004709243774,0.05695130676031113
foundation,29,six obstacles,OOD count,4,-1.6566933393478394,0.06975243985652924,0.22893781960010529,0.048583418130874634,0.9383153281695883,0.8232421875,0.9608541131019592,0.057071831077337265
foundation,29,six obstacles,OOD count,5,-1.6566933393478394,0.06404635310173035,0.20444811880588531,0.04752581566572189,0.9576546717171717,0.8125,0.978365421295166,0.05630571395158768
foundation,29,six obstacles,OOD count,6,-1.6566933393478394,0.058719612658023834,0.21199235320091248,0.04215066134929657,0.9254816462736374,0.8310546875,0.9506462812423706,0.05794907361268997
foundation,29,six obstacles,OOD count,7,-1.6566933393478394,0.04094524681568146,0.14082945883274078,0.027737703174352646,0.9326366859488711,0.8271484375,0.9799291491508484,0.05750678479671478
foundation,29,six obstacles,OOD count,8,-1.6566933393478394,0.062435317784547806,0.2081136703491211,0.047579970210790634,0.9268798828125,0.8193359375,0.959475576877594,0.05767720565199852
foundation,29,six obstacles,OOD count,9,-1.6566933393478394,0.034150268882513046,0.12774640321731567,0.02368215098977089,0.9418441393375996,0.873046875,0.9753915071487427,0.05737479776144028
foundation,29,six obstacles,OOD count,10,-1.6566933393478394,0.05421910807490349,0.17652392387390137,0.040785785764455795,0.9447083118224058,0.810546875,0.9771084785461426,0.05783408135175705
foundation,29,six obstacles,OOD count,11,-1.6566933393478394,0.07324210554361343,0.23578178882598877,0.058160580694675446,0.9446928186146706,0.83203125,0.9624413251876831,0.056064482778310776
foundation,29,six obstacles,OOD count,12,-1.6566933393478394,0.05164601653814316,0.16453638672828674,0.03617541864514351,0.9401960228882216,0.8251953125,0.9869822263717651,0.05756025388836861
foundation,29,six obstacles,OOD count,13,-1.6566933393478394,0.05519457161426544,0.20398801565170288,0.04471278935670853,0.9192576795001309,0.8291015625,0.9517079591751099,0.05781682953238487
foundation,29,six obstacles,OOD count,14,-1.6566933393478394,0.0448945127427578,0.15142633020877838,0.024813182651996613,0.9349290780141845,0.8212890625,0.984542191028595,0.057652659714221954
foundation,29,six obstacles,OOD count,15,-1.6566933393478394,0.035531237721443176,0.11693619936704636,0.03034445084631443,0.9460802989894592,0.8447265625,0.9942196607589722,0.056564055383205414
exact,29,six obstacles,OOD count,0,-1.6550369262695312,0.04003652185201645,0.1435251384973526,0.032157864421606064,0.9268353174603174,0.826171875,0.9834515452384949,0.057877011597156525
exact,29,six obstacles,OOD count,1,-1.6550369262695312,0.043964531272649765,0.1531187891960144,0.02889004349708557,0.9345731785121858,0.8076171875,0.9818621873855591,0.05879019945859909
exact,29,six obstacles,OOD count,2,-1.6550369262695312,0.0403696745634079,0.14301685988903046,0.022724000737071037,0.9373549080073456,0.8173828125,0.9808840751647949,0.057407259941101074
exact,29,six obstacles,OOD count,3,-1.6550369262695312,0.05956403911113739,0.20029547810554504,0.04785969853401184,0.9369952600382591,0.8369140625,0.9649941921234131,0.057084985077381134
exact,29,six obstacles,OOD count,4,-1.6550369262695312,0.06951282173395157,0.22945967316627502,0.05105525627732277,0.9370786516853932,0.822265625,0.9608076214790344,0.05753093212842941
exact,29,six obstacles,OOD count,5,-1.6550369262695312,0.0641774833202362,0.20569440722465515,0.05060972273349762,0.9566905966811816,0.8154296875,0.9724550843238831,0.05643899738788605
exact,29,six obstacles,OOD count,6,-1.6550369262695312,0.059075988829135895,0.21435794234275818,0.04387931898236275,0.9217396683989112,0.83203125,0.9495305418968201,0.05826404318213463
exact,29,six obstacles,OOD count,7,-1.6550369262695312,0.04136975109577179,0.14211425185203552,0.030536804348230362,0.9276301352459491,0.8251953125,0.978698194026947,0.05768442898988724
exact,29,six obstacles,OOD count,8,-1.6550369262695312,0.06287957727909088,0.21112892031669617,0.04795411229133606,0.9277755129773066,0.8212890625,0.9583828449249268,0.05807168036699295
exact,29,six obstacles,OOD count,9,-1.6550369262695312,0.03421759232878685,0.12856425344944,0.023470822721719742,0.9418492430462527,0.8720703125,0.9742441773414612,0.057487621903419495
exact,29,six obstacles,OOD count,10,-1.6550369262695312,0.055744532495737076,0.18175779283046722,0.04373278096318245,0.9489452505791977,0.8115234375,0.9723225235939026,0.05845198035240173
exact,29,six obstacles,OOD count,11,-1.6550369262695312,0.07191943377256393,0.2348470687866211,0.05972396582365036,0.9398554465668559,0.8359375,0.9579439163208008,0.056370094418525696
exact,29,six obstacles,OOD count,12,-1.6550369262695312,0.05150536075234413,0.16486325860023499,0.03755372762680054,0.9373316271551725,0.826171875,0.986997663974762,0.05785050988197327
exact,29,six obstacles,OOD count,13,-1.6550369262695312,0.05542609095573425,0.20626363158226013,0.04291800409555435,0.9145178513394309,0.8251953125,0.9479289650917053,0.05815918743610382
exact,29,six obstacles,OOD count,14,-1.6550369262695312,0.04489270597696304,0.15175743401050568,0.03166284039616585,0.9358186435064219,0.8193359375,0.9845053553581238,0.05788399279117584
exact,29,six obstacles,OOD count,15,-1.6550369262695312,0.03541073948144913,0.11663346737623215,0.04081176221370697,0.9443135575069608,0.8408203125,0.9941927790641785,0.056729480624198914
foundation,29,six obstacles,OOD count,16,-1.6566933393478394,0.06704413890838623,0.2111799716949463,0.056641560047864914,0.9430914673561732,0.80078125,0.9817073345184326,0.05903926491737366
foundation,29,six obstacles,OOD count,17,-1.6566933393478394,0.05265548825263977,0.17505887150764465,0.03199364244937897,0.942831541218638,0.818359375,0.9773269891738892,0.056027717888355255
foundation,29,six obstacles,OOD count,18,-1.6566933393478394,0.047704439610242844,0.15611040592193604,0.029019640758633614,0.9328908264928061,0.8115234375,0.9879663586616516,0.05641471594572067
foundation,29,six obstacles,OOD count,19,-1.6566933393478394,0.04009037837386131,0.13996157050132751,0.024540111422538757,0.935651193384702,0.8359375,0.9778037071228027,0.057816892862319946
foundation,29,six obstacles,OOD count,20,-1.6566933393478394,0.053824473172426224,0.1750512570142746,0.040493179112672806,0.9305419921875,0.7978515625,0.9828641414642334,0.05801738053560257
foundation,29,six obstacles,OOD count,21,-1.6566933393478394,0.0831785500049591,0.2849235534667969,0.07092763483524323,0.932542344457488,0.849609375,0.9390804767608643,0.0574246384203434
foundation,29,six obstacles,OOD count,22,-1.6566933393478394,0.05505555495619774,0.18211357295513153,0.03219841793179512,0.9471115441673469,0.8095703125,0.9758745431900024,0.058473408222198486
foundation,29,six obstacles,OOD count,23,-1.6566933393478394,0.04300946369767189,0.1420879364013672,0.02956152707338333,0.9402837643678161,0.814453125,0.9844124913215637,0.05725487321615219
foundation,29,six obstacles,OOD count,24,-1.6566933393478394,0.06411352753639221,0.23338977992534637,0.048646844923496246,0.9331493717458629,0.8486328125,0.9401611089706421,0.057448312640190125
foundation,29,six obstacles,OOD count,25,-1.6566933393478394,0.04328570514917374,0.15351711213588715,0.03098209947347641,0.9284143483746921,0.8427734375,0.9745075106620789,0.05769847705960274
foundation,29,six obstacles,OOD count,26,-1.6566933393478394,0.03768138587474823,0.1340671330690384,0.018591804429888725,0.9448284273865669,0.8291015625,0.9882214665412903,0.056714318692684174
foundation,29,six obstacles,OOD count,27,-1.6566933393478394,0.07495151460170746,0.26374220848083496,0.06341777741909027,0.9100582327346485,0.83984375,0.9290697574615479,0.05861428380012512
foundation,29,six obstacles,OOD count,28,-1.6566933393478394,0.06834610551595688,0.24974490702152252,0.05233103781938553,0.9220767881380821,0.8369140625,0.9288215041160583,0.05809779837727547
foundation,29,six obstacles,OOD count,29,-1.6566933393478394,0.07596314698457718,0.25208649039268494,0.0660640150308609,0.9393386994949496,0.8291015625,0.9540636539459229,0.058862559497356415
foundation,29,six obstacles,OOD count,30,-1.6566933393478394,0.04881443828344345,0.16092652082443237,0.03757067397236824,0.9407965554359526,0.82421875,0.9834123849868774,0.05562594532966614
foundation,29,six obstacles,OOD count,31,-1.6566933393478394,0.06409907341003418,0.2087821662425995,0.04357414320111275,0.9393347951454984,0.80859375,0.9710144996643066,0.05797199159860611
exact,29,six obstacles,OOD count,16,-1.6550369262695312,0.06670679152011871,0.21177680790424347,0.05586244910955429,0.9400014457482953,0.8037109375,0.9793438911437988,0.059514209628105164
exact,29,six obstacles,OOD count,17,-1.6550369262695312,0.05299288034439087,0.1765606701374054,0.03422469645738602,0.9414282536151279,0.8212890625,0.9762187600135803,0.056129977107048035
exact,29,six obstacles,OOD count,18,-1.6550369262695312,0.04740365594625473,0.15568774938583374,0.020207339897751808,0.9316995947315097,0.8115234375,0.9867629408836365,0.056712571531534195
exact,29,six obstacles,OOD count,19,-1.6550369262695312,0.04032142087817192,0.1409219354391098,0.02381933480501175,0.9350090163029477,0.8330078125,0.977725625038147,0.05789056047797203
exact,29,six obstacles,OOD count,20,-1.6550369262695312,0.05537375435233116,0.18007409572601318,0.04368536174297333,0.9283827564688887,0.794921875,0.9828009605407715,0.058481402695178986
exact,29,six obstacles,OOD count,21,-1.6550369262695312,0.08266252279281616,0.2866367995738983,0.07146386057138443,0.9305836770403699,0.8525390625,0.9369989037513733,0.05764804035425186
exact,29,six obstacles,OOD count,22,-1.6550369262695312,0.0553167387843132,0.18346348404884338,0.035831138491630554,0.946420581655481,0.80859375,0.9746376872062683,0.058941759169101715
exact,29,six obstacles,OOD count,23,-1.6550369262695312,0.04315059259533882,0.14267688989639282,0.02602425031363964,0.9418831168831169,0.8125,0.983173131942749,0.05746578425168991
exact,29,six obstacles,OOD count,24,-1.6550369262695312,0.0642712265253067,0.23606503009796143,0.046888142824172974,0.9298842864330036,0.8486328125,0.9390103816986084,0.05786403268575668
exact,29,six obstacles,OOD count,25,-1.6550369262695312,0.0431910939514637,0.15383031964302063,0.030362389981746674,0.9287056864144658,0.84375,0.9745370149612427,0.05772070214152336
exact,29,six obstacles,OOD count,26,-1.6550369262695312,0.03782758489251137,0.1345374882221222,0.02686137706041336,0.9414967292475213,0.8271484375,0.9870129823684692,0.056740984320640564
exact,29,six obstacles,OOD count,27,-1.6550369262695312,0.07446623593568802,0.26606589555740356,0.06793241202831268,0.9157349652818642,0.8466796875,0.9215685725212097,0.05877082049846649
exact,29,six obstacles,OOD count,28,-1.6550369262695312,0.0686594545841217,0.2535310983657837,0.04975094646215439,0.9164172943968631,0.8369140625,0.9218202829360962,0.05855095013976097
exact,29,six obstacles,OOD count,29,-1.6550369262695312,0.07577762752771378,0.2557736039161682,0.06501143425703049,0.9347364807938341,0.8271484375,0.9492325782775879,0.0592648871243
exact,29,six obstacles,OOD count,30,-1.6550369262695312,0.04884013906121254,0.1613503247499466,0.038090117275714874,0.937895869922384,0.8212890625,0.9833531379699707,0.055773042142391205
exact,29,six obstacles,OOD count,31,-1.6550369262695312,0.06489209085702896,0.21255354583263397,0.04935700446367264,0.9370738636363636,0.810546875,0.9674698710441589,0.05830073356628418
foundation,29,six obstacles,OOD count,32,-1.6566933393478394,0.0721944123506546,0.23472075164318085,0.06681836396455765,0.9360238155418877,0.7919921875,0.9630085825920105,0.059732429683208466
foundation,29,six obstacles,OOD count,33,-1.6566933393478394,0.03483044356107712,0.13467304408550262,0.030955668538808823,0.9157488309131184,0.8427734375,0.9768249988555908,0.05763325095176697
foundation,29,six obstacles,OOD count,34,-1.6566933393478394,0.04778997600078583,0.15783751010894775,0.02106943540275097,0.9497696678367751,0.8125,0.989182710647583,0.05637180805206299
foundation,29,six obstacles,OOD count,35,-1.6566933393478394,0.04930216073989868,0.17238262295722961,0.03154376521706581,0.9166423853923854,0.8291015625,0.9705536365509033,0.05645895376801491
foundation,29,six obstacles,OOD count,36,-1.6566933393478394,0.028363047167658806,0.10466869175434113,0.02570241317152977,0.9179048966780965,0.8232421875,0.9857651591300964,0.057212963700294495
foundation,29,six obstacles,OOD count,37,-1.6566933393478394,0.06546863913536072,0.21754050254821777,0.04569462314248085,0.9381139230505886,0.828125,0.9610849022865295,0.0564756765961647
foundation,29,six obstacles,OOD count,38,-1.6566933393478394,0.05036938562989235,0.17407289147377014,0.0357339046895504,0.9305661094224924,0.845703125,0.9734411239624023,0.05693826824426651
foundation,29,six obstacles,OOD count,39,-1.6566933393478394,0.046821314841508865,0.16154298186302185,0.02695433795452118,0.9325837698372981,0.833984375,0.9754098057746887,0.05781899392604828
foundation,29,six obstacles,OOD count,40,-1.6566933393478394,0.03440377861261368,0.12009713053703308,0.01776307076215744,0.9406814116116442,0.830078125,0.9870587587356567,0.05739887058734894
foundation,29,six obstacles,OOD count,41,-1.6566933393478394,0.04640762507915497,0.15779082477092743,0.035278283059597015,0.9426699426699426,0.82421875,0.9822275042533875,0.056574828922748566
foundation,29,six obstacles,OOD count,42,-1.6566933393478394,0.06635081022977829,0.2197742909193039,0.04675346612930298,0.939758064516129,0.830078125,0.9717646837234497,0.05647556111216545
foundation,29,six obstacles,OOD count,43,-1.6566933393478394,0.07721640169620514,0.2544868588447571,0.06315574049949646,0.9319983149748806,0.818359375,0.9558472633361816,0.05837768688797951
foundation,29,six obstacles,OOD count,44,-1.6566933393478394,0.05734487622976303,0.20418474078178406,0.045378267765045166,0.9378042035398231,0.8388671875,0.9639115333557129,0.05607059597969055
foundation,29,six obstacles,OOD count,45,-1.6566933393478394,0.06485556066036224,0.21152928471565247,0.050193481147289276,0.9380350591112923,0.8349609375,0.961403489112854,0.05650679022073746
foundation,29,six obstacles,OOD count,46,-1.6566933393478394,0.04423431307077408,0.1557396948337555,0.029592275619506836,0.9461736424977274,0.853515625,0.9794049859046936,0.057249538600444794
foundation,29,six obstacles,OOD count,47,-1.6566933393478394,0.03944997489452362,0.1333855539560318,0.024055058136582375,0.9440670402142113,0.8310546875,0.9858989119529724,0.05659238249063492
exact,29,six obstacles,OOD count,32,-1.6550369262695312,0.0734129548072815,0.24124117195606232,0.07026268541812897,0.9324757719100889,0.794921875,0.9557739496231079,0.059905070811510086
exact,29,six obstacles,OOD count,33,-1.6550369262695312,0.03496568277478218,0.13510066270828247,0.031210104003548622,0.9140602473632293,0.841796875,0.9756380319595337,0.057866647839546204
exact,29,six obstacles,OOD count,34,-1.6550369262695312,0.04767098277807236,0.15769226849079132,0.021729208528995514,0.9495296822742474,0.8134765625,0.9891956448554993,0.056545108556747437
exact,29,six obstacles,OOD count,35,-1.6550369262695312,0.0490478090941906,0.17203950881958008,0.028252340853214264,0.9183892206400246,0.826171875,0.9704491496086121,0.05670538172125816
exact,29,six obstacles,OOD count,36,-1.6550369262695312,0.028489060699939728,0.10510553419589996,0.025615252554416656,0.9173627471978297,0.822265625,0.985748291015625,0.05728254094719887
exact,29,six obstacles,OOD count,37,-1.6550369262695312,0.06515355408191681,0.21760794520378113,0.046376630663871765,0.9359479631696428,0.826171875,0.9598108530044556,0.05674174427986145
exact,29,six obstacles,OOD count,38,-1.6550369262695312,0.05022594705224037,0.17420446872711182,0.03331567347049713,0.9283606882530868,0.84765625,0.9723502397537231,0.057234473526477814
exact,29,six obstacles,OOD count,39,-1.6550369262695312,0.04700058698654175,0.1626562476158142,0.020674966275691986,0.9372779692820172,0.8291015625,0.9752650856971741,0.05803680419921875
exact,29,six obstacles,OOD count,40,-1.6550369262695312,0.034578386694192886,0.12049081921577454,0.01883736252784729,0.9427883167720567,0.8310546875,0.9858989119529724,0.05749981105327606
exact,29,six obstacles,OOD count,41,-1.6550369262695312,0.04657997190952301,0.1586853265762329,0.031920865178108215,0.9424312024158905,0.8251953125,0.978698194026947,0.05696171522140503
exact,29,six obstacles,OOD count,42,-1.6550369262695312,0.06585109233856201,0.2196815311908722,0.043054454028606415,0.9360483870967742,0.830078125,0.970588207244873,0.05668564513325691
exact,29,six obstacles,OOD count,43,-1.6550369262695312,0.07691244035959244,0.2560887038707733,0.06656458973884583,0.9278585091941256,0.8193359375,0.9487485289573669,0.058986108750104904
exact,29,six obstacles,OOD count,44,-1.6550369262695312,0.05747368931770325,0.20520620048046112,0.04006974399089813,0.9331538140117925,0.8408203125,0.9616724252700806,0.05625481903553009
exact,29,six obstacles,OOD count,45,-1.6550369262695312,0.06514952331781387,0.2134411334991455,0.053470686078071594,0.9369467439642879,0.837890625,0.9592074751853943,0.05676601827144623
exact,29,six obstacles,OOD count,46,-1.6550369262695312,0.04397032409906387,0.15595440566539764,0.029995938763022423,0.9392340883192707,0.8525390625,0.9793815016746521,0.05762232095003128
exact,29,six obstacles,OOD count,47,-1.6550369262695312,0.03933626413345337,0.13291889429092407,0.024511244148015976,0.9438658472258001,0.830078125,0.9858823418617249,0.056730955839157104
foundation,29,six obstacles,OOD count,48,-1.6566933393478394,0.0335664302110672,0.12672334909439087,0.021451212465763092,0.9413162784667906,0.859375,0.9806817770004272,0.05717524513602257
foundation,29,six obstacles,OOD count,49,-1.6566933393478394,0.043078385293483734,0.14518815279006958,0.03723364695906639,0.9404321381481009,0.82421875,0.9822275042533875,0.05756627023220062
foundation,29,six obstacles,OOD count,50,-1.6566933393478394,0.03473847731947899,0.12593595683574677,0.027703585103154182,0.9302201616502206,0.8212890625,0.9833531379699707,0.057074833661317825
foundation,29,six obstacles,OOD count,51,-1.6566933393478394,0.06546664237976074,0.2252957969903946,0.0524301752448082,0.9386803966437833,0.828125,0.9457547068595886,0.057976774871349335
foundation,29,six obstacles,OOD count,52,-1.6566933393478394,0.049291256815195084,0.16609877347946167,0.029099833220243454,0.9382036582036583,0.8291015625,0.9811543226242065,0.0578722320497036
foundation,29,six obstacles,OOD count,53,-1.6566933393478394,0.029071057215332985,0.10828103125095367,0.02799510583281517,0.9321858259418635,0.841796875,0.9895591139793396,0.05759943276643753
foundation,29,six obstacles,OOD count,54,-1.6566933393478394,0.05113966017961502,0.16948726773262024,0.04328185319900513,0.9345619658119657,0.8388671875,0.9778812527656555,0.05765274167060852
foundation,29,six obstacles,OOD count,55,-1.6566933393478394,0.04036175459623337,0.1368567794561386,0.02917669527232647,0.9369251887439946,0.8203125,0.985714316368103,0.05590050667524338
foundation,29,six obstacles,OOD count,56,-1.6566933393478394,0.03633074462413788,0.12469515949487686,0.02813659980893135,0.9425367094461787,0.8525390625,0.9862543344497681,0.05672398954629898
foundation,29,six obstacles,OOD count,57,-1.6566933393478394,0.056161314249038696,0.19289273023605347,0.03434927761554718,0.9384293659621803,0.826171875,0.9586288332939148,0.05696137621998787
foundation,29,six obstacles,OOD count,58,-1.6566933393478394,0.06644868850708008,0.2362627387046814,0.05687136575579643,0.9304001436106101,0.84375,0.9456018805503845,0.057966187596321106
foundation,29,six obstacles,OOD count,59,-1.6566933393478394,0.05493507534265518,0.1891457587480545,0.04460710659623146,0.9402557506195874,0.8369140625,0.9661610126495361,0.05785561352968216
foundation,29,six obstacles,OOD count,60,-1.6566933393478394,0.07446742057800293,0.2637934684753418,0.07329034805297852,0.9158682252243621,0.8349609375,0.934502899646759,0.0585993230342865
foundation,29,six obstacles,OOD count,61,-1.6566933393478394,0.0562431737780571,0.19432246685028076,0.03786347061395645,0.9283966580465486,0.8291015625,0.9646643400192261,0.05816821753978729
foundation,29,six obstacles,OOD count,62,-1.6566933393478394,0.05519629269838333,0.18839408457279205,0.03950851783156395,0.933293227051687,0.8427734375,0.9629200100898743,0.05574993044137955
foundation,29,six obstacles,OOD count,63,-1.6566933393478394,0.05956514924764633,0.19663214683532715,0.034456152468919754,0.9384217124104404,0.8251953125,0.9715976119041443,0.05705755949020386
exact,29,six obstacles,OOD count,48,-1.6550369262695312,0.03364177793264389,0.12706011533737183,0.02862822264432907,0.9393428690779713,0.861328125,0.978458046913147,0.05728272348642349
exact,29,six obstacles,OOD count,49,-1.6550369262695312,0.04312564432621002,0.14541840553283691,0.03774651139974594,0.9377738080047637,0.8232421875,0.982206404209137,0.05766162648797035
exact,29,six obstacles,OOD count,50,-1.6550369262695312,0.035340238362550735,0.12752865254878998,0.027099065482616425,0.9301184926184927,0.822265625,0.9821853041648865,0.05726950988173485
exact,29,six obstacles,OOD count,51,-1.6550369262695312,0.06651399284601212,0.23055295646190643,0.057189591228961945,0.9357949058425882,0.830078125,0.9411764144897461,0.05829717218875885
exact,29,six obstacles,OOD count,52,-1.6550369262695312,0.049352094531059265,0.1662907898426056,0.02812931314110756,0.9414313272825021,0.826171875,0.9810874462127686,0.05807747691869736
exact,29,six obstacles,OOD count,53,-1.6550369262695312,0.02918362058699131,0.10874125361442566,0.028282534331083298,0.9312067773167358,0.83984375,0.989534854888916,0.05771096050739288
exact,29,six obstacles,OOD count,54,-1.6550369262695312,0.050602987408638,0.16858525574207306,0.03810105472803116,0.9317939005439004,0.837890625,0.9778555035591125,0.05772971734404564
exact,29,six obstacles,OOD count,55,-1.6550369262695312,0.040531791746616364,0.13749773800373077,0.029548287391662598,0.9349004804392588,0.8193359375,0.9856972694396973,0.05587243661284447
exact,29,six obstacles,OOD count,56,-1.6550369262695312,0.0362294539809227,0.12459735572338104,0.02913672849535942,0.9388371001274227,0.8544921875,0.9862856864929199,0.05670742318034172
exact,29,six obstacles,OOD count,57,-1.6550369262695312,0.05655399337410927,0.19599640369415283,0.03514574095606804,0.9383309514529471,0.828125,0.9551886916160583,0.057535216212272644
exact,29,six obstacles,OOD count,58,-1.6550369262695312,0.06595119088888168,0.2365521788597107,0.05707792192697525,0.926895360864399,0.84375,0.9432870149612427,0.058173175901174545
exact,29,six obstacles,OOD count,59,-1.6550369262695312,0.05510934814810753,0.18975520133972168,0.04181888699531555,0.9387291625439365,0.8369140625,0.9661610126495361,0.05790352076292038
exact,29,six obstacles,OOD count,60,-1.6550369262695312,0.07468395680189133,0.2664594054222107,0.07295134663581848,0.9152028448282705,0.837890625,0.9289044737815857,0.058591216802597046
exact,29,six obstacles,OOD count,61,-1.6550369262695312,0.05616091936826706,0.19569683074951172,0.034017011523246765,0.9264176065162908,0.828125,0.9610849022865295,0.05828458070755005
exact,29,six obstacles,OOD count,62,-1.6550369262695312,0.05506918951869011,0.18899592757225037,0.03387586027383804,0.9318181818181819,0.8447265625,0.9618496894836426,0.05602269992232323
exact,29,six obstacles,OOD count,63,-1.6550369262695312,0.05928152799606323,0.19636349380016327,0.0342303067445755,0.9393840719141925,0.8251953125,0.9715976119041443,0.05734124779701233
foundation,29,three stars,OOD shape,0,-1.6566933393478394,0.03179285675287247,0.11784522235393524,0.02449019066989422,0.9540711226757739,0.8857421875,0.9702315926551819,0.0624600425362587
foundation,29,three stars,OOD shape,1,-1.6566933393478394,0.0292217880487442,0.11679593473672867,0.025450021028518677,0.9440530396258922,0.9072265625,0.9655543565750122,0.061964284628629684
foundation,29,three stars,OOD shape,2,-1.6566933393478394,0.035740938037633896,0.13480208814144135,0.03176143020391464,0.9258857410756145,0.869140625,0.9629213809967041,0.06193060800433159
foundation,29,three stars,OOD shape,3,-1.6566933393478394,0.034181781113147736,0.12134167551994324,0.029140111058950424,0.9469899141765331,0.8662109375,0.9751972556114197,0.06319209933280945
foundation,29,three stars,OOD shape,4,-1.6566933393478394,0.047862742096185684,0.17011499404907227,0.04781341180205345,0.9317560382804194,0.8466796875,0.9538638591766357,0.06196941062808037
foundation,29,three stars,OOD shape,5,-1.6566933393478394,0.019360462203621864,0.0663926973938942,0.021716587245464325,0.9666857579228714,0.8994140625,0.9934853911399841,0.061885811388492584
foundation,29,three stars,OOD shape,6,-1.6566933393478394,0.03596292808651924,0.1333404779434204,0.03478270024061203,0.9443769524470671,0.8837890625,0.9646408557891846,0.06111742556095123
foundation,29,three stars,OOD shape,7,-1.6566933393478394,0.032974451780319214,0.12059836089611053,0.03479791805148125,0.9383077330508474,0.8759765625,0.9676700234413147,0.06199139356613159
foundation,29,three stars,OOD shape,8,-1.6566933393478394,0.037080325186252594,0.1349014937877655,0.04044941067695618,0.9310860629188604,0.85546875,0.9668949246406555,0.06453762948513031
foundation,29,three stars,OOD shape,9,-1.6566933393478394,0.026496723294258118,0.09664235264062881,0.019574828445911407,0.9605281129068974,0.8955078125,0.9792802333831787,0.06236419454216957
foundation,29,three stars,OOD shape,10,-1.6566933393478394,0.037123844027519226,0.12699590623378754,0.03565242514014244,0.9526270551417111,0.8505859375,0.9758897423744202,0.06271110475063324
foundation,29,three stars,OOD shape,11,-1.6566933393478394,0.028996719047427177,0.09768401086330414,0.027914386242628098,0.9620387114058,0.8759765625,0.9843924641609192,0.06331415474414825
foundation,29,three stars,OOD shape,12,-1.6566933393478394,0.030175549909472466,0.1084265410900116,0.030024155974388123,0.9497689371107092,0.8720703125,0.9776036143302917,0.06318309158086777
foundation,29,three stars,OOD shape,13,-1.6566933393478394,0.026801640167832375,0.09148062765598297,0.028531089425086975,0.9550763701707098,0.87109375,0.9876682162284851,0.06372935324907303
foundation,29,three stars,OOD shape,14,-1.6566933393478394,0.02200581133365631,0.07876643538475037,0.02820836380124092,0.9627864639109017,0.8876953125,0.9911991357803345,0.061754919588565826
foundation,29,three stars,OOD shape,15,-1.6566933393478394,0.029087331146001816,0.10309110581874847,0.028222886845469475,0.9541546099096258,0.8759765625,0.9777035117149353,0.06306338310241699
exact,29,three stars,OOD shape,0,-1.6550369262695312,0.0316062793135643,0.11699254810810089,0.02504662424325943,0.9519903397734844,0.884765625,0.9713024497032166,0.06243652105331421
exact,29,three stars,OOD shape,1,-1.6550369262695312,0.02915409952402115,0.11650244146585464,0.0252876877784729,0.9447760275658381,0.9072265625,0.966630756855011,0.061918944120407104
exact,29,three stars,OOD shape,2,-1.6550369262695312,0.03553711250424385,0.13378648459911346,0.03405553102493286,0.9253943730687917,0.869140625,0.9629213809967041,0.06191418319940567
exact,29,three stars,OOD shape,3,-1.6550369262695312,0.033988144248723984,0.12055565416812897,0.028589271008968353,0.947112462006079,0.8642578125,0.9774011373519897,0.06318271160125732
exact,29,three stars,OOD shape,4,-1.6550369262695312,0.04760558530688286,0.16876059770584106,0.04726673290133476,0.9312766059214617,0.845703125,0.9561200737953186,0.061954841017723083
exact,29,three stars,OOD shape,5,-1.6550369262695312,0.01912124641239643,0.06575386226177216,0.02262151800096035,0.9679457808323788,0.8994140625,0.9934853911399841,0.061860717833042145
exact,29,three stars,OOD shape,6,-1.6550369262695312,0.03577844053506851,0.13245409727096558,0.03525472804903984,0.9452818961670055,0.884765625,0.9646798968315125,0.06111389398574829
exact,29,three stars,OOD shape,7,-1.6550369262695312,0.032652705907821655,0.11923843622207642,0.03412359207868576,0.9382224901212243,0.8759765625,0.9676700234413147,0.06200166046619415
exact,29,three stars,OOD shape,8,-1.6550369262695312,0.03687736764550209,0.13419702649116516,0.03998222202062607,0.9322167650141927,0.85546875,0.9668949246406555,0.06452880799770355
exact,29,three stars,OOD shape,9,-1.6550369262695312,0.026328373700380325,0.09609697759151459,0.019069520756602287,0.9582495048269624,0.8955078125,0.9792802333831787,0.06238805502653122
exact,29,three stars,OOD shape,10,-1.6550369262695312,0.0368218719959259,0.12589937448501587,0.03494437411427498,0.9510708512931034,0.8525390625,0.9759450554847717,0.06270107626914978
exact,29,three stars,OOD shape,11,-1.6550369262695312,0.028770985081791878,0.09686702489852905,0.027501864358782768,0.9629897528631706,0.8759765625,0.9843924641609192,0.06329835951328278
exact,29,three stars,OOD shape,12,-1.6550369262695312,0.029975535348057747,0.10772833228111267,0.029477227479219437,0.950853928069118,0.8720703125,0.9776036143302917,0.06314785033464432
exact,29,three stars,OOD shape,13,-1.6550369262695312,0.026547327637672424,0.09075622260570526,0.028484385460615158,0.9567235699311172,0.87109375,0.9887892603874207,0.06370963901281357
exact,29,three stars,OOD shape,14,-1.6550369262695312,0.02176876738667488,0.07820931822061539,0.02579055353999138,0.9642500178482187,0.88671875,0.9911893606185913,0.061776045709848404
exact,29,three stars,OOD shape,15,-1.6550369262695312,0.028909722343087196,0.10243085771799088,0.02783489041030407,0.951752722163681,0.8759765625,0.9777035117149353,0.06309165060520172
foundation,29,three stars,OOD shape,16,-1.6566933393478394,0.03885810077190399,0.14008384943008423,0.039381831884384155,0.9372613449662909,0.8662109375,0.9661780595779419,0.06391832232475281
foundation,29,three stars,OOD shape,17,-1.6566933393478394,0.03977327048778534,0.1473926603794098,0.03720269724726677,0.9387115070229872,0.869140625,0.9617977738380432,0.06330044567584991
foundation,29,three stars,OOD shape,18,-1.6566933393478394,0.0324370376765728,0.11183615028858185,0.02627234347164631,0.9536727456940223,0.8564453125,0.9828962087631226,0.06388331949710846
foundation,29,three stars,OOD shape,19,-1.6566933393478394,0.040388740599155426,0.1481521874666214,0.04283494874835014,0.9338718208665757,0.86328125,0.9615384936332703,0.062145475298166275
foundation,29,three stars,OOD shape,20,-1.6566933393478394,0.022282734513282776,0.07921333611011505,0.02367931790649891,0.9597845336481701,0.888671875,0.9890110492706299,0.06294988095760345
foundation,29,three stars,OOD shape,21,-1.6566933393478394,0.02955947257578373,0.10202687233686447,0.02914666198194027,0.9586096041792245,0.876953125,0.9821826815605164,0.06251609325408936
foundation,29,three stars,OOD shape,22,-1.6566933393478394,0.041113097220659256,0.1466999053955078,0.04578806459903717,0.9379120411722174,0.861328125,0.9625850319862366,0.06306366622447968
foundation,29,three stars,OOD shape,23,-1.6566933393478394,0.03234555572271347,0.10684704035520554,0.038022372871637344,0.954539093114387,0.85546875,0.9828766584396362,0.06530074775218964
foundation,29,three stars,OOD shape,24,-1.6566933393478394,0.03211735934019089,0.10874436795711517,0.033503733575344086,0.9537179728121281,0.861328125,0.9829931855201721,0.0626005306839943
foundation,29,three stars,OOD shape,25,-1.6566933393478394,0.028658023104071617,0.10732101649045944,0.021622806787490845,0.9489692788962862,0.8974609375,0.9749727845191956,0.0628223642706871
foundation,29,three stars,OOD shape,26,-1.6566933393478394,0.037072911858558655,0.14245957136154175,0.031045202165842056,0.9295654792296715,0.8818359375,0.961240291595459,0.062041059136390686
foundation,29,three stars,OOD shape,27,-1.6566933393478394,0.034460172057151794,0.12355311214923859,0.038405127823352814,0.9319175593560107,0.857421875,0.9738041162490845,0.06415370851755142
foundation,29,three stars,OOD shape,28,-1.6566933393478394,0.04295162111520767,0.16427816450595856,0.04209444671869278,0.9311221479677761,0.8779296875,0.9488319754600525,0.06257032603025436
foundation,29,three stars,OOD shape,29,-1.6566933393478394,0.01690298691391945,0.06086059659719467,0.02481929212808609,0.9618885484054023,0.8984375,0.9923912882804871,0.0625937283039093
foundation,29,three stars,OOD shape,30,-1.6566933393478394,0.03422194719314575,0.11560125648975372,0.03606900945305824,0.950095991896635,0.8583984375,0.9806597828865051,0.06330572068691254
foundation,29,three stars,OOD shape,31,-1.6566933393478394,0.031808070838451385,0.11545993387699127,0.031511034816503525,0.9443458686440679,0.87890625,0.9733333587646484,0.062463466078042984
exact,29,three stars,OOD shape,16,-1.6550369262695312,0.03874172270298004,0.13937494158744812,0.039187029004096985,0.9398459949712643,0.8662109375,0.9661780595779419,0.06388731300830841
exact,29,three stars,OOD shape,17,-1.6550369262695312,0.03955954313278198,0.14614760875701904,0.03618665412068367,0.9402128582390819,0.8681640625,0.9617547988891602,0.06326151639223099
exact,29,three stars,OOD shape,18,-1.6550369262695312,0.032364536076784134,0.1115885078907013,0.026029793545603752,0.9556850216124788,0.857421875,0.9829157590866089,0.06389403343200684
exact,29,three stars,OOD shape,19,-1.6550369262695312,0.04028736799955368,0.14768105745315552,0.04256395995616913,0.9344778948296382,0.8642578125,0.9615819454193115,0.062147852033376694
exact,29,three stars,OOD shape,20,-1.6550369262695312,0.022069327533245087,0.07862187176942825,0.023049406707286835,0.9617399645808736,0.888671875,0.9890110492706299,0.06293929368257523
exact,29,three stars,OOD shape,21,-1.6550369262695312,0.029298385605216026,0.10109502077102661,0.02856333926320076,0.9601902082914742,0.876953125,0.9821826815605164,0.06251971423625946
exact,29,three stars,OOD shape,22,-1.6550369262695312,0.04080110043287277,0.14529752731323242,0.04524382948875427,0.9377085054117547,0.8603515625,0.963677704334259,0.0630527138710022
exact,29,three stars,OOD shape,23,-1.6550369262695312,0.03216951712965965,0.10625350475311279,0.03771589696407318,0.9553321515208061,0.8544921875,0.9851428270339966,0.06528643518686295
exact,29,three stars,OOD shape,24,-1.6550369262695312,0.03180966153740883,0.10764836519956589,0.0314425528049469,0.953951367781155,0.8603515625,0.9841090440750122,0.06258414685726166
exact,29,three stars,OOD shape,25,-1.6550369262695312,0.02854536473751068,0.10681656002998352,0.021901030093431473,0.94983556589396,0.8974609375,0.9749727845191956,0.06282505393028259
exact,29,three stars,OOD shape,26,-1.6550369262695312,0.03702957183122635,0.14215421676635742,0.029665540903806686,0.9302331670659701,0.8828125,0.9612832069396973,0.06205100566148758
exact,29,three stars,OOD shape,27,-1.6550369262695312,0.034252654761075974,0.12260189652442932,0.03810722380876541,0.9330201090020673,0.8583984375,0.9738338589668274,0.06410607695579529
exact,29,three stars,OOD shape,28,-1.6550369262695312,0.0427386648952961,0.16309113800525665,0.0415593758225441,0.9322699333855379,0.8779296875,0.9488319754600525,0.06259088218212128
exact,29,three stars,OOD shape,29,-1.6550369262695312,0.01669936440885067,0.06040402501821518,0.02489902265369892,0.9634774713426398,0.900390625,0.9924077987670898,0.06259158253669739
exact,29,three stars,OOD shape,30,-1.6550369262695312,0.033896565437316895,0.11446624994277954,0.03537747636437416,0.9500713775874375,0.8564453125,0.9806157350540161,0.06331358850002289
exact,29,three stars,OOD shape,31,-1.6550369262695312,0.03155995532870293,0.11441397666931152,0.030948873609304428,0.9443037974683545,0.8798828125,0.9733629822731018,0.062418725341558456
foundation,29,three stars,OOD shape,32,-1.6566933393478394,0.027048638090491295,0.09260351955890656,0.031201966106891632,0.9509960675856705,0.8681640625,0.9842520356178284,0.06248457357287407
foundation,29,three stars,OOD shape,33,-1.6566933393478394,0.03079533949494362,0.10152905434370041,0.03303197771310806,0.9486731068176771,0.869140625,0.9887640476226807,0.0635533332824707
foundation,29,three stars,OOD shape,34,-1.6566933393478394,0.026039212942123413,0.09114858508110046,0.02387942373752594,0.9629782894639611,0.8876953125,0.9823982119560242,0.06164954602718353
foundation,29,three stars,OOD shape,35,-1.6566933393478394,0.02943623811006546,0.10322577506303787,0.02119000256061554,0.9580542471515203,0.8818359375,0.9844961166381836,0.06262128055095673
foundation,29,three stars,OOD shape,36,-1.6566933393478394,0.03942124918103218,0.14633092284202576,0.036850590258836746,0.9447402597402598,0.869140625,0.9617977738380432,0.06284059584140778
foundation,29,three stars,OOD shape,37,-1.6566933393478394,0.0341951809823513,0.11861316114664078,0.029978077858686447,0.9490571947628892,0.8681640625,0.9797526001930237,0.061483755707740784
foundation,29,three stars,OOD shape,38,-1.6566933393478394,0.02767423912882805,0.09686759114265442,0.028605911880731583,0.9612202975793915,0.8916015625,0.9802848100662231,0.06292936205863953
foundation,29,three stars,OOD shape,39,-1.6566933393478394,0.028118450194597244,0.09780863672494888,0.030741091817617416,0.9398470247612463,0.845703125,0.986143171787262,0.06284026801586151
foundation,29,three stars,OOD shape,40,-1.6566933393478394,0.03083731047809124,0.11152151972055435,0.028585951775312424,0.9488930181640091,0.8798828125,0.9766926169395447,0.06271670758724213
foundation,29,three stars,OOD shape,41,-1.6566933393478394,0.02857503481209278,0.10197286307811737,0.02838807739317417,0.9535918534080299,0.888671875,0.9769231081008911,0.06310498714447021
foundation,29,three stars,OOD shape,42,-1.6566933393478394,0.02579830028116703,0.09128297120332718,0.020077334716916084,0.9582183128245916,0.880859375,0.9889135360717773,0.06177452579140663
foundation,29,three stars,OOD shape,43,-1.6566933393478394,0.022191744297742844,0.07819346338510513,0.017453016713261604,0.9558517770048384,0.8876953125,0.9900990128517151,0.06147123873233795
foundation,29,three stars,OOD shape,44,-1.6566933393478394,0.013795536011457443,0.04944358766078949,0.020462868735194206,0.9785423334303172,0.908203125,0.9956989288330078,0.06277699768543243
foundation,29,three stars,OOD shape,45,-1.6566933393478394,0.034524355083703995,0.127462238073349,0.03158828616142273,0.9384029827559422,0.8818359375,0.9689922332763672,0.0643739253282547
foundation,29,three stars,OOD shape,46,-1.6566933393478394,0.03156134858727455,0.11725164204835892,0.03454231470823288,0.9445716837359377,0.89453125,0.9694323539733887,0.0617455393075943
foundation,29,three stars,OOD shape,47,-1.6566933393478394,0.03578803315758705,0.13811177015304565,0.031184740364551544,0.9390324214792299,0.8896484375,0.9604830145835876,0.06130896508693695
exact,29,three stars,OOD shape,32,-1.6550369262695312,0.026928778737783432,0.09222334623336792,0.03095310926437378,0.9499445611577966,0.8681640625,0.9842520356178284,0.06244158744812012
exact,29,three stars,OOD shape,33,-1.6550369262695312,0.030697854235768318,0.10116227716207504,0.03277406096458435,0.9511924189854497,0.869140625,0.9887640476226807,0.06352460384368896
exact,29,three stars,OOD shape,34,-1.6550369262695312,0.02575446106493473,0.09026328474283218,0.023259300738573074,0.9627283617849656,0.888671875,0.982417643070221,0.061626896262168884
exact,29,three stars,OOD shape,35,-1.6550369262695312,0.029207462444901466,0.10239911824464798,0.02026781067252159,0.9597107586822811,0.8818359375,0.9856035709381104,0.06259561330080032
exact,29,three stars,OOD shape,36,-1.6550369262695312,0.03918623551726341,0.14526130259037018,0.03839109465479851,0.9442096642096642,0.869140625,0.9629213809967041,0.06287525594234467
exact,29,three stars,OOD shape,37,-1.6550369262695312,0.03390364348888397,0.11753349751234055,0.02914058230817318,0.9491388044579534,0.8681640625,0.9808774590492249,0.06146548315882683
exact,29,three stars,OOD shape,38,-1.6550369262695312,0.027435168623924255,0.09604314714670181,0.028056524693965912,0.9623861869864534,0.8916015625,0.9802848100662231,0.06291262805461884
exact,29,three stars,OOD shape,39,-1.6550369262695312,0.027849307283759117,0.09700573235750198,0.030326567590236664,0.941705198565317,0.845703125,0.986143171787262,0.06282433867454529
exact,29,three stars,OOD shape,40,-1.6550369262695312,0.030843855813145638,0.1114269271492958,0.02823266014456749,0.9473330999066293,0.880859375,0.9767183661460876,0.06269355118274689
exact,29,three stars,OOD shape,41,-1.6550369262695312,0.02844623476266861,0.10136674344539642,0.028023935854434967,0.9544672035480859,0.8876953125,0.976897656917572,0.06313251703977585
exact,29,three stars,OOD shape,42,-1.6550369262695312,0.025684664025902748,0.09096499532461166,0.019608965143561363,0.9607125276888998,0.880859375,0.9889135360717773,0.061745256185531616
exact,29,three stars,OOD shape,43,-1.6550369262695312,0.022078372538089752,0.07782474905252457,0.017174294218420982,0.9569399374307755,0.88671875,0.9911893606185913,0.06145819276571274
exact,29,three stars,OOD shape,44,-1.6550369262695312,0.013604164123535156,0.049079328775405884,0.02138243429362774,0.9765752032520325,0.9091796875,0.9957035779953003,0.06276220828294754
exact,29,three stars,OOD shape,45,-1.6550369262695312,0.03438429534435272,0.1268012970685959,0.031145930290222168,0.9393739319558801,0.880859375,0.9689578413963318,0.06440082937479019
exact,29,three stars,OOD shape,46,-1.6550369262695312,0.03134213015437126,0.11627248674631119,0.03337835520505905,0.9446486928104575,0.8935546875,0.9704918265342712,0.06172370910644531
exact,29,three stars,OOD shape,47,-1.6550369262695312,0.03564600646495819,0.13710932433605194,0.03078620508313179,0.9392340883192707,0.890625,0.9616228342056274,0.06130357086658478
foundation,29,three stars,OOD shape,48,-1.6566933393478394,0.0333835743367672,0.11795239895582199,0.03195157274603844,0.9449974670719352,0.865234375,0.9762979745864868,0.061839766800403595
foundation,29,three stars,OOD shape,49,-1.6566933393478394,0.027056727558374405,0.0983886867761612,0.022499335929751396,0.956513926325247,0.8818359375,0.9833887219429016,0.06387823820114136
foundation,29,three stars,OOD shape,50,-1.6566933393478394,0.0320422537624836,0.1139015257358551,0.030076604336500168,0.9494474583082179,0.880859375,0.9756097197532654,0.06186210364103317
foundation,29,three stars,OOD shape,51,-1.6566933393478394,0.01989140175282955,0.07093820720911026,0.018607160076498985,0.972263868065967,0.89453125,0.9923580884933472,0.0617498978972435
foundation,29,three stars,OOD shape,52,-1.6566933393478394,0.02756514959037304,0.103987917304039,0.0268123559653759,0.9518982279104111,0.890625,0.9769737124443054,0.06197376549243927
foundation,29,three stars,OOD shape,53,-1.6566933393478394,0.030955523252487183,0.10934598743915558,0.03012290969491005,0.9529048120828942,0.8779296875,0.9777530431747437,0.06257309764623642
foundation,29,three stars,OOD shape,54,-1.6566933393478394,0.02989763580262661,0.11031126976013184,0.02899075485765934,0.9482165142144023,0.876953125,0.9766147136688232,0.06326322257518768
foundation,29,three stars,OOD shape,55,-1.6566933393478394,0.019092200323939323,0.07009667158126831,0.027150403708219528,0.9577595758151314,0.8759765625,0.9933110475540161,0.06327571719884872
foundation,29,three stars,OOD shape,56,-1.6566933393478394,0.021336466073989868,0.07376477867364883,0.023627150803804398,0.9687622355004,0.8916015625,0.9901424050331116,0.06255597621202469
foundation,29,three stars,OOD shape,57,-1.6566933393478394,0.023621337488293648,0.08128222823143005,0.02553589642047882,0.9606512890094979,0.873046875,0.9888142943382263,0.06430868804454803
foundation,29,three stars,OOD shape,58,-1.6566933393478394,0.030301742255687714,0.10462182760238647,0.03278922662138939,0.9443565400843882,0.865234375,0.9785553216934204,0.06409615278244019
foundation,29,three stars,OOD shape,59,-1.6566933393478394,0.034841910004615784,0.12129072099924088,0.033695317804813385,0.945033966380721,0.8642578125,0.9785311222076416,0.06243211403489113
foundation,29,three stars,OOD shape,60,-1.6566933393478394,0.028536677360534668,0.10474184155464172,0.022131584584712982,0.952470799640611,0.8876953125,0.9779977798461914,0.060279496014118195
foundation,29,three stars,OOD shape,61,-1.6566933393478394,0.0307437963783741,0.10479781031608582,0.03446826711297035,0.953929539295393,0.8818359375,0.9767441749572754,0.06159411370754242
foundation,29,three stars,OOD shape,62,-1.6566933393478394,0.033787261694669724,0.11472067981958389,0.03603460639715195,0.9529914529914529,0.87109375,0.9798206686973572,0.06326380372047424
foundation,29,three stars,OOD shape,63,-1.6566933393478394,0.029811780899763107,0.10173746943473816,0.0297173373401165,0.9558072396180325,0.876953125,0.9810690879821777,0.0618213415145874
exact,29,three stars,OOD shape,48,-1.6550369262695312,0.03314698114991188,0.11695259809494019,0.031306229531764984,0.9449572999756732,0.8642578125,0.9762712121009827,0.06180712953209877
exact,29,three stars,OOD shape,49,-1.6550369262695312,0.026834987103939056,0.0976775661110878,0.023952871561050415,0.9581910751722074,0.8818359375,0.9833887219429016,0.06388895213603973
exact,29,three stars,OOD shape,50,-1.6550369262695312,0.03189060464501381,0.11324511468410492,0.02956891804933548,0.9521583686440679,0.8828125,0.9756637215614319,0.06187494099140167
exact,29,three stars,OOD shape,51,-1.6550369262695312,0.019641637802124023,0.07032115757465363,0.02044527418911457,0.9720785935884177,0.8935546875,0.9923497438430786,0.06173103302717209
exact,29,three stars,OOD shape,52,-1.6550369262695312,0.027374545112252235,0.10321615636348724,0.02454836294054985,0.9516679923267674,0.892578125,0.9770240783691406,0.061964262276887894
exact,29,three stars,OOD shape,53,-1.6550369262695312,0.0307505764067173,0.10843740403652191,0.02961144596338272,0.9528591749644381,0.880859375,0.9778270721435547,0.06256019324064255
exact,29,three stars,OOD shape,54,-1.6550369262695312,0.029676470905542374,0.10940728336572647,0.02848970890045166,0.9478819675771707,0.87890625,0.9766666889190674,0.06320621818304062
exact,29,three stars,OOD shape,55,-1.6550369262695312,0.018830906599760056,0.06954633444547653,0.025232747197151184,0.9523779030054644,0.8779296875,0.9933258891105652,0.06328333169221878
exact,29,three stars,OOD shape,56,-1.6550369262695312,0.021132690832018852,0.07324650883674622,0.023524506017565727,0.9699283318863524,0.8916015625,0.9923329949378967,0.06251774728298187
exact,29,three stars,OOD shape,57,-1.6550369262695312,0.023361975327134132,0.08058086782693863,0.024869125336408615,0.9625384051529188,0.875,0.988839328289032,0.0643342137336731
exact,29,three stars,OOD shape,58,-1.6550369262695312,0.030116194859147072,0.1039576306939125,0.03240276500582695,0.9455224294914502,0.865234375,0.9785553216934204,0.06408221274614334
exact,29,three stars,OOD shape,59,-1.6550369262695312,0.03467462211847305,0.12059283256530762,0.033335521817207336,0.9462984082907719,0.8671875,0.9786036014556885,0.06242970749735832
exact,29,three stars,OOD shape,60,-1.6550369262695312,0.028369342908263206,0.10410995781421661,0.021619029343128204,0.9500061530888506,0.8876953125,0.9779977798461914,0.06022794917225838
exact,29,three stars,OOD shape,61,-1.6550369262695312,0.030546223744750023,0.1039375588297844,0.03405784070491791,0.9553041907230666,0.8798828125,0.9778024554252625,0.06159575656056404
exact,29,three stars,OOD shape,62,-1.6550369262695312,0.03355677053332329,0.11389099061489105,0.035623952746391296,0.9539262820512819,0.87109375,0.9798206686973572,0.06325200200080872
exact,29,three stars,OOD shape,63,-1.6550369262695312,0.029520563781261444,0.10068745166063309,0.029010239988565445,0.9571952031978681,0.8798828125,0.9811320900917053,0.06182017922401428
foundation,29,two crescents,OOD shape,0,-1.6566933393478394,0.02718803472816944,0.10076500475406647,0.033323876559734344,0.9420953844789619,0.888671875,0.9769231081008911,0.06791388988494873
foundation,29,two crescents,OOD shape,1,-1.6566933393478394,0.01639104075729847,0.058214735239744186,0.02182720974087715,0.9555745205414503,0.9111328125,0.9871382117271423,0.06684356927871704
foundation,29,two crescents,OOD shape,2,-1.6566933393478394,0.027659879997372627,0.09948097914457321,0.03535837680101395,0.9369747899159663,0.875,0.9765625596046448,0.0700618326663971
foundation,29,two crescents,OOD shape,3,-1.6566933393478394,0.02568831481039524,0.09540039300918579,0.029670128598809242,0.9510659834250649,0.900390625,0.9761388301849365,0.06639405339956284
foundation,29,two crescents,OOD shape,4,-1.6566933393478394,0.019421909004449844,0.07366462796926498,0.02178773656487465,0.9583660802450477,0.9189453125,0.9798086881637573,0.0667913630604744
foundation,29,two crescents,OOD shape,5,-1.6566933393478394,0.01972135528922081,0.07107985764741898,0.02597728930413723,0.9470299049802771,0.8876953125,0.9812981486320496,0.06666909158229828
foundation,29,two crescents,OOD shape,6,-1.6566933393478394,0.024567726999521255,0.09365248680114746,0.027546176686882973,0.942005901683321,0.89453125,0.9748908281326294,0.06601670384407043
foundation,29,two crescents,OOD shape,7,-1.6566933393478394,0.020727232098579407,0.07861876487731934,0.021968763321638107,0.9597776194998417,0.92578125,0.9789029359817505,0.06541619449853897
foundation,29,two crescents,OOD shape,8,-1.6566933393478394,0.02835119143128395,0.11152726411819458,0.03317975997924805,0.946652719665272,0.916015625,0.9658848643302917,0.06474274396896362
foundation,29,two crescents,OOD shape,9,-1.6566933393478394,0.0206818375736475,0.07668633759021759,0.025079116225242615,0.9500417775877815,0.90625,0.9795258641242981,0.06694236397743225
foundation,29,two crescents,OOD shape,10,-1.6566933393478394,0.027492571622133255,0.1074739322066307,0.033735815435647964,0.9366490431853273,0.90625,0.9698275923728943,0.06670106947422028
foundation,29,two crescents,OOD shape,11,-1.6566933393478394,0.015042368322610855,0.053896620869636536,0.02104979194700718,0.9553147124430221,0.8916015625,0.989047110080719,0.06788229942321777
foundation,29,two crescents,OOD shape,12,-1.6566933393478394,0.020314978435635567,0.07634767889976501,0.023090636357665062,0.9659630359320762,0.92578125,0.9789029359817505,0.0654359832406044
foundation,29,two crescents,OOD shape,13,-1.6566933393478394,0.025567753240466118,0.0901557207107544,0.03713740408420563,0.9203991902321755,0.853515625,0.980549156665802,0.0689186379313469
foundation,29,two crescents,OOD shape,14,-1.6566933393478394,0.02514091320335865,0.08888505399227142,0.03100862354040146,0.9396786233946985,0.865234375,0.9819413423538208,0.06761245429515839
foundation,29,two crescents,OOD shape,15,-1.6566933393478394,0.01613960601389408,0.057135555893182755,0.021234717220067978,0.9588241970264443,0.90234375,0.9891774654388428,0.0670764297246933
exact,29,two crescents,OOD shape,0,-1.6550369262695312,0.026926416903734207,0.09958504140377045,0.03285448998212814,0.9424977538185086,0.888671875,0.9769231081008911,0.06789343059062958
exact,29,two crescents,OOD shape,1,-1.6550369262695312,0.01617666892707348,0.057433631271123886,0.021413274109363556,0.957731787686983,0.912109375,0.9882226586341858,0.06683656573295593
exact,29,two crescents,OOD shape,2,-1.6550369262695312,0.027398064732551575,0.09830401837825775,0.034916505217552185,0.9374695180527023,0.875,0.9765625596046448,0.07005831599235535
exact,29,two crescents,OOD shape,3,-1.6550369262695312,0.025481410324573517,0.09444652497768402,0.02928270772099495,0.9522363509837414,0.9033203125,0.9762162566184998,0.06637871265411377
exact,29,two crescents,OOD shape,4,-1.6550369262695312,0.019239764660596848,0.07287248224020004,0.02136377990245819,0.9582340862422999,0.9189453125,0.9798086881637573,0.06679306924343109
exact,29,two crescents,OOD shape,5,-1.6550369262695312,0.019486205652356148,0.07019463926553726,0.02550683543086052,0.9492450887045062,0.888671875,0.9813187122344971,0.06663181632757187
exact,29,two crescents,OOD shape,6,-1.6550369262695312,0.02440059930086136,0.09288851916790009,0.027143385261297226,0.9417632739219992,0.89453125,0.9759825468063354,0.06602142751216888
exact,29,two crescents,OOD shape,7,-1.6550369262695312,0.02055477723479271,0.07779229432344437,0.021550845354795456,0.9614395378284266,0.92578125,0.9799577593803406,0.06542021036148071
exact,29,two crescents,OOD shape,8,-1.6550369262695312,0.028120670467615128,0.11028774827718735,0.032807834446430206,0.9479602510460252,0.9140625,0.9679487943649292,0.06475555896759033
exact,29,two crescents,OOD shape,9,-1.6550369262695312,0.020482836291193962,0.07577575743198395,0.02466762065887451,0.9518294697161067,0.908203125,0.9795699119567871,0.06692767143249512
exact,29,two crescents,OOD shape,10,-1.6550369262695312,0.027274271473288536,0.10622743517160416,0.033399395644664764,0.9367843360536472,0.90625,0.9709051847457886,0.0667014867067337
exact,29,two crescents,OOD shape,11,-1.6550369262695312,0.01482178084552288,0.05309809744358063,0.020577315241098404,0.9572543885171176,0.892578125,0.9901531934738159,0.06787073612213135
exact,29,two crescents,OOD shape,12,-1.6550369262695312,0.020132066681981087,0.07550092786550522,0.022708633914589882,0.9672201895112111,0.92578125,0.9799577593803406,0.06542512774467468
exact,29,two crescents,OOD shape,13,-1.6550369262695312,0.02521735243499279,0.08882360905408859,0.036546170711517334,0.9196451822916667,0.8544921875,0.9817142486572266,0.06890685111284256
exact,29,two crescents,OOD shape,14,-1.6550369262695312,0.02484990283846855,0.08781884610652924,0.03042105957865715,0.942209147845891,0.8662109375,0.983089029788971,0.06761446595191956
exact,29,two crescents,OOD shape,15,-1.6550369262695312,0.01592724584043026,0.05637465417385101,0.020770443603396416,0.9608670979457496,0.904296875,0.9902807474136353,0.06705693155527115
foundation,29,two crescents,OOD shape,16,-1.6566933393478394,0.021910419687628746,0.08280115574598312,0.024270586669445038,0.9635738831615119,0.9296875,0.9779412150382996,0.0644541084766388
foundation,29,two crescents,OOD shape,17,-1.6566933393478394,0.01806235872209072,0.06515119969844818,0.02249353751540184,0.9491760587431695,0.884765625,0.9856511950492859,0.06721542775630951
foundation,29,two crescents,OOD shape,18,-1.6566933393478394,0.027918092906475067,0.10133019834756851,0.03506290540099144,0.94,0.875,0.9754464626312256,0.0677998885512352
foundation,29,two crescents,OOD shape,19,-1.6566933393478394,0.01464152242988348,0.05156682804226875,0.019666528329253197,0.9600609756097561,0.90625,0.9903017282485962,0.06744803488254547
foundation,29,two crescents,OOD shape,20,-1.6566933393478394,0.020939823240041733,0.08460536599159241,0.020519815385341644,0.9610205390280395,0.93359375,0.9780334234237671,0.06446558237075806
foundation,29,two crescents,OOD shape,21,-1.6566933393478394,0.027027469128370285,0.10277875512838364,0.030276767909526825,0.9528058085158749,0.9140625,0.9711539149284363,0.06663091480731964
foundation,29,two crescents,OOD shape,22,-1.6566933393478394,0.028391879051923752,0.10292574018239975,0.03194476664066315,0.951439268229131,0.876953125,0.9788419008255005,0.06741279363632202
foundation,29,two crescents,OOD shape,23,-1.6566933393478394,0.028117189183831215,0.10668563842773438,0.03278939053416252,0.9500569087184156,0.9111328125,0.9689174294471741,0.06605782359838486
foundation,29,two crescents,OOD shape,24,-1.6566933393478394,0.024871209636330605,0.09291566908359528,0.030106114223599434,0.9483773011956728,0.900390625,0.9761388301849365,0.06504656374454498
foundation,29,two crescents,OOD shape,25,-1.6566933393478394,0.03526685759425163,0.12888485193252563,0.04612977057695389,0.9230423850574713,0.8310546875,0.9647473096847534,0.06767938286066055
foundation,29,two crescents,OOD shape,26,-1.6566933393478394,0.019143709912896156,0.06758971512317657,0.02493661642074585,0.9541478439425051,0.9013671875,0.98591548204422,0.06819029152393341
foundation,29,two crescents,OOD shape,27,-1.6566933393478394,0.023040996864438057,0.09069208800792694,0.02371124178171158,0.9565437658316915,0.9296875,0.9779412150382996,0.06451907753944397
foundation,29,two crescents,OOD shape,28,-1.6566933393478394,0.01615263521671295,0.05941504240036011,0.02287422865629196,0.9445985349548396,0.8935546875,0.9846994876861572,0.06845347583293915
foundation,29,two crescents,OOD shape,29,-1.6566933393478394,0.020281145349144936,0.07331333309412003,0.023759989067912102,0.9611176962089268,0.9150390625,0.9797224998474121,0.0678505226969719
foundation,29,two crescents,OOD shape,30,-1.6566933393478394,0.026462987065315247,0.10577753186225891,0.028146034106612206,0.9337890624999999,0.9130859375,0.9679144620895386,0.06588295102119446
foundation,29,two crescents,OOD shape,31,-1.6566933393478394,0.02363678440451622,0.0860496535897255,0.029029550030827522,0.9484719659902142,0.8828125,0.980088472366333,0.0663982629776001
exact,29,two crescents,OOD shape,16,-1.6550369262695312,0.021750662475824356,0.08199602365493774,0.023948051035404205,0.9647193585337915,0.9296875,0.9789916276931763,0.06444734334945679
exact,29,two crescents,OOD shape,17,-1.6550369262695312,0.017833586782217026,0.0644359439611435,0.02192668244242668,0.9513746584699454,0.88671875,0.9856827855110168,0.0671793669462204
exact,29,two crescents,OOD shape,18,-1.6550369262695312,0.027590878307819366,0.10003809630870819,0.034496087580919266,0.940495224925457,0.875,0.9765625596046448,0.06774858385324478
exact,29,two crescents,OOD shape,19,-1.6550369262695312,0.014455842785537243,0.050876107066869736,0.019243678078055382,0.9598854614083041,0.908203125,0.9903225898742676,0.0674515813589096
exact,29,two crescents,OOD shape,20,-1.6550369262695312,0.02078826352953911,0.08388280868530273,0.020095527172088623,0.9623613081242834,0.93359375,0.9780334234237671,0.06443358957767487
exact,29,two crescents,OOD shape,21,-1.6550369262695312,0.0267943125218153,0.10163510590791702,0.029817014932632446,0.9526973284049969,0.9140625,0.9711539149284363,0.06662202626466751
exact,29,two crescents,OOD shape,22,-1.6550369262695312,0.028040744364261627,0.10152991861104965,0.03130849823355675,0.9516572285143239,0.8779296875,0.9799777269363403,0.06738614290952682
exact,29,two crescents,OOD shape,23,-1.6550369262695312,0.027887100353837013,0.10551251471042633,0.03238730877637863,0.9516655284922984,0.91015625,0.9699570536613464,0.066012904047966
exact,29,two crescents,OOD shape,24,-1.6550369262695312,0.024787994101643562,0.09237140417098999,0.029938161373138428,0.9507478282568349,0.8974609375,0.9771490693092346,0.06505683064460754
exact,29,two crescents,OOD shape,25,-1.6550369262695312,0.03515123203396797,0.1282745599746704,0.04601064696907997,0.9251103771171831,0.8310546875,0.9647473096847534,0.06771458685398102
exact,29,two crescents,OOD shape,26,-1.6550369262695312,0.018929416313767433,0.06666134297847748,0.02453525923192501,0.9522925204918032,0.90625,0.985991358757019,0.06817299127578735
exact,29,two crescents,OOD shape,27,-1.6550369262695312,0.022885268554091454,0.08992976695299149,0.023318231105804443,0.9559564719358534,0.9296875,0.9779412150382996,0.06452681124210358
exact,29,two crescents,OOD shape,28,-1.6550369262695312,0.0159448254853487,0.05858651548624039,0.02243812009692192,0.9443797885753079,0.89453125,0.9847161769866943,0.06845026463270187
exact,29,two crescents,OOD shape,29,-1.6550369262695312,0.020097453147172928,0.0724935382604599,0.023383986204862595,0.9628082311563648,0.91796875,0.9797872304916382,0.06785132735967636
exact,29,two crescents,OOD shape,30,-1.6550369262695312,0.02630174346268177,0.10489049553871155,0.02773221582174301,0.9355305989583333,0.912109375,0.9689507484436035,0.06587526202201843
exact,29,two crescents,OOD shape,31,-1.6550369262695312,0.023386992514133453,0.08513650298118591,0.02854980155825615,0.9500441164674742,0.8837890625,0.9812154173851013,0.06639046967029572
foundation,29,two crescents,OOD shape,32,-1.6566933393478394,0.016764415428042412,0.06081289425492287,0.02219487726688385,0.950139146567718,0.900390625,0.990238606929779,0.0671011358499527
foundation,29,two crescents,OOD shape,33,-1.6566933393478394,0.02525627613067627,0.08977777510881424,0.02960037626326084,0.9609944010355745,0.9052734375,0.9773462414741516,0.06612344086170197
foundation,29,two crescents,OOD shape,34,-1.6566933393478394,0.020138319581747055,0.07900604605674744,0.021476879715919495,0.9628336755646817,0.939453125,0.9771310091018677,0.06510801613330841
foundation,29,two crescents,OOD shape,35,-1.6566933393478394,0.02311708778142929,0.08468067646026611,0.025029119104146957,0.9653139091224419,0.9140625,0.9797009229660034,0.06439821422100067
foundation,29,two crescents,OOD shape,36,-1.6566933393478394,0.022743623703718185,0.08295675367116928,0.026572532951831818,0.9489107883817427,0.8955078125,0.9803707599639893,0.06862086057662964
foundation,29,two crescents,OOD shape,37,-1.6566933393478394,0.02748160995543003,0.10064971446990967,0.03204243630170822,0.9540960347605043,0.908203125,0.9720430374145508,0.06610875576734543
foundation,29,two crescents,OOD shape,38,-1.6566933393478394,0.02694769576191902,0.1085684597492218,0.030902884900569916,0.9359777313848295,0.908203125,0.9655914306640625,0.06675799190998077
foundation,29,two crescents,OOD shape,39,-1.6566933393478394,0.032916195690631866,0.12549975514411926,0.03777473792433739,0.9423995114368199,0.90234375,0.963203489780426,0.06638708710670471
foundation,29,two crescents,OOD shape,40,-1.6566933393478394,0.02523387223482132,0.09897155314683914,0.02706221118569374,0.9578666756086112,0.923828125,0.9725158214569092,0.06449772417545319
foundation,29,two crescents,OOD shape,41,-1.6566933393478394,0.023135880008339882,0.08465948700904846,0.028768178075551987,0.9497215677875348,0.9111328125,0.9774919152259827,0.06701875478029251
foundation,29,two crescents,OOD shape,42,-1.6566933393478394,0.021155687049031258,0.07876769453287125,0.02384379133582115,0.9586640397785908,0.91796875,0.9787233471870422,0.06677871942520142
foundation,29,two crescents,OOD shape,43,-1.6566933393478394,0.015794901177287102,0.05680268630385399,0.02374309115111828,0.9419794394336145,0.8701171875,0.988776683807373,0.0680733472108841
foundation,29,two crescents,OOD shape,44,-1.6566933393478394,0.031166423112154007,0.11781563609838486,0.037511903792619705,0.9391377970242061,0.8935546875,0.9672131538391113,0.06740045547485352
foundation,29,two crescents,OOD shape,45,-1.6566933393478394,0.027720846235752106,0.10409300774335861,0.0335833914577961,0.9471548367774782,0.908203125,0.9688172340393066,0.06651539355516434
foundation,29,two crescents,OOD shape,46,-1.6566933393478394,0.020155850797891617,0.08107081800699234,0.021746555343270302,0.9635960747071859,0.9365234375,0.9781022071838379,0.06544136255979538
foundation,29,two crescents,OOD shape,47,-1.6566933393478394,0.03151765465736389,0.11379043757915497,0.036688607186079025,0.9430307586293303,0.875,0.9720982313156128,0.06820891052484512
exact,29,two crescents,OOD shape,32,-1.6550369262695312,0.01657133921980858,0.060025837272405624,0.02179032564163208,0.952156771799629,0.9052734375,0.9902912378311157,0.067105233669281
exact,29,two crescents,OOD shape,33,-1.6550369262695312,0.02499815821647644,0.0886637344956398,0.029140222817659378,0.9610457392294554,0.90625,0.9773706793785095,0.0661364197731018
exact,29,two crescents,OOD shape,34,-1.6550369262695312,0.01997201144695282,0.07820842415094376,0.021099969744682312,0.9638398357289528,0.939453125,0.9781705141067505,0.0651007741689682
exact,29,two crescents,OOD shape,35,-1.6550369262695312,0.022931955754756927,0.08390726149082184,0.02461126446723938,0.9662884231042399,0.9140625,0.9797009229660034,0.06441978365182877
exact,29,two crescents,OOD shape,36,-1.6550369262695312,0.022520223632454872,0.08201153576374054,0.026062294840812683,0.947544085100307,0.8955078125,0.9803707599639893,0.06861383467912674
exact,29,two crescents,OOD shape,37,-1.6550369262695312,0.027234859764575958,0.09959650784730911,0.031561240553855896,0.9525912436451931,0.9072265625,0.973089337348938,0.06605549156665802
exact,29,two crescents,OOD shape,38,-1.6550369262695312,0.026721058413386345,0.1073668971657753,0.030449161306023598,0.938128677168343,0.9111328125,0.9657019972801208,0.0667504221200943
exact,29,two crescents,OOD shape,39,-1.6550369262695312,0.03279430791735649,0.1244456022977829,0.03834228962659836,0.9441483455474128,0.90234375,0.963203489780426,0.06637697666883469
exact,29,two crescents,OOD shape,40,-1.6550369262695312,0.025056393817067146,0.09804190695285797,0.026674430817365646,0.9590570719602978,0.923828125,0.9725158214569092,0.06448233127593994
exact,29,two crescents,OOD shape,41,-1.6550369262695312,0.02289735898375511,0.08358369022607803,0.028372030705213547,0.9498720949218963,0.912109375,0.9775160551071167,0.06699168682098389
exact,29,two crescents,OOD shape,42,-1.6550369262695312,0.02094935066998005,0.07788044959306717,0.023386383429169655,0.9584001527300496,0.9169921875,0.9808306694030762,0.06676621735095978
exact,29,two crescents,OOD shape,43,-1.6550369262695312,0.015548549592494965,0.05594130605459213,0.02318566106259823,0.9426345433342431,0.8701171875,0.988776683807373,0.06806793808937073
exact,29,two crescents,OOD shape,44,-1.6550369262695312,0.03088478185236454,0.11631700396537781,0.03707277029752731,0.9378236130867709,0.892578125,0.9682713747024536,0.06740511208772659
exact,29,two crescents,OOD shape,45,-1.6550369262695312,0.027451135218143463,0.10272180289030075,0.03316253423690796,0.947765384323545,0.9091796875,0.9688507318496704,0.06648919731378555
exact,29,two crescents,OOD shape,46,-1.6550369262695312,0.020001504570245743,0.08027333766222,0.02139079011976719,0.9650007913896802,0.9365234375,0.9781022071838379,0.06542962044477463
exact,29,two crescents,OOD shape,47,-1.6550369262695312,0.03123597986996174,0.11268646270036697,0.03614688292145729,0.9397752576251877,0.875,0.9720982313156128,0.06823235750198364
foundation,29,two crescents,OOD shape,48,-1.6566933393478394,0.02567923627793789,0.1030820980668068,0.028795883059501648,0.9484563800847726,0.9169921875,0.9701810479164124,0.06531402468681335
foundation,29,two crescents,OOD shape,49,-1.6566933393478394,0.02141612209379673,0.0794193297624588,0.027868211269378662,0.9264032073310424,0.873046875,0.9832214713096619,0.06728191673755646
foundation,29,two crescents,OOD shape,50,-1.6566933393478394,0.02492814138531685,0.09017349779605865,0.03308983892202377,0.9410545960650344,0.880859375,0.978935718536377,0.06676230579614639
foundation,29,two crescents,OOD shape,51,-1.6566933393478394,0.027333242818713188,0.1086919754743576,0.030892957001924515,0.9452158737385234,0.9052734375,0.9687162637710571,0.06585125625133514
foundation,29,two crescents,OOD shape,52,-1.6566933393478394,0.024507634341716766,0.08742134273052216,0.028213227167725563,0.950810212261576,0.8779296875,0.9844270944595337,0.06773120164871216
foundation,29,two crescents,OOD shape,53,-1.6566933393478394,0.027415096759796143,0.10007448494434357,0.034657061100006104,0.9392318634423897,0.8720703125,0.9753639698028564,0.06684355437755585
foundation,29,two crescents,OOD shape,54,-1.6566933393478394,0.02481898106634617,0.09278666228055954,0.02912203036248684,0.9450638389244008,0.90234375,0.976190447807312,0.06744919717311859
foundation,29,two crescents,OOD shape,55,-1.6566933393478394,0.025766076520085335,0.09584049135446548,0.031260907649993896,0.9358142146903854,0.896484375,0.9749454855918884,0.06792290508747101
foundation,29,two crescents,OOD shape,56,-1.6566933393478394,0.019729815423488617,0.07443337887525558,0.0194186232984066,0.9584929356357929,0.9228515625,0.9820106029510498,0.06637924164533615
foundation,29,two crescents,OOD shape,57,-1.6566933393478394,0.023969093337655067,0.09614359587430954,0.02705588936805725,0.9426536731634184,0.91015625,0.971030056476593,0.06496791541576385
foundation,29,two crescents,OOD shape,58,-1.6566933393478394,0.02588382177054882,0.09447845071554184,0.032020021229982376,0.947691012024517,0.8974609375,0.9760609269142151,0.06717649102210999
foundation,29,two crescents,OOD shape,59,-1.6566933393478394,0.024234822019934654,0.08443872630596161,0.030566848814487457,0.9480143229166667,0.8837890625,0.9812154173851013,0.06790788471698761
foundation,29,two crescents,OOD shape,60,-1.6566933393478394,0.02011367678642273,0.07617323100566864,0.02213333174586296,0.960723857888479,0.9248046875,0.9809926152229309,0.06543070077896118
foundation,29,two crescents,OOD shape,61,-1.6566933393478394,0.019607361406087875,0.06834620982408524,0.02254665270447731,0.9668788501026694,0.9267578125,0.9863013029098511,0.06808863580226898
foundation,29,two crescents,OOD shape,62,-1.6566933393478394,0.02002507634460926,0.07151413708925247,0.023979734629392624,0.9648397104446742,0.9111328125,0.9849945902824402,0.06503239274024963
foundation,29,two crescents,OOD shape,63,-1.6566933393478394,0.026220962405204773,0.09656324237585068,0.03178685903549194,0.9399376320884383,0.8818359375,0.9745293855667114,0.06828712671995163
exact,29,two crescents,OOD shape,48,-1.6550369262695312,0.025497768074274063,0.10210918635129929,0.028424203395843506,0.950322641867527,0.91796875,0.9702127575874329,0.0653054416179657
exact,29,two crescents,OOD shape,49,-1.6550369262695312,0.021187905222177505,0.07853127270936966,0.02737651765346527,0.9293814432989691,0.8779296875,0.9844270944595337,0.0672447681427002
exact,29,two crescents,OOD shape,50,-1.6550369262695312,0.024649392813444138,0.08898843079805374,0.0326368473470211,0.9412529076762653,0.8818359375,0.9800664782524109,0.06674627214670181
exact,29,two crescents,OOD shape,51,-1.6550369262695312,0.027153028175234795,0.10774210840463638,0.030468424782156944,0.9449144720649767,0.90625,0.9698275923728943,0.06582986563444138
exact,29,two crescents,OOD shape,52,-1.6550369262695312,0.024274935945868492,0.08660823851823807,0.027674326673150063,0.9524010043824763,0.876953125,0.9844098091125488,0.06774650514125824
exact,29,two crescents,OOD shape,53,-1.6550369262695312,0.027174605056643486,0.09907368570566177,0.034213121980428696,0.939184420148942,0.8740234375,0.9754189848899841,0.06682562828063965
exact,29,two crescents,OOD shape,54,-1.6550369262695312,0.024590222164988518,0.09174235910177231,0.028666269034147263,0.9452250016766146,0.9033203125,0.977297306060791,0.06743770837783813
exact,29,two crescents,OOD shape,55,-1.6550369262695312,0.025517085567116737,0.09467283636331558,0.030783239752054214,0.9381926894934178,0.896484375,0.9771241545677185,0.06790953129529953
exact,29,two crescents,OOD shape,56,-1.6550369262695312,0.019572118297219276,0.0738222524523735,0.01895749568939209,0.9598534798534798,0.9228515625,0.9820106029510498,0.0663752555847168
exact,29,two crescents,OOD shape,57,-1.6550369262695312,0.02376270480453968,0.09510669857263565,0.026605958119034767,0.944527736131934,0.9111328125,0.9721328616142273,0.06494827568531036
exact,29,two crescents,OOD shape,58,-1.6550369262695312,0.025626324117183685,0.0933045893907547,0.03161267563700676,0.9494377641572701,0.8984375,0.9760869145393372,0.0671675056219101
exact,29,two crescents,OOD shape,59,-1.6550369262695312,0.023976335301995277,0.08340125530958176,0.03008773922920227,0.9446742590606539,0.884765625,0.9812362194061279,0.06790728121995926
exact,29,two crescents,OOD shape,60,-1.6550369262695312,0.01994398608803749,0.0753975510597229,0.021754158660769463,0.962134494085404,0.92578125,0.9810125827789307,0.06543424725532532
exact,29,two crescents,OOD shape,61,-1.6550369262695312,0.019420549273490906,0.06759825348854065,0.022176556289196014,0.967905544147844,0.927734375,0.9863157272338867,0.06808245182037354
exact,29,two crescents,OOD shape,62,-1.6550369262695312,0.019791139289736748,0.0706695094704628,0.02351643145084381,0.9645070838252656,0.9091796875,0.9871106743812561,0.0649968683719635
exact,29,two crescents,OOD shape,63,-1.6550369262695312,0.025952203199267387,0.09547650068998337,0.03124023601412773,0.9421692801087743,0.87890625,0.9777777791023254,0.06830085068941116
foundation,29,30% noise,OOD noise,0,-1.6566933393478394,0.060117460787296295,0.24466848373413086,0.07352152466773987,0.9000420691680623,0.845703125,0.923787534236908,0.0634986162185669
foundation,29,30% noise,OOD noise,1,-1.6566933393478394,0.04509039595723152,0.18368735909461975,0.055908940732479095,0.9154567594175864,0.873046875,0.9440715909004211,0.06303029507398605
foundation,29,30% noise,OOD noise,2,-1.6566933393478394,0.0385981947183609,0.14473727345466614,0.04858563095331192,0.9415918771338649,0.8740234375,0.9608938097953796,0.062426090240478516
foundation,29,30% noise,OOD noise,3,-1.6566933393478394,0.050194282084703445,0.19068419933319092,0.06051766127347946,0.9385777320592296,0.8701171875,0.9438832998275757,0.06285721808671951
foundation,29,30% noise,OOD noise,4,-1.6566933393478394,0.036245644092559814,0.1318882405757904,0.04687434434890747,0.9409402882635552,0.8720703125,0.9675252437591553,0.06253082305192947
foundation,29,30% noise,OOD noise,5,-1.6566933393478394,0.04226289317011833,0.15673063695430756,0.05400837957859039,0.922857172975765,0.8583984375,0.9556313753128052,0.063165083527565
foundation,29,30% noise,OOD noise,6,-1.6566933393478394,0.03275204077363014,0.12806372344493866,0.04215578734874725,0.937807467246647,0.8828125,0.9679203629493713,0.06273464113473892
foundation,29,30% noise,OOD noise,7,-1.6566933393478394,0.04175059124827385,0.15532521903514862,0.05336881801486015,0.9301729863065684,0.8671875,0.9583333730697632,0.06276728212833405
foundation,29,30% noise,OOD noise,8,-1.6566933393478394,0.040550023317337036,0.16977296769618988,0.04954469949007034,0.9249107699280494,0.888671875,0.9494506120681763,0.06165033206343651
foundation,29,30% noise,OOD noise,9,-1.6566933393478394,0.048582639545202255,0.18293829262256622,0.06008433550596237,0.929899452501437,0.8583984375,0.9488054513931274,0.06491000950336456
foundation,29,30% noise,OOD noise,10,-1.6566933393478394,0.06535600125789642,0.26715531945228577,0.07837335765361786,0.9018065075411956,0.8505859375,0.915040135383606,0.06518260389566422
foundation,29,30% noise,OOD noise,11,-1.6566933393478394,0.04048242047429085,0.16481222212314606,0.04682691767811775,0.9324600395114943,0.8837890625,0.9569060206413269,0.06108492240309715
foundation,29,30% noise,OOD noise,12,-1.6566933393478394,0.04339861124753952,0.173252135515213,0.053341612219810486,0.9018290043290043,0.859375,0.9511363506317139,0.06480029225349426
foundation,29,30% noise,OOD noise,13,-1.6566933393478394,0.05632525682449341,0.24103975296020508,0.06860511004924774,0.9050319401196595,0.853515625,0.929061770439148,0.06290324032306671
foundation,29,30% noise,OOD noise,14,-1.6566933393478394,0.049789197742938995,0.1954331398010254,0.061415936797857285,0.919661733615222,0.861328125,0.942176878452301,0.06388109922409058
foundation,29,30% noise,OOD noise,15,-1.6566933393478394,0.06437530368566513,0.2630157172679901,0.07970689237117767,0.8820768952197006,0.8154296875,0.9209581017494202,0.06455928832292557
exact,29,30% noise,OOD noise,0,-1.6550369262695312,0.06311479210853577,0.26122012734413147,0.07704801112413406,0.8873788968266896,0.84375,0.9166666865348816,0.06357133388519287
exact,29,30% noise,OOD noise,1,-1.6550369262695312,0.04631472006440163,0.1919436752796173,0.05738050490617752,0.911400210253922,0.8740234375,0.9407820701599121,0.06298510730266571
exact,29,30% noise,OOD noise,2,-1.6550369262695312,0.039539556950330734,0.1497194468975067,0.049688078463077545,0.937673557543968,0.875,0.957589328289032,0.06253599375486374
exact,29,30% noise,OOD noise,3,-1.6550369262695312,0.05359434336423874,0.20981203019618988,0.06443861126899719,0.9314145585957667,0.869140625,0.9348315000534058,0.06281855702400208
exact,29,30% noise,OOD noise,4,-1.6550369262695312,0.03733408451080322,0.1366283893585205,0.04819229617714882,0.9364002039544502,0.8662109375,0.9673054814338684,0.0626261979341507
exact,29,30% noise,OOD noise,5,-1.6550369262695312,0.045021407306194305,0.16973182559013367,0.057544123381376266,0.9097093764130391,0.8564453125,0.9521094560623169,0.0636221393942833
exact,29,30% noise,OOD noise,6,-1.6550369262695312,0.034656327217817307,0.13684041798114777,0.044710177928209305,0.9283405374929525,0.8779296875,0.9644048810005188,0.06319023668766022
exact,29,30% noise,OOD noise,7,-1.6550369262695312,0.043674368411302567,0.1648096740245819,0.055540602654218674,0.9228146536089953,0.8701171875,0.9539843201637268,0.06285162270069122
exact,29,30% noise,OOD noise,8,-1.6550369262695312,0.04314979165792465,0.18446692824363708,0.052891191095113754,0.9168686997575604,0.88671875,0.9460352063179016,0.062025465071201324
exact,29,30% noise,OOD noise,9,-1.6550369262695312,0.051226966083049774,0.1970026046037674,0.0631764605641365,0.9298776418242491,0.861328125,0.9410430788993835,0.06506572663784027
exact,29,30% noise,OOD noise,10,-1.6550369262695312,0.0677589401602745,0.2808052599430084,0.08133663237094879,0.8886665755021843,0.84375,0.9085648059844971,0.06535947322845459
exact,29,30% noise,OOD noise,11,-1.6550369262695312,0.04295571148395538,0.17818062007427216,0.05035267025232315,0.9260714285714285,0.87890625,0.9477778077125549,0.0614079013466835
exact,29,30% noise,OOD noise,12,-1.6550369262695312,0.04538023844361305,0.1845705807209015,0.05618922412395477,0.8890677257525084,0.8486328125,0.949367105960846,0.06501176953315735
exact,29,30% noise,OOD noise,13,-1.6550369262695312,0.057606033980846405,0.24881957471370697,0.07017874717712402,0.8975044786068409,0.8544921875,0.9268571138381958,0.06289191544055939
exact,29,30% noise,OOD noise,14,-1.6550369262695312,0.051748886704444885,0.20637238025665283,0.06386392563581467,0.9095314149589887,0.8583984375,0.939704179763794,0.06390634179115295
exact,29,30% noise,OOD noise,15,-1.6550369262695312,0.06697452813386917,0.2782494127750397,0.08274582773447037,0.8675971639630276,0.8125,0.9134615659713745,0.0644291341304779
foundation,29,30% noise,OOD noise,16,-1.6566933393478394,0.056948669254779816,0.24986937642097473,0.0689428299665451,0.8981070383754948,0.8623046875,0.9229897856712341,0.06304588913917542
foundation,29,30% noise,OOD noise,17,-1.6566933393478394,0.04524436220526695,0.17212094366550446,0.058544084429740906,0.905229107370098,0.8408203125,0.9523809552192688,0.06537557393312454
foundation,29,30% noise,OOD noise,18,-1.6566933393478394,0.04791632667183876,0.19360187649726868,0.058082208037376404,0.9295064584538268,0.87890625,0.9433333277702332,0.063681960105896
foundation,29,30% noise,OOD noise,19,-1.6566933393478394,0.047315921634435654,0.19238796830177307,0.058761075139045715,0.9300912265504454,0.8671875,0.9425675868988037,0.06471293419599533
foundation,29,30% noise,OOD noise,20,-1.6566933393478394,0.04453127086162567,0.1683775931596756,0.05499713867902756,0.9430153044610876,0.875,0.9553571939468384,0.06207948550581932
foundation,29,30% noise,OOD noise,21,-1.6566933393478394,0.04278583079576492,0.16097219288349152,0.05197812616825104,0.9354355425554682,0.8681640625,0.9550056457519531,0.06207684427499771
foundation,29,30% noise,OOD noise,22,-1.6566933393478394,0.059156905859708786,0.24974557757377625,0.07077887654304504,0.9178936840684854,0.86328125,0.9219457507133484,0.06456654518842697
foundation,29,30% noise,OOD noise,23,-1.6566933393478394,0.03786899521946907,0.14575926959514618,0.048491477966308594,0.9292267215740104,0.8681640625,0.9617547988891602,0.06424921751022339
foundation,29,30% noise,OOD noise,24,-1.6566933393478394,0.0416182242333889,0.15749478340148926,0.054102420806884766,0.9260039103624605,0.857421875,0.9589977860450745,0.06439311802387238
foundation,29,30% noise,OOD noise,25,-1.6566933393478394,0.04254033416509628,0.17271871864795685,0.051268670707941055,0.9339540671293565,0.8876953125,0.9526952505111694,0.060823965817689896
foundation,29,30% noise,OOD noise,26,-1.6566933393478394,0.038475871086120605,0.14316996932029724,0.04890018701553345,0.9394082255747127,0.875,0.9642857313156128,0.06140715256333351
foundation,29,30% noise,OOD noise,27,-1.6566933393478394,0.05809364840388298,0.23524466156959534,0.07136160135269165,0.8967651149203006,0.8525390625,0.9301260709762573,0.06286871433258057
foundation,29,30% noise,OOD noise,28,-1.6566933393478394,0.043783754110336304,0.16832734644412994,0.05445997044444084,0.9143398268398266,0.86328125,0.9558823704719543,0.061993636190891266
foundation,29,30% noise,OOD noise,29,-1.6566933393478394,0.04674414545297623,0.1886194497346878,0.05710536614060402,0.926397857177022,0.8759765625,0.9464883208274841,0.06397361308336258
foundation,29,30% noise,OOD noise,30,-1.6566933393478394,0.052680063992738724,0.2105533927679062,0.0632559061050415,0.9273507254464286,0.8623046875,0.9388447999954224,0.06322628259658813
foundation,29,30% noise,OOD noise,31,-1.6566933393478394,0.05086073651909828,0.20064222812652588,0.0632256343960762,0.9103521386430679,0.8603515625,0.9421112537384033,0.0634840652346611
exact,29,30% noise,OOD noise,16,-1.6550369262695312,0.05946670472621918,0.26440781354904175,0.07200245559215546,0.8897176693820132,0.86328125,0.9208145141601562,0.063434898853302
exact,29,30% noise,OOD noise,17,-1.6550369262695312,0.04736772179603577,0.18211042881011963,0.06143307313323021,0.8976877315074644,0.83203125,0.9460093975067139,0.06545750796794891
exact,29,30% noise,OOD noise,18,-1.6550369262695312,0.05118051916360855,0.2110850065946579,0.061933375895023346,0.9232852313620006,0.8681640625,0.9381327629089355,0.06397655606269836
exact,29,30% noise,OOD noise,19,-1.6550369262695312,0.04923850670456886,0.20211632549762726,0.06101374328136444,0.919641577060932,0.8603515625,0.9421112537384033,0.06476741284132004
exact,29,30% noise,OOD noise,20,-1.6550369262695312,0.046123627573251724,0.1766405552625656,0.056724462658166885,0.9384513760041966,0.876953125,0.9521158337593079,0.06231428310275078
exact,29,30% noise,OOD noise,21,-1.6550369262695312,0.04370016232132912,0.16585543751716614,0.053336113691329956,0.9303432799611839,0.8642578125,0.9536723494529724,0.06232447177171707
exact,29,30% noise,OOD noise,22,-1.6550369262695312,0.06229642778635025,0.2698545455932617,0.07429885864257812,0.9072411452548439,0.861328125,0.9126984477043152,0.06479482352733612
exact,29,30% noise,OOD noise,23,-1.6550369262695312,0.04003533348441124,0.15554748475551605,0.05144288018345833,0.9238547638547637,0.8642578125,0.9570621848106384,0.06464654207229614
exact,29,30% noise,OOD noise,24,-1.6550369262695312,0.04411984235048294,0.16919632256031036,0.05736187845468521,0.9092043851079996,0.849609375,0.9563218355178833,0.06464295089244843
exact,29,30% noise,OOD noise,25,-1.6550369262695312,0.04435059428215027,0.18171775341033936,0.0534529909491539,0.9379355291522534,0.8857421875,0.9481808543205261,0.061011359095573425
exact,29,30% noise,OOD noise,26,-1.6550369262695312,0.04106706753373146,0.15538348257541656,0.05190196633338928,0.9343616918571597,0.8720703125,0.9619261026382446,0.061554811894893646
exact,29,30% noise,OOD noise,27,-1.6550369262695312,0.060048457235097885,0.2467268854379654,0.07362750917673111,0.889934847178308,0.84375,0.9282407760620117,0.06302475929260254
exact,29,30% noise,OOD noise,28,-1.6550369262695312,0.045395173132419586,0.17678919434547424,0.056495361030101776,0.9124372909698998,0.859375,0.9556818008422852,0.06205495074391365
exact,29,30% noise,OOD noise,29,-1.6550369262695312,0.0484708808362484,0.19850017130374908,0.05925653129816055,0.9185254289995194,0.873046875,0.9429530501365662,0.06404326856136322
exact,29,30% noise,OOD noise,30,-1.6550369262695312,0.05562904104590416,0.22782716155052185,0.06701385229825974,0.9183482810164425,0.86328125,0.9321267604827881,0.0633542463183403
exact,29,30% noise,OOD noise,31,-1.6550369262695312,0.05300090089440346,0.21202309429645538,0.06565029919147491,0.9105660574776786,0.85546875,0.9360730051994324,0.0635809451341629
foundation,29,30% noise,OOD noise,32,-1.6566933393478394,0.04147816449403763,0.16195598244667053,0.053667716681957245,0.9144974692697035,0.8544921875,0.9531428217887878,0.0637863278388977
foundation,29,30% noise,OOD noise,33,-1.6566933393478394,0.03196433559060097,0.11520083993673325,0.04347781091928482,0.9177032049260138,0.8642578125,0.9706214666366577,0.06475016474723816
foundation,29,30% noise,OOD noise,34,-1.6566933393478394,0.04733898490667343,0.18855996429920197,0.0599403977394104,0.9089358010410642,0.8515625,0.9483944773674011,0.06321556866168976
foundation,29,30% noise,OOD noise,35,-1.6566933393478394,0.04132828116416931,0.14507612586021423,0.05360115319490433,0.9386574074074073,0.853515625,0.9610983729362488,0.06233081966638565
foundation,29,30% noise,OOD noise,36,-1.6566933393478394,0.04867400601506233,0.20824085175991058,0.06005947291851044,0.920049778761062,0.87109375,0.9405829906463623,0.061779193580150604
foundation,29,30% noise,OOD noise,37,-1.6566933393478394,0.036526359617710114,0.143685445189476,0.046550314873456955,0.9339428997947378,0.8798828125,0.9622641801834106,0.06302657723426819
foundation,29,30% noise,OOD noise,38,-1.6566933393478394,0.0482792854309082,0.19592225551605225,0.05996854603290558,0.9127086621705648,0.861328125,0.9478458166122437,0.06351811438798904
foundation,29,30% noise,OOD noise,39,-1.6566933393478394,0.045791175216436386,0.17428870499134064,0.056974709033966064,0.9292896401330136,0.8681640625,0.9493813514709473,0.0628599226474762
foundation,29,30% noise,OOD noise,40,-1.6566933393478394,0.0428798608481884,0.1658661663532257,0.05295158177614212,0.9355654211370084,0.8759765625,0.9520624279975891,0.06370812654495239
foundation,29,30% noise,OOD noise,41,-1.6566933393478394,0.0380743145942688,0.14115086197853088,0.048941388726234436,0.9305263626152426,0.8564453125,0.9669327139854431,0.06314372271299362
foundation,29,30% noise,OOD noise,42,-1.6566933393478394,0.038652047514915466,0.14978212118148804,0.04941295087337494,0.9299929475029753,0.873046875,0.9597315192222595,0.062348008155822754
foundation,29,30% noise,OOD noise,43,-1.6566933393478394,0.05105258896946907,0.19253228604793549,0.0630253478884697,0.9241666666666666,0.85546875,0.9452054500579834,0.06354381144046783
foundation,29,30% noise,OOD noise,44,-1.6566933393478394,0.05357787758111954,0.22946402430534363,0.06391952186822891,0.9083604004449388,0.861328125,0.9342404007911682,0.06206519901752472
foundation,29,30% noise,OOD noise,45,-1.6566933393478394,0.05180126428604126,0.21318277716636658,0.06253372877836227,0.9233281423804226,0.87109375,0.9360986948013306,0.06257134675979614
foundation,29,30% noise,OOD noise,46,-1.6566933393478394,0.033459022641181946,0.1332971304655075,0.041797805577516556,0.9335424207864333,0.88671875,0.9625550508499146,0.06384725868701935
foundation,29,30% noise,OOD noise,47,-1.6566933393478394,0.05209578573703766,0.22651880979537964,0.06238357350230217,0.9206362007168458,0.8681640625,0.9370079040527344,0.062297649681568146
exact,29,30% noise,OOD noise,32,-1.6550369262695312,0.043525926768779755,0.17227937281131744,0.05629880726337433,0.9101366650493288,0.8486328125,0.9516686201095581,0.06388363987207413
exact,29,30% noise,OOD noise,33,-1.6550369262695312,0.0330854132771492,0.12032920122146606,0.045074962079524994,0.9199006440213565,0.857421875,0.969248354434967,0.06480664014816284
exact,29,30% noise,OOD noise,34,-1.6550369262695312,0.04943923279643059,0.19947004318237305,0.06249788776040077,0.9079777180037076,0.849609375,0.9436781406402588,0.06335456669330597
exact,29,30% noise,OOD noise,35,-1.6550369262695312,0.0440581738948822,0.15764997899532318,0.05677849054336548,0.931962348095548,0.849609375,0.9574712514877319,0.06259714066982269
exact,29,30% noise,OOD noise,36,-1.6550369262695312,0.05044327676296234,0.217680424451828,0.06207049638032913,0.9101342631998023,0.8701171875,0.9371492862701416,0.06190315634012222
exact,29,30% noise,OOD noise,37,-1.6550369262695312,0.037087179720401764,0.14676468074321747,0.04719710350036621,0.9317995449453126,0.8798828125,0.9600444436073303,0.06297823786735535
exact,29,30% noise,OOD noise,38,-1.6550369262695312,0.0503503754734993,0.20775428414344788,0.062490805983543396,0.9056687868517573,0.8564453125,0.945267915725708,0.06357067823410034
exact,29,30% noise,OOD noise,39,-1.6550369262695312,0.04765808954834938,0.18432646989822388,0.05922558903694153,0.9203054117327064,0.8662109375,0.9447575807571411,0.06320970505475998
exact,29,30% noise,OOD noise,40,-1.6550369262695312,0.04451551288366318,0.17516930401325226,0.05493028461933136,0.9293026520278739,0.8740234375,0.9497206211090088,0.06392477452754974
exact,29,30% noise,OOD noise,41,-1.6550369262695312,0.040051259100437164,0.15047098696231842,0.05160804092884064,0.9205023205023205,0.85546875,0.9623287320137024,0.06330759823322296
exact,29,30% noise,OOD noise,42,-1.6550369262695312,0.040871117264032364,0.16024427115917206,0.052243512123823166,0.9171320346320346,0.86328125,0.9558823704719543,0.06261417269706726
exact,29,30% noise,OOD noise,43,-1.6550369262695312,0.05308892950415611,0.2039630264043808,0.0653228834271431,0.9143776292996783,0.8564453125,0.9384264349937439,0.06349115818738937
exact,29,30% noise,OOD noise,44,-1.6550369262695312,0.055749062448740005,0.2426566779613495,0.06676846742630005,0.8996925208955869,0.857421875,0.9282460808753967,0.06238649785518646
exact,29,30% noise,OOD noise,45,-1.6550369262695312,0.05316402390599251,0.22085507214069366,0.06413175165653229,0.9165959628097712,0.875,0.9308035969734192,0.06271184980869293
exact,29,30% noise,OOD noise,46,-1.6550369262695312,0.03420595824718475,0.13714730739593506,0.0429438017308712,0.9292079448329448,0.8857421875,0.959206223487854,0.0638946145772934
exact,29,30% noise,OOD noise,47,-1.6550369262695312,0.05349484458565712,0.23503293097019196,0.06410101801156998,0.9183000837053571,0.869140625,0.932584285736084,0.06251174956560135
foundation,29,30% noise,OOD noise,48,-1.6566933393478394,0.04578873887658119,0.17324218153953552,0.054525140672922134,0.9343660700857271,0.875,0.9508929252624512,0.06250125169754028
foundation,29,30% noise,OOD noise,49,-1.6566933393478394,0.047048453241586685,0.17848871648311615,0.059032998979091644,0.9252147267746879,0.85546875,0.9486300945281982,0.0640236884355545
foundation,29,30% noise,OOD noise,50,-1.6566933393478394,0.05154593288898468,0.22151027619838715,0.06333564966917038,0.8895218318554271,0.8564453125,0.9361459016799927,0.06248342990875244
foundation,29,30% noise,OOD noise,51,-1.6566933393478394,0.04387739300727844,0.16232456266880035,0.05575050413608551,0.9246469067037995,0.8583984375,0.9533560276031494,0.0646146833896637
foundation,29,30% noise,OOD noise,52,-1.6566933393478394,0.0395689383149147,0.15664814412593842,0.04960644617676735,0.923364361258466,0.8740234375,0.9586591720581055,0.06217196583747864
foundation,29,30% noise,OOD noise,53,-1.6566933393478394,0.04580407962203026,0.1775716245174408,0.0577867329120636,0.9206478809053624,0.857421875,0.9521640539169312,0.06400905549526215
foundation,29,30% noise,OOD noise,54,-1.6566933393478394,0.05416840687394142,0.20822234451770782,0.06770621240139008,0.9155605549306337,0.84765625,0.9343317747116089,0.06365390121936798
foundation,29,30% noise,OOD noise,55,-1.6566933393478394,0.0631629079580307,0.26167407631874084,0.07436656951904297,0.9217633475832372,0.875,0.9174107313156128,0.06133592128753662
foundation,29,30% noise,OOD noise,56,-1.6566933393478394,0.04079844430088997,0.1472364217042923,0.052771881222724915,0.9364790554746887,0.8583984375,0.961319625377655,0.06455245614051819
foundation,29,30% noise,OOD noise,57,-1.6566933393478394,0.0500347875058651,0.1936771720647812,0.06336762011051178,0.9090812013348164,0.8447265625,0.9433525800704956,0.06481534242630005
foundation,29,30% noise,OOD noise,58,-1.6566933393478394,0.0447487011551857,0.17426173388957977,0.05562322586774826,0.9216824585150649,0.8623046875,0.953567385673523,0.062081269919872284
foundation,29,30% noise,OOD noise,59,-1.6566933393478394,0.04910676181316376,0.18218858540058136,0.061944954097270966,0.9330169335737264,0.85546875,0.9452054500579834,0.0650690570473671
foundation,29,30% noise,OOD noise,60,-1.6566933393478394,0.04984443262219429,0.20380105078220367,0.06073129549622536,0.9173120814157967,0.8681640625,0.9392576217651367,0.06403675675392151
foundation,29,30% noise,OOD noise,61,-1.6566933393478394,0.04243792966008186,0.1833299845457077,0.052975282073020935,0.9190367965367966,0.8876953125,0.9471946954727173,0.060902129858732224
foundation,29,30% noise,OOD noise,62,-1.6566933393478394,0.04820907115936279,0.18882504105567932,0.05994299426674843,0.9371333388246708,0.8681640625,0.9460067749023438,0.0623638853430748
foundation,29,30% noise,OOD noise,63,-1.6566933393478394,0.049430061131715775,0.20730896294116974,0.05980119854211807,0.923784762523794,0.87890625,0.9366666674613953,0.061389703303575516
exact,29,30% noise,OOD noise,48,-1.6550369262695312,0.04704028367996216,0.18006838858127594,0.05628061667084694,0.9279938333001789,0.873046875,0.9496644139289856,0.06266139447689056
exact,29,30% noise,OOD noise,49,-1.6550369262695312,0.049151547253131866,0.1895289570093155,0.061531081795692444,0.9247008839614111,0.853515625,0.9462242126464844,0.06396430730819702
exact,29,30% noise,OOD noise,50,-1.6550369262695312,0.05274122580885887,0.22931377589702606,0.06478670239448547,0.8807001253540091,0.853515625,0.9302058815956116,0.06250021606683731
exact,29,30% noise,OOD noise,51,-1.6550369262695312,0.0455172099173069,0.1710810512304306,0.057759951800107956,0.9186620397146713,0.8583984375,0.9522184133529663,0.06463421136140823
exact,29,30% noise,OOD noise,52,-1.6550369262695312,0.04093698412179947,0.1640893816947937,0.05141911655664444,0.9099856537550461,0.8740234375,0.9541898965835571,0.06232316792011261
exact,29,30% noise,OOD noise,53,-1.6550369262695312,0.047617439180612564,0.1866966038942337,0.05997947230935097,0.9119922001949952,0.853515625,0.9462242126464844,0.06411115825176239
exact,29,30% noise,OOD noise,54,-1.6550369262695312,0.05672303959727287,0.22218452394008636,0.07097620517015457,0.9097735408745624,0.83984375,0.9267441630363464,0.06390039622783661
exact,29,30% noise,OOD noise,55,-1.6550369262695312,0.06567474454641342,0.2775506377220154,0.07713176310062408,0.9203015375429169,0.876953125,0.9086859822273254,0.061361875385046005
exact,29,30% noise,OOD noise,56,-1.6550369262695312,0.04339395463466644,0.15914177894592285,0.05607049912214279,0.9335029621753,0.8466796875,0.9573240876197815,0.06455105543136597
exact,29,30% noise,OOD noise,57,-1.6550369262695312,0.051941920071840286,0.20358484983444214,0.06570939719676971,0.9019271577670954,0.841796875,0.9385150671005249,0.06501761823892593
exact,29,30% noise,OOD noise,58,-1.6550369262695312,0.046306759119033813,0.18280841410160065,0.05756737291812897,0.9164683368466044,0.85546875,0.9531962871551514,0.062257662415504456
exact,29,30% noise,OOD noise,59,-1.6550369262695312,0.0510718896985054,0.19221645593643188,0.0642608180642128,0.925165648954138,0.8505859375,0.9380022883415222,0.06515446305274963
exact,29,30% noise,OOD noise,60,-1.6550369262695312,0.05123252049088478,0.21219444274902344,0.0624491348862648,0.9161184952582044,0.869140625,0.9337078928947449,0.06427522003650665
exact,29,30% noise,OOD noise,61,-1.6550369262695312,0.04376084730029106,0.19083207845687866,0.05457007884979248,0.9170568561872909,0.88671875,0.941629946231842,0.06101393327116966
exact,29,30% noise,OOD noise,62,-1.6550369262695312,0.05063087120652199,0.20155636966228485,0.06260614842176437,0.9319740516845194,0.861328125,0.942176878452301,0.06266248226165771
exact,29,30% noise,OOD noise,63,-1.6550369262695312,0.050746846944093704,0.21546344459056854,0.0613807812333107,0.9186549884224303,0.875,0.9352679252624512,0.06148342788219452
foundation,29,180-degree aperture,OOD aperture,0,-1.6566933393478394,0.08719640970230103,0.3168525695800781,0.10588771104812622,0.8581941529881851,0.74609375,0.8821989893913269,0.07207901775836945
foundation,29,180-degree aperture,OOD aperture,1,-1.6566933393478394,0.08295927941799164,0.3213285803794861,0.09928356856107712,0.8658382823206945,0.7890625,0.8836633563041687,0.07264047861099243
foundation,29,180-degree aperture,OOD aperture,2,-1.6566933393478394,0.07252860069274902,0.25786569714546204,0.09044642746448517,0.8793115877915626,0.7666015625,0.9159235954284668,0.07066638767719269
foundation,29,180-degree aperture,OOD aperture,3,-1.6566933393478394,0.08870582282543182,0.3261333703994751,0.10957791656255722,0.8402306648575306,0.7333984375,0.8708388209342957,0.07277010381221771
foundation,29,180-degree aperture,OOD aperture,4,-1.6566933393478394,0.09291571378707886,0.35825854539871216,0.1105341836810112,0.8566981855640092,0.7666015625,0.8675159215927124,0.07088245451450348
foundation,29,180-degree aperture,OOD aperture,5,-1.6566933393478394,0.07163690775632858,0.25791236758232117,0.08503204584121704,0.8971845518867925,0.796875,0.9154412150382996,0.07014888525009155
foundation,29,180-degree aperture,OOD aperture,6,-1.6566933393478394,0.10746452957391739,0.4196743071079254,0.12988677620887756,0.8152561559576046,0.728515625,0.8310992121696472,0.07300721108913422
foundation,29,180-degree aperture,OOD aperture,7,-1.6566933393478394,0.09972476214170456,0.3786095678806305,0.12127440422773361,0.8298289277199968,0.7353515625,0.8539177179336548,0.07250282168388367
foundation,29,180-degree aperture,OOD aperture,8,-1.6566933393478394,0.07427356392145157,0.25283536314964294,0.09302525967359543,0.8957100956324558,0.7568359375,0.9212903380393982,0.07154019176959991
foundation,29,180-degree aperture,OOD aperture,9,-1.6566933393478394,0.10043768584728241,0.3974747657775879,0.11930155754089355,0.8488073981291474,0.7685546875,0.8487928509712219,0.07308954745531082
foundation,29,180-degree aperture,OOD aperture,10,-1.6566933393478394,0.06853967159986496,0.24023191630840302,0.09288398921489716,0.8185146335945374,0.6875,0.921875,0.07305753231048584
foundation,29,180-degree aperture,OOD aperture,11,-1.6566933393478394,0.10060629993677139,0.38826680183410645,0.11986373364925385,0.8328852275660328,0.755859375,0.8449612855911255,0.07298155128955841
foundation,29,180-degree aperture,OOD aperture,12,-1.6566933393478394,0.08965375274419785,0.3411838412284851,0.10927341878414154,0.8509940724354066,0.759765625,0.8727506399154663,0.07226239144802094
foundation,29,180-degree aperture,OOD aperture,13,-1.6566933393478394,0.07886824011802673,0.2955654263496399,0.09409479796886444,0.880701754385965,0.7958984375,0.8932515382766724,0.07043971121311188
foundation,29,180-degree aperture,OOD aperture,14,-1.6566933393478394,0.09817707538604736,0.3551938533782959,0.11851869523525238,0.8509234336273752,0.732421875,0.8666666746139526,0.07314208149909973
foundation,29,180-degree aperture,OOD aperture,15,-1.6566933393478394,0.08580789715051651,0.29947540163993835,0.10505180060863495,0.8676043147802353,0.7294921875,0.9036144614219666,0.07208539545536041
exact,29,180-degree aperture,OOD aperture,0,-1.6550369262695312,0.08628010004758835,0.31208258867263794,0.1047428548336029,0.8598901257938093,0.75,0.8828125,0.0720682144165039
exact,29,180-degree aperture,OOD aperture,1,-1.6550369262695312,0.08234023302793503,0.31746888160705566,0.09850199520587921,0.8684239489324235,0.7890625,0.8836633563041687,0.07261961698532104
exact,29,180-degree aperture,OOD aperture,2,-1.6550369262695312,0.07182446867227554,0.25436341762542725,0.0895814448595047,0.8832766428763361,0.7646484375,0.9182630777359009,0.07065525650978088
exact,29,180-degree aperture,OOD aperture,3,-1.6550369262695312,0.08791521936655045,0.32179078459739685,0.10858438909053802,0.8438072548852775,0.7392578125,0.8718626499176025,0.07275319844484329
exact,29,180-degree aperture,OOD aperture,4,-1.6550369262695312,0.09224898368120193,0.35397469997406006,0.10972375422716141,0.8553708729081864,0.7646484375,0.8710089325904846,0.07086685299873352
exact,29,180-degree aperture,OOD aperture,5,-1.6550369262695312,0.07103100419044495,0.25465720891952515,0.08423243463039398,0.8972075726842462,0.796875,0.9166666865348816,0.0701492428779602
exact,29,180-degree aperture,OOD aperture,6,-1.6550369262695312,0.10653047263622284,0.4138343632221222,0.12883415818214417,0.8121895910592078,0.728515625,0.8324397206306458,0.0729951411485672
exact,29,180-degree aperture,OOD aperture,7,-1.6550369262695312,0.09889109432697296,0.37354931235313416,0.12023241817951202,0.8313130138868339,0.734375,0.8563829660415649,0.07244899868965149
exact,29,180-degree aperture,OOD aperture,8,-1.6550369262695312,0.0735095888376236,0.24931521713733673,0.0921034887433052,0.8977080820265381,0.7578125,0.9226803779602051,0.07154549658298492
exact,29,180-degree aperture,OOD aperture,9,-1.6550369262695312,0.09980342537164688,0.3931921422481537,0.11857389658689499,0.8504447580558941,0.76953125,0.8489847779273987,0.07308381795883179
exact,29,180-degree aperture,OOD aperture,10,-1.6550369262695312,0.06772571057081223,0.2368260622024536,0.09171979129314423,0.8207273608083325,0.689453125,0.9235127568244934,0.07306870818138123
exact,29,180-degree aperture,OOD aperture,11,-1.6550369262695312,0.09996360540390015,0.38375210762023926,0.11912626028060913,0.838289932929085,0.755859375,0.8488372564315796,0.07298920303583145
exact,29,180-degree aperture,OOD aperture,12,-1.6550369262695312,0.08894642442464828,0.33694878220558167,0.10842151194810867,0.8554638532006013,0.7578125,0.876288652420044,0.07223890721797943
exact,29,180-degree aperture,OOD aperture,13,-1.6550369262695312,0.07824745029211044,0.2918621301651001,0.09331607818603516,0.8807645322202994,0.7978515625,0.8935128450393677,0.07042264193296432
exact,29,180-degree aperture,OOD aperture,14,-1.6550369262695312,0.09750717133283615,0.35138142108917236,0.11771394312381744,0.8530427438150834,0.732421875,0.8679999709129333,0.07315617054700851
exact,29,180-degree aperture,OOD aperture,15,-1.6550369262695312,0.08498029410839081,0.29535847902297974,0.10401616990566254,0.8673185646705897,0.7333984375,0.9041277766227722,0.0720759704709053
foundation,29,180-degree aperture,OOD aperture,16,-1.6566933393478394,0.07777021825313568,0.2826591730117798,0.09394602477550507,0.8754507211538463,0.77734375,0.8969849348068237,0.07103436440229416
foundation,29,180-degree aperture,OOD aperture,17,-1.6566933393478394,0.07459074258804321,0.2535872161388397,0.09628069400787354,0.8712195725464723,0.7255859375,0.9165545105934143,0.07076512277126312
foundation,29,180-degree aperture,OOD aperture,18,-1.6566933393478394,0.08809517323970795,0.3098824620246887,0.10865394026041031,0.858002608846565,0.724609375,0.8962264060974121,0.07117989659309387
foundation,29,180-degree aperture,OOD aperture,19,-1.6566933393478394,0.10759798437356949,0.44430533051490784,0.1258532702922821,0.8262267875458064,0.77734375,0.8216080069541931,0.07327373325824738
foundation,29,180-degree aperture,OOD aperture,20,-1.6566933393478394,0.09580328315496445,0.37037336826324463,0.1131584495306015,0.8598433553137038,0.7783203125,0.8594729900360107,0.07158727198839188
foundation,29,180-degree aperture,OOD aperture,21,-1.6566933393478394,0.07596071809530258,0.25930410623550415,0.09290683269500732,0.9007753075549686,0.759765625,0.922879159450531,0.07181264460086823
foundation,29,180-degree aperture,OOD aperture,22,-1.6566933393478394,0.08747323602437973,0.31645065546035767,0.10584843158721924,0.8505397414741473,0.7568359375,0.8812903761863708,0.07365821301937103
foundation,29,180-degree aperture,OOD aperture,23,-1.6566933393478394,0.07921763509511948,0.2891780436038971,0.09619513899087906,0.8633396307588709,0.76953125,0.8946700096130371,0.07190899550914764
foundation,29,180-degree aperture,OOD aperture,24,-1.6566933393478394,0.10620426386594772,0.4101541340351105,0.12727634608745575,0.8322652180989584,0.7451171875,0.8309305906295776,0.07315650582313538
foundation,29,180-degree aperture,OOD aperture,25,-1.6566933393478394,0.08303523808717728,0.3155931532382965,0.09949728846549988,0.8708051577134697,0.783203125,0.8877806067466736,0.07065087556838989
foundation,29,180-degree aperture,OOD aperture,26,-1.6566933393478394,0.0797685980796814,0.3050008714199066,0.09413400292396545,0.8776578694304947,0.7978515625,0.8910648822784424,0.07132337242364883
foundation,29,180-degree aperture,OOD aperture,27,-1.6566933393478394,0.07779106497764587,0.2757868468761444,0.0955597311258316,0.8751971791778789,0.7626953125,0.9039692878723145,0.07100912183523178
foundation,29,180-degree aperture,OOD aperture,28,-1.6566933393478394,0.08874965459108353,0.34712979197502136,0.10511499643325806,0.8615054837810205,0.78125,0.875,0.07152080535888672
foundation,29,180-degree aperture,OOD aperture,29,-1.6566933393478394,0.08825071156024933,0.3106083869934082,0.11108610779047012,0.8366927190456603,0.7001953125,0.8981868624687195,0.07222829759120941
foundation,29,180-degree aperture,OOD aperture,30,-1.6566933393478394,0.09010151028633118,0.3449171185493469,0.10833030939102173,0.8471534653465347,0.76953125,0.8680202960968018,0.07184597849845886
foundation,29,180-degree aperture,OOD aperture,31,-1.6566933393478394,0.08417616784572601,0.3213143050670624,0.0999339371919632,0.8585594639865997,0.7763671875,0.8842766880989075,0.07149982452392578
exact,29,180-degree aperture,OOD aperture,16,-1.6550369262695312,0.07706701010465622,0.27892059087753296,0.09303320199251175,0.8794759114583335,0.77734375,0.8982412219047546,0.07102180272340775
exact,29,180-degree aperture,OOD aperture,17,-1.6550369262695312,0.07378388941287994,0.25001630187034607,0.09524655342102051,0.8745497453732456,0.728515625,0.9182305932044983,0.0707562118768692
exact,29,180-degree aperture,OOD aperture,18,-1.6550369262695312,0.08722830563783646,0.305636465549469,0.1075727641582489,0.8631531213785458,0.724609375,0.8975741267204285,0.0711631327867508
exact,29,180-degree aperture,OOD aperture,19,-1.6550369262695312,0.10700727254152298,0.4398801922798157,0.12516434490680695,0.8265112061147817,0.77734375,0.8241205811500549,0.0732472687959671
exact,29,180-degree aperture,OOD aperture,20,-1.6550369262695312,0.09517721086740494,0.3662605285644531,0.11236980557441711,0.8603031567236824,0.7783203125,0.8619824051856995,0.07157738506793976
exact,29,180-degree aperture,OOD aperture,21,-1.6550369262695312,0.0752301961183548,0.25579583644866943,0.09201192855834961,0.9044867561816714,0.76171875,0.9230769276618958,0.07180453836917877
exact,29,180-degree aperture,OOD aperture,22,-1.6550369262695312,0.0867142379283905,0.3122701644897461,0.1048644632101059,0.8525672089535017,0.7568359375,0.8812903761863708,0.0736626610159874
exact,29,180-degree aperture,OOD aperture,23,-1.6550369262695312,0.07855498045682907,0.28551769256591797,0.0953240618109703,0.8677790040091531,0.7685546875,0.8983480930328369,0.07188676297664642
exact,29,180-degree aperture,OOD aperture,24,-1.6550369262695312,0.10545431822538376,0.4051705598831177,0.1264389455318451,0.8364308675130209,0.7392578125,0.8361955285072327,0.07315365970134735
exact,29,180-degree aperture,OOD aperture,25,-1.6550369262695312,0.08235858380794525,0.31164970993995667,0.09862808138132095,0.8751372530195664,0.7822265625,0.8913857340812683,0.07063885033130646
exact,29,180-degree aperture,OOD aperture,26,-1.6550369262695312,0.07914655655622482,0.30130335688591003,0.09330442547798157,0.8762088974854934,0.7978515625,0.8910648822784424,0.07131348550319672
exact,29,180-degree aperture,OOD aperture,27,-1.6550369262695312,0.07707730680704117,0.27207762002944946,0.09465738385915756,0.8795954347220933,0.7626953125,0.9065300822257996,0.07099176198244095
exact,29,180-degree aperture,OOD aperture,28,-1.6550369262695312,0.08811042457818985,0.3429774343967438,0.10431580245494843,0.8651768287015522,0.78125,0.875,0.07150929421186447
exact,29,180-degree aperture,OOD aperture,29,-1.6550369262695312,0.08737543970346451,0.3063300549983978,0.10999183356761932,0.8388836892708246,0.7001953125,0.8981868624687195,0.07222191989421844
exact,29,180-degree aperture,OOD aperture,30,-1.6550369262695312,0.08938246220350266,0.34052014350891113,0.10742964595556259,0.8483904465212877,0.76953125,0.8692893385887146,0.0718006044626236
exact,29,180-degree aperture,OOD aperture,31,-1.6550369262695312,0.08351435512304306,0.3173489272594452,0.09907327592372894,0.8625552002436425,0.7783203125,0.884567141532898,0.0714864730834961
foundation,29,180-degree aperture,OOD aperture,32,-1.6566933393478394,0.07366203516721725,0.2638167440891266,0.09974031150341034,0.8190606085366084,0.6708984375,0.9184861779212952,0.07243834435939789
foundation,29,180-degree aperture,OOD aperture,33,-1.6566933393478394,0.10948912054300308,0.4098757207393646,0.13597634434700012,0.7597999198491977,0.6796875,0.829023003578186,0.07617900520563126
foundation,29,180-degree aperture,OOD aperture,34,-1.6566933393478394,0.07734034210443497,0.296813040971756,0.08949938416481018,0.8766916798314902,0.814453125,0.88968825340271,0.0700594037771225
foundation,29,180-degree aperture,OOD aperture,35,-1.6566933393478394,0.08537528663873672,0.31238803267478943,0.10357823967933655,0.8678873518593007,0.7607421875,0.8831835985183716,0.07209359109401703
foundation,29,180-degree aperture,OOD aperture,36,-1.6566933393478394,0.08896666020154953,0.32319360971450806,0.10786329209804535,0.8379129009493024,0.751953125,0.8779220581054688,0.0742124393582344
foundation,29,180-degree aperture,OOD aperture,37,-1.6566933393478394,0.0782826840877533,0.28169381618499756,0.09444546699523926,0.8749626922491244,0.7490234375,0.9113428592681885,0.07168738543987274
foundation,29,180-degree aperture,OOD aperture,38,-1.6566933393478394,0.07548181712627411,0.2842309772968292,0.09093500673770905,0.8754150341448834,0.796875,0.8933823704719543,0.07053593546152115
foundation,29,180-degree aperture,OOD aperture,39,-1.6566933393478394,0.07491812855005264,0.26621606945991516,0.0942414402961731,0.8618002174691867,0.7431640625,0.9093298316001892,0.07201752066612244
foundation,29,180-degree aperture,OOD aperture,40,-1.6566933393478394,0.09809146821498871,0.3680875301361084,0.11557909846305847,0.866471015887271,0.765625,0.858418345451355,0.07155072689056396
foundation,29,180-degree aperture,OOD aperture,41,-1.6566933393478394,0.08820533752441406,0.33843478560447693,0.10648016631603241,0.8462892685798896,0.7646484375,0.8735631704330444,0.07118090242147446
foundation,29,180-degree aperture,OOD aperture,42,-1.6566933393478394,0.08436740189790726,0.2964610159397125,0.10545801371335983,0.8485807379575542,0.7255859375,0.8950201869010925,0.07163781672716141
foundation,29,180-degree aperture,OOD aperture,43,-1.6566933393478394,0.08510304242372513,0.3072296380996704,0.10417178273200989,0.8607038293521704,0.75,0.890625,0.07089194655418396
foundation,29,180-degree aperture,OOD aperture,44,-1.6566933393478394,0.0727597028017044,0.25363072752952576,0.09093596041202545,0.8745595259847041,0.7578125,0.9136597514152527,0.07214507460594177
foundation,29,180-degree aperture,OOD aperture,45,-1.6566933393478394,0.07589499652385712,0.28300097584724426,0.0904173031449318,0.8672984539562074,0.7880859375,0.8934324979782104,0.07066351175308228
foundation,29,180-degree aperture,OOD aperture,46,-1.6566933393478394,0.07922367751598358,0.27363264560699463,0.09574473649263382,0.8950827891505858,0.7705078125,0.9176172018051147,0.07194021344184875
foundation,29,180-degree aperture,OOD aperture,47,-1.6566933393478394,0.06884811073541641,0.2351672500371933,0.08743537962436676,0.9004219952968463,0.7587890625,0.9369369745254517,0.07065285742282867
exact,29,180-degree aperture,OOD aperture,32,-1.6550369262695312,0.07281382381916046,0.2600013017654419,0.09860262274742126,0.8233623627413859,0.6708984375,0.9213973879814148,0.07243472337722778
exact,29,180-degree aperture,OOD aperture,33,-1.6550369262695312,0.10855020582675934,0.4044046401977539,0.13480457663536072,0.7673487809232844,0.677734375,0.8342939019203186,0.07616329193115234
exact,29,180-degree aperture,OOD aperture,34,-1.6550369262695312,0.07678860425949097,0.29333221912384033,0.08872812986373901,0.8799960505529225,0.8134765625,0.8919567465782166,0.07004831731319427
exact,29,180-degree aperture,OOD aperture,35,-1.6550369262695312,0.08472828567028046,0.30879855155944824,0.10272768139839172,0.87005967005967,0.759765625,0.8856040835380554,0.07206140458583832
exact,29,180-degree aperture,OOD aperture,36,-1.6550369262695312,0.08825027942657471,0.3191355764865875,0.10688948631286621,0.8440253147267056,0.75390625,0.878238320350647,0.0742073655128479
exact,29,180-degree aperture,OOD aperture,37,-1.6550369262695312,0.07757294178009033,0.2780909240245819,0.0934867337346077,0.8773509917577714,0.748046875,0.915143609046936,0.07168462872505188
exact,29,180-degree aperture,OOD aperture,38,-1.6550369262695312,0.0748743936419487,0.28067877888679504,0.09013311564922333,0.8758904989415597,0.7998046875,0.8962149024009705,0.07051253318786621
exact,29,180-degree aperture,OOD aperture,39,-1.6550369262695312,0.07417797297239304,0.26266181468963623,0.0932554379105568,0.8631942464277794,0.744140625,0.9120734930038452,0.07199475169181824
exact,29,180-degree aperture,OOD aperture,40,-1.6550369262695312,0.09738454967737198,0.3636445999145508,0.1147257536649704,0.8685174164562325,0.7626953125,0.8629961609840393,0.071537084877491
exact,29,180-degree aperture,OOD aperture,41,-1.6550369262695312,0.08753180503845215,0.334244042634964,0.10564325004816055,0.8508478923651797,0.765625,0.875,0.07116340100765228
exact,29,180-degree aperture,OOD aperture,42,-1.6550369262695312,0.08355434983968735,0.2924529016017914,0.10442259907722473,0.8537881234038804,0.728515625,0.8981233239173889,0.07162544876337051
exact,29,180-degree aperture,OOD aperture,43,-1.6550369262695312,0.0843522772192955,0.3033527433872223,0.10322845727205276,0.8637076418157545,0.7470703125,0.8954248428344727,0.07086414098739624
exact,29,180-degree aperture,OOD aperture,44,-1.6550369262695312,0.07205764949321747,0.2502560019493103,0.0900336354970932,0.8769784314111009,0.759765625,0.9164524674415588,0.07214033603668213
exact,29,180-degree aperture,OOD aperture,45,-1.6550369262695312,0.0752532035112381,0.2793497145175934,0.0895291268825531,0.8714732309628201,0.7880859375,0.8971499800682068,0.07066860049962997
exact,29,180-degree aperture,OOD aperture,46,-1.6550369262695312,0.07851352542638779,0.2699630558490753,0.09491343796253204,0.8969487905032563,0.7705078125,0.9188846349716187,0.07193340361118317
exact,29,180-degree aperture,OOD aperture,47,-1.6550369262695312,0.06810816377401352,0.23198409378528595,0.08653713762760162,0.9022903726708074,0.7578125,0.938144326210022,0.07064619660377502
foundation,29,180-degree aperture,OOD aperture,48,-1.6566933393478394,0.08678636699914932,0.3112388551235199,0.10365597903728485,0.8807303335012129,0.767578125,0.8918575048446655,0.07045111060142517
foundation,29,180-degree aperture,OOD aperture,49,-1.6566933393478394,0.06900952756404877,0.2383357286453247,0.08685025572776794,0.8889231346483705,0.7626953125,0.9295774698257446,0.06966504454612732
foundation,29,180-degree aperture,OOD aperture,50,-1.6566933393478394,0.10559810698032379,0.40917569398880005,0.1281070113182068,0.7964832041343668,0.7255859375,0.8371466994285583,0.07425291836261749
foundation,29,180-degree aperture,OOD aperture,51,-1.6566933393478394,0.08378326147794724,0.28915154933929443,0.103398397564888,0.8704144306860482,0.7275390625,0.9046980142593384,0.07192319631576538
foundation,29,180-degree aperture,OOD aperture,52,-1.6566933393478394,0.0736435055732727,0.25114989280700684,0.09619259834289551,0.8574848955313219,0.703125,0.9263889193534851,0.07246171683073044
foundation,29,180-degree aperture,OOD aperture,53,-1.6566933393478394,0.08356373757123947,0.29692068696022034,0.1037571057677269,0.8483517773798691,0.728515625,0.8927614092826843,0.07235845923423767
foundation,29,180-degree aperture,OOD aperture,54,-1.6566933393478394,0.07908601313829422,0.28034818172454834,0.09573933482170105,0.8967132744539756,0.775390625,0.9105793237686157,0.06899011135101318
foundation,29,180-degree aperture,OOD aperture,55,-1.6566933393478394,0.08716601133346558,0.3193770945072174,0.10425432026386261,0.8725389740828862,0.76171875,0.8935897946357727,0.07036954164505005
foundation,29,180-degree aperture,OOD aperture,56,-1.6566933393478394,0.08631297200918198,0.3071359097957611,0.10657697170972824,0.8609745373146261,0.734375,0.8909574151039124,0.07344360649585724
foundation,29,180-degree aperture,OOD aperture,57,-1.6566933393478394,0.09454713016748428,0.36598798632621765,0.11384736001491547,0.8410794685829619,0.7607421875,0.8600770235061646,0.07353788614273071
foundation,29,180-degree aperture,OOD aperture,58,-1.6566933393478394,0.09420477598905563,0.3561902940273285,0.1135130450129509,0.8445547454938399,0.7587890625,0.8597168922424316,0.07362769544124603
foundation,29,180-degree aperture,OOD aperture,59,-1.6566933393478394,0.09711803495883942,0.3619121015071869,0.11712884157896042,0.8324389442558319,0.7431640625,0.8554533123970032,0.07159654796123505
foundation,29,180-degree aperture,OOD aperture,60,-1.6566933393478394,0.07013215869665146,0.24663469195365906,0.08512713760137558,0.8956903945111492,0.7841796875,0.9190534949302673,0.07035555690526962
foundation,29,180-degree aperture,OOD aperture,61,-1.6566933393478394,0.07841500639915466,0.2824399471282959,0.09509912878274918,0.8798534343559806,0.77734375,0.8994974493980408,0.07008106261491776
foundation,29,180-degree aperture,OOD aperture,62,-1.6566933393478394,0.08605291694402695,0.30474531650543213,0.10586640238761902,0.8645610651547541,0.74609375,0.8939790725708008,0.07064193487167358
foundation,29,180-degree aperture,OOD aperture,63,-1.6566933393478394,0.10299555212259293,0.38964352011680603,0.12202084064483643,0.8450179502811083,0.7470703125,0.8496732115745544,0.0731220692396164
exact,29,180-degree aperture,OOD aperture,48,-1.6550369262695312,0.0860760435461998,0.3073316812515259,0.10277935862541199,0.8830339715586951,0.765625,0.8941326141357422,0.07043080031871796
exact,29,180-degree aperture,OOD aperture,49,-1.6550369262695312,0.06829820573329926,0.23505280911922455,0.08596009016036987,0.8906747433955914,0.763671875,0.9309462904930115,0.06966698914766312
exact,29,180-degree aperture,OOD aperture,50,-1.6550369262695312,0.10475142300128937,0.4038521945476532,0.12707474827766418,0.7971852708694813,0.7216796875,0.8416779041290283,0.07425551116466522
exact,29,180-degree aperture,OOD aperture,51,-1.6550369262695312,0.08295385539531708,0.28513383865356445,0.1023731604218483,0.8715482415487663,0.7294921875,0.9076305031776428,0.07189343124628067
exact,29,180-degree aperture,OOD aperture,52,-1.6550369262695312,0.0727701261639595,0.24747546017169952,0.09504623711109161,0.8594998208707567,0.7041015625,0.9278779625892639,0.07246559858322144
exact,29,180-degree aperture,OOD aperture,53,-1.6550369262695312,0.08276690542697906,0.29287731647491455,0.10273098945617676,0.8468328419547931,0.7294921875,0.8955823183059692,0.07234865427017212
exact,29,180-degree aperture,OOD aperture,54,-1.6550369262695312,0.07838772982358932,0.2766508460044861,0.09493356198072433,0.8971158824425156,0.7763671875,0.9132075309753418,0.06897641718387604
exact,29,180-degree aperture,OOD aperture,55,-1.6550369262695312,0.08640303462743759,0.3151768147945404,0.10329329967498779,0.8734544691418478,0.7626953125,0.8937259912490845,0.07033765316009521
exact,29,180-degree aperture,OOD aperture,56,-1.6550369262695312,0.08551236242055893,0.3029934763908386,0.10559242963790894,0.8656856194930304,0.7333984375,0.8948068618774414,0.07341843843460083
exact,29,180-degree aperture,OOD aperture,57,-1.6550369262695312,0.09388051182031631,0.36165252327919006,0.11307147145271301,0.8420703125000001,0.76171875,0.8602564334869385,0.07354354858398438
exact,29,180-degree aperture,OOD aperture,58,-1.6550369262695312,0.09335363656282425,0.35116705298423767,0.11245516687631607,0.8463134473647616,0.7568359375,0.8632258176803589,0.07359050214290619
exact,29,180-degree aperture,OOD aperture,59,-1.6550369262695312,0.09628187865018845,0.35703274607658386,0.11610147356987,0.8373617347497535,0.7451171875,0.8571428656578064,0.07155339419841766
exact,29,180-degree aperture,OOD aperture,60,-1.6550369262695312,0.06944800913333893,0.24330845475196838,0.08421388268470764,0.8992348306174958,0.783203125,0.9226933121681213,0.0703468918800354
exact,29,180-degree aperture,OOD aperture,61,-1.6550369262695312,0.07773150503635406,0.2787282168865204,0.09424254298210144,0.8822630827456776,0.7763671875,0.900628924369812,0.07007473707199097
exact,29,180-degree aperture,OOD aperture,62,-1.6550369262695312,0.08526231348514557,0.3005927801132202,0.1049407571554184,0.8656721656721658,0.74609375,0.8952879905700684,0.07063600420951843
exact,29,180-degree aperture,OOD aperture,63,-1.6550369262695312,0.1021539717912674,0.384662002325058,0.12102086842060089,0.8482245490835371,0.74609375,0.8507853746414185,0.07307945191860199
foundation,29,heteroscedastic noise,OOD noise,0,-1.6566933393478394,0.03241275995969772,0.11391440033912659,0.03801907226443291,0.9484654878813874,0.8779296875,0.9733036160469055,0.06509160250425339
foundation,29,heteroscedastic noise,OOD noise,1,-1.6566933393478394,0.02724192477762699,0.1009175255894661,0.029625650495290756,0.9503238795518208,0.8798828125,0.9800222516059875,0.06460151821374893
foundation,29,heteroscedastic noise,OOD noise,2,-1.6566933393478394,0.029134562239050865,0.09732605516910553,0.035394567996263504,0.9536802625410221,0.873046875,0.9832214713096619,0.06681258231401443
foundation,29,heteroscedastic noise,OOD noise,3,-1.6566933393478394,0.03409669175744057,0.11340024322271347,0.039606839418411255,0.9418253920567206,0.8466796875,0.9769319295883179,0.06651890277862549
foundation,29,heteroscedastic noise,OOD noise,4,-1.6566933393478394,0.01461565401405096,0.05128642916679382,0.025475379079580307,0.9690745802420929,0.904296875,0.9967602491378784,0.06476530432701111
foundation,29,heteroscedastic noise,OOD noise,5,-1.6566933393478394,0.02401263453066349,0.08192531764507294,0.021612955257296562,0.9617710756396889,0.8798828125,0.9900111556053162,0.06569017469882965
foundation,29,heteroscedastic noise,OOD noise,6,-1.6566933393478394,0.03234109655022621,0.10737178474664688,0.038844481110572815,0.9551270256013936,0.8759765625,0.9754738211631775,0.06256484985351562
foundation,29,heteroscedastic noise,OOD noise,7,-1.6566933393478394,0.024740757420659065,0.08711820840835571,0.02794443815946579,0.9544363770612848,0.8828125,0.9845132827758789,0.0644545704126358
foundation,29,heteroscedastic noise,OOD noise,8,-1.6566933393478394,0.02624453976750374,0.08719238638877869,0.031222401186823845,0.9455042112451628,0.853515625,0.9897024631500244,0.06494729220867157
foundation,29,heteroscedastic noise,OOD noise,9,-1.6566933393478394,0.026823149994015694,0.09062887728214264,0.033238667994737625,0.9471434407096172,0.8642578125,0.9830508828163147,0.06661918759346008
foundation,29,heteroscedastic noise,OOD noise,10,-1.6566933393478394,0.01847282238304615,0.0652158260345459,0.020802844315767288,0.9673156062044951,0.91015625,0.9892703890800476,0.06541654467582703
foundation,29,heteroscedastic noise,OOD noise,11,-1.6566933393478394,0.022315016016364098,0.07185759395360947,0.027150705456733704,0.9716188776765937,0.8798828125,0.9900111556053162,0.06457362323999405
foundation,29,heteroscedastic noise,OOD noise,12,-1.6566933393478394,0.016013100743293762,0.05697000026702881,0.023999355733394623,0.9608070500927643,0.869140625,0.9966292381286621,0.0656394511461258
foundation,29,heteroscedastic noise,OOD noise,13,-1.6566933393478394,0.0222500991076231,0.08013495057821274,0.025649266317486763,0.9511315770686085,0.89453125,0.9836244583129883,0.06453081220388412
foundation,29,heteroscedastic noise,OOD noise,14,-1.6566933393478394,0.03787378966808319,0.1264636069536209,0.044489115476608276,0.927956989247312,0.837890625,0.9755244851112366,0.06608506292104721
foundation,29,heteroscedastic noise,OOD noise,15,-1.6566933393478394,0.027394993230700493,0.10022908449172974,0.02905336394906044,0.9510129751877987,0.8935546875,0.9759563207626343,0.06391791999340057
exact,29,heteroscedastic noise,OOD noise,0,-1.6550369262695312,0.0325232557952404,0.11416509002447128,0.038180187344551086,0.9476844679461736,0.876953125,0.9732739925384521,0.06514628231525421
exact,29,heteroscedastic noise,OOD noise,1,-1.6550369262695312,0.027348555624485016,0.10117733478546143,0.02986401505768299,0.9526600284495021,0.87890625,0.9800000190734863,0.06464053690433502
exact,29,heteroscedastic noise,OOD noise,2,-1.6550369262695312,0.029043693095445633,0.09710947424173355,0.03525630012154579,0.9506850066512157,0.873046875,0.9821029305458069,0.06679129600524902
exact,29,heteroscedastic noise,OOD noise,3,-1.6550369262695312,0.03414846584200859,0.11335494369268417,0.039837464690208435,0.9408279757255302,0.8427734375,0.9779837727546692,0.06667882204055786
exact,29,heteroscedastic noise,OOD noise,4,-1.6550369262695312,0.014503355138003826,0.05107872933149338,0.02556000091135502,0.9696472732005728,0.904296875,0.9967602491378784,0.06475266814231873
exact,29,heteroscedastic noise,OOD noise,5,-1.6550369262695312,0.023983433842658997,0.08183400332927704,0.0214543417096138,0.9635446321250078,0.87890625,0.9900000095367432,0.06574356555938721
exact,29,heteroscedastic noise,OOD noise,6,-1.6550369262695312,0.032330576330423355,0.10726501047611237,0.038792308419942856,0.9533272177319383,0.875,0.9754464626312256,0.0626201331615448
exact,29,heteroscedastic noise,OOD noise,7,-1.6550369262695312,0.024776872247457504,0.08719173818826675,0.02800755947828293,0.9541441053408811,0.8818359375,0.9844961166381836,0.06451907753944397
exact,29,heteroscedastic noise,OOD noise,8,-1.6550369262695312,0.0260589811950922,0.08666300773620605,0.0308581180870533,0.9464754533727902,0.853515625,0.9897024631500244,0.06500424444675446
exact,29,heteroscedastic noise,OOD noise,9,-1.6550369262695312,0.026958106085658073,0.09108072519302368,0.03340376541018486,0.9462826797385621,0.865234375,0.9830700159072876,0.06662344932556152
exact,29,heteroscedastic noise,OOD noise,10,-1.6550369262695312,0.01855076104402542,0.06545164436101913,0.02100325934588909,0.9661483064260842,0.908203125,0.9892473220825195,0.06546251475811005
exact,29,heteroscedastic noise,OOD noise,11,-1.6550369262695312,0.02208004705607891,0.07110846787691116,0.0267124455422163,0.9711629938083876,0.87890625,0.991111159324646,0.06456957757472992
exact,29,heteroscedastic noise,OOD noise,12,-1.6550369262695312,0.015867061913013458,0.05660124868154526,0.024909717962145805,0.9620361781076067,0.87109375,0.9966368079185486,0.06560966372489929
exact,29,heteroscedastic noise,OOD noise,13,-1.6550369262695312,0.022228417918086052,0.07996198534965515,0.025593087077140808,0.9514885414435639,0.89453125,0.9836244583129883,0.06456905603408813
exact,29,heteroscedastic noise,OOD noise,14,-1.6550369262695312,0.037788938730955124,0.12583674490451813,0.04438905417919159,0.9279913063372226,0.837890625,0.9755244851112366,0.06611471623182297
exact,29,heteroscedastic noise,OOD noise,15,-1.6550369262695312,0.02751181274652481,0.10058185458183289,0.02933894842863083,0.9500569087184156,0.8916015625,0.9759036302566528,0.0639115422964096
foundation,29,heteroscedastic noise,OOD noise,16,-1.6566933393478394,0.026008954271674156,0.09250263124704361,0.022710371762514114,0.9483512929200075,0.888671875,0.9835165143013,0.0635637640953064
foundation,29,heteroscedastic noise,OOD noise,17,-1.6566933393478394,0.027535177767276764,0.0959872454404831,0.029443364590406418,0.950682056663169,0.8818359375,0.9789590239524841,0.06356558203697205
foundation,29,heteroscedastic noise,OOD noise,18,-1.6566933393478394,0.024101629853248596,0.08057356625795364,0.027530008926987648,0.9572183209970266,0.873046875,0.9921700358390808,0.06347158551216125
foundation,29,heteroscedastic noise,OOD noise,19,-1.6566933393478394,0.022471647709608078,0.07476461678743362,0.02448609098792076,0.9690419376471873,0.8759765625,0.9933110475540161,0.06393446773290634
foundation,29,heteroscedastic noise,OOD noise,20,-1.6566933393478394,0.03299592062830925,0.11581165343523026,0.040485210716724396,0.9432488719194724,0.8759765625,0.9698997139930725,0.0663384199142456
foundation,29,heteroscedastic noise,OOD noise,21,-1.6566933393478394,0.03235933929681778,0.10946892201900482,0.03708294406533241,0.9533737907829117,0.8564453125,0.9794754385948181,0.06475581228733063
foundation,29,heteroscedastic noise,OOD noise,22,-1.6566933393478394,0.033512525260448456,0.11293889582157135,0.03708616644144058,0.9553103146853148,0.869140625,0.9752808809280396,0.0646016001701355
foundation,29,heteroscedastic noise,OOD noise,23,-1.6566933393478394,0.035286303609609604,0.1220165267586708,0.04188290238380432,0.9380598059339429,0.8564453125,0.9692131876945496,0.06541430950164795
foundation,29,heteroscedastic noise,OOD noise,24,-1.6566933393478394,0.03480878472328186,0.11440719664096832,0.037382617592811584,0.9417570639435591,0.8271484375,0.9858323335647583,0.06625053286552429
foundation,29,heteroscedastic noise,OOD noise,25,-1.6566933393478394,0.030114879831671715,0.10274907946586609,0.034304115921258926,0.9498945147679325,0.8759765625,0.9799331426620483,0.06512878835201263
foundation,29,heteroscedastic noise,OOD noise,26,-1.6566933393478394,0.03130275011062622,0.09911294281482697,0.036373071372509,0.9618818722586072,0.8603515625,0.9897843599319458,0.0644017904996872
foundation,29,heteroscedastic noise,OOD noise,27,-1.6566933393478394,0.031587500125169754,0.1066252589225769,0.037352077662944794,0.9370222800455359,0.85546875,0.9783104658126831,0.06584955006837845
foundation,29,heteroscedastic noise,OOD noise,28,-1.6566933393478394,0.022298650816082954,0.07733015716075897,0.02569548413157463,0.9575438775683911,0.8896484375,0.9868276715278625,0.06459099799394608
foundation,29,heteroscedastic noise,OOD noise,29,-1.6566933393478394,0.02937309630215168,0.10243947803974152,0.033429645001888275,0.9555084745762712,0.8798828125,0.9744728207588196,0.06509475409984589
foundation,29,heteroscedastic noise,OOD noise,30,-1.6566933393478394,0.025722691789269447,0.08779066801071167,0.026643864810466766,0.9577436623184838,0.8798828125,0.9844617247581482,0.0646296888589859
foundation,29,heteroscedastic noise,OOD noise,31,-1.6566933393478394,0.02504483051598072,0.08849958330392838,0.027974512428045273,0.9582809224318658,0.8818359375,0.9844961166381836,0.06457759439945221
exact,29,heteroscedastic noise,OOD noise,16,-1.6550369262695312,0.02590157836675644,0.09205562621355057,0.022511858493089676,0.949032225116184,0.888671875,0.9835165143013,0.0635327473282814
exact,29,heteroscedastic noise,OOD noise,17,-1.6550369262695312,0.02756798081099987,0.09600189328193665,0.02952384576201439,0.9503125785141067,0.8818359375,0.9789590239524841,0.06361472606658936
exact,29,heteroscedastic noise,OOD noise,18,-1.6550369262695312,0.024057291448116302,0.0804254487156868,0.027425216510891914,0.9558995748776771,0.8720703125,0.9921612739562988,0.0635002925992012
exact,29,heteroscedastic noise,OOD noise,19,-1.6550369262695312,0.022291002795100212,0.07428400218486786,0.024046694859862328,0.968574049471753,0.876953125,0.993318498134613,0.06394437700510025
exact,29,heteroscedastic noise,OOD noise,20,-1.6550369262695312,0.03343258053064346,0.11742444336414337,0.04126788675785065,0.9433032245532245,0.873046875,0.9697986841201782,0.06633193790912628
exact,29,heteroscedastic noise,OOD noise,21,-1.6550369262695312,0.03251352906227112,0.11011763662099838,0.03729718178510666,0.9507697163947164,0.8564453125,0.9794754385948181,0.06474821269512177
exact,29,heteroscedastic noise,OOD noise,22,-1.6550369262695312,0.03349784016609192,0.11282265931367874,0.03702113404870033,0.9552860334110335,0.8720703125,0.9753639698028564,0.06463411450386047
exact,29,heteroscedastic noise,OOD noise,23,-1.6550369262695312,0.03558081388473511,0.12309874594211578,0.042244505137205124,0.936450363873857,0.85546875,0.9703195691108704,0.06539991497993469
exact,29,heteroscedastic noise,OOD noise,24,-1.6550369262695312,0.03453962504863739,0.11348849534988403,0.03685956820845604,0.94321755415003,0.8271484375,0.9858323335647583,0.06624381244182587
exact,29,heteroscedastic noise,OOD noise,25,-1.6550369262695312,0.030255967751145363,0.10333278775215149,0.034500546753406525,0.9521873475361848,0.875,0.981026828289032,0.06516703963279724
exact,29,heteroscedastic noise,OOD noise,26,-1.6550369262695312,0.031162427738308907,0.09870249032974243,0.036098700016736984,0.9608950077700078,0.8603515625,0.9897843599319458,0.06438962370157242
exact,29,heteroscedastic noise,OOD noise,27,-1.6550369262695312,0.031614530831575394,0.10660718381404877,0.037409137934446335,0.9364937388193202,0.85546875,0.9783104658126831,0.06580813229084015
exact,29,heteroscedastic noise,OOD noise,28,-1.6550369262695312,0.022194327786564827,0.07700866460800171,0.02547978237271309,0.958275879679281,0.8896484375,0.9868276715278625,0.06459982693195343
exact,29,heteroscedastic noise,OOD noise,29,-1.6550369262695312,0.029471980407834053,0.10271210223436356,0.03364390507340431,0.9531578594869733,0.875,0.9776785969734192,0.06509663909673691
exact,29,heteroscedastic noise,OOD noise,30,-1.6550369262695312,0.025787003338336945,0.08802296221256256,0.026718389242887497,0.9570668225449175,0.8798828125,0.9844617247581482,0.064748615026474
exact,29,heteroscedastic noise,OOD noise,31,-1.6550369262695312,0.02495209500193596,0.08818571269512177,0.02775971032679081,0.9586552860137767,0.8818359375,0.9844961166381836,0.06461532413959503
foundation,29,heteroscedastic noise,OOD noise,32,-1.6566933393478394,0.020854227244853973,0.06894662231206894,0.023417925462126732,0.967155528233951,0.8896484375,0.9923161268234253,0.06517960131168365
foundation,29,heteroscedastic noise,OOD noise,33,-1.6566933393478394,0.022404607385396957,0.08204415440559387,0.023592282086610794,0.9580739972337482,0.896484375,0.9793028235435486,0.06495843827724457
foundation,29,heteroscedastic noise,OOD noise,34,-1.6566933393478394,0.021468112245202065,0.07236404716968536,0.02236606553196907,0.9634679876751272,0.8671875,0.994369387626648,0.06416638940572739
foundation,29,heteroscedastic noise,OOD noise,35,-1.6566933393478394,0.019122296944260597,0.06421874463558197,0.02661287970840931,0.959835728952772,0.8857421875,0.9944873452186584,0.06568600237369537
foundation,29,heteroscedastic noise,OOD noise,36,-1.6566933393478394,0.022957565262913704,0.07934096455574036,0.025086823850870132,0.9524847428073234,0.8564453125,0.9908779859542847,0.06598781794309616
foundation,29,heteroscedastic noise,OOD noise,37,-1.6566933393478394,0.030005887150764465,0.09605911374092102,0.033320292830467224,0.9653263403263403,0.8564453125,0.9920182228088379,0.0650208443403244
foundation,29,heteroscedastic noise,OOD noise,38,-1.6566933393478394,0.03421951085329056,0.11890478432178497,0.039820633828639984,0.9400238050491763,0.8740234375,0.9720669984817505,0.06614023447036743
foundation,29,heteroscedastic noise,OOD noise,39,-1.6566933393478394,0.027478860691189766,0.10294747352600098,0.02463364601135254,0.9537445936717506,0.8974609375,0.9749727845191956,0.06380052119493484
foundation,29,heteroscedastic noise,OOD noise,40,-1.6566933393478394,0.029659373685717583,0.09757417440414429,0.032282404601573944,0.9517560144936814,0.8310546875,0.9941245317459106,0.066021628677845
foundation,29,heteroscedastic noise,OOD noise,41,-1.6566933393478394,0.029545167461037636,0.09360158443450928,0.04030000790953636,0.9497087132725431,0.84765625,0.981566846370697,0.06609000265598297
foundation,29,heteroscedastic noise,OOD noise,42,-1.6566933393478394,0.0323629193007946,0.10794064402580261,0.0369461327791214,0.9604336635586636,0.8798828125,0.978912353515625,0.06173165887594223
foundation,29,heteroscedastic noise,OOD noise,43,-1.6566933393478394,0.02748447097837925,0.09241366386413574,0.03299502283334732,0.9502133712660028,0.86328125,0.9852941632270813,0.06373372673988342
foundation,29,heteroscedastic noise,OOD noise,44,-1.6566933393478394,0.023463789373636246,0.08236554265022278,0.028294716030359268,0.9587720474817248,0.9013671875,0.9826652407646179,0.06419942528009415
foundation,29,heteroscedastic noise,OOD noise,45,-1.6566933393478394,0.028476426377892494,0.10477881133556366,0.029685020446777344,0.9486336494555672,0.8828125,0.9778761267662048,0.06470786035060883
foundation,29,heteroscedastic noise,OOD noise,46,-1.6566933393478394,0.022121867164969444,0.07285010814666748,0.02752397209405899,0.9633951822916667,0.8857421875,0.9889746904373169,0.06505662202835083
foundation,29,heteroscedastic noise,OOD noise,47,-1.6566933393478394,0.022493897005915642,0.07645291835069656,0.029990067705512047,0.9520182291666666,0.8544921875,0.9919999837875366,0.06596140563488007
exact,29,heteroscedastic noise,OOD noise,32,-1.6550369262695312,0.020893815904855728,0.06912894546985626,0.02339693158864975,0.9670677087907263,0.888671875,0.992307722568512,0.06513887643814087
exact,29,heteroscedastic noise,OOD noise,33,-1.6550369262695312,0.02247302606701851,0.08219490200281143,0.023786690086126328,0.9590419283999796,0.896484375,0.9782134890556335,0.06495557725429535
exact,29,heteroscedastic noise,OOD noise,34,-1.6550369262695312,0.02134721726179123,0.07208769023418427,0.023231077939271927,0.9640978499565905,0.8671875,0.994369387626648,0.06420730799436569
exact,29,heteroscedastic noise,OOD noise,35,-1.6550369262695312,0.018998710438609123,0.06386732310056686,0.026629170402884483,0.9587441130298273,0.8857421875,0.9944873452186584,0.06563736498355865
exact,29,heteroscedastic noise,OOD noise,36,-1.6550369262695312,0.02294638380408287,0.07928860932588577,0.025023795664310455,0.952300315203541,0.8564453125,0.9908779859542847,0.06593450903892517
exact,29,heteroscedastic noise,OOD noise,37,-1.6550369262695312,0.03013506904244423,0.0963641107082367,0.03363093361258507,0.9645493395493396,0.8564453125,0.9920182228088379,0.06505348533391953
exact,29,heteroscedastic noise,OOD noise,38,-1.6550369262695312,0.034137189388275146,0.11855418980121613,0.03965356945991516,0.9437186422797139,0.8740234375,0.9720669984817505,0.06614194810390472
exact,29,heteroscedastic noise,OOD noise,39,-1.6550369262695312,0.027550887316465378,0.10317697376012802,0.024864625185728073,0.9510983263598327,0.896484375,0.9749454855918884,0.06387314200401306
exact,29,heteroscedastic noise,OOD noise,40,-1.6550369262695312,0.029484855011105537,0.09709756821393967,0.03221375122666359,0.9525626416398857,0.83203125,0.9941314458847046,0.06601788103580475
exact,29,heteroscedastic noise,OOD noise,41,-1.6550369262695312,0.029527978971600533,0.09353825449943542,0.040315642952919006,0.9494807497467073,0.8447265625,0.981502890586853,0.0661223977804184
exact,29,heteroscedastic noise,OOD noise,42,-1.6550369262695312,0.032091494649648666,0.10688700526952744,0.03652391582727432,0.9613199300699301,0.8798828125,0.978912353515625,0.06172075867652893
exact,29,heteroscedastic noise,OOD noise,43,-1.6550369262695312,0.027343766763806343,0.0919908657670021,0.03278719261288643,0.9473622782446312,0.86328125,0.9852941632270813,0.06377385556697845
exact,29,heteroscedastic noise,OOD noise,44,-1.6550369262695312,0.023330315947532654,0.0817025899887085,0.028106871992349625,0.9577481572272442,0.9013671875,0.9826652407646179,0.06425577402114868
exact,29,heteroscedastic noise,OOD noise,45,-1.6550369262695312,0.028751468285918236,0.10564470291137695,0.030444618314504623,0.9476598934043969,0.8798828125,0.9778024554252625,0.06483514606952667
exact,29,heteroscedastic noise,OOD noise,46,-1.6550369262695312,0.021963896229863167,0.0723428949713707,0.027251780033111572,0.9644694010416667,0.8857421875,0.9889746904373169,0.06506310403347015
exact,29,heteroscedastic noise,OOD noise,47,-1.6550369262695312,0.022382086142897606,0.07617202401161194,0.030009910464286804,0.9508283368845283,0.8544921875,0.9919999837875366,0.06595391035079956
foundation,29,heteroscedastic noise,OOD noise,48,-1.6566933393478394,0.013579705730080605,0.04754694923758507,0.023197613656520844,0.9807706622335807,0.9130859375,0.9967914819717407,0.06441293656826019
foundation,29,heteroscedastic noise,OOD noise,49,-1.6566933393478394,0.039102159440517426,0.1346949189901352,0.04551919922232628,0.942342554948886,0.8583984375,0.9658702611923218,0.0658181682229042
foundation,29,heteroscedastic noise,OOD noise,50,-1.6566933393478394,0.0378287136554718,0.12767845392227173,0.04466284066438675,0.949134199134199,0.8603515625,0.9727582931518555,0.06490305811166763
foundation,29,heteroscedastic noise,OOD noise,51,-1.6566933393478394,0.0322997160255909,0.10961048305034637,0.03818404674530029,0.9426014365645365,0.8544921875,0.9782857298851013,0.06398811936378479
foundation,29,heteroscedastic noise,OOD noise,52,-1.6566933393478394,0.039445288479328156,0.14040839672088623,0.04383628070354462,0.932628254317775,0.859375,0.9613636136054993,0.06539285182952881
foundation,29,heteroscedastic noise,OOD noise,53,-1.6566933393478394,0.032966695725917816,0.12075622379779816,0.03594313934445381,0.9462533993783994,0.865234375,0.97516930103302,0.0641450583934784
foundation,29,heteroscedastic noise,OOD noise,54,-1.6566933393478394,0.024693094193935394,0.08436953276395798,0.026494532823562622,0.9691224917640012,0.900390625,0.9837310314178467,0.06312362849712372
foundation,29,heteroscedastic noise,OOD noise,55,-1.6566933393478394,0.026769626885652542,0.08917810022830963,0.031194079667329788,0.9582637482819266,0.888671875,0.982417643070221,0.0664764791727066
foundation,29,heteroscedastic noise,OOD noise,56,-1.6566933393478394,0.024995218962430954,0.07913749665021896,0.03275070711970329,0.9567385444743934,0.857421875,0.9908884167671204,0.06656858325004578
foundation,29,heteroscedastic noise,OOD noise,57,-1.6566933393478394,0.02665681205689907,0.08590954542160034,0.03408943861722946,0.9624539548590181,0.8544921875,0.9874285459518433,0.06534449756145477
foundation,29,heteroscedastic noise,OOD noise,58,-1.6566933393478394,0.0165229644626379,0.056187212467193604,0.025668401271104813,0.9600953353762343,0.880859375,0.9944567680358887,0.06644307076931
foundation,29,heteroscedastic noise,OOD noise,59,-1.6566933393478394,0.02122201956808567,0.07788267731666565,0.024058694019913673,0.9526034337179847,0.8984375,0.9836956262588501,0.0647084042429924
foundation,29,heteroscedastic noise,OOD noise,60,-1.6566933393478394,0.0348048061132431,0.11966278403997421,0.04120417311787605,0.9453214367421643,0.853515625,0.9771166443824768,0.06651541590690613
foundation,29,heteroscedastic noise,OOD noise,61,-1.6566933393478394,0.030061796307563782,0.10399316996335983,0.026942959055304527,0.9571305146806731,0.880859375,0.978935718536377,0.06263942271471024
foundation,29,heteroscedastic noise,OOD noise,62,-1.6566933393478394,0.03235534206032753,0.11003771424293518,0.03723018243908882,0.947644376899696,0.86328125,0.9773756265640259,0.06424371898174286
foundation,29,heteroscedastic noise,OOD noise,63,-1.6566933393478394,0.0257622878998518,0.08338576555252075,0.03239991143345833,0.9470680531626876,0.857421875,0.9920274019241333,0.0637860894203186
exact,29,heteroscedastic noise,OOD noise,48,-1.6550369262695312,0.013498608954250813,0.04735901206731796,0.023234765976667404,0.9811428429645436,0.9140625,0.9967949390411377,0.06440145522356033
exact,29,heteroscedastic noise,OOD noise,49,-1.6550369262695312,0.03906626254320145,0.13433457911014557,0.04547332972288132,0.9411255411255411,0.859375,0.9659090638160706,0.06581524014472961
exact,29,heteroscedastic noise,OOD noise,50,-1.6550369262695312,0.03782966732978821,0.12750603258609772,0.04469522461295128,0.9488095238095238,0.8603515625,0.9727582931518555,0.06496013700962067
exact,29,heteroscedastic noise,OOD noise,51,-1.6550369262695312,0.032374970614910126,0.10989943891763687,0.038333386182785034,0.9416923805743697,0.8544921875,0.977142870426178,0.06400229781866074
exact,29,heteroscedastic noise,OOD noise,52,-1.6550369262695312,0.03978667035698891,0.14131440222263336,0.04445628076791763,0.9337810537810538,0.8564453125,0.9612314701080322,0.06549887359142303
exact,29,heteroscedastic noise,OOD noise,53,-1.6550369262695312,0.03299039602279663,0.12067848443984985,0.03598247841000557,0.9459498834498834,0.865234375,0.97516930103302,0.06418205052614212
exact,29,heteroscedastic noise,OOD noise,54,-1.6550369262695312,0.024720221757888794,0.0844387412071228,0.02650650031864643,0.9687631027253668,0.900390625,0.9837310314178467,0.06311628222465515
exact,29,heteroscedastic noise,OOD noise,55,-1.6550369262695312,0.026620861142873764,0.08860189467668533,0.030995162203907967,0.9592835079733385,0.8876953125,0.9823982119560242,0.06648587435483932
exact,29,heteroscedastic noise,OOD noise,56,-1.6550369262695312,0.024980902671813965,0.07913095504045486,0.03266549110412598,0.9568733153638814,0.8583984375,0.9908987283706665,0.06660301238298416
exact,29,heteroscedastic noise,OOD noise,57,-1.6550369262695312,0.026591656729578972,0.08563589304685593,0.033920250833034515,0.9628156185118211,0.8544921875,0.9874285459518433,0.06536296010017395
exact,29,heteroscedastic noise,OOD noise,58,-1.6550369262695312,0.016432354226708412,0.055983126163482666,0.02660238929092884,0.9607990012484395,0.8837890625,0.9944750666618347,0.06646712124347687
exact,29,heteroscedastic noise,OOD noise,59,-1.6550369262695312,0.021099573001265526,0.07738501578569412,0.023775961250066757,0.9534665540857491,0.8984375,0.9836956262588501,0.06468022614717484
exact,29,heteroscedastic noise,OOD noise,60,-1.6550369262695312,0.03489834442734718,0.11991861462593079,0.04133317619562149,0.9429911183488675,0.853515625,0.9771166443824768,0.06640864908695221
exact,29,heteroscedastic noise,OOD noise,61,-1.6550369262695312,0.030098985880613327,0.10427695512771606,0.026899762451648712,0.9567190992745376,0.8818359375,0.9778516292572021,0.06271392107009888
exact,29,heteroscedastic noise,OOD noise,62,-1.6550369262695312,0.032369259744882584,0.10997361689805984,0.037299785763025284,0.9471631205673758,0.8623046875,0.9773499369621277,0.06428629904985428
exact,29,heteroscedastic noise,OOD noise,63,-1.6550369262695312,0.02559739537537098,0.0828893780708313,0.03210940584540367,0.9481140782672902,0.857421875,0.9920274019241333,0.06382016837596893
foundation,29,wavenumber 12,OOD frequency,0,-1.6566933393478394,0.01175181195139885,0.05156712979078293,0.03459392115473747,0.9840169731258841,0.94921875,0.997942328453064,0.05338852480053902
foundation,29,wavenumber 12,OOD frequency,1,-1.6566933393478394,0.005189904477447271,0.02808893844485283,0.02102055773139,0.9926411199856412,0.958984375,1.0,0.054468512535095215
foundation,29,wavenumber 12,OOD frequency,2,-1.6566933393478394,0.005142920650541782,0.030542593449354172,0.025469614192843437,0.9963875205254515,0.9677734375,1.0,0.05509961396455765
foundation,29,wavenumber 12,OOD frequency,3,-1.6566933393478394,0.006838248111307621,0.040288716554641724,0.031938038766384125,0.9926956033150723,0.9599609375,1.0,0.05519904941320419
foundation,29,wavenumber 12,OOD frequency,4,-1.6566933393478394,0.014237942174077034,0.056464582681655884,0.033899031579494476,0.9860588040964652,0.94921875,0.9999999403953552,0.05351727455854416
foundation,29,wavenumber 12,OOD frequency,5,-1.6566933393478394,0.016187399625778198,0.05846516788005829,0.037370335310697556,0.9912305516265912,0.9462890625,1.0,0.05507336184382439
foundation,29,wavenumber 12,OOD frequency,6,-1.6566933393478394,0.012254228815436363,0.05267023667693138,0.03974095359444618,0.9929765416491081,0.9599609375,1.0,0.054388850927352905
foundation,29,wavenumber 12,OOD frequency,7,-1.6566933393478394,0.005928512662649155,0.035100486129522324,0.029692305251955986,0.991486574983628,0.9560546875,1.0,0.052721600979566574
foundation,29,wavenumber 12,OOD frequency,8,-1.6566933393478394,0.008797623217105865,0.046238720417022705,0.033535435795784,0.9835309617918313,0.935546875,1.0,0.054727792739868164
foundation,29,wavenumber 12,OOD frequency,9,-1.6566933393478394,0.013841982930898666,0.055421143770217896,0.03428661823272705,0.981891501179335,0.9560546875,0.997957170009613,0.053489744663238525
foundation,29,wavenumber 12,OOD frequency,10,-1.6566933393478394,0.009871359914541245,0.04128856956958771,0.02953900769352913,0.9921026653504442,0.9599609375,1.0,0.054642293602228165
foundation,29,wavenumber 12,OOD frequency,11,-1.6566933393478394,0.008266751654446125,0.039987385272979736,0.027162346988916397,0.9938697318007663,0.9609375,0.9999999403953552,0.05493069440126419
foundation,29,wavenumber 12,OOD frequency,12,-1.6566933393478394,0.012185840867459774,0.04813778027892113,0.031960487365722656,0.9895463510848126,0.9521484375,0.9999999403953552,0.05367278307676315
foundation,29,wavenumber 12,OOD frequency,13,-1.6566933393478394,0.005382344126701355,0.033184848725795746,0.02604576013982296,0.9902572523262179,0.9501953125,1.0,0.053984466940164566
foundation,29,wavenumber 12,OOD frequency,14,-1.6566933393478394,0.014217417687177658,0.05528276041150093,0.03164832293987274,0.9821428571428571,0.9501953125,0.9979445338249207,0.05513646453619003
foundation,29,wavenumber 12,OOD frequency,15,-1.6566933393478394,0.007834271527826786,0.03803125023841858,0.02494698017835617,0.9898926420528935,0.9423828125,0.9989637732505798,0.05367854982614517
exact,29,wavenumber 12,OOD frequency,0,-1.6550369262695312,0.011389635503292084,0.05034177377820015,0.03339097648859024,0.9845391476709613,0.94921875,0.997942328453064,0.05359312891960144
exact,29,wavenumber 12,OOD frequency,1,-1.6550369262695312,0.005217744503170252,0.028238587081432343,0.02115246281027794,0.9926411199856412,0.958984375,1.0,0.054488833993673325
exact,29,wavenumber 12,OOD frequency,2,-1.6550369262695312,0.005160829983651638,0.030740680173039436,0.025676865130662918,0.9964969896004379,0.9677734375,1.0,0.055063582956790924
exact,29,wavenumber 12,OOD frequency,3,-1.6550369262695312,0.006938443519175053,0.040511198341846466,0.032106682658195496,0.9924146649810367,0.9609375,0.9999999403953552,0.055256471037864685
exact,29,wavenumber 12,OOD frequency,4,-1.6550369262695312,0.014194952324032784,0.05609779432415962,0.03184615075588226,0.9859250992063492,0.94921875,0.9999999403953552,0.05360613763332367
exact,29,wavenumber 12,OOD frequency,5,-1.6550369262695312,0.01624176651239395,0.05848380923271179,0.0371568463742733,0.9902404526166902,0.9462890625,1.0,0.05520278587937355
exact,29,wavenumber 12,OOD frequency,6,-1.6550369262695312,0.012312129139900208,0.05286993086338043,0.03990516811609268,0.9926956033150723,0.9599609375,1.0,0.05445903539657593
exact,29,wavenumber 12,OOD frequency,7,-1.6550369262695312,0.005831440910696983,0.034705422818660736,0.029344599694013596,0.9914865749836281,0.955078125,1.0,0.05283172428607941
exact,29,wavenumber 12,OOD frequency,8,-1.6550369262695312,0.008767349645495415,0.04534138739109039,0.032321132719516754,0.9797430830039526,0.9345703125,0.9989550709724426,0.054865941405296326
exact,29,wavenumber 12,OOD frequency,9,-1.6550369262695312,0.013593021780252457,0.05494614318013191,0.03293890878558159,0.985596299966964,0.9560546875,0.997957170009613,0.05357132852077484
exact,29,wavenumber 12,OOD frequency,10,-1.6550369262695312,0.009605906903743744,0.04026029258966446,0.028507858514785767,0.9910257560800502,0.9599609375,1.0,0.054846540093421936
exact,29,wavenumber 12,OOD frequency,11,-1.6550369262695312,0.008268044330179691,0.039756979793310165,0.028515789657831192,0.9933223864258347,0.958984375,1.0,0.05493786558508873
exact,29,wavenumber 12,OOD frequency,12,-1.6550369262695312,0.011794866062700748,0.047106578946113586,0.03165753558278084,0.9879684418145956,0.951171875,1.0,0.053845711052417755
exact,29,wavenumber 12,OOD frequency,13,-1.6550369262695312,0.005364503711462021,0.03278741240501404,0.02556636929512024,0.9890530925013683,0.947265625,1.0,0.05409858375787735
exact,29,wavenumber 12,OOD frequency,14,-1.6550369262695312,0.014355016872286797,0.05567365884780884,0.03104732558131218,0.9831181727904668,0.9501953125,0.9979445338249207,0.05532926321029663
exact,29,wavenumber 12,OOD frequency,15,-1.6550369262695312,0.007952280342578888,0.037916526198387146,0.02452916093170643,0.9899402390438247,0.939453125,0.9989604949951172,0.05396570265293121
foundation,29,wavenumber 12,OOD frequency,16,-1.6566933393478394,0.0072070034220814705,0.037246622145175934,0.024127349257469177,0.9830327931218138,0.935546875,1.0,0.055035337805747986
foundation,29,wavenumber 12,OOD frequency,17,-1.6566933393478394,0.015661142766475677,0.05714918673038483,0.03392420709133148,0.9906177733729765,0.951171875,1.0,0.05468977242708206
foundation,29,wavenumber 12,OOD frequency,18,-1.6566933393478394,0.01418573409318924,0.05208151787519455,0.031285230070352554,0.9854043392504932,0.953125,0.9989753365516663,0.051754266023635864
foundation,29,wavenumber 12,OOD frequency,19,-1.6566933393478394,0.009040935896337032,0.04135259613394737,0.029151132330298424,0.9891625615763546,0.9677734375,0.9989908933639526,0.054073628038167953
foundation,29,wavenumber 12,OOD frequency,20,-1.6566933393478394,0.007246611174196005,0.038107678294181824,0.026202665641903877,0.9911740089781633,0.953125,0.9999999403953552,0.0563264824450016
foundation,29,wavenumber 12,OOD frequency,21,-1.6566933393478394,0.012049696408212185,0.048970092087984085,0.0335240513086319,0.9913519430760811,0.9521484375,0.9999999403953552,0.0534093864262104
foundation,29,wavenumber 12,OOD frequency,22,-1.6566933393478394,0.009268869645893574,0.03864240646362305,0.027917517349123955,0.9860974274767378,0.9599609375,1.0,0.054473042488098145
foundation,29,wavenumber 12,OOD frequency,23,-1.6566933393478394,0.009621577337384224,0.041860438883304596,0.03216184675693512,0.9904480966427869,0.958984375,1.0,0.054063938558101654
foundation,29,wavenumber 12,OOD frequency,24,-1.6566933393478394,0.007997298613190651,0.03958294168114662,0.028613081201910973,0.9920109564026478,0.9521484375,0.9999999403953552,0.0533607080578804
foundation,29,wavenumber 12,OOD frequency,25,-1.6566933393478394,0.019060418009757996,0.065320685505867,0.040599942207336426,0.9904761904761906,0.9599609375,1.0,0.05254160985350609
foundation,29,wavenumber 12,OOD frequency,26,-1.6566933393478394,0.013342924416065216,0.05702287703752518,0.040213361382484436,0.9865877712031558,0.958984375,1.0,0.05462818220257759
foundation,29,wavenumber 12,OOD frequency,27,-1.6566933393478394,0.007481145206838846,0.036683354526758194,0.024611353874206543,0.9882868089764641,0.9521484375,0.9999999403953552,0.053711097687482834
foundation,29,wavenumber 12,OOD frequency,28,-1.6566933393478394,0.008336200378835201,0.038685113191604614,0.021080251783132553,0.9794516022464487,0.9453125,0.9989668726921082,0.05447687208652496
foundation,29,wavenumber 12,OOD frequency,29,-1.6566933393478394,0.011591576039791107,0.04630191624164581,0.03360532224178314,0.9949704142011834,0.9619140625,1.0,0.05365726351737976
foundation,29,wavenumber 12,OOD frequency,30,-1.6566933393478394,0.009288220666348934,0.04266560450196266,0.025188017636537552,0.980566534914361,0.9443359375,1.0,0.054560158401727676
foundation,29,wavenumber 12,OOD frequency,31,-1.6566933393478394,0.010963305830955505,0.043866079300642014,0.02932700887322426,0.9903667214012042,0.9599609375,1.0,0.05407215654850006
exact,29,wavenumber 12,OOD frequency,16,-1.6550369262695312,0.007151159457862377,0.036979712545871735,0.02388008125126362,0.9828806208628167,0.9345703125,1.0,0.0550820454955101
exact,29,wavenumber 12,OOD frequency,17,-1.6550369262695312,0.01514432393014431,0.055637963116168976,0.035575807094573975,0.9898909811694747,0.9521484375,0.9999999403953552,0.05480679124593735
exact,29,wavenumber 12,OOD frequency,18,-1.6550369262695312,0.013896610587835312,0.05080963298678398,0.03029843606054783,0.9859104370456788,0.953125,0.9989753365516663,0.052038222551345825
exact,29,wavenumber 12,OOD frequency,19,-1.6550369262695312,0.009111469611525536,0.04161708801984787,0.029426943510770798,0.988943623426382,0.9677734375,0.9989908933639526,0.05406366288661957
exact,29,wavenumber 12,OOD frequency,20,-1.6550369262695312,0.0072635989636182785,0.03802070394158363,0.027604442089796066,0.9907935783306704,0.951171875,1.0,0.056491952389478683
exact,29,wavenumber 12,OOD frequency,21,-1.6550369262695312,0.011787489987909794,0.048170238733291626,0.03255434334278107,0.9903667214012042,0.951171875,1.0,0.05370142310857773
exact,29,wavenumber 12,OOD frequency,22,-1.6550369262695312,0.009329446591436863,0.03887975215911865,0.028094390407204628,0.9863163656267104,0.9599609375,1.0,0.05450817942619324
exact,29,wavenumber 12,OOD frequency,23,-1.6550369262695312,0.00913340225815773,0.04044423997402191,0.03110991232097149,0.9915108267716535,0.9599609375,1.0,0.05410965532064438
exact,29,wavenumber 12,OOD frequency,24,-1.6550369262695312,0.00790469255298376,0.03898365795612335,0.025864463299512863,0.9925035360678925,0.9521484375,0.9999999403953552,0.0535818487405777
exact,29,wavenumber 12,OOD frequency,25,-1.6550369262695312,0.018719684332609177,0.0641903281211853,0.039908166974782944,0.9901477832512315,0.958984375,1.0,0.05274658650159836
exact,29,wavenumber 12,OOD frequency,26,-1.6550369262695312,0.01331090833991766,0.056908391416072845,0.039590850472450256,0.9885129677824642,0.958984375,1.0,0.054653458297252655
exact,29,wavenumber 12,OOD frequency,27,-1.6550369262695312,0.007481005974113941,0.03637266159057617,0.02356038987636566,0.9864258347016968,0.9521484375,0.9999999403953552,0.05387625843286514
exact,29,wavenumber 12,OOD frequency,28,-1.6550369262695312,0.008448964916169643,0.03864501416683197,0.02001476287841797,0.9799727182539683,0.9443359375,0.997931718826294,0.05467339605093002
exact,29,wavenumber 12,OOD frequency,29,-1.6550369262695312,0.011626176536083221,0.046321671456098557,0.03350949287414551,0.9945759368836292,0.9619140625,1.0,0.05371441692113876
exact,29,wavenumber 12,OOD frequency,30,-1.6550369262695312,0.009361730888485909,0.0429416224360466,0.027586955577135086,0.9799901185770751,0.9404296875,1.0,0.054558321833610535
exact,29,wavenumber 12,OOD frequency,31,-1.6550369262695312,0.010992439463734627,0.04346851259469986,0.02872384898364544,0.9889436234263821,0.9609375,0.9999999403953552,0.05411529913544655
foundation,29,wavenumber 12,OOD frequency,32,-1.6566933393478394,0.008681482635438442,0.04441431537270546,0.034481316804885864,0.9908695041438405,0.953125,0.9999999403953552,0.05307236313819885
foundation,29,wavenumber 12,OOD frequency,33,-1.6566933393478394,0.027601120993494987,0.08975312113761902,0.044440269470214844,0.9875658761528326,0.9560546875,1.0,0.05359373986721039
foundation,29,wavenumber 12,OOD frequency,34,-1.6566933393478394,0.013279270380735397,0.057689882814884186,0.04055819287896156,0.9914201183431952,0.9580078125,0.9999999403953552,0.05349048227071762
foundation,29,wavenumber 12,OOD frequency,35,-1.6566933393478394,0.0069763800129294395,0.033036988228559494,0.020987926051020622,0.9944130127298445,0.9638671875,1.0,0.05430731177330017
foundation,29,wavenumber 12,OOD frequency,36,-1.6566933393478394,0.015175829641520977,0.05874357372522354,0.03727153688669205,0.9959650856389987,0.9501953125,1.0,0.053007517009973526
foundation,29,wavenumber 12,OOD frequency,37,-1.6566933393478394,0.007153632119297981,0.032659683376550674,0.0150374174118042,0.9880332341269842,0.9619140625,0.9979695677757263,0.05489734932780266
foundation,29,wavenumber 12,OOD frequency,38,-1.6566933393478394,0.0052741169929504395,0.029195331037044525,0.020023345947265625,0.9946739709350985,0.9638671875,1.0,0.054509274661540985
foundation,29,wavenumber 12,OOD frequency,39,-1.6566933393478394,0.00592078035697341,0.034417614340782166,0.025935562327504158,0.9906126482213438,0.947265625,1.0,0.05444495379924774
foundation,29,wavenumber 12,OOD frequency,40,-1.6566933393478394,0.0047980803065001965,0.02907286211848259,0.02211151272058487,0.9885580708661418,0.9599609375,1.0,0.05561891570687294
foundation,29,wavenumber 12,OOD frequency,41,-1.6566933393478394,0.008290211670100689,0.03844023495912552,0.028555044904351234,0.9910187007874016,0.9541015625,1.0,0.055048443377017975
foundation,29,wavenumber 12,OOD frequency,42,-1.6566933393478394,0.009176468476653099,0.04340742528438568,0.030170930549502373,0.9889271653543307,0.962890625,1.0,0.05384723097085953
foundation,29,wavenumber 12,OOD frequency,43,-1.6566933393478394,0.007239885628223419,0.03784482181072235,0.028970427811145782,0.9893491124260355,0.9560546875,1.0,0.053436242043972015
foundation,29,wavenumber 12,OOD frequency,44,-1.6566933393478394,0.008470447733998299,0.04164664074778557,0.027926256880164146,0.9852216748768473,0.958984375,0.9989817142486572,0.053770583122968674
foundation,29,wavenumber 12,OOD frequency,45,-1.6566933393478394,0.013842316344380379,0.05021068453788757,0.031642694026231766,0.9870498843739677,0.955078125,1.0,0.05406734347343445
foundation,29,wavenumber 12,OOD frequency,46,-1.6566933393478394,0.00907188095152378,0.04369993135333061,0.03200332820415497,0.9925561029009304,0.9521484375,0.9999999403953552,0.05548464134335518
foundation,29,wavenumber 12,OOD frequency,47,-1.6566933393478394,0.013102026656270027,0.04915323108434677,0.03081377036869526,0.9880642555864669,0.953125,0.9999999403953552,0.053643036633729935
exact,29,wavenumber 12,OOD frequency,32,-1.6550369262695312,0.008501233533024788,0.043583597987890244,0.03362597897648811,0.9903076274757691,0.9521484375,0.9999999403953552,0.053337112069129944
exact,29,wavenumber 12,OOD frequency,33,-1.6550369262695312,0.026822706684470177,0.08664603531360626,0.04392937570810318,0.9869894598155468,0.953125,0.9999999403953552,0.053749337792396545
exact,29,wavenumber 12,OOD frequency,34,-1.6550369262695312,0.012870718725025654,0.05646015703678131,0.04058167338371277,0.9906311637080868,0.95703125,0.9999999403953552,0.053611479699611664
exact,29,wavenumber 12,OOD frequency,35,-1.6550369262695312,0.007011951878666878,0.03299255669116974,0.020926106721162796,0.9944837340876945,0.9638671875,1.0,0.05434364452958107
exact,29,wavenumber 12,OOD frequency,36,-1.6550369262695312,0.015005880035459995,0.05771680176258087,0.036776039749383926,0.995800395256917,0.9501953125,1.0,0.05315264314413071
exact,29,wavenumber 12,OOD frequency,37,-1.6550369262695312,0.007247293367981911,0.03236161172389984,0.015798622742295265,0.986235119047619,0.9599609375,0.997965395450592,0.05519649386405945
exact,29,wavenumber 12,OOD frequency,38,-1.6550369262695312,0.005290782079100609,0.02947435900568962,0.020354293286800385,0.9946739709350985,0.9638671875,1.0,0.05450785905122757
exact,29,wavenumber 12,OOD frequency,39,-1.6550369262695312,0.005929538980126381,0.03420824557542801,0.025606533512473106,0.9892127799736495,0.947265625,1.0,0.054706498980522156
exact,29,wavenumber 12,OOD frequency,40,-1.6550369262695312,0.0047823884524405,0.028808236122131348,0.021777424961328506,0.9875738188976378,0.9599609375,1.0,0.0558469258248806
exact,29,wavenumber 12,OOD frequency,41,-1.6550369262695312,0.008196995593607426,0.038117777556180954,0.02785494178533554,0.9907726377952755,0.955078125,1.0,0.05521104484796524
exact,29,wavenumber 12,OOD frequency,42,-1.6550369262695312,0.009046154096722603,0.04302789270877838,0.029801245778799057,0.9880659448818897,0.962890625,1.0,0.054099541157484055
exact,29,wavenumber 12,OOD frequency,43,-1.6550369262695312,0.0072107273153960705,0.03763704001903534,0.028759468346834183,0.9883629191321499,0.9560546875,1.0,0.053588490933179855
exact,29,wavenumber 12,OOD frequency,44,-1.6550369262695312,0.008402751758694649,0.041216254234313965,0.027448555454611778,0.9846743295019156,0.958984375,0.9989817142486572,0.053849831223487854
exact,29,wavenumber 12,OOD frequency,45,-1.6550369262695312,0.013799360021948814,0.0501004196703434,0.02782372571527958,0.988343253968254,0.9541015625,1.0,0.054276738315820694
exact,29,wavenumber 12,OOD frequency,46,-1.6550369262695312,0.008901111781597137,0.04303622245788574,0.03135431557893753,0.9917898193760262,0.951171875,1.0,0.0556425042450428
exact,29,wavenumber 12,OOD frequency,47,-1.6550369262695312,0.013066940009593964,0.04909908026456833,0.0312311090528965,0.9872565736336714,0.9521484375,0.9999999403953552,0.05369722843170166
foundation,29,wavenumber 12,OOD frequency,48,-1.6566933393478394,0.009869963862001896,0.045719824731349945,0.030861176550388336,0.9868078614376738,0.95703125,0.9999999403953552,0.05435720458626747
foundation,29,wavenumber 12,OOD frequency,49,-1.6566933393478394,0.011264218017458916,0.04641927406191826,0.02800474688410759,0.9845545157117858,0.9521484375,0.9989743232727051,0.05480925366282463
foundation,29,wavenumber 12,OOD frequency,50,-1.6566933393478394,0.009865193627774715,0.04221563786268234,0.025558192282915115,0.9878262192802252,0.955078125,1.0,0.05377033352851868
foundation,29,wavenumber 12,OOD frequency,51,-1.6566933393478394,0.013615170493721962,0.05724699795246124,0.04218766465783119,0.9905885658098047,0.9482421875,1.0,0.05122213810682297
foundation,29,wavenumber 12,OOD frequency,52,-1.6566933393478394,0.019358869642019272,0.06394124031066895,0.0388244092464447,0.9924355158730159,0.955078125,1.0,0.05392207205295563
foundation,29,wavenumber 12,OOD frequency,53,-1.6566933393478394,0.012307112105190754,0.04961932823061943,0.029964504763484,0.9886845827439887,0.955078125,0.9989774823188782,0.05368313938379288
foundation,29,wavenumber 12,OOD frequency,54,-1.6566933393478394,0.006928509566932917,0.03606878221035004,0.02569475583732128,0.9904761904761904,0.955078125,1.0,0.05294739454984665
foundation,29,wavenumber 12,OOD frequency,55,-1.6566933393478394,0.011094251647591591,0.04330752417445183,0.026972224935889244,0.9883629191321499,0.9609375,0.9989836812019348,0.054515622556209564
foundation,29,wavenumber 12,OOD frequency,56,-1.6566933393478394,0.018690135329961777,0.06998679786920547,0.03504994884133339,0.98225,0.9326171875,0.9989528656005859,0.053717367351055145
foundation,29,wavenumber 12,OOD frequency,57,-1.6566933393478394,0.006625274661928415,0.0359107069671154,0.025614576414227486,0.9905885658098048,0.96875,1.0,0.05364321917295456
foundation,29,wavenumber 12,OOD frequency,58,-1.6566933393478394,0.026338035240769386,0.088926300406456,0.05022062733769417,0.9920129229112447,0.9619140625,1.0,0.05285827815532684
foundation,29,wavenumber 12,OOD frequency,59,-1.6566933393478394,0.012350698933005333,0.05362662300467491,0.042147405445575714,0.9918527883129653,0.966796875,1.0,0.053029924631118774
foundation,29,wavenumber 12,OOD frequency,60,-1.6566933393478394,0.009227108210325241,0.04131229221820831,0.0271448977291584,0.988471673254282,0.955078125,1.0,0.05365225300192833
foundation,29,wavenumber 12,OOD frequency,61,-1.6566933393478394,0.009356186725199223,0.04237307608127594,0.03256591409444809,0.9890307793058285,0.9619140625,1.0,0.05290227010846138
foundation,29,wavenumber 12,OOD frequency,62,-1.6566933393478394,0.01965147629380226,0.07202813029289246,0.04973100125789642,0.9918527883129653,0.9619140625,1.0,0.05328197777271271
foundation,29,wavenumber 12,OOD frequency,63,-1.6566933393478394,0.01396266371011734,0.05892619118094444,0.042810969054698944,0.9887246852764093,0.9501953125,1.0,0.053464144468307495
exact,29,wavenumber 12,OOD frequency,48,-1.6550369262695312,0.009901951998472214,0.045829303562641144,0.030918098986148834,0.9868078614376738,0.95703125,0.9999999403953552,0.05442265421152115
exact,29,wavenumber 12,OOD frequency,49,-1.6550369262695312,0.01119917817413807,0.04616079479455948,0.027487128973007202,0.985997171145686,0.94921875,0.998971164226532,0.05492837354540825
exact,29,wavenumber 12,OOD frequency,50,-1.6550369262695312,0.009656237438321114,0.04141674190759659,0.02415129914879799,0.9872936163737351,0.955078125,1.0,0.05397040396928787
exact,29,wavenumber 12,OOD frequency,51,-1.6550369262695312,0.012990130111575127,0.0552084818482399,0.04091581702232361,0.9915108267716536,0.94921875,0.9999999403953552,0.05169840529561043
exact,29,wavenumber 12,OOD frequency,52,-1.6550369262695312,0.01926835998892784,0.06354204565286636,0.03783387690782547,0.9920634920634921,0.955078125,1.0,0.054031312465667725
exact,29,wavenumber 12,OOD frequency,53,-1.6550369262695312,0.012191694229841232,0.04931279644370079,0.030858885496854782,0.9884724186704384,0.955078125,0.9989774823188782,0.053809236735105515
exact,29,wavenumber 12,OOD frequency,54,-1.6550369262695312,0.006989664863795042,0.03601182624697685,0.024783160537481308,0.9909270216962525,0.9521484375,0.9999999403953552,0.053140122443437576
exact,29,wavenumber 12,OOD frequency,55,-1.6550369262695312,0.010926764458417892,0.042527008801698685,0.026264458894729614,0.9880670611439841,0.9599609375,0.9989827275276184,0.05465288087725639
exact,29,wavenumber 12,OOD frequency,56,-1.6550369262695312,0.01789570227265358,0.06800411641597748,0.03219308331608772,0.9811666666666666,0.9326171875,0.9989528656005859,0.05385207384824753
exact,29,wavenumber 12,OOD frequency,57,-1.6550369262695312,0.006584636867046356,0.035594694316387177,0.025244126096367836,0.9901671583087512,0.9677734375,1.0,0.05372148007154465
exact,29,wavenumber 12,OOD frequency,58,-1.6550369262695312,0.025970427319407463,0.0874362513422966,0.04916487634181976,0.9918334380328457,0.962890625,1.0,0.05292987823486328
exact,29,wavenumber 12,OOD frequency,59,-1.6550369262695312,0.011746218428015709,0.051962316036224365,0.040917638689279556,0.9912909116448939,0.9658203125,1.0,0.05305546894669533
exact,29,wavenumber 12,OOD frequency,60,-1.6550369262695312,0.009150504134595394,0.041031405329704285,0.02607755921781063,0.9880599472990778,0.955078125,1.0,0.05382683873176575
exact,29,wavenumber 12,OOD frequency,61,-1.6550369262695312,0.009306557476520538,0.04216139018535614,0.03181501477956772,0.9911504424778762,0.9619140625,1.0,0.05305258184671402
exact,29,wavenumber 12,OOD frequency,62,-1.6550369262695312,0.01949235238134861,0.07117883861064911,0.04980320483446121,0.9924950787401574,0.9609375,0.9999999403953552,0.05339764058589935
exact,29,wavenumber 12,OOD frequency,63,-1.6550369262695312,0.013479288667440414,0.05765991657972336,0.04184400290250778,0.9880678708264915,0.94921875,0.9999999403953552,0.05369376018643379
foundation,29,mirrored kites,lsmlab-inspired,0,-1.6566933393478394,0.0255189947783947,0.09066792577505112,0.03121563419699669,0.9384239300992683,0.87890625,0.9788889288902283,0.06779897958040237
foundation,29,mirrored kites,lsmlab-inspired,1,-1.6566933393478394,0.016719136387109756,0.0571088083088398,0.02264741063117981,0.9520659981509139,0.8896484375,0.9912184476852417,0.06680887192487717
foundation,29,mirrored kites,lsmlab-inspired,2,-1.6566933393478394,0.02557952329516411,0.0873878076672554,0.03154482692480087,0.9567591681023874,0.8994140625,0.9771987199783325,0.0666225478053093
foundation,29,mirrored kites,lsmlab-inspired,3,-1.6566933393478394,0.021014047786593437,0.07103262841701508,0.0283825621008873,0.9460174500422178,0.8701171875,0.9876543879508972,0.06824639439582825
foundation,29,mirrored kites,lsmlab-inspired,4,-1.6566933393478394,0.024202583357691765,0.0875142440199852,0.030532024800777435,0.945166015625,0.890625,0.9791666865348816,0.06636209785938263
foundation,29,mirrored kites,lsmlab-inspired,5,-1.6566933393478394,0.02008153684437275,0.07165621966123581,0.021568624302744865,0.9602722380500159,0.912109375,0.9817987084388733,0.06615875661373138
foundation,29,mirrored kites,lsmlab-inspired,6,-1.6566933393478394,0.020475655794143677,0.07016436010599136,0.022941097617149353,0.9595647193585337,0.8896484375,0.9901207685470581,0.06640362739562988
foundation,29,mirrored kites,lsmlab-inspired,7,-1.6566933393478394,0.023631876334547997,0.0807400494813919,0.03187739849090576,0.9363724766950574,0.8447265625,0.9849710464477539,0.06865770369768143
foundation,29,mirrored kites,lsmlab-inspired,8,-1.6566933393478394,0.012315363623201847,0.04386543110013008,0.01897941157221794,0.9698158051099227,0.9111328125,0.996784508228302,0.06598962098360062
foundation,29,mirrored kites,lsmlab-inspired,9,-1.6566933393478394,0.02360476367175579,0.08237037062644958,0.026580695062875748,0.9563181996152732,0.8974609375,0.983677864074707,0.0671740174293518
foundation,29,mirrored kites,lsmlab-inspired,10,-1.6566933393478394,0.02299732342362404,0.07833049446344376,0.027680205181241035,0.9606666219569444,0.8974609375,0.9869422912597656,0.06652034819126129
foundation,29,mirrored kites,lsmlab-inspired,11,-1.6566933393478394,0.02430267445743084,0.08441601693630219,0.029208825901150703,0.948945377665461,0.8876953125,0.9801980257034302,0.0669325739145279
foundation,29,mirrored kites,lsmlab-inspired,12,-1.6566933393478394,0.012422149069607258,0.04180305078625679,0.01784905418753624,0.9800953343926043,0.93359375,0.9979079365730286,0.06589068472385406
foundation,29,mirrored kites,lsmlab-inspired,13,-1.6566933393478394,0.02842513844370842,0.1024988517165184,0.03416706249117851,0.9491764001197964,0.900390625,0.9739696383476257,0.06573891639709473
foundation,29,mirrored kites,lsmlab-inspired,14,-1.6566933393478394,0.024044835940003395,0.08315541595220566,0.029314961284399033,0.9564441801694663,0.8984375,0.9793477654457092,0.0656590685248375
foundation,29,mirrored kites,lsmlab-inspired,15,-1.6566933393478394,0.02446919120848179,0.08306416124105453,0.03048599138855934,0.9445800781250001,0.861328125,0.9829931855201721,0.0677739754319191
exact,29,mirrored kites,lsmlab-inspired,0,-1.6550369262695312,0.025272903963923454,0.08963505923748016,0.03074268251657486,0.9407528533439043,0.87890625,0.9788889288902283,0.06776435673236847
exact,29,mirrored kites,lsmlab-inspired,1,-1.6550369262695312,0.01646604761481285,0.05630800873041153,0.02210221067070961,0.9544129151553944,0.890625,0.9912281036376953,0.06678308546543121
exact,29,mirrored kites,lsmlab-inspired,2,-1.6550369262695312,0.025277264416217804,0.08612649887800217,0.031036632135510445,0.9587435392567069,0.896484375,0.9803921580314636,0.06662366539239883
exact,29,mirrored kites,lsmlab-inspired,3,-1.6550369262695312,0.020789001137018204,0.07020287215709686,0.027957990765571594,0.9483816493104419,0.873046875,0.9876957535743713,0.06826619803905487
exact,29,mirrored kites,lsmlab-inspired,4,-1.6550369262695312,0.023980697616934776,0.0864759236574173,0.03013233281672001,0.9453281139025156,0.892578125,0.9792122840881348,0.06635817885398865
exact,29,mirrored kites,lsmlab-inspired,5,-1.6550369262695312,0.01989247277379036,0.07093586027622223,0.02108943834900856,0.9619341563786008,0.9130859375,0.9828877449035645,0.06617811322212219
exact,29,mirrored kites,lsmlab-inspired,6,-1.6550369262695312,0.020202208310365677,0.06921429932117462,0.02233494259417057,0.9618747613592975,0.888671875,0.9912088513374329,0.06638093292713165
exact,29,mirrored kites,lsmlab-inspired,7,-1.6550369262695312,0.02332124300301075,0.07966435700654984,0.03130113705992699,0.9367754455850059,0.84375,0.9872685074806213,0.06867551803588867
exact,29,mirrored kites,lsmlab-inspired,8,-1.6550369262695312,0.012116603553295135,0.04337571561336517,0.018951958045363426,0.9700027520410972,0.912109375,0.9967880249023438,0.06598058342933655
exact,29,mirrored kites,lsmlab-inspired,9,-1.6550369262695312,0.023366427049040794,0.08147921413183212,0.026067940518260002,0.9565698478561548,0.8984375,0.9836956262588501,0.06713486462831497
exact,29,mirrored kites,lsmlab-inspired,10,-1.6550369262695312,0.022749068215489388,0.07739795744419098,0.027207080274820328,0.9624270672657769,0.8974609375,0.9869422912597656,0.06652116775512695
exact,29,mirrored kites,lsmlab-inspired,11,-1.6550369262695312,0.02408379688858986,0.08356160670518875,0.028751378878951073,0.9473639412355516,0.8876953125,0.9812981486320496,0.06691247969865799
exact,29,mirrored kites,lsmlab-inspired,12,-1.6550369262695312,0.012220454402267933,0.04130521044135094,0.017833810299634933,0.9811353459482883,0.9345703125,0.9979100823402405,0.06588457524776459
exact,29,mirrored kites,lsmlab-inspired,13,-1.6550369262695312,0.028319483622908592,0.10187087953090668,0.03397141024470329,0.9497753818508536,0.900390625,0.9739696383476257,0.06581290066242218
exact,29,mirrored kites,lsmlab-inspired,14,-1.6550369262695312,0.023830121383070946,0.08228208124637604,0.02892601117491722,0.9545647992101186,0.8984375,0.9804347157478333,0.0656563937664032
exact,29,mirrored kites,lsmlab-inspired,15,-1.6550369262695312,0.02425885573029518,0.08234120905399323,0.030046848580241203,0.9458821614583334,0.859375,0.9852272272109985,0.06778079271316528
foundation,29,mirrored kites,lsmlab-inspired,16,-1.6566933393478394,0.025507904589176178,0.09017853438854218,0.03100912645459175,0.9390681003584229,0.8818359375,0.9756367802619934,0.06620439887046814
foundation,29,mirrored kites,lsmlab-inspired,17,-1.6566933393478394,0.025120731443166733,0.09029879420995712,0.027765722945332527,0.9565698741064085,0.9052734375,0.9751887321472168,0.0660245418548584
foundation,29,mirrored kites,lsmlab-inspired,18,-1.6566933393478394,0.019824935123324394,0.0698680579662323,0.022462576627731323,0.968270332187858,0.919921875,0.9830149412155151,0.06579473614692688
foundation,29,mirrored kites,lsmlab-inspired,19,-1.6566933393478394,0.018997861072421074,0.06513800472021103,0.024383412674069405,0.961039970464217,0.892578125,0.9890590906143188,0.0667424201965332
foundation,29,mirrored kites,lsmlab-inspired,20,-1.6566933393478394,0.026830965653061867,0.0946984738111496,0.03182734549045563,0.9517565824417634,0.8984375,0.9749999642372131,0.06635462492704391
foundation,29,mirrored kites,lsmlab-inspired,21,-1.6566933393478394,0.027262024581432343,0.09955467283725739,0.033429283648729324,0.9331967524091358,0.87890625,0.9722222685813904,0.0670543685555458
foundation,29,mirrored kites,lsmlab-inspired,22,-1.6566933393478394,0.024413134902715683,0.08473606407642365,0.02789236605167389,0.9578481409907009,0.900390625,0.9815618395805359,0.06577645987272263
foundation,29,mirrored kites,lsmlab-inspired,23,-1.6566933393478394,0.027485273778438568,0.10075201094150543,0.031151100993156433,0.9478586403114704,0.90234375,0.9696969985961914,0.06717121601104736
foundation,29,mirrored kites,lsmlab-inspired,24,-1.6566933393478394,0.023807227611541748,0.0823974758386612,0.03007165901362896,0.9475051975051976,0.884765625,0.9823399782180786,0.06734418869018555
foundation,29,mirrored kites,lsmlab-inspired,25,-1.6566933393478394,0.021832674741744995,0.0777292549610138,0.025373216718435287,0.9583456316410861,0.9140625,0.9818376302719116,0.06696770340204239
foundation,29,mirrored kites,lsmlab-inspired,26,-1.6566933393478394,0.021863052621483803,0.07442261278629303,0.026184968650341034,0.9638425003830243,0.89453125,0.9879912734031677,0.06639046967029572
foundation,29,mirrored kites,lsmlab-inspired,27,-1.6566933393478394,0.020548084750771523,0.0711970329284668,0.027146657928824425,0.9505423553719009,0.8876953125,0.9834983348846436,0.06671513617038727
foundation,29,mirrored kites,lsmlab-inspired,28,-1.6566933393478394,0.026294179260730743,0.0935729444026947,0.029876435175538063,0.9438196839656695,0.8955078125,0.9770991802215576,0.06736188381910324
foundation,29,mirrored kites,lsmlab-inspired,29,-1.6566933393478394,0.028192754834890366,0.0974474623799324,0.0372290201485157,0.93038330236377,0.84765625,0.9804147481918335,0.06718868017196655
foundation,29,mirrored kites,lsmlab-inspired,30,-1.6566933393478394,0.01928235962986946,0.06673607230186462,0.022784626111388206,0.9630025455181392,0.8994140625,0.9869707226753235,0.06737647950649261
foundation,29,mirrored kites,lsmlab-inspired,31,-1.6566933393478394,0.02301560342311859,0.08192414045333862,0.028359970077872276,0.952783540802213,0.90234375,0.9805194735527039,0.06706170737743378
exact,29,mirrored kites,lsmlab-inspired,16,-1.6550369262695312,0.0252835676074028,0.08924677968025208,0.030570901930332184,0.9409510595774904,0.8828125,0.9756637215614319,0.06615564227104187
exact,29,mirrored kites,lsmlab-inspired,17,-1.6550369262695312,0.024957973510026932,0.08956421911716461,0.027352385222911835,0.9562685489692788,0.90625,0.9762930870056152,0.06604364514350891
exact,29,mirrored kites,lsmlab-inspired,18,-1.6550369262695312,0.01961458846926689,0.06904815137386322,0.022028950974345207,0.9695112638411607,0.919921875,0.9840764999389648,0.06580687314271927
exact,29,mirrored kites,lsmlab-inspired,19,-1.6550369262695312,0.018774447962641716,0.06435105949640274,0.0239289291203022,0.9608855650522317,0.892578125,0.9890590906143188,0.06673111021518707
exact,29,mirrored kites,lsmlab-inspired,20,-1.6550369262695312,0.026649681851267815,0.09391579031944275,0.03149961307644844,0.9513598326359833,0.8984375,0.9760869145393372,0.06633293628692627
exact,29,mirrored kites,lsmlab-inspired,21,-1.6550369262695312,0.02708359807729721,0.09872648119926453,0.03310662880539894,0.9327313561407827,0.87890625,0.9722222685813904,0.06702888011932373
exact,29,mirrored kites,lsmlab-inspired,22,-1.6550369262695312,0.024265412241220474,0.08415620028972626,0.027570854872465134,0.956994836027094,0.900390625,0.9815618395805359,0.06573645770549774
exact,29,mirrored kites,lsmlab-inspired,23,-1.6550369262695312,0.027336061000823975,0.09998992085456848,0.030778776854276657,0.9457912872261875,0.90234375,0.9696969985961914,0.0671762079000473
exact,29,mirrored kites,lsmlab-inspired,24,-1.6550369262695312,0.023547394201159477,0.08134019374847412,0.029605373740196228,0.9493159412514253,0.884765625,0.9823399782180786,0.06733722984790802
exact,29,mirrored kites,lsmlab-inspired,25,-1.6550369262695312,0.021640164777636528,0.07691723108291626,0.02499030902981758,0.959913665879575,0.9140625,0.9818376302719116,0.06695514917373657
exact,29,mirrored kites,lsmlab-inspired,26,-1.6550369262695312,0.021616516634821892,0.0735372006893158,0.02569723129272461,0.9642116182572614,0.8955078125,0.9880043268203735,0.0664002001285553
exact,29,mirrored kites,lsmlab-inspired,27,-1.6550369262695312,0.02029634825885296,0.07026146352291107,0.026651278138160706,0.9527744982290436,0.8857421875,0.9856670498847961,0.06668705493211746
exact,29,mirrored kites,lsmlab-inspired,28,-1.6550369262695312,0.026065969839692116,0.09262678027153015,0.029366454109549522,0.9441080729166667,0.8974609375,0.9771490693092346,0.0673452764749527
exact,29,mirrored kites,lsmlab-inspired,29,-1.6550369262695312,0.027935737743973732,0.0963779166340828,0.03675398603081703,0.9324863517854313,0.8486328125,0.9804372787475586,0.06717842817306519
exact,29,mirrored kites,lsmlab-inspired,30,-1.6550369262695312,0.019095854833722115,0.06607788056135178,0.022334251552820206,0.9645764918485126,0.8994140625,0.988056480884552,0.06734839081764221
exact,29,mirrored kites,lsmlab-inspired,31,-1.6550369262695312,0.0228059571236372,0.08099590241909027,0.02797568030655384,0.9528760867656099,0.9033203125,0.9805405735969543,0.06704217195510864
foundation,29,mirrored kites,lsmlab-inspired,32,-1.6566933393478394,0.026441538706421852,0.09285106509923935,0.03275599330663681,0.9451551711055467,0.8818359375,0.9789590239524841,0.06661960482597351
foundation,29,mirrored kites,lsmlab-inspired,33,-1.6566933393478394,0.021327771246433258,0.07172692567110062,0.027434831485152245,0.9555984895055766,0.87109375,0.989910364151001,0.06714465469121933
foundation,29,mirrored kites,lsmlab-inspired,34,-1.6566933393478394,0.02134358137845993,0.0735432505607605,0.025562642142176628,0.9581451042290318,0.900390625,0.9859002232551575,0.06844177842140198
foundation,29,mirrored kites,lsmlab-inspired,35,-1.6566933393478394,0.022535696625709534,0.08334527164697647,0.0249077919870615,0.9523394836626209,0.9072265625,0.9817007184028625,0.06639282405376434
foundation,29,mirrored kites,lsmlab-inspired,36,-1.6566933393478394,0.02308727242052555,0.08211565762758255,0.027344655245542526,0.9498822017562647,0.8994140625,0.9815418124198914,0.06709298491477966
foundation,29,mirrored kites,lsmlab-inspired,37,-1.6566933393478394,0.02555796131491661,0.09338892251253128,0.028916772454977036,0.9546001443811662,0.90625,0.9730603694915771,0.06558778136968613
foundation,29,mirrored kites,lsmlab-inspired,38,-1.6566933393478394,0.023961545899510384,0.08718602359294891,0.028199676424264908,0.9508877653507651,0.9072265625,0.9795478582382202,0.06570202112197876
foundation,29,mirrored kites,lsmlab-inspired,39,-1.6566933393478394,0.02656410075724125,0.09332700073719025,0.03202838450670242,0.9468834604971695,0.8876953125,0.976897656917572,0.06664155423641205
foundation,29,mirrored kites,lsmlab-inspired,40,-1.6566933393478394,0.02423776686191559,0.08949397504329681,0.02710174024105072,0.9460235131396957,0.8974609375,0.9793253540992737,0.06538121402263641
foundation,29,mirrored kites,lsmlab-inspired,41,-1.6566933393478394,0.021076027303934097,0.07456321269273758,0.023514779284596443,0.963899052443944,0.9169921875,0.9840255379676819,0.06591895967721939
foundation,29,mirrored kites,lsmlab-inspired,42,-1.6566933393478394,0.019627267494797707,0.06782521307468414,0.021965980529785156,0.9685987991372442,0.9140625,0.9893162846565247,0.06522385776042938
foundation,29,mirrored kites,lsmlab-inspired,43,-1.6566933393478394,0.018642501905560493,0.061953671276569366,0.02319970913231373,0.9644072491294713,0.8857421875,0.9911797642707825,0.06834456324577332
foundation,29,mirrored kites,lsmlab-inspired,44,-1.6566933393478394,0.023860037326812744,0.08184780925512314,0.028734393417835236,0.9561402101548087,0.8857421875,0.9845645427703857,0.06719806790351868
foundation,29,mirrored kites,lsmlab-inspired,45,-1.6566933393478394,0.020928213372826576,0.0748102217912674,0.022691892459988594,0.9660189771222265,0.916015625,0.9829424619674683,0.06543765962123871
foundation,29,mirrored kites,lsmlab-inspired,46,-1.6566933393478394,0.023431219160556793,0.0865226536989212,0.026835741475224495,0.9523491701062615,0.912109375,0.978586733341217,0.06546585261821747
foundation,29,mirrored kites,lsmlab-inspired,47,-1.6566933393478394,0.02105015143752098,0.07336198538541794,0.02238057740032673,0.9737551867219917,0.9169921875,0.9840255379676819,0.06447654217481613
exact,29,mirrored kites,lsmlab-inspired,32,-1.6550369262695312,0.026224497705698013,0.09192425012588501,0.03240785002708435,0.9450221511198621,0.8818359375,0.9789590239524841,0.06662799417972565
exact,29,mirrored kites,lsmlab-inspired,33,-1.6550369262695312,0.021050171926617622,0.07081539183855057,0.026915520429611206,0.9555579353180552,0.87109375,0.989910364151001,0.06710439920425415
exact,29,mirrored kites,lsmlab-inspired,34,-1.6550369262695312,0.021091870963573456,0.07258506864309311,0.025031279772520065,0.9603584970699759,0.900390625,0.9869848489761353,0.06843733787536621
exact,29,mirrored kites,lsmlab-inspired,35,-1.6550369262695312,0.02238052524626255,0.08271056413650513,0.024523625150322914,0.9536638908543333,0.9091796875,0.9817401170730591,0.06638218462467194
exact,29,mirrored kites,lsmlab-inspired,36,-1.6550369262695312,0.022903336212038994,0.08137331157922745,0.026966482400894165,0.9513814521310773,0.8994140625,0.9815418124198914,0.0670715719461441
exact,29,mirrored kites,lsmlab-inspired,37,-1.6550369262695312,0.025419289246201515,0.09266669303178787,0.028583984822034836,0.9553701772679876,0.9052734375,0.9741100072860718,0.06559383124113083
exact,29,mirrored kites,lsmlab-inspired,38,-1.6550369262695312,0.023770179599523544,0.08637924492359161,0.027815569192171097,0.9505878284923928,0.908203125,0.9795699119567871,0.0656784251332283
exact,29,mirrored kites,lsmlab-inspired,39,-1.6550369262695312,0.026395786553621292,0.0925130695104599,0.0317232683300972,0.9481294609894166,0.8876953125,0.976897656917572,0.06671277433633804
exact,29,mirrored kites,lsmlab-inspired,40,-1.6550369262695312,0.024080950766801834,0.08881575614213943,0.026752617210149765,0.9469225449515906,0.896484375,0.9814814329147339,0.06539838761091232
exact,29,mirrored kites,lsmlab-inspired,41,-1.6550369262695312,0.020886925980448723,0.07387199997901917,0.02309209108352661,0.9650248616192889,0.9169921875,0.9840255379676819,0.0659094899892807
exact,29,mirrored kites,lsmlab-inspired,42,-1.6550369262695312,0.019412262365221977,0.06706889718770981,0.021504569798707962,0.9683641975308643,0.916015625,0.9893390536308289,0.06519810855388641
exact,29,mirrored kites,lsmlab-inspired,43,-1.6550369262695312,0.01836787536740303,0.0611095130443573,0.02260764129459858,0.9666429249762583,0.884765625,0.99227374792099,0.06833727657794952
exact,29,mirrored kites,lsmlab-inspired,44,-1.6550369262695312,0.023604875430464745,0.08089793473482132,0.02822921797633171,0.9580332076682441,0.8876953125,0.9845984578132629,0.06720545887947083
exact,29,mirrored kites,lsmlab-inspired,45,-1.6550369262695312,0.020752642303705215,0.07417766004800797,0.022292114794254303,0.9654663518299882,0.9169921875,0.9840255379676819,0.06545548141002655
exact,29,mirrored kites,lsmlab-inspired,46,-1.6550369262695312,0.023273024708032608,0.08583682030439377,0.026496320962905884,0.9535610784227628,0.9111328125,0.9796355366706848,0.06543301045894623
exact,29,mirrored kites,lsmlab-inspired,47,-1.6550369262695312,0.020831158384680748,0.07255522906780243,0.02185910940170288,0.973689294809871,0.9169921875,0.9840255379676819,0.06445816904306412
foundation,29,mirrored kites,lsmlab-inspired,48,-1.6566933393478394,0.02046554535627365,0.06978923827409744,0.025104500353336334,0.9587699232585596,0.888671875,0.9868132472038269,0.06633110344409943
foundation,29,mirrored kites,lsmlab-inspired,49,-1.6566933393478394,0.017610831186175346,0.06072389334440231,0.022735770791769028,0.9569245218579235,0.8837890625,0.9911601543426514,0.06620074063539505
foundation,29,mirrored kites,lsmlab-inspired,50,-1.6566933393478394,0.02443578839302063,0.08852995187044144,0.02682885341346264,0.9495088776535077,0.90234375,0.9783549904823303,0.06747735291719437
foundation,29,mirrored kites,lsmlab-inspired,51,-1.6566933393478394,0.026868300512433052,0.09067896008491516,0.034269046038389206,0.9456261671335201,0.8623046875,0.9796149134635925,0.0686030387878418
foundation,29,mirrored kites,lsmlab-inspired,52,-1.6566933393478394,0.025877133011817932,0.09402120858430862,0.028354642912745476,0.9528827221265075,0.8974609375,0.973884642124176,0.0654306635260582
foundation,29,mirrored kites,lsmlab-inspired,53,-1.6566933393478394,0.026379873976111412,0.09081175178289413,0.0332222655415535,0.9401919763721388,0.865234375,0.9796839952468872,0.06751307845115662
foundation,29,mirrored kites,lsmlab-inspired,54,-1.6566933393478394,0.022256160154938698,0.0811159536242485,0.02478308044373989,0.9560042816451677,0.91796875,0.9787233471870422,0.06605464965105057
foundation,29,mirrored kites,lsmlab-inspired,55,-1.6566933393478394,0.019137315452098846,0.06553734093904495,0.022949278354644775,0.957760334903192,0.90234375,0.9891774654388428,0.06753913313150406
foundation,29,mirrored kites,lsmlab-inspired,56,-1.6566933393478394,0.02654585987329483,0.09253372997045517,0.03238174319267273,0.9435268797080428,0.888671875,0.973626434803009,0.06934327632188797
foundation,29,mirrored kites,lsmlab-inspired,57,-1.6566933393478394,0.025481149554252625,0.0867048129439354,0.030719738453626633,0.9515299479166667,0.8896484375,0.9846323132514954,0.06608449667692184
foundation,29,mirrored kites,lsmlab-inspired,58,-1.6566933393478394,0.017200736328959465,0.06422444432973862,0.01574513129889965,0.9669060996135884,0.931640625,0.9863731265068054,0.064703069627285
foundation,29,mirrored kites,lsmlab-inspired,59,-1.6566933393478394,0.02483787201344967,0.08616384863853455,0.029748156666755676,0.9535253068099785,0.900390625,0.9826464056968689,0.06671818345785141
foundation,29,mirrored kites,lsmlab-inspired,60,-1.6566933393478394,0.02821861207485199,0.1037471666932106,0.033232200890779495,0.9470526704405612,0.9072265625,0.973089337348938,0.06561457365751266
foundation,29,mirrored kites,lsmlab-inspired,61,-1.6566933393478394,0.020766325294971466,0.07152117043733597,0.02522987127304077,0.9590955999624731,0.900390625,0.989154040813446,0.06642013788223267
foundation,29,mirrored kites,lsmlab-inspired,62,-1.6566933393478394,0.021663524210453033,0.07535789161920547,0.02470400184392929,0.9615377637475282,0.91015625,0.983905553817749,0.06762713938951492
foundation,29,mirrored kites,lsmlab-inspired,63,-1.6566933393478394,0.024195969104766846,0.08661261200904846,0.024916090071201324,0.9557391513595893,0.8876953125,0.9790979027748108,0.06816983222961426
exact,29,mirrored kites,lsmlab-inspired,48,-1.6550369262695312,0.02016284689307213,0.06880071759223938,0.024486364796757698,0.9591518904212403,0.8916015625,0.9879518747329712,0.06632344424724579
exact,29,mirrored kites,lsmlab-inspired,49,-1.6550369262695312,0.01734289713203907,0.059883952140808105,0.022204790264368057,0.9566628193122672,0.8857421875,0.9911797642707825,0.06620940566062927
exact,29,mirrored kites,lsmlab-inspired,50,-1.6550369262695312,0.024208974093198776,0.08759044110774994,0.026323534548282623,0.9511090683145226,0.9033203125,0.978378415107727,0.06748850643634796
exact,29,mirrored kites,lsmlab-inspired,51,-1.6550369262695312,0.026597144082188606,0.08966027945280075,0.03378192335367203,0.9458197242215095,0.8623046875,0.9796149134635925,0.06860427558422089
exact,29,mirrored kites,lsmlab-inspired,52,-1.6550369262695312,0.02572953887283802,0.09326818585395813,0.028014566749334335,0.952276236372994,0.8994140625,0.9739413857460022,0.06539508700370789
exact,29,mirrored kites,lsmlab-inspired,53,-1.6550369262695312,0.026041503995656967,0.08952760696411133,0.03259129822254181,0.9428839527442776,0.8662109375,0.9797068238258362,0.06749846041202545
exact,29,mirrored kites,lsmlab-inspired,54,-1.6550369262695312,0.022077536210417747,0.08035858720541,0.02437605895102024,0.9573649739654203,0.9169921875,0.9797657132148743,0.06604348123073578
exact,29,mirrored kites,lsmlab-inspired,55,-1.6550369262695312,0.018888892605900764,0.06469104439020157,0.022435350343585014,0.9576075819672131,0.9052734375,0.9892124533653259,0.0675237700343132
exact,29,mirrored kites,lsmlab-inspired,56,-1.6550369262695312,0.0263734832406044,0.0917380154132843,0.03202049434185028,0.9453828038490931,0.8916015625,0.9737130999565125,0.06932719051837921
exact,29,mirrored kites,lsmlab-inspired,57,-1.6550369262695312,0.025295482948422432,0.08590550720691681,0.030397415161132812,0.9525227864583333,0.8896484375,0.9846323132514954,0.0661129578948021
exact,29,mirrored kites,lsmlab-inspired,58,-1.6550369262695312,0.01705106534063816,0.06369853019714355,0.015268240123987198,0.9663951120162934,0.931640625,0.9874213337898254,0.06470604240894318
exact,29,mirrored kites,lsmlab-inspired,59,-1.6550369262695312,0.02459188550710678,0.08521632850170135,0.029277196153998375,0.9551616266944734,0.8994140625,0.9837133884429932,0.06673289835453033
exact,29,mirrored kites,lsmlab-inspired,60,-1.6550369262695312,0.02799469791352749,0.10273975133895874,0.0328410267829895,0.9483602018213143,0.908203125,0.9720430374145508,0.06557536125183105
exact,29,mirrored kites,lsmlab-inspired,61,-1.6550369262695312,0.0205380916595459,0.07065730541944504,0.024788159877061844,0.9609907120743034,0.90234375,0.9891774654388428,0.06641680002212524
exact,29,mirrored kites,lsmlab-inspired,62,-1.6550369262695312,0.02145840786397457,0.07464165985584259,0.024245556443929672,0.9627533155536203,0.91015625,0.983905553817749,0.06762923300266266
exact,29,mirrored kites,lsmlab-inspired,63,-1.6550369262695312,0.02405049093067646,0.0860457569360733,0.02442649006843567,0.9569102430416299,0.88671875,0.9790748357772827,0.06816798448562622
foundation,43,one obstacle,ID,0,-1.6587512493133545,0.057577408850193024,0.22919611632823944,0.19176077842712402,0.998090523338048,0.607421875,1.0,0.08361823856830597
foundation,43,one obstacle,ID,1,-1.6587512493133545,0.06759905815124512,0.253966748714447,0.20830345153808594,0.995343137254902,0.5390625,1.0,0.08305606991052628
foundation,43,one obstacle,ID,2,-1.6587512493133545,0.05795448645949364,0.22179903090000153,0.18316715955734253,0.9977524933277147,0.76953125,1.0,0.08105262368917465
foundation,43,one obstacle,ID,3,-1.6587512493133545,0.06234437972307205,0.22921043634414673,0.1855049729347229,0.992603550295858,0.8671875,1.0,0.08269929885864258
foundation,43,one obstacle,ID,4,-1.6587512493133545,0.06042337045073509,0.23175136744976044,0.19208817183971405,0.9973077268240151,0.755859375,1.0,0.08327796310186386
foundation,43,one obstacle,ID,5,-1.6587512493133545,0.06705591082572937,0.24511194229125977,0.20020700991153717,0.5,0.7587890625,1.0,0.08208627998828888
foundation,43,one obstacle,ID,6,-1.6587512493133545,0.07508700340986252,0.25959569215774536,0.2085495889186859,0.5,0.763671875,1.0,0.08026102185249329
foundation,43,one obstacle,ID,7,-1.6587512493133545,0.05919202044606209,0.2273441106081009,0.18729287385940552,0.9957391767480789,0.7685546875,0.9999999403953552,0.08334656059741974
foundation,43,one obstacle,ID,8,-1.6587512493133545,0.05917251482605934,0.22745586931705475,0.18741482496261597,0.9938856015779092,0.767578125,1.0,0.08323776721954346
foundation,43,one obstacle,ID,9,-1.6587512493133545,0.05968598276376724,0.2329084873199463,0.1938854455947876,0.996078431372549,0.6171875,1.0,0.0825672596693039
foundation,43,one obstacle,ID,10,-1.6587512493133545,0.0635903999209404,0.23866616189479828,0.1965513825416565,0.9992149165848871,0.7138671875,1.0,0.08185804635286331
foundation,43,one obstacle,ID,11,-1.6587512493133545,0.06342218816280365,0.2413012981414795,0.19947746396064758,0.9921568627450981,0.662109375,1.0,0.08337698876857758
foundation,43,one obstacle,ID,12,-1.6587512493133545,0.05716222524642944,0.2212182581424713,0.18386925756931305,0.9978461814592121,0.8173828125,0.9999999403953552,0.08276453614234924
foundation,43,one obstacle,ID,13,-1.6587512493133545,0.06759635359048843,0.25335291028022766,0.20832565426826477,0.9972933070866141,0.544921875,1.0,0.08358090370893478
foundation,43,one obstacle,ID,14,-1.6587512493133545,0.058331504464149475,0.22174574434757233,0.18231219053268433,0.9965483234714003,0.861328125,1.0,0.08231804519891739
foundation,43,one obstacle,ID,15,-1.6587512493133545,0.0680399015545845,0.25341159105300903,0.20807033777236938,0.9972167648984939,0.5849609375,1.0,0.08373664319515228
exact,43,one obstacle,ID,0,-1.656282901763916,0.0604412704706192,0.2347550392150879,0.1951722502708435,0.9972002635046113,0.6298828125,1.0,0.08361847698688507
exact,43,one obstacle,ID,1,-1.656282901763916,0.0709252879023552,0.26010093092918396,0.21072052419185638,0.9944498857329416,0.5810546875,1.0,0.08305595815181732
exact,43,one obstacle,ID,2,-1.656282901763916,0.0610770583152771,0.22813618183135986,0.1845124214887619,0.9975442043222005,0.787109375,1.0,0.08105222880840302
exact,43,one obstacle,ID,3,-1.656282901763916,0.06555260717868805,0.23581154644489288,0.18702925741672516,0.993103448275862,0.87109375,1.0,0.08270120620727539
exact,43,one obstacle,ID,4,-1.656282901763916,0.06350880861282349,0.23781412839889526,0.19579634070396423,0.9948326771653544,0.77734375,1.0,0.0832785964012146
exact,43,one obstacle,ID,5,-1.656282901763916,0.07062331587076187,0.251924991607666,0.2041536420583725,0.5,0.787109375,1.0,0.08208711445331573
exact,43,one obstacle,ID,6,-1.656282901763916,0.07910280674695969,0.267258882522583,0.21289531886577606,0.5,0.787109375,1.0,0.08026210963726044
exact,43,one obstacle,ID,7,-1.656282901763916,0.06217549368739128,0.23334936797618866,0.1910705864429474,0.9973369854675493,0.779296875,1.0,0.0833469033241272
exact,43,one obstacle,ID,8,-1.656282901763916,0.06221403926610947,0.23351679742336273,0.19119396805763245,0.9948549534756432,0.791015625,1.0,0.08323810994625092
exact,43,one obstacle,ID,9,-1.656282901763916,0.06279124319553375,0.23885785043239594,0.1974402666091919,0.9964087495919033,0.65234375,1.0,0.08256936073303223
exact,43,one obstacle,ID,10,-1.656282901763916,0.066952645778656,0.24512207508087158,0.20035898685455322,0.9975538160469667,0.734375,0.9999999403953552,0.08185888826847076
exact,43,one obstacle,ID,11,-1.656282901763916,0.06664423644542694,0.2474340945482254,0.20309674739837646,0.9921568627450981,0.685546875,1.0,0.0833769142627716
exact,43,one obstacle,ID,12,-1.656282901763916,0.06017147749662399,0.22732017934322357,0.18770423531532288,0.9966064586754242,0.828125,1.0,0.08276411890983582
exact,43,one obstacle,ID,13,-1.656282901763916,0.07088106870651245,0.25945350527763367,0.20864209532737732,0.9962344466273739,0.5791015625,1.0,0.08358202874660492
exact,43,one obstacle,ID,14,-1.656282901763916,0.061415135860443115,0.22806613147258759,0.18689066171646118,0.9960629921259843,0.87109375,1.0,0.08231772482395172
exact,43,one obstacle,ID,15,-1.656282901763916,0.07140033692121506,0.25965651869773865,0.21163231134414673,0.9968137254901961,0.6298828125,1.0,0.08373811841011047
foundation,43,one obstacle,ID,16,-1.6587512493133545,0.06093614175915718,0.2217102199792862,0.1791139841079712,0.9985294117647059,0.904296875,1.0,0.08074188232421875
foundation,43,one obstacle,ID,17,-1.6587512493133545,0.05915915220975876,0.22579920291900635,0.18519428372383118,0.9926411199856412,0.7841796875,0.9999999403953552,0.08307096362113953
foundation,43,one obstacle,ID,18,-1.6587512493133545,0.0687449648976326,0.2486073225736618,0.20116356015205383,0.9955968688845401,0.724609375,1.0,0.08151483535766602
foundation,43,one obstacle,ID,19,-1.6587512493133545,0.0595189705491066,0.22873762249946594,0.1884286105632782,0.9939842209072979,0.7705078125,1.0,0.0831589549779892
foundation,43,one obstacle,ID,20,-1.6587512493133545,0.06565691530704498,0.23774822056293488,0.19084161520004272,0.9933267909715408,0.814453125,1.0,0.0813092514872551
foundation,43,one obstacle,ID,21,-1.6587512493133545,0.06923006474971771,0.25674450397491455,0.21042828261852264,0.9977146588312112,0.525390625,1.0,0.08305560052394867
foundation,43,one obstacle,ID,22,-1.6587512493133545,0.05773058906197548,0.2218276858329773,0.18345972895622253,0.996376811594203,0.818359375,1.0,0.08270883560180664
foundation,43,one obstacle,ID,23,-1.6587512493133545,0.05986573547124863,0.22881942987442017,0.18810239434242249,0.9915718499789297,0.7548828125,1.0,0.0822816789150238
foundation,43,one obstacle,ID,24,-1.6587512493133545,0.06421021372079849,0.24232761561870575,0.19696813821792603,0.9958783120706576,0.6396484375,1.0,0.08210088312625885
foundation,43,one obstacle,ID,25,-1.6587512493133545,0.06362733989953995,0.2417086362838745,0.19852381944656372,0.9942800788954635,0.6640625,1.0,0.08399862051010132
foundation,43,one obstacle,ID,26,-1.6587512493133545,0.06242256239056587,0.23722992837429047,0.195322185754776,0.9963478016575361,0.6904296875,1.0,0.08278080821037292
foundation,43,one obstacle,ID,27,-1.6587512493133545,0.056618668138980865,0.21925145387649536,0.18177220225334167,0.9947949385264292,0.8427734375,1.0,0.08285075426101685
foundation,43,one obstacle,ID,28,-1.6587512493133545,0.06490907073020935,0.24347317218780518,0.20043309032917023,0.9973804846103471,0.6611328125,1.0,0.08301003277301788
foundation,43,one obstacle,ID,29,-1.6587512493133545,0.05617242306470871,0.21592552959918976,0.17741546034812927,0.9960356788899901,0.8671875,1.0,0.08266331255435944
foundation,43,one obstacle,ID,30,-1.6587512493133545,0.06720805168151855,0.252619206905365,0.20481207966804504,0.9958783120706576,0.53125,1.0,0.08293729275465012
foundation,43,one obstacle,ID,31,-1.6587512493133545,0.07706128060817719,0.27267444133758545,0.2198857069015503,0.5,0.5654296875,1.0,0.08260330557823181
exact,43,one obstacle,ID,16,-1.656282901763916,0.06425432115793228,0.22870077192783356,0.18404844403266907,0.9990205680705191,0.908203125,1.0,0.08074162900447845
exact,43,one obstacle,ID,17,-1.656282901763916,0.06217190995812416,0.23193378746509552,0.19023311138153076,0.9955128780400251,0.7978515625,1.0,0.08307203650474548
exact,43,one obstacle,ID,18,-1.656282901763916,0.0723380446434021,0.2554735541343689,0.20513609051704407,0.9985322896281801,0.7490234375,1.0,0.08151529729366302
exact,43,one obstacle,ID,19,-1.656282901763916,0.0625772625207901,0.23480090498924255,0.19219084084033966,0.9949644225506294,0.7880859375,1.0,0.08315983414649963
exact,43,one obstacle,ID,20,-1.656282901763916,0.06910911202430725,0.24462153017520905,0.1950223743915558,0.9943081452404319,0.8310546875,1.0,0.08130957186222076
exact,43,one obstacle,ID,21,-1.656282901763916,0.0727110281586647,0.2631244957447052,0.21399006247520447,0.999347045380346,0.568359375,1.0,0.08305613696575165
exact,43,one obstacle,ID,22,-1.656282901763916,0.06071885675191879,0.22794510424137115,0.18734726309776306,0.9966795297496185,0.8271484375,1.0,0.08270898461341858
exact,43,one obstacle,ID,23,-1.656282901763916,0.06298204511404037,0.23498204350471497,0.18917661905288696,0.9942407641522686,0.77734375,1.0,0.08228136599063873
exact,43,one obstacle,ID,24,-1.656282901763916,0.06745846569538116,0.24854469299316406,0.20066508650779724,0.9980372914622179,0.662109375,1.0,0.08210234344005585
exact,43,one obstacle,ID,25,-1.656282901763916,0.06676479429006577,0.2477288842201233,0.20270679891109467,0.9943405511811024,0.6943359375,1.0,0.0839998722076416
exact,43,one obstacle,ID,26,-1.656282901763916,0.06561645120382309,0.2433953434228897,0.19584615528583527,0.9980334316617503,0.712890625,1.0,0.0827823281288147
exact,43,one obstacle,ID,27,-1.656282901763916,0.059568267315626144,0.22531136870384216,0.1862177550792694,0.9953648915187376,0.84765625,1.0,0.08285190165042877
exact,43,one obstacle,ID,28,-1.656282901763916,0.06821069121360779,0.2497730702161789,0.204134002327919,0.9978410206084396,0.69140625,1.0,0.08301196992397308
exact,43,one obstacle,ID,29,-1.656282901763916,0.059094756841659546,0.22206532955169678,0.18199703097343445,0.9952065738415887,0.8798828125,1.0,0.08266404271125793
exact,43,one obstacle,ID,30,-1.656282901763916,0.07053865492343903,0.25876620411872864,0.2088032364845276,0.9953431372549019,0.5673828125,1.0,0.08293747901916504
exact,43,one obstacle,ID,31,-1.656282901763916,0.08091224730014801,0.2796565294265747,0.22361455857753754,0.5,0.5908203125,1.0,0.08260498940944672
foundation,43,one obstacle,ID,32,-1.6587512493133545,0.0661165788769722,0.24063071608543396,0.19668704271316528,1.0,0.7763671875,1.0,0.08130428940057755
foundation,43,one obstacle,ID,33,-1.6587512493133545,0.060486577451229095,0.23974400758743286,0.2002822756767273,0.9961196073955718,0.53125,1.0,0.08440837264060974
foundation,43,one obstacle,ID,34,-1.6587512493133545,0.06121665611863136,0.23740966618061066,0.197263702750206,0.9948529411764706,0.6025390625,1.0,0.08281777799129486
foundation,43,one obstacle,ID,35,-1.6587512493133545,0.07167631387710571,0.25674790143966675,0.20815220475196838,0.5,0.677734375,1.0,0.0815148800611496
foundation,43,one obstacle,ID,36,-1.6587512493133545,0.07370024174451828,0.2566605806350708,0.20617464184761047,0.5,0.8173828125,0.9999999403953552,0.08085951954126358
foundation,43,one obstacle,ID,37,-1.6587512493133545,0.07207361608743668,0.2642597556114197,0.21560174226760864,0.5,0.48046875,0.9999999403953552,0.08215972781181335
foundation,43,one obstacle,ID,38,-1.6587512493133545,0.07462108880281448,0.26563432812690735,0.21467922627925873,0.5,0.607421875,1.0,0.08169323205947876
foundation,43,one obstacle,ID,39,-1.6587512493133545,0.06292352080345154,0.23656949400901794,0.18847297132015228,0.996294466403162,0.740234375,1.0,0.08341210335493088
foundation,43,one obstacle,ID,40,-1.6587512493133545,0.059698451310396194,0.2239992320537567,0.18407128751277924,0.9976943346508563,0.861328125,1.0,0.08273312449455261
foundation,43,one obstacle,ID,41,-1.6587512493133545,0.07350462675094604,0.2636137902736664,0.21179689466953278,0.9986940907606922,0.6201171875,1.0,0.08238933980464935
foundation,43,one obstacle,ID,42,-1.6587512493133545,0.054142992943525314,0.2125275731086731,0.17613981664180756,0.9955071027419887,0.8681640625,1.0,0.08251561224460602
foundation,43,one obstacle,ID,43,-1.6587512493133545,0.06807216256856918,0.25291410088539124,0.20739245414733887,0.5,0.5576171875,1.0,0.08231623470783234
foundation,43,one obstacle,ID,44,-1.6587512493133545,0.057003382593393326,0.22163178026676178,0.18390554189682007,0.9941534914361001,0.7744140625,1.0,0.08302099257707596
foundation,43,one obstacle,ID,45,-1.6587512493133545,0.061524827033281326,0.23533429205417633,0.1947965919971466,0.9914614121510673,0.6689453125,0.9999999403953552,0.08369609713554382
foundation,43,one obstacle,ID,46,-1.6587512493133545,0.07980779558420181,0.28108423948287964,0.2260744869709015,0.5,0.4677734375,1.0,0.08254074305295944
foundation,43,one obstacle,ID,47,-1.6587512493133545,0.06855747848749161,0.2527182996273041,0.2068164199590683,0.5,0.619140625,1.0,0.08202031254768372
exact,43,one obstacle,ID,32,-1.656282901763916,0.0696769505739212,0.2476072460412979,0.2008487433195114,1.0,0.8046875,1.0,0.08130629360675812
exact,43,one obstacle,ID,33,-1.656282901763916,0.06331249326467514,0.24509425461292267,0.2034900039434433,0.9955533596837945,0.5537109375,0.9999999403953552,0.08440854400396347
exact,43,one obstacle,ID,34,-1.656282901763916,0.06437046825885773,0.24338378012180328,0.2007906436920166,0.9980392156862745,0.6357421875,1.0,0.08281852304935455
exact,43,one obstacle,ID,35,-1.656282901763916,0.07541856914758682,0.26374825835227966,0.21206815540790558,0.5,0.7138671875,1.0,0.08151352405548096
exact,43,one obstacle,ID,36,-1.656282901763916,0.07760537415742874,0.26412442326545715,0.21038521826267242,0.5,0.8408203125,1.0,0.08086095750331879
exact,43,one obstacle,ID,37,-1.656282901763916,0.07569406181573868,0.2707903981208801,0.21913091838359833,0.5,0.513671875,1.0,0.08215991407632828
exact,43,one obstacle,ID,38,-1.656282901763916,0.0784154161810875,0.27262234687805176,0.21848087012767792,0.5,0.63671875,1.0,0.08169513195753098
exact,43,one obstacle,ID,39,-1.656282901763916,0.06607328355312347,0.24278457462787628,0.19336789846420288,0.9953648915187377,0.751953125,1.0,0.08341184258460999
exact,43,one obstacle,ID,40,-1.656282901763916,0.06279122084379196,0.2303876131772995,0.18329134583473206,0.996844181459566,0.8720703125,1.0,0.0827336311340332
exact,43,one obstacle,ID,41,-1.656282901763916,0.07715209573507309,0.270363986492157,0.2155272364616394,0.9990205680705191,0.650390625,1.0,0.08239087462425232
exact,43,one obstacle,ID,42,-1.656282901763916,0.0569341666996479,0.21840344369411469,0.18000349402427673,0.9934947299077733,0.8720703125,1.0,0.08251585811376572
exact,43,one obstacle,ID,43,-1.656282901763916,0.07159135490655899,0.25940850377082825,0.2110360562801361,0.5,0.5888671875,1.0,0.08231621980667114
exact,43,one obstacle,ID,44,-1.656282901763916,0.05990143120288849,0.22755533456802368,0.1882568746805191,0.9949744234048281,0.7900390625,1.0,0.0830221027135849
exact,43,one obstacle,ID,45,-1.656282901763916,0.06457605957984924,0.241309255361557,0.19843530654907227,0.9921259842519685,0.6962890625,1.0,0.08369611948728561
exact,43,one obstacle,ID,46,-1.656282901763916,0.0837211161851883,0.2880464792251587,0.22967737913131714,0.5,0.5087890625,1.0,0.08253952115774155
exact,43,one obstacle,ID,47,-1.656282901763916,0.07208225131034851,0.25929588079452515,0.2105357050895691,0.5,0.642578125,1.0,0.08202123641967773
foundation,43,one obstacle,ID,48,-1.6587512493133545,0.06775764375925064,0.2519243359565735,0.20678719878196716,0.9984548391628038,0.6181640625,1.0,0.08368737995624542
foundation,43,one obstacle,ID,49,-1.6587512493133545,0.06838797777891159,0.25016847252845764,0.19937512278556824,0.9956938976377953,0.6943359375,1.0,0.08252747356891632
foundation,43,one obstacle,ID,50,-1.6587512493133545,0.06638561189174652,0.24430185556411743,0.2000630646944046,0.996078431372549,0.7392578125,1.0,0.0825817659497261
foundation,43,one obstacle,ID,51,-1.6587512493133545,0.06619411706924438,0.247288316488266,0.19779810309410095,0.9951676528599604,0.6640625,1.0,0.08379057049751282
foundation,43,one obstacle,ID,52,-1.6587512493133545,0.05966571718454361,0.22917641699314117,0.18822136521339417,0.9947051960872297,0.76953125,1.0,0.08300440013408661
foundation,43,one obstacle,ID,53,-1.6587512493133545,0.07458005845546722,0.260465145111084,0.20944145321846008,0.5,0.76953125,1.0,0.08170300722122192
foundation,43,one obstacle,ID,54,-1.6587512493133545,0.06884030252695084,0.25134217739105225,0.2031227946281433,0.9960822722820764,0.6552734375,1.0,0.08240039646625519
foundation,43,one obstacle,ID,55,-1.6587512493133545,0.06851176172494888,0.2565002739429474,0.2107962965965271,0.9977941176470588,0.51171875,1.0,0.08327457308769226
foundation,43,one obstacle,ID,56,-1.6587512493133545,0.06257306784391403,0.23640242218971252,0.18759417533874512,0.9915544396256563,0.74609375,1.0,0.08355602622032166
foundation,43,one obstacle,ID,57,-1.6587512493133545,0.060821782797575,0.22659893333911896,0.1817316710948944,0.997591680350301,0.8486328125,1.0,0.08218027651309967
foundation,43,one obstacle,ID,58,-1.6587512493133545,0.06298751384019852,0.23962560296058655,0.19695165753364563,0.9939423706614278,0.6875,1.0,0.08307933807373047
foundation,43,one obstacle,ID,59,-1.6587512493133545,0.058353498578071594,0.22503513097763062,0.18689242005348206,0.9948717948717948,0.767578125,1.0,0.08295811712741852
foundation,43,one obstacle,ID,60,-1.6587512493133545,0.06854190677404404,0.2531416416168213,0.20722848176956177,0.9992149165848871,0.5888671875,1.0,0.08293136954307556
foundation,43,one obstacle,ID,61,-1.6587512493133545,0.06571558117866516,0.24809595942497253,0.20444580912590027,0.5,0.5634765625,1.0,0.08271065354347229
foundation,43,one obstacle,ID,62,-1.6587512493133545,0.05613048002123833,0.21935991942882538,0.18090537190437317,0.9944130127298444,0.779296875,1.0,0.0831330344080925
foundation,43,one obstacle,ID,63,-1.6587512493133545,0.0703289806842804,0.2592124938964844,0.2087239921092987,0.9955795677799607,0.5498046875,1.0,0.0837918072938919
exact,43,one obstacle,ID,48,-1.656282901763916,0.07112781703472137,0.25823697447776794,0.21041181683540344,0.9957557949722494,0.638671875,1.0,0.0836869552731514
exact,43,one obstacle,ID,49,-1.656282901763916,0.07180701196193695,0.25665950775146484,0.20366530120372772,0.9955049866554291,0.7197265625,1.0,0.0825275406241417
exact,43,one obstacle,ID,50,-1.656282901763916,0.06982295960187912,0.25090959668159485,0.20394405722618103,1.0,0.763671875,1.0,0.08258262276649475
exact,43,one obstacle,ID,51,-1.656282901763916,0.06944189965724945,0.25346946716308594,0.2030053734779358,0.9936788874841973,0.6845703125,1.0,0.08379082381725311
exact,43,one obstacle,ID,52,-1.656282901763916,0.06269979476928711,0.2352009117603302,0.1931224763393402,0.9956607495069034,0.7861328125,1.0,0.08300435543060303
exact,43,one obstacle,ID,53,-1.656282901763916,0.0784602016210556,0.26780715584754944,0.21354754269123077,0.5,0.798828125,1.0,0.08170413970947266
exact,43,one obstacle,ID,54,-1.656282901763916,0.07235848158597946,0.2579827308654785,0.20692172646522522,0.9973881815213842,0.693359375,0.9999999403953552,0.08240151405334473
exact,43,one obstacle,ID,55,-1.656282901763916,0.07191134244203568,0.2627042829990387,0.21425917744636536,0.9982843137254902,0.546875,1.0,0.08327609300613403
exact,43,one obstacle,ID,56,-1.656282901763916,0.06562521308660507,0.24243506789207458,0.19190740585327148,0.9928359683794467,0.763671875,1.0,0.08355675637722015
exact,43,one obstacle,ID,57,-1.656282901763916,0.06403596699237823,0.2331540584564209,0.18737660348415375,0.9960707269155206,0.8603515625,1.0,0.08218137919902802
exact,43,one obstacle,ID,58,-1.656282901763916,0.06613974273204803,0.24570238590240479,0.20117631554603577,0.9972167648984938,0.7060546875,1.0,0.0830809623003006
exact,43,one obstacle,ID,59,-1.656282901763916,0.061369337141513824,0.2311020940542221,0.1906878650188446,0.9961685823754789,0.7900390625,1.0,0.08295977115631104
exact,43,one obstacle,ID,60,-1.656282901763916,0.07202186435461044,0.2596176266670227,0.20883989334106445,0.9990196078431373,0.615234375,1.0,0.08293193578720093
exact,43,one obstacle,ID,61,-1.656282901763916,0.06912178546190262,0.2543911337852478,0.20801740884780884,0.5,0.615234375,1.0,0.08271202445030212
exact,43,one obstacle,ID,62,-1.656282901763916,0.05899595841765404,0.22523362934589386,0.1852666437625885,0.9952065738415887,0.79296875,1.0,0.08313329517841339
exact,43,one obstacle,ID,63,-1.656282901763916,0.07377737760543823,0.2655521035194397,0.21331246197223663,0.9943627450980392,0.5859375,1.0,0.08379244804382324
foundation,43,two obstacles,ID,0,-1.6587512493133545,0.02143930457532406,0.07850001007318497,0.024429108947515488,0.9596000590318772,0.916015625,0.9840085506439209,0.065442755818367
foundation,43,two obstacles,ID,1,-1.6587512493133545,0.025055108591914177,0.0839395672082901,0.031234946101903915,0.9546403492123743,0.888671875,0.9813187122344971,0.06737251579761505
foundation,43,two obstacles,ID,2,-1.6587512493133545,0.020501120015978813,0.07130114734172821,0.02190806344151497,0.9670700816211653,0.91015625,0.9860514998435974,0.06688320636749268
foundation,43,two obstacles,ID,3,-1.6587512493133545,0.023407889530062675,0.08299142867326736,0.027699066326022148,0.954097510373444,0.9052734375,0.9784249663352966,0.06615349650382996
foundation,43,two obstacles,ID,4,-1.6587512493133545,0.02425253577530384,0.08268202841281891,0.029637180268764496,0.9580813347236705,0.896484375,0.9803921580314636,0.06793159246444702
foundation,43,two obstacles,ID,5,-1.6587512493133545,0.0191211998462677,0.07313644140958786,0.019118977710604668,0.9574045002616431,0.9140625,0.9850428104400635,0.06540414690971375
foundation,43,two obstacles,ID,6,-1.6587512493133545,0.02695521153509617,0.09302821755409241,0.034085314720869064,0.944730132664967,0.86328125,0.9773756265640259,0.06770428270101547
foundation,43,two obstacles,ID,7,-1.6587512493133545,0.0316806323826313,0.10616636276245117,0.0421031191945076,0.9251758087201125,0.83984375,0.9813953638076782,0.07009141147136688
foundation,43,two obstacles,ID,8,-1.6587512493133545,0.019611189141869545,0.06518455594778061,0.026442470028996468,0.9570503799605967,0.86328125,0.9932126998901367,0.06774115562438965
foundation,43,two obstacles,ID,9,-1.6587512493133545,0.022571194916963577,0.08202184736728668,0.026558782905340195,0.9521217728913804,0.9072265625,0.9795478582382202,0.06634876132011414
foundation,43,two obstacles,ID,10,-1.6587512493133545,0.01914595626294613,0.06778749823570251,0.022969070822000504,0.955686475409836,0.9091796875,0.9828141927719116,0.06645715236663818
foundation,43,two obstacles,ID,11,-1.6587512493133545,0.017031999304890633,0.05894816666841507,0.018557509407401085,0.973215079576776,0.9296875,0.9884454011917114,0.06579170376062393
foundation,43,two obstacles,ID,12,-1.6587512493133545,0.02084842510521412,0.0703967735171318,0.025546755641698837,0.9563152896486229,0.9072265625,0.9838535785675049,0.06679254025220871
foundation,43,two obstacles,ID,13,-1.6587512493133545,0.02087293565273285,0.07188460975885391,0.025382572785019875,0.9602314991200857,0.892578125,0.9857768416404724,0.06834066659212112
foundation,43,two obstacles,ID,14,-1.6587512493133545,0.025815125554800034,0.09135010838508606,0.03047349862754345,0.9514808403125439,0.8916015625,0.9791895151138306,0.06600693613290787
foundation,43,two obstacles,ID,15,-1.6587512493133545,0.02831440418958664,0.09998916834592819,0.03355078399181366,0.9408687170240753,0.876953125,0.974387526512146,0.06772217154502869
exact,43,two obstacles,ID,0,-1.656282901763916,0.021180473268032074,0.0774436742067337,0.023874938488006592,0.9614817001180638,0.9150390625,0.9861258864402771,0.06548503041267395
exact,43,two obstacles,ID,1,-1.656282901763916,0.024690615013241768,0.08261428773403168,0.030584540218114853,0.9537434895833333,0.890625,0.9813596606254578,0.06734577566385269
exact,43,two obstacles,ID,2,-1.656282901763916,0.020187316462397575,0.07016275078058243,0.021137382835149765,0.9675830469644903,0.9111328125,0.9860664010047913,0.06691126525402069
exact,43,two obstacles,ID,3,-1.656282901763916,0.023050479590892792,0.08156435191631317,0.026985928416252136,0.9530413364746197,0.904296875,0.9805615544319153,0.06614841520786285
exact,43,two obstacles,ID,4,-1.656282901763916,0.023825766518712044,0.0810125470161438,0.02886847034096718,0.9609850004010587,0.8974609375,0.981501579284668,0.06789624691009521
exact,43,two obstacles,ID,5,-1.656282901763916,0.018850546330213547,0.07223202288150787,0.019221320748329163,0.9594348508634223,0.9150390625,0.9850586652755737,0.06540130078792572
exact,43,two obstacles,ID,6,-1.656282901763916,0.026516404002904892,0.09135794639587402,0.03327047824859619,0.9457282913165266,0.8642578125,0.9796610474586487,0.06768710911273956
exact,43,two obstacles,ID,7,-1.656282901763916,0.03116294927895069,0.10410600900650024,0.041222743690013885,0.929180898801152,0.841796875,0.9814384579658508,0.07007477432489395
exact,43,two obstacles,ID,8,-1.656282901763916,0.01915198564529419,0.06367644667625427,0.02553030103445053,0.9591256204658267,0.8642578125,0.9954802393913269,0.0677509754896164
exact,43,two obstacles,ID,9,-1.656282901763916,0.022251291200518608,0.08059504628181458,0.025906380265951157,0.9527744982290436,0.908203125,0.9795699119567871,0.06632651388645172
exact,43,two obstacles,ID,10,-1.656282901763916,0.018834054470062256,0.06650052964687347,0.022308357059955597,0.9582906420765027,0.908203125,0.9849462509155273,0.06646338105201721
exact,43,two obstacles,ID,11,-1.656282901763916,0.016741963103413582,0.05796968564391136,0.01788465678691864,0.973169901259789,0.927734375,0.9905262589454651,0.06579827517271042
exact,43,two obstacles,ID,12,-1.656282901763916,0.02048373967409134,0.06903940439224243,0.024864936247467995,0.9587290281734726,0.90625,0.9849137663841248,0.06678574532270432
exact,43,two obstacles,ID,13,-1.656282901763916,0.02053442783653736,0.07057125121355057,0.024666886776685715,0.9615923848878394,0.896484375,0.985838770866394,0.06830769032239914
exact,43,two obstacles,ID,14,-1.656282901763916,0.025502661243081093,0.09011957049369812,0.029856763780117035,0.9516669829822231,0.8916015625,0.9791895151138306,0.0659743994474411
exact,43,two obstacles,ID,15,-1.656282901763916,0.027951013296842575,0.09838193655014038,0.0328226312994957,0.9421683138664271,0.8779296875,0.9755282998085022,0.06768686324357986
foundation,43,two obstacles,ID,16,-1.6587512493133545,0.017345797270536423,0.06304129958152771,0.01839533820748329,0.9627087198515769,0.921875,0.9894067645072937,0.06640711426734924
foundation,43,two obstacles,ID,17,-1.6587512493133545,0.02588692493736744,0.09232471883296967,0.02965700998902321,0.9541748707851341,0.8984375,0.9771738648414612,0.06698659062385559
foundation,43,two obstacles,ID,18,-1.6587512493133545,0.024218648672103882,0.08613397181034088,0.030807673931121826,0.9346473029045643,0.8740234375,0.9821228981018066,0.06669872999191284
foundation,43,two obstacles,ID,19,-1.6587512493133545,0.01950978673994541,0.06719860434532166,0.021909823641180992,0.9677166857579229,0.90234375,0.9913420081138611,0.06545248627662659
foundation,43,two obstacles,ID,20,-1.6587512493133545,0.02217441238462925,0.07831825315952301,0.02673805132508278,0.9549881936245573,0.9140625,0.9829060435295105,0.0674767792224884
foundation,43,two obstacles,ID,21,-1.6587512493133545,0.017655620351433754,0.06127278134226799,0.020673325285315514,0.9706711065573771,0.91796875,0.9893616437911987,0.06664631515741348
foundation,43,two obstacles,ID,22,-1.6587512493133545,0.02585039660334587,0.0878320261836052,0.03385423868894577,0.9382845188284518,0.849609375,0.9839080572128296,0.06870506703853607
foundation,43,two obstacles,ID,23,-1.6587512493133545,0.02406000904738903,0.08199779689311981,0.028900383040308952,0.9497497145868096,0.8984375,0.9815216660499573,0.06699033081531525
foundation,43,two obstacles,ID,24,-1.6587512493133545,0.02376166544854641,0.08493895083665848,0.02848702110350132,0.9466113416320886,0.896484375,0.9793028235435486,0.06649112701416016
foundation,43,two obstacles,ID,25,-1.6587512493133545,0.02177632786333561,0.07915926724672318,0.026097659021615982,0.9515938606847698,0.8994140625,0.9837133884429932,0.06578828394412994
foundation,43,two obstacles,ID,26,-1.6587512493133545,0.017891675233840942,0.06033020839095116,0.02168113738298416,0.9729938271604939,0.908203125,0.9903225898742676,0.06538746505975723
foundation,43,two obstacles,ID,27,-1.6587512493133545,0.023126697167754173,0.07973328977823257,0.028678853064775467,0.9417434140072821,0.875,0.9799107313156128,0.06876248866319656
foundation,43,two obstacles,ID,28,-1.6587512493133545,0.026287492364645004,0.09220734238624573,0.032169636338949203,0.9514139305371039,0.9091796875,0.9774436354637146,0.06648986041545868
foundation,43,two obstacles,ID,29,-1.6587512493133545,0.02811570279300213,0.09454873204231262,0.03486257046461105,0.9549560941341763,0.88671875,0.9790748357772827,0.06702660769224167
foundation,43,two obstacles,ID,30,-1.6587512493133545,0.025268465280532837,0.0875360295176506,0.0313454195857048,0.9472206625491296,0.88671875,0.9779735207557678,0.066840261220932
foundation,43,two obstacles,ID,31,-1.6587512493133545,0.030209803953766823,0.10678768157958984,0.037371501326560974,0.943988347457627,0.87890625,0.9700000286102295,0.06716081500053406
exact,43,two obstacles,ID,16,-1.656282901763916,0.01707155816257,0.06212620064616203,0.017686370760202408,0.9646103896103896,0.9208984375,0.9904560446739197,0.06639284640550613
exact,43,two obstacles,ID,17,-1.656282901763916,0.02555137872695923,0.091023288667202,0.028972355648875237,0.9547404045602708,0.8984375,0.9771738648414612,0.06698654592037201
exact,43,two obstacles,ID,18,-1.656282901763916,0.023900073021650314,0.08477216213941574,0.03018103539943695,0.9377593360995851,0.8759765625,0.9821627736091614,0.06671853363513947
exact,43,two obstacles,ID,19,-1.656282901763916,0.019171591848134995,0.06605850160121918,0.021089700981974602,0.9682490332860502,0.90234375,0.9913420081138611,0.0654478371143341
exact,43,two obstacles,ID,20,-1.656282901763916,0.021854091435670853,0.0769614726305008,0.026116114109754562,0.9559808612440192,0.9140625,0.9829060435295105,0.06748306751251221
exact,43,two obstacles,ID,21,-1.656282901763916,0.01736535131931305,0.060135845094919205,0.020067553967237473,0.9711230645266665,0.91796875,0.9904255270957947,0.06661836802959442
exact,43,two obstacles,ID,22,-1.656282901763916,0.025341086089611053,0.08588109910488129,0.032906707376241684,0.9427762736893921,0.853515625,0.9839816689491272,0.06869590282440186
exact,43,two obstacles,ID,23,-1.656282901763916,0.023654179647564888,0.08043384552001953,0.028126321732997894,0.9528233950996751,0.8974609375,0.981501579284668,0.06698854267597198
exact,43,two obstacles,ID,24,-1.656282901763916,0.02338729426264763,0.08341176807880402,0.027760161086916924,0.9496715076071922,0.896484375,0.9803921580314636,0.06647748500108719
exact,43,two obstacles,ID,25,-1.656282901763916,0.02143540233373642,0.07779617607593536,0.025420380756258965,0.9541396103896105,0.90234375,0.9837662577629089,0.06578998267650604
exact,43,two obstacles,ID,26,-1.656282901763916,0.01756800338625908,0.05920341983437538,0.021040791645646095,0.970298273155416,0.9091796875,0.9903330206871033,0.0653722807765007
exact,43,two obstacles,ID,27,-1.656282901763916,0.022744297981262207,0.07822740823030472,0.02786116674542427,0.9426694969066928,0.875,0.981026828289032,0.06878215074539185
exact,43,two obstacles,ID,28,-1.656282901763916,0.026123447343707085,0.09145092964172363,0.031851496547460556,0.9455938568841794,0.908203125,0.977419376373291,0.0664374977350235
exact,43,two obstacles,ID,29,-1.656282901763916,0.02777783013880253,0.09318448603153229,0.034303076565265656,0.956824727783632,0.8857421875,0.981256902217865,0.0670655220746994
exact,43,two obstacles,ID,30,-1.656282901763916,0.024836473166942596,0.08584397286176682,0.030560648068785667,0.9489420572916667,0.8876953125,0.9801980257034302,0.06681668013334274
exact,43,two obstacles,ID,31,-1.656282901763916,0.029810752719640732,0.10503052920103073,0.036681294441223145,0.9452682338758288,0.8798828125,0.9700333476066589,0.06716060638427734
foundation,43,two obstacles,ID,32,-1.6587512493133545,0.02247748151421547,0.07780870795249939,0.027040425688028336,0.9569991318114499,0.890625,0.9835526347160339,0.06738342344760895
foundation,43,two obstacles,ID,33,-1.6587512493133545,0.024623291566967964,0.08941077440977097,0.0278618261218071,0.9485555725788605,0.8994140625,0.9771987199783325,0.06521759927272797
foundation,43,two obstacles,ID,34,-1.6587512493133545,0.022669699043035507,0.07730137556791306,0.02784942090511322,0.9577141106174353,0.892578125,0.9814004302024841,0.06737880408763885
foundation,43,two obstacles,ID,35,-1.6587512493133545,0.024413470178842545,0.08899065852165222,0.029923206195235252,0.9433804878879185,0.8984375,0.9771738648414612,0.06606289744377136
foundation,43,two obstacles,ID,36,-1.6587512493133545,0.016650350764393806,0.05666302517056465,0.020774878561496735,0.9636827458256031,0.9091796875,0.9903330206871033,0.06742233037948608
foundation,43,two obstacles,ID,37,-1.6587512493133545,0.0203019417822361,0.06708214432001114,0.02505721151828766,0.9663561076604554,0.8916015625,0.9901424050331116,0.06657141447067261
foundation,43,two obstacles,ID,38,-1.6587512493133545,0.024492762982845306,0.0889795646071434,0.02809201180934906,0.9476560928173832,0.8984375,0.9793477654457092,0.06716206669807434
foundation,43,two obstacles,ID,39,-1.6587512493133545,0.013255715370178223,0.04820359870791435,0.012559948489069939,0.9763220439691028,0.9423828125,0.9927461743354797,0.06354027986526489
foundation,43,two obstacles,ID,40,-1.6587512493133545,0.024910449981689453,0.08614534139633179,0.03107217513024807,0.9431619475415096,0.8740234375,0.9821228981018066,0.0682327151298523
foundation,43,two obstacles,ID,41,-1.6587512493133545,0.02686520479619503,0.0970260500907898,0.034210413694381714,0.9327718339782989,0.8701171875,0.9753086566925049,0.06769557297229767
foundation,43,two obstacles,ID,42,-1.6587512493133545,0.023083023726940155,0.08550029993057251,0.025102347135543823,0.9528760867656099,0.90625,0.9773706793785095,0.06554071605205536
foundation,43,two obstacles,ID,43,-1.6587512493133545,0.025048227980732918,0.088208869099617,0.029992159456014633,0.9491997216423104,0.884765625,0.9790287017822266,0.06721150130033493
foundation,43,two obstacles,ID,44,-1.6587512493133545,0.02107306383550167,0.07144247740507126,0.025961855426430702,0.9578083237877053,0.9091796875,0.9849624037742615,0.06637538969516754
foundation,43,two obstacles,ID,45,-1.6587512493133545,0.02459515817463398,0.08672191202640533,0.030004920437932014,0.9493252729465007,0.8955078125,0.9770991802215576,0.06716965138912201
foundation,43,two obstacles,ID,46,-1.6587512493133545,0.0235702246427536,0.08497440069913864,0.028351658955216408,0.9623104029416272,0.9169921875,0.9776357412338257,0.06464143097400665
foundation,43,two obstacles,ID,47,-1.6587512493133545,0.02408645674586296,0.08467739820480347,0.029095511883497238,0.9557158221041311,0.8876953125,0.9790979027748108,0.06818277388811111
exact,43,two obstacles,ID,32,-1.656282901763916,0.022113924846053123,0.07643511146306992,0.026303164660930634,0.9596036974618254,0.8916015625,0.9846659898757935,0.06737915426492691
exact,43,two obstacles,ID,33,-1.656282901763916,0.02430042065680027,0.08794344216585159,0.027187060564756393,0.9510239517900005,0.9013671875,0.9783315062522888,0.06518396735191345
exact,43,two obstacles,ID,34,-1.656282901763916,0.02225232683122158,0.07570894807577133,0.027068980038166046,0.9611528182081269,0.8955078125,0.981461226940155,0.06736791133880615
exact,43,two obstacles,ID,35,-1.656282901763916,0.024112574756145477,0.08763770759105682,0.029378686100244522,0.9437759336099585,0.900390625,0.9772234559059143,0.0660637766122818
exact,43,two obstacles,ID,36,-1.656282901763916,0.016322076320648193,0.055523768067359924,0.02007783204317093,0.9624672679662496,0.91015625,0.9903433322906494,0.06740935891866684
exact,43,two obstacles,ID,37,-1.656282901763916,0.01990627683699131,0.06585706770420074,0.02428567036986351,0.9686585278789177,0.89453125,0.9912663698196411,0.06654754281044006
exact,43,two obstacles,ID,38,-1.656282901763916,0.024157987907528877,0.08757514506578445,0.027368919923901558,0.9467323651452282,0.900390625,0.9793926477432251,0.06716319918632507
exact,43,two obstacles,ID,39,-1.656282901763916,0.01303904503583908,0.04762084409594536,0.014541145414113998,0.9742943548387097,0.9423828125,0.9937824010848999,0.06351795047521591
exact,43,two obstacles,ID,40,-1.656282901763916,0.024488113820552826,0.08454109728336334,0.030222272500395775,0.9431973968914656,0.8740234375,0.9843575358390808,0.06819231808185577
exact,43,two obstacles,ID,41,-1.656282901763916,0.026476755738258362,0.0953332856297493,0.03349212184548378,0.9358980195765991,0.869140625,0.9775280952453613,0.06768861413002014
exact,43,two obstacles,ID,42,-1.656282901763916,0.02281159721314907,0.08423205465078354,0.024424027651548386,0.9552120839553877,0.9072265625,0.9784714579582214,0.065541110932827
exact,43,two obstacles,ID,43,-1.656282901763916,0.024684399366378784,0.08678402006626129,0.029269501566886902,0.9499478623566214,0.884765625,0.9812362194061279,0.06721216440200806
exact,43,two obstacles,ID,44,-1.656282901763916,0.02067921869456768,0.06997305154800415,0.025202147662639618,0.9607483772432226,0.9111328125,0.9860664010047913,0.06634989380836487
exact,43,two obstacles,ID,45,-1.656282901763916,0.024165421724319458,0.0849546492099762,0.029240848496556282,0.952347918008688,0.896484375,0.9782134890556335,0.06715325266122818
exact,43,two obstacles,ID,46,-1.656282901763916,0.023196490481495857,0.08327887952327728,0.02776256576180458,0.9612364977606043,0.916015625,0.9786780476570129,0.06461391597986221
exact,43,two obstacles,ID,47,-1.656282901763916,0.023671910166740417,0.08307234942913055,0.0282842256128788,0.9586101094451824,0.892578125,0.9803063869476318,0.06816845387220383
foundation,43,two obstacles,ID,48,-1.6587512493133545,0.01892610266804695,0.06444741785526276,0.024202311411499977,0.9594341333655765,0.8984375,0.9880434274673462,0.06558690965175629
foundation,43,two obstacles,ID,49,-1.6587512493133545,0.020498406141996384,0.0682622492313385,0.025774817913770676,0.9615559063117981,0.888671875,0.9890110492706299,0.06714773923158646
foundation,43,two obstacles,ID,50,-1.6587512493133545,0.01850082539021969,0.06321124732494354,0.02220630645751953,0.9714446929851077,0.9208984375,0.987274706363678,0.06553344428539276
foundation,43,two obstacles,ID,51,-1.6587512493133545,0.02352726086974144,0.0808362290263176,0.029280617833137512,0.9508026488262431,0.888671875,0.9791209101676941,0.06812678277492523
foundation,43,two obstacles,ID,52,-1.6587512493133545,0.026771947741508484,0.0957879051566124,0.033883482217788696,0.9413596885294999,0.8759765625,0.9754738211631775,0.06785479187965393
foundation,43,two obstacles,ID,53,-1.6587512493133545,0.02503444068133831,0.08918359875679016,0.030844420194625854,0.93837890625,0.873046875,0.9809843301773071,0.06739513576030731
foundation,43,two obstacles,ID,54,-1.6587512493133545,0.019809577614068985,0.06864473968744278,0.023031355813145638,0.9643184421534937,0.90234375,0.988095223903656,0.0664745420217514
foundation,43,two obstacles,ID,55,-1.6587512493133545,0.018913062289357185,0.06414397060871124,0.02313099056482315,0.9619507186858316,0.9033203125,0.9870270490646362,0.06686319410800934
foundation,43,two obstacles,ID,56,-1.6587512493133545,0.022773567587137222,0.08115176856517792,0.026731645688414574,0.9568774730065053,0.900390625,0.9826464056968689,0.06715641170740128
foundation,43,two obstacles,ID,57,-1.6587512493133545,0.024946769699454308,0.08811301738023758,0.03248068317770958,0.9400107547289176,0.86328125,0.9807692766189575,0.06812112033367157
foundation,43,two obstacles,ID,58,-1.6587512493133545,0.023075450211763382,0.08087217807769775,0.028040872886776924,0.9533151839817335,0.904296875,0.9805615544319153,0.06581924110651016
foundation,43,two obstacles,ID,59,-1.6587512493133545,0.01326240785419941,0.04493066668510437,0.017114538699388504,0.9692420152946468,0.912109375,0.9946466684341431,0.06620211899280548
foundation,43,two obstacles,ID,60,-1.6587512493133545,0.018276052549481392,0.060526903718709946,0.022222019731998444,0.9690005232862376,0.9150390625,0.9903948307037354,0.06462803483009338
foundation,43,two obstacles,ID,61,-1.6587512493133545,0.01882966235280037,0.06154108792543411,0.024383537471294403,0.9681748759068347,0.890625,0.9945175647735596,0.06888067722320557
foundation,43,two obstacles,ID,62,-1.6587512493133545,0.017903149127960205,0.06188594177365303,0.02123095467686653,0.9632178401097585,0.908203125,0.9903225898742676,0.06664217263460159
foundation,43,two obstacles,ID,63,-1.6587512493133545,0.024351689964532852,0.08547717332839966,0.02867397665977478,0.9534545694795434,0.8974609375,0.9782372117042542,0.06667160987854004
exact,43,two obstacles,ID,48,-1.656282901763916,0.01859372667968273,0.0632014125585556,0.02352748066186905,0.9623763174334481,0.8994140625,0.988056480884552,0.06556396186351776
exact,43,two obstacles,ID,49,-1.656282901763916,0.020096277818083763,0.06691672652959824,0.024920063093304634,0.9616286706069987,0.8935546875,0.9890710711479187,0.06712575256824493
exact,43,two obstacles,ID,50,-1.656282901763916,0.018189264461398125,0.06200756877660751,0.021627994254231453,0.9704447933019362,0.921875,0.9872881174087524,0.06555210798978806
exact,43,two obstacles,ID,51,-1.656282901763916,0.023150965571403503,0.0793335884809494,0.028550373390316963,0.9538838670139421,0.892578125,0.9792122840881348,0.06811568140983582
exact,43,two obstacles,ID,52,-1.656282901763916,0.026407981291413307,0.09419868886470795,0.03324315324425697,0.9406534580359339,0.876953125,0.9777283072471619,0.06784660369157791
exact,43,two obstacles,ID,53,-1.656282901763916,0.024613261222839355,0.08745011687278748,0.02998652309179306,0.9421223958333333,0.8779296875,0.982202410697937,0.06739713996648788
exact,43,two obstacles,ID,54,-1.656282901763916,0.01944172941148281,0.06737209111452103,0.022223815321922302,0.9620740382483928,0.90625,0.9881465435028076,0.0664675161242485
exact,43,two obstacles,ID,55,-1.656282901763916,0.01858435943722725,0.062944695353508,0.022448057308793068,0.963411826268969,0.9033203125,0.9881081581115723,0.06684815138578415
exact,43,two obstacles,ID,56,-1.656282901763916,0.022424113005399704,0.07981552928686142,0.025993717834353447,0.9583780195087074,0.900390625,0.9826464056968689,0.06715451180934906
exact,43,two obstacles,ID,57,-1.656282901763916,0.024543359875679016,0.08647218346595764,0.031741052865982056,0.9397786458333334,0.869140625,0.9808988571166992,0.0681062787771225
exact,43,two obstacles,ID,58,-1.656282901763916,0.022761255502700806,0.07953668385744095,0.027429893612861633,0.955739000614736,0.91015625,0.9806866645812988,0.06574946641921997
exact,43,two obstacles,ID,59,-1.656282901763916,0.012964121997356415,0.044008854776620865,0.016472715884447098,0.9718004948268106,0.9130859375,0.9946524500846863,0.06619664281606674
exact,43,two obstacles,ID,60,-1.656282901763916,0.017930898815393448,0.059367094188928604,0.02157474309206009,0.9675080032230667,0.9150390625,0.9903948307037354,0.0646505132317543
exact,43,two obstacles,ID,61,-1.656282901763916,0.01841392181813717,0.06018511578440666,0.023570571094751358,0.9707521954944635,0.8935546875,0.9945355653762817,0.0688384547829628
exact,43,two obstacles,ID,62,-1.656282901763916,0.017588168382644653,0.0607481375336647,0.020542457699775696,0.9656351401380692,0.91015625,0.9903433322906494,0.06663539260625839
exact,43,two obstacles,ID,63,-1.656282901763916,0.02397076040506363,0.08381704986095428,0.02797117456793785,0.9545972771779223,0.8984375,0.9793477654457092,0.06667804718017578
foundation,43,three obstacles,ID,0,-1.6587512493133545,0.030092492699623108,0.10813310742378235,0.02962232381105423,0.9422617354196301,0.8671875,0.9797297716140747,0.06266342848539352
foundation,43,three obstacles,ID,1,-1.6587512493133545,0.009369256906211376,0.03573183715343475,0.022147420793771744,0.980459898213158,0.9228515625,0.9989418387413025,0.061880264431238174
foundation,43,three obstacles,ID,2,-1.6587512493133545,0.0241230558604002,0.08536555618047714,0.02910700812935829,0.9566569010416667,0.9013671875,0.9826652407646179,0.062109071761369705
foundation,43,three obstacles,ID,3,-1.6587512493133545,0.03722314164042473,0.11992305517196655,0.04012283310294151,0.9493043562211042,0.8359375,0.9836448431015015,0.0636301040649414
foundation,43,three obstacles,ID,4,-1.6587512493133545,0.030297068879008293,0.09938788414001465,0.03092225268483162,0.9549139445029855,0.8642578125,0.9909604787826538,0.06261181831359863
foundation,43,three obstacles,ID,5,-1.6587512493133545,0.016851425170898438,0.057889245450496674,0.02279377169907093,0.9726349043715847,0.9111328125,0.9935690760612488,0.06349358707666397
foundation,43,three obstacles,ID,6,-1.6587512493133545,0.027330763638019562,0.09276699274778366,0.027176424860954285,0.9615689324863518,0.8759765625,0.9899665713310242,0.06289242953062057
foundation,43,three obstacles,ID,7,-1.6587512493133545,0.01881234161555767,0.06313879787921906,0.021622538566589355,0.966267014878126,0.900390625,0.9913232326507568,0.06219235807657242
foundation,43,three obstacles,ID,8,-1.6587512493133545,0.023463493213057518,0.0796521008014679,0.03109210543334484,0.9531737773152966,0.8720703125,0.9899216294288635,0.0633036345243454
foundation,43,three obstacles,ID,9,-1.6587512493133545,0.031195025891065598,0.10356342792510986,0.031684838235378265,0.9658972578965637,0.8779296875,0.9833147525787354,0.0618632510304451
foundation,43,three obstacles,ID,10,-1.6587512493133545,0.035414036363363266,0.12532073259353638,0.0382697656750679,0.9384365799435197,0.85546875,0.9714611172676086,0.06265360862016678
foundation,43,three obstacles,ID,11,-1.6587512493133545,0.026402654126286507,0.08858489990234375,0.025595279410481453,0.9660655929038282,0.884765625,0.9856511950492859,0.06324008107185364
foundation,43,three obstacles,ID,12,-1.6587512493133545,0.0173859354108572,0.06022293120622635,0.02503531239926815,0.9755460588793923,0.8994140625,0.9934853911399841,0.062357086688280106
foundation,43,three obstacles,ID,13,-1.6587512493133545,0.024909766390919685,0.08121820539236069,0.029600175097584724,0.960923990955175,0.869140625,0.9921348690986633,0.06326758861541748
foundation,43,three obstacles,ID,14,-1.6587512493133545,0.027036065235733986,0.08798161894083023,0.028677435591816902,0.9645803698435277,0.8740234375,0.992178738117218,0.06168687343597412
foundation,43,three obstacles,ID,15,-1.6587512493133545,0.026983903720974922,0.09910622239112854,0.025013934820890427,0.9512060054147182,0.8916015625,0.9791895151138306,0.06234271451830864
exact,43,three obstacles,ID,0,-1.656282901763916,0.029773306101560593,0.10687343031167984,0.028942521661520004,0.9427135099318669,0.8681640625,0.9797526001930237,0.06260563433170319
exact,43,three obstacles,ID,1,-1.656282901763916,0.00912393070757389,0.035416193306446075,0.022301148623228073,0.9819829859950221,0.9228515625,1.0,0.06187905743718147
exact,43,three obstacles,ID,2,-1.656282901763916,0.023767821490764618,0.08397596329450607,0.02846253290772438,0.9587890625,0.9013671875,0.9848320484161377,0.06206643208861351
exact,43,three obstacles,ID,3,-1.656282901763916,0.036634668707847595,0.11813422292470932,0.03893580287694931,0.9504112554112554,0.8359375,0.9836448431015015,0.06361784040927887
exact,43,three obstacles,ID,4,-1.656282901763916,0.029931386932730675,0.09817640483379364,0.028793461620807648,0.9569371268001405,0.865234375,0.9909706711769104,0.06258390843868256
exact,43,three obstacles,ID,5,-1.656282901763916,0.016549592837691307,0.05717319995164871,0.022865217179059982,0.9708588957055214,0.9111328125,0.9935690760612488,0.06347984075546265
exact,43,three obstacles,ID,6,-1.656282901763916,0.026923159137368202,0.09151029586791992,0.02623305656015873,0.9603919424205252,0.876953125,0.9899777770042419,0.06288870424032211
exact,43,three obstacles,ID,7,-1.656282901763916,0.018498746678233147,0.06231667846441269,0.021632088348269463,0.9663865546218487,0.900390625,0.9913232326507568,0.06219654902815819
exact,43,three obstacles,ID,8,-1.656282901763916,0.02297929674386978,0.07836035639047623,0.031021784991025925,0.9541110589497686,0.873046875,0.991051435470581,0.06329280138015747
exact,43,three obstacles,ID,9,-1.656282901763916,0.03085935488343239,0.10237237811088562,0.030936866998672485,0.9643110435663627,0.8779296875,0.9844270944595337,0.06185707077383995
exact,43,three obstacles,ID,10,-1.656282901763916,0.03502928838133812,0.12366195768117905,0.037249382585287094,0.9394425019425019,0.853515625,0.9736841917037964,0.06262335181236267
exact,43,three obstacles,ID,11,-1.656282901763916,0.02605580724775791,0.08754965662956238,0.024512795731425285,0.9663035928055216,0.884765625,0.9878587126731873,0.06329907476902008
exact,43,three obstacles,ID,12,-1.656282901763916,0.017048873007297516,0.059497036039829254,0.024920068681240082,0.9761804002176411,0.8984375,0.9945651888847351,0.06233637034893036
exact,43,three obstacles,ID,13,-1.656282901763916,0.024538105353713036,0.08012948930263519,0.028868025168776512,0.9611859838274932,0.869140625,0.9921348690986633,0.06326118111610413
exact,43,three obstacles,ID,14,-1.656282901763916,0.026582542806863785,0.08666913956403732,0.027844296768307686,0.9652132578540253,0.876953125,0.9922049045562744,0.06169931963086128
exact,43,three obstacles,ID,15,-1.656282901763916,0.02670508623123169,0.09805481135845184,0.029494937509298325,0.9530057839035195,0.8916015625,0.9791895151138306,0.062310680747032166
foundation,43,three obstacles,ID,16,-1.6587512493133545,0.01744491420686245,0.0587942935526371,0.022108281031250954,0.9710944919278253,0.904296875,0.9924405813217163,0.061035092920064926
foundation,43,three obstacles,ID,17,-1.6587512493133545,0.02419085055589676,0.0799708440899849,0.025915879756212234,0.9678347280334729,0.884765625,0.9900662302970886,0.06471389532089233
foundation,43,three obstacles,ID,18,-1.6587512493133545,0.02694646641612053,0.09136691689491272,0.02708568051457405,0.9522012578616352,0.865234375,0.9898419976234436,0.06178394705057144
foundation,43,three obstacles,ID,19,-1.6587512493133545,0.025099992752075195,0.08221489191055298,0.026762789115309715,0.9658447574042015,0.8857421875,0.9900771975517273,0.06284047663211823
foundation,43,three obstacles,ID,20,-1.6587512493133545,0.026355350390076637,0.08788153529167175,0.02841947227716446,0.9622475106685633,0.875,0.9866071939468384,0.06281908601522446
foundation,43,three obstacles,ID,21,-1.6587512493133545,0.027228452265262604,0.09857678413391113,0.024423252791166306,0.9515276283160998,0.884765625,0.9801324605941772,0.06296573579311371
foundation,43,three obstacles,ID,22,-1.6587512493133545,0.02356989122927189,0.0788881927728653,0.02568640373647213,0.9644461314607453,0.8818359375,0.9900332093238831,0.06189145892858505
foundation,43,three obstacles,ID,23,-1.6587512493133545,0.020275264978408813,0.07079207897186279,0.02727733738720417,0.9639144396669026,0.884765625,0.99227374792099,0.06237899884581566
foundation,43,three obstacles,ID,24,-1.6587512493133545,0.029341084882616997,0.0994427427649498,0.029203593730926514,0.9512944523470839,0.8623046875,0.9886749386787415,0.062218040227890015
foundation,43,three obstacles,ID,25,-1.6587512493133545,0.01996399275958538,0.07090944796800613,0.017807641997933388,0.962340862422998,0.912109375,0.9871520400047302,0.06121865659952164
foundation,43,three obstacles,ID,26,-1.6587512493133545,0.022700106725096703,0.08161160349845886,0.02457168698310852,0.9624608967674662,0.884765625,0.9856511950492859,0.06250282377004623
foundation,43,three obstacles,ID,27,-1.6587512493133545,0.02765841595828533,0.09431208670139313,0.02936192974448204,0.9567002764677184,0.8603515625,0.98524409532547,0.06250908225774765
foundation,43,three obstacles,ID,28,-1.6587512493133545,0.02751588448882103,0.09288600087165833,0.029364094138145447,0.9599268254036848,0.8779296875,0.9833147525787354,0.062397588044404984
foundation,43,three obstacles,ID,29,-1.6587512493133545,0.0263191070407629,0.09254929423332214,0.02477153018116951,0.9526673640167365,0.87890625,0.9833333492279053,0.06353718787431717
foundation,43,three obstacles,ID,30,-1.6587512493133545,0.023682057857513428,0.08489685505628586,0.024182846769690514,0.9564543860545086,0.8955078125,0.9825517535209656,0.06210886687040329
foundation,43,three obstacles,ID,31,-1.6587512493133545,0.027755528688430786,0.09818135201931,0.027317706495523453,0.9554899894625922,0.8779296875,0.978865385055542,0.06317257881164551
exact,43,three obstacles,ID,16,-1.656282901763916,0.017046211287379265,0.05760069191455841,0.021390236914157867,0.971746972170163,0.9033203125,0.9935135245323181,0.06099633872509003
exact,43,three obstacles,ID,17,-1.656282901763916,0.0238773413002491,0.07896681129932404,0.025193823501467705,0.9652362236303843,0.8837890625,0.9911601543426514,0.06470360606908798
exact,43,three obstacles,ID,18,-1.656282901763916,0.026561742648482323,0.09016788750886917,0.02610347606241703,0.9548367774782869,0.8662109375,0.9898533821105957,0.061750628054142
exact,43,three obstacles,ID,19,-1.656282901763916,0.024716023355722427,0.0809626504778862,0.026012949645519257,0.9662174985765799,0.88671875,0.9900880455970764,0.06281372904777527
exact,43,three obstacles,ID,20,-1.656282901763916,0.025929467752575874,0.08662557601928711,0.02750735729932785,0.9626924794376504,0.8740234375,0.9877094626426697,0.06279806792736053
exact,43,three obstacles,ID,21,-1.656282901763916,0.027024822309613228,0.09776730835437775,0.023765921592712402,0.9530872284346293,0.8857421875,0.9823594689369202,0.0629739761352539
exact,43,three obstacles,ID,22,-1.656282901763916,0.02319490537047386,0.0777495875954628,0.02484467439353466,0.966913392800658,0.8837890625,0.9900552034378052,0.06188751757144928
exact,43,three obstacles,ID,23,-1.656282901763916,0.01986687071621418,0.06985516101121902,0.027208175510168076,0.9647100059031879,0.884765625,0.99227374792099,0.06236547976732254
exact,43,three obstacles,ID,24,-1.656282901763916,0.028957651928067207,0.09816770255565643,0.028245078399777412,0.9520619967445948,0.8642578125,0.9887005686759949,0.06222075968980789
exact,43,three obstacles,ID,25,-1.656282901763916,0.01965947262942791,0.07003488391637802,0.01884734258055687,0.9642299794661191,0.9140625,0.9871795177459717,0.0612194761633873
exact,43,three obstacles,ID,26,-1.656282901763916,0.022253645583987236,0.08020181208848953,0.02358018048107624,0.9620600234544043,0.8857421875,0.9856670498847961,0.062479786574840546
exact,43,three obstacles,ID,27,-1.656282901763916,0.027182308956980705,0.09293030947446823,0.028240785002708435,0.9563832445036642,0.861328125,0.9852607846260071,0.0625067725777626
exact,43,three obstacles,ID,28,-1.656282901763916,0.02708728238940239,0.09137178957462311,0.02846650592982769,0.9606967787114845,0.87890625,0.9844444394111633,0.06237483024597168
exact,43,three obstacles,ID,29,-1.656282901763916,0.025976955890655518,0.09146440029144287,0.023961491882801056,0.954836327836574,0.87890625,0.9833333492279053,0.0635405033826828
exact,43,three obstacles,ID,30,-1.656282901763916,0.023468442261219025,0.08409632742404938,0.023643743246793747,0.9577822038370529,0.89453125,0.9836244583129883,0.06207570433616638
exact,43,three obstacles,ID,31,-1.656282901763916,0.027356982231140137,0.09683830291032791,0.026274682953953743,0.9562162162162162,0.876953125,0.9810690879821777,0.06316766142845154
foundation,43,three obstacles,ID,32,-1.6587512493133545,0.03136420249938965,0.1103191077709198,0.029349379241466522,0.9456899004267425,0.8779296875,0.978865385055542,0.06314422190189362
foundation,43,three obstacles,ID,33,-1.6587512493133545,0.016577042639255524,0.05763321369886398,0.025097019970417023,0.9634212834554206,0.90234375,0.9945887327194214,0.06263722479343414
foundation,43,three obstacles,ID,34,-1.6587512493133545,0.021171141415834427,0.0783151388168335,0.02201034314930439,0.9611622760048548,0.90234375,0.9870129823684692,0.06313899159431458
foundation,43,three obstacles,ID,35,-1.6587512493133545,0.02111116610467434,0.06972316652536392,0.025711514055728912,0.9655958688216753,0.8779296875,0.9911012053489685,0.062248751521110535
foundation,43,three obstacles,ID,36,-1.6587512493133545,0.027224959805607796,0.0933879166841507,0.028435904532670975,0.9519870448179272,0.86328125,0.9875565767288208,0.06308271735906601
foundation,43,three obstacles,ID,37,-1.6587512493133545,0.025097142904996872,0.08836826682090759,0.026066452264785767,0.9574697047676974,0.8876953125,0.9834983348846436,0.06244775652885437
foundation,43,three obstacles,ID,38,-1.6587512493133545,0.027446839958429337,0.09249915927648544,0.03033146634697914,0.9552597842213677,0.8740234375,0.986592173576355,0.06211299076676369
foundation,43,three obstacles,ID,39,-1.6587512493133545,0.01937844604253769,0.061875078827142715,0.029122084379196167,0.9742437396796215,0.8837890625,0.9955800771713257,0.06191470846533775
foundation,43,three obstacles,ID,40,-1.6587512493133545,0.023343006148934364,0.08492839336395264,0.01897551119327545,0.9664130194235909,0.91015625,0.9849785566329956,0.0620579868555069
foundation,43,three obstacles,ID,41,-1.6587512493133545,0.025478342548012733,0.09515117853879929,0.025441313162446022,0.9599741570268274,0.90234375,0.9783549904823303,0.062316425144672394
foundation,43,three obstacles,ID,42,-1.6587512493133545,0.020000295713543892,0.06781356781721115,0.025802239775657654,0.9650029935231046,0.880859375,0.9933481216430664,0.0618852861225605
foundation,43,three obstacles,ID,43,-1.6587512493133545,0.024739768356084824,0.09067609161138535,0.019048627465963364,0.9601888020833333,0.88671875,0.984581470489502,0.06221488118171692
foundation,43,three obstacles,ID,44,-1.6587512493133545,0.03444017469882965,0.11577792465686798,0.03691001981496811,0.9531168213181062,0.8623046875,0.9796149134635925,0.06272668391466141
foundation,43,three obstacles,ID,45,-1.6587512493133545,0.018409794196486473,0.06287939101457596,0.022800151258707047,0.9686637244825987,0.89453125,0.9945415258407593,0.06270172446966171
foundation,43,three obstacles,ID,46,-1.6587512493133545,0.028149034827947617,0.10028322041034698,0.026788879185914993,0.9575144348212303,0.8798828125,0.9811320900917053,0.06442207098007202
foundation,43,three obstacles,ID,47,-1.6587512493133545,0.023273177444934845,0.07991693168878555,0.025283124297857285,0.9595703124999999,0.8828125,0.9878318309783936,0.061294980347156525
exact,43,three obstacles,ID,32,-1.656282901763916,0.031076250597834587,0.10900050401687622,0.030060898512601852,0.947923186344239,0.87890625,0.9788889288902283,0.06314922869205475
exact,43,three obstacles,ID,33,-1.656282901763916,0.01626884751021862,0.0568515881896019,0.025135092437267303,0.9656496692980584,0.90234375,0.9945887327194214,0.06263428926467896
exact,43,three obstacles,ID,34,-1.656282901763916,0.02079656533896923,0.07713182270526886,0.021105540916323662,0.9615740488760681,0.90234375,0.9870129823684692,0.06314048916101456
exact,43,three obstacles,ID,35,-1.656282901763916,0.02069288305938244,0.0684870034456253,0.024832239374518394,0.9666343223873481,0.8818359375,0.9911406636238098,0.06223635375499725
exact,43,three obstacles,ID,36,-1.656282901763916,0.0267876535654068,0.09204469621181488,0.02741074562072754,0.9460222398976903,0.8623046875,0.9886749386787415,0.06308223307132721
exact,43,three obstacles,ID,37,-1.656282901763916,0.024752620607614517,0.0873047262430191,0.02529565431177616,0.9578983994432847,0.888671875,0.9835165143013,0.062423333525657654
exact,43,three obstacles,ID,38,-1.656282901763916,0.02702055312693119,0.09113675355911255,0.029520561918616295,0.9575500914682454,0.8759765625,0.9866220951080322,0.06209511309862137
exact,43,three obstacles,ID,39,-1.656282901763916,0.01890263706445694,0.060729533433914185,0.028965149074792862,0.9719961447847505,0.8837890625,0.9955800771713257,0.061884693801403046
exact,43,three obstacles,ID,40,-1.656282901763916,0.023057851940393448,0.08400692790746689,0.018148405477404594,0.9677238139012309,0.9111328125,0.9849945902824402,0.06204476207494736
exact,43,three obstacles,ID,41,-1.656282901763916,0.02524893917143345,0.09419044852256775,0.024776196107268333,0.9579932941102043,0.904296875,0.9784017205238342,0.06233528256416321
exact,43,three obstacles,ID,42,-1.656282901763916,0.01960071176290512,0.06680572777986526,0.025562122464179993,0.9659644332939787,0.8798828125,0.9944506287574768,0.06186303496360779
exact,43,three obstacles,ID,43,-1.656282901763916,0.02443290315568447,0.08968215435743332,0.018789922818541527,0.9612011297755314,0.8876953125,0.9856985807418823,0.0621991902589798
exact,43,three obstacles,ID,44,-1.656282901763916,0.0338650643825531,0.11357659101486206,0.03580406308174133,0.9528821872571873,0.861328125,0.9807256460189819,0.06271111965179443
exact,43,three obstacles,ID,45,-1.656282901763916,0.01808646321296692,0.06208210811018944,0.022597137838602066,0.9674097331240188,0.8955078125,0.9945473670959473,0.06268920004367828
exact,43,three obstacles,ID,46,-1.656282901763916,0.027831312268972397,0.09925580769777298,0.025973103940486908,0.9578082191780822,0.8828125,0.9811946749687195,0.06440441310405731
exact,43,three obstacles,ID,47,-1.656282901763916,0.022818829864263535,0.07856516540050507,0.024284636601805687,0.9621419270833333,0.8818359375,0.9878184199333191,0.061272211372852325
foundation,43,three obstacles,ID,48,-1.6587512493133545,0.01829114928841591,0.06461499631404877,0.017079707235097885,0.9678850102669403,0.89453125,0.9923580884933472,0.06312163174152374
foundation,43,three obstacles,ID,49,-1.6587512493133545,0.023092683404684067,0.0796641930937767,0.02775934338569641,0.943885048712785,0.8828125,0.9834070801734924,0.06323008239269257
foundation,43,three obstacles,ID,50,-1.6587512493133545,0.0256049782037735,0.09465484321117401,0.020196784287691116,0.9533565823888404,0.9013671875,0.9815818071365356,0.06214043125510216
foundation,43,three obstacles,ID,51,-1.6587512493133545,0.029717279598116875,0.10776998847723007,0.029545750468969345,0.9523470839260313,0.88671875,0.9779735207557678,0.062267325818538666
foundation,43,three obstacles,ID,52,-1.6587512493133545,0.0314369723200798,0.10584165155887604,0.032644812017679214,0.9552780068863491,0.8759765625,0.9810479879379272,0.06388796865940094
foundation,43,three obstacles,ID,53,-1.6587512493133545,0.023009903728961945,0.07740778475999832,0.02860865741968155,0.9575508316403218,0.8701171875,0.9898990392684937,0.06176665425300598
foundation,43,three obstacles,ID,54,-1.6587512493133545,0.03567707911133766,0.11949539184570312,0.039788868278265,0.9488593954095914,0.859375,0.9772726893424988,0.06242799758911133
foundation,43,three obstacles,ID,55,-1.6587512493133545,0.021392228081822395,0.07632898539304733,0.020331377163529396,0.9638055842812824,0.90625,0.9849137663841248,0.06170192360877991
foundation,43,three obstacles,ID,56,-1.6587512493133545,0.031000111252069473,0.11590580642223358,0.03200741112232208,0.939480793757457,0.8798828125,0.9722530841827393,0.061605725437402725
foundation,43,three obstacles,ID,57,-1.6587512493133545,0.027537958696484566,0.09204380959272385,0.032490748912096024,0.9609103840682788,0.8828125,0.9834070801734924,0.0624689906835556
foundation,43,three obstacles,ID,58,-1.6587512493133545,0.019306857138872147,0.069243885576725,0.01829073764383793,0.9673336960683554,0.9140625,0.9861111640930176,0.06344567984342575
foundation,43,three obstacles,ID,59,-1.6587512493133545,0.030456533655524254,0.10050837695598602,0.03221265971660614,0.9533052039381154,0.865234375,0.9864559769630432,0.06410494446754456
foundation,43,three obstacles,ID,60,-1.6587512493133545,0.022723937407135963,0.07732386887073517,0.019590508192777634,0.9672026279391425,0.8916015625,0.9912376999855042,0.062126949429512024
foundation,43,three obstacles,ID,61,-1.6587512493133545,0.0262571033090353,0.09144087135791779,0.025918565690517426,0.9577660287902181,0.8955078125,0.981461226940155,0.06287523359060287
foundation,43,three obstacles,ID,62,-1.6587512493133545,0.012256341986358166,0.04519692063331604,0.023767733946442604,0.9777046783625731,0.90625,0.9989224076271057,0.061220183968544006
foundation,43,three obstacles,ID,63,-1.6587512493133545,0.020984429866075516,0.07137292623519897,0.0292997807264328,0.965510784263657,0.8759765625,0.9933110475540161,0.06333203613758087
exact,43,three obstacles,ID,48,-1.656282901763916,0.01800648681819439,0.06394308060407639,0.017318926751613617,0.9698767967145792,0.8916015625,0.9945235848426819,0.06311415135860443
exact,43,three obstacles,ID,49,-1.656282901763916,0.022731933742761612,0.0785258412361145,0.027036044746637344,0.9439935064935066,0.8818359375,0.9844961166381836,0.06320752948522568
exact,43,three obstacles,ID,50,-1.656282901763916,0.025333743542432785,0.09365791827440262,0.019283698871731758,0.9535093543060451,0.900390625,0.9815618395805359,0.06212285906076431
exact,43,three obstacles,ID,51,-1.656282901763916,0.029390882700681686,0.10646499693393707,0.028760559856891632,0.9528830502859282,0.88671875,0.9790748357772827,0.06226978451013565
exact,43,three obstacles,ID,52,-1.656282901763916,0.031205471605062485,0.10490784794092178,0.03195403888821602,0.9580032106053544,0.876953125,0.9810690879821777,0.06386296451091766
exact,43,three obstacles,ID,53,-1.656282901763916,0.022711558267474174,0.07665342092514038,0.028425641357898712,0.959318170556464,0.869140625,0.9910112619400024,0.061743516474962234
exact,43,three obstacles,ID,54,-1.656282901763916,0.03519228473305702,0.1175876036286354,0.03890572488307953,0.9498486508132811,0.8623046875,0.9784824252128601,0.062438756227493286
exact,43,three obstacles,ID,55,-1.656282901763916,0.021079791709780693,0.07541828602552414,0.019454652443528175,0.9640458972845336,0.9052734375,0.9859762191772461,0.061695072799921036
exact,43,three obstacles,ID,56,-1.656282901763916,0.03072233870625496,0.11469551175832748,0.031167900189757347,0.939956695536309,0.87890625,0.9733333587646484,0.061585064977407455
exact,43,three obstacles,ID,57,-1.656282901763916,0.02717800810933113,0.09062644094228745,0.03186400234699249,0.9615401235901646,0.8837890625,0.9845303297042847,0.06241879612207413
exact,43,three obstacles,ID,58,-1.656282901763916,0.018998896703124046,0.06835049390792847,0.0174460019916296,0.9657352171637885,0.9150390625,0.9861258864402771,0.0634312778711319
exact,43,three obstacles,ID,59,-1.656282901763916,0.030053699389100075,0.0991290956735611,0.03132840618491173,0.9557832697073204,0.865234375,0.98758465051651,0.06408923119306564
exact,43,three obstacles,ID,60,-1.656282901763916,0.022470610216259956,0.07658407092094421,0.01877434551715851,0.9672784754544657,0.892578125,0.991247296333313,0.062105320394039154
exact,43,three obstacles,ID,61,-1.656282901763916,0.02593999169766903,0.09031625092029572,0.025037594139575958,0.9600742369656421,0.8974609375,0.981501579284668,0.06287740916013718
exact,43,three obstacles,ID,62,-1.656282901763916,0.012008261866867542,0.04482086002826691,0.023766417056322098,0.9781597573306371,0.9072265625,0.9989235401153564,0.06122617423534393
exact,43,three obstacles,ID,63,-1.656282901763916,0.020516877993941307,0.070206418633461,0.029270820319652557,0.9651532449284271,0.875,0.9933035969734192,0.06332092732191086
foundation,43,four obstacles,ID,0,-1.6587512493133545,0.0165167897939682,0.06311725080013275,0.017467379570007324,0.965950800468567,0.9130859375,0.9925134181976318,0.060074999928474426
foundation,43,four obstacles,ID,1,-1.6587512493133545,0.024768682196736336,0.08547431230545044,0.022101515904068947,0.9620768229166666,0.8916015625,0.9879518747329712,0.058656901121139526
foundation,43,four obstacles,ID,2,-1.6587512493133545,0.020757125690579414,0.07668352127075195,0.01773129589855671,0.9631109860212027,0.8837890625,0.9922651648521423,0.05834639072418213
foundation,43,four obstacles,ID,3,-1.6587512493133545,0.025319144129753113,0.09026852250099182,0.02558061107993126,0.9544286127708833,0.8701171875,0.9910213947296143,0.06045523285865784
foundation,43,four obstacles,ID,4,-1.6587512493133545,0.021820154041051865,0.08097609877586365,0.017481015995144844,0.959581611570248,0.896484375,0.9869281053543091,0.05876384302973747
foundation,43,four obstacles,ID,5,-1.6587512493133545,0.014317908324301243,0.05243856459856033,0.025029078125953674,0.977966900726993,0.8994140625,0.9989142417907715,0.05780117213726044
foundation,43,four obstacles,ID,6,-1.6587512493133545,0.02113979682326317,0.06932111084461212,0.0274356622248888,0.9689826302729528,0.8798828125,0.9944506287574768,0.058102089911699295
foundation,43,four obstacles,ID,7,-1.6587512493133545,0.02685796655714512,0.09342598170042038,0.01980825886130333,0.953188417421994,0.8681640625,0.9898763298988342,0.059520259499549866
foundation,43,four obstacles,ID,8,-1.6587512493133545,0.019885852932929993,0.07245370745658875,0.020332608371973038,0.9678798359986787,0.890625,0.9912281036376953,0.058210812509059906
foundation,43,four obstacles,ID,9,-1.6587512493133545,0.02400030381977558,0.08557471632957458,0.021444767713546753,0.9548712186983981,0.87890625,0.9888889193534851,0.059908293187618256
foundation,43,four obstacles,ID,10,-1.6587512493133545,0.027958378195762634,0.10039491951465607,0.023013126105070114,0.952016223155929,0.8642578125,0.9853107333183289,0.05929833650588989
foundation,43,four obstacles,ID,11,-1.6587512493133545,0.029162663966417313,0.09922154247760773,0.022351708263158798,0.9580269607843137,0.8681640625,0.9887514710426331,0.05819441378116608
foundation,43,four obstacles,ID,12,-1.6587512493133545,0.018283570185303688,0.06667497754096985,0.020091213285923004,0.9677002053388091,0.90234375,0.9913420081138611,0.05997996777296066
foundation,43,four obstacles,ID,13,-1.6587512493133545,0.015362855046987534,0.05634636431932449,0.017789581790566444,0.9749662186188748,0.908203125,0.9924731254577637,0.05928444862365723
foundation,43,four obstacles,ID,14,-1.6587512493133545,0.01852085068821907,0.0644497200846672,0.021564960479736328,0.9685626283367557,0.8935546875,0.9956284761428833,0.059328943490982056
foundation,43,four obstacles,ID,15,-1.6587512493133545,0.019268911331892014,0.06987878680229187,0.02685612440109253,0.9596023024594453,0.8818359375,0.9955703616142273,0.058770351111888885
exact,43,four obstacles,ID,0,-1.656282901763916,0.016398172825574875,0.06293695420026779,0.01847884990274906,0.9653304152877122,0.9140625,0.9925214052200317,0.060098811984062195
exact,43,four obstacles,ID,1,-1.656282901763916,0.024706929922103882,0.0852746069431305,0.021917549893260002,0.962158203125,0.8916015625,0.9879518747329712,0.058691442012786865
exact,43,four obstacles,ID,2,-1.656282901763916,0.02055661380290985,0.0761348232626915,0.017962560057640076,0.9661489079102716,0.884765625,0.9933775067329407,0.058302901685237885
exact,43,four obstacles,ID,3,-1.656282901763916,0.02529381588101387,0.09016969799995422,0.02457541413605213,0.9546839623444494,0.8701171875,0.9910213947296143,0.06051554158329964
exact,43,four obstacles,ID,4,-1.656282901763916,0.021650683134794235,0.0804152637720108,0.01722470112144947,0.9607622491145218,0.896484375,0.9869281053543091,0.058740608394145966
exact,43,four obstacles,ID,5,-1.656282901763916,0.014104196801781654,0.052151307463645935,0.02493945136666298,0.9795052477483065,0.8984375,0.9989129900932312,0.057825807482004166
exact,43,four obstacles,ID,6,-1.656282901763916,0.020790042355656624,0.0685211718082428,0.028153199702501297,0.9723502304147466,0.880859375,0.9955654144287109,0.0580645352602005
exact,43,four obstacles,ID,7,-1.656282901763916,0.026586348190903664,0.09285017102956772,0.022352689877152443,0.9554022619716052,0.869140625,0.9898876547813416,0.05952122062444687
exact,43,four obstacles,ID,8,-1.656282901763916,0.019663652405142784,0.07201452553272247,0.02133851684629917,0.969414919456697,0.890625,0.9912281036376953,0.0581730455160141
exact,43,four obstacles,ID,9,-1.656282901763916,0.023875702172517776,0.08524224162101746,0.0212749931961298,0.9541147994467496,0.87890625,0.9888889193534851,0.05988726764917374
exact,43,four obstacles,ID,10,-1.656282901763916,0.027722317725419998,0.09960538148880005,0.022288940846920013,0.9503893381251872,0.8642578125,0.9864407181739807,0.05926147848367691
exact,43,four obstacles,ID,11,-1.656282901763916,0.028900563716888428,0.09842521697282791,0.020879270508885384,0.9581898526521142,0.8681640625,0.9898763298988342,0.05820530652999878
exact,43,four obstacles,ID,12,-1.656282901763916,0.018019946292042732,0.06604065001010895,0.020231248810887337,0.9662525614754098,0.9033203125,0.9913513660430908,0.05994328111410141
exact,43,four obstacles,ID,13,-1.656282901763916,0.015210703946650028,0.056190453469753265,0.01855047233402729,0.9747114731839783,0.9091796875,0.9924812316894531,0.059265948832035065
exact,43,four obstacles,ID,14,-1.656282901763916,0.018458710983395576,0.06433147192001343,0.0185740627348423,0.9722420069642292,0.8935546875,0.9956284761428833,0.059356819838285446
exact,43,four obstacles,ID,15,-1.656282901763916,0.019059618934988976,0.06951478123664856,0.02678791433572769,0.9611721611721611,0.880859375,0.9955654144287109,0.05875089019536972
foundation,43,four obstacles,ID,16,-1.6587512493133545,0.013146713376045227,0.05371938645839691,0.026280708611011505,0.9748341130783109,0.904296875,0.9989200830459595,0.05945863574743271
foundation,43,four obstacles,ID,17,-1.6587512493133545,0.02780524641275406,0.08846637606620789,0.027208315208554268,0.9695546276965902,0.875,0.9955357313156128,0.059067077934741974
foundation,43,four obstacles,ID,18,-1.6587512493133545,0.016238635405898094,0.05956721305847168,0.022290650755167007,0.9654120040691762,0.8984375,0.9956521391868591,0.058124687522649765
foundation,43,four obstacles,ID,19,-1.6587512493133545,0.03000439703464508,0.10089433193206787,0.02208895795047283,0.9571179580254382,0.875,0.988839328289032,0.06031618267297745
foundation,43,four obstacles,ID,20,-1.6587512493133545,0.014221886172890663,0.053678639233112335,0.020257802680134773,0.9768579981777952,0.912109375,0.9978586435317993,0.05888994783163071
foundation,43,four obstacles,ID,21,-1.6587512493133545,0.025965895503759384,0.09031760692596436,0.023940306156873703,0.9618989691043217,0.88671875,0.9856827855110168,0.05751197040081024
foundation,43,four obstacles,ID,22,-1.6587512493133545,0.011296357959508896,0.045746251940727234,0.021810848265886307,0.9777682157200229,0.921875,0.9989407062530518,0.05800621956586838
foundation,43,four obstacles,ID,23,-1.6587512493133545,0.026143427938222885,0.09293709695339203,0.017177419736981392,0.9579183902762882,0.884765625,0.9878587126731873,0.05924545228481293
foundation,43,four obstacles,ID,24,-1.6587512493133545,0.020767053589224815,0.07482940703630447,0.02697118930518627,0.9561092019854907,0.87109375,0.9932736158370972,0.05870284512639046
foundation,43,four obstacles,ID,25,-1.6587512493133545,0.02339888922870159,0.0795736014842987,0.021969901397824287,0.9613372677888807,0.8720703125,0.9955207705497742,0.059610314667224884
foundation,43,four obstacles,ID,26,-1.6587512493133545,0.016743525862693787,0.0644952654838562,0.025555256754159927,0.9723330241187383,0.8798828125,0.9988901615142822,0.05881020426750183
foundation,43,four obstacles,ID,27,-1.6587512493133545,0.022508665919303894,0.08071885257959366,0.019499657675623894,0.9580223061385791,0.880859375,0.9878048896789551,0.05842792987823486
foundation,43,four obstacles,ID,28,-1.6587512493133545,0.021187936887145042,0.07321051508188248,0.01737002283334732,0.9727457699721568,0.884765625,0.996688723564148,0.05949891358613968
foundation,43,four obstacles,ID,29,-1.6587512493133545,0.019501637667417526,0.0723765641450882,0.01830463856458664,0.9625231910946197,0.8984375,0.9913042783737183,0.06032904237508774
foundation,43,four obstacles,ID,30,-1.6587512493133545,0.028703469783067703,0.09698119014501572,0.02500057779252529,0.961102541747703,0.880859375,0.9900221824645996,0.057997703552246094
foundation,43,four obstacles,ID,31,-1.6587512493133545,0.02323308028280735,0.08176253736019135,0.023879926651716232,0.9697405150058636,0.8818359375,0.9911406636238098,0.05949448049068451
exact,43,four obstacles,ID,16,-1.656282901763916,0.012999647296965122,0.05372548848390579,0.02674739807844162,0.9764853377365991,0.9052734375,0.9989212155342102,0.05943559855222702
exact,43,four obstacles,ID,17,-1.656282901763916,0.02782539464533329,0.08853332698345184,0.02752542681992054,0.9683484398812865,0.8759765625,0.9966555237770081,0.05903434753417969
exact,43,four obstacles,ID,18,-1.656282901763916,0.01612710952758789,0.05940813571214676,0.023073147982358932,0.966503734213334,0.8984375,0.9956521391868591,0.05809631198644638
exact,43,four obstacles,ID,19,-1.656282901763916,0.029888438060879707,0.10067236423492432,0.02105528675019741,0.9565705889978825,0.8759765625,0.9877369403839111,0.06035568192601204
exact,43,four obstacles,ID,20,-1.656282901763916,0.014096621423959732,0.05360886827111244,0.020634854212403297,0.9777170376155148,0.912109375,0.9978586435317993,0.05883666127920151
exact,43,four obstacles,ID,21,-1.656282901763916,0.02615727297961712,0.09090975672006607,0.023208636790513992,0.9608384410237215,0.88671875,0.9856827855110168,0.05754394456744194
exact,43,four obstacles,ID,22,-1.656282901763916,0.01116071455180645,0.04577632248401642,0.02295222133398056,0.9777480589917902,0.9228515625,0.9989418387413025,0.058011140674352646
exact,43,four obstacles,ID,23,-1.656282901763916,0.026171162724494934,0.09286169707775116,0.01762630231678486,0.9566217150760719,0.8837890625,0.987845242023468,0.05923209711909294
exact,43,four obstacles,ID,24,-1.656282901763916,0.020558347925543785,0.07450070977210999,0.02720729634165764,0.9593582887700536,0.87109375,0.9932736158370972,0.05870331823825836
exact,43,four obstacles,ID,25,-1.656282901763916,0.023503378033638,0.07985895872116089,0.022214431315660477,0.9575726141078837,0.873046875,0.9955257177352905,0.05962890386581421
exact,43,four obstacles,ID,26,-1.656282901763916,0.01655130833387375,0.06414754688739777,0.025738943368196487,0.9720977645022876,0.8798828125,0.9988901615142822,0.05876709520816803
exact,43,four obstacles,ID,27,-1.656282901763916,0.022291364148259163,0.08010049909353256,0.019086292013525963,0.957896051974013,0.8828125,0.9878318309783936,0.05843807011842728
exact,43,four obstacles,ID,28,-1.656282901763916,0.021176841109991074,0.07329666614532471,0.018847350031137466,0.9715524592245868,0.884765625,0.996688723564148,0.05957257002592087
exact,43,four obstacles,ID,29,-1.656282901763916,0.019460726529359818,0.07234025001525879,0.0266550425440073,0.963265306122449,0.8994140625,0.9913138151168823,0.060357484966516495
exact,43,four obstacles,ID,30,-1.656282901763916,0.02817957103252411,0.09550243616104126,0.024729900062084198,0.9634805014617709,0.880859375,0.9900221824645996,0.05798714607954025
exact,43,four obstacles,ID,31,-1.656282901763916,0.023024290800094604,0.0811859518289566,0.025790130719542503,0.9695023807927033,0.8828125,0.991150438785553,0.059433404356241226
foundation,43,four obstacles,ID,32,-1.6587512493133545,0.01995253376662731,0.06923700124025345,0.02640201896429062,0.9720318412222461,0.888671875,0.9945055246353149,0.059294477105140686
foundation,43,four obstacles,ID,33,-1.6587512493133545,0.022074149921536446,0.07925713062286377,0.022788185626268387,0.9612049881936245,0.8681640625,0.9966254830360413,0.06003370136022568
foundation,43,four obstacles,ID,34,-1.6587512493133545,0.03219771385192871,0.10680656135082245,0.02167348749935627,0.955900688458828,0.85546875,0.9942921996116638,0.060089897364377975
foundation,43,four obstacles,ID,35,-1.6587512493133545,0.025115197524428368,0.08492368459701538,0.01887604407966137,0.9667649214741341,0.8779296875,0.9933258891105652,0.057875990867614746
foundation,43,four obstacles,ID,36,-1.6587512493133545,0.02740100957453251,0.09214147925376892,0.021222487092018127,0.9570679844264751,0.861328125,0.9943310618400574,0.05949077010154724
foundation,43,four obstacles,ID,37,-1.6587512493133545,0.013057349249720573,0.05107993260025978,0.01963743194937706,0.9723707664884136,0.900390625,0.9978308081626892,0.05880361050367355
foundation,43,four obstacles,ID,38,-1.6587512493133545,0.02360374853014946,0.07869701832532883,0.03198336064815521,0.9699983742961441,0.8583984375,0.9943116903305054,0.06220151484012604
foundation,43,four obstacles,ID,39,-1.6587512493133545,0.018001021817326546,0.06644392013549805,0.017581474035978317,0.9690584155774873,0.9013671875,0.9934994578361511,0.058909300714731216
foundation,43,four obstacles,ID,40,-1.6587512493133545,0.024136053398251534,0.08726640790700912,0.016594596207141876,0.96191282268303,0.900390625,0.989154040813446,0.059135474264621735
foundation,43,four obstacles,ID,41,-1.6587512493133545,0.016654131934046745,0.058077432215213776,0.02130783535540104,0.967391304347826,0.896484375,0.9945533275604248,0.05804443359375
foundation,43,four obstacles,ID,42,-1.6587512493133545,0.023221852257847786,0.08027052879333496,0.017830032855272293,0.9674941776918884,0.8828125,0.9933628439903259,0.059188250452280045
foundation,43,four obstacles,ID,43,-1.6587512493133545,0.015974072739481926,0.057777635753154755,0.025939365848898888,0.9752581999773011,0.8935546875,0.9978142380714417,0.05853567272424698
foundation,43,four obstacles,ID,44,-1.6587512493133545,0.02403241954743862,0.08046987652778625,0.02575107291340828,0.96249931965384,0.8779296875,0.9944382309913635,0.06020202860236168
foundation,43,four obstacles,ID,45,-1.6587512493133545,0.01940932124853134,0.06859028339385986,0.020157866179943085,0.9700950197229077,0.8984375,0.9945651888847351,0.05798245966434479
foundation,43,four obstacles,ID,46,-1.6587512493133545,0.018544146791100502,0.06616749614477158,0.02169627882540226,0.9722713405747818,0.90234375,0.9935064911842346,0.057490043342113495
foundation,43,four obstacles,ID,47,-1.6587512493133545,0.014121006242930889,0.05382930487394333,0.023961033672094345,0.9803937676278102,0.9091796875,0.9978517889976501,0.05958615243434906
exact,43,four obstacles,ID,32,-1.656282901763916,0.019683564081788063,0.06887027621269226,0.026324937120079994,0.9719334530742574,0.888671875,0.9945055246353149,0.059263069182634354
exact,43,four obstacles,ID,33,-1.656282901763916,0.022021040320396423,0.07928090542554855,0.024896830320358276,0.961555489964581,0.8720703125,0.9966405630111694,0.06006583198904991
exact,43,four obstacles,ID,34,-1.656282901763916,0.03204646706581116,0.10647328943014145,0.0196166280657053,0.957377893424405,0.8564453125,0.9942986965179443,0.06009851396083832
exact,43,four obstacles,ID,35,-1.656282901763916,0.025347957387566566,0.08566884696483612,0.01871066726744175,0.9642247105712659,0.8779296875,0.9922135472297668,0.05782944709062576
exact,43,four obstacles,ID,36,-1.656282901763916,0.02741110324859619,0.09223490953445435,0.02206304483115673,0.9569931117100928,0.861328125,0.9943310618400574,0.05951348692178726
exact,43,four obstacles,ID,37,-1.656282901763916,0.012944644317030907,0.05116967111825943,0.02076573856174946,0.9719291808091002,0.900390625,0.9978308081626892,0.05879965424537659
exact,43,four obstacles,ID,38,-1.656282901763916,0.02341008372604847,0.07824045419692993,0.03203211724758148,0.9693620844564241,0.857421875,0.9943052530288696,0.0621948167681694
exact,43,four obstacles,ID,39,-1.656282901763916,0.017883645370602608,0.06624539196491241,0.018638871610164642,0.9703254201120298,0.9013671875,0.9934994578361511,0.058936066925525665
exact,43,four obstacles,ID,40,-1.656282901763916,0.024207623675465584,0.08734138309955597,0.018772423267364502,0.9631420913689217,0.900390625,0.990238606929779,0.05913302302360535
exact,43,four obstacles,ID,41,-1.656282901763916,0.016499362885951996,0.057815272361040115,0.021463599056005478,0.9685916244331821,0.89453125,0.9967249035835266,0.058043625205755234
exact,43,four obstacles,ID,42,-1.656282901763916,0.0231260247528553,0.08019211143255234,0.016959132626652718,0.9686338635350081,0.884765625,0.9933775067329407,0.059164226055145264
exact,43,four obstacles,ID,43,-1.656282901763916,0.015762032940983772,0.057453908026218414,0.02617848478257656,0.9751855287569573,0.8935546875,0.9978142380714417,0.05851569026708603
exact,43,four obstacles,ID,44,-1.656282901763916,0.02395961433649063,0.08013760298490524,0.027099886909127235,0.9645534375669308,0.8740234375,0.9955307245254517,0.06023303419351578
exact,43,four obstacles,ID,45,-1.656282901763916,0.019342314451932907,0.06859390437602997,0.019745633006095886,0.9706973942444086,0.8984375,0.9945651888847351,0.057997122406959534
exact,43,four obstacles,ID,46,-1.656282901763916,0.018537383526563644,0.06625775247812271,0.021825894713401794,0.9722713405747818,0.90234375,0.9935064911842346,0.05754116177558899
exact,43,four obstacles,ID,47,-1.656282901763916,0.014002850279211998,0.05380862206220627,0.02521459572017193,0.9815712368903858,0.9091796875,0.9978517889976501,0.059573762118816376
foundation,43,four obstacles,ID,48,-1.6587512493133545,0.03245599940419197,0.11033064126968384,0.028764253482222557,0.9533671615611101,0.8564453125,0.986316978931427,0.06040997430682182
foundation,43,four obstacles,ID,49,-1.6587512493133545,0.013715026900172234,0.05157746747136116,0.024542808532714844,0.9812669032081979,0.9072265625,0.9989235401153564,0.05848289281129837
foundation,43,four obstacles,ID,50,-1.6587512493133545,0.021960165351629257,0.0779460072517395,0.017521413043141365,0.9668130165289256,0.8955078125,0.9934569001197815,0.05900741368532181
foundation,43,four obstacles,ID,51,-1.6587512493133545,0.02358422987163067,0.079828180372715,0.027057183906435966,0.958740069041838,0.87109375,0.9932736158370972,0.05919891595840454
foundation,43,four obstacles,ID,52,-1.6587512493133545,0.0238446444272995,0.08064533770084381,0.023839423432946205,0.9710408022130014,0.8720703125,0.9977604150772095,0.05729307606816292
foundation,43,four obstacles,ID,53,-1.6587512493133545,0.024784475564956665,0.08712694048881531,0.018805136904120445,0.9644224314664636,0.8974609375,0.9880304336547852,0.06084926798939705
foundation,43,four obstacles,ID,54,-1.6587512493133545,0.02422197535634041,0.08083978295326233,0.03216361254453659,0.9662444882259124,0.8857421875,0.9944873452186584,0.05930553749203682
foundation,43,four obstacles,ID,55,-1.6587512493133545,0.0341249518096447,0.11379074305295944,0.03170553222298622,0.9486254738159202,0.8525390625,0.9828178882598877,0.06001157686114311
foundation,43,four obstacles,ID,56,-1.6587512493133545,0.019898682832717896,0.06847378611564636,0.021868940442800522,0.9725132821723731,0.8857421875,0.9977949857711792,0.059718940407037735
foundation,43,four obstacles,ID,57,-1.6587512493133545,0.024657970294356346,0.08346045762300491,0.024033378809690475,0.9724019167415394,0.8828125,0.9933628439903259,0.05820510536432266
foundation,43,four obstacles,ID,58,-1.6587512493133545,0.01684313826262951,0.06109268218278885,0.028165746480226517,0.9769812060367169,0.8955078125,0.9989094734191895,0.06003141030669212
foundation,43,four obstacles,ID,59,-1.6587512493133545,0.019728515297174454,0.07066787034273148,0.027225149795413017,0.9650622777529487,0.88671875,0.992290735244751,0.059022411704063416
foundation,43,four obstacles,ID,60,-1.6587512493133545,0.016737766563892365,0.06454674899578094,0.022774597629904747,0.9792096342128346,0.9013671875,0.9967496991157532,0.05736450478434563
foundation,43,four obstacles,ID,61,-1.6587512493133545,0.01440125610679388,0.05595904588699341,0.029266810044646263,0.9685110211426,0.892578125,0.9989058971405029,0.057980310171842575
foundation,43,four obstacles,ID,62,-1.6587512493133545,0.028210720047354698,0.09536473453044891,0.02496129646897316,0.9573684210526315,0.869140625,0.9898876547813416,0.058979034423828125
foundation,43,four obstacles,ID,63,-1.6587512493133545,0.0251216571778059,0.08458944410085678,0.024923225864768028,0.9673451161718739,0.8701171875,0.9910213947296143,0.05854080617427826
exact,43,four obstacles,ID,48,-1.656282901763916,0.032715458422899246,0.1110440343618393,0.029113201424479485,0.9521142642360458,0.85546875,0.9863013029098511,0.06038830801844597
exact,43,four obstacles,ID,49,-1.656282901763916,0.013581703417003155,0.05154452472925186,0.02468680590391159,0.9821105128650472,0.9072265625,0.9989235401153564,0.05851181969046593
exact,43,four obstacles,ID,50,-1.656282901763916,0.021776698529720306,0.07755838334560394,0.01862865872681141,0.9665822309785158,0.8935546875,0.9945355653762817,0.058993373066186905
exact,43,four obstacles,ID,51,-1.656282901763916,0.02327611856162548,0.0790218785405159,0.026812199503183365,0.956879968677119,0.869140625,0.9932584166526794,0.05921611189842224
exact,43,four obstacles,ID,52,-1.656282901763916,0.023843413218855858,0.08068747073411942,0.023736367002129555,0.9711618257261411,0.8720703125,0.9977604150772095,0.057263802736997604
exact,43,four obstacles,ID,53,-1.656282901763916,0.02470025047659874,0.08678049594163895,0.017593255266547203,0.9658194089152561,0.8984375,0.9891303777694702,0.060815222561359406
exact,43,four obstacles,ID,54,-1.656282901763916,0.023962872102856636,0.08025279641151428,0.031865205615758896,0.9666666666666667,0.8837890625,0.9944750666618347,0.05931944400072098
exact,43,four obstacles,ID,55,-1.656282901763916,0.03392196074128151,0.11314009130001068,0.031160227954387665,0.9495332376501183,0.8525390625,0.9828178882598877,0.06000193953514099
exact,43,four obstacles,ID,56,-1.656282901763916,0.01968250796198845,0.06807376444339752,0.02166312374174595,0.9708667430316915,0.8876953125,0.9977997541427612,0.05972297489643097
exact,43,four obstacles,ID,57,-1.656282901763916,0.024564718827605247,0.08325271308422089,0.025078661739826202,0.972596585804133,0.884765625,0.9933775067329407,0.05825848504900932
exact,43,four obstacles,ID,58,-1.656282901763916,0.016689052805304527,0.060980841517448425,0.021528031677007675,0.9766826709344715,0.89453125,0.9989083409309387,0.05999606102705002
exact,43,four obstacles,ID,59,-1.656282901763916,0.019545748829841614,0.07038405537605286,0.027415534481406212,0.9648820829376386,0.884765625,0.9933775067329407,0.0590512752532959
exact,43,four obstacles,ID,60,-1.656282901763916,0.016637176275253296,0.0645189881324768,0.024772359058260918,0.9772473513137979,0.90234375,0.9967532753944397,0.05735305696725845
exact,43,four obstacles,ID,61,-1.656282901763916,0.014202252961695194,0.05576854944229126,0.03047543205320835,0.9687996533294814,0.8935546875,0.9989071488380432,0.05794326215982437
exact,43,four obstacles,ID,62,-1.656282901763916,0.02788102813065052,0.0943804457783699,0.026725564152002335,0.957060340233064,0.87109375,0.989910364151001,0.05894255265593529
exact,43,four obstacles,ID,63,-1.656282901763916,0.024893715977668762,0.08406511694192886,0.02508552186191082,0.967422385620915,0.869140625,0.9932584166526794,0.05854688584804535
foundation,43,six obstacles,OOD count,0,-1.6587512493133545,0.05939526483416557,0.2101064920425415,0.03515801951289177,0.931043195004647,0.8330078125,0.9554513096809387,0.057821862399578094
foundation,43,six obstacles,OOD count,1,-1.6587512493133545,0.07173165678977966,0.2654377222061157,0.062030382454395294,0.9264128794231092,0.8623046875,0.9275197982788086,0.05644615739583969
foundation,43,six obstacles,OOD count,2,-1.6587512493133545,0.029746532440185547,0.11580633372068405,0.026615049690008163,0.9262032085561498,0.86328125,0.9841629266738892,0.056669529527425766
foundation,43,six obstacles,OOD count,3,-1.6587512493133545,0.051064178347587585,0.1709100604057312,0.03317883610725403,0.9332812329613609,0.8115234375,0.9771360158920288,0.058017797768116
foundation,43,six obstacles,OOD count,4,-1.6587512493133545,0.0569746270775795,0.18794885277748108,0.0375029481947422,0.946628744985472,0.8173828125,0.9772998690605164,0.058253344148397446
foundation,43,six obstacles,OOD count,5,-1.6587512493133545,0.05053573101758957,0.1725555658340454,0.03878888860344887,0.943411965308701,0.859375,0.976136326789856,0.05685516074299812
foundation,43,six obstacles,OOD count,6,-1.6587512493133545,0.03955143690109253,0.1339235007762909,0.023760061711072922,0.9471083056988848,0.8583984375,0.981797456741333,0.057018525898456573
foundation,43,six obstacles,OOD count,7,-1.6587512493133545,0.03960173949599266,0.13756486773490906,0.02403288707137108,0.9438226903664692,0.8291015625,0.982332170009613,0.05694713816046715
foundation,43,six obstacles,OOD count,8,-1.6587512493133545,0.07253020256757736,0.23737774789333344,0.058053988963365555,0.9475673698329472,0.8251953125,0.9609467387199402,0.056629739701747894
foundation,43,six obstacles,OOD count,9,-1.6587512493133545,0.05297847092151642,0.18099072575569153,0.03398660942912102,0.9391412680756396,0.8232421875,0.9679715633392334,0.057042136788368225
foundation,43,six obstacles,OOD count,10,-1.6587512493133545,0.05200289934873581,0.18166783452033997,0.03209632635116577,0.9201162803170891,0.8271484375,0.9681227803230286,0.05736853927373886
foundation,43,six obstacles,OOD count,11,-1.6587512493133545,0.04131774231791496,0.14597707986831665,0.029652755707502365,0.9414664836421871,0.8447265625,0.9757225513458252,0.05690751224756241
foundation,43,six obstacles,OOD count,12,-1.6587512493133545,0.07558643817901611,0.27099835872650146,0.06211405247449875,0.9262000574877838,0.8583984375,0.9226393103599548,0.05645197257399559
foundation,43,six obstacles,OOD count,13,-1.6587512493133545,0.04165968298912048,0.14764580130577087,0.034785374999046326,0.9396464071629107,0.86328125,0.9819005131721497,0.057349614799022675
foundation,43,six obstacles,OOD count,14,-1.6587512493133545,0.05621228739619255,0.1899978518486023,0.04361746460199356,0.9375795097956068,0.8330078125,0.969519317150116,0.05683854967355728
foundation,43,six obstacles,OOD count,15,-1.6587512493133545,0.06578467786312103,0.209414541721344,0.04429216682910919,0.9515228708444816,0.8349609375,0.9684210419654846,0.05652578920125961
exact,43,six obstacles,OOD count,0,-1.656282901763916,0.05918725207448006,0.2102612555027008,0.037541717290878296,0.9298387096774193,0.8291015625,0.9540636539459229,0.058323197066783905
exact,43,six obstacles,OOD count,1,-1.656282901763916,0.07166779786348343,0.26499098539352417,0.061939217150211334,0.9256246855609592,0.8623046875,0.9297847747802734,0.05656052753329277
exact,43,six obstacles,OOD count,2,-1.656282901763916,0.029781028628349304,0.11586923897266388,0.02643047273159027,0.9253431227863046,0.8623046875,0.984144926071167,0.056762199848890305
exact,43,six obstacles,OOD count,3,-1.656282901763916,0.051648467779159546,0.1725533902645111,0.035477809607982635,0.9354562166366175,0.80859375,0.9746376872062683,0.0583844855427742
exact,43,six obstacles,OOD count,4,-1.656282901763916,0.0568971186876297,0.18783071637153625,0.036626387387514114,0.94635009765625,0.8193359375,0.9749702215194702,0.05840488523244858
exact,43,six obstacles,OOD count,5,-1.656282901763916,0.05023621767759323,0.1717418134212494,0.04065750911831856,0.9442137723387724,0.8583984375,0.9761092066764832,0.056926995515823364
exact,43,six obstacles,OOD count,6,-1.656282901763916,0.03973599523305893,0.13420608639717102,0.025403421372175217,0.9438402982755942,0.8544921875,0.9817142486572266,0.05712490528821945
exact,43,six obstacles,OOD count,7,-1.656282901763916,0.039670512080192566,0.13787297904491425,0.0236771609634161,0.9429878746282315,0.8291015625,0.9799764752388,0.05718841403722763
exact,43,six obstacles,OOD count,8,-1.656282901763916,0.072278693318367,0.2369001805782318,0.05965064465999603,0.9467869771979027,0.826171875,0.9598108530044556,0.0567513108253479
exact,43,six obstacles,OOD count,9,-1.656282901763916,0.05346936732530594,0.18271122872829437,0.035246118903160095,0.9383158208902816,0.8212890625,0.9678953289985657,0.05737345665693283
exact,43,six obstacles,OOD count,10,-1.656282901763916,0.051988475024700165,0.1822194755077362,0.038302723318338394,0.9232291828592154,0.82421875,0.9680095314979553,0.05758187174797058
exact,43,six obstacles,OOD count,11,-1.656282901763916,0.04165252670645714,0.14734061062335968,0.029888836666941643,0.9395614979321285,0.8427734375,0.9756662249565125,0.057152025401592255
exact,43,six obstacles,OOD count,12,-1.656282901763916,0.07523534446954727,0.2708224058151245,0.06578299403190613,0.9240362811791383,0.8603515625,0.9205448627471924,0.05653591454029083
exact,43,six obstacles,OOD count,13,-1.656282901763916,0.04138995707035065,0.14754252135753632,0.031103070825338364,0.9365505728810988,0.8623046875,0.980747401714325,0.057448625564575195
exact,43,six obstacles,OOD count,14,-1.656282901763916,0.0561952218413353,0.19032858312129974,0.038309406489133835,0.9395648967551622,0.8330078125,0.969519317150116,0.057006992399692535
exact,43,six obstacles,OOD count,15,-1.656282901763916,0.06555405259132385,0.20933625102043152,0.038260750472545624,0.9537984236122757,0.833984375,0.9672130942344666,0.05666283518075943
foundation,43,six obstacles,OOD count,16,-1.6587512493133545,0.05594919994473457,0.18753473460674286,0.04752792418003082,0.9340649740649741,0.837890625,0.9766899943351746,0.05584680289030075
foundation,43,six obstacles,OOD count,17,-1.6587512493133545,0.051342740654945374,0.17893950641155243,0.0429532565176487,0.928756752158564,0.8349609375,0.9695906043052673,0.056159961968660355
foundation,43,six obstacles,OOD count,18,-1.6587512493133545,0.05784960091114044,0.19678649306297302,0.03744448348879814,0.9340082489688789,0.810546875,0.966265082359314,0.05854625627398491
foundation,43,six obstacles,OOD count,19,-1.6587512493133545,0.05411583557724953,0.17826560139656067,0.03170618787407875,0.9493321010044642,0.8251953125,0.976331353187561,0.05746033415198326
foundation,43,six obstacles,OOD count,20,-1.6587512493133545,0.031337082386016846,0.11940546333789825,0.025001686066389084,0.9406572154899483,0.8583984375,0.9840728044509888,0.05782566964626312
foundation,43,six obstacles,OOD count,21,-1.6587512493133545,0.0445881262421608,0.15435607731342316,0.03178603574633598,0.9398995097789419,0.830078125,0.9788234829902649,0.05703512579202652
foundation,43,six obstacles,OOD count,22,-1.6587512493133545,0.05966399610042572,0.2130577564239502,0.04769503325223923,0.9275728587319244,0.8447265625,0.94797682762146,0.057026442140340805
foundation,43,six obstacles,OOD count,23,-1.6587512493133545,0.06523668766021729,0.22253960371017456,0.05182206630706787,0.9395206136145734,0.80859375,0.9649758338928223,0.05784178152680397
foundation,43,six obstacles,OOD count,24,-1.6587512493133545,0.060695525258779526,0.20718039572238922,0.043935056775808334,0.9288330078125,0.8095703125,0.9722557663917542,0.0580994077026844
foundation,43,six obstacles,OOD count,25,-1.6587512493133545,0.05996498838067055,0.19583508372306824,0.050050053745508194,0.9396162528216704,0.810546875,0.966265082359314,0.05978383123874664
foundation,43,six obstacles,OOD count,26,-1.6587512493133545,0.06716204434633255,0.23756060004234314,0.05136657878756523,0.9265616719660837,0.8466796875,0.9342560172080994,0.056625284254550934
foundation,43,six obstacles,OOD count,27,-1.6587512493133545,0.04609312862157822,0.1556861698627472,0.03325602412223816,0.9389013630182473,0.818359375,0.9868735671043396,0.05646137893199921
foundation,43,six obstacles,OOD count,28,-1.6587512493133545,0.04190751165151596,0.14110000431537628,0.02917204052209854,0.9469023750039531,0.818359375,0.9844869375228882,0.057500213384628296
foundation,43,six obstacles,OOD count,29,-1.6587512493133545,0.04189939796924591,0.14277340471744537,0.02728181891143322,0.9480937069361507,0.8427734375,0.9849362373352051,0.0577048659324646
foundation,43,six obstacles,OOD count,30,-1.6587512493133545,0.05159728229045868,0.17976851761341095,0.044531598687171936,0.9231773667029382,0.8291015625,0.9646643400192261,0.05701695382595062
foundation,43,six obstacles,OOD count,31,-1.6587512493133545,0.04398937523365021,0.15027672052383423,0.022937843576073647,0.9404972942713192,0.84375,0.9780092835426331,0.057008884847164154
exact,43,six obstacles,OOD count,16,-1.656282901763916,0.05546233430504799,0.18641115725040436,0.044146280735731125,0.9373378418612565,0.833984375,0.9765807390213013,0.05605015158653259
exact,43,six obstacles,OOD count,17,-1.656282901763916,0.05127442255616188,0.18001922965049744,0.04216668754816055,0.9307251202367739,0.8330078125,0.9671746492385864,0.056506697088479996
exact,43,six obstacles,OOD count,18,-1.656282901763916,0.05865562707185745,0.19952747225761414,0.03964785858988762,0.9384082271406214,0.80859375,0.9637681245803833,0.05899367108941078
exact,43,six obstacles,OOD count,19,-1.656282901763916,0.05400795489549637,0.17769460380077362,0.03285587951540947,0.9503529513663332,0.82421875,0.9763033390045166,0.057580504566431046
exact,43,six obstacles,OOD count,20,-1.656282901763916,0.03131485730409622,0.11924199759960175,0.02432185411453247,0.9418225449175486,0.8583984375,0.9840728044509888,0.057862550020217896
exact,43,six obstacles,OOD count,21,-1.656282901763916,0.04536232352256775,0.15686048567295074,0.0338304340839386,0.9385717127511437,0.8271484375,0.9787485003471375,0.05749031901359558
exact,43,six obstacles,OOD count,22,-1.656282901763916,0.059913646429777145,0.21384228765964508,0.04913872107863426,0.9299063369587163,0.8447265625,0.9468207955360413,0.057151347398757935
exact,43,six obstacles,OOD count,23,-1.656282901763916,0.06557313352823257,0.22406736016273499,0.051975980401039124,0.9392518756210979,0.8076171875,0.9649335145950317,0.05811867490410805
exact,43,six obstacles,OOD count,24,-1.656282901763916,0.06097642332315445,0.20985762774944305,0.04290527105331421,0.9285738551433619,0.8076171875,0.9673519134521484,0.058680564165115356
exact,43,six obstacles,OOD count,25,-1.656282901763916,0.060948602855205536,0.19801275432109833,0.05331899970769882,0.9422585227272728,0.8095703125,0.9662243723869324,0.06033210828900337
exact,43,six obstacles,OOD count,26,-1.656282901763916,0.06720677763223648,0.23850755393505096,0.05215532332658768,0.9263407368395066,0.84765625,0.9320276379585266,0.05679174140095711
exact,43,six obstacles,OOD count,27,-1.656282901763916,0.04604366794228554,0.1560935080051422,0.030293311923742294,0.9368352255357726,0.8193359375,0.9845053553581238,0.056497521698474884
exact,43,six obstacles,OOD count,28,-1.656282901763916,0.041895922273397446,0.14092418551445007,0.028666213154792786,0.9432436201366615,0.81640625,0.9844497442245483,0.05764889717102051
exact,43,six obstacles,OOD count,29,-1.656282901763916,0.04201114550232887,0.14334678649902344,0.02381098084151745,0.9464918828139578,0.83984375,0.984883725643158,0.05789124220609665
exact,43,six obstacles,OOD count,30,-1.656282901763916,0.05152541399002075,0.17949166893959045,0.04364640638232231,0.9225866625213741,0.828125,0.9646226763725281,0.05707570165395737
exact,43,six obstacles,OOD count,31,-1.656282901763916,0.04400608688592911,0.15027128159999847,0.023346545174717903,0.9371753648280979,0.8408203125,0.9779326319694519,0.057293280959129333
foundation,43,six obstacles,OOD count,32,-1.6587512493133545,0.0640537217259407,0.22990170121192932,0.05354619026184082,0.9301442227066913,0.8505859375,0.9402984976768494,0.0585806667804718
foundation,43,six obstacles,OOD count,33,-1.6587512493133545,0.07149147987365723,0.23681530356407166,0.059146150946617126,0.9421264464195874,0.845703125,0.9515011310577393,0.056629642844200134
foundation,43,six obstacles,OOD count,34,-1.6587512493133545,0.05389726161956787,0.18190136551856995,0.04361563175916672,0.9329959608152654,0.818359375,0.9725537300109863,0.05752038210630417
foundation,43,six obstacles,OOD count,35,-1.6587512493133545,0.07047449052333832,0.2557671070098877,0.053151924163103104,0.927565407873627,0.84375,0.9282407760620117,0.05689476057887077
foundation,43,six obstacles,OOD count,36,-1.6587512493133545,0.05106329172849655,0.1651974320411682,0.04818771034479141,0.9536910090079882,0.85546875,0.9783104658126831,0.056349337100982666
foundation,43,six obstacles,OOD count,37,-1.6587512493133545,0.027194064110517502,0.0975007489323616,0.032255541533231735,0.950338457645347,0.830078125,0.9941176176071167,0.05814886465668678
foundation,43,six obstacles,OOD count,38,-1.6587512493133545,0.04910561442375183,0.17542988061904907,0.04255727306008339,0.9243262978202738,0.81640625,0.9700956344604492,0.05700623244047165
foundation,43,six obstacles,OOD count,39,-1.6587512493133545,0.03706769645214081,0.13889357447624207,0.025878898799419403,0.9294296735291074,0.86328125,0.9751131534576416,0.05651070922613144
foundation,43,six obstacles,OOD count,40,-1.6587512493133545,0.06432924419641495,0.22280530631542206,0.04500056803226471,0.9381284821307243,0.83984375,0.9569767117500305,0.056731805205345154
foundation,43,six obstacles,OOD count,41,-1.6587512493133545,0.038456209003925323,0.13514424860477448,0.02650121971964836,0.9350873895884233,0.826171875,0.9810874462127686,0.056680042296648026
foundation,43,six obstacles,OOD count,42,-1.6587512493133545,0.05545341223478317,0.193503275513649,0.04734028875827789,0.9404850284583024,0.830078125,0.9647058248519897,0.05738036334514618
foundation,43,six obstacles,OOD count,43,-1.6587512493133545,0.054591674357652664,0.19483400881290436,0.04293254390358925,0.9277101769911505,0.81640625,0.9629186391830444,0.05907198414206505
foundation,43,six obstacles,OOD count,44,-1.6587512493133545,0.0572131983935833,0.19929239153862,0.050938818603754044,0.937674704871648,0.830078125,0.9611764550209045,0.055971961468458176
foundation,43,six obstacles,OOD count,45,-1.6587512493133545,0.06559628248214722,0.21561990678310394,0.05741475522518158,0.9484209242775272,0.8349609375,0.9567251205444336,0.05696814879775047
foundation,43,six obstacles,OOD count,46,-1.6587512493133545,0.04908754676580429,0.16965919733047485,0.03198980912566185,0.9341960141960142,0.837890625,0.9731934666633606,0.05631469935178757
foundation,43,six obstacles,OOD count,47,-1.6587512493133545,0.043747685849666595,0.14877766370773315,0.037205521017313004,0.9316855244252873,0.8359375,0.9696261286735535,0.05648181587457657
exact,43,six obstacles,OOD count,32,-1.656282901763916,0.06417888402938843,0.23032693564891815,0.052267808467149734,0.92821566325675,0.8515625,0.939220130443573,0.058802008628845215
exact,43,six obstacles,OOD count,33,-1.656282901763916,0.07115940004587173,0.23633797466754913,0.05530111864209175,0.9410196209961429,0.845703125,0.9515011310577393,0.056836821138858795
exact,43,six obstacles,OOD count,34,-1.656282901763916,0.05419256538152695,0.18292228877544403,0.04675222188234329,0.9336005784208743,0.81640625,0.9712918400764465,0.05769738554954529
exact,43,six obstacles,OOD count,35,-1.656282901763916,0.07066018134355545,0.2573581039905548,0.0545935183763504,0.9297139063254467,0.8408203125,0.9256678223609924,0.05715318024158478
exact,43,six obstacles,OOD count,36,-1.656282901763916,0.050768330693244934,0.1643785983324051,0.043439678847789764,0.9552689475574713,0.85546875,0.9783104658126831,0.0564107745885849
exact,43,six obstacles,OOD count,37,-1.656282901763916,0.027216549962759018,0.09756535291671753,0.0316409207880497,0.9533903519566822,0.8291015625,0.9941107630729675,0.05811541527509689
exact,43,six obstacles,OOD count,38,-1.656282901763916,0.049544867128133774,0.17704583704471588,0.035800762474536896,0.9205569205569205,0.818359375,0.9689737558364868,0.05731210112571716
exact,43,six obstacles,OOD count,39,-1.656282901763916,0.03722541034221649,0.13932520151138306,0.020572040230035782,0.926917222115484,0.85546875,0.9748858213424683,0.05691161006689072
exact,43,six obstacles,OOD count,40,-1.656282901763916,0.06435884535312653,0.22273287177085876,0.04492650926113129,0.938659780765044,0.8408203125,0.9558652639389038,0.05689551681280136
exact,43,six obstacles,OOD count,41,-1.656282901763916,0.03850170969963074,0.13520653545856476,0.027561461552977562,0.9356374274805375,0.826171875,0.9810874462127686,0.05677007883787155
exact,43,six obstacles,OOD count,42,-1.656282901763916,0.055604249238967896,0.1946089267730713,0.05054125934839249,0.9408046177455358,0.83203125,0.9624413251876831,0.057618334889411926
exact,43,six obstacles,OOD count,43,-1.656282901763916,0.05532469600439072,0.197759747505188,0.040197089314460754,0.9262968878301435,0.8173828125,0.9581839442253113,0.05934929847717285
exact,43,six obstacles,OOD count,44,-1.656282901763916,0.05753849446773529,0.20070712268352509,0.04861549288034439,0.9403741199016789,0.828125,0.9599056839942932,0.056397944688797
exact,43,six obstacles,OOD count,45,-1.656282901763916,0.06531495600938797,0.21527929604053497,0.05680357292294502,0.9477779573367808,0.8310546875,0.95652174949646,0.057202547788619995
exact,43,six obstacles,OOD count,46,-1.656282901763916,0.04910126328468323,0.17008444666862488,0.03329068794846535,0.936392481789528,0.8369140625,0.9719953536987305,0.05671754479408264
exact,43,six obstacles,OOD count,47,-1.656282901763916,0.043940089643001556,0.14956405758857727,0.03700602799654007,0.9312714776632302,0.8369140625,0.9696615934371948,0.056684914976358414
foundation,43,six obstacles,OOD count,48,-1.6587512493133545,0.04684697091579437,0.1623774766921997,0.034338973462581635,0.9316188916188917,0.8212890625,0.9762187600135803,0.05615950748324394
foundation,43,six obstacles,OOD count,49,-1.6587512493133545,0.044401366263628006,0.15913546085357666,0.03560395911335945,0.9267857142857143,0.841796875,0.9721577167510986,0.056985341012477875
foundation,43,six obstacles,OOD count,50,-1.6587512493133545,0.048574380576610565,0.1605207324028015,0.025956297293305397,0.9506493999696187,0.810546875,0.983132541179657,0.05756301432847977
foundation,43,six obstacles,OOD count,51,-1.6587512493133545,0.03822673484683037,0.13970530033111572,0.029418915510177612,0.9314867119237566,0.873046875,0.9798657894134521,0.055339276790618896
foundation,43,six obstacles,OOD count,52,-1.6587512493133545,0.048929959535598755,0.17134259641170502,0.0399196594953537,0.9336427005012533,0.830078125,0.9658823013305664,0.057240378111600876
foundation,43,six obstacles,OOD count,53,-1.6587512493133545,0.03806532174348831,0.13113893568515778,0.025668485090136528,0.9415474169294202,0.8115234375,0.9867629408836365,0.05698714405298233
foundation,43,six obstacles,OOD count,54,-1.6587512493133545,0.03917945921421051,0.14749488234519958,0.025918297469615936,0.9333676504232442,0.84375,0.96875,0.057317912578582764
foundation,43,six obstacles,OOD count,55,-1.6587512493133545,0.044342026114463806,0.15313556790351868,0.028978580608963966,0.9263895623044035,0.81640625,0.9808611869812012,0.05744415894150734
foundation,43,six obstacles,OOD count,56,-1.6587512493133545,0.042071547359228134,0.1504540890455246,0.026342123746871948,0.9292113303298637,0.8330078125,0.9812426567077637,0.05654119700193405
foundation,43,six obstacles,OOD count,57,-1.6587512493133545,0.04829506203532219,0.16888627409934998,0.04247739166021347,0.9294346540951097,0.8115234375,0.9699158072471619,0.0582294687628746
foundation,43,six obstacles,OOD count,58,-1.6587512493133545,0.06509312987327576,0.224293053150177,0.053362395614385605,0.9241001564945226,0.81640625,0.9437798857688904,0.05770625174045563
foundation,43,six obstacles,OOD count,59,-1.6587512493133545,0.04866095632314682,0.15877635776996613,0.027160769328475,0.9346320483223174,0.8056640625,0.9842424392700195,0.05797535181045532
foundation,43,six obstacles,OOD count,60,-1.6587512493133545,0.046373024582862854,0.15847940742969513,0.031235160306096077,0.9337140137996669,0.8271484375,0.9787485003471375,0.0575760155916214
foundation,43,six obstacles,OOD count,61,-1.6587512493133545,0.05969824641942978,0.19741396605968475,0.040959130972623825,0.9342548789135735,0.8271484375,0.9681227803230286,0.05700625106692314
foundation,43,six obstacles,OOD count,62,-1.6587512493133545,0.038035206496715546,0.13245530426502228,0.03406977280974388,0.9352701822916667,0.8720703125,0.9809630513191223,0.055578771978616714
foundation,43,six obstacles,OOD count,63,-1.6587512493133545,0.0587928481400013,0.20037169754505157,0.04723219946026802,0.9439871651785713,0.8271484375,0.9693033695220947,0.05649406835436821
exact,43,six obstacles,OOD count,48,-1.656282901763916,0.04681217670440674,0.16233432292938232,0.0366501621901989,0.9291837291837292,0.8203125,0.9761905074119568,0.05659891664981842
exact,43,six obstacles,OOD count,49,-1.656282901763916,0.04446558654308319,0.15946893393993378,0.029931142926216125,0.9248276887985322,0.8408203125,0.9721254110336304,0.05736652761697769
exact,43,six obstacles,OOD count,50,-1.656282901763916,0.0487762913107872,0.16102856397628784,0.024134544655680656,0.9502095259475436,0.810546875,0.9807229042053223,0.05784396082162857
exact,43,six obstacles,OOD count,51,-1.656282901763916,0.038018714636564255,0.13901951909065247,0.02874118648469448,0.931103515625,0.869140625,0.9797753095626831,0.055558301508426666
exact,43,six obstacles,OOD count,52,-1.656282901763916,0.049123141914606094,0.17206798493862152,0.04267683997750282,0.935010603431656,0.83203125,0.9636150598526001,0.05746331438422203
exact,43,six obstacles,OOD count,53,-1.656282901763916,0.03810378164052963,0.1309749037027359,0.027335690334439278,0.9424731182795698,0.8076171875,0.9891173243522644,0.057081643491983414
exact,43,six obstacles,OOD count,54,-1.656282901763916,0.039487481117248535,0.1484023630619049,0.026491928845643997,0.9319698600645856,0.8427734375,0.9687137603759766,0.057469796389341354
exact,43,six obstacles,OOD count,55,-1.656282901763916,0.04457557946443558,0.15377077460289001,0.0286822859197855,0.9238220126063383,0.81640625,0.9796650409698486,0.057613544166088104
exact,43,six obstacles,OOD count,56,-1.656282901763916,0.042229074984788895,0.15129026770591736,0.025829918682575226,0.9305143143519388,0.8310546875,0.9811985492706299,0.05674705654382706
exact,43,six obstacles,OOD count,57,-1.656282901763916,0.04901820793747902,0.17130745947360992,0.04463247209787369,0.9279314159292036,0.8095703125,0.9698432087898254,0.05849766731262207
exact,43,six obstacles,OOD count,58,-1.656282901763916,0.0664297416806221,0.23129548132419586,0.06015541031956673,0.915261994949495,0.8154296875,0.9413173794746399,0.05834948271512985
exact,43,six obstacles,OOD count,59,-1.656282901763916,0.048960886895656586,0.15936678647994995,0.028625337406992912,0.9402215872060962,0.8076171875,0.9818621873855591,0.05820467323064804
exact,43,six obstacles,OOD count,60,-1.656282901763916,0.04625944793224335,0.15841931104660034,0.032086294144392014,0.932911675676949,0.8291015625,0.9764429330825806,0.057727158069610596
exact,43,six obstacles,OOD count,61,-1.656282901763916,0.059363365173339844,0.19682398438453674,0.039884813129901886,0.9351413402209785,0.826171875,0.9669030904769897,0.05716104805469513
exact,43,six obstacles,OOD count,62,-1.656282901763916,0.038350559771060944,0.13391128182411194,0.03253789618611336,0.9342854431580945,0.87109375,0.9786996245384216,0.055623844265937805
exact,43,six obstacles,OOD count,63,-1.656282901763916,0.05908225476741791,0.2021523118019104,0.04679560661315918,0.9418734571911135,0.82421875,0.9680095314979553,0.0568888857960701
foundation,43,three stars,OOD shape,0,-1.6587512493133545,0.0342097170650959,0.13137471675872803,0.034802600741386414,0.938946313349621,0.8876953125,0.9636963605880737,0.06249574199318886
foundation,43,three stars,OOD shape,1,-1.6587512493133545,0.03547310456633568,0.12581898272037506,0.03522760793566704,0.9399119676421603,0.85546875,0.9726027250289917,0.06327151507139206
foundation,43,three stars,OOD shape,2,-1.6587512493133545,0.04579837620258331,0.17222273349761963,0.047190822660923004,0.9233583709577147,0.8671875,0.9481981992721558,0.062454838305711746
foundation,43,three stars,OOD shape,3,-1.6587512493133545,0.03246280550956726,0.11168938875198364,0.03471370041370392,0.9475687432033555,0.8720703125,0.9764838218688965,0.06368490308523178
foundation,43,three stars,OOD shape,4,-1.6587512493133545,0.02548035979270935,0.08914142847061157,0.02542349323630333,0.9494685898652495,0.873046875,0.9854586124420166,0.062298256903886795
foundation,43,three stars,OOD shape,5,-1.6587512493133545,0.03615216910839081,0.13000790774822235,0.03557620570063591,0.9486013829022988,0.8623046875,0.9694223999977112,0.06378825753927231
foundation,43,three stars,OOD shape,6,-1.6587512493133545,0.029015837237238884,0.10206931829452515,0.027319762855768204,0.955805822084892,0.8779296875,0.982202410697937,0.06268947571516037
foundation,43,three stars,OOD shape,7,-1.6587512493133545,0.019603094086050987,0.06711103022098541,0.024628087878227234,0.9613783886979763,0.88671875,0.9911893606185913,0.062377266585826874
foundation,43,three stars,OOD shape,8,-1.6587512493133545,0.03714931383728981,0.12550747394561768,0.03648155927658081,0.9398900912129625,0.83203125,0.9812206625938416,0.06516805291175842
foundation,43,three stars,OOD shape,9,-1.6587512493133545,0.027311302721500397,0.09840598702430725,0.02739850804209709,0.9573399715504979,0.8935546875,0.9759563207626343,0.06253200769424438
foundation,43,three stars,OOD shape,10,-1.6587512493133545,0.035345036536455154,0.12335576117038727,0.037581976503133774,0.9495538778311599,0.865234375,0.9717833399772644,0.06435910612344742
foundation,43,three stars,OOD shape,11,-1.6587512493133545,0.03032018430531025,0.10916834324598312,0.025616008788347244,0.9561156900122053,0.8896484375,0.9758507013320923,0.062084734439849854
foundation,43,three stars,OOD shape,12,-1.6587512493133545,0.03093852661550045,0.10900304466485977,0.028792468830943108,0.9527012711864407,0.876953125,0.9788419008255005,0.06267350912094116
foundation,43,three stars,OOD shape,13,-1.6587512493133545,0.02121778018772602,0.07510125637054443,0.019341060891747475,0.9634427329958816,0.8955078125,0.9901853203773499,0.062428154051303864
foundation,43,three stars,OOD shape,14,-1.6587512493133545,0.03735337778925896,0.13751505315303802,0.03578699380159378,0.9422164116697879,0.8798828125,0.9633740782737732,0.06221581622958183
foundation,43,three stars,OOD shape,15,-1.6587512493133545,0.023699194192886353,0.08349157869815826,0.023196816444396973,0.9566423864030524,0.8837890625,0.9834253787994385,0.06242084875702858
exact,43,three stars,OOD shape,0,-1.656282901763916,0.033981066197156906,0.13013553619384766,0.03424050658941269,0.9370958862015544,0.8857421875,0.9658214449882507,0.062499262392520905
exact,43,three stars,OOD shape,1,-1.656282901763916,0.03506120666861534,0.12430465221405029,0.034162987023591995,0.9422317392338806,0.8564453125,0.9737741947174072,0.06324472278356552
exact,43,three stars,OOD shape,2,-1.656282901763916,0.04543157294392586,0.17008762061595917,0.04633701592683792,0.9271288209606988,0.8662109375,0.9492671489715576,0.06244024261832237
exact,43,three stars,OOD shape,3,-1.656282901763916,0.03232207149267197,0.11101783066987991,0.034323759377002716,0.9482289886593134,0.8720703125,0.9764838218688965,0.06369582563638687
exact,43,three stars,OOD shape,4,-1.656282901763916,0.025061344727873802,0.08790216594934464,0.024360230192542076,0.9524577718732208,0.8740234375,0.986592173576355,0.062309589236974716
exact,43,three stars,OOD shape,5,-1.656282901763916,0.035854119807481766,0.12872663140296936,0.0348934642970562,0.9502177622126436,0.86328125,0.9694570302963257,0.06372371315956116
exact,43,three stars,OOD shape,6,-1.656282901763916,0.028534289449453354,0.10056106746196747,0.026049651205539703,0.955127137463913,0.8759765625,0.9832776188850403,0.06267751753330231
exact,43,three stars,OOD shape,7,-1.656282901763916,0.01919354684650898,0.06611134856939316,0.025312473997473717,0.9606085786641342,0.888671875,0.9912088513374329,0.06236638128757477
exact,43,three stars,OOD shape,8,-1.656282901763916,0.03678795322775841,0.1242646872997284,0.035577841103076935,0.9407229466941202,0.833984375,0.981264591217041,0.06507352739572525
exact,43,three stars,OOD shape,9,-1.656282901763916,0.027002684772014618,0.09726674854755402,0.026714636012911797,0.9574780692277776,0.892578125,0.9781181812286377,0.06249193102121353
exact,43,three stars,OOD shape,10,-1.656282901763916,0.03501091152429581,0.122019924223423,0.036902736872434616,0.9511782200869368,0.86328125,0.97171950340271,0.06435012817382812
exact,43,three stars,OOD shape,11,-1.656282901763916,0.029923811554908752,0.10760262608528137,0.024441305547952652,0.9568482123029092,0.8896484375,0.9758507013320923,0.06207709386944771
exact,43,three stars,OOD shape,12,-1.656282901763916,0.03072238527238369,0.10812993347644806,0.028104262426495552,0.9539592161016949,0.875,0.9799107313156128,0.06269319355487823
exact,43,three stars,OOD shape,13,-1.656282901763916,0.02092135325074196,0.07424763590097427,0.018436770886182785,0.9639167650531286,0.8955078125,0.9912758469581604,0.062396105378866196
exact,43,three stars,OOD shape,14,-1.656282901763916,0.03702147677540779,0.13595272600650787,0.03491450846195221,0.9409361293036111,0.880859375,0.9645232558250427,0.062175288796424866
exact,43,three stars,OOD shape,15,-1.656282901763916,0.023366019129753113,0.08246017247438431,0.022319834679365158,0.9574139896720543,0.8828125,0.9856194853782654,0.062420554459095
foundation,43,three stars,OOD shape,16,-1.6587512493133545,0.03313320130109787,0.12360985577106476,0.031761907041072845,0.9407721613448018,0.87890625,0.9677777886390686,0.06263376772403717
foundation,43,three stars,OOD shape,17,-1.6587512493133545,0.028403393924236298,0.105178602039814,0.026822227984666824,0.9511992296918768,0.8916015625,0.9737130999565125,0.06152288615703583
foundation,43,three stars,OOD shape,18,-1.6587512493133545,0.030804594978690147,0.11013693362474442,0.030182454735040665,0.9504520795660035,0.876953125,0.9766147136688232,0.062174707651138306
foundation,43,three stars,OOD shape,19,-1.6587512493133545,0.026733925566077232,0.0920286625623703,0.02698764018714428,0.9627959255356516,0.8740234375,0.9877094626426697,0.06147207319736481
foundation,43,three stars,OOD shape,20,-1.6587512493133545,0.02914685383439064,0.10312750935554504,0.026857290416955948,0.9577476377898765,0.8818359375,0.9789590239524841,0.06199999153614044
foundation,43,three stars,OOD shape,21,-1.6587512493133545,0.03497922420501709,0.12472894787788391,0.03265972435474396,0.9518115724328546,0.87890625,0.9677777886390686,0.063065305352211
foundation,43,three stars,OOD shape,22,-1.6587512493133545,0.03567207604646683,0.13512572646141052,0.03440726175904274,0.9312190312792084,0.8759765625,0.9632107019424438,0.06280356645584106
foundation,43,three stars,OOD shape,23,-1.6587512493133545,0.02680896781384945,0.09935448318719864,0.03262804448604584,0.9528034009785835,0.904296875,0.9751619696617126,0.06320568174123764
foundation,43,three stars,OOD shape,24,-1.6587512493133545,0.03735828772187233,0.1370554119348526,0.03646811097860336,0.9396133607870052,0.8603515625,0.9648127555847168,0.06392517685890198
foundation,43,three stars,OOD shape,25,-1.6587512493133545,0.027814066037535667,0.10810340940952301,0.026095878332853317,0.9475390649712153,0.9033203125,0.9751351475715637,0.061887986958026886
foundation,43,three stars,OOD shape,26,-1.6587512493133545,0.019900616258382797,0.07820779085159302,0.01977992057800293,0.9560687584386274,0.90234375,0.9848484992980957,0.061676472425460815
foundation,43,three stars,OOD shape,27,-1.6587512493133545,0.02563397027552128,0.09008746594190598,0.02096431888639927,0.9625584543440807,0.8857421875,0.9878721237182617,0.06243579089641571
foundation,43,three stars,OOD shape,28,-1.6587512493133545,0.03540123254060745,0.12335163354873657,0.03698090463876724,0.9511802575107295,0.869140625,0.9741573333740234,0.06369852274656296
foundation,43,three stars,OOD shape,29,-1.6587512493133545,0.037267059087753296,0.134957417845726,0.039854999631643295,0.9429552801724138,0.8671875,0.9639639854431152,0.06300582736730576
foundation,43,three stars,OOD shape,30,-1.6587512493133545,0.02973942831158638,0.10485878586769104,0.029142143204808235,0.9535032200755051,0.880859375,0.978935718536377,0.061588436365127563
foundation,43,three stars,OOD shape,31,-1.6587512493133545,0.03146599233150482,0.11127479374408722,0.024018866941332817,0.9567215576614365,0.8701171875,0.9786756634712219,0.06462202966213226
exact,43,three stars,OOD shape,16,-1.656282901763916,0.032837945967912674,0.12209989130496979,0.03094661980867386,0.9415386652542372,0.8798828125,0.9678135514259338,0.06263632327318192
exact,43,three stars,OOD shape,17,-1.656282901763916,0.028102343901991844,0.10399004071950912,0.026065906509757042,0.9511993260718561,0.890625,0.9758772253990173,0.061463214457035065
exact,43,three stars,OOD shape,18,-1.656282901763916,0.030464641749858856,0.10879035294055939,0.029321808367967606,0.9509269799967474,0.8779296875,0.9766406416893005,0.062146760523319244
exact,43,three stars,OOD shape,19,-1.656282901763916,0.026253674179315567,0.09058314561843872,0.025998087599873543,0.9604925303454714,0.8740234375,0.9877094626426697,0.061470113694667816
exact,43,three stars,OOD shape,20,-1.656282901763916,0.028773508965969086,0.10177168250083923,0.026776013895869255,0.9600927056048493,0.8818359375,0.9811738729476929,0.06195875257253647
exact,43,three stars,OOD shape,21,-1.656282901763916,0.034692347049713135,0.12352610379457474,0.031979866325855255,0.9517288267288267,0.8779296875,0.9688542485237122,0.06309022754430771
exact,43,three stars,OOD shape,22,-1.656282901763916,0.0353543758392334,0.13366612792015076,0.03359592705965042,0.9331011612870184,0.875,0.9642857313156128,0.06276145577430725
exact,43,three stars,OOD shape,23,-1.656282901763916,0.026539156213402748,0.09818920493125916,0.03057965822517872,0.9527669270833333,0.9033203125,0.9762162566184998,0.06316158175468445
exact,43,three stars,OOD shape,24,-1.656282901763916,0.03701405227184296,0.13543552160263062,0.03559603542089462,0.9401845627894622,0.859375,0.9659090638160706,0.06386919319629669
exact,43,three stars,OOD shape,25,-1.656282901763916,0.02763964980840683,0.10719521343708038,0.026448417454957962,0.9491997216423104,0.9052734375,0.9751887321472168,0.06189272925257683
exact,43,three stars,OOD shape,26,-1.656282901763916,0.01965883933007717,0.07741516083478928,0.017306052148342133,0.954160125588697,0.90234375,0.9859307408332825,0.06167877838015556
exact,43,three stars,OOD shape,27,-1.656282901763916,0.025251958519220352,0.08902306109666824,0.019999224692583084,0.9645582082205266,0.88671875,0.9889867305755615,0.06245628744363785
exact,43,three stars,OOD shape,28,-1.656282901763916,0.035118866711854935,0.12217603623867035,0.03635867312550545,0.9524864713565965,0.869140625,0.9741573333740234,0.06373465061187744
exact,43,three stars,OOD shape,29,-1.656282901763916,0.036939360201358795,0.13353390991687775,0.03922784700989723,0.941409288492336,0.865234375,0.9672686457633972,0.06301017105579376
exact,43,three stars,OOD shape,30,-1.656282901763916,0.02932611294090748,0.10324665904045105,0.028125107288360596,0.9529587482219062,0.8818359375,0.9789590239524841,0.061558037996292114
exact,43,three stars,OOD shape,31,-1.656282901763916,0.03130561113357544,0.11057204753160477,0.02323823608458042,0.957938480658692,0.87109375,0.9809417724609375,0.06464938074350357
foundation,43,three stars,OOD shape,32,-1.6587512493133545,0.024139700457453728,0.08558127284049988,0.020454702898859978,0.9664195175978341,0.888671875,0.9868132472038269,0.0633218064904213
foundation,43,three stars,OOD shape,33,-1.6587512493133545,0.03273850679397583,0.11913205683231354,0.03243676945567131,0.9482323232323232,0.865234375,0.9706546664237976,0.06354881078004837
foundation,43,three stars,OOD shape,34,-1.6587512493133545,0.036598723381757736,0.12885674834251404,0.03828095644712448,0.936450363873857,0.8447265625,0.9768785834312439,0.06448397040367126
foundation,43,three stars,OOD shape,35,-1.6587512493133545,0.031903330236673355,0.1152368113398552,0.02967165783047676,0.946563126795685,0.8701171875,0.9775533676147461,0.06228048354387283
foundation,43,three stars,OOD shape,36,-1.6587512493133545,0.025701239705085754,0.09073064476251602,0.022793447598814964,0.9590665764213635,0.880859375,0.9878048896789551,0.06269992142915726
foundation,43,three stars,OOD shape,37,-1.6587512493133545,0.028244001790881157,0.09710757434368134,0.03074246644973755,0.9558962684622664,0.8740234375,0.9832401871681213,0.0624212771654129
foundation,43,three stars,OOD shape,38,-1.6587512493133545,0.02568853087723255,0.09030429273843765,0.029013358056545258,0.9561130937730741,0.8916015625,0.9802848100662231,0.06310832500457764
foundation,43,three stars,OOD shape,39,-1.6587512493133545,0.030095981433987617,0.10570026934146881,0.034029699862003326,0.9453091786777109,0.8701171875,0.9775533676147461,0.06220025569200516
foundation,43,three stars,OOD shape,40,-1.6587512493133545,0.01928698644042015,0.07133381068706512,0.01943027973175049,0.9599952516619183,0.892578125,0.9890590906143188,0.06268739700317383
foundation,43,three stars,OOD shape,41,-1.6587512493133545,0.029179472476243973,0.09773175418376923,0.030194802209734917,0.9624337923728814,0.8740234375,0.9832401871681213,0.06253664940595627
foundation,43,three stars,OOD shape,42,-1.6587512493133545,0.028112562373280525,0.09265312552452087,0.03351852670311928,0.9576214602725737,0.8701171875,0.985409677028656,0.06227903813123703
foundation,43,three stars,OOD shape,43,-1.6587512493133545,0.03634755685925484,0.12489572912454605,0.03482472896575928,0.9461303414816197,0.8525390625,0.9782360196113586,0.06278955936431885
foundation,43,three stars,OOD shape,44,-1.6587512493133545,0.02809244766831398,0.09915247559547424,0.027026185765862465,0.9577085403972747,0.88671875,0.9801761507987976,0.0625673457980156
foundation,43,three stars,OOD shape,45,-1.6587512493133545,0.028482893481850624,0.10642000287771225,0.02202603407204151,0.9545971847858641,0.8955078125,0.9749181866645813,0.06386417895555496
foundation,43,three stars,OOD shape,46,-1.6587512493133545,0.03158648684620857,0.11367301642894745,0.026370510458946228,0.9536807928465758,0.8837890625,0.9756905436515808,0.062147192656993866
foundation,43,three stars,OOD shape,47,-1.6587512493133545,0.026957610622048378,0.09212933480739594,0.024514496326446533,0.9609886201991464,0.869140625,0.9887640476226807,0.06227637827396393
exact,43,three stars,OOD shape,32,-1.656282901763916,0.023770829662680626,0.08456610143184662,0.019874773919582367,0.965489972796862,0.8876953125,0.9867987036705017,0.06329789012670517
exact,43,three stars,OOD shape,33,-1.656282901763916,0.03238121047616005,0.11782792955636978,0.031526003032922745,0.9483187968449074,0.8662109375,0.9718150496482849,0.06355148553848267
exact,43,three stars,OOD shape,34,-1.656282901763916,0.03609650209546089,0.12676094472408295,0.0371791273355484,0.9358791339519392,0.8466796875,0.9769319295883179,0.06448763608932495
exact,43,three stars,OOD shape,35,-1.656282901763916,0.03178879991173744,0.11461073160171509,0.029864100739359856,0.9469274126085108,0.87109375,0.9775785207748413,0.06228174641728401
exact,43,three stars,OOD shape,36,-1.656282901763916,0.02529134415090084,0.08948417007923126,0.02210809290409088,0.9579774783323844,0.8857421875,0.9878721237182617,0.0626833438873291
exact,43,three stars,OOD shape,37,-1.656282901763916,0.027740882709622383,0.09543940424919128,0.02967270463705063,0.9539687055476529,0.8759765625,0.9832776188850403,0.062425754964351654
exact,43,three stars,OOD shape,38,-1.656282901763916,0.025307029485702515,0.0889550969004631,0.028257425874471664,0.9581282303716465,0.890625,0.9802631735801697,0.06309477239847183
exact,43,three stars,OOD shape,39,-1.656282901763916,0.029705680906772614,0.10418715327978134,0.03324811905622482,0.9477639572676532,0.8701171875,0.9775533676147461,0.06214885413646698
exact,43,three stars,OOD shape,40,-1.656282901763916,0.018958471715450287,0.07047761976718903,0.019285596907138824,0.9585831622176592,0.892578125,0.9890590906143188,0.06267630308866501
exact,43,three stars,OOD shape,41,-1.656282901763916,0.028670011088252068,0.09604300558567047,0.029069293290376663,0.965188029661017,0.8740234375,0.9843575358390808,0.06252020597457886
exact,43,three stars,OOD shape,42,-1.656282901763916,0.02762068621814251,0.09125016629695892,0.0326327383518219,0.958355402542373,0.869140625,0.9865168929100037,0.0622846782207489
exact,43,three stars,OOD shape,43,-1.656282901763916,0.0359710194170475,0.12338464707136154,0.03393513336777687,0.945003568879372,0.8505859375,0.9804821610450745,0.06279172748327255
exact,43,three stars,OOD shape,44,-1.656282901763916,0.027774522081017494,0.09799972176551819,0.02641596645116806,0.9577497665732959,0.88671875,0.9812774658203125,0.06256706267595291
exact,43,three stars,OOD shape,45,-1.656282901763916,0.028327016159892082,0.10570977628231049,0.02219367027282715,0.9558101227912548,0.89453125,0.9759825468063354,0.06386271864175797
exact,43,three stars,OOD shape,46,-1.656282901763916,0.03125610575079918,0.11238455027341843,0.025319773703813553,0.9527828008840666,0.8837890625,0.9756905436515808,0.062140703201293945
exact,43,three stars,OOD shape,47,-1.656282901763916,0.026522936299443245,0.09088438004255295,0.02329721301794052,0.9573075771188979,0.869140625,0.9898876547813416,0.06226879358291626
foundation,43,three stars,OOD shape,48,-1.6587512493133545,0.01656506583094597,0.06009719893336296,0.020207293331623077,0.9681736680327868,0.8984375,0.9923912882804871,0.06281393021345139
foundation,43,three stars,OOD shape,49,-1.6587512493133545,0.03216351196169853,0.1187032014131546,0.030264589935541153,0.9475185854932691,0.888671875,0.9703297019004822,0.061877623200416565
foundation,43,three stars,OOD shape,50,-1.6587512493133545,0.028987547382712364,0.10754652321338654,0.020408285781741142,0.9553571428571429,0.8896484375,0.9769484400749207,0.0629577562212944
foundation,43,three stars,OOD shape,51,-1.6587512493133545,0.02226308360695839,0.07825233042240143,0.021848322823643684,0.9598950524737632,0.8916015625,0.9912376999855042,0.06293851882219315
foundation,43,three stars,OOD shape,52,-1.6587512493133545,0.031923577189445496,0.11596875637769699,0.030500508844852448,0.9452888731785868,0.8720703125,0.9708846807479858,0.06175365298986435
foundation,43,three stars,OOD shape,53,-1.6587512493133545,0.018690554425120354,0.06836153566837311,0.02135954052209854,0.9678992674348562,0.9052734375,0.9902912378311157,0.06275826692581177
foundation,43,three stars,OOD shape,54,-1.6587512493133545,0.028201695531606674,0.10100358724594116,0.026540489867329597,0.9465708295896975,0.8798828125,0.9778024554252625,0.061210568994283676
foundation,43,three stars,OOD shape,55,-1.6587512493133545,0.026413775980472565,0.09127431362867355,0.027451423928141594,0.9559298884589119,0.884765625,0.9856511950492859,0.062414370477199554
foundation,43,three stars,OOD shape,56,-1.6587512493133545,0.03231599181890488,0.11179095506668091,0.03134183585643768,0.9542044695809277,0.8818359375,0.9789590239524841,0.062299273908138275
foundation,43,three stars,OOD shape,57,-1.6587512493133545,0.017700420692563057,0.06522434204816818,0.021327057853341103,0.958785975928833,0.8896484375,0.9901207685470581,0.06233774870634079
foundation,43,three stars,OOD shape,58,-1.6587512493133545,0.03681286796927452,0.1405198723077774,0.03462233394384384,0.9350117166376254,0.869140625,0.9640449285507202,0.06173986569046974
foundation,43,three stars,OOD shape,59,-1.6587512493133545,0.037977125495672226,0.14020948112010956,0.035534415394067764,0.9341483810937188,0.8623046875,0.9660248756408691,0.06324014067649841
foundation,43,three stars,OOD shape,60,-1.6587512493133545,0.0369378998875618,0.13934876024723053,0.03288964927196503,0.9427715058779623,0.8681640625,0.9662542343139648,0.06240417808294296
foundation,43,three stars,OOD shape,61,-1.6587512493133545,0.039596423506736755,0.14485062658786774,0.03756343945860863,0.9371434290861775,0.859375,0.9613636136054993,0.06386791914701462
foundation,43,three stars,OOD shape,62,-1.6587512493133545,0.03460704907774925,0.11947781592607498,0.035776011645793915,0.9532356236212651,0.8671875,0.977477490901947,0.06457217782735825
foundation,43,three stars,OOD shape,63,-1.6587512493133545,0.02738412283360958,0.09577194601297379,0.025337111204862595,0.9601264488935722,0.8759765625,0.9866220951080322,0.062454961240291595
exact,43,three stars,OOD shape,48,-1.656282901763916,0.016214454546570778,0.059364303946495056,0.020024381577968597,0.9706284153005464,0.900390625,0.9924077987670898,0.06279215216636658
exact,43,three stars,OOD shape,49,-1.656282901763916,0.03179117292165756,0.11713486164808273,0.029210422188043594,0.948189407491733,0.8876953125,0.9713971614837646,0.061875492334365845
exact,43,three stars,OOD shape,50,-1.656282901763916,0.028747064992785454,0.10653379559516907,0.019359782338142395,0.9558843090019657,0.890625,0.9791666865348816,0.06298825889825821
exact,43,three stars,OOD shape,51,-1.656282901763916,0.021810976788401604,0.07701066136360168,0.02262457087635994,0.961066057076507,0.8916015625,0.9912376999855042,0.0629379004240036
exact,43,three stars,OOD shape,52,-1.656282901763916,0.03161148726940155,0.11464518308639526,0.029617540538311005,0.9441564530172126,0.87109375,0.9719731211662292,0.06171184033155441
exact,43,three stars,OOD shape,53,-1.656282901763916,0.018358884379267693,0.06749913096427917,0.02239876613020897,0.966789593535256,0.90625,0.9903017282485962,0.06273458153009415
exact,43,three stars,OOD shape,54,-1.656282901763916,0.027917461469769478,0.1001243144273758,0.02562471106648445,0.9484276729559749,0.87890625,0.9788889288902283,0.0612005852162838
exact,43,three stars,OOD shape,55,-1.656282901763916,0.026086607947945595,0.09021320939064026,0.02664206549525261,0.9543349085294532,0.884765625,0.9867549538612366,0.06244223937392235
exact,43,three stars,OOD shape,56,-1.656282901763916,0.03197469562292099,0.11037549376487732,0.030598949640989304,0.9513335501707596,0.8818359375,0.9789590239524841,0.062284231185913086
exact,43,three stars,OOD shape,57,-1.656282901763916,0.01741199381649494,0.06445106863975525,0.023148639127612114,0.9566845967899997,0.8916015625,0.9901424050331116,0.06231997162103653
exact,43,three stars,OOD shape,58,-1.656282901763916,0.036395907402038574,0.1385316401720047,0.03346157819032669,0.9376314366400289,0.8701171875,0.9652076959609985,0.06172258406877518
exact,43,three stars,OOD shape,59,-1.656282901763916,0.03767750412225723,0.13882440328598022,0.03466871380805969,0.9327044403052334,0.861328125,0.9682539701461792,0.06325450539588928
exact,43,three stars,OOD shape,60,-1.656282901763916,0.03650103136897087,0.1373976618051529,0.03193167969584465,0.9434884515270368,0.8671875,0.9695945978164673,0.062375105917453766
exact,43,three stars,OOD shape,61,-1.656282901763916,0.03918839991092682,0.14289197325706482,0.0374206081032753,0.9396790444733594,0.859375,0.9624999761581421,0.06388193368911743
exact,43,three stars,OOD shape,62,-1.656282901763916,0.03434205427765846,0.11848896741867065,0.03509373217821121,0.9543559359227561,0.8681640625,0.9775028228759766,0.06457468122243881
exact,43,three stars,OOD shape,63,-1.656282901763916,0.02700529806315899,0.09460295736789703,0.02430087886750698,0.9607539118065433,0.8740234375,0.9888268113136292,0.062407854944467545
foundation,43,two crescents,OOD shape,0,-1.6587512493133545,0.027910880744457245,0.10630123317241669,0.02983686327934265,0.9475225737916383,0.9033203125,0.9729729890823364,0.06624940782785416
foundation,43,two crescents,OOD shape,1,-1.6587512493133545,0.018660128116607666,0.07352323085069656,0.019609753042459488,0.9705857240437159,0.9404296875,0.9813084602355957,0.06444717943668365
foundation,43,two crescents,OOD shape,2,-1.6587512493133545,0.024022679775953293,0.09225301444530487,0.0258051585406065,0.9536114941354714,0.9189453125,0.9723697900772095,0.06462907791137695
foundation,43,two crescents,OOD shape,3,-1.6587512493133545,0.029192158952355385,0.10863053798675537,0.030812203884124756,0.9539351883596867,0.8916015625,0.9759036302566528,0.06580231338739395
foundation,43,two crescents,OOD shape,4,-1.6587512493133545,0.01733306795358658,0.06145137920975685,0.020269403234124184,0.965121243169399,0.91015625,0.9903433322906494,0.06656356155872345
foundation,43,two crescents,OOD shape,5,-1.6587512493133545,0.034325432032346725,0.12767614424228668,0.040655624121427536,0.9404720583130857,0.8896484375,0.9615806937217712,0.06627044081687927
foundation,43,two crescents,OOD shape,6,-1.6587512493133545,0.02049044705927372,0.07581855356693268,0.022020064294338226,0.9618926707373596,0.9267578125,0.9820863604545593,0.06649187207221985
foundation,43,two crescents,OOD shape,7,-1.6587512493133545,0.020986737683415413,0.08164998888969421,0.02276684157550335,0.9603711617600507,0.9326171875,0.9780104756355286,0.06533819437026978
foundation,43,two crescents,OOD shape,8,-1.6587512493133545,0.021405065432190895,0.0771653950214386,0.025011498481035233,0.9552691867124856,0.9091796875,0.9817401170730591,0.06615930795669556
foundation,43,two crescents,OOD shape,9,-1.6587512493133545,0.022776074707508087,0.08677735924720764,0.021145178005099297,0.9659787476947397,0.923828125,0.9756870865821838,0.06474731117486954
foundation,43,two crescents,OOD shape,10,-1.6587512493133545,0.021785471588373184,0.08444046229124069,0.023241885006427765,0.9556414303597671,0.9169921875,0.9765707850456238,0.06761293113231659
foundation,43,two crescents,OOD shape,11,-1.6587512493133545,0.022116780281066895,0.08659074455499649,0.02451222389936447,0.9519623233908948,0.931640625,0.9779874086380005,0.0640014186501503
foundation,43,two crescents,OOD shape,12,-1.6587512493133545,0.023417921736836433,0.0826154574751854,0.02735154889523983,0.9600913828799886,0.9208984375,0.9766702651977539,0.06750479340553284
foundation,43,two crescents,OOD shape,13,-1.6587512493133545,0.020148739218711853,0.07102640718221664,0.027689870446920395,0.9423062237495228,0.8759765625,0.9843924641609192,0.06696315109729767
foundation,43,two crescents,OOD shape,14,-1.6587512493133545,0.025452878326177597,0.09522116184234619,0.027791758999228477,0.9492838541666667,0.9140625,0.9722222685813904,0.06734731793403625
foundation,43,two crescents,OOD shape,15,-1.6587512493133545,0.02045380137860775,0.07517731934785843,0.027419989928603172,0.9226078028747433,0.8662109375,0.983089029788971,0.0682598352432251
exact,43,two crescents,OOD shape,0,-1.656282901763916,0.027574587613344193,0.10466651618480682,0.029080741107463837,0.9501783139843691,0.9033203125,0.9740540981292725,0.0662393867969513
exact,43,two crescents,OOD shape,1,-1.656282901763916,0.01843870058655739,0.07248355448246002,0.019096314907073975,0.971738387978142,0.939453125,0.982328474521637,0.0644468143582344
exact,43,two crescents,OOD shape,2,-1.656282901763916,0.02371337078511715,0.09088544547557831,0.025083575397729874,0.9543222683264176,0.919921875,0.9723991751670837,0.06459640711545944
exact,43,two crescents,OOD shape,3,-1.656282901763916,0.028883785009384155,0.10725409537553787,0.03003927320241928,0.9546135909393737,0.892578125,0.9759299755096436,0.06577995419502258
exact,43,two crescents,OOD shape,4,-1.656282901763916,0.01706038974225521,0.06055213883519173,0.01963542029261589,0.9621836340937465,0.9111328125,0.9903536438941956,0.06657582521438599
exact,43,two crescents,OOD shape,5,-1.656282901763916,0.03415704891085625,0.12655134499073029,0.040340524166822433,0.9434364994663821,0.888671875,0.9626374244689941,0.0662527084350586
exact,43,two crescents,OOD shape,6,-1.656282901763916,0.020229754969477654,0.07467624545097351,0.021409854292869568,0.9638877133587248,0.9287109375,0.9821240305900574,0.06647653877735138
exact,43,two crescents,OOD shape,7,-1.656282901763916,0.02072564885020256,0.08038481324911118,0.022195791825652122,0.9625672681228237,0.9326171875,0.9790576100349426,0.06533031165599823
exact,43,two crescents,OOD shape,8,-1.656282901763916,0.021065179258584976,0.0757712870836258,0.024332918226718903,0.9558906398771934,0.908203125,0.9838709831237793,0.06614677608013153
exact,43,two crescents,OOD shape,9,-1.656282901763916,0.022529615089297295,0.08571572601795197,0.021513186395168304,0.9675594976727848,0.923828125,0.9767441749572754,0.06472884118556976
exact,43,two crescents,OOD shape,10,-1.656282901763916,0.021489184349775314,0.08317527174949646,0.022488998249173164,0.9543296744535135,0.9169921875,0.9765707850456238,0.0675850585103035
exact,43,two crescents,OOD shape,11,-1.656282901763916,0.0219010841101408,0.08544522523880005,0.02418850176036358,0.9540763997906856,0.931640625,0.9779874086380005,0.06399506330490112
exact,43,two crescents,OOD shape,12,-1.656282901763916,0.023084068670868874,0.08113668113946915,0.026756485924124718,0.9603403545057059,0.919921875,0.9787686467170715,0.06750555336475372
exact,43,two crescents,OOD shape,13,-1.656282901763916,0.019718818366527557,0.06941655278205872,0.026858527213335037,0.9443289353516119,0.8779296875,0.985539436340332,0.06692871451377869
exact,43,two crescents,OOD shape,14,-1.656282901763916,0.02511436492204666,0.0936780497431755,0.027019493281841278,0.9506136134648101,0.9140625,0.9732906222343445,0.06734396517276764
exact,43,two crescents,OOD shape,15,-1.656282901763916,0.02007627673447132,0.07383152842521667,0.026507731527090073,0.9268377823408624,0.8681640625,0.9831271767616272,0.06826899200677872
foundation,43,two crescents,OOD shape,16,-1.6587512493133545,0.02339274063706398,0.09177761524915695,0.02644282579421997,0.9494911010722256,0.916015625,0.975479781627655,0.06694813072681427
foundation,43,two crescents,OOD shape,17,-1.6587512493133545,0.02217797562479973,0.08617967367172241,0.025570141151547432,0.9514831759149941,0.916015625,0.9786780476570129,0.06502751260995865
foundation,43,two crescents,OOD shape,18,-1.6587512493133545,0.02984364703297615,0.11649521440267563,0.03478816896677017,0.9398182158650591,0.904296875,0.9643628001213074,0.06576095521450043
foundation,43,two crescents,OOD shape,19,-1.6587512493133545,0.02639826573431492,0.09446945041418076,0.03484567254781723,0.9249699205903585,0.8623046875,0.9773499369621277,0.06732351332902908
foundation,43,two crescents,OOD shape,20,-1.6587512493133545,0.0272657573223114,0.0998319685459137,0.03228503465652466,0.9555106319257262,0.912109375,0.9710920453071594,0.06658695638179779
foundation,43,two crescents,OOD shape,21,-1.6587512493133545,0.01992981694638729,0.0711454376578331,0.024120166897773743,0.9679769931795659,0.92578125,0.9831222891807556,0.06721274554729462
foundation,43,two crescents,OOD shape,22,-1.6587512493133545,0.025237515568733215,0.09233309328556061,0.029147911816835403,0.9520111043528439,0.9033203125,0.978378415107727,0.0668124109506607
foundation,43,two crescents,OOD shape,23,-1.6587512493133545,0.025721624493598938,0.09565027058124542,0.028745248913764954,0.945828582925357,0.91015625,0.975321888923645,0.0663055032491684
foundation,43,two crescents,OOD shape,24,-1.6587512493133545,0.027589023113250732,0.10145803540945053,0.032197266817092896,0.9452380952380952,0.8974609375,0.971708357334137,0.06673052906990051
foundation,43,two crescents,OOD shape,25,-1.6587512493133545,0.01698971353471279,0.06078627333045006,0.022188972681760788,0.9593447141459945,0.9150390625,0.9861258864402771,0.06743043661117554
foundation,43,two crescents,OOD shape,26,-1.6587512493133545,0.026435771957039833,0.0968761071562767,0.03317943960428238,0.9456128164580347,0.8857421875,0.9735391736030579,0.06694056838750839
foundation,43,two crescents,OOD shape,27,-1.6587512493133545,0.02175997383892536,0.08106116950511932,0.02551915869116783,0.954059829059829,0.9267578125,0.9778714179992676,0.06629401445388794
foundation,43,two crescents,OOD shape,28,-1.6587512493133545,0.02344861626625061,0.08521837741136551,0.026085086166858673,0.9570502017261631,0.9091796875,0.9785177707672119,0.06606271117925644
foundation,43,two crescents,OOD shape,29,-1.6587512493133545,0.023705121129751205,0.08505980670452118,0.0296185240149498,0.9417292273121904,0.87890625,0.9844444394111633,0.06688056886196136
foundation,43,two crescents,OOD shape,30,-1.6587512493133545,0.021073784679174423,0.08539849519729614,0.02123444899916649,0.9605736159959583,0.9345703125,0.9780564308166504,0.06545571982860565
foundation,43,two crescents,OOD shape,31,-1.6587512493133545,0.02159705199301243,0.08434509485960007,0.024638498201966286,0.9550745195577405,0.9248046875,0.9788807034492493,0.06567517668008804
exact,43,two crescents,OOD shape,16,-1.656282901763916,0.02307876944541931,0.09027952700853348,0.02577541396021843,0.95188591955587,0.9150390625,0.9765207767486572,0.0669514387845993
exact,43,two crescents,OOD shape,17,-1.656282901763916,0.021881764754652977,0.08470893651247025,0.024968359619379044,0.9521531100478469,0.9189453125,0.9787459969520569,0.06502673774957657
exact,43,two crescents,OOD shape,18,-1.656282901763916,0.029540736228227615,0.11476582288742065,0.03422416001558304,0.9423966120738083,0.9052734375,0.9644012451171875,0.06572388112545013
exact,43,two crescents,OOD shape,19,-1.656282901763916,0.025912994518876076,0.09255197644233704,0.03399883955717087,0.9267740885416667,0.86328125,0.9796380400657654,0.06731768697500229
exact,43,two crescents,OOD shape,20,-1.656282901763916,0.02685767225921154,0.09786248952150345,0.031642839312553406,0.95843066786463,0.9140625,0.9711539149284363,0.06659160554409027
exact,43,two crescents,OOD shape,21,-1.656282901763916,0.019645459949970245,0.06980978697538376,0.023626163601875305,0.9656262833675564,0.9267578125,0.9831401109695435,0.06719053536653519
exact,43,two crescents,OOD shape,22,-1.656282901763916,0.024895671755075455,0.09091957658529282,0.028455838561058044,0.9527266400961599,0.9033203125,0.978378415107727,0.0668172836303711
exact,43,two crescents,OOD shape,23,-1.656282901763916,0.025411134585738182,0.09416545927524567,0.028171710669994354,0.9463084963314778,0.9111328125,0.9764201045036316,0.06630142033100128
exact,43,two crescents,OOD shape,24,-1.656282901763916,0.02728261426091194,0.10003156960010529,0.03160256892442703,0.9453676303209652,0.8974609375,0.973884642124176,0.0667119175195694
exact,43,two crescents,OOD shape,25,-1.656282901763916,0.016708742827177048,0.05965307354927063,0.02165060304105282,0.9622343736107406,0.9150390625,0.9861258864402771,0.06743158400058746
exact,43,two crescents,OOD shape,26,-1.656282901763916,0.026052650064229965,0.09526403993368149,0.032509833574295044,0.9446088474087564,0.8857421875,0.9746416807174683,0.06695812940597534
exact,43,two crescents,OOD shape,27,-1.656282901763916,0.02148168347775936,0.07969967275857925,0.025002246722579002,0.9564339981006648,0.9267578125,0.9778714179992676,0.06627308577299118
exact,43,two crescents,OOD shape,28,-1.656282901763916,0.023178910836577415,0.08416259288787842,0.025444673374295235,0.9572786998616873,0.9091796875,0.9785177707672119,0.06604897975921631
exact,43,two crescents,OOD shape,29,-1.656282901763916,0.02332056686282158,0.08358742296695709,0.028887471184134483,0.9445210493165143,0.8818359375,0.9844961166381836,0.06685434281826019
exact,43,two crescents,OOD shape,30,-1.656282901763916,0.020813360810279846,0.08416866511106491,0.020550835877656937,0.9610438429882874,0.9365234375,0.9781022071838379,0.0654485821723938
exact,43,two crescents,OOD shape,31,-1.656282901763916,0.02132176235318184,0.0829235091805458,0.024087585508823395,0.9539125002518992,0.92578125,0.9789029359817505,0.06565175205469131
foundation,43,two crescents,OOD shape,32,-1.6587512493133545,0.02818065509200096,0.10307469218969345,0.034502360969781876,0.9402517194591307,0.900390625,0.9761388301849365,0.066856250166893
foundation,43,two crescents,OOD shape,33,-1.6587512493133545,0.023013319820165634,0.08364037424325943,0.02944754809141159,0.9392227214807859,0.876953125,0.9788419008255005,0.06687169522047043
foundation,43,two crescents,OOD shape,34,-1.6587512493133545,0.01763799414038658,0.06327381730079651,0.02344604954123497,0.9512620048346,0.900390625,0.9859002232551575,0.06746362149715424
foundation,43,two crescents,OOD shape,35,-1.6587512493133545,0.025438984856009483,0.0957648828625679,0.029489291831851006,0.950556636040507,0.91796875,0.9734042286872864,0.06716599315404892
foundation,43,two crescents,OOD shape,36,-1.6587512493133545,0.023625336587429047,0.08792680501937866,0.02806256338953972,0.9485555725788605,0.8935546875,0.9792349934577942,0.06642084568738937
foundation,43,two crescents,OOD shape,37,-1.6587512493133545,0.020161466673016548,0.07747231423854828,0.022081559523940086,0.9595797720797721,0.9208984375,0.9809120297431946,0.06766916811466217
foundation,43,two crescents,OOD shape,38,-1.6587512493133545,0.017215389758348465,0.06273896992206573,0.01846694014966488,0.9672681874929066,0.9287109375,0.9863301515579224,0.06596864014863968
foundation,43,two crescents,OOD shape,39,-1.6587512493133545,0.01953233778476715,0.0704636499285698,0.02729438804090023,0.9326899383983573,0.861328125,0.9841269850730896,0.0685175359249115
foundation,43,two crescents,OOD shape,40,-1.6587512493133545,0.017694540321826935,0.06131288409233093,0.020827408879995346,0.9688582068424835,0.923828125,0.9883720874786377,0.06720907986164093
foundation,43,two crescents,OOD shape,41,-1.6587512493133545,0.021122701466083527,0.0781264677643776,0.024569526314735413,0.9588279518835074,0.9248046875,0.9809926152229309,0.06653856486082077
foundation,43,two crescents,OOD shape,42,-1.6587512493133545,0.02173279970884323,0.08404597640037537,0.023122431710362434,0.9677830940988836,0.9326171875,0.9759162664413452,0.062448062002658844
foundation,43,two crescents,OOD shape,43,-1.6587512493133545,0.025531286373734474,0.09213162958621979,0.03283189982175827,0.9405731345048254,0.869140625,0.9786517024040222,0.0675051137804985
foundation,43,two crescents,OOD shape,44,-1.6587512493133545,0.024677058681845665,0.09237651526927948,0.029552076011896133,0.9467981434682787,0.896484375,0.9760348200798035,0.06648007035255432
foundation,43,two crescents,OOD shape,45,-1.6587512493133545,0.019956810399889946,0.07061918824911118,0.024108687415719032,0.96383950881702,0.900390625,0.9859002232551575,0.06682413816452026
foundation,43,two crescents,OOD shape,46,-1.6587512493133545,0.02665991708636284,0.10110697895288467,0.032616205513477325,0.94489908934285,0.90234375,0.9664502143859863,0.06674720346927643
foundation,43,two crescents,OOD shape,47,-1.6587512493133545,0.02384171262383461,0.08726358413696289,0.031807444989681244,0.9353974492660624,0.8564453125,0.9806157350540161,0.06680229306221008
exact,43,two crescents,OOD shape,32,-1.656282901763916,0.027813397347927094,0.10119669139385223,0.03392163664102554,0.9412602011766938,0.9013671875,0.976164698600769,0.06684576719999313
exact,43,two crescents,OOD shape,33,-1.656282901763916,0.022628964856266975,0.08212479948997498,0.028674326837062836,0.9416611340925727,0.8798828125,0.978912353515625,0.06684613972902298
exact,43,two crescents,OOD shape,34,-1.656282901763916,0.01730770617723465,0.061977922916412354,0.02277395874261856,0.9506071955510158,0.900390625,0.9859002232551575,0.0674516037106514
exact,43,two crescents,OOD shape,35,-1.656282901763916,0.025105400010943413,0.09410500526428223,0.028882287442684174,0.9512282314488535,0.9208984375,0.9745493531227112,0.06715495884418488
exact,43,two crescents,OOD shape,36,-1.656282901763916,0.023272782564163208,0.08636705577373505,0.027355721220374107,0.9498098201936376,0.892578125,0.9803063869476318,0.06640161573886871
exact,43,two crescents,OOD shape,37,-1.656282901763916,0.019890520721673965,0.07622923702001572,0.021454159170389175,0.9620924343146564,0.921875,0.9809321761131287,0.06766775995492935
exact,43,two crescents,OOD shape,38,-1.656282901763916,0.01692821830511093,0.06165723502635956,0.01776372641324997,0.9700374531835206,0.9306640625,0.9863588213920593,0.06595465540885925
exact,43,two crescents,OOD shape,39,-1.656282901763916,0.019161492586135864,0.06915395706892014,0.02650647610425949,0.9340659340659341,0.8623046875,0.9852774143218994,0.06850655376911163
exact,43,two crescents,OOD shape,40,-1.656282901763916,0.017400341108441353,0.06019430235028267,0.020237881690263748,0.9694362941228771,0.9228515625,0.9904761910438538,0.06720864772796631
exact,43,two crescents,OOD shape,41,-1.656282901763916,0.020842263475060463,0.07677752524614334,0.024038827046751976,0.9591520061261916,0.9267578125,0.9810326099395752,0.06653816252946854
exact,43,two crescents,OOD shape,42,-1.656282901763916,0.021489089354872704,0.0828709825873375,0.022770565003156662,0.9691903555680645,0.93359375,0.9759414196014404,0.06239662319421768
exact,43,two crescents,OOD shape,43,-1.656282901763916,0.02540132962167263,0.09133657813072205,0.032472141087055206,0.9407457322551662,0.87109375,0.9786996245384216,0.06750950217247009
exact,43,two crescents,OOD shape,44,-1.656282901763916,0.024320734664797783,0.09073346108198166,0.028885234147310257,0.9457126806598233,0.8984375,0.9771738648414612,0.06649021059274673
exact,43,two crescents,OOD shape,45,-1.656282901763916,0.01962493546307087,0.06945541501045227,0.023406334221363068,0.9630681818181818,0.9033203125,0.9859459400177002,0.06679162383079529
exact,43,two crescents,OOD shape,46,-1.656282901763916,0.026275379583239555,0.09927848726511002,0.03195790946483612,0.9476679793256215,0.9013671875,0.9685807228088379,0.06673504412174225
exact,43,two crescents,OOD shape,47,-1.656282901763916,0.023442739620804787,0.0857383981347084,0.031039535999298096,0.9363932291666667,0.8583984375,0.9806597828865051,0.06680931150913239
foundation,43,two crescents,OOD shape,48,-1.6587512493133545,0.020826131105422974,0.0754517987370491,0.027810052037239075,0.9401680030546009,0.884765625,0.9823399782180786,0.06827907264232635
foundation,43,two crescents,OOD shape,49,-1.6587512493133545,0.02267693541944027,0.0914975181221962,0.023474808782339096,0.9554862750885477,0.9267578125,0.9747101664543152,0.06539338827133179
foundation,43,two crescents,OOD shape,50,-1.6587512493133545,0.02375030145049095,0.08677113801240921,0.027011709287762642,0.9479746495875528,0.888671875,0.980219841003418,0.06839881837368011
foundation,43,two crescents,OOD shape,51,-1.6587512493133545,0.02339707501232624,0.08968018740415573,0.028306711465120316,0.9425837320574162,0.9208984375,0.9724285006523132,0.06713105738162994
foundation,43,two crescents,OOD shape,52,-1.6587512493133545,0.018554087728261948,0.06446743756532669,0.02534538507461548,0.9536443494776828,0.87890625,0.987777829170227,0.06752794981002808
foundation,43,two crescents,OOD shape,53,-1.6587512493133545,0.018425747752189636,0.06841985881328583,0.020696816965937614,0.9616535845107274,0.9208984375,0.9840933680534363,0.06466488540172577
foundation,43,two crescents,OOD shape,54,-1.6587512493133545,0.020187431946396828,0.07268443703651428,0.028299828991293907,0.9340628337666003,0.880859375,0.9800443649291992,0.06848657131195068
foundation,43,two crescents,OOD shape,55,-1.6587512493133545,0.019053267315030098,0.06925759464502335,0.021961327642202377,0.9667399267399268,0.9365234375,0.9822732210159302,0.06513935327529907
foundation,43,two crescents,OOD shape,56,-1.6587512493133545,0.01701754704117775,0.061491213738918304,0.02368503250181675,0.9414822381114516,0.865234375,0.9898419976234436,0.0669749528169632
foundation,43,two crescents,OOD shape,57,-1.6587512493133545,0.019966384395956993,0.07245754450559616,0.024483267217874527,0.9641490002526087,0.927734375,0.9789473414421082,0.06700696796178818
foundation,43,two crescents,OOD shape,58,-1.6587512493133545,0.024845169857144356,0.09035997092723846,0.033157020807266235,0.931238954131774,0.873046875,0.9765100479125977,0.0671791359782219
foundation,43,two crescents,OOD shape,59,-1.6587512493133545,0.01773384027183056,0.06504027545452118,0.024150662124156952,0.9340677179962895,0.884765625,0.9856511950492859,0.06823119521141052
foundation,43,two crescents,OOD shape,60,-1.6587512493133545,0.022528445348143578,0.08707121014595032,0.023847414180636406,0.9477249272914907,0.9140625,0.9764958024024963,0.06632816046476364
foundation,43,two crescents,OOD shape,61,-1.6587512493133545,0.024451715871691704,0.09506265819072723,0.026326680555939674,0.9545972771779223,0.921875,0.9735169410705566,0.06554333865642548
foundation,43,two crescents,OOD shape,62,-1.6587512493133545,0.026280969381332397,0.09447044134140015,0.03431204333901405,0.9310656747609913,0.8681640625,0.9797526001930237,0.0666266530752182
foundation,43,two crescents,OOD shape,63,-1.6587512493133545,0.02552907168865204,0.09616261720657349,0.029466968029737473,0.9533276396533181,0.9140625,0.9743590354919434,0.06674083322286606
exact,43,two crescents,OOD shape,48,-1.656282901763916,0.020464785397052765,0.07402532547712326,0.027105553075671196,0.9415891028505917,0.88671875,0.9823788404464722,0.06827385723590851
exact,43,two crescents,OOD shape,49,-1.656282901763916,0.022382128983736038,0.09012750536203384,0.022750485688447952,0.9540091638029782,0.9287109375,0.9747633337974548,0.06538476049900055
exact,43,two crescents,OOD shape,50,-1.656282901763916,0.023389337584376335,0.08534788340330124,0.026170864701271057,0.9513446448930318,0.890625,0.9802631735801697,0.06841225922107697
exact,43,two crescents,OOD shape,51,-1.656282901763916,0.023067932575941086,0.08800728619098663,0.0277178343385458,0.945341964537011,0.9208984375,0.9734889268875122,0.06711117923259735
exact,43,two crescents,OOD shape,52,-1.656282901763916,0.018160510808229446,0.06311549246311188,0.02457445301115513,0.9532443531827516,0.8818359375,0.9889258146286011,0.06752508878707886
exact,43,two crescents,OOD shape,53,-1.656282901763916,0.018128450959920883,0.06736837327480316,0.02001975290477276,0.9619407445355193,0.9208984375,0.9840933680534363,0.06464127451181412
exact,43,two crescents,OOD shape,54,-1.656282901763916,0.019780345261096954,0.07106353342533112,0.027555713430047035,0.9358932238193018,0.884765625,0.9823399782180786,0.06848928332328796
exact,43,two crescents,OOD shape,55,-1.656282901763916,0.01875954307615757,0.06803064048290253,0.02139752358198166,0.9669142759562842,0.9365234375,0.9822732210159302,0.06514041870832443
exact,43,two crescents,OOD shape,56,-1.656282901763916,0.01665365882217884,0.06026832014322281,0.022842643782496452,0.9356375455921395,0.8671875,0.9898648858070374,0.06697669625282288
exact,43,two crescents,OOD shape,57,-1.656282901763916,0.019692769274115562,0.0711054876446724,0.024004824459552765,0.9665196354662573,0.927734375,0.981052577495575,0.06700386852025986
exact,43,two crescents,OOD shape,58,-1.656282901763916,0.02442132495343685,0.08856852352619171,0.03242921456694603,0.9324994970156261,0.8740234375,0.9765362739562988,0.06714633107185364
exact,43,two crescents,OOD shape,59,-1.656282901763916,0.017377527430653572,0.06375780701637268,0.023340314626693726,0.9358746414432355,0.88671875,0.9856827855110168,0.0682254284620285
exact,43,two crescents,OOD shape,60,-1.656282901763916,0.022267889231443405,0.08589956164360046,0.0231507308781147,0.950220470963505,0.9150390625,0.9765207767486572,0.06633836030960083
exact,43,two crescents,OOD shape,61,-1.656282901763916,0.02419167384505272,0.09380777180194855,0.025731047615408897,0.955075498357251,0.9208984375,0.9745493531227112,0.06550733745098114
exact,43,two crescents,OOD shape,62,-1.656282901763916,0.025906264781951904,0.09290453046560287,0.033655211329460144,0.93243499715316,0.873046875,0.9798657894134521,0.06665769219398499
exact,43,two crescents,OOD shape,63,-1.656282901763916,0.025198601186275482,0.0945320576429367,0.028856154531240463,0.9562061112165496,0.9140625,0.9743590354919434,0.0667363852262497
foundation,43,30% noise,OOD noise,0,-1.6587512493133545,0.03745979070663452,0.15038925409317017,0.04833005368709564,0.909716218755873,0.8759765625,0.95652174949646,0.06435416638851166
foundation,43,30% noise,OOD noise,1,-1.6587512493133545,0.042072843760252,0.1583605408668518,0.05375352129340172,0.9208136616902727,0.859375,0.956818163394928,0.06359069049358368
foundation,43,30% noise,OOD noise,2,-1.6587512493133545,0.05201021581888199,0.21464283764362335,0.06460444629192352,0.9066039426523298,0.8603515625,0.9375709891319275,0.06421852111816406
foundation,43,30% noise,OOD noise,3,-1.6587512493133545,0.05280149355530739,0.2129858285188675,0.06424333900213242,0.9262520926339286,0.8662109375,0.9402479529380798,0.06310060620307922
foundation,43,30% noise,OOD noise,4,-1.6587512493133545,0.05151200667023659,0.19388796389102936,0.06456786394119263,0.9219886650197038,0.84375,0.944444477558136,0.06575194001197815
foundation,43,30% noise,OOD noise,5,-1.6587512493133545,0.04255441576242447,0.15541239082813263,0.0527944415807724,0.9364837556350071,0.8623046875,0.9614948630332947,0.0628998726606369
foundation,43,30% noise,OOD noise,6,-1.6587512493133545,0.0368410088121891,0.14415068924427032,0.04652142524719238,0.9355756671020713,0.8798828125,0.9611542820930481,0.061783112585544586
foundation,43,30% noise,OOD noise,7,-1.6587512493133545,0.04328043758869171,0.1606501042842865,0.05371515452861786,0.94095882235926,0.8662109375,0.9560315012931824,0.06290949881076813
foundation,43,30% noise,OOD noise,8,-1.6587512493133545,0.05347493290901184,0.22425928711891174,0.06594724953174591,0.9080399231032577,0.8544921875,0.9302856922149658,0.06308741867542267
foundation,43,30% noise,OOD noise,9,-1.6587512493133545,0.04379257932305336,0.16584821045398712,0.05437121540307999,0.9299338183910881,0.869140625,0.9528089761734009,0.06222771108150482
foundation,43,30% noise,OOD noise,10,-1.6587512493133545,0.03700146824121475,0.1419975608587265,0.04803742468357086,0.9255807986564657,0.8701171875,0.9640853404998779,0.06400591135025024
foundation,43,30% noise,OOD noise,11,-1.6587512493133545,0.04155837371945381,0.1607762575149536,0.05270390212535858,0.9149673363869432,0.865234375,0.95033860206604,0.06328009068965912
foundation,43,30% noise,OOD noise,12,-1.6587512493133545,0.054806359112262726,0.23284673690795898,0.0661231130361557,0.924518947197456,0.859375,0.9363635778427124,0.06294478476047516
foundation,43,30% noise,OOD noise,13,-1.6587512493133545,0.06132721155881882,0.24864733219146729,0.07394780218601227,0.9211812080536912,0.857421875,0.9202733635902405,0.0643569827079773
foundation,43,30% noise,OOD noise,14,-1.6587512493133545,0.04412687569856644,0.172895148396492,0.05684910714626312,0.9129765150428086,0.849609375,0.9505746960639954,0.06368140876293182
foundation,43,30% noise,OOD noise,15,-1.6587512493133545,0.04803161695599556,0.19350916147232056,0.06018880754709244,0.9029207634470793,0.8642578125,0.9423729181289673,0.06281347572803497
exact,43,30% noise,OOD noise,0,-1.656282901763916,0.03878422826528549,0.15687906742095947,0.04998841881752014,0.9076340326340326,0.8759765625,0.95652174949646,0.06428828835487366
exact,43,30% noise,OOD noise,1,-1.656282901763916,0.04468676820397377,0.17112959921360016,0.056869857013225555,0.9219762392780471,0.8544921875,0.9519999623298645,0.06378289312124252
exact,43,30% noise,OOD noise,2,-1.656282901763916,0.055152975022792816,0.2317589372396469,0.06820961833000183,0.9046785818439362,0.8525390625,0.931271493434906,0.06424619257450104
exact,43,30% noise,OOD noise,3,-1.656282901763916,0.05519944056868553,0.22611106932163239,0.06699679791927338,0.918592778241901,0.8642578125,0.9344633221626282,0.06346385926008224
exact,43,30% noise,OOD noise,4,-1.656282901763916,0.05430564656853676,0.207449272274971,0.06797138601541519,0.909122924702331,0.8359375,0.9392523169517517,0.06609761714935303
exact,43,30% noise,OOD noise,5,-1.656282901763916,0.04444871470332146,0.16433922946453094,0.05504917353391647,0.9376868653977088,0.865234375,0.9537246227264404,0.06302076578140259
exact,43,30% noise,OOD noise,6,-1.656282901763916,0.03834162652492523,0.15149590373039246,0.04846654087305069,0.9283916723861817,0.8759765625,0.9609810709953308,0.06196774169802666
exact,43,30% noise,OOD noise,7,-1.656282901763916,0.04529837518930435,0.17013141512870789,0.05630994588136673,0.931855184867233,0.865234375,0.9525959491729736,0.06303451955318451
exact,43,30% noise,OOD noise,8,-1.656282901763916,0.05532704293727875,0.23478782176971436,0.0681898295879364,0.9061294650343787,0.8525390625,0.9278351068496704,0.06334478408098221
exact,43,30% noise,OOD noise,9,-1.656282901763916,0.04509569704532623,0.17370125651359558,0.05586306005716324,0.9281480007957031,0.8671875,0.949324369430542,0.062305621802806854
exact,43,30% noise,OOD noise,10,-1.656282901763916,0.03768988326191902,0.14509618282318115,0.04891583323478699,0.9238846945778998,0.869140625,0.9640449285507202,0.06412913650274277
exact,43,30% noise,OOD noise,11,-1.656282901763916,0.04369233921170235,0.1722199022769928,0.05542692542076111,0.9092777572244831,0.8544921875,0.9474285840988159,0.06324811279773712
exact,43,30% noise,OOD noise,12,-1.656282901763916,0.05651501193642616,0.24261979758739471,0.06798829138278961,0.9212476941137012,0.8623046875,0.9320498108863831,0.0630834549665451
exact,43,30% noise,OOD noise,13,-1.656282901763916,0.0638364851474762,0.26493528485298157,0.07665105164051056,0.9108079511942551,0.853515625,0.9141876101493835,0.06455082446336746
exact,43,30% noise,OOD noise,14,-1.656282901763916,0.04558787867426872,0.1802796721458435,0.05871327221393585,0.9050585550192689,0.8466796875,0.9457900524139404,0.06355558335781097
exact,43,30% noise,OOD noise,15,-1.656282901763916,0.049113161861896515,0.19915692508220673,0.061658330261707306,0.8993340068095933,0.8583984375,0.9408418536186218,0.06306491792201996
foundation,43,30% noise,OOD noise,16,-1.6587512493133545,0.053471870720386505,0.21745803952217102,0.06510794162750244,0.9208349573426876,0.8662109375,0.9357383847236633,0.06470339000225067
foundation,43,30% noise,OOD noise,17,-1.6587512493133545,0.055395565927028656,0.22995322942733765,0.0679067075252533,0.9004684441329083,0.857421875,0.9339408278465271,0.06292670220136642
foundation,43,30% noise,OOD noise,18,-1.6587512493133545,0.05127863585948944,0.21569906175136566,0.06371645629405975,0.9137363182732826,0.8603515625,0.9398411512374878,0.06318734586238861
foundation,43,30% noise,OOD noise,19,-1.6587512493133545,0.05392981320619583,0.21979862451553345,0.06588102132081985,0.9136055627283698,0.853515625,0.9359267354011536,0.06484906375408173
foundation,43,30% noise,OOD noise,20,-1.6587512493133545,0.04388832300901413,0.16034464538097382,0.05468416213989258,0.9380759011380158,0.865234375,0.9548532962799072,0.06366508454084396
foundation,43,30% noise,OOD noise,21,-1.6587512493133545,0.04783589765429497,0.18406087160110474,0.06019706279039383,0.9197534328581585,0.8662109375,0.9436301589012146,0.06537885218858719
foundation,43,30% noise,OOD noise,22,-1.6587512493133545,0.047077152878046036,0.1885240077972412,0.05761926621198654,0.9084642928187786,0.8779296875,0.9432702660560608,0.06348638236522675
foundation,43,30% noise,OOD noise,23,-1.6587512493133545,0.03817166015505791,0.14345991611480713,0.048397284001111984,0.9397786458333334,0.880859375,0.9578713774681091,0.0630870908498764
foundation,43,30% noise,OOD noise,24,-1.6587512493133545,0.04634813591837883,0.1921267956495285,0.056662820279598236,0.927249765037594,0.87109375,0.945067286491394,0.06240498647093773
foundation,43,30% noise,OOD noise,25,-1.6587512493133545,0.05001009255647659,0.20315761864185333,0.0628889948129654,0.9145632269240287,0.857421875,0.9396355748176575,0.06456853449344635
foundation,43,30% noise,OOD noise,26,-1.6587512493133545,0.05892309173941612,0.2538153827190399,0.07009591162204742,0.9065642401333172,0.8779296875,0.9143492579460144,0.0638212040066719
foundation,43,30% noise,OOD noise,27,-1.6587512493133545,0.05454295128583908,0.20339716970920563,0.06771664321422577,0.9217921966083731,0.84765625,0.9389401078224182,0.06494059413671494
foundation,43,30% noise,OOD noise,28,-1.6587512493133545,0.044222474098205566,0.1662885695695877,0.05642106384038925,0.9180688755490781,0.8583984375,0.9544937014579773,0.06389940530061722
foundation,43,30% noise,OOD noise,29,-1.6587512493133545,0.06674740463495255,0.28454428911209106,0.08075929433107376,0.8947466414597118,0.837890625,0.9125874042510986,0.06475246697664261
foundation,43,30% noise,OOD noise,30,-1.6587512493133545,0.04990965127944946,0.1885978728532791,0.06294701993465424,0.9155319744096443,0.861328125,0.9399093389511108,0.06403075158596039
foundation,43,30% noise,OOD noise,31,-1.6587512493133545,0.04459662362933159,0.17618721723556519,0.0564277246594429,0.9158369679651076,0.8623046875,0.9524348378181458,0.06433672457933426
exact,43,30% noise,OOD noise,16,-1.656282901763916,0.054728034883737564,0.22539688646793365,0.0665820837020874,0.9118877484734311,0.8642578125,0.9333333373069763,0.06478369235992432
exact,43,30% noise,OOD noise,17,-1.656282901763916,0.05727739632129669,0.24194692075252533,0.07018508017063141,0.8876656045614623,0.8564453125,0.9258836507797241,0.06295588612556458
exact,43,30% noise,OOD noise,18,-1.656282901763916,0.052216801792383194,0.22165867686271667,0.064878448843956,0.908494623655914,0.861328125,0.9353741407394409,0.06321698427200317
exact,43,30% noise,OOD noise,19,-1.656282901763916,0.0565875880420208,0.23568391799926758,0.06910890340805054,0.8990857396785688,0.857421875,0.9248291850090027,0.0650901347398758
exact,43,30% noise,OOD noise,20,-1.656282901763916,0.045470334589481354,0.16795030236244202,0.05655666068196297,0.9416964150083548,0.8681640625,0.9516310691833496,0.06384120881557465
exact,43,30% noise,OOD noise,21,-1.656282901763916,0.049458518624305725,0.19232921302318573,0.061989761888980865,0.9146463121093142,0.86328125,0.942307710647583,0.06530846655368805
exact,43,30% noise,OOD noise,22,-1.656282901763916,0.048021405935287476,0.19402924180030823,0.05882914736866951,0.8990252635766859,0.87890625,0.9388889074325562,0.06367474794387817
exact,43,30% noise,OOD noise,23,-1.656282901763916,0.04000062495470047,0.15236589312553406,0.05061812698841095,0.9361796536796536,0.876953125,0.9554566144943237,0.06325867772102356
exact,43,30% noise,OOD noise,24,-1.656282901763916,0.04819239303469658,0.20162197947502136,0.0588935911655426,0.9236005620537749,0.8671875,0.9448198676109314,0.06276267766952515
exact,43,30% noise,OOD noise,25,-1.656282901763916,0.0521821491420269,0.2152799814939499,0.0654449388384819,0.9073198669892206,0.8544921875,0.9371428489685059,0.06465715169906616
exact,43,30% noise,OOD noise,26,-1.656282901763916,0.060349468141794205,0.2633771598339081,0.07178609073162079,0.9002746638561528,0.8759765625,0.9130434989929199,0.06392936408519745
exact,43,30% noise,OOD noise,27,-1.656282901763916,0.05765410512685776,0.22019553184509277,0.07137870788574219,0.9038735113604032,0.8427734375,0.9304750561714172,0.06517671048641205
exact,43,30% noise,OOD noise,28,-1.656282901763916,0.045570190995931625,0.17328721284866333,0.05795310437679291,0.91796875,0.85546875,0.9509131908416748,0.06397154182195663
exact,43,30% noise,OOD noise,29,-1.656282901763916,0.06856562942266464,0.2954759895801544,0.08288150280714035,0.8844723285094376,0.833984375,0.9086650609970093,0.0647311881184578
exact,43,30% noise,OOD noise,30,-1.656282901763916,0.05259304493665695,0.20287495851516724,0.06596346199512482,0.9020663202177679,0.8564453125,0.9395666718482971,0.06389017403125763
exact,43,30% noise,OOD noise,31,-1.656282901763916,0.04643088951706886,0.18651452660560608,0.05866311490535736,0.9138215859030837,0.857421875,0.94988614320755,0.06444817781448364
foundation,43,30% noise,OOD noise,32,-1.6587512493133545,0.05302376300096512,0.22092081606388092,0.06404928117990494,0.9234899328859061,0.859375,0.9363635778427124,0.06371229887008667
foundation,43,30% noise,OOD noise,33,-1.6587512493133545,0.039932649582624435,0.1602463722229004,0.050163961946964264,0.920971880971881,0.880859375,0.9523281455039978,0.06355519592761993
foundation,43,30% noise,OOD noise,34,-1.6587512493133545,0.046741582453250885,0.1760845184326172,0.0588679239153862,0.9312305907883415,0.861328125,0.9489796161651611,0.06379720568656921
foundation,43,30% noise,OOD noise,35,-1.6587512493133545,0.03677160292863846,0.13963672518730164,0.046743519604206085,0.9366404948846063,0.8798828125,0.9667037129402161,0.0636744350194931
foundation,43,30% noise,OOD noise,36,-1.6587512493133545,0.04883105680346489,0.20139068365097046,0.060227155685424805,0.9166786243841776,0.8701171875,0.9450056552886963,0.06300325691699982
foundation,43,30% noise,OOD noise,37,-1.6587512493133545,0.05589332804083824,0.2264295071363449,0.06954795867204666,0.9081083347308403,0.8427734375,0.9339513182640076,0.06347519159317017
foundation,43,30% noise,OOD noise,38,-1.6587512493133545,0.047858916223049164,0.1796160638332367,0.05333039164543152,0.9330947136563877,0.8583984375,0.9522184133529663,0.06281917542219162
foundation,43,30% noise,OOD noise,39,-1.6587512493133545,0.05295286700129509,0.22585415840148926,0.06521007418632507,0.8895175189265767,0.8603515625,0.928490400314331,0.06450559943914413
foundation,43,30% noise,OOD noise,40,-1.6587512493133545,0.04478617012500763,0.16223016381263733,0.05529749020934105,0.9308078633950352,0.8486328125,0.955120861530304,0.06415843963623047
foundation,43,30% noise,OOD noise,41,-1.6587512493133545,0.06172025203704834,0.2544577419757843,0.0750173032283783,0.8961130632412599,0.8408203125,0.9233449101448059,0.06353025138378143
foundation,43,30% noise,OOD noise,42,-1.6587512493133545,0.039722997695207596,0.1447158008813858,0.051121197640895844,0.9348765862501742,0.861328125,0.9671201705932617,0.062265314161777496
foundation,43,30% noise,OOD noise,43,-1.6587512493133545,0.04583087936043739,0.18686933815479279,0.05729537457227707,0.9275919482171586,0.8671875,0.9527027010917664,0.06444548070430756
foundation,43,30% noise,OOD noise,44,-1.6587512493133545,0.042990799993276596,0.16507264971733093,0.05426187068223953,0.9197324414715718,0.8642578125,0.9548022747039795,0.0644146203994751
foundation,43,30% noise,OOD noise,45,-1.6587512493133545,0.058884572237730026,0.23269785940647125,0.07192403078079224,0.9096800258564964,0.841796875,0.932714581489563,0.06425760686397552
foundation,43,30% noise,OOD noise,46,-1.6587512493133545,0.04395044595003128,0.1757352650165558,0.05269544571638107,0.9329809834706462,0.880859375,0.9467849135398865,0.06275489926338196
foundation,43,30% noise,OOD noise,47,-1.6587512493133545,0.05541160702705383,0.22291138768196106,0.0676298439502716,0.9283568824628247,0.86328125,0.9287330508232117,0.06325827538967133
exact,43,30% noise,OOD noise,32,-1.656282901763916,0.05465564504265785,0.22923365235328674,0.06607602536678314,0.9212265133524976,0.8583984375,0.9328782558441162,0.06391891092061996
exact,43,30% noise,OOD noise,33,-1.656282901763916,0.04179823026061058,0.16963104903697968,0.05254465714097023,0.9093509421122028,0.8798828125,0.9500555396080017,0.06366145610809326
exact,43,30% noise,OOD noise,34,-1.656282901763916,0.0484967902302742,0.18498048186302185,0.06084334850311279,0.9275607938642725,0.857421875,0.9453303217887878,0.06377092003822327
exact,43,30% noise,OOD noise,35,-1.656282901763916,0.03784353658556938,0.14488045871257782,0.047958776354789734,0.9305258148941233,0.8798828125,0.964483916759491,0.0636761263012886
exact,43,30% noise,OOD noise,36,-1.656282901763916,0.05028614401817322,0.2103467732667923,0.0619034506380558,0.909723989106569,0.87109375,0.9383408427238464,0.0631665587425232
exact,43,30% noise,OOD noise,37,-1.656282901763916,0.058308765292167664,0.23879817128181458,0.07240023463964462,0.9082750471080451,0.84375,0.9282407760620117,0.06366262584924698
exact,43,30% noise,OOD noise,38,-1.656282901763916,0.04952206462621689,0.18791016936302185,0.056474845856428146,0.9287617809554762,0.857421875,0.94988614320755,0.06307221204042435
exact,43,30% noise,OOD noise,39,-1.656282901763916,0.05504816398024559,0.23796837031841278,0.06806020438671112,0.884453296632844,0.8505859375,0.9265212416648865,0.0647188276052475
exact,43,30% noise,OOD noise,40,-1.656282901763916,0.046170420944690704,0.16878433525562286,0.05717036873102188,0.9250652569285424,0.8427734375,0.9536500573158264,0.06409136950969696
exact,43,30% noise,OOD noise,41,-1.656282901763916,0.06473240256309509,0.27289286255836487,0.07857087254524231,0.8806811323032352,0.83203125,0.9178403615951538,0.06366144120693207
exact,43,30% noise,OOD noise,42,-1.656282901763916,0.04155755043029785,0.1526951938867569,0.0532962828874588,0.9341921544247292,0.8623046875,0.9614948630332947,0.06259489059448242
exact,43,30% noise,OOD noise,43,-1.656282901763916,0.047092415392398834,0.193403422832489,0.05882706865668297,0.9216168879056047,0.8623046875,0.9513023495674133,0.06445209681987762
exact,43,30% noise,OOD noise,44,-1.656282901763916,0.045246560126543045,0.1766054779291153,0.05712173879146576,0.9122374291873464,0.859375,0.9522727131843567,0.06445533037185669
exact,43,30% noise,OOD noise,45,-1.656282901763916,0.06157226115465164,0.2476201206445694,0.07505479454994202,0.9095652173913044,0.8408203125,0.9268292188644409,0.06437776982784271
exact,43,30% noise,OOD noise,46,-1.656282901763916,0.04518824443221092,0.18275460600852966,0.05430327355861664,0.9273132733177127,0.8779296875,0.9454949498176575,0.06300611793994904
exact,43,30% noise,OOD noise,47,-1.656282901763916,0.057736530900001526,0.236464723944664,0.0701742023229599,0.9185871641669716,0.857421875,0.9271070957183838,0.06348647177219391
foundation,43,30% noise,OOD noise,48,-1.6587512493133545,0.03590589016675949,0.1338450014591217,0.0460529588162899,0.9347133000237926,0.873046875,0.9675615429878235,0.06374713778495789
foundation,43,30% noise,OOD noise,49,-1.6587512493133545,0.051884811371564865,0.21070745587348938,0.06400825828313828,0.9082180200222469,0.861328125,0.9319728016853333,0.06269088387489319
foundation,43,30% noise,OOD noise,50,-1.6587512493133545,0.04234481602907181,0.16331060230731964,0.05406821519136429,0.9183134764928301,0.857421875,0.9567198753356934,0.06386405229568481
foundation,43,30% noise,OOD noise,51,-1.6587512493133545,0.05048029124736786,0.21887612342834473,0.06035934388637543,0.9116652060422733,0.876953125,0.9309577345848083,0.0618463009595871
foundation,43,30% noise,OOD noise,52,-1.6587512493133545,0.055895376950502396,0.25592923164367676,0.06640861928462982,0.9069213867187501,0.8798828125,0.9189789295196533,0.06133010610938072
foundation,43,30% noise,OOD noise,53,-1.6587512493133545,0.04649770259857178,0.18202327191829681,0.055483896285295486,0.9276653171390014,0.8759765625,0.9464883208274841,0.06515879929065704
foundation,43,30% noise,OOD noise,54,-1.6587512493133545,0.04908004775643349,0.1854579746723175,0.06061036139726639,0.9291617473435655,0.865234375,0.943566620349884,0.0648646205663681
foundation,43,30% noise,OOD noise,55,-1.6587512493133545,0.04275603964924812,0.17395882308483124,0.054010383784770966,0.9135425658733095,0.876953125,0.9498886466026306,0.06417706608772278
foundation,43,30% noise,OOD noise,56,-1.6587512493133545,0.040391601622104645,0.14894910156726837,0.052057474851608276,0.9323082812300626,0.861328125,0.9603174924850464,0.06393012404441833
foundation,43,30% noise,OOD noise,57,-1.6587512493133545,0.047785837203264236,0.18314188718795776,0.05953666567802429,0.9235887821415736,0.8662109375,0.9447575807571411,0.06453108787536621
foundation,43,30% noise,OOD noise,58,-1.6587512493133545,0.041230544447898865,0.17663590610027313,0.04979803413152695,0.9280006007101251,0.8837890625,0.9502761960029602,0.06189047545194626
foundation,43,30% noise,OOD noise,59,-1.6587512493133545,0.047428082674741745,0.19844381511211395,0.05920808017253876,0.9182848804579639,0.865234375,0.9446952939033508,0.06396658718585968
foundation,43,30% noise,OOD noise,60,-1.6587512493133545,0.04783092811703682,0.18976368010044098,0.059028588235378265,0.9229167255628116,0.8662109375,0.9481397271156311,0.062233760952949524
foundation,43,30% noise,OOD noise,61,-1.6587512493133545,0.0454094335436821,0.16746455430984497,0.05633547529578209,0.9304958139068531,0.8662109375,0.9605411291122437,0.06244366616010666
foundation,43,30% noise,OOD noise,62,-1.6587512493133545,0.04799364134669304,0.1827840805053711,0.060993388295173645,0.9041924631781302,0.837890625,0.9475524425506592,0.06707242131233215
foundation,43,30% noise,OOD noise,63,-1.6587512493133545,0.03632405027747154,0.13756181299686432,0.04722178354859352,0.9313922947363462,0.8759765625,0.9576365947723389,0.06282234936952591
exact,43,30% noise,OOD noise,48,-1.656282901763916,0.03787662833929062,0.1429549753665924,0.04852546006441116,0.9270642042895257,0.8701171875,0.9652076959609985,0.06394626200199127
exact,43,30% noise,OOD noise,49,-1.656282901763916,0.054230548441410065,0.22365708649158478,0.06700696796178818,0.9022030846582416,0.857421875,0.9282460808753967,0.06282614171504974
exact,43,30% noise,OOD noise,50,-1.656282901763916,0.04365099221467972,0.1699388325214386,0.05571009963750839,0.9134175452556197,0.853515625,0.95308917760849,0.06400898098945618
exact,43,30% noise,OOD noise,51,-1.656282901763916,0.05228757858276367,0.22964216768741608,0.06265337765216827,0.9062308375204782,0.8759765625,0.9264214038848877,0.06206020712852478
exact,43,30% noise,OOD noise,52,-1.656282901763916,0.057681288570165634,0.26915961503982544,0.06855777651071548,0.9053576636253802,0.8740234375,0.9184357523918152,0.061390507966279984
exact,43,30% noise,OOD noise,53,-1.656282901763916,0.047436609864234924,0.18646328151226044,0.056788355112075806,0.9266766554528406,0.8740234375,0.9463686943054199,0.06522354483604431
exact,43,30% noise,OOD noise,54,-1.656282901763916,0.05080883204936981,0.19460256397724152,0.06258658319711685,0.9241353046594982,0.8603515625,0.9409762024879456,0.0650499239563942
exact,43,30% noise,OOD noise,55,-1.656282901763916,0.044390637427568436,0.18343397974967957,0.05602853000164032,0.9080220081453634,0.875,0.9453125596046448,0.06413307040929794
exact,43,30% noise,OOD noise,56,-1.656282901763916,0.04244261980056763,0.15871106088161469,0.054483093321323395,0.9290555346059377,0.859375,0.9545454382896423,0.06413443386554718
exact,43,30% noise,OOD noise,57,-1.656282901763916,0.048707518726587296,0.18782439827919006,0.0606139600276947,0.9242359992084357,0.865234375,0.943566620349884,0.06451331079006195
exact,43,30% noise,OOD noise,58,-1.656282901763916,0.041974734514951706,0.18014706671237946,0.05083383619785309,0.9230340152108385,0.8818359375,0.9501661062240601,0.06214166805148125
exact,43,30% noise,OOD noise,59,-1.656282901763916,0.049993641674518585,0.21280783414840698,0.06220705807209015,0.9122892102335929,0.861328125,0.9387755393981934,0.06413017958402634
exact,43,30% noise,OOD noise,60,-1.656282901763916,0.049916982650756836,0.20137694478034973,0.061368998140096664,0.9148967551622419,0.865234375,0.943566620349884,0.062263891100883484
exact,43,30% noise,OOD noise,61,-1.656282901763916,0.04705331102013588,0.17577512562274933,0.05827558785676956,0.9233296823658269,0.8603515625,0.9557321667671204,0.06251783668994904
exact,43,30% noise,OOD noise,62,-1.656282901763916,0.050247710198163986,0.19348867237567902,0.06395484507083893,0.9015617352614016,0.8359375,0.9427569508552551,0.0673055350780487
exact,43,30% noise,OOD noise,63,-1.656282901763916,0.03793500363826752,0.14550535380840302,0.049285270273685455,0.923633969716919,0.876953125,0.9532294273376465,0.06312042474746704
foundation,43,180-degree aperture,OOD aperture,0,-1.6587512493133545,0.08311060816049576,0.29528939723968506,0.10257774591445923,0.8546090387374462,0.740234375,0.8984169363975525,0.07196298986673355
foundation,43,180-degree aperture,OOD aperture,1,-1.6587512493133545,0.09636620432138443,0.3326375484466553,0.1237824410200119,0.8316494529092954,0.66015625,0.8831360936164856,0.07330308854579926
foundation,43,180-degree aperture,OOD aperture,2,-1.6587512493133545,0.09612280875444412,0.3610800504684448,0.11527253687381744,0.8492358934169278,0.7529296875,0.8599221706390381,0.07168672978878021
foundation,43,180-degree aperture,OOD aperture,3,-1.6587512493133545,0.07370787113904953,0.25122323632240295,0.08932074904441833,0.9005552041605173,0.7734375,0.9166666865348816,0.07086145877838135
foundation,43,180-degree aperture,OOD aperture,4,-1.6587512493133545,0.09279297292232513,0.3413766920566559,0.11546975374221802,0.8290725667774849,0.7060546875,0.8769018054008484,0.07227533310651779
foundation,43,180-degree aperture,OOD aperture,5,-1.6587512493133545,0.0996585413813591,0.38266444206237793,0.12062499672174454,0.8243050928763691,0.74609375,0.8481675386428833,0.07324051856994629
foundation,43,180-degree aperture,OOD aperture,6,-1.6587512493133545,0.09557165950536728,0.3788711428642273,0.11498549580574036,0.8389779759132344,0.7685546875,0.853875458240509,0.0724242627620697
foundation,43,180-degree aperture,OOD aperture,7,-1.6587512493133545,0.09395499527454376,0.36098724603652954,0.11298073083162308,0.8296428571428571,0.751953125,0.8675324320793152,0.07370635867118835
foundation,43,180-degree aperture,OOD aperture,8,-1.6587512493133545,0.08091197162866592,0.3152579963207245,0.09718437492847443,0.8632778536827723,0.7900390625,0.8850432634353638,0.0720052570104599
foundation,43,180-degree aperture,OOD aperture,9,-1.6587512493133545,0.09190734475851059,0.35035786032676697,0.109307661652565,0.8510198738816674,0.7744140625,0.8625472784042358,0.07117250561714172
foundation,43,180-degree aperture,OOD aperture,10,-1.6587512493133545,0.10022827237844467,0.3748316168785095,0.12063474953174591,0.8326765447667088,0.734375,0.8563829660415649,0.0727662593126297
foundation,43,180-degree aperture,OOD aperture,11,-1.6587512493133545,0.07884451001882553,0.28115034103393555,0.09924536198377609,0.8565676869194458,0.732421875,0.8999999761581421,0.07160060107707977
foundation,43,180-degree aperture,OOD aperture,12,-1.6587512493133545,0.0875091701745987,0.3184807002544403,0.10636639595031738,0.8679524202420241,0.7578125,0.8827319145202637,0.07196621596813202
foundation,43,180-degree aperture,OOD aperture,13,-1.6587512493133545,0.07124185562133789,0.24485523998737335,0.090275838971138,0.8737165713530133,0.744140625,0.9238845109939575,0.07033520936965942
foundation,43,180-degree aperture,OOD aperture,14,-1.6587512493133545,0.08020838350057602,0.2736518383026123,0.09994285553693771,0.8777080344332855,0.7431640625,0.9106438755989075,0.07245227694511414
foundation,43,180-degree aperture,OOD aperture,15,-1.6587512493133545,0.08830703794956207,0.3227834403514862,0.11305428296327591,0.7994648423175651,0.6923828125,0.8730607032775879,0.07277406752109528
exact,43,180-degree aperture,OOD aperture,0,-1.656282901763916,0.08190958946943283,0.289253830909729,0.10105931013822556,0.8586097660860976,0.7392578125,0.9035667181015015,0.07195757329463959
exact,43,180-degree aperture,OOD aperture,1,-1.656282901763916,0.09485389292240143,0.3256828784942627,0.12201252579689026,0.832382432957637,0.662109375,0.8864306807518005,0.07331599295139313
exact,43,180-degree aperture,OOD aperture,2,-1.656282901763916,0.09488578140735626,0.35400766134262085,0.11375034600496292,0.8546426251344285,0.7509765625,0.8647594451904297,0.0716492235660553
exact,43,180-degree aperture,OOD aperture,3,-1.656282901763916,0.0726388692855835,0.24606166779994965,0.08795441687107086,0.9027478014367168,0.7724609375,0.9203540086746216,0.07084342837333679
exact,43,180-degree aperture,OOD aperture,4,-1.656282901763916,0.0915110781788826,0.334484338760376,0.11388222873210907,0.829085989309557,0.7060546875,0.8810511827468872,0.07225502282381058
exact,43,180-degree aperture,OOD aperture,5,-1.656282901763916,0.09848537296056747,0.3751797676086426,0.11920575797557831,0.829213109656389,0.7490234375,0.8500651717185974,0.07321567833423615
exact,43,180-degree aperture,OOD aperture,6,-1.656282901763916,0.09451410174369812,0.3717873692512512,0.11371847987174988,0.842265625,0.76953125,0.8578680157661438,0.07238304615020752
exact,43,180-degree aperture,OOD aperture,7,-1.656282901763916,0.09284115582704544,0.3543594479560852,0.11157409846782684,0.8351137920963356,0.755859375,0.8695090413093567,0.07371270656585693
exact,43,180-degree aperture,OOD aperture,8,-1.656282901763916,0.08000797778367996,0.3095749020576477,0.09604477882385254,0.8630569228827465,0.7939453125,0.8868388533592224,0.07200265675783157
exact,43,180-degree aperture,OOD aperture,9,-1.656282901763916,0.09085845202207565,0.34378156065940857,0.1080036386847496,0.855686704469532,0.7734375,0.8648989796638489,0.07114967703819275
exact,43,180-degree aperture,OOD aperture,10,-1.656282901763916,0.09902644157409668,0.36778050661087036,0.11910784244537354,0.8315273299043253,0.734375,0.8577127456665039,0.07275378704071045
exact,43,180-degree aperture,OOD aperture,11,-1.656282901763916,0.0776146724820137,0.27514907717704773,0.0976397842168808,0.8644738845743871,0.7373046875,0.9033112525939941,0.0715840607881546
exact,43,180-degree aperture,OOD aperture,12,-1.656282901763916,0.08638174086809158,0.3123374879360199,0.10502065718173981,0.8740947011367803,0.755859375,0.8875969052314758,0.07193556427955627
exact,43,180-degree aperture,OOD aperture,13,-1.656282901763916,0.07007691264152527,0.23966746032238007,0.08876192569732666,0.8764599550423895,0.75,0.9244791865348816,0.07031555473804474
exact,43,180-degree aperture,OOD aperture,14,-1.656282901763916,0.07900536060333252,0.267911821603775,0.09845544397830963,0.8779368932038835,0.740234375,0.9142480492591858,0.07244279235601425
exact,43,180-degree aperture,OOD aperture,15,-1.656282901763916,0.08698736876249313,0.3161187469959259,0.11133769899606705,0.8075143013194583,0.6953125,0.8778089880943298,0.07276871800422668
foundation,43,180-degree aperture,OOD aperture,16,-1.6587512493133545,0.0860055536031723,0.3129066526889801,0.10572154074907303,0.8620309618031167,0.7451171875,0.8872870802879333,0.07108794152736664
foundation,43,180-degree aperture,OOD aperture,17,-1.6587512493133545,0.08231917023658752,0.2836390733718872,0.10467420518398285,0.8403603959475788,0.7021484375,0.9165507555007935,0.07258203625679016
foundation,43,180-degree aperture,OOD aperture,18,-1.6587512493133545,0.07319159805774689,0.25153055787086487,0.09265340119600296,0.8730530387865214,0.7490234375,0.9139504432678223,0.07215729355812073
foundation,43,180-degree aperture,OOD aperture,19,-1.6587512493133545,0.07717585563659668,0.28238651156425476,0.09519743174314499,0.8626341032437208,0.7646484375,0.8965517282485962,0.07115180790424347
foundation,43,180-degree aperture,OOD aperture,20,-1.6587512493133545,0.09336432814598083,0.33544400334358215,0.11605579406023026,0.8294001080886327,0.705078125,0.8781163096427917,0.07319243252277374
foundation,43,180-degree aperture,OOD aperture,21,-1.6587512493133545,0.10194634646177292,0.39549970626831055,0.12113408744335175,0.8268955040908242,0.755859375,0.8385013341903687,0.07242988049983978
foundation,43,180-degree aperture,OOD aperture,22,-1.6587512493133545,0.07376659661531448,0.26213160157203674,0.08904330432415009,0.8913561076604555,0.78515625,0.9116915464401245,0.07011552155017853
foundation,43,180-degree aperture,OOD aperture,23,-1.6587512493133545,0.086791031062603,0.3225553333759308,0.10249625891447067,0.8810246039770813,0.78515625,0.8868159055709839,0.07083255052566528
foundation,43,180-degree aperture,OOD aperture,24,-1.6587512493133545,0.08240854740142822,0.29283472895622253,0.10047421604394913,0.8782906449545422,0.763671875,0.9002557396888733,0.07199415564537048
foundation,43,180-degree aperture,OOD aperture,25,-1.6587512493133545,0.09808089584112167,0.3806048035621643,0.11749455332756042,0.8413644921677889,0.7607421875,0.8510911464691162,0.07393797487020493
foundation,43,180-degree aperture,OOD aperture,26,-1.6587512493133545,0.08382826298475266,0.30104708671569824,0.10291740298271179,0.8689854487620766,0.755859375,0.8940568566322327,0.07148152589797974
foundation,43,180-degree aperture,OOD aperture,27,-1.6587512493133545,0.06962333619594574,0.23565146327018738,0.08634331077337265,0.9031595576619273,0.7734375,0.9305555820465088,0.07035917788743973
foundation,43,180-degree aperture,OOD aperture,28,-1.6587512493133545,0.08271513134241104,0.29554951190948486,0.10153453797101974,0.8523483009708739,0.751953125,0.8935064673423767,0.07182447612285614
foundation,43,180-degree aperture,OOD aperture,29,-1.6587512493133545,0.09062522649765015,0.32380878925323486,0.11046581715345383,0.8564372131831457,0.728515625,0.8927614092826843,0.07147097587585449
foundation,43,180-degree aperture,OOD aperture,30,-1.6587512493133545,0.08373501896858215,0.28919458389282227,0.10409265756607056,0.8694167361370626,0.7275390625,0.9046980142593384,0.07281874120235443
foundation,43,180-degree aperture,OOD aperture,31,-1.6587512493133545,0.08734584599733353,0.32716405391693115,0.10505322366952896,0.8606938106938107,0.771484375,0.8759493827819824,0.07109475135803223
exact,43,180-degree aperture,OOD aperture,16,-1.656282901763916,0.08483424782752991,0.30677318572998047,0.1042589396238327,0.8623272723062584,0.7451171875,0.891218900680542,0.07107232511043549
exact,43,180-degree aperture,OOD aperture,17,-1.656282901763916,0.08098416030406952,0.2775862514972687,0.10288943350315094,0.84895915309864,0.7021484375,0.9193324446678162,0.072584368288517
exact,43,180-degree aperture,OOD aperture,18,-1.656282901763916,0.07205777615308762,0.24629060924053192,0.09116995334625244,0.873337215320911,0.75,0.9166666865348816,0.07215870916843414
exact,43,180-degree aperture,OOD aperture,19,-1.656282901763916,0.07615358382463455,0.27690282464027405,0.09387865662574768,0.8640612321826744,0.7646484375,0.899105966091156,0.07114985585212708
exact,43,180-degree aperture,OOD aperture,20,-1.656282901763916,0.09199640154838562,0.3285345733165741,0.1143156886100769,0.8355579357886354,0.708984375,0.8815426826477051,0.07317608594894409
exact,43,180-degree aperture,OOD aperture,21,-1.656282901763916,0.10097210854291916,0.3887918293476105,0.11993928253650665,0.8332382805212801,0.7587890625,0.839124858379364,0.0724327564239502
exact,43,180-degree aperture,OOD aperture,22,-1.656282901763916,0.0727793350815773,0.2569774091243744,0.08777043968439102,0.8949728075476112,0.783203125,0.913965106010437,0.07011008262634277
exact,43,180-degree aperture,OOD aperture,23,-1.656282901763916,0.08583219349384308,0.3168448805809021,0.10132823884487152,0.8790073381614395,0.78515625,0.888059675693512,0.07081727683544159
exact,43,180-degree aperture,OOD aperture,24,-1.656282901763916,0.08134281635284424,0.28704363107681274,0.09919317066669464,0.8785743537857434,0.76171875,0.9038462042808533,0.07198630273342133
exact,43,180-degree aperture,OOD aperture,25,-1.656282901763916,0.09707207977771759,0.37399807572364807,0.1162666380405426,0.8441340080684343,0.76171875,0.8538461923599243,0.07392267882823944
exact,43,180-degree aperture,OOD aperture,26,-1.656282901763916,0.0826900452375412,0.29489603638648987,0.10156717896461487,0.8756735585254113,0.7529296875,0.8988326787948608,0.07147806882858276
exact,43,180-degree aperture,OOD aperture,27,-1.656282901763916,0.06857874989509583,0.23078882694244385,0.08507444709539413,0.9084320695102686,0.7734375,0.9318181872367859,0.07034704089164734
exact,43,180-degree aperture,OOD aperture,28,-1.656282901763916,0.08155983686447144,0.28956520557403564,0.10006295144557953,0.8579259936043856,0.75,0.8984375,0.07181067764759064
exact,43,180-degree aperture,OOD aperture,29,-1.656282901763916,0.08937980979681015,0.3171294331550598,0.10895827412605286,0.8603707249346388,0.7333984375,0.893475353717804,0.07145362347364426
exact,43,180-degree aperture,OOD aperture,30,-1.656282901763916,0.08249881118535995,0.28317737579345703,0.10259632021188736,0.8729905119165466,0.7236328125,0.9109311699867249,0.07280302047729492
exact,43,180-degree aperture,OOD aperture,31,-1.656282901763916,0.08629411458969116,0.32101109623908997,0.10374032706022263,0.8665262665262665,0.76953125,0.8819797039031982,0.07109946012496948
foundation,43,180-degree aperture,OOD aperture,32,-1.6587512493133545,0.09415862709283829,0.3518483638763428,0.11512435972690582,0.838198668782509,0.7353515625,0.8698539733886719,0.07148312032222748
foundation,43,180-degree aperture,OOD aperture,33,-1.6587512493133545,0.08476255089044571,0.2995064854621887,0.10506228357553482,0.865680560930635,0.74609375,0.9005235433578491,0.07110035419464111
foundation,43,180-degree aperture,OOD aperture,34,-1.6587512493133545,0.09257453680038452,0.34465843439102173,0.11195619404315948,0.8470801632488537,0.7490234375,0.8670143485069275,0.07266826182603836
foundation,43,180-degree aperture,OOD aperture,35,-1.6587512493133545,0.07995517551898956,0.2969464361667633,0.09721516072750092,0.8675878772823251,0.775390625,0.8904281854629517,0.07019981741905212
foundation,43,180-degree aperture,OOD aperture,36,-1.6587512493133545,0.0931740403175354,0.3504464030265808,0.11165131628513336,0.8563482130440828,0.759765625,0.8688945770263672,0.07193733751773834
foundation,43,180-degree aperture,OOD aperture,37,-1.6587512493133545,0.10404199361801147,0.40068915486335754,0.12466424703598022,0.8324601632335795,0.748046875,0.8407310843467712,0.07365651428699493
foundation,43,180-degree aperture,OOD aperture,38,-1.6587512493133545,0.08246172964572906,0.29299429059028625,0.10371141880750656,0.8464814318472855,0.7197265625,0.9063771963119507,0.0722937136888504
foundation,43,180-degree aperture,OOD aperture,39,-1.6587512493133545,0.10389677435159683,0.37400591373443604,0.12894468009471893,0.8152790953687874,0.693359375,0.8492957353591919,0.0756048709154129
foundation,43,180-degree aperture,OOD aperture,40,-1.6587512493133545,0.1053273007273674,0.3870014548301697,0.12956973910331726,0.8086404760459045,0.697265625,0.8389356136322021,0.07511986792087555
foundation,43,180-degree aperture,OOD aperture,41,-1.6587512493133545,0.09319915622472763,0.35415422916412354,0.11362481117248535,0.8450028837439235,0.7548828125,0.8615782856941223,0.07216983288526535
foundation,43,180-degree aperture,OOD aperture,42,-1.6587512493133545,0.08078012615442276,0.29546818137168884,0.09866131842136383,0.8623188405797102,0.7666015625,0.9019108414649963,0.07207833230495453
foundation,43,180-degree aperture,OOD aperture,43,-1.6587512493133545,0.08154671639204025,0.29310646653175354,0.10401902347803116,0.8285909456363384,0.7138671875,0.9042407870292664,0.07293127477169037
foundation,43,180-degree aperture,OOD aperture,44,-1.6587512493133545,0.08103233575820923,0.2973540425300598,0.0969981923699379,0.8785436893203883,0.77734375,0.8944723606109619,0.07050354778766632
foundation,43,180-degree aperture,OOD aperture,45,-1.6587512493133545,0.08204275369644165,0.31143414974212646,0.09513755887746811,0.8779128390708608,0.8037109375,0.8857837319374084,0.07177770137786865
foundation,43,180-degree aperture,OOD aperture,46,-1.6587512493133545,0.09434141218662262,0.33935821056365967,0.12120583653450012,0.8132727089659412,0.677734375,0.880403459072113,0.07300683856010437
foundation,43,180-degree aperture,OOD aperture,47,-1.6587512493133545,0.10377684980630875,0.4060502350330353,0.12368518114089966,0.8359342160571669,0.75,0.8411458730697632,0.07273615151643753
exact,43,180-degree aperture,OOD aperture,32,-1.656282901763916,0.09296861290931702,0.34500133991241455,0.1137116402387619,0.8434161143937341,0.7353515625,0.8725099563598633,0.07147789746522903
exact,43,180-degree aperture,OOD aperture,33,-1.656282901763916,0.0835525169968605,0.29340440034866333,0.10361543297767639,0.8717557774998715,0.7470703125,0.900653600692749,0.07107843458652496
exact,43,180-degree aperture,OOD aperture,34,-1.656282901763916,0.09140954911708832,0.3380122482776642,0.11054900288581848,0.8524353530587945,0.7568359375,0.8683871030807495,0.07266184687614441
exact,43,180-degree aperture,OOD aperture,35,-1.656282901763916,0.07891407608985901,0.29110801219940186,0.09591628611087799,0.8683808601974821,0.7744140625,0.8953341841697693,0.07018545269966125
exact,43,180-degree aperture,OOD aperture,36,-1.656282901763916,0.09205687046051025,0.3437872529029846,0.11027251183986664,0.8596597302698981,0.7607421875,0.8716303110122681,0.07190938293933868
exact,43,180-degree aperture,OOD aperture,37,-1.656282901763916,0.10274558514356613,0.3925383985042572,0.12307488918304443,0.8342616122187001,0.7470703125,0.843137264251709,0.07358919084072113
exact,43,180-degree aperture,OOD aperture,38,-1.656282901763916,0.08122927695512772,0.2867729961872101,0.10216094553470612,0.8492267109922671,0.72265625,0.908108115196228,0.07228561490774155
exact,43,180-degree aperture,OOD aperture,39,-1.656282901763916,0.10244785249233246,0.3659564256668091,0.1272050142288208,0.8171159223620365,0.6953125,0.8539326190948486,0.07558088004589081
exact,43,180-degree aperture,OOD aperture,40,-1.656282901763916,0.10405506938695908,0.37936893105506897,0.1280325949192047,0.8108037631659679,0.6953125,0.8469101190567017,0.07509933412075043
exact,43,180-degree aperture,OOD aperture,41,-1.656282901763916,0.09204959124326706,0.3472222685813904,0.11226384341716766,0.849258507951072,0.7578125,0.8634020090103149,0.07214884459972382
exact,43,180-degree aperture,OOD aperture,42,-1.656282901763916,0.0797223225235939,0.2897713780403137,0.09733468294143677,0.8657620171407279,0.7685546875,0.903430700302124,0.07206559181213379
exact,43,180-degree aperture,OOD aperture,43,-1.656282901763916,0.08033573627471924,0.2871142029762268,0.10245096683502197,0.8357949029126213,0.712890625,0.9068493247032166,0.07293343544006348
exact,43,180-degree aperture,OOD aperture,44,-1.656282901763916,0.07996102422475815,0.2914925515651703,0.0956186056137085,0.8778283052351376,0.779296875,0.897243082523346,0.07048502564430237
exact,43,180-degree aperture,OOD aperture,45,-1.656282901763916,0.08113959431648254,0.3058640658855438,0.09386469423770905,0.882917323930593,0.802734375,0.8868613243103027,0.07177402079105377
exact,43,180-degree aperture,OOD aperture,46,-1.656282901763916,0.09283281117677689,0.3320421576499939,0.11940298974514008,0.8207872504863685,0.6806640625,0.8866571187973022,0.07298849523067474
exact,43,180-degree aperture,OOD aperture,47,-1.656282901763916,0.10270384699106216,0.39886829257011414,0.12245248258113861,0.8405125854265134,0.7529296875,0.8430609703063965,0.07272380590438843
foundation,43,180-degree aperture,OOD aperture,48,-1.6587512493133545,0.07807772606611252,0.27807551622390747,0.09622392058372498,0.8589678300832194,0.7509765625,0.9011703729629517,0.07174337655305862
foundation,43,180-degree aperture,OOD aperture,49,-1.6587512493133545,0.07322259992361069,0.246451273560524,0.09115323424339294,0.8986675645174365,0.75390625,0.9248704314231873,0.0705380067229271
foundation,43,180-degree aperture,OOD aperture,50,-1.6587512493133545,0.09274014830589294,0.33190056681632996,0.11354757845401764,0.8599789661030661,0.724609375,0.8827493190765381,0.07252004742622375
foundation,43,180-degree aperture,OOD aperture,51,-1.6587512493133545,0.07914632558822632,0.28062906861305237,0.0968901515007019,0.8841140776699029,0.771484375,0.902531623840332,0.07010719180107117
foundation,43,180-degree aperture,OOD aperture,52,-1.6587512493133545,0.08053510636091232,0.29324355721473694,0.09667596966028214,0.8720129607128391,0.7646484375,0.8965517282485962,0.07071742415428162
foundation,43,180-degree aperture,OOD aperture,53,-1.6587512493133545,0.08132732659578323,0.3059840202331543,0.09706893563270569,0.8705101263895234,0.77734375,0.8894472122192383,0.0704410970211029
foundation,43,180-degree aperture,OOD aperture,54,-1.6587512493133545,0.08082761615514755,0.2866971790790558,0.10403291136026382,0.8329634201343556,0.705078125,0.9044321179389954,0.07268445938825607
foundation,43,180-degree aperture,OOD aperture,55,-1.6587512493133545,0.0784807801246643,0.2777411639690399,0.0973639190196991,0.8828623738286236,0.7578125,0.905927836894989,0.0706755593419075
foundation,43,180-degree aperture,OOD aperture,56,-1.6587512493133545,0.09262119978666306,0.3569270670413971,0.10921722650527954,0.8425164566062321,0.767578125,0.8613231778144836,0.07199667394161224
foundation,43,180-degree aperture,OOD aperture,57,-1.6587512493133545,0.10144216567277908,0.3834068477153778,0.12197515368461609,0.8302114170443531,0.736328125,0.8461538553237915,0.07311245054006577
foundation,43,180-degree aperture,OOD aperture,58,-1.6587512493133545,0.08070796728134155,0.2794884443283081,0.09886112809181213,0.8905393215752367,0.7548828125,0.9133247137069702,0.07148344069719315
foundation,43,180-degree aperture,OOD aperture,59,-1.6587512493133545,0.10868030041456223,0.4169345498085022,0.1307182013988495,0.8083756024932496,0.7294921875,0.8286479115486145,0.07540422677993774
foundation,43,180-degree aperture,OOD aperture,60,-1.6587512493133545,0.09494086354970932,0.3539738655090332,0.11546077579259872,0.8330796188807359,0.732421875,0.8639999628067017,0.07499993592500687
foundation,43,180-degree aperture,OOD aperture,61,-1.6587512493133545,0.07392439246177673,0.2649928629398346,0.09502045810222626,0.8459298392552267,0.734375,0.9082446694374084,0.07067331671714783
foundation,43,180-degree aperture,OOD aperture,62,-1.6587512493133545,0.09464316815137863,0.3448072373867035,0.11629374325275421,0.8464301894837833,0.7294921875,0.8714859485626221,0.07216131687164307
foundation,43,180-degree aperture,OOD aperture,63,-1.6587512493133545,0.08207540214061737,0.2997301518917084,0.09693215042352676,0.8866625713666257,0.78515625,0.8955223560333252,0.0715896487236023
exact,43,180-degree aperture,OOD aperture,48,-1.656282901763916,0.07698295265436172,0.2724645733833313,0.09474515914916992,0.8613225394869989,0.751953125,0.9051947593688965,0.07175026088953018
exact,43,180-degree aperture,OOD aperture,49,-1.656282901763916,0.07202057540416718,0.24122996628284454,0.08965803682804108,0.896104805049374,0.755859375,0.9276486039161682,0.07052730023860931
exact,43,180-degree aperture,OOD aperture,50,-1.656282901763916,0.0914631113409996,0.3253735899925232,0.11197879165410995,0.8618784831069314,0.7275390625,0.8832215070724487,0.07251734286546707
exact,43,180-degree aperture,OOD aperture,51,-1.656282901763916,0.07800741493701935,0.2749016582965851,0.09548917412757874,0.8852067591870807,0.7685546875,0.9059720039367676,0.07010287046432495
exact,43,180-degree aperture,OOD aperture,52,-1.656282901763916,0.07952405512332916,0.2876426875591278,0.09529867768287659,0.865110391999152,0.7666015625,0.8993630409240723,0.07070799171924591
exact,43,180-degree aperture,OOD aperture,53,-1.656282901763916,0.08028408885002136,0.3000066876411438,0.09568746387958527,0.868047447522047,0.7763671875,0.8943396210670471,0.07042696326971054
exact,43,180-degree aperture,OOD aperture,54,-1.656282901763916,0.07950583845376968,0.2803955078125,0.10231476277112961,0.8418714077250663,0.70703125,0.9074586033821106,0.07267219573259354
exact,43,180-degree aperture,OOD aperture,55,-1.656282901763916,0.0773349180817604,0.2719661593437195,0.09597959369421005,0.8848606669712198,0.763671875,0.9104859232902527,0.07065702974796295
exact,43,180-degree aperture,OOD aperture,56,-1.656282901763916,0.09162498265504837,0.35060957074165344,0.10787387192249298,0.8475231456698016,0.7685546875,0.8640406131744385,0.07199481874704361
exact,43,180-degree aperture,OOD aperture,57,-1.656282901763916,0.100291408598423,0.376241534948349,0.12062378227710724,0.8357976040353089,0.7353515625,0.8499336242675781,0.07310748100280762
exact,43,180-degree aperture,OOD aperture,58,-1.656282901763916,0.07959200441837311,0.27391478419303894,0.09757070988416672,0.8946603531969386,0.7548828125,0.9159120321273804,0.07148580998182297
exact,43,180-degree aperture,OOD aperture,59,-1.656282901763916,0.10760121047496796,0.40989241003990173,0.1294422745704651,0.8128237257697127,0.7294921875,0.8299866318702698,0.07541286200284958
exact,43,180-degree aperture,OOD aperture,60,-1.656282901763916,0.09395362436771393,0.3479521870613098,0.1141786053776741,0.8381807695476642,0.736328125,0.866047739982605,0.07500182092189789
exact,43,180-degree aperture,OOD aperture,61,-1.656282901763916,0.07278703153133392,0.25950899720191956,0.09355272352695465,0.8520056935817806,0.7353515625,0.9110226035118103,0.07066933810710907
exact,43,180-degree aperture,OOD aperture,62,-1.656282901763916,0.09338344633579254,0.3381054401397705,0.11471995711326599,0.8531068916116066,0.7294921875,0.8755019903182983,0.07214970886707306
exact,43,180-degree aperture,OOD aperture,63,-1.656282901763916,0.08107780665159225,0.29400739073753357,0.09563623368740082,0.8855137329713602,0.7890625,0.896039605140686,0.07157986611127853
foundation,43,heteroscedastic noise,OOD noise,0,-1.6587512493133545,0.02778267301619053,0.09249105304479599,0.028981177136301994,0.9596728307254623,0.8837890625,0.9856353402137756,0.06530226767063141
foundation,43,heteroscedastic noise,OOD noise,1,-1.6587512493133545,0.02381068654358387,0.08257295191287994,0.025242755189538002,0.9564488243430153,0.8984375,0.9858695268630981,0.06481089442968369
foundation,43,heteroscedastic noise,OOD noise,2,-1.6587512493133545,0.023003797978162766,0.0802735909819603,0.02364085242152214,0.9538445063182694,0.892578125,0.9857768416404724,0.06535983085632324
foundation,43,heteroscedastic noise,OOD noise,3,-1.6587512493133545,0.03514179214835167,0.12522102892398834,0.038245052099227905,0.9447000085869551,0.8779296875,0.9699665904045105,0.0647575706243515
foundation,43,heteroscedastic noise,OOD noise,4,-1.6587512493133545,0.011310650035738945,0.03702515736222267,0.0191197507083416,0.977602066532258,0.916015625,1.0,0.06441859900951385
foundation,43,heteroscedastic noise,OOD noise,5,-1.6587512493133545,0.023368004709482193,0.0752466693520546,0.029675526544451714,0.9650043071621954,0.8720703125,0.9921612739562988,0.0647117868065834
foundation,43,heteroscedastic noise,OOD noise,6,-1.6587512493133545,0.01868930645287037,0.06778838485479355,0.020513741299510002,0.9633281004709576,0.90625,0.9892241358757019,0.06449878215789795
foundation,43,heteroscedastic noise,OOD noise,7,-1.6587512493133545,0.03063146397471428,0.10664071142673492,0.03411964327096939,0.9437458001343957,0.873046875,0.9765100479125977,0.06530964374542236
foundation,43,heteroscedastic noise,OOD noise,8,-1.6587512493133545,0.039350830018520355,0.13483799993991852,0.04588818550109863,0.9528794155782548,0.873046875,0.9664429426193237,0.06478817760944366
foundation,43,heteroscedastic noise,OOD noise,9,-1.6587512493133545,0.015352447517216206,0.054832469671964645,0.020436258986592293,0.9672764227642277,0.900390625,0.9956616163253784,0.06458307057619095
foundation,43,heteroscedastic noise,OOD noise,10,-1.6587512493133545,0.024703355506062508,0.08299204707145691,0.02992481179535389,0.949951171875,0.869140625,0.9887640476226807,0.06537984311580658
foundation,43,heteroscedastic noise,OOD noise,11,-1.6587512493133545,0.017679134383797646,0.05991180241107941,0.02882598154246807,0.9682652738208294,0.8798828125,0.9955605268478394,0.06635300815105438
foundation,43,heteroscedastic noise,OOD noise,12,-1.6587512493133545,0.025416528806090355,0.08282587677240372,0.031306277960538864,0.9483298538622129,0.865234375,0.9898419976234436,0.0651950091123581
foundation,43,heteroscedastic noise,OOD noise,13,-1.6587512493133545,0.0323629155755043,0.11176757514476776,0.03972121700644493,0.9310755527937445,0.8447265625,0.9768785834312439,0.0658600777387619
foundation,43,heteroscedastic noise,OOD noise,14,-1.6587512493133545,0.023761892691254616,0.07844628393650055,0.02856668457388878,0.9635053572264071,0.88671875,0.9878854155540466,0.06430092453956604
foundation,43,heteroscedastic noise,OOD noise,15,-1.6587512493133545,0.031789861619472504,0.10527318716049194,0.04117371514439583,0.9337658898305086,0.8544921875,0.9760000109672546,0.06544768065214157
exact,43,heteroscedastic noise,OOD noise,0,-1.656282901763916,0.02761142887175083,0.091898113489151,0.02879592590034008,0.9585295939386083,0.8837890625,0.9856353402137756,0.06538495421409607
exact,43,heteroscedastic noise,OOD noise,1,-1.656282901763916,0.023660413920879364,0.08201806247234344,0.02485571801662445,0.9573305670816045,0.8994140625,0.985884964466095,0.06478922069072723
exact,43,heteroscedastic noise,OOD noise,2,-1.656282901763916,0.022943399846553802,0.08010918647050858,0.02344871498644352,0.9540586849432426,0.892578125,0.9857768416404724,0.06549136340618134
exact,43,heteroscedastic noise,OOD noise,3,-1.656282901763916,0.03503391519188881,0.12457536160945892,0.035964373499155045,0.9454360333173861,0.876953125,0.9710468053817749,0.06466735899448395
exact,43,heteroscedastic noise,OOD noise,4,-1.656282901763916,0.01110610831528902,0.036547690629959106,0.0199784766882658,0.9789881552419355,0.919921875,1.0,0.06440618634223938
exact,43,heteroscedastic noise,OOD noise,5,-1.656282901763916,0.0228122565895319,0.07369530200958252,0.0303538516163826,0.9680347034211174,0.875,0.9921875596046448,0.06469269841909409
exact,43,heteroscedastic noise,OOD noise,6,-1.656282901763916,0.018654992803931236,0.06779186427593231,0.01782887801527977,0.9632862375719519,0.90625,0.9892241358757019,0.06454146653413773
exact,43,heteroscedastic noise,OOD noise,7,-1.656282901763916,0.030420899391174316,0.10582926869392395,0.03371022269129753,0.9449937601996735,0.8720703125,0.9764838218688965,0.06532497704029083
exact,43,heteroscedastic noise,OOD noise,8,-1.656282901763916,0.039170362055301666,0.1338038444519043,0.045637503266334534,0.9521925907022245,0.87109375,0.9686099290847778,0.06481364369392395
exact,43,heteroscedastic noise,OOD noise,9,-1.656282901763916,0.015272923745214939,0.05471785366535187,0.02053777500987053,0.9677083333333334,0.900390625,0.9956616163253784,0.06462738662958145
exact,43,heteroscedastic noise,OOD noise,10,-1.656282901763916,0.024748701602220535,0.08312103152275085,0.029953379184007645,0.9494303385416666,0.8681640625,0.9876266121864319,0.06531497836112976
exact,43,heteroscedastic noise,OOD noise,11,-1.656282901763916,0.01741759106516838,0.05933375284075737,0.028885893523693085,0.9702239632795188,0.880859375,0.9955654144287109,0.0663914903998375
exact,43,heteroscedastic noise,OOD noise,12,-1.656282901763916,0.02558930777013302,0.083502396941185,0.03149617463350296,0.9489386921193406,0.8623046875,0.9898074269294739,0.06523727625608444
exact,43,heteroscedastic noise,OOD noise,13,-1.656282901763916,0.03216458484530449,0.11096843332052231,0.039262622594833374,0.9289194915254237,0.8466796875,0.9769319295883179,0.06588280200958252
exact,43,heteroscedastic noise,OOD noise,14,-1.656282901763916,0.0234212689101696,0.07733457535505295,0.027949482202529907,0.9608723958333333,0.88671875,0.9878854155540466,0.06432805955410004
exact,43,heteroscedastic noise,OOD noise,15,-1.656282901763916,0.0315888449549675,0.10446983575820923,0.04088596999645233,0.9328912999799075,0.8525390625,0.9770905375480652,0.06548374891281128
foundation,43,heteroscedastic noise,OOD noise,16,-1.6587512493133545,0.014711888507008553,0.052723001688718796,0.02294064313173294,0.9609247967479674,0.8779296875,0.9955505728721619,0.06618425995111465
foundation,43,heteroscedastic noise,OOD noise,17,-1.6587512493133545,0.02537849359214306,0.08515497297048569,0.03128477931022644,0.9579514824797843,0.8828125,0.9856194853782654,0.06519071012735367
foundation,43,heteroscedastic noise,OOD noise,18,-1.6587512493133545,0.02887742780148983,0.09976313263177872,0.027125772088766098,0.9536334837285205,0.859375,0.9852272272109985,0.06446925550699234
foundation,43,heteroscedastic noise,OOD noise,19,-1.6587512493133545,0.028750745579600334,0.09511823207139969,0.03469812497496605,0.9517536726839053,0.857421875,0.9897494912147522,0.06492801010608673
foundation,43,heteroscedastic noise,OOD noise,20,-1.6587512493133545,0.024598531424999237,0.07949189096689224,0.03307214751839638,0.9539233303384246,0.84765625,0.9896313548088074,0.06595414876937866
foundation,43,heteroscedastic noise,OOD noise,21,-1.6587512493133545,0.03184431418776512,0.10576529800891876,0.03839068114757538,0.954194971983934,0.8603515625,0.9795687198638916,0.06591634452342987
foundation,43,heteroscedastic noise,OOD noise,22,-1.6587512493133545,0.03177618980407715,0.10628386586904526,0.03825687617063522,0.9433095127129615,0.853515625,0.9794049859046936,0.06385612487792969
foundation,43,heteroscedastic noise,OOD noise,23,-1.6587512493133545,0.021964989602565765,0.0738462433218956,0.02573551796376705,0.9536303276932963,0.8671875,0.9932432770729065,0.06474663317203522
foundation,43,heteroscedastic noise,OOD noise,24,-1.6587512493133545,0.01755332760512829,0.05969051271677017,0.020376907661557198,0.9653084779720813,0.904296875,0.9956803321838379,0.06495815515518188
foundation,43,heteroscedastic noise,OOD noise,25,-1.6587512493133545,0.026282591745257378,0.09168312698602676,0.028850600123405457,0.9578351536290144,0.88671875,0.9801761507987976,0.06543576717376709
foundation,43,heteroscedastic noise,OOD noise,26,-1.6587512493133545,0.020375028252601624,0.06789633631706238,0.02543903887271881,0.9581949526221971,0.8798828125,0.9900111556053162,0.06580687314271927
foundation,43,heteroscedastic noise,OOD noise,27,-1.6587512493133545,0.035201821476221085,0.12314219772815704,0.041193097829818726,0.95077325719724,0.8818359375,0.9678848385810852,0.06464610993862152
foundation,43,heteroscedastic noise,OOD noise,28,-1.6587512493133545,0.024324174970388412,0.08395372331142426,0.02676939219236374,0.9513278787472337,0.8828125,0.9856194853782654,0.06536060571670532
foundation,43,heteroscedastic noise,OOD noise,29,-1.6587512493133545,0.03179345652461052,0.10165630280971527,0.03656347468495369,0.9544673436279517,0.8515625,0.9885320663452148,0.0652054026722908
foundation,43,heteroscedastic noise,OOD noise,30,-1.6587512493133545,0.022285569459199905,0.07501453161239624,0.02542693354189396,0.9639760170457361,0.8818359375,0.9900332093238831,0.06530667841434479
foundation,43,heteroscedastic noise,OOD noise,31,-1.6587512493133545,0.028593754395842552,0.09383398294448853,0.03748476132750511,0.9428029504741834,0.8603515625,0.9829739332199097,0.0668257400393486
exact,43,heteroscedastic noise,OOD noise,16,-1.656282901763916,0.014450502581894398,0.05208314210176468,0.022888684645295143,0.9635924796747968,0.8798828125,0.9955605268478394,0.06618344783782959
exact,43,heteroscedastic noise,OOD noise,17,-1.656282901763916,0.025131825357675552,0.0841962993144989,0.030852580443024635,0.9593141659179395,0.880859375,0.9878048896789551,0.06519313156604767
exact,43,heteroscedastic noise,OOD noise,18,-1.656282901763916,0.028674546629190445,0.09915082156658173,0.026589196175336838,0.953183988452143,0.8603515625,0.98524409532547,0.06449295580387115
exact,43,heteroscedastic noise,OOD noise,19,-1.656282901763916,0.028362125158309937,0.09374291449785233,0.034049440175294876,0.9543286171193148,0.8583984375,0.9897610545158386,0.06489065289497375
exact,43,heteroscedastic noise,OOD noise,20,-1.656282901763916,0.024302376434206963,0.07863911986351013,0.03387976437807083,0.9522827959635737,0.84765625,0.9907833933830261,0.06595481932163239
exact,43,heteroscedastic noise,OOD noise,21,-1.656282901763916,0.03149242699146271,0.10446611046791077,0.037832699716091156,0.9558437050627262,0.8583984375,0.981797456741333,0.06595636904239655
exact,43,heteroscedastic noise,OOD noise,22,-1.656282901763916,0.03153958544135094,0.10521221905946732,0.037891410291194916,0.9447983014861996,0.8544921875,0.9805713891983032,0.06381747126579285
exact,43,heteroscedastic noise,OOD noise,23,-1.656282901763916,0.021735819056630135,0.07316479086875916,0.025642693042755127,0.9552188191618477,0.8671875,0.9932432770729065,0.06474194675683975
exact,43,heteroscedastic noise,OOD noise,24,-1.656282901763916,0.017458941787481308,0.05943688005208969,0.02075682021677494,0.9622971285892634,0.904296875,0.9956803321838379,0.06494922935962677
exact,43,heteroscedastic noise,OOD noise,25,-1.656282901763916,0.026169342920184135,0.09136920422315598,0.02851211465895176,0.9568134171907756,0.8857421875,0.981256902217865,0.06548355519771576
exact,43,heteroscedastic noise,OOD noise,26,-1.656282901763916,0.020062139257788658,0.06687532365322113,0.024797936901450157,0.9601463551927948,0.880859375,0.9900221824645996,0.06581632792949677
exact,43,heteroscedastic noise,OOD noise,27,-1.656282901763916,0.035190436989068985,0.12275243550539017,0.041115034371614456,0.950475850582917,0.880859375,0.9678491950035095,0.06470654904842377
exact,43,heteroscedastic noise,OOD noise,28,-1.656282901763916,0.02425278164446354,0.08361980319023132,0.026578348129987717,0.9517470323921937,0.8837890625,0.9856353402137756,0.06541422009468079
exact,43,heteroscedastic noise,OOD noise,29,-1.656282901763916,0.03162552788853645,0.10117462277412415,0.036222342401742935,0.9565905305733999,0.8505859375,0.9896669983863831,0.06520044803619385
exact,43,heteroscedastic noise,OOD noise,30,-1.656282901763916,0.021986689418554306,0.07411890476942062,0.024857178330421448,0.962429566075958,0.8837890625,0.9900552034378052,0.0652981549501419
exact,43,heteroscedastic noise,OOD noise,31,-1.656282901763916,0.028348607942461967,0.09285635501146317,0.03712819516658783,0.9425320056899005,0.8583984375,0.9840728044509888,0.06684325635433197
foundation,43,heteroscedastic noise,OOD noise,32,-1.6587512493133545,0.023233497515320778,0.08467788249254227,0.025001874193549156,0.9550834954060761,0.8935546875,0.9846994876861572,0.06424261629581451
foundation,43,heteroscedastic noise,OOD noise,33,-1.6587512493133545,0.025012370198965073,0.08281715214252472,0.03293312340974808,0.9427734375000001,0.8662109375,0.9875985980033875,0.06583023071289062
foundation,43,heteroscedastic noise,OOD noise,34,-1.6587512493133545,0.025833720341324806,0.09404587000608444,0.027209440246224403,0.954473025267471,0.89453125,0.9792576432228088,0.06450559198856354
foundation,43,heteroscedastic noise,OOD noise,35,-1.6587512493133545,0.03846697136759758,0.12553894519805908,0.04440860077738762,0.9531167418000932,0.8544921875,0.9760000109672546,0.06519053876399994
foundation,43,heteroscedastic noise,OOD noise,36,-1.6587512493133545,0.029381578788161278,0.10086780786514282,0.028531286865472794,0.9579666465742416,0.873046875,0.9798657894134521,0.0646374523639679
foundation,43,heteroscedastic noise,OOD noise,37,-1.6587512493133545,0.028956593945622444,0.0983072891831398,0.030116483569145203,0.9513086770981508,0.8701171875,0.985409677028656,0.06549185514450073
foundation,43,heteroscedastic noise,OOD noise,38,-1.6587512493133545,0.03143042325973511,0.10149682313203812,0.038727372884750366,0.9556866744366744,0.8603515625,0.9841090440750122,0.06484370678663254
foundation,43,heteroscedastic noise,OOD noise,39,-1.6587512493133545,0.03503783419728279,0.11392848938703537,0.04422345012426376,0.9418921473770837,0.8291015625,0.9811543226242065,0.06524083018302917
foundation,43,heteroscedastic noise,OOD noise,40,-1.6587512493133545,0.025652209296822548,0.08465801179409027,0.032515913248062134,0.9497138813684469,0.8740234375,0.986592173576355,0.06442716717720032
foundation,43,heteroscedastic noise,OOD noise,41,-1.6587512493133545,0.02602432854473591,0.08664603531360626,0.030974213033914566,0.9591633896547254,0.875,0.988839328289032,0.0646243691444397
foundation,43,heteroscedastic noise,OOD noise,42,-1.6587512493133545,0.035608116537332535,0.1150963231921196,0.04546691104769707,0.946129294142506,0.841796875,0.9814384579658508,0.06653621792793274
foundation,43,heteroscedastic noise,OOD noise,43,-1.6587512493133545,0.027800990268588066,0.09362978488206863,0.0344759002327919,0.9504125177809387,0.8720703125,0.9843225479125977,0.06617145240306854
foundation,43,heteroscedastic noise,OOD noise,44,-1.6587512493133545,0.032063573598861694,0.10653696209192276,0.037853386253118515,0.9521480502313284,0.857421875,0.9794989228248596,0.0667015016078949
foundation,43,heteroscedastic noise,OOD noise,45,-1.6587512493133545,0.0231478288769722,0.08160346746444702,0.027793362736701965,0.9557504583519151,0.8896484375,0.9824368953704834,0.0646609514951706
foundation,43,heteroscedastic noise,OOD noise,46,-1.6587512493133545,0.021537629887461662,0.07029342651367188,0.0282851904630661,0.9589061766481122,0.86328125,0.9909502863883972,0.06529764831066132
foundation,43,heteroscedastic noise,OOD noise,47,-1.6587512493133545,0.022478681057691574,0.07312386482954025,0.028278887271881104,0.9627063959005504,0.8671875,0.9898648858070374,0.06478722393512726
exact,43,heteroscedastic noise,OOD noise,32,-1.656282901763916,0.022958867251873016,0.08377953618764877,0.024389071390032768,0.9563409563409564,0.8935546875,0.9846994876861572,0.06425940990447998
exact,43,heteroscedastic noise,OOD noise,33,-1.656282901763916,0.024765174835920334,0.08191723376512527,0.032481007277965546,0.9427349156797649,0.8671875,0.9876126646995544,0.06578275561332703
exact,43,heteroscedastic noise,OOD noise,34,-1.656282901763916,0.02569425478577614,0.09344878047704697,0.026937294751405716,0.9553228621291447,0.8935546875,0.9792349934577942,0.0645386278629303
exact,43,heteroscedastic noise,OOD noise,35,-1.656282901763916,0.03854836896061897,0.12555044889450073,0.04456564784049988,0.9552991775293266,0.853515625,0.9759724736213684,0.06526832282543182
exact,43,heteroscedastic noise,OOD noise,36,-1.656282901763916,0.02918713353574276,0.10014998912811279,0.028040170669555664,0.9572423700330677,0.8720703125,0.9809630513191223,0.06471981108188629
exact,43,heteroscedastic noise,OOD noise,37,-1.656282901763916,0.02869587391614914,0.09738189727067947,0.02958151325583458,0.9476523358408584,0.8701171875,0.9865320324897766,0.06549481302499771
exact,43,heteroscedastic noise,OOD noise,38,-1.656282901763916,0.031092699617147446,0.10037801414728165,0.03823329880833626,0.9539470421976497,0.8603515625,0.9841090440750122,0.06493425369262695
exact,43,heteroscedastic noise,OOD noise,39,-1.656282901763916,0.03447410836815834,0.11208588629961014,0.04338381811976433,0.9447169118873653,0.830078125,0.9811764359474182,0.0651947632431984
exact,43,heteroscedastic noise,OOD noise,40,-1.656282901763916,0.025334754958748817,0.08357447385787964,0.031929269433021545,0.9498432601880877,0.87109375,0.9887892603874207,0.06442378461360931
exact,43,heteroscedastic noise,OOD noise,41,-1.656282901763916,0.025701086968183517,0.08557763695716858,0.03037739172577858,0.9574804546059146,0.8759765625,0.9888517260551453,0.06461566686630249
exact,43,heteroscedastic noise,OOD noise,42,-1.656282901763916,0.035326216369867325,0.1139884889125824,0.0451165996491909,0.9470745893526397,0.841796875,0.9814384579658508,0.06659983098506927
exact,43,heteroscedastic noise,OOD noise,43,-1.656282901763916,0.027527030557394028,0.09240735322237015,0.03400774672627449,0.9521479374110954,0.8720703125,0.9843225479125977,0.06604187935590744
exact,43,heteroscedastic noise,OOD noise,44,-1.656282901763916,0.0318625383079052,0.10588183254003525,0.037499282509088516,0.9528330228925075,0.857421875,0.9794989228248596,0.06664197891950607
exact,43,heteroscedastic noise,OOD noise,45,-1.656282901763916,0.022968022152781487,0.08096741884946823,0.02740836702287197,0.9566258692169203,0.8896484375,0.9824368953704834,0.06465575098991394
exact,43,heteroscedastic noise,OOD noise,46,-1.656282901763916,0.021188491955399513,0.06932336837053299,0.02839333936572075,0.9593143012784502,0.86328125,0.9909502863883972,0.0652659684419632
exact,43,heteroscedastic noise,OOD noise,47,-1.656282901763916,0.02225034311413765,0.072454072535038,0.02781631425023079,0.9642405263490859,0.8642578125,0.9932203888893127,0.06479668617248535
foundation,43,heteroscedastic noise,OOD noise,48,-1.6587512493133545,0.02591702528297901,0.08566109091043472,0.03345371410250664,0.9644523470839261,0.853515625,0.9931349754333496,0.06424599885940552
foundation,43,heteroscedastic noise,OOD noise,49,-1.6587512493133545,0.021977480500936508,0.07625600695610046,0.02488156594336033,0.9531662740058542,0.87109375,0.9921525120735168,0.06530311703681946
foundation,43,heteroscedastic noise,OOD noise,50,-1.6587512493133545,0.027000879868865013,0.09167437255382538,0.03045140579342842,0.9595448079658606,0.8818359375,0.9833887219429016,0.06450457870960236
foundation,43,heteroscedastic noise,OOD noise,51,-1.6587512493133545,0.030873773619532585,0.10593786835670471,0.03291557729244232,0.946563126795685,0.8681640625,0.9775028228759766,0.06482289731502533
foundation,43,heteroscedastic noise,OOD noise,52,-1.6587512493133545,0.02857028692960739,0.09229890257120132,0.03727324306964874,0.9508699704831443,0.83984375,0.9883720874786377,0.06588621437549591
foundation,43,heteroscedastic noise,OOD noise,53,-1.6587512493133545,0.025755027309060097,0.08999556303024292,0.027615074068307877,0.9538140691425363,0.892578125,0.9814004302024841,0.06415927410125732
foundation,43,heteroscedastic noise,OOD noise,54,-1.6587512493133545,0.02258637174963951,0.07934296876192093,0.02423177845776081,0.954564315352697,0.8857421875,0.9834619760513306,0.06373527646064758
foundation,43,heteroscedastic noise,OOD noise,55,-1.6587512493133545,0.023245900869369507,0.07655005902051926,0.028465475887060165,0.9592447916666665,0.876953125,0.9899777770042419,0.06459987163543701
foundation,43,heteroscedastic noise,OOD noise,56,-1.6587512493133545,0.026114072650671005,0.09020774066448212,0.02731519192457199,0.9539982030548069,0.873046875,0.9832214713096619,0.06404540687799454
foundation,43,heteroscedastic noise,OOD noise,57,-1.6587512493133545,0.029278751462697983,0.09769211709499359,0.03505212813615799,0.949011917332931,0.85546875,0.9863013029098511,0.06554263830184937
foundation,43,heteroscedastic noise,OOD noise,58,-1.6587512493133545,0.017967870458960533,0.06019308790564537,0.02123892866075039,0.9742339156287041,0.8876953125,0.9955995678901672,0.0641733705997467
foundation,43,heteroscedastic noise,OOD noise,59,-1.6587512493133545,0.02321348898112774,0.08122657984495163,0.026298725977540016,0.945455843506818,0.87890625,0.9844444394111633,0.06495170295238495
foundation,43,heteroscedastic noise,OOD noise,60,-1.6587512493133545,0.027127491310238838,0.09035001695156097,0.035032715648412704,0.9490617366200311,0.857421875,0.9863325953483582,0.06855452060699463
foundation,43,heteroscedastic noise,OOD noise,61,-1.6587512493133545,0.028780246153473854,0.09719805419445038,0.03465577960014343,0.9501841805639274,0.857421875,0.9817768335342407,0.06597155332565308
foundation,43,heteroscedastic noise,OOD noise,62,-1.6587512493133545,0.026250537484884262,0.08467748761177063,0.033359505236148834,0.9580398427034269,0.8759765625,0.9855072498321533,0.0664525032043457
foundation,43,heteroscedastic noise,OOD noise,63,-1.6587512493133545,0.02176564745604992,0.07176131755113602,0.028115613386034966,0.9628721720034727,0.87109375,0.9921525120735168,0.06514272093772888
exact,43,heteroscedastic noise,OOD noise,48,-1.656282901763916,0.025700321421027184,0.0852026492357254,0.03340942785143852,0.9641329242470075,0.8505859375,0.9942594766616821,0.06432079523801804
exact,43,heteroscedastic noise,OOD noise,49,-1.656282901763916,0.022003518417477608,0.07639020681381226,0.025089696049690247,0.9526308274434211,0.8701171875,0.9921436905860901,0.0653240978717804
exact,43,heteroscedastic noise,OOD noise,50,-1.656282901763916,0.02663273550570011,0.09032899886369705,0.029758447781205177,0.9600564654365268,0.8818359375,0.9844961166381836,0.06451326608657837
exact,43,heteroscedastic noise,OOD noise,51,-1.656282901763916,0.03083443082869053,0.10573019087314606,0.03282499685883522,0.9467664118826911,0.8681640625,0.9775028228759766,0.06486064195632935
exact,43,heteroscedastic noise,OOD noise,52,-1.656282901763916,0.028229065239429474,0.09121795743703842,0.03672038018703461,0.951468258643939,0.83984375,0.9883720874786377,0.06593169271945953
exact,43,heteroscedastic noise,OOD noise,53,-1.656282901763916,0.025496648624539375,0.08905152231454849,0.027045823633670807,0.9535319010416667,0.8935546875,0.9825137257575989,0.06418994814157486
exact,43,heteroscedastic noise,OOD noise,54,-1.656282901763916,0.02237912267446518,0.07867786288261414,0.023693162947893143,0.9541231228594012,0.8857421875,0.9834619760513306,0.06378766894340515
exact,43,heteroscedastic noise,OOD noise,55,-1.656282901763916,0.023015543818473816,0.07583513855934143,0.028043748810887337,0.958839172158631,0.8759765625,0.9899665713310242,0.0646943598985672
exact,43,heteroscedastic noise,OOD noise,56,-1.656282901763916,0.025969870388507843,0.08973933756351471,0.02693544700741768,0.9532134456332044,0.873046875,0.9832214713096619,0.06408587098121643
exact,43,heteroscedastic noise,OOD noise,57,-1.656282901763916,0.029055984690785408,0.09679064899682999,0.03464134410023689,0.9477063575693712,0.857421875,0.9863325953483582,0.06557998806238174
exact,43,heteroscedastic noise,OOD noise,58,-1.656282901763916,0.017709074541926384,0.059555210173130035,0.02198205515742302,0.9727545694536808,0.888671875,0.9956044554710388,0.06415950506925583
exact,43,heteroscedastic noise,OOD noise,59,-1.656282901763916,0.022995756939053535,0.0804796889424324,0.02578338235616684,0.9467409152566573,0.876953125,0.9866369962692261,0.06497998535633087
exact,43,heteroscedastic noise,OOD noise,60,-1.656282901763916,0.027532104402780533,0.09151618182659149,0.03573373332619667,0.9477091018801684,0.8544921875,0.9862856864929199,0.06856731325387955
exact,43,heteroscedastic noise,OOD noise,61,-1.656282901763916,0.02877185121178627,0.09707532078027725,0.03466791659593582,0.9516816737288135,0.85546875,0.981735110282898,0.06599918007850647
exact,43,heteroscedastic noise,OOD noise,62,-1.656282901763916,0.02587275765836239,0.08336729556322098,0.03277957811951637,0.9600564654365269,0.8759765625,0.9866220951080322,0.06639862060546875
exact,43,heteroscedastic noise,OOD noise,63,-1.656282901763916,0.021768637001514435,0.07174605131149292,0.0281901303678751,0.9627189622593328,0.869140625,0.9921348690986633,0.06524298340082169
foundation,43,wavenumber 12,OOD frequency,0,-1.6587512493133545,0.00870303064584732,0.043392837047576904,0.03549054265022278,0.9945217024863042,0.95703125,0.9999999403953552,0.0528128407895565
foundation,43,wavenumber 12,OOD frequency,1,-1.6587512493133545,0.01338810846209526,0.05692242085933685,0.037954021245241165,0.9865777338603425,0.9384765625,1.0,0.053286243230104446
foundation,43,wavenumber 12,OOD frequency,2,-1.6587512493133545,0.015180650167167187,0.05239766836166382,0.027989378198981285,0.9886091477305918,0.9541015625,0.9979528784751892,0.05297379195690155
foundation,43,wavenumber 12,OOD frequency,3,-1.6587512493133545,0.009997793473303318,0.045214008539915085,0.03448253497481346,0.9940828402366864,0.9609375,0.9999999403953552,0.053349569439888
foundation,43,wavenumber 12,OOD frequency,4,-1.6587512493133545,0.011780759319663048,0.049045663326978683,0.03219946473836899,0.9893206497352598,0.95703125,0.9999999403953552,0.05261998251080513
foundation,43,wavenumber 12,OOD frequency,5,-1.6587512493133545,0.012785403989255428,0.049188289791345596,0.029750611633062363,0.9863306982872201,0.94921875,0.9999999403953552,0.053865473717451096
foundation,43,wavenumber 12,OOD frequency,6,-1.6587512493133545,0.01627105101943016,0.06420750170946121,0.03612551465630531,0.9875611261453734,0.94140625,0.9989627003669739,0.05291265249252319
foundation,43,wavenumber 12,OOD frequency,7,-1.6587512493133545,0.008723091334104538,0.042342133820056915,0.02728082425892353,0.9878497575792978,0.9404296875,0.9989616274833679,0.052826352417469025
foundation,43,wavenumber 12,OOD frequency,8,-1.6587512493133545,0.006964993663132191,0.0350441113114357,0.027668220922350883,0.9935413245758073,0.96484375,1.0,0.05310489237308502
foundation,43,wavenumber 12,OOD frequency,9,-1.6587512493133545,0.019140498712658882,0.06763230264186859,0.03548440337181091,0.9826256577753584,0.93359375,0.9968618750572205,0.05346037447452545
foundation,43,wavenumber 12,OOD frequency,10,-1.6587512493133545,0.006068241782486439,0.030563008040189743,0.02158438414335251,0.9853914631362702,0.9482421875,1.0,0.05572861060500145
foundation,43,wavenumber 12,OOD frequency,11,-1.6587512493133545,0.00900697149336338,0.04538026452064514,0.03425592929124832,0.9887573964497041,0.951171875,1.0,0.053775083273649216
foundation,43,wavenumber 12,OOD frequency,12,-1.6587512493133545,0.015200907364487648,0.0539032444357872,0.033037759363651276,0.984867125984252,0.9541015625,1.0,0.05347409099340439
foundation,43,wavenumber 12,OOD frequency,13,-1.6587512493133545,0.00606879498809576,0.03461981937289238,0.026510421186685562,0.9930761622156281,0.9443359375,1.0,0.053733017295598984
foundation,43,wavenumber 12,OOD frequency,14,-1.6587512493133545,0.008268427103757858,0.03959369286894798,0.030008673667907715,0.9894103921744594,0.9580078125,0.9989805817604065,0.054075755178928375
foundation,43,wavenumber 12,OOD frequency,15,-1.6587512493133545,0.004674926400184631,0.03355422988533974,0.030589452013373375,0.9853372434017595,0.9677734375,1.0,0.05513807386159897
exact,43,wavenumber 12,OOD frequency,0,-1.656282901763916,0.008542328141629696,0.042651038616895676,0.03409956023097038,0.993959825818233,0.9580078125,0.9999999403953552,0.05303596332669258
exact,43,wavenumber 12,OOD frequency,1,-1.656282901763916,0.012683496810495853,0.054946694523096085,0.03571414202451706,0.9869892718557407,0.9365234375,1.0,0.05369562655687332
exact,43,wavenumber 12,OOD frequency,2,-1.656282901763916,0.01436045952141285,0.050528012216091156,0.027096398174762726,0.9874992698171622,0.9541015625,0.9979528784751892,0.05307752639055252
exact,43,wavenumber 12,OOD frequency,3,-1.656282901763916,0.009713771753013134,0.044692959636449814,0.032650068402290344,0.9924466338259443,0.9599609375,1.0,0.053408846259117126
exact,43,wavenumber 12,OOD frequency,4,-1.656282901763916,0.011748449876904488,0.04896685481071472,0.03132693096995354,0.9889616799784618,0.95703125,0.9999999403953552,0.052739910781383514
exact,43,wavenumber 12,OOD frequency,5,-1.656282901763916,0.012858958914875984,0.049369119107723236,0.03015035390853882,0.9875218747622309,0.9482421875,1.0,0.05390211567282677
exact,43,wavenumber 12,OOD frequency,6,-1.656282901763916,0.015669118613004684,0.06250328570604324,0.034507256001234055,0.9862317808479324,0.9404296875,0.9989616274833679,0.053424254059791565
exact,43,wavenumber 12,OOD frequency,7,-1.656282901763916,0.008693093433976173,0.04222145676612854,0.0270062405616045,0.9867398796658683,0.939453125,0.9989604949951172,0.05302988365292549
exact,43,wavenumber 12,OOD frequency,8,-1.656282901763916,0.007060174830257893,0.03538404405117035,0.027957843616604805,0.9933223864258347,0.96484375,1.0,0.0532224141061306
exact,43,wavenumber 12,OOD frequency,9,-1.656282901763916,0.01815454475581646,0.06513427942991257,0.029889915138483047,0.9796770096171294,0.9326171875,0.9968586564064026,0.05394434928894043
exact,43,wavenumber 12,OOD frequency,10,-1.656282901763916,0.006088923662900925,0.030622411519289017,0.02068091556429863,0.9849349463592787,0.9482421875,1.0,0.055881429463624954
exact,43,wavenumber 12,OOD frequency,11,-1.656282901763916,0.009063495323061943,0.045582115650177,0.03438636288046837,0.9920125164690382,0.951171875,1.0,0.053963854908943176
exact,43,wavenumber 12,OOD frequency,12,-1.656282901763916,0.015297072939574718,0.05422735586762428,0.03320935368537903,0.9846210629921259,0.9541015625,1.0,0.053575385361909866
exact,43,wavenumber 12,OOD frequency,13,-1.656282901763916,0.006120265927165747,0.034752167761325836,0.026560256257653236,0.9930000760861295,0.9443359375,1.0,0.053837746381759644
exact,43,wavenumber 12,OOD frequency,14,-1.656282901763916,0.0082093495875597,0.039515454322099686,0.029986485838890076,0.9890514224176614,0.9580078125,0.9989805817604065,0.05421585589647293
exact,43,wavenumber 12,OOD frequency,15,-1.656282901763916,0.0047822450287640095,0.03420175611972809,0.031173238530755043,0.9853372434017595,0.9677734375,1.0,0.05514676868915558
foundation,43,wavenumber 12,OOD frequency,16,-1.6587512493133545,0.009976807981729507,0.04221725091338158,0.030620211735367775,0.9956026204792247,0.9638671875,1.0,0.054562389850616455
foundation,43,wavenumber 12,OOD frequency,17,-1.6587512493133545,0.009895654395222664,0.0473608523607254,0.031080197542905807,0.9813076416337285,0.94140625,1.0,0.05259986221790314
foundation,43,wavenumber 12,OOD frequency,18,-1.6587512493133545,0.01161310262978077,0.04850642383098602,0.03356848284602165,0.9951676528599604,0.953125,0.9999999403953552,0.05174612998962402
foundation,43,wavenumber 12,OOD frequency,19,-1.6587512493133545,0.00994337722659111,0.0507681779563427,0.04022105410695076,0.9947096456692913,0.94921875,0.9999999403953552,0.052538640797138214
foundation,43,wavenumber 12,OOD frequency,20,-1.6587512493133545,0.008378264494240284,0.04304570332169533,0.031327180564403534,0.986094674556213,0.953125,0.9989753365516663,0.054247889667749405
foundation,43,wavenumber 12,OOD frequency,21,-1.6587512493133545,0.015476727858185768,0.05270416662096977,0.031148867681622505,0.9924355158730158,0.958984375,1.0,0.05284370109438896
foundation,43,wavenumber 12,OOD frequency,22,-1.6587512493133545,0.0068730744533240795,0.033199165016412735,0.026993639767169952,0.9936149312377209,0.9677734375,1.0,0.053834207355976105
foundation,43,wavenumber 12,OOD frequency,23,-1.6587512493133545,0.008796450681984425,0.04245845228433609,0.032530657947063446,0.9916173570019724,0.9580078125,0.9999999403953552,0.05585513263940811
foundation,43,wavenumber 12,OOD frequency,24,-1.6587512493133545,0.007030081935226917,0.03582167625427246,0.025913726538419724,0.9831436999578593,0.953125,0.9999999403953552,0.05297606438398361
foundation,43,wavenumber 12,OOD frequency,25,-1.6587512493133545,0.007868001237511635,0.04112550988793373,0.03257249668240547,0.9963875205254515,0.9580078125,0.9999999403953552,0.053190410137176514
foundation,43,wavenumber 12,OOD frequency,26,-1.6587512493133545,0.010822528973221779,0.04849398508667946,0.03123835101723671,0.9904856293359762,0.951171875,1.0,0.05282207950949669
foundation,43,wavenumber 12,OOD frequency,27,-1.6587512493133545,0.020481687039136887,0.08023268729448318,0.04182559251785278,0.9885540184453228,0.94921875,0.9999999403953552,0.054342128336429596
foundation,43,wavenumber 12,OOD frequency,28,-1.6587512493133545,0.006365202367305756,0.03404425457119942,0.02576906606554985,0.9916502946954814,0.96875,1.0,0.05287577956914902
foundation,43,wavenumber 12,OOD frequency,29,-1.6587512493133545,0.0071153040044009686,0.03559676557779312,0.029263721778988838,0.9952240483213934,0.9638671875,1.0,0.053917236626148224
foundation,43,wavenumber 12,OOD frequency,30,-1.6587512493133545,0.008492535911500454,0.04499322175979614,0.034061498939991,0.988560157790927,0.9462890625,1.0,0.05371708422899246
foundation,43,wavenumber 12,OOD frequency,31,-1.6587512493133545,0.016174819320440292,0.0623912587761879,0.04499021917581558,0.9932332677165354,0.96484375,1.0,0.054418012499809265
exact,43,wavenumber 12,OOD frequency,16,-1.656282901763916,0.01020269189029932,0.042883098125457764,0.031049825251102448,0.9954231356008256,0.962890625,1.0,0.054670389741659164
exact,43,wavenumber 12,OOD frequency,17,-1.656282901763916,0.010035608895123005,0.047779496759176254,0.030753513798117638,0.9809782608695652,0.9404296875,1.0,0.05264817923307419
exact,43,wavenumber 12,OOD frequency,18,-1.656282901763916,0.011354144662618637,0.04756490886211395,0.032269272953271866,0.9944773175542407,0.951171875,1.0,0.05197994410991669
exact,43,wavenumber 12,OOD frequency,19,-1.656282901763916,0.009791931137442589,0.05028129369020462,0.03972615674138069,0.995511767925561,0.94921875,0.9999999403953552,0.052832432091236115
exact,43,wavenumber 12,OOD frequency,20,-1.656282901763916,0.008440596051514149,0.043106138706207275,0.030610188841819763,0.9871668311944719,0.9521484375,0.9989743232727051,0.05448706075549126
exact,43,wavenumber 12,OOD frequency,21,-1.656282901763916,0.015524566173553467,0.05291152745485306,0.03133177384734154,0.9923115079365079,0.9580078125,0.9999999403953552,0.05292366072535515
exact,43,wavenumber 12,OOD frequency,22,-1.656282901763916,0.006971082650125027,0.03380892798304558,0.027578428387641907,0.9939423706614277,0.9677734375,1.0,0.05384953320026398
exact,43,wavenumber 12,OOD frequency,23,-1.656282901763916,0.008974350057542324,0.043194063007831573,0.03258838132023811,0.9919132149901382,0.95703125,0.9999999403953552,0.055919840931892395
exact,43,wavenumber 12,OOD frequency,24,-1.656282901763916,0.007089704275131226,0.03584495186805725,0.025021608918905258,0.9810366624525917,0.9521484375,0.9999999403953552,0.05317767336964607
exact,43,wavenumber 12,OOD frequency,25,-1.656282901763916,0.0077618807554244995,0.0405484102666378,0.03201901167631149,0.9976331360946745,0.9580078125,0.9999999403953552,0.05331168323755264
exact,43,wavenumber 12,OOD frequency,26,-1.656282901763916,0.010408306494355202,0.04714405536651611,0.02916116453707218,0.9905133928571429,0.947265625,1.0,0.05331457033753395
exact,43,wavenumber 12,OOD frequency,27,-1.656282901763916,0.020408015698194504,0.07975984364748001,0.04119080305099487,0.9878129117259552,0.94921875,0.9999999403953552,0.054578084498643875
exact,43,wavenumber 12,OOD frequency,28,-1.656282901763916,0.00627782940864563,0.03386684134602547,0.02565344050526619,0.9918140144073346,0.96875,1.0,0.052939608693122864
exact,43,wavenumber 12,OOD frequency,29,-1.656282901763916,0.00729822413995862,0.03615647554397583,0.029676320031285286,0.9949431099873578,0.96484375,1.0,0.05396462231874466
exact,43,wavenumber 12,OOD frequency,30,-1.656282901763916,0.008317902684211731,0.04410913214087486,0.03192714974284172,0.9870808678500986,0.9462890625,1.0,0.05395926162600517
exact,43,wavenumber 12,OOD frequency,31,-1.656282901763916,0.015701383352279663,0.06149908900260925,0.04494435340166092,0.991290911644894,0.9638671875,1.0,0.05455556511878967
foundation,43,wavenumber 12,OOD frequency,32,-1.6587512493133545,0.006686599925160408,0.03656065836548805,0.02789384499192238,0.9860001794848784,0.9443359375,1.0,0.054814763367176056
foundation,43,wavenumber 12,OOD frequency,33,-1.6587512493133545,0.017820080742239952,0.06031976640224457,0.036083973944187164,0.9944816468253967,0.9521484375,0.9999999403953552,0.05426850914955139
foundation,43,wavenumber 12,OOD frequency,34,-1.6587512493133545,0.007471204735338688,0.03852643817663193,0.023052087053656578,0.9844413012729845,0.9423828125,1.0,0.0537603497505188
foundation,43,wavenumber 12,OOD frequency,35,-1.6587512493133545,0.006922060623764992,0.03990360349416733,0.030002370476722717,0.9943786982248521,0.9443359375,1.0,0.052770473062992096
foundation,43,wavenumber 12,OOD frequency,36,-1.6587512493133545,0.018717432394623756,0.06179932504892349,0.03936034440994263,0.9930898321816387,0.958984375,1.0,0.05335710942745209
foundation,43,wavenumber 12,OOD frequency,37,-1.6587512493133545,0.007870514877140522,0.04135776311159134,0.03129149228334427,0.99168035030104,0.9609375,0.9999999403953552,0.05325184762477875
foundation,43,wavenumber 12,OOD frequency,38,-1.6587512493133545,0.006916773971170187,0.03603541851043701,0.027087753638625145,0.9933925049309664,0.955078125,1.0,0.05347641557455063
foundation,43,wavenumber 12,OOD frequency,39,-1.6587512493133545,0.007712241727858782,0.03897564858198166,0.02651842124760151,0.9934947299077733,0.9609375,0.9999999403953552,0.05475322902202606
foundation,43,wavenumber 12,OOD frequency,40,-1.6587512493133545,0.023526065051555634,0.07207095623016357,0.04249313473701477,0.9933927981499835,0.9580078125,0.9999999403953552,0.05445566028356552
foundation,43,wavenumber 12,OOD frequency,41,-1.6587512493133545,0.01632562093436718,0.06032097712159157,0.0411277674138546,0.9930898321816387,0.951171875,1.0,0.05238496512174606
foundation,43,wavenumber 12,OOD frequency,42,-1.6587512493133545,0.006011859513819218,0.03159646317362785,0.020049719139933586,0.9936282868168357,0.9638671875,1.0,0.05527348443865776
foundation,43,wavenumber 12,OOD frequency,43,-1.6587512493133545,0.014619750902056694,0.05666756257414818,0.03459874540567398,0.9928075396825398,0.947265625,0.9989691376686096,0.052766092121601105
foundation,43,wavenumber 12,OOD frequency,44,-1.6587512493133545,0.014915011823177338,0.05412137508392334,0.03317397087812424,0.9893814997263273,0.962890625,1.0,0.05256129801273346
foundation,43,wavenumber 12,OOD frequency,45,-1.6587512493133545,0.012812779285013676,0.04873083531856537,0.029912492260336876,0.9891518737672584,0.9599609375,1.0,0.053702399134635925
foundation,43,wavenumber 12,OOD frequency,46,-1.6587512493133545,0.011774275451898575,0.047808632254600525,0.03310380131006241,0.9844181459566075,0.951171875,1.0,0.05466635525226593
foundation,43,wavenumber 12,OOD frequency,47,-1.6587512493133545,0.012281048111617565,0.04959399253129959,0.0285064447671175,0.9846712917079616,0.9443359375,1.0,0.054213475435972214
exact,43,wavenumber 12,OOD frequency,32,-1.656282901763916,0.006745453923940659,0.03687170147895813,0.028164368122816086,0.9851924975320829,0.9443359375,1.0,0.054953157901763916
exact,43,wavenumber 12,OOD frequency,33,-1.656282901763916,0.017697922885417938,0.059903793036937714,0.03801087290048599,0.9949763420760558,0.953125,0.9999999403953552,0.05450967699289322
exact,43,wavenumber 12,OOD frequency,34,-1.656282901763916,0.007586334832012653,0.03851420432329178,0.02270958200097084,0.981966053748232,0.94140625,1.0,0.05404980108141899
exact,43,wavenumber 12,OOD frequency,35,-1.656282901763916,0.006820765323936939,0.039358049631118774,0.028710030019283295,0.9936883629191322,0.9453125,0.9999999403953552,0.052972931414842606
exact,43,wavenumber 12,OOD frequency,36,-1.656282901763916,0.01820431835949421,0.06048012152314186,0.037647273391485214,0.9928206048640402,0.95703125,0.9999999403953552,0.053478654474020004
exact,43,wavenumber 12,OOD frequency,37,-1.656282901763916,0.007817307487130165,0.041262634098529816,0.031261395663022995,0.99168035030104,0.9609375,0.9999999403953552,0.05324909836053848
exact,43,wavenumber 12,OOD frequency,38,-1.656282901763916,0.006943922955542803,0.03576664626598358,0.02544821798801422,0.9942564838912321,0.9541015625,1.0,0.053820494562387466
exact,43,wavenumber 12,OOD frequency,39,-1.656282901763916,0.007750502787530422,0.039154402911663055,0.02666471153497696,0.9934123847167325,0.9599609375,1.0,0.054843053221702576
exact,43,wavenumber 12,OOD frequency,40,-1.656282901763916,0.023512104526162148,0.07212793827056885,0.04269194230437279,0.9934588701684837,0.9580078125,0.9999999403953552,0.054557330906391144
exact,43,wavenumber 12,OOD frequency,41,-1.656282901763916,0.01601855456829071,0.05952075123786926,0.04104273393750191,0.9952065738415887,0.951171875,1.0,0.05268446356058121
exact,43,wavenumber 12,OOD frequency,42,-1.656282901763916,0.006060065235942602,0.031975582242012024,0.02115677297115326,0.9935385443776362,0.9638671875,1.0,0.05532723665237427
exact,43,wavenumber 12,OOD frequency,43,-1.656282901763916,0.015032369643449783,0.05768822133541107,0.03466256707906723,0.9901552692434754,0.9462890625,0.9989680647850037,0.05285951495170593
exact,43,wavenumber 12,OOD frequency,44,-1.656282901763916,0.015105899423360825,0.05482867360115051,0.03350800648331642,0.9896004378762999,0.962890625,1.0,0.05261324346065521
exact,43,wavenumber 12,OOD frequency,45,-1.656282901763916,0.01268653105944395,0.048265859484672546,0.031721331179142,0.9887573964497042,0.9599609375,1.0,0.05381319299340248
exact,43,wavenumber 12,OOD frequency,46,-1.656282901763916,0.011740805581212044,0.04776759073138237,0.033091578632593155,0.9838264299802761,0.951171875,1.0,0.05475766211748123
exact,43,wavenumber 12,OOD frequency,47,-1.656282901763916,0.012308931909501553,0.04954097047448158,0.027097607031464577,0.9869151235469362,0.9423828125,1.0,0.054493248462677
foundation,43,wavenumber 12,OOD frequency,48,-1.6587512493133545,0.00719519704580307,0.03741657733917236,0.027701668441295624,0.9864130434782609,0.939453125,1.0,0.05383983999490738
foundation,43,wavenumber 12,OOD frequency,49,-1.6587512493133545,0.00698415981605649,0.03915336728096008,0.028948605060577393,0.9909270216962525,0.95703125,0.9999999403953552,0.05435723438858986
foundation,43,wavenumber 12,OOD frequency,50,-1.6587512493133545,0.011443945579230785,0.0473354272544384,0.024604368954896927,0.984537221117738,0.9423828125,0.9989637732505798,0.05429134517908096
foundation,43,wavenumber 12,OOD frequency,51,-1.6587512493133545,0.009239246137440205,0.045938607305288315,0.035599131137132645,0.9875573018991487,0.947265625,1.0,0.0530354380607605
foundation,43,wavenumber 12,OOD frequency,52,-1.6587512493133545,0.006502747070044279,0.035816654562950134,0.028416376560926437,0.9900266891417334,0.9599609375,1.0,0.053237974643707275
foundation,43,wavenumber 12,OOD frequency,53,-1.6587512493133545,0.00771464966237545,0.03917645663022995,0.030108200386166573,0.9875530410183875,0.9423828125,1.0,0.053803108632564545
foundation,43,wavenumber 12,OOD frequency,54,-1.6587512493133545,0.02461339719593525,0.0783904641866684,0.0476815290749073,0.9897891963109354,0.9658203125,1.0,0.054302580654621124
foundation,43,wavenumber 12,OOD frequency,55,-1.6587512493133545,0.009848052635788918,0.04674335941672325,0.028792854398489,0.9832610515103097,0.94140625,0.9989627003669739,0.052722539752721786
foundation,43,wavenumber 12,OOD frequency,56,-1.6587512493133545,0.00913288164883852,0.04516221582889557,0.028036747127771378,0.9834449404761905,0.9375,0.99895840883255,0.05323653668165207
foundation,43,wavenumber 12,OOD frequency,57,-1.6587512493133545,0.006060842424631119,0.03270242363214493,0.0226134080439806,0.9902572523262179,0.962890625,1.0,0.05396897718310356
foundation,43,wavenumber 12,OOD frequency,58,-1.6587512493133545,0.010806582868099213,0.05046248435974121,0.03369816392660141,0.9855514672888809,0.94140625,1.0,0.05476880818605423
foundation,43,wavenumber 12,OOD frequency,59,-1.6587512493133545,0.013702122494578362,0.05456600710749626,0.03346254676580429,0.9869177403369672,0.9521484375,0.9999999403953552,0.052775897085666656
foundation,43,wavenumber 12,OOD frequency,60,-1.6587512493133545,0.0113535076379776,0.05149493366479874,0.0384485088288784,0.9906496062992126,0.9541015625,1.0,0.05355818569660187
foundation,43,wavenumber 12,OOD frequency,61,-1.6587512493133545,0.009737546555697918,0.04289894178509712,0.030004197731614113,0.9859530832982161,0.953125,0.9999999403953552,0.053907062858343124
foundation,43,wavenumber 12,OOD frequency,62,-1.6587512493133545,0.011183646507561207,0.049797605723142624,0.02874775230884552,0.9828147100424328,0.9501953125,0.9989722967147827,0.052383460104465485
foundation,43,wavenumber 12,OOD frequency,63,-1.6587512493133545,0.00729675916954875,0.03529168292880058,0.02036147192120552,0.9848090277777779,0.943359375,1.0,0.05406509339809418
exact,43,wavenumber 12,OOD frequency,48,-1.656282901763916,0.007393575739115477,0.03774233162403107,0.02783026546239853,0.9898249091509747,0.9375,1.0,0.05401589721441269
exact,43,wavenumber 12,OOD frequency,49,-1.656282901763916,0.006823061965405941,0.038486458361148834,0.02735234797000885,0.9901380670611439,0.95703125,0.9999999403953552,0.0544888973236084
exact,43,wavenumber 12,OOD frequency,50,-1.656282901763916,0.011403381824493408,0.047077007591724396,0.024787651374936104,0.9838177533385704,0.94140625,0.9989627003669739,0.0547807440161705
exact,43,wavenumber 12,OOD frequency,51,-1.656282901763916,0.009137187153100967,0.045406658202409744,0.035015612840652466,0.9854289456450557,0.9453125,0.9999999403953552,0.0533330962061882
exact,43,wavenumber 12,OOD frequency,52,-1.656282901763916,0.006494728848338127,0.03576367348432541,0.028348203748464584,0.9918799212598425,0.9599609375,1.0,0.05336406081914902
exact,43,wavenumber 12,OOD frequency,53,-1.656282901763916,0.007751778699457645,0.03941350802779198,0.029605042189359665,0.9888999008919722,0.9423828125,1.0,0.053819023072719574
exact,43,wavenumber 12,OOD frequency,54,-1.656282901763916,0.025108007714152336,0.07968439161777496,0.04830952733755112,0.9897068511198946,0.9658203125,1.0,0.05435805767774582
exact,43,wavenumber 12,OOD frequency,55,-1.656282901763916,0.009444329887628555,0.04553233087062836,0.026935184374451637,0.9857284440039643,0.939453125,0.9989604949951172,0.052955467253923416
exact,43,wavenumber 12,OOD frequency,56,-1.656282901763916,0.009071338921785355,0.044673554599285126,0.028093606233596802,0.984111221449851,0.9384765625,0.998959481716156,0.05346008390188217
exact,43,wavenumber 12,OOD frequency,57,-1.656282901763916,0.00613789726048708,0.03305253013968468,0.022920768707990646,0.9901477832512315,0.962890625,1.0,0.054038677364587784
exact,43,wavenumber 12,OOD frequency,58,-1.656282901763916,0.010560823604464531,0.049579963088035583,0.03463380038738251,0.98393610338329,0.9423828125,1.0,0.05491546541452408
exact,43,wavenumber 12,OOD frequency,59,-1.656282901763916,0.01350709330290556,0.05402921885251999,0.033417604863643646,0.9859266600594648,0.951171875,1.0,0.05319300293922424
exact,43,wavenumber 12,OOD frequency,60,-1.656282901763916,0.011071459390223026,0.05087558925151825,0.03812261298298836,0.9905265748031495,0.9541015625,1.0,0.05369464308023453
exact,43,wavenumber 12,OOD frequency,61,-1.656282901763916,0.00969874206930399,0.042637672275304794,0.03012232482433319,0.9851102682961089,0.953125,0.9999999403953552,0.05416923016309738
exact,43,wavenumber 12,OOD frequency,62,-1.656282901763916,0.010912882164120674,0.04882221296429634,0.027633290737867355,0.9816831683168317,0.94921875,0.998971164226532,0.05264502391219139
exact,43,wavenumber 12,OOD frequency,63,-1.656282901763916,0.007379461545497179,0.03549521416425705,0.020429056137800217,0.9841269841269842,0.94140625,1.0,0.05416364222764969
foundation,43,mirrored kites,lsmlab-inspired,0,-1.6587512493133545,0.027113446965813637,0.09796608984470367,0.03267326205968857,0.9518265639589168,0.8974609375,0.9727964997291565,0.06657487154006958
foundation,43,mirrored kites,lsmlab-inspired,1,-1.6587512493133545,0.02207491733133793,0.08124499022960663,0.0222729854285717,0.9654167032581012,0.916015625,0.980810284614563,0.06532874703407288
foundation,43,mirrored kites,lsmlab-inspired,2,-1.6587512493133545,0.018441395834088326,0.06312479078769684,0.021785328164696693,0.963388090349076,0.8994140625,0.9891422986984253,0.06631834805011749
foundation,43,mirrored kites,lsmlab-inspired,3,-1.6587512493133545,0.018672166392207146,0.06487402319908142,0.02601640671491623,0.9479475243334744,0.875,0.988839328289032,0.06797812134027481
foundation,43,mirrored kites,lsmlab-inspired,4,-1.6587512493133545,0.018848896026611328,0.06527853012084961,0.021884268149733543,0.9619256933542648,0.912109375,0.9860813617706299,0.06688959151506424
foundation,43,mirrored kites,lsmlab-inspired,5,-1.6587512493133545,0.02616121806204319,0.09681525081396103,0.031341735273599625,0.9504333523122668,0.9072265625,0.9752421975135803,0.06534276902675629
foundation,43,mirrored kites,lsmlab-inspired,6,-1.6587512493133545,0.014926973730325699,0.05143215134739876,0.019081301987171173,0.9622967479674797,0.8994140625,0.9923995733261108,0.06741371750831604
foundation,43,mirrored kites,lsmlab-inspired,7,-1.6587512493133545,0.023755038157105446,0.08567675203084946,0.027250053361058235,0.9523491701062615,0.9091796875,0.9795918464660645,0.06580063700675964
foundation,43,mirrored kites,lsmlab-inspired,8,-1.6587512493133545,0.020122306421399117,0.06721724569797516,0.02659515291452408,0.9581611570247934,0.884765625,0.9878587126731873,0.06682148575782776
foundation,43,mirrored kites,lsmlab-inspired,9,-1.6587512493133545,0.02488826960325241,0.08619570732116699,0.02938799560070038,0.954751059657114,0.8916015625,0.9791895151138306,0.06759560108184814
foundation,43,mirrored kites,lsmlab-inspired,10,-1.6587512493133545,0.014014961197972298,0.04742036759853363,0.01995766907930374,0.9698409309277249,0.9091796875,0.9957035779953003,0.06735870242118835
foundation,43,mirrored kites,lsmlab-inspired,11,-1.6587512493133545,0.026487579569220543,0.09422310441732407,0.0317721962928772,0.9423883716215162,0.8837890625,0.9756905436515808,0.06588055938482285
foundation,43,mirrored kites,lsmlab-inspired,12,-1.6587512493133545,0.03143615275621414,0.11309140920639038,0.040426988154649734,0.9209430044873083,0.8505859375,0.9690011143684387,0.06701523065567017
foundation,43,mirrored kites,lsmlab-inspired,13,-1.6587512493133545,0.020495345816016197,0.07296831905841827,0.02495160698890686,0.9575219549446354,0.908203125,0.9817204475402832,0.06702570617198944
foundation,43,mirrored kites,lsmlab-inspired,14,-1.6587512493133545,0.02231055684387684,0.08102361112833023,0.026169780641794205,0.9508880785210181,0.904296875,0.9794816374778748,0.06660202890634537
foundation,43,mirrored kites,lsmlab-inspired,15,-1.6587512493133545,0.025263633579015732,0.08937188982963562,0.029835928231477737,0.9559900319960621,0.9033203125,0.9762162566184998,0.06614582240581512
exact,43,mirrored kites,lsmlab-inspired,0,-1.656282901763916,0.026791434735059738,0.09648066759109497,0.032116085290908813,0.9541462418300654,0.900390625,0.9739696383476257,0.0665622353553772
exact,43,mirrored kites,lsmlab-inspired,1,-1.656282901763916,0.02181575447320938,0.08026105165481567,0.02159014344215393,0.9667339949064724,0.9130859375,0.9839572310447693,0.0653684139251709
exact,43,mirrored kites,lsmlab-inspired,2,-1.656282901763916,0.018116530030965805,0.06204761564731598,0.020976318046450615,0.9660164271047228,0.8994140625,0.9902280569076538,0.06632362306118011
exact,43,mirrored kites,lsmlab-inspired,3,-1.656282901763916,0.01823524758219719,0.06341826170682907,0.025094306096434593,0.9503901437371662,0.880859375,0.9889135360717773,0.06796085834503174
exact,43,mirrored kites,lsmlab-inspired,4,-1.656282901763916,0.018512072041630745,0.06410285830497742,0.02115314081311226,0.9627945696721311,0.912109375,0.9871520400047302,0.06687082350254059
exact,43,mirrored kites,lsmlab-inspired,5,-1.656282901763916,0.025820286944508553,0.09522289782762527,0.030745912343263626,0.9529164294299993,0.9091796875,0.9752954244613647,0.06528371572494507
exact,43,mirrored kites,lsmlab-inspired,6,-1.656282901763916,0.014579773880541325,0.05040556937456131,0.018270879983901978,0.96300924118183,0.9013671875,0.9924160242080688,0.0674133151769638
exact,43,mirrored kites,lsmlab-inspired,7,-1.656282901763916,0.02346167527139187,0.08451054245233536,0.026653775945305824,0.9505796549284276,0.908203125,0.9806451797485352,0.06580598652362823
exact,43,mirrored kites,lsmlab-inspired,8,-1.656282901763916,0.019739817827939987,0.06591762602329254,0.025873446837067604,0.9597147950089127,0.8857421875,0.9889746904373169,0.06682248413562775
exact,43,mirrored kites,lsmlab-inspired,9,-1.656282901763916,0.02453233115375042,0.08483792096376419,0.028686169534921646,0.9552097537498998,0.890625,0.9813596606254578,0.06758008897304535
exact,43,mirrored kites,lsmlab-inspired,10,-1.656282901763916,0.013687537983059883,0.046510063111782074,0.020728813484311104,0.9686234817813765,0.9091796875,0.9967776536941528,0.06735029816627502
exact,43,mirrored kites,lsmlab-inspired,11,-1.656282901763916,0.026217063888907433,0.09301112592220306,0.031204842031002045,0.9445406197850872,0.8837890625,0.9756905436515808,0.06589944660663605
exact,43,mirrored kites,lsmlab-inspired,12,-1.656282901763916,0.030999330803751945,0.11107420921325684,0.03962671011686325,0.9221418116766954,0.8525390625,0.9702177047729492,0.06700081378221512
exact,43,mirrored kites,lsmlab-inspired,13,-1.656282901763916,0.020168181508779526,0.07157968729734421,0.024287447333335876,0.9579309406758253,0.9091796875,0.9817401170730591,0.06700228154659271
exact,43,mirrored kites,lsmlab-inspired,14,-1.656282901763916,0.02201450988650322,0.079762302339077,0.02553730085492134,0.9503893423398067,0.9052734375,0.9805824756622314,0.06660234928131104
exact,43,mirrored kites,lsmlab-inspired,15,-1.656282901763916,0.024909600615501404,0.08784686028957367,0.029146142303943634,0.9587589219788335,0.90234375,0.9783549904823303,0.06614010035991669
foundation,43,mirrored kites,lsmlab-inspired,16,-1.6587512493133545,0.017509445548057556,0.05778799206018448,0.02259843796491623,0.970082135523614,0.908203125,0.9913978576660156,0.06573385000228882
foundation,43,mirrored kites,lsmlab-inspired,17,-1.6587512493133545,0.012672391720116138,0.04547527804970741,0.01657796837389469,0.9637729308103423,0.8974609375,0.9934711456298828,0.06710752844810486
foundation,43,mirrored kites,lsmlab-inspired,18,-1.6587512493133545,0.027154261246323586,0.09759832918643951,0.03407342731952667,0.9393830488170111,0.8798828125,0.9744728207588196,0.0670124739408493
foundation,43,mirrored kites,lsmlab-inspired,19,-1.6587512493133545,0.015895437449216843,0.05472923815250397,0.021214347332715988,0.9535060975609756,0.8974609375,0.9902067184448242,0.06657523661851883
foundation,43,mirrored kites,lsmlab-inspired,20,-1.6587512493133545,0.01868952438235283,0.06485003978013992,0.023647364228963852,0.955202224774802,0.8837890625,0.9900552034378052,0.06763935089111328
foundation,43,mirrored kites,lsmlab-inspired,21,-1.6587512493133545,0.020835405215620995,0.07015912979841232,0.025410307571291924,0.9628578567858928,0.8935546875,0.9857923984527588,0.0666554719209671
foundation,43,mirrored kites,lsmlab-inspired,22,-1.6587512493133545,0.020809095352888107,0.07312343269586563,0.024911094456911087,0.951824153213042,0.9052734375,0.9859762191772461,0.06710116565227509
foundation,43,mirrored kites,lsmlab-inspired,23,-1.6587512493133545,0.025260495021939278,0.09379912912845612,0.0301678404211998,0.9459051897008103,0.8974609375,0.9727964997291565,0.06589086353778839
foundation,43,mirrored kites,lsmlab-inspired,24,-1.6587512493133545,0.025585288181900978,0.09594696015119553,0.02797725424170494,0.9528373505408996,0.900390625,0.9761388301849365,0.06486514210700989
foundation,43,mirrored kites,lsmlab-inspired,25,-1.6587512493133545,0.013224463909864426,0.043744441121816635,0.016406390815973282,0.976993701291769,0.9248046875,0.9936642646789551,0.06549012660980225
foundation,43,mirrored kites,lsmlab-inspired,26,-1.6587512493133545,0.02600896917283535,0.08859509229660034,0.03273892030119896,0.943480091704487,0.8720703125,0.9809630513191223,0.06696131825447083
foundation,43,mirrored kites,lsmlab-inspired,27,-1.6587512493133545,0.0268710907548666,0.09544191509485245,0.032900746911764145,0.9447277717993108,0.8984375,0.9760869145393372,0.0681091696023941
foundation,43,mirrored kites,lsmlab-inspired,28,-1.6587512493133545,0.02212350256741047,0.07913272827863693,0.02547035552561283,0.9523970353691715,0.9130859375,0.9807486534118652,0.06582943350076675
foundation,43,mirrored kites,lsmlab-inspired,29,-1.6587512493133545,0.018933329731225967,0.06340333074331284,0.0229494608938694,0.9627390524555146,0.892578125,0.9901531934738159,0.06661558896303177
foundation,43,mirrored kites,lsmlab-inspired,30,-1.6587512493133545,0.01939154975116253,0.06740307807922363,0.02314470149576664,0.957484017643744,0.8857421875,0.9889746904373169,0.067082479596138
foundation,43,mirrored kites,lsmlab-inspired,31,-1.6587512493133545,0.018776748329401016,0.06638731062412262,0.01853809878230095,0.9648665297741273,0.9052734375,0.9913699626922607,0.06746820360422134
exact,43,mirrored kites,lsmlab-inspired,16,-1.656282901763916,0.01711120828986168,0.05642326921224594,0.02188638225197792,0.973305954825462,0.9091796875,0.9914070963859558,0.06573419272899628
exact,43,mirrored kites,lsmlab-inspired,17,-1.656282901763916,0.012384017929434776,0.04457208141684532,0.015808511525392532,0.967095189946555,0.8994140625,0.9934853911399841,0.06709396839141846
exact,43,mirrored kites,lsmlab-inspired,18,-1.656282901763916,0.026755845174193382,0.09572222083806992,0.03338046371936798,0.9409211624554215,0.8818359375,0.9745293855667114,0.06698901951313019
exact,43,mirrored kites,lsmlab-inspired,19,-1.656282901763916,0.015540380962193012,0.05356499180197716,0.020483987405896187,0.9566056910569105,0.900390625,0.990238606929779,0.06656183302402496
exact,43,mirrored kites,lsmlab-inspired,20,-1.656282901763916,0.018292633816599846,0.06353822350502014,0.02276664227247238,0.957135523613963,0.8828125,0.991150438785553,0.06763821095228195
exact,43,mirrored kites,lsmlab-inspired,21,-1.656282901763916,0.020433316007256508,0.06878286600112915,0.024563251063227654,0.9640777227453328,0.8984375,0.9869564771652222,0.06667089462280273
exact,43,mirrored kites,lsmlab-inspired,22,-1.656282901763916,0.020469803363084793,0.07178813219070435,0.024189092218875885,0.9549303577081354,0.90625,0.985991358757019,0.06710437685251236
exact,43,mirrored kites,lsmlab-inspired,23,-1.656282901763916,0.02495485544204712,0.09227510541677475,0.029588226228952408,0.9463053385416667,0.8994140625,0.9728556275367737,0.06587398052215576
exact,43,mirrored kites,lsmlab-inspired,24,-1.656282901763916,0.025261176750063896,0.09455020725727081,0.027276095002889633,0.9548617701018537,0.9013671875,0.976164698600769,0.06491570174694061
exact,43,mirrored kites,lsmlab-inspired,25,-1.656282901763916,0.012928886339068413,0.04287225380539894,0.01582128182053566,0.9789153410910644,0.9248046875,0.9936642646789551,0.06548966467380524
exact,43,mirrored kites,lsmlab-inspired,26,-1.656282901763916,0.025655822828412056,0.0871850773692131,0.0320998840034008,0.946115815904802,0.875,0.981026828289032,0.06696370244026184
exact,43,mirrored kites,lsmlab-inspired,27,-1.656282901763916,0.026506230235099792,0.09376273304224014,0.03227676451206207,0.9444613780380204,0.8994140625,0.976112961769104,0.06812387704849243
exact,43,mirrored kites,lsmlab-inspired,28,-1.656282901763916,0.021805662661790848,0.07788841426372528,0.024784620851278305,0.9549676329862088,0.9130859375,0.9818181991577148,0.06581208854913712
exact,43,mirrored kites,lsmlab-inspired,29,-1.656282901763916,0.01858067885041237,0.0622624009847641,0.022200362756848335,0.963429158110883,0.8916015625,0.9912376999855042,0.06662897020578384
exact,43,mirrored kites,lsmlab-inspired,30,-1.656282901763916,0.019018162041902542,0.06627713888883591,0.022282708436250687,0.9603987330703613,0.8857421875,0.9911797642707825,0.06709036231040955
exact,43,mirrored kites,lsmlab-inspired,31,-1.656282901763916,0.01847092993557453,0.06542077660560608,0.017613036558032036,0.9674537987679671,0.90625,0.9913793206214905,0.06744963675737381
foundation,43,mirrored kites,lsmlab-inspired,32,-1.6587512493133545,0.024686120450496674,0.08364695310592651,0.030325697734951973,0.9597845056529328,0.8818359375,0.9856035709381104,0.06809325516223907
foundation,43,mirrored kites,lsmlab-inspired,33,-1.6587512493133545,0.018893811851739883,0.06629697978496552,0.021983236074447632,0.9608094262295082,0.9150390625,0.9850586652755737,0.06666681915521622
foundation,43,mirrored kites,lsmlab-inspired,34,-1.6587512493133545,0.023303547874093056,0.08798988908529282,0.02642463520169258,0.9405622786304605,0.8955078125,0.9825517535209656,0.06658203899860382
foundation,43,mirrored kites,lsmlab-inspired,35,-1.6587512493133545,0.02212022803723812,0.08425094187259674,0.023768819868564606,0.9573468314011502,0.927734375,0.9768420457839966,0.06514735519886017
foundation,43,mirrored kites,lsmlab-inspired,36,-1.6587512493133545,0.025135090574622154,0.09396902471780777,0.0265391506254673,0.9503970482072672,0.90234375,0.9783549904823303,0.06583409756422043
foundation,43,mirrored kites,lsmlab-inspired,37,-1.6587512493133545,0.02309037372469902,0.08310988545417786,0.025249294936656952,0.9572670589268464,0.91015625,0.979613721370697,0.0659586563706398
foundation,43,mirrored kites,lsmlab-inspired,38,-1.6587512493133545,0.023934664204716682,0.08564698696136475,0.029301032423973083,0.946985446985447,0.8916015625,0.9791895151138306,0.0682101845741272
foundation,43,mirrored kites,lsmlab-inspired,39,-1.6587512493133545,0.027862433344125748,0.09764741361141205,0.03470947593450546,0.9527101969088054,0.8955078125,0.9727371335029602,0.06664697825908661
foundation,43,mirrored kites,lsmlab-inspired,40,-1.6587512493133545,0.03071529231965542,0.10909203439950943,0.03712477535009384,0.9450271247739602,0.8828125,0.9679203629493713,0.06646770238876343
foundation,43,mirrored kites,lsmlab-inspired,41,-1.6587512493133545,0.020945955067873,0.07569612562656403,0.023267151787877083,0.9585527466335035,0.9208984375,0.9809120297431946,0.06697504967451096
foundation,43,mirrored kites,lsmlab-inspired,42,-1.6587512493133545,0.022555408999323845,0.07974027097225189,0.025647416710853577,0.9507268299881936,0.900390625,0.9826464056968689,0.0665765106678009
foundation,43,mirrored kites,lsmlab-inspired,43,-1.6587512493133545,0.02018873393535614,0.0679677426815033,0.025589285418391228,0.9566714150047483,0.8984375,0.9869564771652222,0.06619632244110107
foundation,43,mirrored kites,lsmlab-inspired,44,-1.6587512493133545,0.02461523935198784,0.09061073511838913,0.02713494934141636,0.9487802058041392,0.9052734375,0.9751887321472168,0.06622578203678131
foundation,43,mirrored kites,lsmlab-inspired,45,-1.6587512493133545,0.022883137688040733,0.08102928847074509,0.02699892781674862,0.9615613775258329,0.9111328125,0.981779158115387,0.06566101312637329
foundation,43,mirrored kites,lsmlab-inspired,46,-1.6587512493133545,0.02502250112593174,0.08539480715990067,0.027840953320264816,0.9624929814710836,0.90234375,0.9837662577629089,0.06533510982990265
foundation,43,mirrored kites,lsmlab-inspired,47,-1.6587512493133545,0.025267232209444046,0.08946094661951065,0.02991611510515213,0.9494505494505494,0.890625,0.9758772253990173,0.06625223159790039
exact,43,mirrored kites,lsmlab-inspired,32,-1.656282901763916,0.02427458018064499,0.08207806944847107,0.029553858563303947,0.9595127809229713,0.8828125,0.9856194853782654,0.0680810809135437
exact,43,mirrored kites,lsmlab-inspired,33,-1.656282901763916,0.01856287010014057,0.06502195447683334,0.02130102552473545,0.9637124316939891,0.9140625,0.9861111640930176,0.06665779650211334
exact,43,mirrored kites,lsmlab-inspired,34,-1.656282901763916,0.02295512519776821,0.0865531787276268,0.025640297681093216,0.9430526859504132,0.8994140625,0.9826276302337646,0.06656694412231445
exact,43,mirrored kites,lsmlab-inspired,35,-1.656282901763916,0.021841462701559067,0.08298918604850769,0.023109126836061478,0.9576446280991735,0.9267578125,0.9778714179992676,0.06513417512178421
exact,43,mirrored kites,lsmlab-inspired,36,-1.656282901763916,0.02487562596797943,0.09286504983901978,0.025930369272828102,0.95219379160985,0.90234375,0.9783549904823303,0.0658758208155632
exact,43,mirrored kites,lsmlab-inspired,37,-1.656282901763916,0.022775568068027496,0.08185233920812607,0.024529291316866875,0.9596030561166242,0.91015625,0.979613721370697,0.06596143543720245
exact,43,mirrored kites,lsmlab-inspired,38,-1.656282901763916,0.02354971133172512,0.08397377282381058,0.02858617715537548,0.9500368855207564,0.892578125,0.9803063869476318,0.06820711493492126
exact,43,mirrored kites,lsmlab-inspired,39,-1.656282901763916,0.027408938854932785,0.09563519805669785,0.03401003032922745,0.9522634231411555,0.8935546875,0.9748634099960327,0.06662359833717346
exact,43,mirrored kites,lsmlab-inspired,40,-1.656282901763916,0.030382348224520683,0.1075001135468483,0.03652123361825943,0.9455602536997886,0.8828125,0.9690265655517578,0.06647885590791702
exact,43,mirrored kites,lsmlab-inspired,41,-1.656282901763916,0.020657451823353767,0.07448583096265793,0.02261214703321457,0.9612925791345238,0.9208984375,0.9809120297431946,0.06699186563491821
exact,43,mirrored kites,lsmlab-inspired,42,-1.656282901763916,0.022239817306399345,0.07850749045610428,0.024940282106399536,0.9533832644628099,0.8994140625,0.9826276302337646,0.0665210634469986
exact,43,mirrored kites,lsmlab-inspired,43,-1.656282901763916,0.019820479676127434,0.0665777251124382,0.02490270510315895,0.9596786957898069,0.8994140625,0.988056480884552,0.0661846324801445
exact,43,mirrored kites,lsmlab-inspired,44,-1.656282901763916,0.024303210899233818,0.08924587070941925,0.02641022950410843,0.949936288645966,0.90625,0.975215494632721,0.06621816754341125
exact,43,mirrored kites,lsmlab-inspired,45,-1.656282901763916,0.0225676242262125,0.07966621965169907,0.026383038610219955,0.958895552223888,0.91015625,0.9828326106071472,0.06567282974720001
exact,43,mirrored kites,lsmlab-inspired,46,-1.656282901763916,0.024689795449376106,0.08403885364532471,0.027181852608919144,0.9624674479166666,0.9052734375,0.9838187098503113,0.06537586450576782
exact,43,mirrored kites,lsmlab-inspired,47,-1.656282901763916,0.02498573809862137,0.08815498650074005,0.029323453083634377,0.9503906249999999,0.892578125,0.9770240783691406,0.0662907063961029
foundation,43,mirrored kites,lsmlab-inspired,48,-1.6587512493133545,0.02628672681748867,0.09345926344394684,0.03007504716515541,0.943901436072626,0.884765625,0.9790287017822266,0.0667865127325058
foundation,43,mirrored kites,lsmlab-inspired,49,-1.6587512493133545,0.03105044737458229,0.1109171211719513,0.039572034031152725,0.9321575995282436,0.8779296875,0.9677419066429138,0.06729191541671753
foundation,43,mirrored kites,lsmlab-inspired,50,-1.6587512493133545,0.021842585876584053,0.07578863203525543,0.02362852171063423,0.9592126623376623,0.904296875,0.9848811626434326,0.06619878858327866
foundation,43,mirrored kites,lsmlab-inspired,51,-1.6587512493133545,0.023950090631842613,0.08672159165143967,0.02638677880167961,0.9512247493517004,0.896484375,0.9793028235435486,0.06741449236869812
foundation,43,mirrored kites,lsmlab-inspired,52,-1.6587512493133545,0.026644641533493996,0.093113012611866,0.027536073699593544,0.9530211666256461,0.8876953125,0.9790979027748108,0.06739290058612823
foundation,43,mirrored kites,lsmlab-inspired,53,-1.6587512493133545,0.022484680637717247,0.07772471755743027,0.0267693679779768,0.9575553250345782,0.8974609375,0.9858541488647461,0.06674683839082718
foundation,43,mirrored kites,lsmlab-inspired,54,-1.6587512493133545,0.016614170745015144,0.05509566888213158,0.021038860082626343,0.9698381933404473,0.9033203125,0.9935135245323181,0.06647320091724396
foundation,43,mirrored kites,lsmlab-inspired,55,-1.6587512493133545,0.02938622049987316,0.10675036162137985,0.03493724763393402,0.9444381223328591,0.892578125,0.970459520816803,0.06892778724431992
foundation,43,mirrored kites,lsmlab-inspired,56,-1.6587512493133545,0.022446705028414726,0.08033816516399384,0.02315451204776764,0.9608664888695369,0.9130859375,0.9818181991577148,0.06489818543195724
foundation,43,mirrored kites,lsmlab-inspired,57,-1.6587512493133545,0.026651471853256226,0.08963646739721298,0.03267853334546089,0.9430901916748546,0.8681640625,0.982002317905426,0.06761027127504349
foundation,43,mirrored kites,lsmlab-inspired,58,-1.6587512493133545,0.02707793191075325,0.09502625465393066,0.032305266708135605,0.9479035809822206,0.880859375,0.9756097197532654,0.06880579143762589
foundation,43,mirrored kites,lsmlab-inspired,59,-1.6587512493133545,0.020235003903508186,0.06878235191106796,0.02645156905055046,0.9590885175710735,0.8828125,0.9867256879806519,0.06679916381835938
foundation,43,mirrored kites,lsmlab-inspired,60,-1.6587512493133545,0.022397032007575035,0.08092910051345825,0.025295166298747063,0.9622376394133662,0.9189453125,0.976620614528656,0.06543521583080292
foundation,43,mirrored kites,lsmlab-inspired,61,-1.6587512493133545,0.024246003478765488,0.08764912188053131,0.028500957414507866,0.958251953125,0.912109375,0.9764453768730164,0.06556045264005661
foundation,43,mirrored kites,lsmlab-inspired,62,-1.6587512493133545,0.018902717158198357,0.06674832105636597,0.01995863951742649,0.9652361396303901,0.9140625,0.9871795177459717,0.06717544794082642
foundation,43,mirrored kites,lsmlab-inspired,63,-1.6587512493133545,0.022910339757800102,0.08154429495334625,0.026531316339969635,0.9624806359906711,0.9130859375,0.9786096215248108,0.06598712503910065
exact,43,mirrored kites,lsmlab-inspired,48,-1.656282901763916,0.025996414944529533,0.09231444448232651,0.02942429855465889,0.9460840134117796,0.8857421875,0.9790518283843994,0.06678321957588196
exact,43,mirrored kites,lsmlab-inspired,49,-1.656282901763916,0.030712714418768883,0.10925731807947159,0.039035242050886154,0.9308184053389532,0.8759765625,0.9698997139930725,0.06732408702373505
exact,43,mirrored kites,lsmlab-inspired,50,-1.656282901763916,0.02152744121849537,0.07466749846935272,0.022879432886838913,0.9597147950089127,0.90625,0.985991358757019,0.06621065735816956
exact,43,mirrored kites,lsmlab-inspired,51,-1.656282901763916,0.023630110546946526,0.08537686616182327,0.025606390088796616,0.9505132526428681,0.8994140625,0.9804560542106628,0.06739861518144608
exact,43,mirrored kites,lsmlab-inspired,52,-1.656282901763916,0.02633083425462246,0.0918116495013237,0.02852790802717209,0.9541633525164147,0.8916015625,0.9791895151138306,0.06735663115978241
exact,43,mirrored kites,lsmlab-inspired,53,-1.656282901763916,0.022132594138383865,0.07640156894922256,0.026031656190752983,0.9600968188105117,0.8974609375,0.9858541488647461,0.06672027707099915
exact,43,mirrored kites,lsmlab-inspired,54,-1.656282901763916,0.016274306923151016,0.05400567129254341,0.020315490663051605,0.9690840994211781,0.9033203125,0.9956756830215454,0.06647676229476929
exact,43,mirrored kites,lsmlab-inspired,55,-1.656282901763916,0.029047952964901924,0.10510165989398956,0.034303829073905945,0.9456088039986749,0.89453125,0.97052401304245,0.06890155375003815
exact,43,mirrored kites,lsmlab-inspired,56,-1.656282901763916,0.022153152152895927,0.07913726568222046,0.022416217252612114,0.9632068796603712,0.9130859375,0.9818181991577148,0.06491030752658844
exact,43,mirrored kites,lsmlab-inspired,57,-1.656282901763916,0.026199379935860634,0.08805841952562332,0.03182562068104744,0.9443759094072247,0.8671875,0.9831081032752991,0.06760372221469879
exact,43,mirrored kites,lsmlab-inspired,58,-1.656282901763916,0.02666582353413105,0.09332314133644104,0.03155510127544403,0.9504308115218066,0.8837890625,0.9756905436515808,0.06879234313964844
exact,43,mirrored kites,lsmlab-inspired,59,-1.656282901763916,0.019846880808472633,0.0673670694231987,0.025725914165377617,0.9607622491145218,0.8828125,0.9878318309783936,0.06679148972034454
exact,43,mirrored kites,lsmlab-inspired,60,-1.656282901763916,0.02209295518696308,0.0796571895480156,0.024667788296937943,0.9640291560551506,0.921875,0.9766949415206909,0.06542651355266571
exact,43,mirrored kites,lsmlab-inspired,61,-1.656282901763916,0.0239548422396183,0.08633480966091156,0.027958139777183533,0.9588556893447632,0.9140625,0.9764958024024963,0.06558926403522491
exact,43,mirrored kites,lsmlab-inspired,62,-1.656282901763916,0.01856781356036663,0.06564468145370483,0.019104110077023506,0.9679055441478439,0.9140625,0.9882479310035706,0.06714498996734619
exact,43,mirrored kites,lsmlab-inspired,63,-1.656282901763916,0.02257060818374157,0.080082468688488,0.025875184684991837,0.9647958054576715,0.9150390625,0.9797224998474121,0.06597231328487396
