model,seed,scenario,category,count,wavenumber,noise,aperture_degrees,task,auc,average_precision,iou_top7,centroid_error,area_matched_iou,score_correlation_exact,relative_residual,success_ap80
small,17,one obstacle,ID,1,8.0,0.05,360.0,0,1.0,1.0,0.16666666666666666,0.003205811372026801,1.0,0.9999999973693675,0.0006843668525107205,1.0
small,17,one obstacle,ID,1,8.0,0.05,360.0,1,1.0,1.0,0.1388888888888889,0.046434808522462845,1.0,0.9999999953680536,0.0004900611820630729,1.0
small,17,one obstacle,ID,1,8.0,0.05,360.0,2,0.999630905511811,0.9659090909090909,0.1111111111111111,0.10247135907411575,0.7777777777777778,0.9999999929393472,0.0005025863065384328,1.0
small,17,one obstacle,ID,1,8.0,0.05,360.0,3,1.0,1.0,0.2222222222222222,0.0030412981286644936,1.0,0.9999999966611939,0.0005963588482700288,1.0
small,17,one obstacle,ID,1,8.0,0.05,360.0,4,1.0,0.9999999999999998,0.09722222222222222,0.15805256366729736,1.0,0.9999999949719474,0.0005244711646810174,1.0
small,17,one obstacle,ID,1,8.0,0.05,360.0,5,1.0,1.0,0.125,0.03309934213757515,1.0,0.9999999940755265,0.0005114628584124148,1.0
small,17,one obstacle,ID,1,8.0,0.05,360.0,6,0.9993096646942801,0.9351301476301476,0.1388888888888889,0.010179199278354645,0.6666666666666666,0.9999999956424246,0.0007702369475737214,1.0
small,17,one obstacle,ID,1,8.0,0.05,360.0,7,1.0,1.0,0.2222222222222222,0.015109135769307613,1.0,0.9999999954922125,0.0007966108387336135,1.0
small,17,one obstacle,ID,1,8.0,0.05,360.0,8,1.0,1.0,0.18055555555555555,0.006506984122097492,1.0,0.9999999968562845,0.0006948033696971834,1.0
small,17,one obstacle,ID,1,8.0,0.05,360.0,9,0.9999176548089591,0.9935897435897435,0.16666666666666666,0.038802482187747955,0.8461538461538461,0.9999999980835078,0.0007921868236735463,1.0
small,17,one obstacle,ID,1,8.0,0.05,360.0,10,1.0,1.0,0.1388888888888889,0.054757680743932724,1.0,0.9999999934749578,0.0005890116444788873,1.0
small,17,one obstacle,ID,1,8.0,0.05,360.0,11,0.9992732077964982,0.9505266955266954,0.20833333333333334,0.003860349301248789,0.7647058823529411,0.9999999979524681,0.0007477550534531474,1.0
small,17,one obstacle,ID,1,8.0,0.05,360.0,12,1.0,0.9999999999999998,0.19444444444444445,0.014138423837721348,1.0,0.999999997366799,0.0008621490560472012,1.0
small,17,one obstacle,ID,1,8.0,0.05,360.0,13,1.0,1.0,0.09722222222222222,0.0324026457965374,1.0,0.9999999984651557,0.0004996057250536978,1.0
small,17,one obstacle,ID,1,8.0,0.05,360.0,14,0.999671592775041,0.9722222222222222,0.125,0.10022005438804626,0.8,0.9999999937661541,0.0007520795916207135,1.0
small,17,one obstacle,ID,1,8.0,0.05,360.0,15,1.0,1.0,0.2222222222222222,8.33000246558413e-09,1.0,0.999999997882097,0.000799183442723006,1.0
foundation,17,one obstacle,ID,1,8.0,0.05,360.0,0,1.0,1.0,0.16666666666666666,0.003205811372026801,1.0,0.9999999976912751,0.0006880445871502161,1.0
foundation,17,one obstacle,ID,1,8.0,0.05,360.0,1,1.0,1.0,0.1388888888888889,0.046434808522462845,1.0,0.9999999962015065,0.0005362543743103743,1.0
foundation,17,one obstacle,ID,1,8.0,0.05,360.0,2,0.999630905511811,0.9659090909090909,0.1111111111111111,0.10247135907411575,0.7777777777777778,0.9999999922000732,0.0005054320790804923,1.0
foundation,17,one obstacle,ID,1,8.0,0.05,360.0,3,1.0,1.0,0.2222222222222222,0.0030412981286644936,1.0,0.9999999977783236,0.0005430083256214857,1.0
foundation,17,one obstacle,ID,1,8.0,0.05,360.0,4,1.0,1.0,0.09722222222222222,0.15805256366729736,1.0,0.9999999938948606,0.0005449980963021517,1.0
foundation,17,one obstacle,ID,1,8.0,0.05,360.0,5,1.0,1.0000000000000002,0.125,0.03309934213757515,1.0,0.9999999932728114,0.0004979092627763748,1.0
foundation,17,one obstacle,ID,1,8.0,0.05,360.0,6,0.9993096646942801,0.9351301476301476,0.1388888888888889,0.010179199278354645,0.6666666666666666,0.9999999978745273,0.0007854405557736754,1.0
foundation,17,one obstacle,ID,1,8.0,0.05,360.0,7,1.0,1.0,0.2222222222222222,0.015109135769307613,1.0,0.9999999975061138,0.0008551827631890774,1.0
foundation,17,one obstacle,ID,1,8.0,0.05,360.0,8,1.0,1.0,0.18055555555555555,0.006506984122097492,1.0,0.9999999985648609,0.0006900723092257977,1.0
foundation,17,one obstacle,ID,1,8.0,0.05,360.0,9,0.9999176548089591,0.9935897435897435,0.16666666666666666,0.038802482187747955,0.8461538461538461,0.9999999963443725,0.000808883982244879,1.0
foundation,17,one obstacle,ID,1,8.0,0.05,360.0,10,1.0,1.0,0.1388888888888889,0.054757680743932724,1.0,0.9999999957874801,0.0006221285439096391,1.0
foundation,17,one obstacle,ID,1,8.0,0.05,360.0,11,0.9992732077964982,0.9505266955266954,0.20833333333333334,0.003860349301248789,0.7647058823529411,0.9999999964549504,0.0007199265528470278,1.0
foundation,17,one obstacle,ID,1,8.0,0.05,360.0,12,1.0,1.0,0.19444444444444445,0.014138423837721348,1.0,0.999999997026993,0.0008377882186323404,1.0
foundation,17,one obstacle,ID,1,8.0,0.05,360.0,13,1.0,0.9999999999999998,0.09722222222222222,0.0324026457965374,1.0,0.9999999983939649,0.0005086384480819106,1.0
foundation,17,one obstacle,ID,1,8.0,0.05,360.0,14,0.999671592775041,0.9722222222222222,0.125,0.10535680502653122,0.8,0.9999999944908062,0.0007446573581546545,1.0
foundation,17,one obstacle,ID,1,8.0,0.05,360.0,15,1.0,1.0,0.2222222222222222,8.33000246558413e-09,1.0,0.9999999987667139,0.0006861721049062908,1.0
exact,17,one obstacle,ID,1,8.0,0.05,360.0,0,1.0,1.0,0.16666666666666666,0.003205811372026801,1.0,1.0,4.89024278067518e-05,1.0
exact,17,one obstacle,ID,1,8.0,0.05,360.0,1,1.0,1.0,0.1388888888888889,0.046434808522462845,1.0,1.0,5.051427069702186e-05,1.0
exact,17,one obstacle,ID,1,8.0,0.05,360.0,2,0.999630905511811,0.9659090909090909,0.1111111111111111,0.10247135907411575,0.7777777777777778,1.0,5.206292917137034e-05,1.0
exact,17,one obstacle,ID,1,8.0,0.05,360.0,3,1.0,1.0,0.2222222222222222,0.0030412981286644936,1.0,1.0,5.022057666792534e-05,1.0
exact,17,one obstacle,ID,1,8.0,0.05,360.0,4,1.0,1.0,0.09722222222222222,0.15805256366729736,1.0,1.0,5.262999184196815e-05,1.0
exact,17,one obstacle,ID,1,8.0,0.05,360.0,5,1.0,1.0,0.125,0.03309934213757515,1.0,1.0,5.257190787233412e-05,1.0
exact,17,one obstacle,ID,1,8.0,0.05,360.0,6,0.9993096646942801,0.9351301476301476,0.1388888888888889,0.010179199278354645,0.6666666666666666,1.0,5.093180516269058e-05,1.0
exact,17,one obstacle,ID,1,8.0,0.05,360.0,7,1.0,1.0,0.2222222222222222,0.015109135769307613,1.0,1.0,4.818867091671564e-05,1.0
exact,17,one obstacle,ID,1,8.0,0.05,360.0,8,1.0,1.0,0.18055555555555555,0.006506984122097492,1.0,1.0,4.880458436673507e-05,1.0
exact,17,one obstacle,ID,1,8.0,0.05,360.0,9,0.9999176548089591,0.9935897435897437,0.16666666666666666,0.038802482187747955,0.8461538461538461,1.0,4.7953843022696674e-05,1.0
exact,17,one obstacle,ID,1,8.0,0.05,360.0,10,1.0,0.9999999999999999,0.1388888888888889,0.054757680743932724,1.0,1.0,4.975484625902027e-05,1.0
exact,17,one obstacle,ID,1,8.0,0.05,360.0,11,0.9992732077964982,0.9505266955266954,0.20833333333333334,0.003860349301248789,0.7647058823529411,1.0,4.966500273440033e-05,1.0
exact,17,one obstacle,ID,1,8.0,0.05,360.0,12,1.0,0.9999999999999998,0.19444444444444445,0.014138423837721348,1.0,1.0,4.9351248890161514e-05,1.0
exact,17,one obstacle,ID,1,8.0,0.05,360.0,13,1.0,0.9999999999999998,0.09722222222222222,0.0324026457965374,1.0,1.0,5.29888529854361e-05,1.0
exact,17,one obstacle,ID,1,8.0,0.05,360.0,14,0.999671592775041,0.9722222222222222,0.125,0.10535680502653122,0.8,1.0,5.132026126375422e-05,1.0
exact,17,one obstacle,ID,1,8.0,0.05,360.0,15,1.0,1.0,0.2222222222222222,8.33000246558413e-09,1.0,1.0,4.8648678784957156e-05,1.0
small,17,two obstacles,ID,2,8.0,0.15,360.0,0,0.998960318835557,0.9652814137487975,0.4027777777777778,0.004351606592535973,0.7575757575757576,0.9999913264627402,0.03049861080944538,1.0
small,17,two obstacles,ID,2,8.0,0.15,360.0,1,0.9977262216741175,0.9377369834779288,0.3611111111111111,0.034040167927742004,0.7333333333333333,0.9999930270153794,0.03168508782982826,1.0
small,17,two obstacles,ID,2,8.0,0.15,360.0,2,0.9976610466816099,0.9332070931423109,0.4305555555555556,0.001642288058064878,0.6756756756756757,0.9999940381194136,0.032255060970783234,1.0
small,17,two obstacles,ID,2,8.0,0.15,360.0,3,1.0,1.0,0.25,3.0088393998539686e-08,1.0,0.9999989977975994,0.04854686185717583,1.0
small,17,two obstacles,ID,2,8.0,0.15,360.0,4,0.998290841760433,0.929302668496089,0.2916666666666667,0.013338428921997547,0.75,0.9999974278134552,0.018493104726076126,1.0
small,17,two obstacles,ID,2,8.0,0.15,360.0,5,0.9977710910509305,0.9450843067590249,0.375,0.018810240551829338,0.7419354838709677,0.9999804666639189,0.025459034368395805,1.0
small,17,two obstacles,ID,2,8.0,0.15,360.0,6,0.997375,0.9005418648283894,0.3333333333333333,0.04501879960298538,0.6551724137931034,0.9999930709284709,0.029158608987927437,1.0
small,17,two obstacles,ID,2,8.0,0.15,360.0,7,0.9994989979959921,0.9811343848389377,0.3611111111111111,0.006288330070674419,0.8571428571428571,0.9999963526907968,0.019313497468829155,1.0
small,17,two obstacles,ID,2,8.0,0.15,360.0,8,0.9964859437751004,0.886061830815835,0.3888888888888889,0.010862808674573898,0.696969696969697,0.9999955252364041,0.029980413615703583,1.0
small,17,two obstacles,ID,2,8.0,0.15,360.0,9,0.9967369477911646,0.9125220637573392,0.3888888888888889,0.004679377190768719,0.6470588235294118,0.999975025412305,0.02276156097650528,1.0
small,17,two obstacles,ID,2,8.0,0.15,360.0,10,0.9999447757897062,0.9970760233918128,0.25,0.008390471339225769,0.8947368421052632,0.9999985465100305,0.018250320106744766,1.0
small,17,two obstacles,ID,2,8.0,0.15,360.0,11,0.9992732077964982,0.9536633249791143,0.20833333333333334,0.001950033358298242,0.7647058823529411,0.9999989023360438,0.05230662226676941,1.0
small,17,two obstacles,ID,2,8.0,0.15,360.0,12,1.0,1.0,0.2361111111111111,0.020333116874098778,1.0,0.999996163512607,0.0439007431268692,1.0
small,17,two obstacles,ID,2,8.0,0.15,360.0,13,0.9997905210788165,0.9897243107769423,0.2638888888888889,0.013533727265894413,0.8095238095238095,0.9999960078192744,0.022163132205605507,1.0
small,17,two obstacles,ID,2,8.0,0.15,360.0,14,0.9983283182881979,0.9452183309335289,0.375,0.011359424330294132,0.7419354838709677,0.9999844202348953,0.020860647782683372,1.0
small,17,two obstacles,ID,2,8.0,0.15,360.0,15,0.9998575701467027,0.9940476190476193,0.2916666666666667,0.010579656809568405,0.9090909090909091,0.9999901982087854,0.01621599681675434,1.0
foundation,17,two obstacles,ID,2,8.0,0.15,360.0,0,0.998960318835557,0.9652814137487975,0.4027777777777778,0.004351606592535973,0.7575757575757576,0.9999911655774231,0.030770888552069664,1.0
foundation,17,two obstacles,ID,2,8.0,0.15,360.0,1,0.9976876830584246,0.9366759755203692,0.3611111111111111,0.034040167927742004,0.7333333333333333,0.9999930315986785,0.031685493886470795,1.0
foundation,17,two obstacles,ID,2,8.0,0.15,360.0,2,0.9976935321443654,0.9338983373819421,0.4305555555555556,0.001642288058064878,0.6756756756756757,0.9999941242219856,0.032148733735084534,1.0
foundation,17,two obstacles,ID,2,8.0,0.15,360.0,3,1.0,1.0,0.25,3.0088393998539686e-08,1.0,0.9999990536036306,0.04845087602734566,1.0
foundation,17,two obstacles,ID,2,8.0,0.15,360.0,4,0.998290841760433,0.9293026684960887,0.2916666666666667,0.013338428921997547,0.75,0.9999976143499107,0.018120374530553818,1.0
foundation,17,two obstacles,ID,2,8.0,0.15,360.0,5,0.9977710910509306,0.9442126655546781,0.375,0.018810240551829338,0.7419354838709677,0.9999796827519576,0.02493193745613098,1.0
foundation,17,two obstacles,ID,2,8.0,0.15,360.0,6,0.997375,0.9005418648283894,0.3333333333333333,0.04501879960298538,0.6551724137931034,0.9999932982733303,0.028511270880699158,1.0
foundation,17,two obstacles,ID,2,8.0,0.15,360.0,7,0.9994989979959921,0.9811343848389377,0.3611111111111111,0.006288330070674419,0.8571428571428571,0.999996353134947,0.018818944692611694,1.0
foundation,17,two obstacles,ID,2,8.0,0.15,360.0,8,0.9964859437751004,0.886061830815835,0.3888888888888889,0.010862808674573898,0.696969696969697,0.9999955620687303,0.029597215354442596,1.0
foundation,17,two obstacles,ID,2,8.0,0.15,360.0,9,0.9965935169248422,0.9064984402283925,0.3888888888888889,0.004679377190768719,0.6,0.9999775865391136,0.022866366431117058,1.0
foundation,17,two obstacles,ID,2,8.0,0.15,360.0,10,0.9999447757897062,0.9970760233918128,0.25,0.008390471339225769,0.8947368421052632,0.9999984281652166,0.019164487719535828,1.0
foundation,17,two obstacles,ID,2,8.0,0.15,360.0,11,0.9992732077964982,0.9536633249791143,0.20833333333333334,0.001950033358298242,0.7647058823529411,0.9999987914067872,0.05330803617835045,1.0
foundation,17,two obstacles,ID,2,8.0,0.15,360.0,12,1.0,1.0,0.2361111111111111,0.020333116874098778,1.0,0.9999954307108756,0.0450274795293808,1.0
foundation,17,two obstacles,ID,2,8.0,0.15,360.0,13,0.9998428908091124,0.9922173855691861,0.2638888888888889,0.013533727265894413,0.9,0.9999957897269083,0.024307256564497948,1.0
foundation,17,two obstacles,ID,2,8.0,0.15,360.0,14,0.9982911698057134,0.9446085748359679,0.375,0.011359424330294132,0.7419354838709677,0.9999846260637686,0.02327067218720913,1.0
foundation,17,two obstacles,ID,2,8.0,0.15,360.0,15,0.9998575701467027,0.9940476190476191,0.2916666666666667,0.011687329038977623,0.9090909090909091,0.9999897481418834,0.019648408517241478,1.0
exact,17,two obstacles,ID,2,8.0,0.15,360.0,0,0.998960318835557,0.9652814137487975,0.4027777777777778,0.003536213655024767,0.7575757575757576,1.0,2.3515834982390516e-05,1.0
exact,17,two obstacles,ID,2,8.0,0.15,360.0,1,0.9977262216741175,0.9377369834779288,0.3611111111111111,0.034040167927742004,0.7333333333333333,1.0,2.2150969016365707e-05,1.0
exact,17,two obstacles,ID,2,8.0,0.15,360.0,2,0.9976285612188546,0.9319214456434796,0.4305555555555556,0.005556713789701462,0.6756756756756757,1.0,2.0254883565939963e-05,1.0
exact,17,two obstacles,ID,2,8.0,0.15,360.0,3,1.0,1.0,0.25,3.0088393998539686e-08,1.0,1.0,2.2822892788099125e-05,1.0
exact,17,two obstacles,ID,2,8.0,0.15,360.0,4,0.998290841760433,0.9293026684960887,0.2916666666666667,0.013338428921997547,0.75,1.0,1.982046160264872e-05,1.0
exact,17,two obstacles,ID,2,8.0,0.15,360.0,5,0.9978082395334151,0.94497692187449,0.375,0.018810240551829338,0.7419354838709677,1.0,2.2911895939614624e-05,1.0
exact,17,two obstacles,ID,2,8.0,0.15,360.0,6,0.997375,0.9005418648283894,0.3333333333333333,0.04501879960298538,0.6551724137931034,1.0,1.9903589418390766e-05,1.0
exact,17,two obstacles,ID,2,8.0,0.15,360.0,7,0.999460459380299,0.9801263203228086,0.3611111111111111,0.006288330070674419,0.8571428571428571,1.0,2.328503796888981e-05,1.0
exact,17,two obstacles,ID,2,8.0,0.15,360.0,8,0.9964859437751004,0.886061830815835,0.3888888888888889,0.010862808674573898,0.696969696969697,1.0,2.2118038032203913e-05,1.0
exact,17,two obstacles,ID,2,8.0,0.15,360.0,9,0.9966293746414228,0.9078763049267979,0.3888888888888889,0.004679377190768719,0.6470588235294118,1.0,2.1021178326918744e-05,1.0
exact,17,two obstacles,ID,2,8.0,0.15,360.0,10,0.9999447757897062,0.997076023391813,0.25,0.008390471339225769,0.8947368421052632,1.0,2.2190555682755075e-05,1.0
exact,17,two obstacles,ID,2,8.0,0.15,360.0,11,0.9992732077964982,0.9536633249791144,0.20833333333333334,0.001950033358298242,0.7647058823529411,1.0,2.3424552637152374e-05,1.0
exact,17,two obstacles,ID,2,8.0,0.15,360.0,12,1.0,1.0,0.2361111111111111,0.020333116874098778,1.0,1.0,2.371638584008906e-05,1.0
exact,17,two obstacles,ID,2,8.0,0.15,360.0,13,0.9998428908091124,0.9922173855691861,0.2638888888888889,0.013533727265894413,0.9,1.0,2.3128066459321417e-05,1.0
exact,17,two obstacles,ID,2,8.0,0.15,360.0,14,0.998328318288198,0.9462119097726363,0.375,0.011359424330294132,0.7419354838709677,1.0,1.9426117432885803e-05,1.0
exact,17,two obstacles,ID,2,8.0,0.15,360.0,15,0.9998575701467027,0.9940476190476191,0.2916666666666667,0.011687329038977623,0.9090909090909091,1.0,2.5793469831114635e-05,1.0
small,17,three obstacles,ID,3,8.0,0.15,360.0,0,0.9971962384934124,0.9413893163245504,0.5694444444444444,0.02000545524060726,0.673469387755102,0.9999887290580326,0.10210234671831131,1.0
small,17,three obstacles,ID,3,8.0,0.15,360.0,1,0.9943506934341965,0.8753244257025803,0.5833333333333334,0.005724692717194557,0.6153846153846154,0.9999884355350407,0.05331806093454361,1.0
small,17,three obstacles,ID,3,8.0,0.15,360.0,2,0.9964835030425343,0.9381348784099195,0.4383561643835616,0.029511835426092148,0.7368421052631579,0.9999888284673626,0.053631655871868134,1.0
small,17,three obstacles,ID,3,8.0,0.15,360.0,3,0.9970339112619637,0.9196301904904866,0.4583333333333333,0.023420611396431923,0.6097560975609756,0.9999892820008941,0.1424073427915573,1.0
small,17,three obstacles,ID,3,8.0,0.15,360.0,4,0.9977318548387097,0.9383771322121783,0.4444444444444444,0.01813846081495285,0.6842105263157895,0.9999970052344415,0.07548719644546509,1.0
small,17,three obstacles,ID,3,8.0,0.15,360.0,5,0.9940202962558619,0.8903904814165164,0.547945205479452,0.03788841888308525,0.673469387755102,0.999998388574528,0.05361419543623924,1.0
small,17,three obstacles,ID,3,8.0,0.15,360.0,6,0.9967140392672308,0.9222441969442313,0.5138888888888888,0.026048997417092323,0.7209302325581395,0.9999934893721418,0.13666632771492004,1.0
small,17,three obstacles,ID,3,8.0,0.15,360.0,7,0.9984248991935484,0.9573215733075627,0.4444444444444444,0.026583736762404442,0.7777777777777778,0.9999988631239487,0.007908742874860764,1.0
small,17,three obstacles,ID,3,8.0,0.15,360.0,8,0.998050872234675,0.9527830311776295,0.4305555555555556,0.009716572239995003,0.7222222222222222,0.9999942257575395,0.034168045967817307,1.0
small,17,three obstacles,ID,3,8.0,0.15,360.0,9,0.996933103316082,0.939964881069134,0.4931506849315068,0.037941575050354004,0.7619047619047619,0.9999932892330545,0.10615704953670502,1.0
small,17,three obstacles,ID,3,8.0,0.15,360.0,10,0.9978234739953871,0.9436276564609314,0.4305555555555556,0.022607076913118362,0.7222222222222222,0.999994667897766,0.0860813781619072,1.0
small,17,three obstacles,ID,3,8.0,0.15,360.0,11,0.9995494714954081,0.9854549403122531,0.4027777777777778,0.01914030872285366,0.9333333333333333,0.9999979774960284,0.022088047116994858,1.0
small,17,three obstacles,ID,3,8.0,0.15,360.0,12,0.9991044344937166,0.9786554237026799,0.4861111111111111,0.01989949308335781,0.8421052631578947,0.9999937149064149,0.02630387619137764,1.0
small,17,three obstacles,ID,3,8.0,0.15,360.0,13,0.9956734850351872,0.9066181626337032,0.4931506849315068,0.039886683225631714,0.6444444444444445,0.9999912432653695,0.132060244679451,1.0
small,17,three obstacles,ID,3,8.0,0.15,360.0,14,0.9957828973057399,0.9050860632861871,0.5205479452054794,0.006086855661123991,0.7333333333333333,0.9999903554895508,0.13983680307865143,1.0
small,17,three obstacles,ID,3,8.0,0.15,360.0,15,0.9985213176702539,0.9677731658857665,0.5138888888888888,0.03170470520853996,0.8048780487804879,0.9999969125070806,0.017067918553948402,1.0
foundation,17,three obstacles,ID,3,8.0,0.15,360.0,0,0.9971962384934124,0.9418687531339776,0.5694444444444444,0.02000545524060726,0.673469387755102,0.999989163218926,0.10636910051107407,1.0
foundation,17,three obstacles,ID,3,8.0,0.15,360.0,1,0.9943506934341965,0.8755479002312061,0.5833333333333334,0.005724692717194557,0.5849056603773585,0.9999902347961235,0.0510684959590435,1.0
foundation,17,three obstacles,ID,3,8.0,0.15,360.0,2,0.9965140812769471,0.939064526363377,0.4383561643835616,0.029511835426092148,0.7368421052631579,0.9999892791160893,0.05344497412443161,1.0
foundation,17,three obstacles,ID,3,8.0,0.15,360.0,3,0.9970339112619637,0.9196301904904866,0.4583333333333333,0.023420611396431923,0.6097560975609756,0.9999900479776079,0.1451510787010193,1.0
foundation,17,three obstacles,ID,3,8.0,0.15,360.0,4,0.9977318548387097,0.9383771322121783,0.4444444444444444,0.01813846081495285,0.6842105263157895,0.9999970286991662,0.07401422411203384,1.0
foundation,17,three obstacles,ID,3,8.0,0.15,360.0,5,0.9939954842071309,0.8897013285765605,0.547945205479452,0.03497810289263725,0.673469387755102,0.999997923987691,0.049177639186382294,1.0
foundation,17,three obstacles,ID,3,8.0,0.15,360.0,6,0.9966866562611244,0.9216006963007307,0.5138888888888888,0.026048997417092323,0.7209302325581395,0.9999936813562491,0.14249621331691742,1.0
foundation,17,three obstacles,ID,3,8.0,0.15,360.0,7,0.9983933971774193,0.9566889822144453,0.4444444444444444,0.026583736762404442,0.7777777777777778,0.9999988607088613,0.007754376158118248,1.0
foundation,17,three obstacles,ID,3,8.0,0.15,360.0,8,0.998050872234675,0.9527830311776299,0.4305555555555556,0.01071141753345728,0.7222222222222222,0.999994473338508,0.03420538827776909,1.0
foundation,17,three obstacles,ID,3,8.0,0.15,360.0,9,0.9968783373038692,0.9385242948735569,0.4931506849315068,0.037941575050354004,0.7619047619047619,0.9999932723485286,0.10584240406751633,1.0
foundation,17,three obstacles,ID,3,8.0,0.15,360.0,10,0.9978234739953871,0.9436276564609314,0.4305555555555556,0.022607076913118362,0.7222222222222222,0.9999939117265386,0.08543901145458221,1.0
foundation,17,three obstacles,ID,3,8.0,0.15,360.0,11,0.9995494714954081,0.9854549403122531,0.4027777777777778,0.01914030872285366,0.9333333333333333,0.9999982218873084,0.02864840254187584,1.0
foundation,17,three obstacles,ID,3,8.0,0.15,360.0,12,0.9991044344937166,0.97865542370268,0.4861111111111111,0.01989949308335781,0.8421052631578947,0.9999945961316201,0.026719044893980026,1.0
foundation,17,three obstacles,ID,3,8.0,0.15,360.0,13,0.9956461020290808,0.9063238574392163,0.4931506849315068,0.039886683225631714,0.6444444444444445,0.9999921509602671,0.13787007331848145,1.0
foundation,17,three obstacles,ID,3,8.0,0.15,360.0,14,0.9958089288038527,0.9055011585208939,0.5205479452054794,0.006086855661123991,0.7333333333333333,0.999990469472115,0.14440450072288513,1.0
foundation,17,three obstacles,ID,3,8.0,0.15,360.0,15,0.9984665516580411,0.9665057825255627,0.5138888888888888,0.03170470520853996,0.8048780487804879,0.9999964861269844,0.018152691423892975,1.0
exact,17,three obstacles,ID,3,8.0,0.15,360.0,0,0.9971714264446815,0.9415910244185731,0.5694444444444444,0.02000545524060726,0.673469387755102,1.0,1.637262357689906e-05,1.0
exact,17,three obstacles,ID,3,8.0,0.15,360.0,1,0.9944476772379013,0.8767339043868585,0.5833333333333334,0.005724692717194557,0.6153846153846154,1.0,1.5540674212388694e-05,1.0
exact,17,three obstacles,ID,3,8.0,0.15,360.0,2,0.9964835030425343,0.9386780081197158,0.4383561643835616,0.029511835426092148,0.7368421052631579,1.0,1.5918423741823062e-05,1.0
exact,17,three obstacles,ID,3,8.0,0.15,360.0,3,0.9970644894963765,0.9202129410732371,0.4583333333333333,0.02629944123327732,0.6097560975609756,1.0,1.752713433234021e-05,1.0
exact,17,three obstacles,ID,3,8.0,0.15,360.0,4,0.9977318548387097,0.9383771322121783,0.4444444444444444,0.01813846081495285,0.6842105263157895,1.0,1.9282599168946035e-05,1.0
exact,17,three obstacles,ID,3,8.0,0.15,360.0,5,0.9940202962558617,0.8900961752632328,0.547945205479452,0.03338152915239334,0.673469387755102,1.0,1.6677162420819513e-05,1.0
exact,17,three obstacles,ID,3,8.0,0.15,360.0,6,0.9966866562611244,0.9216006963007307,0.5138888888888888,0.026048997417092323,0.7209302325581395,1.0,1.866597267508041e-05,1.0
exact,17,three obstacles,ID,3,8.0,0.15,360.0,7,0.9984248991935484,0.9573215733075627,0.4444444444444444,0.026583736762404442,0.7777777777777778,1.0,1.777399484126363e-05,1.0
exact,17,three obstacles,ID,3,8.0,0.15,360.0,8,0.998050872234675,0.9527830311776299,0.4305555555555556,0.01071141753345728,0.7222222222222222,1.0,1.5376801457023248e-05,1.0
exact,17,three obstacles,ID,3,8.0,0.15,360.0,9,0.9969604863221885,0.940259186263621,0.4931506849315068,0.037941575050354004,0.7619047619047619,1.0,1.726491973386146e-05,1.0
exact,17,three obstacles,ID,3,8.0,0.15,360.0,10,0.9978234739953871,0.9436276564609317,0.4305555555555556,0.022607076913118362,0.7222222222222222,1.0,1.92284605873283e-05,1.0
exact,17,three obstacles,ID,3,8.0,0.15,360.0,11,0.9995494714954081,0.9854549403122528,0.4027777777777778,0.01914030872285366,0.9333333333333333,1.0,1.8519671357353218e-05,1.0
exact,17,three obstacles,ID,3,8.0,0.15,360.0,12,0.9991044344937166,0.9786554237026799,0.4861111111111111,0.01989949308335781,0.8421052631578947,1.0,1.6087720723589882e-05,1.0
exact,17,three obstacles,ID,3,8.0,0.15,360.0,13,0.9956734850351872,0.9066181626337032,0.4931506849315068,0.039886683225631714,0.6444444444444445,1.0,1.800676909624599e-05,1.0
exact,17,three obstacles,ID,3,8.0,0.15,360.0,14,0.9957828973057399,0.9050860632861871,0.5205479452054794,0.006086855661123991,0.7333333333333333,1.0,1.6466610759380274e-05,1.0
exact,17,three obstacles,ID,3,8.0,0.15,360.0,15,0.9984391686519346,0.965885522671503,0.5138888888888888,0.03170470520853996,0.8048780487804879,1.0,1.794760100892745e-05,1.0
small,17,four obstacles,ID,4,8.0,0.15,360.0,0,0.9966972126765941,0.9523407097923565,0.68,0.035718586295843124,0.7419354838709677,0.9999634538167873,0.051601264625787735,1.0
small,17,four obstacles,ID,4,8.0,0.15,360.0,1,0.9970175120407876,0.9387710139368168,0.7083333333333334,0.012386953458189964,0.7586206896551724,0.9999591509097917,0.05884213745594025,1.0
small,17,four obstacles,ID,4,8.0,0.15,360.0,2,0.9992488805431171,0.9774952550454274,0.4861111111111111,0.015446354635059834,0.8421052631578947,0.9999962838376503,0.10227207094430923,1.0
small,17,four obstacles,ID,4,8.0,0.15,360.0,3,0.9938775510204082,0.8998210998305591,0.5675675675675675,0.027095526456832886,0.6923076923076923,0.9999900128198311,0.08049358427524567,1.0
small,17,four obstacles,ID,4,8.0,0.15,360.0,4,0.9942094320191205,0.916008955007669,0.6447368421052632,0.03160304203629494,0.6825396825396826,0.9999642822806307,0.06618081778287888,1.0
small,17,four obstacles,ID,4,8.0,0.15,360.0,5,0.9956471797352033,0.9268677479470415,0.684931506849315,0.03215501457452774,0.7,0.9999723602178034,0.13103830814361572,1.0
small,17,four obstacles,ID,4,8.0,0.15,360.0,6,0.9978912601626017,0.9571882001486518,0.5555555555555556,0.02059929259121418,0.7777777777777778,0.9999656264174545,0.08844592422246933,1.0
small,17,four obstacles,ID,4,8.0,0.15,360.0,7,0.996876220226474,0.9342860027703759,0.5416666666666666,0.025284141302108765,0.6956521739130435,0.9999983024360686,0.025513701140880585,1.0
small,17,four obstacles,ID,4,8.0,0.15,360.0,8,0.9984120288812247,0.972161136272319,0.547945205479452,0.03598527982831001,0.8636363636363636,0.9999825225875192,0.0943228155374527,1.0
small,17,four obstacles,ID,4,8.0,0.15,360.0,9,0.9952781610088802,0.9387915330999685,0.6447368421052632,0.01635047420859337,0.7096774193548387,0.9999486041139173,0.11781921237707138,1.0
small,17,four obstacles,ID,4,8.0,0.15,360.0,10,0.9925093632958801,0.8725339943502214,0.56,0.02226288616657257,0.6071428571428571,0.9999843719979887,0.11054624617099762,1.0
small,17,four obstacles,ID,4,8.0,0.15,360.0,11,0.9976262549271544,0.9625587060348241,0.6301369863013698,0.01916332170367241,0.8076923076923077,0.9999676254134389,0.0711314007639885,1.0
small,17,four obstacles,ID,4,8.0,0.15,360.0,12,0.9927909371781669,0.9040348477719222,0.6233766233766234,0.03284233808517456,0.65625,0.9999895965609935,0.03530632704496384,1.0
small,17,four obstacles,ID,4,8.0,0.15,360.0,13,0.9980986333927511,0.9494781574071134,0.4722222222222222,0.007105804514139891,0.7435897435897436,0.9999757233724642,0.19239120185375214,1.0
small,17,four obstacles,ID,4,8.0,0.15,360.0,14,0.9960147215749472,0.9191038759936768,0.6301369863013698,0.02671794407069683,0.7407407407407407,0.9999653601190015,0.06842318922281265,1.0
small,17,four obstacles,ID,4,8.0,0.15,360.0,15,0.993511293634497,0.90432559831809,0.6266666666666667,0.05962521582841873,0.5873015873015873,0.9999488866726101,0.12341902405023575,1.0
foundation,17,four obstacles,ID,4,8.0,0.15,360.0,0,0.9966781214203895,0.9526088574567153,0.7027027027027027,0.027105627581477165,0.7419354838709677,0.9999651928119491,0.05430508032441139,1.0
foundation,17,four obstacles,ID,4,8.0,0.15,360.0,1,0.9971182717691394,0.9398261266617841,0.7083333333333334,0.012235958129167557,0.7586206896551724,0.9999596872022017,0.05814266949892044,1.0
foundation,17,four obstacles,ID,4,8.0,0.15,360.0,2,0.999219991333237,0.9765757148155424,0.4861111111111111,0.015446354635059834,0.8421052631578947,0.9999961036428883,0.1012052670121193,1.0
foundation,17,four obstacles,ID,4,8.0,0.15,360.0,3,0.9939007421150279,0.9001348433261207,0.5675675675675675,0.027095526456832886,0.6923076923076923,0.9999900150096938,0.08519674092531204,1.0
foundation,17,four obstacles,ID,4,8.0,0.15,360.0,4,0.9940734119658784,0.9148825632896584,0.6447368421052632,0.03160304203629494,0.6825396825396826,0.9999650051802385,0.06503913551568985,1.0
foundation,17,four obstacles,ID,4,8.0,0.15,360.0,5,0.9956068758438626,0.9260656624538025,0.684931506849315,0.03215501457452774,0.7,0.9999729925485427,0.13043920695781708,1.0
foundation,17,four obstacles,ID,4,8.0,0.15,360.0,6,0.9978150406504066,0.9551352331355514,0.5555555555555556,0.02059929259121418,0.7777777777777778,0.9999671596255296,0.09168767184019089,1.0
foundation,17,four obstacles,ID,4,8.0,0.15,360.0,7,0.9968501887283613,0.933514014901614,0.5416666666666666,0.025284141302108765,0.6956521739130435,0.9999981320819169,0.026659078896045685,1.0
foundation,17,four obstacles,ID,4,8.0,0.15,360.0,8,0.9984120288812247,0.9726527855444563,0.547945205479452,0.03598527982831001,0.8636363636363636,0.9999835243268832,0.09995759278535843,1.0
foundation,17,four obstacles,ID,4,8.0,0.15,360.0,9,0.9951615723918155,0.9376274480820559,0.6447368421052632,0.01635047420859337,0.7096774193548387,0.9999462488405034,0.11282145977020264,1.0
foundation,17,four obstacles,ID,4,8.0,0.15,360.0,10,0.9924185676994666,0.8715743073545887,0.56,0.02226288616657257,0.5789473684210527,0.9999846569070578,0.10987617075443268,1.0
foundation,17,four obstacles,ID,4,8.0,0.15,360.0,11,0.9976480324048869,0.9630646738604597,0.6301369863013698,0.020231544971466064,0.8076923076923077,0.9999628740645692,0.07067837566137314,1.0
foundation,17,four obstacles,ID,4,8.0,0.15,360.0,12,0.9926937799972796,0.9036083237106503,0.6025641025641025,0.03743237257003784,0.65625,0.999990012000301,0.03284033015370369,1.0
foundation,17,four obstacles,ID,4,8.0,0.15,360.0,13,0.9980986333927511,0.9490412754752213,0.4722222222222222,0.007105804514139891,0.7435897435897436,0.999975834529483,0.1928437203168869,1.0
foundation,17,four obstacles,ID,4,8.0,0.15,360.0,14,0.9961671639190749,0.9217613894845932,0.6301369863013698,0.022361481562256813,0.7407407407407407,0.9999639388649331,0.0676489770412445,1.0
foundation,17,four obstacles,ID,4,8.0,0.15,360.0,15,0.9936755646817248,0.9060284456789767,0.6266666666666667,0.05962521582841873,0.6129032258064516,0.9999492836466306,0.11923005431890488,1.0
exact,17,four obstacles,ID,4,8.0,0.15,360.0,0,0.9967735777014127,0.9534648733157559,0.7027027027027027,0.027105627581477165,0.7419354838709677,1.0,1.5014796190371271e-05,1.0
exact,17,four obstacles,ID,4,8.0,0.15,360.0,1,0.9970578159321282,0.9388828086531048,0.7083333333333334,0.009864287450909615,0.7586206896551724,1.0,1.5377421732409857e-05,1.0
exact,17,four obstacles,ID,4,8.0,0.15,360.0,2,0.9992488805431171,0.9774952550454274,0.4861111111111111,0.013667174614965916,0.8421052631578947,1.0,1.7921862308867276e-05,1.0
exact,17,four obstacles,ID,4,8.0,0.15,360.0,3,0.9938775510204082,0.8998210998305591,0.5675675675675675,0.027095526456832886,0.6923076923076923,1.0,1.4326171367429197e-05,1.0
exact,17,four obstacles,ID,4,8.0,0.15,360.0,4,0.994015117657346,0.9134061719323228,0.6447368421052632,0.03160304203629494,0.6825396825396826,1.0,1.2830425475840457e-05,1.0
exact,17,four obstacles,ID,4,8.0,0.15,360.0,5,0.9956673316808737,0.9270922734072558,0.684931506849315,0.03215501457452774,0.7,1.0,1.541207529953681e-05,1.0
exact,17,four obstacles,ID,4,8.0,0.15,360.0,6,0.9978150406504066,0.9550521939779419,0.5555555555555556,0.02059929259121418,0.7777777777777778,1.0,1.6771224181866273e-05,1.0
exact,17,four obstacles,ID,4,8.0,0.15,360.0,7,0.9968501887283613,0.9335140149016139,0.5416666666666666,0.025284141302108765,0.6956521739130435,1.0,1.5437402907991782e-05,1.0
exact,17,four obstacles,ID,4,8.0,0.15,360.0,8,0.9984368409299555,0.9728192857109563,0.547945205479452,0.027103247120976448,0.8636363636363636,1.0,1.498143592471024e-05,1.0
exact,17,four obstacles,ID,4,8.0,0.15,360.0,9,0.9951227095194606,0.9375102875209487,0.6447368421052632,0.01635047420859337,0.7096774193548387,1.0,1.486186283727875e-05,1.0
exact,17,four obstacles,ID,4,8.0,0.15,360.0,10,0.9924639654976734,0.8719769581138705,0.56,0.02226288616657257,0.6071428571428571,1.0,1.606617843208369e-05,1.0
exact,17,four obstacles,ID,4,8.0,0.15,360.0,11,0.9975826999716894,0.9622896598231305,0.6301369863013698,0.018189197406172752,0.8076923076923077,1.0,1.4162907973513938e-05,1.0
exact,17,four obstacles,ID,4,8.0,0.15,360.0,12,0.9927326428696345,0.9035395685632999,0.6233766233766234,0.028816839680075645,0.65625,1.0,1.540217454021331e-05,1.0
exact,17,four obstacles,ID,4,8.0,0.15,360.0,13,0.9981283422459893,0.9497037026082367,0.4722222222222222,0.007105804514139891,0.7435897435897436,1.0,1.7901300452649593e-05,1.0
exact,17,four obstacles,ID,4,8.0,0.15,360.0,14,0.9961671639190749,0.9216716841692421,0.6301369863013698,0.025887219235301018,0.7735849056603774,1.0,1.6092293662950397e-05,1.0
exact,17,four obstacles,ID,4,8.0,0.15,360.0,15,0.9935728952772074,0.9048311369125439,0.6266666666666667,0.05962521582841873,0.5625,1.0,1.433561737940181e-05,1.0
small,17,six obstacles,OOD count,6,8.0,0.15,360.0,0,0.9552637285195424,0.6918255054022664,0.41509433962264153,0.01909702457487583,0.41818181818181815,0.9999315905052024,0.15541017055511475,0.0
small,17,six obstacles,OOD count,6,8.0,0.15,360.0,1,0.9710691823899371,0.7396435448960338,0.5604395604395604,0.08650115132331848,0.5555555555555556,0.9999592188196402,0.08195626735687256,0.0
small,17,six obstacles,OOD count,6,8.0,0.15,360.0,2,0.9788974835429181,0.7777783394032307,0.5104166666666666,0.03910815715789795,0.5208333333333334,0.9998195906400611,0.319908082485199,0.0
small,17,six obstacles,OOD count,6,8.0,0.15,360.0,3,0.9709574206251539,0.7642419012508344,0.5053763440860215,0.07467256486415863,0.5111111111111111,0.9999735135486533,0.070762038230896,0.0
small,17,six obstacles,OOD count,6,8.0,0.15,360.0,4,0.9851580823717047,0.7778284125034869,0.5487804878048781,0.05170845985412598,0.5714285714285714,0.9999382247328158,0.060346681624650955,0.0
small,17,six obstacles,OOD count,6,8.0,0.15,360.0,5,0.9600215900587594,0.7342706576871424,0.44545454545454544,0.06401260942220688,0.4146341463414634,0.9999163767390848,0.2766416370868683,0.0
small,17,six obstacles,OOD count,6,8.0,0.15,360.0,6,0.9949837773224043,0.9087887956614167,0.6216216216216216,0.01013773214071989,0.7142857142857143,0.999854926448628,0.1538933515548706,1.0
small,17,six obstacles,OOD count,6,8.0,0.15,360.0,7,0.9816034398301856,0.8149697475080476,0.5357142857142857,0.027442967519164085,0.5405405405405406,0.9999413517226817,0.06101153418421745,1.0
small,17,six obstacles,OOD count,6,8.0,0.15,360.0,8,0.9785998256063136,0.8333234598445702,0.5212765957446809,0.03080972097814083,0.5106382978723404,0.999944717250735,0.11509120464324951,1.0
small,17,six obstacles,OOD count,6,8.0,0.15,360.0,9,0.9644230125242783,0.7245818092313059,0.4519230769230769,0.03832358121871948,0.4766355140186916,0.9999015891651994,0.32097873091697693,0.0
small,17,six obstacles,OOD count,6,8.0,0.15,360.0,10,0.9774327677553484,0.75540013267343,0.5056179775280899,0.10929090529680252,0.5308641975308642,0.9999511638021119,0.15544132888317108,0.0
small,17,six obstacles,OOD count,6,8.0,0.15,360.0,11,0.99140697945845,0.8889652157322115,0.6551724137931034,0.01709945872426033,0.6551724137931034,0.9999635673632964,0.06802357733249664,1.0
small,17,six obstacles,OOD count,6,8.0,0.15,360.0,12,0.9700034578146611,0.7129151424544309,0.48314606741573035,0.08223937451839447,0.4634146341463415,0.9999451595473255,0.07966063171625137,0.0
small,17,six obstacles,OOD count,6,8.0,0.15,360.0,13,0.9841796875,0.8240217026444943,0.5454545454545454,0.027036579325795174,0.5421686746987951,0.9999826845519847,0.07409556955099106,1.0
small,17,six obstacles,OOD count,6,8.0,0.15,360.0,14,0.9800138312586445,0.750624995044543,0.4666666666666667,0.10211514681577682,0.4634146341463415,0.9999573051520898,0.05838440731167793,0.0
small,17,six obstacles,OOD count,6,8.0,0.15,360.0,15,0.9784224760947637,0.7732470934647934,0.4895833333333333,0.07852935045957565,0.4791666666666667,0.9999601814563627,0.11008283495903015,0.0
foundation,17,six obstacles,OOD count,6,8.0,0.15,360.0,0,0.9554805659456822,0.6939825758600655,0.41509433962264153,0.01909702457487583,0.41818181818181815,0.9999316967441655,0.15918433666229248,0.0
foundation,17,six obstacles,OOD count,6,8.0,0.15,360.0,1,0.9710691823899371,0.739610762186443,0.5604395604395604,0.08650115132331848,0.5555555555555556,0.999958911894627,0.08218691498041153,0.0
foundation,17,six obstacles,OOD count,6,8.0,0.15,360.0,2,0.9787246301657953,0.7759369712002383,0.5104166666666666,0.03910815715789795,0.5208333333333334,0.999802716740636,0.3196367025375366,0.0
foundation,17,six obstacles,OOD count,6,8.0,0.15,360.0,3,0.9709112724587743,0.7642092556713497,0.5053763440860215,0.07467256486415863,0.5111111111111111,0.9999741926043471,0.07363926619291306,0.0
foundation,17,six obstacles,OOD count,6,8.0,0.15,360.0,4,0.9852143728304719,0.7823295296177025,0.5487804878048781,0.05170845985412598,0.5714285714285714,0.9999359410117308,0.06165001913905144,0.0
foundation,17,six obstacles,OOD count,6,8.0,0.15,360.0,5,0.9596658447723844,0.7332736526484911,0.44545454545454544,0.062430303543806076,0.4146341463414634,0.9999268289316399,0.2673792243003845,0.0
foundation,17,six obstacles,OOD count,6,8.0,0.15,360.0,6,0.9947703210382514,0.8996372875003866,0.6216216216216216,0.0038603818975389004,0.7142857142857143,0.9998667873643228,0.15212149918079376,1.0
foundation,17,six obstacles,OOD count,6,8.0,0.15,360.0,7,0.9815127270088354,0.8147196458419026,0.5176470588235295,0.02738327905535698,0.5405405405405406,0.9999308902948301,0.06435296684503555,1.0
foundation,17,six obstacles,OOD count,6,8.0,0.15,360.0,8,0.9785111508505386,0.8322563914491551,0.5212765957446809,0.03080972097814083,0.5106382978723404,0.9999444578274004,0.11093921214342117,1.0
foundation,17,six obstacles,OOD count,6,8.0,0.15,360.0,9,0.9643694327238631,0.7241316370879258,0.46601941747572817,0.04098701477050781,0.4766355140186916,0.9999025672409905,0.3101437985897064,0.0
foundation,17,six obstacles,OOD count,6,8.0,0.15,360.0,10,0.9776674937965261,0.7593173189568334,0.5227272727272727,0.09834538400173187,0.5121951219512195,0.9999493129216606,0.15528003871440887,0.0
foundation,17,six obstacles,OOD count,6,8.0,0.15,360.0,11,0.9914507469654529,0.8899535130182856,0.6551724137931034,0.01709945872426033,0.6551724137931034,0.9999636104234119,0.06761649250984192,1.0
foundation,17,six obstacles,OOD count,6,8.0,0.15,360.0,12,0.9699861687413555,0.7118489587682808,0.48314606741573035,0.08223937451839447,0.48148148148148145,0.9999445010737908,0.08337715268135071,0.0
foundation,17,six obstacles,OOD count,6,8.0,0.15,360.0,13,0.9841959635416666,0.8245191137389474,0.5454545454545454,0.027036579325795174,0.5238095238095238,0.9999826220572834,0.07400175929069519,1.0
foundation,17,six obstacles,OOD count,6,8.0,0.15,360.0,14,0.9800656984785616,0.7500449028533478,0.5,0.10076004266738892,0.4634146341463415,0.9999545068094594,0.05938947573304176,0.0
foundation,17,six obstacles,OOD count,6,8.0,0.15,360.0,15,0.9784668134726512,0.773048516089305,0.4742268041237113,0.07387232780456543,0.4791666666666667,0.9999597364084557,0.10874920338392258,0.0
exact,17,six obstacles,OOD count,6,8.0,0.15,360.0,0,0.9557651650674907,0.6963533753794011,0.41509433962264153,0.02354973554611206,0.41818181818181815,1.0,1.0245943485642783e-05,0.0
exact,17,six obstacles,OOD count,6,8.0,0.15,360.0,1,0.9712788259958072,0.7409789052514525,0.5604395604395604,0.08650115132331848,0.5555555555555556,1.0,1.0848198144230992e-05,0.0
exact,17,six obstacles,OOD count,6,8.0,0.15,360.0,2,0.9790415280238538,0.7790015820209835,0.5263157894736842,0.03836958855390549,0.5368421052631579,1.0,1.0241071322525386e-05,0.0
exact,17,six obstacles,OOD count,6,8.0,0.15,360.0,3,0.9711881614570514,0.7648050837428761,0.5053763440860215,0.07467256486415863,0.4945054945054945,1.0,1.1572407856874634e-05,0.0
exact,17,six obstacles,OOD count,6,8.0,0.15,360.0,4,0.9852518998029833,0.7828115374423313,0.5487804878048781,0.05170845985412598,0.5714285714285714,1.0,1.211860671901377e-05,0.0
exact,17,six obstacles,OOD count,6,8.0,0.15,360.0,5,0.960205596241367,0.7367501366834999,0.44545454545454544,0.06332924216985703,0.4146341463414634,1.0,9.041510566021316e-06,0.0
exact,17,six obstacles,OOD count,6,8.0,0.15,360.0,6,0.9946849385245902,0.903346539642859,0.6216216216216216,0.004179945681244135,0.7142857142857143,1.0,1.2932887329952791e-05,1.0
exact,17,six obstacles,OOD count,6,8.0,0.15,360.0,7,0.9815490121373754,0.8141264278947012,0.5357142857142857,0.025182723999023438,0.5405405405405406,1.0,1.2980512110516429e-05,1.0
exact,17,six obstacles,OOD count,6,8.0,0.15,360.0,8,0.9788362916217135,0.8348005653279129,0.5212765957446809,0.038204293698072433,0.5268817204301075,1.0,1.1641072887869086e-05,1.0
exact,17,six obstacles,OOD count,6,8.0,0.15,360.0,9,0.9645703569754203,0.7253604296885361,0.46601941747572817,0.04057558625936508,0.4766355140186916,1.0,1.0226807717117481e-05,0.0
exact,17,six obstacles,OOD count,6,8.0,0.15,360.0,10,0.9775668969217356,0.7586573068834712,0.5227272727272727,0.09708872437477112,0.5308641975308642,1.0,1.3040128578722943e-05,0.0
exact,17,six obstacles,OOD count,6,8.0,0.15,360.0,11,0.9915382819794585,0.890820931041719,0.6551724137931034,0.01709945872426033,0.6551724137931034,1.0,1.0771017514343839e-05,1.0
exact,17,six obstacles,OOD count,6,8.0,0.15,360.0,12,0.9698132780082988,0.7114272025818646,0.48314606741573035,0.08765586465597153,0.4634146341463415,1.0,1.1714675565599464e-05,0.0
exact,17,six obstacles,OOD count,6,8.0,0.15,360.0,13,0.9841634114583333,0.825854570434068,0.5454545454545454,0.027036579325795174,0.5421686746987951,1.0,1.0440422556712292e-05,1.0
exact,17,six obstacles,OOD count,6,8.0,0.15,360.0,14,0.9798582295988936,0.7493395403707015,0.4666666666666667,0.10211514681577682,0.4634146341463415,1.0,1.1010044545400888e-05,0.0
exact,17,six obstacles,OOD count,6,8.0,0.15,360.0,15,0.9784963717245763,0.7737757243001985,0.4895833333333333,0.07945775240659714,0.4791666666666667,1.0,1.0913089681707788e-05,0.0
small,17,three stars,OOD shape,3,8.0,0.15,360.0,0,0.9926910299003323,0.8510782976165656,0.44594594594594594,0.037104249000549316,0.5909090909090909,0.9999981087793277,0.0219599436968565,1.0
small,17,three stars,OOD shape,3,8.0,0.15,360.0,1,0.9940678225239274,0.874051828902427,0.4383561643835616,0.024514537304639816,0.5348837209302325,0.9999978115903808,0.04541463777422905,1.0
small,17,three stars,OOD shape,3,8.0,0.15,360.0,2,0.988400862558166,0.8200850172331848,0.5,0.00596316484734416,0.5789473684210527,0.9999982367038112,0.017766878008842468,1.0
small,17,three stars,OOD shape,3,8.0,0.15,360.0,3,0.9960692590065945,0.8946121171662706,0.4305555555555556,0.031293898820877075,0.6756756756756757,0.999989528717927,0.04205628111958504,1.0
small,17,three stars,OOD shape,3,8.0,0.15,360.0,4,0.9970542367007451,0.908821421422982,0.4027777777777778,0.030982017517089844,0.7058823529411765,0.9999846615848137,0.04282861948013306,1.0
small,17,three stars,OOD shape,3,8.0,0.15,360.0,5,0.9907947299208495,0.8426887663240592,0.5066666666666667,0.023329870775341988,0.6078431372549019,0.9999837112379757,0.19208098948001862,1.0
small,17,three stars,OOD shape,3,8.0,0.15,360.0,6,0.9975175175175175,0.9219270994423178,0.3472222222222222,0.02443094551563263,0.7241379310344828,0.999995182365823,0.02482645772397518,1.0
small,17,three stars,OOD shape,3,8.0,0.15,360.0,7,0.9924599162212914,0.829784323648745,0.4861111111111111,0.011679536662995815,0.5217391304347826,0.9999966701544685,0.0887756422162056,1.0
small,17,three stars,OOD shape,3,8.0,0.15,360.0,8,0.9901147347955859,0.8252294484207452,0.4533333333333333,0.03464625030755997,0.6086956521739131,0.9999870449976875,0.18776848912239075,1.0
small,17,three stars,OOD shape,3,8.0,0.15,360.0,9,0.9869520761091847,0.8047311847226671,0.4936708860759494,0.021199023351073265,0.5862068965517241,0.9999986587772766,0.014597932808101177,1.0
small,17,three stars,OOD shape,3,8.0,0.15,360.0,10,0.9919302355850579,0.8599377857157434,0.5,0.024370333179831505,0.5918367346938775,0.999987098894387,0.16981634497642517,1.0
small,17,three stars,OOD shape,3,8.0,0.15,360.0,11,0.995321434760007,0.8749435540608008,0.4027777777777778,0.01551099494099617,0.6571428571428571,0.9999976104734136,0.08278511464595795,1.0
small,17,three stars,OOD shape,3,8.0,0.15,360.0,12,0.9891837125879679,0.8238800961774058,0.4342105263157895,0.009024832397699356,0.5416666666666666,0.9999889301526109,0.1905953288078308,1.0
small,17,three stars,OOD shape,3,8.0,0.15,360.0,13,0.9874999999999999,0.8013439931536673,0.48717948717948717,0.009404500015079975,0.543859649122807,0.9999795757758756,0.03164521977305412,1.0
small,17,three stars,OOD shape,3,8.0,0.15,360.0,14,0.9944125004060682,0.8840405435906046,0.410958904109589,0.025966834276914597,0.5897435897435898,0.9999905219392512,0.06289861351251602,1.0
small,17,three stars,OOD shape,3,8.0,0.15,360.0,15,0.988478771068914,0.8331192644970885,0.47435897435897434,0.007893051952123642,0.5636363636363636,0.9999945098127977,0.11332937330007553,1.0
foundation,17,three stars,OOD shape,3,8.0,0.15,360.0,0,0.9926910299003322,0.8513736712872118,0.44594594594594594,0.037104249000549316,0.5909090909090909,0.9999981241709216,0.023225126788020134,1.0
foundation,17,three stars,OOD shape,3,8.0,0.15,360.0,1,0.9940678225239274,0.874051828902427,0.4383561643835616,0.024514537304639816,0.5348837209302325,0.9999977054053482,0.03940756991505623,1.0
foundation,17,three stars,OOD shape,3,8.0,0.15,360.0,2,0.9883781636590625,0.8198447418906301,0.5,0.00596316484734416,0.5789473684210527,0.9999982366298552,0.017840292304754257,1.0
foundation,17,three stars,OOD shape,3,8.0,0.15,360.0,3,0.99610174446935,0.8950946264496217,0.4305555555555556,0.026911847293376923,0.6756756756756757,0.9999898396831873,0.04307911545038223,1.0
foundation,17,three stars,OOD shape,3,8.0,0.15,360.0,4,0.9969849246231156,0.9058363061217714,0.4027777777777778,0.030982017517089844,0.6571428571428571,0.9999858764022018,0.04390844330191612,1.0
foundation,17,three stars,OOD shape,3,8.0,0.15,360.0,5,0.9907451058233878,0.8415367658310957,0.5066666666666667,0.023329870775341988,0.6078431372549019,0.9999824588207158,0.1999606341123581,1.0
foundation,17,three stars,OOD shape,3,8.0,0.15,360.0,6,0.9974374374374375,0.9187773409882115,0.3472222222222222,0.02443094551563263,0.7241379310344828,0.9999941436962881,0.02302723564207554,1.0
foundation,17,three stars,OOD shape,3,8.0,0.15,360.0,7,0.9926621406904521,0.8342723456637181,0.4861111111111111,0.011679536662995815,0.5217391304347826,0.9999967979775931,0.09255483001470566,1.0
foundation,17,three stars,OOD shape,3,8.0,0.15,360.0,8,0.9902242668200115,0.8256964964501201,0.4533333333333333,0.03464625030755997,0.6086956521739131,0.9999873306383574,0.18535196781158447,1.0
foundation,17,three stars,OOD shape,3,8.0,0.15,360.0,9,0.9869743042589134,0.8048207690513819,0.4936708860759494,0.021199023351073265,0.5862068965517241,0.9999984266557375,0.014439607039093971,1.0
foundation,17,three stars,OOD shape,3,8.0,0.15,360.0,10,0.9919302355850579,0.8589589962062794,0.5,0.024370333179831505,0.56,0.9999864302507124,0.1744985431432724,1.0
foundation,17,three stars,OOD shape,3,8.0,0.15,360.0,11,0.995321434760007,0.8749435540608008,0.4027777777777778,0.01551099494099617,0.6571428571428571,0.9999977479424267,0.0856548622250557,1.0
foundation,17,three stars,OOD shape,3,8.0,0.15,360.0,12,0.9891837125879679,0.8246630439638254,0.4342105263157895,0.009024832397699356,0.5416666666666666,0.9999867072572184,0.1939496397972107,1.0
foundation,17,three stars,OOD shape,3,8.0,0.15,360.0,13,0.9876623376623377,0.8040753620193355,0.48717948717948717,0.009404500015079975,0.543859649122807,0.9999760915711146,0.0325615257024765,1.0
foundation,17,three stars,OOD shape,3,8.0,0.15,360.0,14,0.9944449858688237,0.8842070437571047,0.410958904109589,0.025966834276914597,0.5897435897435898,0.9999905892013378,0.05984502658247948,1.0
foundation,17,three stars,OOD shape,3,8.0,0.15,360.0,15,0.9884550648365455,0.833284579179181,0.47435897435897434,0.007893051952123642,0.5636363636363636,0.9999927386463838,0.11946827173233032,1.0
exact,17,three stars,OOD shape,3,8.0,0.15,360.0,0,0.9927199191102124,0.8514670245359048,0.44594594594594594,0.037104249000549316,0.5909090909090909,1.0,1.703542329778429e-05,1.0
exact,17,three stars,OOD shape,3,8.0,0.15,360.0,1,0.9940984007583402,0.8742849291355272,0.4383561643835616,0.024514537304639816,0.5348837209302325,1.0,1.8292261302121915e-05,1.0
exact,17,three stars,OOD shape,3,8.0,0.15,360.0,2,0.988400862558166,0.8200850172331848,0.5,0.00596316484734416,0.5789473684210527,1.0,1.6847825463628396e-05,1.0
exact,17,three stars,OOD shape,3,8.0,0.15,360.0,3,0.9960692590065945,0.8950896433801225,0.4305555555555556,0.026911847293376923,0.6756756756756757,1.0,1.7438604118069634e-05,1.0
exact,17,three stars,OOD shape,3,8.0,0.15,360.0,4,0.9969849246231156,0.906620797596964,0.4027777777777778,0.030982017517089844,0.6571428571428571,1.0,1.9559740394470282e-05,1.0
exact,17,three stars,OOD shape,3,8.0,0.15,360.0,5,0.9908195419695804,0.8429679812374204,0.5066666666666667,0.023329870775341988,0.6078431372549019,1.0,1.623028038011398e-05,1.0
exact,17,three stars,OOD shape,3,8.0,0.15,360.0,6,0.9975175175175175,0.9219270994423178,0.3472222222222222,0.02443094551563263,0.7241379310344828,1.0,1.8875412933994085e-05,1.0
exact,17,three stars,OOD shape,3,8.0,0.15,360.0,7,0.9926332514805719,0.831577816217497,0.4861111111111111,0.011679536662995815,0.5217391304347826,1.0,1.6484329535160214e-05,1.0
exact,17,three stars,OOD shape,3,8.0,0.15,360.0,8,0.9900873517894794,0.8247373551989465,0.4533333333333333,0.03464625030755997,0.6086956521739131,1.0,1.563755540701095e-05,1.0
exact,17,three stars,OOD shape,3,8.0,0.15,360.0,9,0.9870187605583711,0.8055330677008188,0.4936708860759494,0.021199023351073265,0.5862068965517241,1.0,1.6147037968039513e-05,1.0
exact,17,three stars,OOD shape,3,8.0,0.15,360.0,10,0.9919562670831706,0.859174165652218,0.5,0.024370333179831505,0.56,1.0,1.7948828826774843e-05,1.0
exact,17,three stars,OOD shape,3,8.0,0.15,360.0,11,0.995321434760007,0.8749435540608008,0.4027777777777778,0.01551099494099617,0.6571428571428571,1.0,1.696827166597359e-05,1.0
exact,17,three stars,OOD shape,3,8.0,0.15,360.0,12,0.9892110955940743,0.825102747400057,0.4342105263157895,0.015047981403768063,0.5416666666666666,1.0,1.4680871572636534e-05,1.0
exact,17,three stars,OOD shape,3,8.0,0.15,360.0,13,0.9876159554730983,0.802162624170913,0.48717948717948717,0.008419006131589413,0.543859649122807,1.0,1.530627196189016e-05,1.0
exact,17,three stars,OOD shape,3,8.0,0.15,360.0,14,0.9944125004060682,0.8840405435906046,0.410958904109589,0.025966834276914597,0.5897435897435898,1.0,1.8134756828658283e-05,1.0
exact,17,three stars,OOD shape,3,8.0,0.15,360.0,15,0.988478771068914,0.8333812865243342,0.47435897435897434,0.007893051952123642,0.5636363636363636,1.0,1.4578921764041297e-05,1.0
small,17,two crescents,OOD shape,2,8.0,0.15,360.0,0,0.9948846809656287,0.5236362966239128,0.1527777777777778,0.01199530903249979,0.4666666666666667,0.9999960071487612,0.02098298817873001,0.0
small,17,two crescents,OOD shape,2,8.0,0.15,360.0,1,0.9963478657840676,0.7632888479042326,0.18055555555555555,0.025133933871984482,0.5294117647058824,0.9999977087592259,0.016989493742585182,0.0
small,17,two crescents,OOD shape,2,8.0,0.15,360.0,2,0.9926215277777778,0.5871370558870559,0.2222222222222222,0.03766167163848877,0.45454545454545453,0.9999742077731396,0.027170861139893532,0.0
small,17,two crescents,OOD shape,2,8.0,0.15,360.0,3,0.9941413680286083,0.628865720246673,0.18055555555555555,0.05293845012784004,0.4444444444444444,0.9999986512969581,0.013907804153859615,0.0
small,17,two crescents,OOD shape,2,8.0,0.15,360.0,4,0.997941370223979,0.8496527777777778,0.16666666666666666,0.026289699599146843,0.5,0.9999990838725769,0.012553570792078972,1.0
small,17,two crescents,OOD shape,2,8.0,0.15,360.0,5,0.9952876984126984,0.8280537780537781,0.2222222222222222,0.01040045265108347,0.6,0.9999963539054411,0.022003911435604095,1.0
small,17,two crescents,OOD shape,2,8.0,0.15,360.0,6,0.9921875,0.5611318038897218,0.2222222222222222,0.012923197820782661,0.391304347826087,0.9999996899054203,0.017765812575817108,0.0
small,17,two crescents,OOD shape,2,8.0,0.15,360.0,7,0.993456592863121,0.665485796255027,0.18055555555555555,0.0032081883400678635,0.4444444444444444,0.9999988379523578,0.01919216476380825,0.0
small,17,two crescents,OOD shape,2,8.0,0.15,360.0,8,0.9937156323644933,0.7642620508239647,0.2638888888888889,0.06957653909921646,0.52,0.9999827202143969,0.027912911027669907,0.0
small,17,two crescents,OOD shape,2,8.0,0.15,360.0,9,0.9908234126984127,0.5981769057357038,0.2222222222222222,0.01065669022500515,0.3333333333333333,0.9999992297780433,0.015551457181572914,0.0
small,17,two crescents,OOD shape,2,8.0,0.15,360.0,10,0.9973713417839827,0.8356253767502233,0.2361111111111111,0.04040355980396271,0.7,0.9999677990208764,0.028133125975728035,1.0
small,17,two crescents,OOD shape,2,8.0,0.15,360.0,11,0.9934835431853325,0.6990096304802187,0.25,0.01744159869849682,0.5,0.999999443418223,0.013074454851448536,0.0
small,17,two crescents,OOD shape,2,8.0,0.15,360.0,12,0.9983432736911861,0.9110716346681258,0.25,0.010137747041881084,0.6363636363636364,0.9999669916056457,0.040822405368089676,1.0
small,17,two crescents,OOD shape,2,8.0,0.15,360.0,13,0.9920713577799802,0.6321616818770519,0.20833333333333334,0.017151713371276855,0.30434782608695654,0.9999995714425243,0.014758090488612652,0.0
small,17,two crescents,OOD shape,2,8.0,0.15,360.0,14,0.9940476190476191,0.6761869825968292,0.2222222222222222,0.024710403755307198,0.45454545454545453,0.999982249596614,0.02382599003612995,0.0
small,17,two crescents,OOD shape,2,8.0,0.15,360.0,15,0.9970355731225297,0.7722285816035815,0.16666666666666666,0.01276303268969059,0.5,0.9999991787816357,0.009428280405700207,0.0
foundation,17,two crescents,OOD shape,2,8.0,0.15,360.0,0,0.9948846809656287,0.5236362966239128,0.1527777777777778,0.01199530903249979,0.4666666666666667,0.999996057660469,0.021888945251703262,0.0
foundation,17,two crescents,OOD shape,2,8.0,0.15,360.0,1,0.9963478657840676,0.7632888479042326,0.18055555555555555,0.025133933871984482,0.5294117647058824,0.9999976076388563,0.017973490059375763,0.0
foundation,17,two crescents,OOD shape,2,8.0,0.15,360.0,2,0.9925595238095237,0.5864258183337131,0.2222222222222222,0.0384783111512661,0.45454545454545453,0.9999749426249578,0.027977192774415016,0.0
foundation,17,two crescents,OOD shape,2,8.0,0.15,360.0,3,0.9941413680286083,0.628865720246673,0.18055555555555555,0.05293845012784004,0.4444444444444444,0.9999986668194758,0.014041267335414886,0.0
foundation,17,two crescents,OOD shape,2,8.0,0.15,360.0,4,0.997941370223979,0.8496527777777778,0.16666666666666666,0.026289699599146843,0.5,0.9999990493478687,0.012643223628401756,1.0
foundation,17,two crescents,OOD shape,2,8.0,0.15,360.0,5,0.9952256944444444,0.8229401416901417,0.2222222222222222,0.01040045265108347,0.6,0.9999962284017359,0.021408356726169586,1.0
foundation,17,two crescents,OOD shape,2,8.0,0.15,360.0,6,0.9921875,0.5611318038897218,0.2222222222222222,0.012923197820782661,0.391304347826087,0.999999677466213,0.013963382691144943,0.0
foundation,17,two crescents,OOD shape,2,8.0,0.15,360.0,7,0.993456592863121,0.665485796255027,0.18055555555555555,0.0032081883400678635,0.4444444444444444,0.9999988582659447,0.018552158027887344,0.0
foundation,17,two crescents,OOD shape,2,8.0,0.15,360.0,8,0.9935585231736056,0.7608739262572288,0.2638888888888889,0.06957653909921646,0.52,0.9999838332317812,0.027555886656045914,0.0
foundation,17,two crescents,OOD shape,2,8.0,0.15,360.0,9,0.9908854166666666,0.5988713501801481,0.2222222222222222,0.01065669022500515,0.3333333333333333,0.9999992194609879,0.017041176557540894,0.0
foundation,17,two crescents,OOD shape,2,8.0,0.15,360.0,10,0.9974297564110053,0.8367006455674276,0.2361111111111111,0.03820400685071945,0.7,0.9999637587116544,0.030995646491646767,1.0
foundation,17,two crescents,OOD shape,2,8.0,0.15,360.0,11,0.9934835431853325,0.6990096304802187,0.25,0.01744159869849682,0.5,0.9999994469214908,0.013358847238123417,0.0
foundation,17,two crescents,OOD shape,2,8.0,0.15,360.0,12,0.9982880494808923,0.9092051436712001,0.25,0.010137747041881084,0.6363636363636364,0.9999676226894294,0.04061317443847656,1.0
foundation,17,two crescents,OOD shape,2,8.0,0.15,360.0,13,0.9920713577799802,0.6321616818770519,0.20833333333333334,0.017151713371276855,0.30434782608695654,0.9999995700010077,0.014430969022214413,0.0
foundation,17,two crescents,OOD shape,2,8.0,0.15,360.0,14,0.993985615079365,0.6735732116955819,0.2222222222222222,0.024710403755307198,0.45454545454545453,0.9999835096900089,0.023740636184811592,0.0
foundation,17,two crescents,OOD shape,2,8.0,0.15,360.0,15,0.9970355731225297,0.7722285816035817,0.16666666666666666,0.01276303268969059,0.5,0.9999991706194001,0.009539749473333359,0.0
exact,17,two crescents,OOD shape,2,8.0,0.15,360.0,0,0.9948846809656287,0.5236362966239128,0.1527777777777778,0.01199530903249979,0.4666666666666667,1.0,2.3775501176714897e-05,0.0
exact,17,two crescents,OOD shape,2,8.0,0.15,360.0,1,0.9963478657840676,0.7632888479042326,0.18055555555555555,0.025133933871984482,0.5294117647058824,1.0,2.0854078684351407e-05,0.0
exact,17,two crescents,OOD shape,2,8.0,0.15,360.0,2,0.9926215277777778,0.5871370558870559,0.2222222222222222,0.03766167163848877,0.45454545454545453,1.0,1.9665150830405764e-05,0.0
exact,17,two crescents,OOD shape,2,8.0,0.15,360.0,3,0.9941413680286083,0.628865720246673,0.18055555555555555,0.05293845012784004,0.4444444444444444,1.0,2.250493889732752e-05,0.0
exact,17,two crescents,OOD shape,2,8.0,0.15,360.0,4,0.997941370223979,0.8496527777777778,0.16666666666666666,0.026289699599146843,0.5,1.0,2.5329465643153526e-05,1.0
exact,17,two crescents,OOD shape,2,8.0,0.15,360.0,5,0.9952256944444444,0.8229401416901417,0.2222222222222222,0.01040045265108347,0.6,1.0,2.4985016352729872e-05,1.0
exact,17,two crescents,OOD shape,2,8.0,0.15,360.0,6,0.9921875,0.5611318038897218,0.2222222222222222,0.012923197820782661,0.391304347826087,1.0,2.2665026335744187e-05,0.0
exact,17,two crescents,OOD shape,2,8.0,0.15,360.0,7,0.993456592863121,0.665485796255027,0.18055555555555555,0.0032081883400678635,0.4444444444444444,1.0,2.226435208285693e-05,0.0
exact,17,two crescents,OOD shape,2,8.0,0.15,360.0,8,0.9935585231736057,0.7626417386453419,0.2638888888888889,0.06957653909921646,0.52,1.0,2.1424066289910115e-05,0.0
exact,17,two crescents,OOD shape,2,8.0,0.15,360.0,9,0.9908854166666666,0.5988713501801481,0.2222222222222222,0.01065669022500515,0.3333333333333333,1.0,2.0779734768439084e-05,0.0
exact,17,two crescents,OOD shape,2,8.0,0.15,360.0,10,0.9974297564110053,0.8367006455674276,0.2361111111111111,0.03928648307919502,0.7,1.0,2.6795250960276462e-05,1.0
exact,17,two crescents,OOD shape,2,8.0,0.15,360.0,11,0.9934835431853325,0.6990096304802187,0.25,0.01744159869849682,0.5,1.0,2.5137987904599868e-05,0.0
exact,17,two crescents,OOD shape,2,8.0,0.15,360.0,12,0.9982880494808923,0.9092051436712001,0.25,0.010137747041881084,0.6363636363636364,1.0,2.6784849978866987e-05,1.0
exact,17,two crescents,OOD shape,2,8.0,0.15,360.0,13,0.9920713577799802,0.6321616818770519,0.20833333333333334,0.017151713371276855,0.30434782608695654,1.0,2.1338069927878678e-05,0.0
exact,17,two crescents,OOD shape,2,8.0,0.15,360.0,14,0.9940476190476191,0.6745812762117109,0.2222222222222222,0.024710403755307198,0.45454545454545453,1.0,2.0131194105488248e-05,0.0
exact,17,two crescents,OOD shape,2,8.0,0.15,360.0,15,0.9970355731225297,0.7722285816035815,0.16666666666666666,0.01276303268969059,0.5,1.0,2.397329080849886e-05,0.0
small,17,30% noise,OOD noise,4,8.0,0.3,360.0,0,0.9958877923001689,0.9351336463971718,0.6164383561643836,0.009160050190985203,0.7037037037037037,0.9998291214150872,0.21065592765808105,1.0
small,17,30% noise,OOD noise,4,8.0,0.3,360.0,1,0.9940802845528455,0.8836970320303049,0.5342465753424658,0.022919293493032455,0.6,0.9998391300203261,0.2476525604724884,1.0
small,17,30% noise,OOD noise,4,8.0,0.3,360.0,2,0.9983367556468172,0.9713287221785274,0.6944444444444444,0.009261985309422016,0.8181818181818182,0.9999368607294015,0.13030925393104553,1.0
small,17,30% noise,OOD noise,4,8.0,0.3,360.0,3,0.9969453990072547,0.9473387415386206,0.726027397260274,0.03524314984679222,0.7419354838709677,0.9998820826279933,0.18933537602424622,1.0
small,17,30% noise,OOD noise,4,8.0,0.3,360.0,4,0.9971795503710398,0.9346354809941625,0.5138888888888888,0.03006427176296711,0.7619047619047619,0.9999042607543498,0.23844820261001587,1.0
small,17,30% noise,OOD noise,4,8.0,0.3,360.0,5,0.9919243986254296,0.8909477202326103,0.6153846153846154,0.04813496023416519,0.6363636363636364,0.9998121512457622,0.1052311509847641,1.0
small,17,30% noise,OOD noise,4,8.0,0.3,360.0,6,0.9982474876091897,0.9582422267662696,0.5138888888888888,0.010822699405252934,0.7619047619047619,0.999886263399344,0.24457962810993195,1.0
small,17,30% noise,OOD noise,4,8.0,0.3,360.0,7,0.9920306965761512,0.9045990618475318,0.620253164556962,0.04838373884558678,0.696969696969697,0.9998036653692478,0.3252028226852417,1.0
small,17,30% noise,OOD noise,4,8.0,0.3,360.0,8,0.9958316221765914,0.9252390976112208,0.6712328767123288,0.011831162497401237,0.6949152542372882,0.9998962682376594,0.24709920585155487,1.0
small,17,30% noise,OOD noise,4,8.0,0.3,360.0,9,0.9965881737310309,0.9301422860480442,0.6575342465753424,0.027130987495183945,0.75,0.999962416201444,0.06690628081560135,1.0
small,17,30% noise,OOD noise,4,8.0,0.3,360.0,10,0.9968237804286685,0.9359590170476813,0.5616438356164384,0.010511969216167927,0.7142857142857143,0.9999052146525588,0.18925397098064423,1.0
small,17,30% noise,OOD noise,4,8.0,0.3,360.0,11,0.9960230245944531,0.9345642441461716,0.6575342465753424,0.020745277404785156,0.7192982456140351,0.9998912767901795,0.18463483452796936,1.0
small,17,30% noise,OOD noise,4,8.0,0.3,360.0,12,0.997425431711146,0.9553990173043206,0.6575342465753424,0.012116230092942715,0.75,0.9998539097669579,0.21645420789718628,1.0
small,17,30% noise,OOD noise,4,8.0,0.3,360.0,13,0.9938775510204081,0.8989118821401576,0.5675675675675675,0.05278993770480156,0.6296296296296297,0.9997965219104259,0.2825542986392975,1.0
small,17,30% noise,OOD noise,4,8.0,0.3,360.0,14,0.9973168214654283,0.9575391701561696,0.7162162162162162,0.02398153580725193,0.7741935483870968,0.9999027522873637,0.26144173741340637,1.0
small,17,30% noise,OOD noise,4,8.0,0.3,360.0,15,0.9978648446674495,0.9545315522524378,0.5277777777777778,0.014150288887321949,0.7674418604651163,0.9999568381299044,0.14808602631092072,1.0
foundation,17,30% noise,OOD noise,4,8.0,0.3,360.0,0,0.9959544767493553,0.9365113378799664,0.6164383561643836,0.01185511238873005,0.7037037037037037,0.9998211687944719,0.21013028919696808,1.0
foundation,17,30% noise,OOD noise,4,8.0,0.3,360.0,1,0.9940040650406504,0.8826510559794101,0.5342465753424658,0.022919293493032455,0.5686274509803921,0.9998301341516499,0.25671595335006714,1.0
foundation,17,30% noise,OOD noise,4,8.0,0.3,360.0,2,0.9983983572895277,0.9722410756405703,0.6944444444444444,0.009261985309422016,0.8181818181818182,0.9999368271952611,0.1332150250673294,1.0
foundation,17,30% noise,OOD noise,4,8.0,0.3,360.0,3,0.9971172203130966,0.9506146033104915,0.726027397260274,0.03524314984679222,0.7419354838709677,0.9998743428989125,0.20054011046886444,1.0
foundation,17,30% noise,OOD noise,4,8.0,0.3,360.0,4,0.9972069333771462,0.9353824557870027,0.5138888888888888,0.03006427176296711,0.7619047619047619,0.9999066365308884,0.23880675435066223,1.0
foundation,17,30% noise,OOD noise,4,8.0,0.3,360.0,5,0.9920580374188621,0.8928587663577061,0.6363636363636364,0.04067043215036392,0.6363636363636364,0.9998001527474413,0.10571872442960739,1.0
foundation,17,30% noise,OOD noise,4,8.0,0.3,360.0,6,0.9982474876091898,0.9581373249893802,0.5138888888888888,0.013976777903735638,0.7619047619047619,0.9998788166782275,0.2482968419790268,1.0
foundation,17,30% noise,OOD noise,4,8.0,0.3,360.0,7,0.9919938016528925,0.9030044620201513,0.620253164556962,0.04838373884558678,0.696969696969697,0.9998228142878735,0.31834742426872253,1.0
foundation,17,30% noise,OOD noise,4,8.0,0.3,360.0,8,0.9959342915811088,0.9267036773919441,0.6712328767123288,0.011831162497401237,0.6949152542372882,0.99990665666088,0.24196197092533112,1.0
foundation,17,30% noise,OOD noise,4,8.0,0.3,360.0,9,0.996567242281528,0.9299672940459514,0.6575342465753424,0.027072178199887276,0.75,0.9999581802532724,0.06674031168222427,1.0
foundation,17,30% noise,OOD noise,4,8.0,0.3,360.0,10,0.9967752885268161,0.9349610193264253,0.5616438356164384,0.010511969216167927,0.7142857142857143,0.9999021707336846,0.1799324005842209,1.0
foundation,17,30% noise,OOD noise,4,8.0,0.3,360.0,11,0.9961486132914704,0.9357531077477224,0.6575342465753424,0.020745277404785156,0.7192982456140351,0.9998888083201795,0.18463942408561707,1.0
foundation,17,30% noise,OOD noise,4,8.0,0.3,360.0,12,0.9975719518576661,0.9573006573457823,0.6575342465753424,0.012116230092942715,0.7818181818181819,0.999844909623081,0.2306346595287323,1.0
foundation,17,30% noise,OOD noise,4,8.0,0.3,360.0,13,0.9939007421150278,0.8999036617404712,0.5675675675675675,0.05278993770480156,0.6296296296296297,0.9997999672490583,0.2848222851753235,1.0
foundation,17,30% noise,OOD noise,4,8.0,0.3,360.0,14,0.9971854770616381,0.9555327007725609,0.7162162162162162,0.02398153580725193,0.7741935483870968,0.9998983266948221,0.25953584909439087,1.0
foundation,17,30% noise,OOD noise,4,8.0,0.3,360.0,15,0.9979182235507633,0.955719303048198,0.5277777777777778,0.014150288887321949,0.7674418604651163,0.9999546353050099,0.15309147536754608,1.0
exact,17,30% noise,OOD noise,4,8.0,0.3,360.0,0,0.9958655641504401,0.9352016417849799,0.6164383561643836,0.009160050190985203,0.7037037037037037,1.0,1.1978715519944672e-05,1.0
exact,17,30% noise,OOD noise,4,8.0,0.3,360.0,1,0.9940802845528456,0.8837921609121513,0.5342465753424658,0.022919293493032455,0.6,1.0,1.3829499948769808e-05,1.0
exact,17,30% noise,OOD noise,4,8.0,0.3,360.0,2,0.9983367556468172,0.9713651566423507,0.6944444444444444,0.004919626750051975,0.8181818181818182,1.0,1.0748669410531875e-05,1.0
exact,17,30% noise,OOD noise,4,8.0,0.3,360.0,3,0.9969835815196639,0.9481876544766523,0.726027397260274,0.03524314984679222,0.7419354838709677,1.0,1.1961816198891029e-05,1.0
exact,17,30% noise,OOD noise,4,8.0,0.3,360.0,4,0.9971795503710398,0.9352389265737061,0.5138888888888888,0.03006427176296711,0.7619047619047619,1.0,1.3250139090814628e-05,1.0
exact,17,30% noise,OOD noise,4,8.0,0.3,360.0,5,0.9918671248568156,0.8903572730241477,0.6153846153846154,0.04813496023416519,0.6119402985074627,1.0,1.0893701073655393e-05,1.0
exact,17,30% noise,OOD noise,4,8.0,0.3,360.0,6,0.9981653385908705,0.9569400672800796,0.5138888888888888,0.013976777903735638,0.7619047619047619,1.0,1.2630707715288736e-05,1.0
exact,17,30% noise,OOD noise,4,8.0,0.3,360.0,7,0.9919938016528926,0.9028560171109195,0.620253164556962,0.04838373884558678,0.696969696969697,1.0,1.1828231436084025e-05,1.0
exact,17,30% noise,OOD noise,4,8.0,0.3,360.0,8,0.9958726899383983,0.9265538605834125,0.6712328767123288,0.011831162497401237,0.6949152542372882,1.0,1.0901326277235057e-05,1.0
exact,17,30% noise,OOD noise,4,8.0,0.3,360.0,9,0.9966509680795396,0.9311790572126908,0.6575342465753424,0.027072178199887276,0.75,1.0,1.1784602065745275e-05,1.0
exact,17,30% noise,OOD noise,4,8.0,0.3,360.0,10,0.9967752885268161,0.9351005357544173,0.5616438356164384,0.010511969216167927,0.7142857142857143,1.0,1.1688220183714293e-05,1.0
exact,17,30% noise,OOD noise,4,8.0,0.3,360.0,11,0.9961486132914704,0.936576766225599,0.6575342465753424,0.020745277404785156,0.7192982456140351,1.0,1.0891939382418059e-05,1.0
exact,17,30% noise,OOD noise,4,8.0,0.3,360.0,12,0.9975719518576661,0.9579581272822726,0.6575342465753424,0.012116230092942715,0.7818181818181819,1.0,1.0801288226502948e-05,1.0
exact,17,30% noise,OOD noise,4,8.0,0.3,360.0,13,0.9940166975881262,0.9012140731406789,0.5675675675675675,0.05278993770480156,0.660377358490566,1.0,1.3011597729928326e-05,1.0
exact,17,30% noise,OOD noise,4,8.0,0.3,360.0,14,0.9972980579791725,0.9570524924488855,0.7162162162162162,0.02398153580725193,0.7741935483870968,1.0,1.0412609299237374e-05,1.0
exact,17,30% noise,OOD noise,4,8.0,0.3,360.0,15,0.9978648446674495,0.9541910516797392,0.5277777777777778,0.014150288887321949,0.7674418604651163,1.0,1.2048544704157393e-05,1.0
small,17,180-degree aperture,OOD aperture,3,8.0,0.15,180.0,0,0.9879335277244388,0.8218450736193562,0.5131578947368421,0.012036905623972416,0.5357142857142857,0.9999994731316586,0.009839561767876148,1.0
small,17,180-degree aperture,OOD aperture,3,8.0,0.15,180.0,1,0.9928261999653439,0.7967513606675977,0.4027777777777778,0.025916170328855515,0.48717948717948717,0.9999997029156289,0.017592424526810646,0.0
small,17,180-degree aperture,OOD aperture,3,8.0,0.15,180.0,2,0.9929510327892532,0.8288527383472588,0.4861111111111111,0.022914867848157883,0.5555555555555556,0.9999998223654798,0.0279490165412426,1.0
small,17,180-degree aperture,OOD aperture,3,8.0,0.15,180.0,3,0.9878145622826473,0.774403062960372,0.4342105263157895,0.0346909835934639,0.5102040816326531,0.9999960384823804,0.021433623507618904,0.0
small,17,180-degree aperture,OOD aperture,3,8.0,0.15,180.0,4,0.9895895895895895,0.6917924187072985,0.3472222222222222,0.034254610538482666,0.47058823529411764,0.9999997646825947,0.02704826183617115,0.0
small,17,180-degree aperture,OOD aperture,3,8.0,0.15,180.0,5,0.9909088419726718,0.8550548822530541,0.4533333333333333,0.023981647565960884,0.574468085106383,0.9999996858135846,0.029637707397341728,1.0
small,17,180-degree aperture,OOD aperture,3,8.0,0.15,180.0,6,0.9872705974228817,0.7917009805802425,0.44155844155844154,0.013804667629301548,0.5918367346938775,0.9999965260237133,0.014810926280915737,0.0
small,17,180-degree aperture,OOD aperture,3,8.0,0.15,180.0,7,0.9911323120203039,0.8206389337772376,0.4189189189189189,0.024662116542458534,0.5,0.9999996316285372,0.04384411871433258,1.0
small,17,180-degree aperture,OOD aperture,3,8.0,0.15,180.0,8,0.984359987189068,0.7748525183414732,0.42857142857142855,0.014400537125766277,0.49019607843137253,0.9999960693585817,0.009998064488172531,0.0
small,17,180-degree aperture,OOD aperture,3,8.0,0.15,180.0,9,0.9896666666666666,0.6745373565297386,0.3150684931506849,0.03369937092065811,0.45454545454545453,0.9999993894790826,0.030694033950567245,0.0
small,17,180-degree aperture,OOD aperture,3,8.0,0.15,180.0,10,0.9906657669815565,0.8173572139966357,0.4594594594594595,0.01804971881210804,0.5319148936170213,0.9999992396975919,0.014892061240971088,1.0
small,17,180-degree aperture,OOD aperture,3,8.0,0.15,180.0,11,0.9828386890146258,0.7107776009322246,0.41025641025641024,0.025837894529104233,0.49019607843137253,0.9999958269861039,0.01237441599369049,0.0
small,17,180-degree aperture,OOD aperture,3,8.0,0.15,180.0,12,0.9880398671096345,0.7645538464119809,0.4266666666666667,0.013074417598545551,0.4583333333333333,0.9999998892114869,0.01265298668295145,0.0
small,17,180-degree aperture,OOD aperture,3,8.0,0.15,180.0,13,0.989450509127603,0.7510330369531548,0.4583333333333333,0.009837737306952477,0.43478260869565216,0.9999966048882054,0.019559072330594063,0.0
small,17,180-degree aperture,OOD aperture,3,8.0,0.15,180.0,14,0.9898021089123213,0.7864804088984737,0.4657534246575342,0.019709696993231773,0.5217391304347826,0.9999995336582865,0.017111705616116524,0.0
small,17,180-degree aperture,OOD aperture,3,8.0,0.15,180.0,15,0.9924449835383816,0.8435065585245611,0.3835616438356164,0.02371259033679962,0.5675675675675675,0.9999997929313109,0.02650088258087635,1.0
foundation,17,180-degree aperture,OOD aperture,3,8.0,0.15,180.0,0,0.9879098214920703,0.8218042439606921,0.5131578947368421,0.012036905623972416,0.5357142857142857,0.9999994690922561,0.00844244472682476,1.0
foundation,17,180-degree aperture,OOD aperture,3,8.0,0.15,180.0,1,0.9927915439265291,0.7960656239904818,0.4027777777777778,0.025916170328855515,0.48717948717948717,0.9999997643676918,0.012241426855325699,0.0
foundation,17,180-degree aperture,OOD aperture,3,8.0,0.15,180.0,2,0.9929221435793731,0.8285352780297985,0.4861111111111111,0.022914867848157883,0.5555555555555556,0.9999998283347733,0.028268182650208473,1.0
foundation,17,180-degree aperture,OOD aperture,3,8.0,0.15,180.0,3,0.9877050302582218,0.773604161535002,0.4342105263157895,0.030518263578414917,0.5102040816326531,0.9999962405654307,0.01913723535835743,0.0
foundation,17,180-degree aperture,OOD aperture,3,8.0,0.15,180.0,4,0.9895895895895895,0.6916582083870416,0.3472222222222222,0.03374680131673813,0.47058823529411764,0.9999997442400401,0.028370767831802368,0.0
foundation,17,180-degree aperture,OOD aperture,3,8.0,0.15,180.0,5,0.9909362249787782,0.8566891383640971,0.4533333333333333,0.023981647565960884,0.574468085106383,0.9999996985710005,0.03130302205681801,1.0
foundation,17,180-degree aperture,OOD aperture,3,8.0,0.15,180.0,6,0.9870363139398672,0.7898472031913103,0.44155844155844154,0.013804667629301548,0.5918367346938775,0.9999963895683469,0.014359375461935997,0.0
foundation,17,180-degree aperture,OOD aperture,3,8.0,0.15,180.0,7,0.9910711555514784,0.8191461638634151,0.4189189189189189,0.024662116542458534,0.5,0.9999996037945952,0.0438542477786541,1.0
foundation,17,180-degree aperture,OOD aperture,3,8.0,0.15,180.0,8,0.9843332977474112,0.7745952071488297,0.42857142857142855,0.014400537125766277,0.49019607843137253,0.9999961880134487,0.010017029941082,0.0
foundation,17,180-degree aperture,OOD aperture,3,8.0,0.15,180.0,9,0.9897083333333333,0.6747082382795677,0.3150684931506849,0.03369937092065811,0.45454545454545453,0.9999993576761156,0.033552560955286026,0.0
foundation,17,180-degree aperture,OOD aperture,3,8.0,0.15,180.0,10,0.9906376518218624,0.8172295326891792,0.4594594594594595,0.01804971881210804,0.5319148936170213,0.9999993075484177,0.013920934870839119,1.0
foundation,17,180-degree aperture,OOD aperture,3,8.0,0.15,180.0,11,0.9828920678979395,0.7110758691857111,0.41025641025641024,0.03010215051472187,0.49019607843137253,0.9999959650718068,0.012184410355985165,0.0
foundation,17,180-degree aperture,OOD aperture,3,8.0,0.15,180.0,12,0.9880109778997543,0.7642521872867922,0.4266666666666667,0.013074417598545551,0.4583333333333333,0.999999867797536,0.013002464547753334,0.0
foundation,17,180-degree aperture,OOD aperture,3,8.0,0.15,180.0,13,0.9893893526587775,0.7505105709134474,0.4583333333333333,0.00902542658150196,0.43478260869565216,0.999996742751206,0.017969593405723572,0.0
foundation,17,180-degree aperture,OOD aperture,3,8.0,0.15,180.0,14,0.9898309981222014,0.7871700640708875,0.4657534246575342,0.019709696993231773,0.5217391304347826,0.9999995157744925,0.018525950610637665,0.0
foundation,17,180-degree aperture,OOD aperture,3,8.0,0.15,180.0,15,0.9924449835383816,0.8435065585245614,0.3835616438356164,0.02371259033679962,0.5675675675675675,0.9999997815289184,0.028980502858757973,1.0
exact,17,180-degree aperture,OOD aperture,3,8.0,0.15,180.0,0,0.9879335277244388,0.8219674426551025,0.5131578947368421,0.012036905623972416,0.5357142857142857,1.0,1.671764584898483e-05,1.0
exact,17,180-degree aperture,OOD aperture,3,8.0,0.15,180.0,1,0.9928261999653439,0.7967513606675977,0.4027777777777778,0.025916170328855515,0.48717948717948717,1.0,1.9706718376255594e-05,0.0
exact,17,180-degree aperture,OOD aperture,3,8.0,0.15,180.0,2,0.992922143579373,0.8285352780297986,0.4861111111111111,0.022914867848157883,0.5555555555555556,1.0,2.1014488083892502e-05,1.0
exact,17,180-degree aperture,OOD aperture,3,8.0,0.15,180.0,3,0.9877324132643281,0.7730683501360791,0.4342105263157895,0.030518263578414917,0.5102040816326531,1.0,1.8564740457804874e-05,0.0
exact,17,180-degree aperture,OOD aperture,3,8.0,0.15,180.0,4,0.9896296296296296,0.6921021830170628,0.3472222222222222,0.034254610538482666,0.47058823529411764,1.0,2.0518406017799862e-05,0.0
exact,17,180-degree aperture,OOD aperture,3,8.0,0.15,180.0,5,0.9909088419726718,0.8558311375060963,0.4533333333333333,0.023981647565960884,0.574468085106383,1.0,2.1757945432909764e-05,1.0
exact,17,180-degree aperture,OOD aperture,3,8.0,0.15,180.0,6,0.9872705974228817,0.7921087159820643,0.44155844155844154,0.013804667629301548,0.5918367346938775,1.0,1.810564754123334e-05,0.0
exact,17,180-degree aperture,OOD aperture,3,8.0,0.15,180.0,7,0.9910711555514784,0.8191461638634151,0.4189189189189189,0.024662116542458534,0.5,1.0,1.9473645807011053e-05,1.0
exact,17,180-degree aperture,OOD aperture,3,8.0,0.15,180.0,8,0.984359987189068,0.774388093940741,0.42857142857142855,0.014400537125766277,0.49019607843137253,1.0,1.6614132618997246e-05,0.0
exact,17,180-degree aperture,OOD aperture,3,8.0,0.15,180.0,9,0.9897083333333333,0.6747082382795677,0.3150684931506849,0.03369937092065811,0.45454545454545453,1.0,2.136457260348834e-05,0.0
exact,17,180-degree aperture,OOD aperture,3,8.0,0.15,180.0,10,0.9906095366621682,0.816863414019489,0.4594594594594595,0.01804971881210804,0.5319148936170213,1.0,1.9422799596213736e-05,1.0
exact,17,180-degree aperture,OOD aperture,3,8.0,0.15,180.0,11,0.9827319312479983,0.7085201704329311,0.41025641025641024,0.025837894529104233,0.49019607843137253,1.0,1.7809978089644574e-05,0.0
exact,17,180-degree aperture,OOD aperture,3,8.0,0.15,180.0,12,0.9880398671096345,0.7645538464119809,0.4266666666666667,0.013074417598545551,0.4583333333333333,1.0,1.774869997461792e-05,0.0
exact,17,180-degree aperture,OOD aperture,3,8.0,0.15,180.0,13,0.9894199308931902,0.7483885799608718,0.4583333333333333,0.00902542658150196,0.43478260869565216,1.0,1.944060750247445e-05,0.0
exact,17,180-degree aperture,OOD aperture,3,8.0,0.15,180.0,14,0.9897732197024411,0.786173241448449,0.4657534246575342,0.019709696993231773,0.48936170212765956,1.0,1.895941750262864e-05,0.0
exact,17,180-degree aperture,OOD aperture,3,8.0,0.15,180.0,15,0.9924449835383816,0.8435065585245614,0.3835616438356164,0.02371259033679962,0.5675675675675675,1.0,2.1368885427364148e-05,1.0
small,17,heteroscedastic noise,OOD noise,3,8.0,0.2,360.0,0,0.9961636178861789,0.918545836675104,0.5555555555555556,0.033169131726026535,0.7391304347826086,0.9999660425599969,0.19860094785690308,1.0
small,17,heteroscedastic noise,OOD noise,3,8.0,0.2,360.0,1,0.9991003148897886,0.9744923183778833,0.5,0.0055987779051065445,0.8461538461538461,0.9999754193803562,0.1429884433746338,1.0
small,17,heteroscedastic noise,OOD noise,3,8.0,0.2,360.0,2,0.9947688694352514,0.8743622359086558,0.5277777777777778,0.006744069512933493,0.5833333333333334,0.9999758973383425,0.14722251892089844,1.0
small,17,heteroscedastic noise,OOD noise,3,8.0,0.2,360.0,3,0.9994495917805706,0.9861755259288464,0.4583333333333333,0.026355285197496414,0.8333333333333334,0.9999613534564642,0.08919823914766312,1.0
small,17,heteroscedastic noise,OOD noise,3,8.0,0.2,360.0,4,0.9948288314314604,0.8999912223773125,0.4657534246575342,0.029993480071425438,0.7073170731707317,0.9999658443197658,0.14913932979106903,1.0
small,17,heteroscedastic noise,OOD noise,3,8.0,0.2,360.0,5,0.9988380270923157,0.9665376594357544,0.4583333333333333,0.018719621002674103,0.8333333333333334,0.9999887137861603,0.10981759428977966,1.0
small,17,heteroscedastic noise,OOD noise,3,8.0,0.2,360.0,6,0.9989888776541962,0.9743321166531732,0.4861111111111111,0.029360562562942505,0.7948717948717948,0.9999838057534287,0.12010335177183151,1.0
small,17,heteroscedastic noise,OOD noise,3,8.0,0.2,360.0,7,0.9966209349593496,0.924505573910346,0.5555555555555556,0.020788542926311493,0.7391304347826086,0.9999663525401833,0.1293787658214569,1.0
small,17,heteroscedastic noise,OOD noise,3,8.0,0.2,360.0,8,0.9984248991935484,0.9615116267835,0.4444444444444444,0.026659779250621796,0.8285714285714286,0.9999650458876206,0.1773882508277893,1.0
small,17,heteroscedastic noise,OOD noise,3,8.0,0.2,360.0,9,0.9981653059352352,0.9433374642123902,0.4583333333333333,0.01248858217149973,0.7837837837837838,0.9999953127550326,0.02798961102962494,1.0
small,17,heteroscedastic noise,OOD noise,3,8.0,0.2,360.0,10,0.998879043450411,0.9695381936502729,0.5277777777777778,0.0293520949780941,0.8536585365853658,0.9999812458421713,0.1759786605834961,1.0
small,17,heteroscedastic noise,OOD noise,3,8.0,0.2,360.0,11,0.9992916666666667,0.9730405357201334,0.3333333333333333,0.05828094109892845,0.7777777777777778,0.9999867887317075,0.16932688653469086,1.0
small,17,heteroscedastic noise,OOD noise,3,8.0,0.2,360.0,12,0.9980319388214125,0.9475982918507027,0.5,0.021802054718136787,0.7560975609756098,0.9999784147594851,0.16113227605819702,1.0
small,17,heteroscedastic noise,OOD noise,3,8.0,0.2,360.0,13,0.999554367201426,0.9871352813783922,0.4722222222222222,0.030703885480761528,0.8888888888888888,0.9999825915979683,0.12431091070175171,1.0
small,17,heteroscedastic noise,OOD noise,3,8.0,0.2,360.0,14,0.9994152616704025,0.9823629308030837,0.4305555555555556,0.0053667607717216015,0.8235294117647058,0.9999817145021797,0.10196507722139359,1.0
small,17,heteroscedastic noise,OOD noise,3,8.0,0.2,360.0,15,0.9966058159801853,0.9316959113989935,0.4383561643835616,0.03180248662829399,0.6923076923076923,0.9999648151234897,0.26778125762939453,1.0
foundation,17,heteroscedastic noise,OOD noise,3,8.0,0.2,360.0,0,0.9961128048780489,0.9169296750589424,0.5555555555555556,0.033169131726026535,0.7391304347826086,0.999969455260503,0.20188762247562408,1.0
foundation,17,heteroscedastic noise,OOD noise,3,8.0,0.2,360.0,1,0.9991003148897886,0.9742990627810709,0.5,0.006166568025946617,0.8461538461538461,0.9999755175591158,0.14597228169441223,1.0
foundation,17,heteroscedastic noise,OOD noise,3,8.0,0.2,360.0,2,0.9947688694352514,0.8740275774520837,0.5277777777777778,0.006744069512933493,0.5833333333333334,0.9999790456590861,0.14865030348300934,1.0
foundation,17,heteroscedastic noise,OOD noise,3,8.0,0.2,360.0,3,0.9993884353117451,0.9846779244312449,0.4583333333333333,0.026355285197496414,0.8333333333333334,0.9999433336226383,0.07933419197797775,1.0
foundation,17,heteroscedastic noise,OOD noise,3,8.0,0.2,360.0,4,0.9946554961721796,0.8957374626097819,0.4657534246575342,0.0304530318826437,0.7073170731707317,0.9999597803452742,0.15479156374931335,1.0
foundation,17,heteroscedastic noise,OOD noise,3,8.0,0.2,360.0,5,0.9987462923890775,0.9646704637303045,0.4583333333333333,0.019618870690464973,0.8333333333333334,0.9999854995512487,0.11928403377532959,1.0
foundation,17,heteroscedastic noise,OOD noise,3,8.0,0.2,360.0,6,0.9989888776541962,0.9743321166531733,0.4861111111111111,0.029360562562942505,0.7948717948717948,0.9999842139337449,0.11952189356088638,1.0
foundation,17,heteroscedastic noise,OOD noise,3,8.0,0.2,360.0,7,0.9966463414634147,0.9248831249307541,0.5555555555555556,0.021095266565680504,0.7391304347826086,0.999962157344721,0.1389162689447403,1.0
foundation,17,heteroscedastic noise,OOD noise,3,8.0,0.2,360.0,8,0.9983933971774194,0.9606760652861738,0.4444444444444444,0.026659779250621796,0.8285714285714286,0.9999664493404841,0.1951420158147812,1.0
foundation,17,heteroscedastic noise,OOD noise,3,8.0,0.2,360.0,9,0.9981653059352352,0.9433374642123902,0.4583333333333333,0.01248858217149973,0.7837837837837838,0.9999953459405156,0.02800210379064083,1.0
foundation,17,heteroscedastic noise,OOD noise,3,8.0,0.2,360.0,10,0.9989057328920679,0.9701158573216465,0.5277777777777778,0.0293520949780941,0.8536585365853658,0.9999802936362078,0.1785714030265808,1.0
foundation,17,heteroscedastic noise,OOD noise,3,8.0,0.2,360.0,11,0.99925,0.971891110432777,0.3333333333333333,0.05828094109892845,0.7777777777777778,0.9999862967086137,0.17368730902671814,1.0
foundation,17,heteroscedastic noise,OOD noise,3,8.0,0.2,360.0,12,0.9980600539811065,0.9493486542652255,0.5,0.021802054718136787,0.7142857142857143,0.9999776681892115,0.15912209451198578,1.0
foundation,17,heteroscedastic noise,OOD noise,3,8.0,0.2,360.0,13,0.9995246583481877,0.9863443767812592,0.4722222222222222,0.03143598511815071,0.8378378378378378,0.9999820051805568,0.1194465234875679,1.0
foundation,17,heteroscedastic noise,OOD noise,3,8.0,0.2,360.0,14,0.999447747133158,0.9834011213852116,0.4305555555555556,0.006607169285416603,0.8235294117647058,0.99998257261432,0.10157359391450882,1.0
foundation,17,heteroscedastic noise,OOD noise,3,8.0,0.2,360.0,15,0.996636394214598,0.9328575275606097,0.4383561643835616,0.032522913068532944,0.6923076923076923,0.9999623665561933,0.2693251669406891,1.0
exact,17,heteroscedastic noise,OOD noise,3,8.0,0.2,360.0,0,0.9961636178861789,0.9181960149282236,0.5555555555555556,0.033169131726026535,0.7391304347826086,1.0,1.562048782943748e-05,1.0
exact,17,heteroscedastic noise,OOD noise,3,8.0,0.2,360.0,1,0.9991003148897886,0.9742990627810709,0.5,0.0055987779051065445,0.8461538461538461,1.0,1.6865586076164618e-05,1.0
exact,17,heteroscedastic noise,OOD noise,3,8.0,0.2,360.0,2,0.9947421799935945,0.8736167087718277,0.5277777777777778,0.006744069512933493,0.5833333333333334,1.0,1.434155274182558e-05,1.0
exact,17,heteroscedastic noise,OOD noise,3,8.0,0.2,360.0,3,0.9994801700149833,0.9868175458222034,0.4583333333333333,0.026355285197496414,0.8857142857142857,1.0,1.838406387832947e-05,1.0
exact,17,heteroscedastic noise,OOD noise,3,8.0,0.2,360.0,4,0.9947710530117001,0.8987478145766556,0.4657534246575342,0.02561691403388977,0.7073170731707317,1.0,1.7896272765938193e-05,1.0
exact,17,heteroscedastic noise,OOD noise,3,8.0,0.2,360.0,5,0.998807448857903,0.9658833429919643,0.4583333333333333,0.018719621002674103,0.8333333333333334,1.0,1.817949305404909e-05,1.0
exact,17,heteroscedastic noise,OOD noise,3,8.0,0.2,360.0,6,0.998959988444316,0.9736818423186884,0.4861111111111111,0.029360562562942505,0.7948717948717948,1.0,1.607868034625426e-05,1.0
exact,17,heteroscedastic noise,OOD noise,3,8.0,0.2,360.0,7,0.9966717479674797,0.9252278273980981,0.5555555555555556,0.020788542926311493,0.7391304347826086,1.0,1.543492362543475e-05,1.0
exact,17,heteroscedastic noise,OOD noise,3,8.0,0.2,360.0,8,0.9983933971774194,0.9606760652861738,0.4444444444444444,0.026659779250621796,0.8285714285714286,1.0,1.7696715076453984e-05,1.0
exact,17,heteroscedastic noise,OOD noise,3,8.0,0.2,360.0,9,0.998195884169648,0.9440830149579409,0.4583333333333333,0.01248858217149973,0.7837837837837838,1.0,1.6897784007596783e-05,1.0
exact,17,heteroscedastic noise,OOD noise,3,8.0,0.2,360.0,10,0.9989057328920679,0.9701158573216465,0.5277777777777778,0.0293520949780941,0.8536585365853658,1.0,1.4612011909775902e-05,1.0
exact,17,heteroscedastic noise,OOD noise,3,8.0,0.2,360.0,11,0.9993333333333334,0.9750246627042602,0.3333333333333333,0.05828094109892845,0.7777777777777778,1.0,1.7654605471761897e-05,1.0
exact,17,heteroscedastic noise,OOD noise,3,8.0,0.2,360.0,12,0.9980881691408007,0.9500342830504478,0.5,0.021802054718136787,0.7560975609756098,1.0,1.6165326087502763e-05,1.0
exact,17,heteroscedastic noise,OOD noise,3,8.0,0.2,360.0,13,0.999554367201426,0.9871352813783922,0.4722222222222222,0.030703885480761528,0.8888888888888888,1.0,1.6511499779880978e-05,1.0
exact,17,heteroscedastic noise,OOD noise,3,8.0,0.2,360.0,14,0.9993827762076471,0.9815004157090694,0.4305555555555556,0.0053667607717216015,0.8235294117647058,1.0,1.6248122847173363e-05,1.0
exact,17,heteroscedastic noise,OOD noise,3,8.0,0.2,360.0,15,0.9965752377457725,0.9308487299066508,0.4383561643835616,0.032522913068532944,0.6923076923076923,1.0,1.5852951037231833e-05,1.0
small,17,wavenumber 12,OOD frequency,3,12.0,0.15,360.0,0,0.9981222013577928,0.9451396151991871,0.4861111111111111,0.012463562190532684,0.75,0.9999043480459283,0.2556770145893097,1.0
small,17,wavenumber 12,OOD frequency,3,12.0,0.15,360.0,1,0.9993333333333333,0.9794918246005202,0.3333333333333333,0.004055085126310587,0.8461538461538461,0.9999924343107933,0.06552370637655258,1.0
small,17,wavenumber 12,OOD frequency,3,12.0,0.15,360.0,2,0.9996063877642826,0.9895639973088334,0.5,0.007720676716417074,0.9459459459459459,0.9999668987818404,0.11578132957220078,1.0
small,17,wavenumber 12,OOD frequency,3,12.0,0.15,360.0,3,0.9988413547237077,0.9740475622093823,0.4722222222222222,0.01666143350303173,0.8378378378378378,0.9999839604169714,0.08721566945314407,1.0
small,17,wavenumber 12,OOD frequency,3,12.0,0.15,360.0,4,0.9998340563734206,0.9962604450765487,0.5972222222222222,0.012937242165207863,0.9111111111111111,0.999915378875077,0.20120877027511597,1.0
small,17,wavenumber 12,OOD frequency,3,12.0,0.15,360.0,5,0.9991228694023658,0.9778160176903598,0.5972222222222222,0.02588191069662571,0.9111111111111111,0.9999377695091863,0.13091279566287994,1.0
small,17,wavenumber 12,OOD frequency,3,12.0,0.15,360.0,6,0.9990159694107063,0.9816894434541494,0.5,0.022871753200888634,0.8947368421052632,0.9999213866995763,0.06080006808042526,1.0
small,17,wavenumber 12,OOD frequency,3,12.0,0.15,360.0,7,0.9982358870967741,0.9560158431465036,0.4444444444444444,0.015182293020188808,0.7297297297297297,0.9998976989573094,0.32402077317237854,1.0
small,17,wavenumber 12,OOD frequency,3,12.0,0.15,360.0,8,0.9989599884443161,0.9720017252832683,0.4861111111111111,0.0236348956823349,0.8421052631578947,0.9999467522730527,0.13392916321754456,1.0
small,17,wavenumber 12,OOD frequency,3,12.0,0.15,360.0,9,0.9994533385396329,0.9868727493118876,0.5416666666666666,0.013608030043542385,0.9024390243902439,0.9999362088539108,0.14078016579151154,1.0
small,17,wavenumber 12,OOD frequency,3,12.0,0.15,360.0,10,0.9996615905245346,0.992444473103928,0.5416666666666666,0.007845892570912838,0.9024390243902439,0.9999344186137289,0.19482898712158203,1.0
small,17,wavenumber 12,OOD frequency,3,12.0,0.15,360.0,11,0.9996285151751552,0.9847154587648226,0.375,0.01662367396056652,0.9285714285714286,0.9999547479275184,0.22084148228168488,1.0
small,17,wavenumber 12,OOD frequency,3,12.0,0.15,360.0,12,0.9980400270040723,0.9552905413502096,0.6527777777777778,0.01453589927405119,0.8431372549019608,0.9998425132795161,0.2717452943325043,1.0
small,17,wavenumber 12,OOD frequency,3,12.0,0.15,360.0,13,0.9990520747332049,0.9707336203584251,0.4583333333333333,0.028049200773239136,0.7837837837837838,0.9999491326938864,0.07872506231069565,1.0
small,17,wavenumber 12,OOD frequency,3,12.0,0.15,360.0,14,0.9994662111668624,0.9854209443567309,0.5277777777777778,0.02143765613436699,0.9,0.9999142067085159,0.3310145437717438,1.0
small,17,wavenumber 12,OOD frequency,3,12.0,0.15,360.0,15,0.9994949494949495,0.9874866363296295,0.4722222222222222,0.020214082673192024,0.8888888888888888,0.9999375547290991,0.20477768778800964,1.0
foundation,17,wavenumber 12,OOD frequency,3,12.0,0.15,360.0,0,0.9981510905676729,0.9457968096460387,0.4861111111111111,0.012463562190532684,0.75,0.9999047216678856,0.2705135643482208,1.0
foundation,17,wavenumber 12,OOD frequency,3,12.0,0.15,360.0,1,0.9992916666666667,0.9787410738497695,0.3333333333333333,0.004055085126310587,0.8461538461538461,0.9999923594269077,0.06307938694953918,1.0
foundation,17,wavenumber 12,OOD frequency,3,12.0,0.15,360.0,2,0.9996063877642825,0.9895639973088335,0.5,0.007720676716417074,0.9459459459459459,0.9999657781535316,0.11853941529989243,1.0
foundation,17,wavenumber 12,OOD frequency,3,12.0,0.15,360.0,3,0.998871063576946,0.9747169622595871,0.4722222222222222,0.01666143350303173,0.8378378378378378,0.9999859468801516,0.08465792238712311,1.0
foundation,17,wavenumber 12,OOD frequency,3,12.0,0.15,360.0,4,0.9998340563734206,0.9962604450765487,0.5972222222222222,0.012937242165207863,0.9111111111111111,0.9999067282282599,0.20154671370983124,1.0
foundation,17,wavenumber 12,OOD frequency,3,12.0,0.15,360.0,5,0.9990754569376289,0.9768602817075897,0.5972222222222222,0.019471606239676476,0.8695652173913043,0.9999394024213709,0.1347711682319641,1.0
foundation,17,wavenumber 12,OOD frequency,3,12.0,0.15,360.0,6,0.9990159694107063,0.9816894434541494,0.5,0.022871753200888634,0.8947368421052632,0.9999207764743432,0.06178988888859749,1.0
foundation,17,wavenumber 12,OOD frequency,3,12.0,0.15,360.0,7,0.998141381048387,0.9519346096155418,0.4444444444444444,0.015182293020188808,0.7297297297297297,0.9999092430199555,0.32135090231895447,1.0
foundation,17,wavenumber 12,OOD frequency,3,12.0,0.15,360.0,8,0.9989888776541961,0.9726061208876638,0.4861111111111111,0.0236348956823349,0.8421052631578947,0.9999470325565759,0.13395297527313232,1.0
foundation,17,wavenumber 12,OOD frequency,3,12.0,0.15,360.0,9,0.9994533385396329,0.9868727493118876,0.5416666666666666,0.013608030043542385,0.9024390243902439,0.9999394138262699,0.14283780753612518,1.0
foundation,17,wavenumber 12,OOD frequency,3,12.0,0.15,360.0,10,0.9996615905245347,0.9926413712517692,0.5416666666666666,0.0004992606118321419,0.9024390243902439,0.999925050878311,0.19676914811134338,1.0
foundation,17,wavenumber 12,OOD frequency,3,12.0,0.15,360.0,11,0.9997028121401241,0.98833097904701,0.375,0.01662367396056652,0.9285714285714286,0.9999456185061483,0.22845996916294098,1.0
foundation,17,wavenumber 12,OOD frequency,3,12.0,0.15,360.0,12,0.9980400270040723,0.9553635686268847,0.6527777777777778,0.01453589927405119,0.8431372549019608,0.9998439925519063,0.28645336627960205,1.0
foundation,17,wavenumber 12,OOD frequency,3,12.0,0.15,360.0,13,0.9990520747332049,0.9707336203584251,0.4583333333333333,0.028049200773239136,0.7837837837837838,0.9999525886232411,0.08455924689769745,1.0
foundation,17,wavenumber 12,OOD frequency,3,12.0,0.15,360.0,14,0.9994662111668624,0.9857714466809174,0.5277777777777778,0.021237386390566826,0.9,0.9999165444047069,0.33492299914360046,1.0
foundation,17,wavenumber 12,OOD frequency,3,12.0,0.15,360.0,15,0.9995543672014261,0.9887438474021619,0.4722222222222222,0.01557849906384945,0.8888888888888888,0.9999354334240311,0.21719002723693848,1.0
exact,17,wavenumber 12,OOD frequency,3,12.0,0.15,360.0,0,0.9982088689874332,0.9470717671313391,0.4861111111111111,0.012463562190532684,0.75,1.0,1.4669412848888896e-05,1.0
exact,17,wavenumber 12,OOD frequency,3,12.0,0.15,360.0,1,0.9993333333333333,0.9794918246005202,0.3333333333333333,0.004055085126310587,0.8461538461538461,1.0,1.6079191482276656e-05,1.0
exact,17,wavenumber 12,OOD frequency,3,12.0,0.15,360.0,2,0.9996063877642825,0.9895639973088335,0.5,0.007720676716417074,0.9459459459459459,1.0,1.3140849659976084e-05,1.0
exact,17,wavenumber 12,OOD frequency,3,12.0,0.15,360.0,3,0.998871063576946,0.9747169622595873,0.4722222222222222,0.01666143350303173,0.8378378378378378,1.0,1.3923415281169582e-05,1.0
exact,17,wavenumber 12,OOD frequency,3,12.0,0.15,360.0,4,0.9998340563734206,0.9962604450765489,0.5972222222222222,0.008867944590747356,0.9111111111111111,1.0,1.4371622455655597e-05,1.0
exact,17,wavenumber 12,OOD frequency,3,12.0,0.15,360.0,5,0.9991228694023658,0.9778160176903598,0.5972222222222222,0.019471606239676476,0.9111111111111111,1.0,1.263876401935704e-05,1.0
exact,17,wavenumber 12,OOD frequency,3,12.0,0.15,360.0,6,0.9990159694107063,0.9816894434541494,0.5,0.022871753200888634,0.8947368421052632,1.0,1.3802413377561606e-05,1.0
exact,17,wavenumber 12,OOD frequency,3,12.0,0.15,360.0,7,0.998141381048387,0.9519346096155418,0.4444444444444444,0.01458676066249609,0.7297297297297297,1.0,1.4404807188839186e-05,1.0
exact,17,wavenumber 12,OOD frequency,3,12.0,0.15,360.0,8,0.9989888776541962,0.972606120887664,0.4861111111111111,0.0236348956823349,0.8421052631578947,1.0,1.2698535101662856e-05,1.0
exact,17,wavenumber 12,OOD frequency,3,12.0,0.15,360.0,9,0.9994273070415202,0.9860180484571868,0.5416666666666666,0.013062629848718643,0.9024390243902439,1.0,1.3860108992957976e-05,1.0
exact,17,wavenumber 12,OOD frequency,3,12.0,0.15,360.0,10,0.999635559026422,0.9920012106925803,0.5416666666666666,0.00857982411980629,0.9024390243902439,1.0,1.240975507244002e-05,1.0
exact,17,wavenumber 12,OOD frequency,3,12.0,0.15,360.0,11,0.9996285151751552,0.984715458764823,0.375,0.01662367396056652,0.9285714285714286,1.0,1.534900366095826e-05,1.0
exact,17,wavenumber 12,OOD frequency,3,12.0,0.15,360.0,12,0.9980400270040723,0.9552905413502096,0.6527777777777778,0.01453589927405119,0.8431372549019608,1.0,1.2193932889204007e-05,1.0
exact,17,wavenumber 12,OOD frequency,3,12.0,0.15,360.0,13,0.9990520747332048,0.9707336203584249,0.4583333333333333,0.028049200773239136,0.7837837837837838,1.0,1.4515428119921125e-05,1.0
exact,17,wavenumber 12,OOD frequency,3,12.0,0.15,360.0,14,0.9994662111668624,0.9857714466809174,0.5277777777777778,0.02143765613436699,0.9,1.0,1.4601189832319506e-05,1.0
exact,17,wavenumber 12,OOD frequency,3,12.0,0.15,360.0,15,0.9995246583481878,0.9880151775558451,0.4722222222222222,0.01557849906384945,0.8888888888888888,1.0,1.3691127605852671e-05,1.0
small,17,mirrored kites,lsmlab-inspired,2,8.0,0.15,360.0,0,0.9996334118879288,0.9823801929065087,0.2638888888888889,0.009051928296685219,0.8095238095238095,0.9999974033668115,0.018269019201397896,1.0
small,17,mirrored kites,lsmlab-inspired,2,8.0,0.15,360.0,1,0.9983333333333333,0.9413239659459418,0.3333333333333333,0.008631960488855839,0.7142857142857143,0.9999973013845117,0.01992763765156269,1.0
small,17,mirrored kites,lsmlab-inspired,2,8.0,0.15,360.0,2,0.9982717989002358,0.9298404158168698,0.2638888888888889,0.017772475257515907,0.7272727272727273,0.9999958048610359,0.02199506387114525,1.0
small,17,mirrored kites,lsmlab-inspired,2,8.0,0.15,360.0,3,0.9988478659334904,0.9391946222063436,0.2638888888888889,0.004092308692634106,0.7272727272727273,0.999997737374434,0.021253585815429688,1.0
small,17,mirrored kites,lsmlab-inspired,2,8.0,0.15,360.0,4,0.9976861167002011,0.9396715768777479,0.4166666666666667,0.018558960407972336,0.7647058823529411,0.9999876868809247,0.02608836628496647,1.0
small,17,mirrored kites,lsmlab-inspired,2,8.0,0.15,360.0,5,0.9987298431632428,0.9277449201362246,0.25,0.008110204711556435,0.7142857142857143,0.9999976071231116,0.052172187715768814,1.0
small,17,mirrored kites,lsmlab-inspired,2,8.0,0.15,360.0,6,0.9960145555363022,0.8987373310420179,0.4027777777777778,0.017804529517889023,0.6571428571428571,0.9999757823496884,0.03924327343702316,1.0
small,17,mirrored kites,lsmlab-inspired,2,8.0,0.15,360.0,7,0.9971235487783746,0.9216432754644259,0.4027777777777778,0.017271995544433594,0.7575757575757576,0.99999524149815,0.020600242540240288,1.0
small,17,mirrored kites,lsmlab-inspired,2,8.0,0.15,360.0,8,0.9959423205902079,0.8831350295951215,0.4166666666666667,0.03731178864836693,0.7142857142857143,0.9999925913529992,0.03485191985964775,1.0
small,17,mirrored kites,lsmlab-inspired,2,8.0,0.15,360.0,9,0.9978778778778779,0.9290367909969443,0.3472222222222222,0.009187087416648865,0.7241379310344828,0.9999966429700035,0.024222053587436676,1.0
small,17,mirrored kites,lsmlab-inspired,2,8.0,0.15,360.0,10,0.9989080377913877,0.9487704882475381,0.2916666666666667,0.003750063246116042,0.75,0.9999963350031966,0.024115730077028275,1.0
small,17,mirrored kites,lsmlab-inspired,2,8.0,0.15,360.0,11,0.995913666926706,0.8947581035515864,0.375,0.023222308605909348,0.6875,0.9999887565947656,0.017884641885757446,1.0
small,17,mirrored kites,lsmlab-inspired,2,8.0,0.15,360.0,12,0.9988053029135194,0.9627715361411013,0.3611111111111111,0.008257702924311161,0.7931034482758621,0.9999967396449695,0.021040402352809906,1.0
small,17,mirrored kites,lsmlab-inspired,2,8.0,0.15,360.0,13,0.9989166666666667,0.9598466014384627,0.3333333333333333,0.010137731209397316,0.8461538461538461,0.99997761563538,0.021990906447172165,1.0
small,17,mirrored kites,lsmlab-inspired,2,8.0,0.15,360.0,14,0.9987732928325253,0.9574738986503692,0.2361111111111111,0.014472276903688908,0.7894736842105263,0.9999975774835521,0.0340101532638073,1.0
small,17,mirrored kites,lsmlab-inspired,2,8.0,0.15,360.0,15,0.9988955157941242,0.9397444574066596,0.25,0.01333411131054163,0.7142857142857143,0.9999981159772837,0.024149158969521523,1.0
foundation,17,mirrored kites,lsmlab-inspired,2,8.0,0.15,360.0,0,0.9996334118879289,0.9823801929065084,0.2638888888888889,0.009051928296685219,0.8095238095238095,0.9999974889656856,0.016797592863440514,1.0
foundation,17,mirrored kites,lsmlab-inspired,2,8.0,0.15,360.0,1,0.9983333333333333,0.9413239659459418,0.3333333333333333,0.008631960488855839,0.7142857142857143,0.999997206396153,0.019540367648005486,1.0
foundation,17,mirrored kites,lsmlab-inspired,2,8.0,0.15,360.0,2,0.9982717989002357,0.92984041581687,0.2638888888888889,0.017772475257515907,0.7272727272727273,0.9999950465317358,0.026393655687570572,1.0
foundation,17,mirrored kites,lsmlab-inspired,2,8.0,0.15,360.0,3,0.9988478659334904,0.9391946222063436,0.2638888888888889,0.004092308692634106,0.7272727272727273,0.9999977116252465,0.022483330219984055,1.0
foundation,17,mirrored kites,lsmlab-inspired,2,8.0,0.15,360.0,4,0.9976190476190476,0.9376682098743809,0.4166666666666667,0.018558960407972336,0.7647058823529411,0.9999867775481479,0.027186036109924316,1.0
foundation,17,mirrored kites,lsmlab-inspired,2,8.0,0.15,360.0,5,0.9987298431632428,0.9277449201362246,0.25,0.008110204711556435,0.7142857142857143,0.999997487508853,0.04688257351517677,1.0
foundation,17,mirrored kites,lsmlab-inspired,2,8.0,0.15,360.0,6,0.9960492115751169,0.9005009197506624,0.4027777777777778,0.017804529517889023,0.6571428571428571,0.999973291517558,0.040450263768434525,1.0
foundation,17,mirrored kites,lsmlab-inspired,2,8.0,0.15,360.0,7,0.9971235487783746,0.9216432754644259,0.4027777777777778,0.017271995544433594,0.7575757575757576,0.9999952951685945,0.020474031567573547,1.0
foundation,17,mirrored kites,lsmlab-inspired,2,8.0,0.15,360.0,8,0.9958752515090543,0.8818414283015201,0.4166666666666667,0.03731178864836693,0.7142857142857143,0.9999928286235811,0.034260112792253494,1.0
foundation,17,mirrored kites,lsmlab-inspired,2,8.0,0.15,360.0,9,0.9978778778778779,0.9290367909969444,0.3472222222222222,0.009187087416648865,0.7241379310344828,0.9999966106784332,0.02243194542825222,1.0
foundation,17,mirrored kites,lsmlab-inspired,2,8.0,0.15,360.0,10,0.9989555144091535,0.9500932395702892,0.2916666666666667,0.003750063246116042,0.75,0.9999960659915718,0.02831282652914524,1.0
foundation,17,mirrored kites,lsmlab-inspired,2,8.0,0.15,360.0,11,0.9959508154091905,0.8952257429081147,0.375,0.023222308605909348,0.6875,0.9999908391634208,0.0178767628967762,1.0
foundation,17,mirrored kites,lsmlab-inspired,2,8.0,0.15,360.0,12,0.9988053029135194,0.9627715361411013,0.3611111111111111,0.008257702924311161,0.7931034482758621,0.9999967508433548,0.021032297983765602,1.0
foundation,17,mirrored kites,lsmlab-inspired,2,8.0,0.15,360.0,13,0.998875,0.9590529506448119,0.3333333333333333,0.010137731209397316,0.8461538461538461,0.9999802379149955,0.021710708737373352,1.0
foundation,17,mirrored kites,lsmlab-inspired,2,8.0,0.15,360.0,14,0.9987732928325253,0.9574738986503692,0.2361111111111111,0.014472276903688908,0.7894736842105263,0.9999974336647414,0.03382305055856705,1.0
foundation,17,mirrored kites,lsmlab-inspired,2,8.0,0.15,360.0,15,0.9988955157941242,0.9397444574066596,0.25,0.01333411131054163,0.7142857142857143,0.9999984379522308,0.022345416247844696,1.0
exact,17,mirrored kites,lsmlab-inspired,2,8.0,0.15,360.0,0,0.9996334118879288,0.9823801929065087,0.2638888888888889,0.009051928296685219,0.8095238095238095,1.0,2.2637263100477867e-05,1.0
exact,17,mirrored kites,lsmlab-inspired,2,8.0,0.15,360.0,1,0.9983333333333333,0.9413239659459418,0.3333333333333333,0.008631960488855839,0.7142857142857143,1.0,2.3756212613079697e-05,1.0
exact,17,mirrored kites,lsmlab-inspired,2,8.0,0.15,360.0,2,0.9982717989002357,0.92984041581687,0.2638888888888889,0.017772475257515907,0.7272727272727273,1.0,2.1585950889857486e-05,1.0
exact,17,mirrored kites,lsmlab-inspired,2,8.0,0.15,360.0,3,0.9988478659334904,0.9391946222063436,0.2638888888888889,0.004092308692634106,0.7272727272727273,1.0,2.2949114281800576e-05,1.0
exact,17,mirrored kites,lsmlab-inspired,2,8.0,0.15,360.0,4,0.9976525821596244,0.9393348765410476,0.4166666666666667,0.018558960407972336,0.7647058823529411,1.0,2.1889707568334416e-05,1.0
exact,17,mirrored kites,lsmlab-inspired,2,8.0,0.15,360.0,5,0.9987850673735366,0.9300841014227742,0.25,0.008110204711556435,0.7142857142857143,1.0,2.1814670617459342e-05,1.0
exact,17,mirrored kites,lsmlab-inspired,2,8.0,0.15,360.0,6,0.9960492115751169,0.8998449014613823,0.4027777777777778,0.01852589100599289,0.6571428571428571,1.0,2.4793376724119298e-05,1.0
exact,17,mirrored kites,lsmlab-inspired,2,8.0,0.15,360.0,7,0.9970542367007451,0.9206356623878473,0.4027777777777778,0.017271995544433594,0.7575757575757576,1.0,2.0323794160503894e-05,1.0
exact,17,mirrored kites,lsmlab-inspired,2,8.0,0.15,360.0,8,0.9959423205902079,0.8831350295951215,0.4166666666666667,0.03731178864836693,0.7142857142857143,1.0,1.9942155631724745e-05,1.0
exact,17,mirrored kites,lsmlab-inspired,2,8.0,0.15,360.0,9,0.9978378378378377,0.9272473173127338,0.3472222222222222,0.009187087416648865,0.7241379310344828,1.0,2.2056321540731005e-05,1.0
exact,17,mirrored kites,lsmlab-inspired,2,8.0,0.15,360.0,10,0.9989555144091535,0.950093239570289,0.2916666666666667,0.003750063246116042,0.75,1.0,2.2593761968892068e-05,1.0
exact,17,mirrored kites,lsmlab-inspired,2,8.0,0.15,360.0,11,0.9959508154091905,0.8952257429081147,0.375,0.023222308605909348,0.6875,1.0,2.311001117050182e-05,1.0
exact,17,mirrored kites,lsmlab-inspired,2,8.0,0.15,360.0,12,0.9987282256821336,0.9604401910156386,0.3611111111111111,0.008257702924311161,0.7931034482758621,1.0,2.2058537069824524e-05,1.0
exact,17,mirrored kites,lsmlab-inspired,2,8.0,0.15,360.0,13,0.9989166666666667,0.9601544832118618,0.3333333333333333,0.010137731209397316,0.8461538461538461,1.0,2.217676410509739e-05,1.0
exact,17,mirrored kites,lsmlab-inspired,2,8.0,0.15,360.0,14,0.9987732928325253,0.9574738986503692,0.2361111111111111,0.014472276903688908,0.7894736842105263,1.0,2.9845097742509097e-05,1.0
exact,17,mirrored kites,lsmlab-inspired,2,8.0,0.15,360.0,15,0.9988955157941242,0.9397444574066596,0.25,0.01333411131054163,0.7142857142857143,1.0,2.1725418264395557e-05,1.0
