seed,method,network_width,parameter_count,dataset_size,training_seconds,context_size,context_measurements,scenario,regime,task,auc,average_precision,iou_top7,centroid_error,area_matched_iou,exact_score_correlation,relative_score_error,mean_relative_residual,covariance_relative_residual,posterior_std_mean,uq_error_correlation,numerical_coverage_95
17,identity-CG,0,0,0,0.0,8,64,ID one obstacle,ID,0,0.9998566308243727,0.9888888888888889,0.16363636363636364,0.004848103504627943,0.8,0.9999999998714113,1.8226571683044313e-06,7.744604226900265e-05,2.9724312753387494e-06,0.010407635010778904,0.023945093586419264,1.0
17,identity-CG,0,0,0,0.0,8,64,ID one obstacle,ID,1,0.9998708010335917,0.9909090909090909,0.18181818181818182,0.02579677291214466,0.8181818181818182,0.9999999999288327,3.5081438909401186e-06,6.073485565138981e-05,1.970813627849566e-06,0.011429060250520706,-0.19121211605938307,1.0
17,identity-CG,0,0,0,0.0,8,64,ID one obstacle,ID,2,0.9994865211810012,0.9428571428571428,0.09090909090909091,0.011900728568434715,0.6666666666666666,0.9999999998493864,1.5786677067808341e-06,8.352055738214403e-05,2.6690895538195036e-06,0.0088040204718709,-0.03704554652592482,1.0
17,identity-CG,0,0,0,0.0,8,64,ID one obstacle,ID,3,1.0,1.0,0.21818181818181817,0.08051664382219315,1.0,0.9999999994796226,3.8109869819891173e-06,9.739791858009994e-05,2.3087980025593424e-06,0.011547843925654888,0.08906079260793903,1.0
17,identity-CG,0,0,0,0.0,8,64,ID one obstacle,ID,4,0.9998566308243727,0.9888888888888889,0.16363636363636364,0.018561718985438347,0.8,0.9999999997007836,2.8058104817318963e-06,9.397638496011496e-05,2.773224650809425e-06,0.010821755975484848,0.023617580749649727,1.0
17,identity-CG,0,0,0,0.0,8,64,ID one obstacle,ID,5,1.0,1.0,0.10909090909090909,0.038508348166942596,1.0,0.9999999997446073,2.520126599847572e-06,9.767435403773561e-05,3.29335830429045e-06,0.00861691776663065,0.06520085377534546,1.0
17,identity-CG,0,0,0,0.0,8,64,ID one obstacle,ID,6,0.9997857754927164,0.976190476190476,0.10909090909090909,0.008223198354244232,0.7142857142857143,0.9999999997380782,2.0884219793515513e-06,9.022980520967394e-05,4.55169492852292e-06,0.008763294667005539,-0.07716787252716222,1.0
17,identity-CG,0,0,0,0.0,8,64,ID one obstacle,ID,7,0.9991431019708654,0.8972222222222223,0.10909090909090909,0.02341972477734089,0.7142857142857143,0.9999999997933859,3.8302118809951935e-06,7.46471414458938e-05,2.523396460674121e-06,0.00923091173171997,-0.12289594501714157,1.0
17,exact,0,0,0,0.0,8,64,ID one obstacle,ID,0,0.9998566308243727,0.9888888888888889,0.16363636363636364,0.004848103504627943,0.8,1.0,0.0,3.059338632738218e-05,8.592779749960755e-07,0.010407618246972561,0.0,1.0
17,exact,0,0,0,0.0,8,64,ID one obstacle,ID,1,0.9998708010335917,0.9909090909090909,0.18181818181818182,0.02579677291214466,0.8181818181818182,1.0,0.0,2.9030248697381467e-05,8.430064326603315e-07,0.011428900994360447,0.0,1.0
17,exact,0,0,0,0.0,8,64,ID one obstacle,ID,2,0.9994865211810012,0.9428571428571428,0.09090909090909091,0.011900728568434715,0.6666666666666666,1.0,0.0,3.421144720050506e-05,1.0403243777545867e-06,0.008804035373032093,0.0,1.0
17,exact,0,0,0,0.0,8,64,ID one obstacle,ID,3,1.0,1.0,0.21818181818181817,0.08051664382219315,1.0,1.0,0.0,3.8332174881361425e-05,7.051105512800859e-07,0.011547858826816082,0.0,1.0
17,exact,0,0,0,0.0,8,64,ID one obstacle,ID,4,0.9998566308243727,0.9888888888888889,0.16363636363636364,0.018561718985438347,0.8,1.0,0.0,4.301700755604543e-05,7.686053322686348e-07,0.010821767151355743,0.0,1.0
17,exact,0,0,0,0.0,8,64,ID one obstacle,ID,5,1.0,1.0,0.10909090909090909,0.038508348166942596,1.0,1.0,0.0,3.635903340182267e-05,1.0203268629993545e-06,0.008616989478468895,0.0,1.0
17,exact,0,0,0,0.0,8,64,ID one obstacle,ID,6,0.9997857754927164,0.9761904761904762,0.10909090909090909,0.008223198354244232,0.7142857142857143,1.0,0.0,3.431053119129501e-05,9.037554491442279e-07,0.00876329094171524,0.0,1.0
17,exact,0,0,0,0.0,8,64,ID one obstacle,ID,7,0.9991431019708654,0.8972222222222223,0.10909090909090909,0.02341972477734089,0.7142857142857143,1.0,0.0,2.6483339752303436e-05,9.362098580822931e-07,0.009231018833816051,0.0,1.0
17,identity-CG,0,0,0,0.0,8,64,ID four obstacles,ID,0,0.9544963430851064,0.5495557221461498,0.3181818181818182,0.1265050321817398,0.3617021276595745,0.9999999999995239,2.972274728563207e-07,3.129719971184386e-06,3.9663359530095477e-07,0.02886289730668068,-0.17322268511953173,1.0
17,identity-CG,0,0,0,0.0,8,64,ID four obstacles,ID,1,0.9404577525382893,0.6873421990141118,0.38235294117647056,0.147025004029274,0.41818181818181815,0.9999999999931392,1.5182162087512552e-06,1.3739158930548001e-05,5.223355969974364e-07,0.06302793323993683,-0.06123428348897322,1.0
17,identity-CG,0,0,0,0.0,8,64,ID four obstacles,ID,2,0.8520499108734403,0.34113668647614825,0.18181818181818182,0.15163864195346832,0.22033898305084745,0.9999999999978693,4.756727491894708e-07,7.914112757134717e-06,8.972954788077914e-07,0.040789730846881866,0.007723298926758257,1.0
17,identity-CG,0,0,0,0.0,8,64,ID four obstacles,ID,3,0.8636100131752306,0.5127271517957172,0.2698412698412698,0.0651245266199112,0.35135135135135137,0.9999999999993074,3.575501352770516e-07,1.4933078773538e-06,3.374265986622049e-07,0.023821333423256874,0.006452976628470069,1.0
17,identity-CG,0,0,0,0.0,8,64,ID four obstacles,ID,4,0.9406586021505376,0.526302424500771,0.35714285714285715,0.20718219876289368,0.25,0.9999999999954562,9.187370437757636e-07,9.869154382613488e-06,6.586985250578437e-07,0.04756634309887886,-0.19850700869694013,1.0
17,identity-CG,0,0,0,0.0,8,64,ID four obstacles,ID,5,0.9363529411764706,0.6149381583514912,0.3484848484848485,0.17292551696300507,0.36,0.999999999999645,2.2578929304017947e-07,2.987380639751791e-06,4.910056645712757e-07,0.02786918543279171,-0.06689826114194444,1.0
17,identity-CG,0,0,0,0.0,8,64,ID four obstacles,ID,6,0.93133541295306,0.40462891596630807,0.3188405797101449,0.08007939159870148,0.3090909090909091,0.9999999999998774,1.0599649158393731e-07,1.0341236702515744e-06,3.0025677233425085e-07,0.020789068192243576,0.026751564337089487,1.0
17,identity-CG,0,0,0,0.0,8,64,ID four obstacles,ID,7,0.9648053665910808,0.6629128824918222,0.3387096774193548,0.11188610643148422,0.4358974358974359,0.999999999999729,1.6228247545768681e-07,2.226328888355056e-06,3.1482341000810266e-07,0.02704131230711937,-0.11002249018368186,1.0
17,exact,0,0,0,0.0,8,64,ID four obstacles,ID,0,0.9544963430851064,0.5495557221461498,0.3181818181818182,0.1265050321817398,0.3617021276595745,1.0,0.0,2.6643581350072054e-06,3.2311359632331005e-07,0.02886287495493889,0.0,1.0
17,exact,0,0,0,0.0,8,64,ID four obstacles,ID,1,0.9404577525382893,0.6873421990141118,0.38235294117647056,0.147025004029274,0.41818181818181815,1.0,0.0,9.675108231022023e-06,2.2692643142363522e-07,0.06302785873413086,0.0,1.0
17,exact,0,0,0,0.0,8,64,ID four obstacles,ID,2,0.8520499108734403,0.34113668647614825,0.18181818181818182,0.15163864195346832,0.22033898305084745,1.0,0.0,5.309202151693171e-06,3.3211341587957577e-07,0.04078971594572067,0.0,1.0
17,exact,0,0,0,0.0,8,64,ID four obstacles,ID,3,0.8636100131752306,0.5127271517957172,0.2698412698412698,0.0651245266199112,0.35135135135135137,1.0,0.0,1.4298844916993403e-06,2.575963264916936e-07,0.023821474984288216,0.0,1.0
17,exact,0,0,0,0.0,8,64,ID four obstacles,ID,4,0.9406586021505376,0.526302424500771,0.35714285714285715,0.20718219876289368,0.25,1.0,0.0,8.630953743704595e-06,3.998092381607421e-07,0.047566428780555725,0.0,1.0
17,exact,0,0,0,0.0,8,64,ID four obstacles,ID,5,0.9363529411764706,0.6149381583514912,0.3484848484848485,0.17292551696300507,0.36,1.0,0.0,2.1447053768497426e-06,3.177610494731198e-07,0.027869146317243576,0.0,1.0
17,exact,0,0,0,0.0,8,64,ID four obstacles,ID,6,0.93133541295306,0.40462891596630807,0.3188405797101449,0.08007939159870148,0.3090909090909091,1.0,0.0,7.256144272105303e-07,1.944234497841535e-07,0.020789097994565964,0.0,1.0
17,exact,0,0,0,0.0,8,64,ID four obstacles,ID,7,0.9648053665910808,0.6629128824918222,0.3387096774193548,0.11188610643148422,0.4358974358974359,1.0,0.0,1.5317107227019733e-06,2.3749130662054085e-07,0.02704131230711937,0.0,1.0
17,identity-CG,0,0,0,0.0,8,64,OOD six obstacles,OOD count,0,0.6910895326752802,0.1253719686532897,0.09278350515463918,0.14972014725208282,0.0967741935483871,0.9999999999992957,3.92600128407139e-07,2.2453987185144797e-06,3.602949902870023e-07,0.031159235164523125,-0.14390946259640894,1.0
17,identity-CG,0,0,0,0.0,8,64,OOD six obstacles,OOD count,1,0.7939108957917735,0.19123890110348926,0.10784313725490197,0.19590464234352112,0.11538461538461539,0.9999999999937434,1.523288347016205e-06,7.369139893853571e-06,6.281363766902359e-07,0.042039718478918076,-0.18691686526441936,1.0
17,identity-CG,0,0,0,0.0,8,64,OOD six obstacles,OOD count,2,0.7223336810849852,0.15122478337927864,0.1276595744680851,0.13763609528541565,0.0967741935483871,0.9999999999977137,6.554445235451567e-07,5.71816235606093e-06,4.5513627355830977e-07,0.04141881316900253,-0.1819871094047396,1.0
17,identity-CG,0,0,0,0.0,8,64,OOD six obstacles,OOD count,3,0.7551059181153226,0.18060110920686695,0.13,0.07718352973461151,0.1262135922330097,0.9999999999928705,7.532102017648867e-07,7.992238352017011e-06,7.921308338154631e-07,0.046514082700014114,-0.052687676180819015,1.0
17,identity-CG,0,0,0,0.0,8,64,OOD six obstacles,OOD count,4,0.7912776412776412,0.17780303498330036,0.11235955056179775,0.12964364886283875,0.11392405063291139,0.9999999999994325,3.0917999538360164e-07,2.7864887215400813e-06,3.4272733273610356e-07,0.03575359657406807,-0.1737108891998926,1.0
17,identity-CG,0,0,0,0.0,8,64,OOD six obstacles,OOD count,5,0.7914751973606693,0.1917867844944699,0.1348314606741573,0.09868910908699036,0.13580246913580246,0.9999999999981286,4.1680090134832426e-07,5.078187768958742e-06,5.527641064873023e-07,0.03742364048957825,-0.06030022494433553,1.0
17,identity-CG,0,0,0,0.0,8,64,OOD six obstacles,OOD count,6,0.7797393862967634,0.19396093624224742,0.12631578947368421,0.13209138810634613,0.11827956989247312,0.9999999999936494,8.993110327537579e-07,1.120211982197361e-05,5.072599833511049e-07,0.06016528606414795,-0.13436061715186187,1.0
17,identity-CG,0,0,0,0.0,8,64,OOD six obstacles,OOD count,7,0.7563405797101449,0.19433913807648925,0.13186813186813187,0.16026495397090912,0.14285714285714285,0.9999999999983364,4.1222605773327814e-07,5.4894831009733025e-06,4.4993277015237254e-07,0.04297878220677376,-0.1604915973902004,1.0
17,exact,0,0,0,0.0,8,64,OOD six obstacles,OOD count,0,0.6910895326752802,0.1253719686532897,0.09278350515463918,0.14972014725208282,0.0967741935483871,1.0,0.0,1.8015939531323966e-06,2.685057154394599e-07,0.031159313395619392,0.0,1.0
17,exact,0,0,0,0.0,8,64,OOD six obstacles,OOD count,1,0.7939108957917735,0.19123890110348926,0.10784313725490197,0.19590464234352112,0.11538461538461539,1.0,0.0,5.861632871528855e-06,3.5683299870470364e-07,0.04203955829143524,0.0,1.0
17,exact,0,0,0,0.0,8,64,OOD six obstacles,OOD count,2,0.7223336810849852,0.15122478337927864,0.1276595744680851,0.13763609528541565,0.0967741935483871,1.0,0.0,4.5820620471204165e-06,3.7717308032370056e-07,0.041418902575969696,0.0,1.0
17,exact,0,0,0,0.0,8,64,OOD six obstacles,OOD count,3,0.7551059181153226,0.18060110920686695,0.13,0.07718352973461151,0.1262135922330097,1.0,0.0,6.136725005490007e-06,3.267711292664899e-07,0.04651410132646561,0.0,1.0
17,exact,0,0,0,0.0,8,64,OOD six obstacles,OOD count,4,0.7912776412776412,0.17780303498330036,0.11235955056179775,0.12964364886283875,0.11392405063291139,1.0,0.0,2.4685868993401527e-06,2.694327463359514e-07,0.03575354814529419,0.0,1.0
17,exact,0,0,0,0.0,8,64,OOD six obstacles,OOD count,5,0.7914751973606693,0.1917867844944699,0.1348314606741573,0.09868910908699036,0.13580246913580246,1.0,0.0,4.275726951163961e-06,3.6828171801062126e-07,0.03742362558841705,0.0,1.0
17,exact,0,0,0,0.0,8,64,OOD six obstacles,OOD count,6,0.7797393862967634,0.19396093624224744,0.12631578947368421,0.13209138810634613,0.11827956989247312,1.0,0.0,9.825788765738253e-06,3.479502765912912e-07,0.06016525626182556,0.0,1.0
17,exact,0,0,0,0.0,8,64,OOD six obstacles,OOD count,7,0.7563405797101449,0.19433913807648925,0.13186813186813187,0.16026495397090912,0.14285714285714285,1.0,0.0,5.063785010861466e-06,3.3821942224676604e-07,0.042978812009096146,0.0,1.0
17,identity-CG,0,0,0,0.0,8,64,OOD stars,OOD shape,0,0.9672627549562931,0.6577752695165502,0.3220338983050847,0.11477736383676529,0.3939393939393939,0.9999999999941563,2.0114755443501053e-06,1.2130682080169208e-05,4.472183263715124e-07,0.05781712755560875,-0.3196690382744547,1.0
17,identity-CG,0,0,0,0.0,8,64,OOD stars,OOD shape,1,0.9544649488659086,0.4229823486439566,0.2,0.1348579078912735,0.21052631578947367,0.9999999999984663,1.5946886833262397e-06,6.480335741798626e-06,4.923938945466944e-07,0.03804566338658333,-0.49090775097508055,1.0
17,identity-CG,0,0,0,0.0,8,64,OOD stars,OOD shape,2,0.9271441202475685,0.5265902771172833,0.2878787878787879,0.05050993338227272,0.3333333333333333,0.9999999999986435,7.81268340688257e-07,7.775924132147338e-06,4.3582988951129664e-07,0.04367869719862938,-0.26303563495369237,1.0
17,identity-CG,0,0,0,0.0,8,64,OOD stars,OOD shape,3,0.9573364646019864,0.5773398534582578,0.30158730158730157,0.028539365157485008,0.35,0.9999999999994391,2.663084899268142e-07,4.52873837275547e-06,3.860428705593222e-07,0.03359837830066681,-0.11577576511116286,1.0
17,identity-CG,0,0,0,0.0,8,64,OOD stars,OOD shape,4,0.9623001670245763,0.6212023852525075,0.26229508196721313,0.12012983858585358,0.375,0.9999999999961003,9.102761282520078e-07,9.79842479864601e-06,4.894447442893579e-07,0.04391856864094734,-0.20826018477476066,1.0
17,identity-CG,0,0,0,0.0,8,64,OOD stars,OOD shape,5,0.9632129084635681,0.6091579467175949,0.2857142857142857,0.10496292263269424,0.3684210526315789,0.999999999998355,6.865007549095026e-07,8.451434950984549e-06,4.3475085931277135e-07,0.041327301412820816,-0.18219725081895286,1.0
17,identity-CG,0,0,0,0.0,8,64,OOD stars,OOD shape,6,0.9764809902740937,0.7405514122351416,0.4166666666666667,0.1386784315109253,0.5,0.9999999999874488,1.0974057431667461e-06,1.5035349861136638e-05,3.9736130474921083e-07,0.06705795973539352,-0.012807595021298883,1.0
17,identity-CG,0,0,0,0.0,8,64,OOD stars,OOD shape,7,0.9726978058510638,0.7024741087097521,0.38095238095238093,0.09056929498910904,0.5238095238095238,0.9999999999941772,3.0945220714784227e-06,1.1268914022366516e-05,5.705595071958669e-07,0.052775703370571136,-0.4172249447691889,1.0
17,exact,0,0,0,0.0,8,64,OOD stars,OOD shape,0,0.9672627549562931,0.6577752695165502,0.3220338983050847,0.11477736383676529,0.3939393939393939,1.0,0.0,7.5070465754834e-06,2.221492962917182e-07,0.0578170120716095,0.0,1.0
17,exact,0,0,0,0.0,8,64,OOD stars,OOD shape,1,0.9544649488659086,0.4234504375808545,0.2,0.1348579078912735,0.21052631578947367,1.0,0.0,4.671386250265641e-06,3.091569453772536e-07,0.03804590553045273,0.0,1.0
17,exact,0,0,0,0.0,8,64,OOD stars,OOD shape,2,0.9271441202475685,0.5265902771172833,0.2878787878787879,0.05050993338227272,0.3333333333333333,1.0,0.0,5.314447207638295e-06,2.73988405297132e-07,0.04367876797914505,0.0,1.0
17,exact,0,0,0,0.0,8,64,OOD stars,OOD shape,3,0.9573364646019864,0.5773398534582578,0.30158730158730157,0.028539365157485008,0.35,1.0,0.0,4.706396794063039e-06,3.7869605762352876e-07,0.03359833359718323,0.0,1.0
17,exact,0,0,0,0.0,8,64,OOD stars,OOD shape,4,0.9623001670245763,0.6212023852525075,0.26229508196721313,0.12012983858585358,0.375,1.0,0.0,7.49313903725124e-06,3.1899216423880716e-07,0.04391853138804436,0.0,1.0
17,exact,0,0,0,0.0,8,64,OOD stars,OOD shape,5,0.9632129084635681,0.6091579467175948,0.2857142857142857,0.10496292263269424,0.3684210526315789,1.0,0.0,5.6430867516610306e-06,3.029541630894528e-07,0.041327353566884995,0.0,1.0
17,exact,0,0,0,0.0,8,64,OOD stars,OOD shape,6,0.9764809902740937,0.7405514122351418,0.4166666666666667,0.1386784315109253,0.5,1.0,0.0,9.956622307072394e-06,1.957863986490338e-07,0.06705797463655472,0.0,1.0
17,exact,0,0,0,0.0,8,64,OOD stars,OOD shape,7,0.9726978058510638,0.7024741087097521,0.38095238095238093,0.09056929498910904,0.5238095238095238,1.0,0.0,9.260220394935459e-06,3.223363478355168e-07,0.052775975316762924,0.0,1.0
17,identity-CG,0,0,0,0.0,8,64,OOD 30 percent noise,OOD noise,0,0.9605187869540339,0.6586965721155265,0.47540983606557374,0.15509018301963806,0.4,0.9999999999976591,5.395012863118609e-07,2.860328322640271e-06,2.896327089274564e-07,0.06903931498527527,0.1595672641872175,1.0
17,identity-CG,0,0,0,0.0,8,64,OOD 30 percent noise,OOD noise,1,0.9462902918176617,0.538520926818562,0.3235294117647059,0.24124178290367126,0.37254901960784315,0.9999999999998607,8.104532867037051e-08,6.188427619235881e-07,2.491661064141226e-07,0.03677908331155777,0.03454994194203962,1.0
17,identity-CG,0,0,0,0.0,8,64,OOD 30 percent noise,OOD noise,2,0.904296875,0.2987393931362282,0.22535211267605634,0.13401664793491364,0.16363636363636364,0.9999999999996567,3.392023018022883e-07,1.1784344451370998e-06,2.502808342796925e-07,0.049185167998075485,-0.09202729957219614,1.0
17,identity-CG,0,0,0,0.0,8,64,OOD 30 percent noise,OOD noise,3,0.9499523173755484,0.585949818294874,0.36363636363636365,0.18573503196239471,0.42857142857142855,0.9999999999996889,1.7273958974328707e-07,5.508881031346391e-07,1.876530717481728e-07,0.034477077424526215,-0.06549978814159496,1.0
17,identity-CG,0,0,0,0.0,8,64,OOD 30 percent noise,OOD noise,4,0.8528091755319149,0.4531153630645849,0.29850746268656714,0.09501513838768005,0.3617021276595745,0.9999999999979802,3.375654955561913e-07,2.7604946808423847e-06,2.9142279345251154e-07,0.06571680307388306,0.2185916407345105,1.0
17,identity-CG,0,0,0,0.0,8,64,OOD 30 percent noise,OOD noise,5,0.9329712803953225,0.36370236122102845,0.24242424242424243,0.1778293401002884,0.2558139534883721,0.9999999999946305,5.465373646984517e-07,4.49666140411864e-06,2.542311108300055e-07,0.07924094051122665,0.23117665792131808,1.0
17,identity-CG,0,0,0,0.0,8,64,OOD 30 percent noise,OOD noise,6,0.9874916888297872,0.7438969617949274,0.5,0.06180160120129585,0.6,0.9999999999998076,8.769760739824051e-08,4.39887827496932e-07,1.9352106050973816e-07,0.03292679414153099,-0.05401695021590694,1.0
17,identity-CG,0,0,0,0.0,8,64,OOD 30 percent noise,OOD noise,7,0.9647530040053405,0.5626884761128197,0.40625,0.09011729061603546,0.48936170212765956,0.9999999999906214,5.104256501908822e-07,4.0809045458445325e-06,2.9694749059672176e-07,0.07723888009786606,0.5025345062746603,1.0
17,exact,0,0,0,0.0,8,64,OOD 30 percent noise,OOD noise,0,0.9605378600038146,0.6586965721155266,0.47540983606557374,0.15509018301963806,0.42857142857142855,1.0,0.0,2.530373194531421e-06,1.9758847713546857e-07,0.06903935223817825,0.0,1.0
17,exact,0,0,0,0.0,8,64,OOD 30 percent noise,OOD noise,1,0.9462902918176617,0.538520926818562,0.3235294117647059,0.24124178290367126,0.37254901960784315,1.0,0.0,4.905899686491466e-07,1.964747866622929e-07,0.03677910566329956,0.0,1.0
17,exact,0,0,0,0.0,8,64,OOD 30 percent noise,OOD noise,2,0.904296875,0.2987393931362282,0.22535211267605634,0.13401664793491364,0.16363636363636364,1.0,0.0,9.318741831521038e-07,2.1395119631506532e-07,0.04918522760272026,0.0,1.0
17,exact,0,0,0,0.0,8,64,OOD 30 percent noise,OOD noise,3,0.9499523173755484,0.585949818294874,0.36363636363636365,0.18573503196239471,0.42857142857142855,1.0,0.0,5.324947096596588e-07,2.024733163352721e-07,0.03447712957859039,0.0,1.0
17,exact,0,0,0,0.0,8,64,OOD 30 percent noise,OOD noise,4,0.8528091755319149,0.4531153630645849,0.29850746268656714,0.09501513838768005,0.3617021276595745,1.0,0.0,2.4082453364826506e-06,2.010267081686834e-07,0.06571681797504425,0.0,1.0
17,exact,0,0,0,0.0,8,64,OOD 30 percent noise,OOD noise,5,0.9329712803953225,0.36370236122102845,0.24242424242424243,0.1778293401002884,0.2558139534883721,1.0,0.0,3.333119593662559e-06,1.9375836757262732e-07,0.07924096286296844,0.0,1.0
17,exact,0,0,0,0.0,8,64,OOD 30 percent noise,OOD noise,6,0.9874916888297872,0.7438969617949274,0.5,0.06180160120129585,0.6,1.0,0.0,3.825628880349541e-07,1.57672289446964e-07,0.032926786690950394,0.0,1.0
17,exact,0,0,0,0.0,8,64,OOD 30 percent noise,OOD noise,7,0.9647530040053405,0.5626884761128197,0.40625,0.09011729061603546,0.48936170212765956,1.0,0.0,3.240370915591484e-06,1.5229085192913772e-07,0.07723887264728546,0.0,1.0
17,identity-CG,0,0,0,0.0,8,64,OOD half aperture,OOD aperture,0,0.9547391922062107,0.4678899424783166,0.208955223880597,0.09375716000795364,0.3333333333333333,0.9999999999712016,2.252939339086879e-06,1.8766695575322956e-05,9.595980827725725e-07,0.032565757632255554,-0.32130674628692774,1.0
17,identity-CG,0,0,0,0.0,8,64,OOD half aperture,OOD aperture,1,0.9506719367588933,0.518663306168452,0.19402985074626866,0.04200253635644913,0.28205128205128205,0.9999999999934926,8.921325047595019e-07,1.7290893083554693e-05,9.94464699033415e-07,0.028566252440214157,0.05106787181423573,1.0
17,identity-CG,0,0,0,0.0,8,64,OOD half aperture,OOD aperture,2,0.9491228070175439,0.4676829232561277,0.2153846153846154,0.09594670683145523,0.2631578947368421,0.9999999999925954,9.436865866518929e-07,1.433705892850412e-05,1.5394407455460168e-06,0.029574831947684288,-0.10758466398936094,1.0
17,identity-CG,0,0,0,0.0,8,64,OOD half aperture,OOD aperture,3,0.9610745614035088,0.409084924609424,0.234375,0.09597107023000717,0.2,0.9999999998837487,2.704221969906939e-06,2.3638151105842553e-05,1.0293097147950903e-06,0.028538960963487625,-0.14780465500021048,1.0
17,identity-CG,0,0,0,0.0,8,64,OOD half aperture,OOD aperture,4,0.9634816753926702,0.47464434023052765,0.22950819672131148,0.1112852469086647,0.21212121212121213,0.999999999988408,8.02371857844264e-07,1.7996389942709357e-05,1.0471563882674673e-06,0.022188663482666016,-0.0485508467246835,1.0
17,identity-CG,0,0,0,0.0,8,64,OOD half aperture,OOD aperture,5,0.9620636462320745,0.49124428693589217,0.25806451612903225,0.03593873232603073,0.35294117647058826,0.9999999999904015,8.127535124913265e-07,1.9502173017826863e-05,1.3493438473233255e-06,0.03152552247047424,-0.18247649706171307,1.0
17,identity-CG,0,0,0,0.0,8,64,OOD half aperture,OOD aperture,6,0.9833188279663476,0.6187737069159631,0.30357142857142855,0.047774989157915115,0.44,0.9999999999940438,5.653454309140216e-07,1.678628905210644e-05,1.4186587122821948e-06,0.02944571152329445,-0.00982737207197081,1.0
17,identity-CG,0,0,0,0.0,8,64,OOD half aperture,OOD aperture,7,0.9569216705707593,0.5945326226505476,0.23809523809523808,0.07826066762208939,0.3939393939393939,0.9999999999859801,9.95398636405298e-07,2.258662243548315e-05,1.0652315722836647e-06,0.030283890664577484,0.09701929536990851,1.0
17,exact,0,0,0,0.0,8,64,OOD half aperture,OOD aperture,0,0.9547391922062107,0.4678899424783166,0.208955223880597,0.09375716000795364,0.3333333333333333,1.0,0.0,8.850394806358963e-06,5.194434606892173e-07,0.032565925270318985,0.0,1.0
17,exact,0,0,0,0.0,8,64,OOD half aperture,OOD aperture,1,0.9506719367588933,0.518663306168452,0.19402985074626866,0.04200253635644913,0.28205128205128205,1.0,0.0,7.541282229794888e-06,4.383261398288596e-07,0.02856624312698841,0.0,1.0
17,exact,0,0,0,0.0,8,64,OOD half aperture,OOD aperture,2,0.9491228070175439,0.4676829232561277,0.2153846153846154,0.09594670683145523,0.2631578947368421,1.0,0.0,6.9232987698342185e-06,4.6937000774960325e-07,0.029574787244200706,0.0,1.0
17,exact,0,0,0,0.0,8,64,OOD half aperture,OOD aperture,3,0.9610745614035088,0.409084924609424,0.234375,0.09597107023000717,0.2,1.0,0.0,1.248783155460842e-05,4.3370042135393305e-07,0.02853892557322979,0.0,1.0
17,exact,0,0,0,0.0,8,64,OOD half aperture,OOD aperture,4,0.9634816753926702,0.47464434023052765,0.22950819672131148,0.1112852469086647,0.21212121212121213,1.0,0.0,8.927344424591865e-06,4.088184937245387e-07,0.022188715636730194,0.0,1.0
17,exact,0,0,0,0.0,8,64,OOD half aperture,OOD aperture,5,0.9620636462320745,0.49124428693589217,0.25806451612903225,0.03593873232603073,0.35294117647058826,1.0,0.0,9.213727025780827e-06,4.430721389780956e-07,0.031525518745183945,0.0,1.0
17,exact,0,0,0,0.0,8,64,OOD half aperture,OOD aperture,6,0.9833188279663476,0.6187737069159631,0.30357142857142855,0.047774989157915115,0.44,1.0,0.0,7.933097549539525e-06,4.887003228759568e-07,0.029445666819810867,0.0,1.0
17,exact,0,0,0,0.0,8,64,OOD half aperture,OOD aperture,7,0.9569216705707593,0.5945326226505476,0.23809523809523808,0.07826066762208939,0.3939393939393939,1.0,0.0,1.0399024176876992e-05,4.16272143866081e-07,0.030283991247415543,0.0,1.0
17,identity-CG,0,0,0,0.0,8,64,OOD wavenumber 12,OOD frequency,0,0.7132442878810118,0.15008587107831864,0.10810810810810811,0.10912024974822998,0.14893617021276595,0.9999999999989649,2.471292646077927e-07,2.8719468900817446e-06,3.902358685081708e-07,0.026460500434041023,-0.1153372305665503,1.0
17,identity-CG,0,0,0,0.0,8,64,OOD wavenumber 12,OOD frequency,1,0.6193484042553192,0.06638270547990106,0.04819277108433735,0.05814562365412712,0.03225806451612903,0.9999999999987652,1.0706262401072308e-06,2.186473693654989e-06,3.9583028410561383e-07,0.026913957670331,-0.32064088259199464,1.0
17,identity-CG,0,0,0,0.0,8,64,OOD wavenumber 12,OOD frequency,2,0.7791099976139346,0.29454797703458613,0.1323529411764706,0.13833269476890564,0.15789473684210525,0.9999999999978363,3.4921950486932474e-07,3.8144332847878104e-06,4.5460379283213115e-07,0.0266445092856884,-0.13733644384820043,1.0
17,identity-CG,0,0,0,0.0,8,64,OOD wavenumber 12,OOD frequency,3,0.6268068331143233,0.08635555739406614,0.012987012987012988,0.12509962916374207,0.022222222222222223,0.9999999999865505,2.217903556811507e-06,1.084240011550719e-05,5.468772314998205e-07,0.04802308976650238,-0.2066333017802801,1.0
17,identity-CG,0,0,0,0.0,8,64,OOD wavenumber 12,OOD frequency,4,0.6414399092970522,0.07554275948833784,0.05063291139240506,0.19267457723617554,0.05660377358490566,0.999999999980526,1.7834781829151325e-06,1.1153609193570446e-05,4.7630962285438727e-07,0.04792196303606033,-0.04289326727011154,1.0
17,identity-CG,0,0,0,0.0,8,64,OOD wavenumber 12,OOD frequency,5,0.7841512883505685,0.1695713115231344,0.11428571428571428,0.06910359114408493,0.06976744186046512,0.99999999999693,4.5598542897096195e-07,4.696638825407717e-06,4.791822334482276e-07,0.029864398762583733,-0.10405397010677227,1.0
17,identity-CG,0,0,0,0.0,8,64,OOD wavenumber 12,OOD frequency,6,0.7263768115942029,0.22840528656849454,0.08108108108108109,0.09974033385515213,0.13636363636363635,0.9999999999941198,1.7055683656508336e-06,5.012314886698732e-06,4.1512788584441296e-07,0.03024810552597046,-0.3144364472323041,1.0
17,identity-CG,0,0,0,0.0,8,64,OOD wavenumber 12,OOD frequency,7,0.7060077126040187,0.1139640618358286,0.1095890410958904,0.06430097669363022,0.10638297872340426,0.999999999995837,1.1267877653153846e-06,4.250387519277865e-06,4.3805172822430904e-07,0.03419744595885277,-0.327224499065416,1.0
17,exact,0,0,0,0.0,8,64,OOD wavenumber 12,OOD frequency,0,0.7132442878810118,0.15008587107831864,0.10810810810810811,0.10912024974822998,0.14893617021276595,1.0,0.0,2.2269796318141744e-06,2.606275018024462e-07,0.026460468769073486,0.0,1.0
17,exact,0,0,0,0.0,8,64,OOD wavenumber 12,OOD frequency,1,0.6193484042553192,0.06638270547990106,0.04819277108433735,0.05814562365412712,0.03225806451612903,1.0,0.0,2.0903376025671605e-06,2.3953589334269054e-07,0.026914289221167564,0.0,1.0
17,exact,0,0,0,0.0,8,64,OOD wavenumber 12,OOD frequency,2,0.7791099976139346,0.29454797703458613,0.1323529411764706,0.13833269476890564,0.15789473684210525,1.0,0.0,2.7943333407165483e-06,3.029295783107955e-07,0.026644552126526833,0.0,1.0
17,exact,0,0,0,0.0,8,64,OOD wavenumber 12,OOD frequency,3,0.6268068331143233,0.08635555739406614,0.012987012987012988,0.12509962916374207,0.022222222222222223,1.0,0.0,9.340895303466823e-06,3.5210871374147246e-07,0.048022929579019547,0.0,1.0
17,exact,0,0,0,0.0,8,64,OOD wavenumber 12,OOD frequency,4,0.6414399092970522,0.07554275948833784,0.05063291139240506,0.19267457723617554,0.05660377358490566,1.0,0.0,8.602061825513374e-06,2.78944924048119e-07,0.04792211577296257,0.0,1.0
17,exact,0,0,0,0.0,8,64,OOD wavenumber 12,OOD frequency,5,0.7841512883505685,0.1695713115231344,0.11428571428571428,0.06910359114408493,0.06976744186046512,1.0,0.0,4.242830073053483e-06,3.584426053748757e-07,0.02986440807580948,0.0,1.0
17,exact,0,0,0,0.0,8,64,OOD wavenumber 12,OOD frequency,6,0.7263768115942029,0.22840528656849454,0.08108108108108109,0.09974033385515213,0.13636363636363635,1.0,0.0,4.059948423673632e-06,3.5146518939654925e-07,0.030247902497649193,0.0,1.0
17,exact,0,0,0,0.0,8,64,OOD wavenumber 12,OOD frequency,7,0.7060077126040187,0.1139640618358286,0.1095890410958904,0.06430097669363022,0.10638297872340426,1.0,0.0,3.6253347843739903e-06,3.2777077763057605e-07,0.03419727459549904,0.0,1.0
17,identity-CG,0,0,0,0.0,12,144,ID one obstacle,ID,0,1.0,1.0,0.10909090909090909,0.02599850296974182,1.0,0.9999999995672157,3.1083727662917227e-06,0.0001705397735349834,4.454032932699192e-06,0.007515560369938612,0.010696923433360709,1.0
17,identity-CG,0,0,0,0.0,12,144,ID one obstacle,ID,1,0.9997416020671835,0.9809090909090908,0.18181818181818182,0.009756664745509624,0.8181818181818182,0.9999999991296203,4.948146397509845e-06,0.0001992488105315715,1.5887271729297936e-05,0.01036166399717331,-0.03611939700333815,1.0
17,identity-CG,0,0,0,0.0,12,144,ID one obstacle,ID,2,1.0,1.0,0.12727272727272726,0.010004814714193344,1.0,0.999999999463514,3.952475253754528e-06,0.00017561452114023268,4.657010322262067e-06,0.00868263840675354,0.04237290333630801,1.0
17,identity-CG,0,0,0,0.0,12,144,ID one obstacle,ID,3,0.999892055267703,0.9935897435897437,0.21818181818181817,0.017789797857403755,0.8461538461538461,0.9999999998009795,3.039251623704331e-06,0.00014138979895506054,2.7883595521416282e-06,0.00986647978425026,-0.1672084501075979,1.0
17,identity-CG,0,0,0,0.0,12,144,ID one obstacle,ID,4,0.9995715509854327,0.9583333333333333,0.10909090909090909,0.01631847210228443,0.7142857142857143,0.9999999994643327,3.7823426737304544e-06,0.00018074752006214112,3.330316530991695e-06,0.007854053750634193,-0.10102309965139347,1.0
17,identity-CG,0,0,0,0.0,12,144,ID one obstacle,ID,5,1.0,1.0,0.21818181818181817,0.006069754716008902,1.0,0.999999999780064,2.597845195850823e-06,0.0001556618808535859,2.9070615710224956e-06,0.009435178712010384,-0.04227600818450117,1.0
17,identity-CG,0,0,0,0.0,12,144,ID one obstacle,ID,6,0.9997857754927164,0.976190476190476,0.10909090909090909,0.01663845032453537,0.7142857142857143,0.9999999994634434,3.772699756154907e-06,0.0001879446645034477,4.64778804598609e-06,0.007829097099602222,-0.028117533406049833,1.0
17,identity-CG,0,0,0,0.0,12,144,ID one obstacle,ID,7,1.0,1.0,0.09090909090909091,0.014654779806733131,1.0,0.999999999483681,3.1802719604456797e-06,0.00020429638971108943,4.465923666430172e-06,0.007643002551048994,0.10223229267805627,1.0
17,exact,0,0,0,0.0,12,144,ID one obstacle,ID,0,1.0,1.0,0.10909090909090909,0.02599850296974182,1.0,1.0,0.0,7.085760444169864e-05,1.6107177316371235e-06,0.007515669800341129,0.0,1.0
17,exact,0,0,0,0.0,12,144,ID one obstacle,ID,1,0.9997416020671834,0.980909090909091,0.18181818181818182,0.009756664745509624,0.8181818181818182,1.0,0.0,7.59180256864056e-05,1.3771871181234019e-06,0.010361661203205585,0.0,1.0
17,exact,0,0,0,0.0,12,144,ID one obstacle,ID,2,1.0,1.0,0.12727272727272726,0.010004814714193344,1.0,1.0,0.0,6.657141784671694e-05,1.4210289691618527e-06,0.00868266075849533,0.0,1.0
17,exact,0,0,0,0.0,12,144,ID one obstacle,ID,3,0.999892055267703,0.9935897435897435,0.21818181818181817,0.017789797857403755,0.8461538461538461,1.0,0.0,5.641704410663806e-05,1.374564021716651e-06,0.009866379201412201,0.0,1.0
17,exact,0,0,0,0.0,12,144,ID one obstacle,ID,4,0.9995715509854327,0.9583333333333334,0.10909090909090909,0.01631847210228443,0.7142857142857143,1.0,0.0,6.575161387445405e-05,1.538936771794397e-06,0.007853972725570202,0.0,1.0
17,exact,0,0,0,0.0,12,144,ID one obstacle,ID,5,1.0,1.0,0.21818181818181817,0.006069754716008902,1.0,1.0,0.0,5.9526089899009094e-05,1.378529873363732e-06,0.009435132145881653,0.0,1.0
17,exact,0,0,0,0.0,12,144,ID one obstacle,ID,6,0.9997857754927164,0.976190476190476,0.10909090909090909,0.01663845032453537,0.7142857142857143,1.0,0.0,6.874150858493522e-05,1.4326656128105242e-06,0.00782900769263506,0.0,1.0
17,exact,0,0,0,0.0,12,144,ID one obstacle,ID,7,1.0,1.0,0.09090909090909091,0.014654779806733131,1.0,1.0,0.0,7.191517943283543e-05,1.6714755020075245e-06,0.007643020246177912,0.0,1.0
17,identity-CG,0,0,0,0.0,12,144,ID four obstacles,ID,0,0.9624339264818627,0.5221785888210985,0.29411764705882354,0.04789735749363899,0.3469387755102041,0.9999999999959508,1.3695876077690627e-06,2.304029476363212e-05,8.700000648786954e-07,0.03320985659956932,-0.23384745469044507,1.0
17,identity-CG,0,0,0,0.0,12,144,ID four obstacles,ID,1,0.9749784890724489,0.7345660381652213,0.46875,0.02961338870227337,0.5294117647058824,0.9999999999486868,3.598722287279088e-06,3.131672929157503e-05,1.035994614539959e-06,0.03555040434002876,-0.25333165706054767,1.0
17,identity-CG,0,0,0,0.0,12,144,ID four obstacles,ID,2,0.9849981945310705,0.8211611099684281,0.47692307692307695,0.04650310054421425,0.5471698113207547,0.9999999999668182,1.8356822693021968e-06,3.270172965130769e-05,8.832328717289784e-07,0.036010850220918655,-0.24475575146339412,1.0
17,identity-CG,0,0,0,0.0,12,144,ID four obstacles,ID,3,0.9838829471182412,0.7931220212563266,0.4918032786885246,0.060437094420194626,0.5319148936170213,0.9999999999702209,1.905258500300988e-06,2.869422132789623e-05,1.05795368199324e-06,0.03554513305425644,-0.33255837189044885,1.0
17,identity-CG,0,0,0,0.0,12,144,ID four obstacles,ID,4,0.9795155445355712,0.7439722559806256,0.40625,0.010013079270720482,0.48936170212765956,0.9999999998842738,4.024516783829313e-06,3.638192356447689e-05,7.047044050523255e-07,0.03762394189834595,-0.11632896139903696,1.0
17,identity-CG,0,0,0,0.0,12,144,ID four obstacles,ID,5,0.9876887258360377,0.8355114928833413,0.55,0.015337699092924595,0.5833333333333334,0.9999999999894087,1.6482561022712616e-06,2.440774187562056e-05,1.1107294994872063e-06,0.033090073615312576,-0.19221558090809393,1.0
17,identity-CG,0,0,0,0.0,12,144,ID four obstacles,ID,6,0.9844385499557913,0.6882644246247976,0.4166666666666667,0.026996441185474396,0.4634146341463415,0.9999999999504652,2.2984622773947194e-06,3.107990414719097e-05,7.975685889505257e-07,0.03583282604813576,-0.14833032426524437,1.0
17,identity-CG,0,0,0,0.0,12,144,ID four obstacles,ID,7,0.986398551788248,0.7677891793729232,0.41379310344827586,0.027809826657176018,0.4594594594594595,0.9999999999915729,1.7497155795354047e-06,2.7353646146366373e-05,9.777595550986007e-07,0.033042311668395996,-0.28609121095820733,1.0
17,exact,0,0,0,0.0,12,144,ID four obstacles,ID,0,0.9624339264818627,0.5221785888210985,0.29411764705882354,0.04789735749363899,0.3469387755102041,1.0,0.0,1.1397052730899304e-05,4.881941322310013e-07,0.03320997580885887,0.0,1.0
17,exact,0,0,0,0.0,12,144,ID four obstacles,ID,1,0.9749440715883669,0.7343170181793592,0.46875,0.02961338870227337,0.5294117647058824,1.0,0.0,1.8420509150018916e-05,8.284786190415616e-07,0.035550735890865326,0.0,1.0
17,exact,0,0,0,0.0,12,144,ID four obstacles,ID,2,0.9849981945310705,0.8211611099684281,0.47692307692307695,0.04650310054421425,0.5471698113207547,1.0,0.0,1.7313219359493814e-05,5.569714858211228e-07,0.03601072356104851,0.0,1.0
17,exact,0,0,0,0.0,12,144,ID four obstacles,ID,3,0.9838829471182412,0.7931220212563266,0.4918032786885246,0.060437094420194626,0.5319148936170213,1.0,0.0,1.503899329691194e-05,5.403310296969721e-07,0.035545144230127335,0.0,1.0
17,exact,0,0,0,0.0,12,144,ID four obstacles,ID,4,0.9795155445355712,0.7439722559806256,0.40625,0.010013079270720482,0.48936170212765956,1.0,0.0,2.183010474254843e-05,5.280217010295019e-07,0.03762407973408699,0.0,1.0
17,exact,0,0,0,0.0,12,144,ID four obstacles,ID,5,0.9876887258360377,0.8355114928833413,0.55,0.015337699092924595,0.5833333333333334,1.0,0.0,1.3755749023403041e-05,6.399984044946905e-07,0.033089909702539444,0.0,1.0
17,exact,0,0,0,0.0,12,144,ID four obstacles,ID,6,0.9844385499557913,0.6882644246247975,0.4166666666666667,0.026996441185474396,0.4634146341463415,1.0,0.0,1.8948288925457746e-05,5.689066711056512e-07,0.03583277761936188,0.0,1.0
17,exact,0,0,0,0.0,12,144,ID four obstacles,ID,7,0.986398551788248,0.7677891793729232,0.41379310344827586,0.027809826657176018,0.4594594594594595,1.0,0.0,1.6129568393807858e-05,6.002477448419086e-07,0.03304223716259003,0.0,1.0
17,identity-CG,0,0,0,0.0,12,144,OOD six obstacles,OOD count,0,0.9492156046091905,0.6133749291759696,0.4444444444444444,0.021566983312368393,0.4411764705882353,0.9999999999530791,3.6231408557796385e-06,2.532995495130308e-05,5.909603828513355e-07,0.04341967776417732,0.05553094296823135,1.0
17,identity-CG,0,0,0,0.0,12,144,OOD six obstacles,OOD count,1,0.9570331695331695,0.6984882853823611,0.43478260869565216,0.036013778299093246,0.4426229508196721,0.9999999999952555,1.8404850834485842e-06,1.5925290426821448e-05,8.155747650562262e-07,0.04049776494503021,-0.34754997154478734,1.0
17,identity-CG,0,0,0,0.0,12,144,OOD six obstacles,OOD count,2,0.9686579474490397,0.6393803603908446,0.4225352112676056,0.03697563335299492,0.4153846153846154,0.9999999999926525,2.020743977482198e-06,1.431751843483653e-05,6.690993927804811e-07,0.03627763316035271,-0.21594870563849952,1.0
17,identity-CG,0,0,0,0.0,12,144,OOD six obstacles,OOD count,3,0.9687168610816543,0.737249601708831,0.5074626865671642,0.06855019181966782,0.4838709677419355,0.9999999999964525,1.1012657523679081e-06,1.741532287269365e-05,7.997066973075562e-07,0.03937387838959694,-0.11909710672854094,1.0
17,identity-CG,0,0,0,0.0,12,144,OOD six obstacles,OOD count,4,0.9626158038147139,0.736919472170931,0.4788732394366197,0.022929254919290543,0.5151515151515151,0.9999999999972874,1.3655967450176831e-06,1.0548901627771556e-05,6.244228529794782e-07,0.032369427382946014,-0.2913081535430004,1.0
17,identity-CG,0,0,0,0.0,12,144,OOD six obstacles,OOD count,5,0.9452728029987505,0.5431098245159721,0.40540540540540543,0.04520050063729286,0.4,0.9999999999551811,5.729720669478411e-06,2.0510506146820262e-05,6.959930942684878e-07,0.04204551503062248,-0.3079670890547019,1.0
17,identity-CG,0,0,0,0.0,12,144,OOD six obstacles,OOD count,6,0.9683820643642073,0.7253704767092576,0.4605263157894737,0.09693760424852371,0.45454545454545453,0.999999999939096,3.0361866265593562e-06,2.7700471036951058e-05,4.4617158323490003e-07,0.0385189913213253,-0.07893029585490043,1.0
17,identity-CG,0,0,0,0.0,12,144,OOD six obstacles,OOD count,7,0.9658890067161541,0.6705682907878387,0.4027777777777778,0.05823628231883049,0.4375,0.9999999999992835,5.129425062477821e-07,9.576718184689526e-06,7.629706146872195e-07,0.030033815652132034,-0.2439028369201531,1.0
17,exact,0,0,0,0.0,12,144,OOD six obstacles,OOD count,0,0.9492156046091905,0.6133749291759696,0.4444444444444444,0.021566983312368393,0.4411764705882353,1.0,0.0,1.6194022464333102e-05,3.6247180901227694e-07,0.043419621884822845,0.0,1.0
17,exact,0,0,0,0.0,12,144,OOD six obstacles,OOD count,1,0.9570331695331695,0.6984882853823611,0.43478260869565216,0.036013778299093246,0.4426229508196721,1.0,0.0,1.0574160114629194e-05,4.429019782037358e-07,0.040497876703739166,0.0,1.0
17,exact,0,0,0,0.0,12,144,OOD six obstacles,OOD count,2,0.9686579474490397,0.6393803603908446,0.4225352112676056,0.03697563335299492,0.4153846153846154,1.0,0.0,8.793224878900219e-06,4.241410920258204e-07,0.036277785897254944,0.0,1.0
17,exact,0,0,0,0.0,12,144,OOD six obstacles,OOD count,3,0.9687168610816543,0.737249601708831,0.5074626865671642,0.06855019181966782,0.4838709677419355,1.0,0.0,1.1289754183962941e-05,4.376771016723069e-07,0.03937392681837082,0.0,1.0
17,exact,0,0,0,0.0,12,144,OOD six obstacles,OOD count,4,0.9626158038147139,0.736919472170931,0.4788732394366197,0.022929254919290543,0.5151515151515151,1.0,0.0,7.076565907482291e-06,4.509236077865353e-07,0.032369326800107956,0.0,1.0
17,exact,0,0,0,0.0,12,144,OOD six obstacles,OOD count,5,0.9452728029987505,0.5431098245159721,0.40540540540540543,0.04520050063729286,0.4,1.0,0.0,1.630697624932509e-05,5.052328901911096e-07,0.04204545542597771,0.0,1.0
17,exact,0,0,0,0.0,12,144,OOD six obstacles,OOD count,6,0.9683820643642073,0.7253704767092576,0.4605263157894737,0.09693760424852371,0.45454545454545453,1.0,0.0,2.159326868422795e-05,2.893870600928494e-07,0.038519278168678284,0.0,1.0
17,exact,0,0,0,0.0,12,144,OOD six obstacles,OOD count,7,0.9658890067161541,0.6705682907878387,0.4027777777777778,0.05823628231883049,0.4375,1.0,0.0,5.062169748271117e-06,4.130172612804017e-07,0.030033903196454048,0.0,1.0
17,identity-CG,0,0,0,0.0,12,144,OOD stars,OOD shape,0,0.9842458045892656,0.763098764978172,0.3898305084745763,0.03418351709842682,0.5,0.9999999999877172,1.5763926057843491e-06,2.8867034416180104e-05,1.1187116797373164e-06,0.030987214297056198,-0.30049734635238956,1.0
17,identity-CG,0,0,0,0.0,12,144,OOD stars,OOD shape,1,0.9952528379772961,0.8663257496400726,0.34545454545454546,0.015714455395936966,0.6521739130434783,0.999999999976004,3.3009071103151655e-06,4.047201946377754e-05,1.4172356941344333e-06,0.02861439436674118,-0.45644251786046647,1.0
17,identity-CG,0,0,0,0.0,12,144,OOD stars,OOD shape,2,0.982649940710229,0.7110338213639242,0.3103448275862069,0.05825815349817276,0.4482758620689655,0.9999999999844089,1.4290249055193271e-06,2.717979805311188e-05,1.1005869282598724e-06,0.02769770286977291,-0.3644482209130697,1.0
17,identity-CG,0,0,0,0.0,12,144,OOD stars,OOD shape,3,0.9890052356020942,0.8146605351897768,0.3157894736842105,0.036439359188079834,0.6,0.999999999984653,1.3465638630805188e-06,3.472542448434979e-05,1.1047571888411767e-06,0.030775221064686775,-0.2298774244392164,1.0
17,identity-CG,0,0,0,0.0,12,144,OOD stars,OOD shape,4,0.9955204216073782,0.9115261592748645,0.42857142857142855,0.013906908221542835,0.6666666666666666,0.9999999999707303,2.295057356604957e-06,3.4060347388731316e-05,1.228300220645906e-06,0.02989588864147663,0.034441262730696434,1.0
17,identity-CG,0,0,0,0.0,12,144,OOD stars,OOD shape,5,0.9837681159420291,0.6895172141147128,0.40350877192982454,0.020311975851655006,0.35135135135135137,0.9999999999836401,1.3304128287927597e-06,3.6097564588999376e-05,1.107102775677049e-06,0.030690276995301247,-0.1620201496822981,1.0
17,identity-CG,0,0,0,0.0,12,144,OOD stars,OOD shape,6,0.9911462450592885,0.8763303466267045,0.3793103448275862,0.007843866012990475,0.7241379310344828,0.9999999999873463,1.6068879631347954e-06,2.462387055857107e-05,1.0753224159998354e-06,0.026988301426172256,-0.12170365628282304,1.0
17,identity-CG,0,0,0,0.0,12,144,OOD stars,OOD shape,7,0.9929610733182161,0.8603600971260087,0.48214285714285715,0.05238613486289978,0.6,0.9999999999857118,1.829701886890689e-06,3.0946343031246215e-05,9.74572799350426e-07,0.03129885345697403,-0.18023983635695404,1.0
17,exact,0,0,0,0.0,12,144,OOD stars,OOD shape,0,0.9842458045892656,0.763098764978172,0.3898305084745763,0.03418351709842682,0.5,1.0,0.0,1.4382943845703267e-05,5.791455350845354e-07,0.03098711557686329,0.0,1.0
17,exact,0,0,0,0.0,12,144,OOD stars,OOD shape,1,0.9952528379772961,0.8663257496400726,0.34545454545454546,0.015714455395936966,0.6521739130434783,1.0,0.0,2.3868500647949986e-05,5.927396955485165e-07,0.028614671900868416,0.0,1.0
17,exact,0,0,0,0.0,12,144,OOD stars,OOD shape,2,0.982649940710229,0.7110338213639245,0.3103448275862069,0.05825815349817276,0.4482758620689655,1.0,0.0,1.4857582755212206e-05,7.029350399534451e-07,0.02769775688648224,0.0,1.0
17,exact,0,0,0,0.0,12,144,OOD stars,OOD shape,3,0.9890052356020942,0.8146605351897768,0.3157894736842105,0.036439359188079834,0.6,1.0,0.0,1.9976812836830504e-05,6.074430984881474e-07,0.03077518194913864,0.0,1.0
17,exact,0,0,0,0.0,12,144,OOD stars,OOD shape,4,0.9955204216073782,0.9115261592748645,0.42857142857142855,0.013906908221542835,0.6666666666666666,1.0,0.0,1.7002048480208032e-05,5.971177756691759e-07,0.02989589422941208,0.0,1.0
17,exact,0,0,0,0.0,12,144,OOD stars,OOD shape,5,0.9837681159420291,0.6895172141147128,0.40350877192982454,0.020311975851655006,0.35135135135135137,1.0,0.0,2.2900707335793413e-05,6.982904778851662e-07,0.03069021925330162,0.0,1.0
17,exact,0,0,0,0.0,12,144,OOD stars,OOD shape,6,0.9911462450592885,0.8763303466267042,0.3793103448275862,0.007843866012990475,0.7241379310344828,1.0,0.0,1.4100931366556324e-05,6.933276495146856e-07,0.026988407596945763,0.0,1.0
17,exact,0,0,0,0.0,12,144,OOD stars,OOD shape,7,0.9929610733182161,0.8603600971260087,0.48214285714285715,0.05238613486289978,0.6,1.0,0.0,1.9232700651627965e-05,5.865680918759608e-07,0.03129873052239418,0.0,1.0
17,identity-CG,0,0,0,0.0,12,144,OOD 30 percent noise,OOD noise,0,0.9916003536693191,0.8219888384094375,0.49122807017543857,0.02749587967991829,0.6216216216216216,0.9999999999956235,5.070487532066181e-07,9.842688996286597e-06,5.556885867008532e-07,0.052830059081315994,-0.1676350320171143,1.0
17,identity-CG,0,0,0,0.0,12,144,OOD 30 percent noise,OOD noise,1,0.989418669408388,0.8404117301162423,0.4827586206896552,0.01556745171546936,0.55,0.9999999999968566,5.799549853691133e-07,6.424305411201203e-06,5.541906489270332e-07,0.046531952917575836,-0.35985136517422467,1.0
17,identity-CG,0,0,0,0.0,12,144,OOD 30 percent noise,OOD noise,2,0.9678603006189214,0.5234062093806571,0.3076923076923077,0.03287762030959129,0.3953488372093023,0.999999999988352,1.0999580126735964e-06,9.511315511190332e-06,5.356492351893394e-07,0.05141337960958481,-0.25591643130060093,1.0
17,identity-CG,0,0,0,0.0,12,144,OOD 30 percent noise,OOD noise,3,0.9817976576830816,0.7331663888451807,0.5,0.056660737842321396,0.52,0.9999999999929459,7.310037517527235e-07,8.944355613493826e-06,5.359665351534204e-07,0.054561350494623184,-0.08247457470079439,1.0
17,identity-CG,0,0,0,0.0,12,144,OOD 30 percent noise,OOD noise,4,0.9761535205305489,0.68951343787152,0.4090909090909091,0.07580707967281342,0.46153846153846156,0.9999999999943134,7.332825475714344e-07,8.027433068491518e-06,5.691825322173827e-07,0.047817133367061615,-0.3174583320002087,1.0
17,identity-CG,0,0,0,0.0,12,144,OOD 30 percent noise,OOD noise,5,0.9847480106100795,0.7633736273799527,0.46551724137931033,0.01990678906440735,0.5,0.9999999999950401,9.176085882245388e-07,8.910691576602403e-06,6.056770871509798e-07,0.05148899182677269,-0.21988070521429515,1.0
17,identity-CG,0,0,0,0.0,12,144,OOD 30 percent noise,OOD noise,6,0.9753570813973498,0.6487257499146795,0.46875,0.012961394153535366,0.41818181818181815,0.9999999999978744,3.8384558820325765e-07,6.426334493880859e-06,5.898529025216703e-07,0.04473775997757912,-0.17456383575429596,1.0
17,identity-CG,0,0,0,0.0,12,144,OOD 30 percent noise,OOD noise,7,0.9920698924731183,0.8877854508191723,0.5833333333333334,0.031067058444023132,0.6,0.9999999999977993,5.453583185044408e-07,7.4136178227490745e-06,5.582008952842443e-07,0.046200964599847794,-0.24220963261501402,1.0
17,exact,0,0,0,0.0,12,144,OOD 30 percent noise,OOD noise,0,0.9916003536693191,0.8219888384094375,0.49122807017543857,0.02749587967991829,0.6216216216216216,1.0,0.0,6.003499493090203e-06,3.104543964127515e-07,0.05283007398247719,0.0,1.0
17,exact,0,0,0,0.0,12,144,OOD 30 percent noise,OOD noise,1,0.989418669408388,0.8404117301162423,0.4827586206896552,0.01556745171546936,0.55,1.0,0.0,3.6666192499978933e-06,3.6769381495105335e-07,0.04653189703822136,0.0,1.0
17,exact,0,0,0,0.0,12,144,OOD 30 percent noise,OOD noise,2,0.9678603006189214,0.5234062093806571,0.3076923076923077,0.03287762030959129,0.3953488372093023,1.0,0.0,6.824325282650534e-06,4.3543155925362953e-07,0.05141332000494003,0.0,1.0
17,exact,0,0,0,0.0,12,144,OOD 30 percent noise,OOD noise,3,0.9817976576830817,0.7331663888451806,0.5,0.056660737842321396,0.52,1.0,0.0,6.109311470936518e-06,3.943955277918576e-07,0.0545613132417202,0.0,1.0
17,exact,0,0,0,0.0,12,144,OOD 30 percent noise,OOD noise,4,0.9761535205305489,0.68951343787152,0.4090909090909091,0.07580707967281342,0.46153846153846156,1.0,0.0,5.180597781873075e-06,4.164464542100177e-07,0.04781721159815788,0.0,1.0
17,exact,0,0,0,0.0,12,144,OOD 30 percent noise,OOD noise,5,0.9847480106100795,0.7633736273799527,0.46551724137931033,0.01990678906440735,0.5,1.0,0.0,5.234698164713336e-06,3.647471942258562e-07,0.05148908123373985,0.0,1.0
17,exact,0,0,0,0.0,12,144,OOD 30 percent noise,OOD noise,6,0.9753570813973498,0.6487257499146795,0.46875,0.012961394153535366,0.41818181818181815,1.0,0.0,4.098946192243602e-06,4.128625334942626e-07,0.044737786054611206,0.0,1.0
17,exact,0,0,0,0.0,12,144,OOD 30 percent noise,OOD noise,7,0.9920698924731183,0.8877854508191723,0.5833333333333334,0.031067058444023132,0.6,1.0,0.0,4.306490154704079e-06,3.760225695259578e-07,0.046201035380363464,0.0,1.0
17,identity-CG,0,0,0,0.0,12,144,OOD half aperture,OOD aperture,0,0.952376994680851,0.4469523411472527,0.24285714285714285,0.1825130134820938,0.23076923076923078,0.9999999999502055,1.98788552552287e-06,3.8706108171027154e-05,2.112084075633902e-06,0.024295266717672348,-0.13164980747337363,1.0
17,identity-CG,0,0,0,0.0,12,144,OOD half aperture,OOD aperture,1,0.9677980852915579,0.5289971743273105,0.21666666666666667,0.08538474887609482,0.2857142857142857,0.9999999999448966,3.073763537031482e-06,4.0606460970593616e-05,1.8153473320126068e-06,0.0251067653298378,-0.02753694061720797,1.0
17,identity-CG,0,0,0,0.0,12,144,OOD half aperture,OOD aperture,2,0.9417218543046357,0.4543209556114191,0.23529411764705882,0.11169151216745377,0.2608695652173913,0.9999999999316769,2.4910741558414884e-06,4.5547345507657155e-05,1.4751658454770222e-06,0.02761472389101982,-0.2783001893523186,1.0
17,identity-CG,0,0,0,0.0,12,144,OOD half aperture,OOD aperture,3,0.9613616268788683,0.5375085759003084,0.2878787878787879,0.04808279871940613,0.30434782608695654,0.9999999999730864,1.4844740690023173e-06,4.3720268877223134e-05,1.77208210061508e-06,0.030373387038707733,-0.051214031870846846,1.0
17,identity-CG,0,0,0,0.0,12,144,OOD half aperture,OOD aperture,4,0.9808114035087718,0.6977247770279066,0.38596491228070173,0.021046577021479607,0.45454545454545453,0.9999999999660322,1.6190365386137273e-06,4.1399081965209916e-05,1.8886967154685408e-06,0.026453305035829544,-0.15334138737123107,1.0
17,identity-CG,0,0,0,0.0,12,144,OOD half aperture,OOD aperture,5,0.9684054162143633,0.481658800352926,0.2786885245901639,0.09040623903274536,0.24324324324324326,0.9999999999776957,1.248494641004072e-06,4.2038867832161486e-05,2.0522963950497797e-06,0.028073271736502647,-0.14942655886879672,1.0
17,identity-CG,0,0,0,0.0,12,144,OOD half aperture,OOD aperture,6,0.9714784996567435,0.5945204101598943,0.2459016393442623,0.12752869725227356,0.3125,0.9999999999888155,1.6577575934206834e-06,3.2323248888133094e-05,2.2862752757646376e-06,0.02724825032055378,-0.26202098726681516,1.0
17,identity-CG,0,0,0,0.0,12,144,OOD half aperture,OOD aperture,7,0.9661920837614365,0.6437900520950706,0.30158730158730157,0.11756040155887604,0.38461538461538464,0.9999999999753972,2.1233008737908676e-06,3.6163073673378676e-05,1.6707053873687983e-06,0.030050918459892273,-0.1192585848428334,1.0
17,exact,0,0,0,0.0,12,144,OOD half aperture,OOD aperture,0,0.952376994680851,0.4469523411472527,0.24285714285714285,0.1825130134820938,0.23076923076923078,1.0,0.0,2.4128979930537753e-05,1.0087493365062983e-06,0.024295251816511154,0.0,1.0
17,exact,0,0,0,0.0,12,144,OOD half aperture,OOD aperture,1,0.9677980852915579,0.5289971743273105,0.21666666666666667,0.08538474887609482,0.2857142857142857,1.0,0.0,2.020922511292156e-05,9.648587138144649e-07,0.025106560438871384,0.0,1.0
17,exact,0,0,0,0.0,12,144,OOD half aperture,OOD aperture,2,0.9417218543046357,0.4543209556114191,0.23529411764705882,0.11169151216745377,0.2608695652173913,1.0,0.0,2.1982697944622487e-05,9.045803608387359e-07,0.027614744380116463,0.0,1.0
17,exact,0,0,0,0.0,12,144,OOD half aperture,OOD aperture,3,0.9613616268788683,0.5375085759003084,0.2878787878787879,0.04808279871940613,0.30434782608695654,1.0,0.0,1.944967698364053e-05,7.400425374726183e-07,0.030373359099030495,0.0,1.0
17,exact,0,0,0,0.0,12,144,OOD half aperture,OOD aperture,4,0.9808114035087718,0.6977247770279066,0.38596491228070173,0.021046577021479607,0.45454545454545453,1.0,0.0,1.6912688806769438e-05,6.986939524722402e-07,0.026453355327248573,0.0,1.0
17,exact,0,0,0,0.0,12,144,OOD half aperture,OOD aperture,5,0.9684054162143633,0.481658800352926,0.2786885245901639,0.09040623903274536,0.24324324324324326,1.0,0.0,2.235849024145864e-05,8.607710242358735e-07,0.028073178604245186,0.0,1.0
17,exact,0,0,0,0.0,12,144,OOD half aperture,OOD aperture,6,0.9714784996567435,0.5945204101598943,0.2459016393442623,0.12752869725227356,0.3125,1.0,0.0,1.514452014816925e-05,7.679708460273105e-07,0.027248354628682137,0.0,1.0
17,exact,0,0,0,0.0,12,144,OOD half aperture,OOD aperture,7,0.9661920837614365,0.6437900520950706,0.30158730158730157,0.11756040155887604,0.38461538461538464,1.0,0.0,1.851023262133822e-05,6.803236374253174e-07,0.030050836503505707,0.0,1.0
17,identity-CG,0,0,0,0.0,12,144,OOD wavenumber 12,OOD frequency,0,0.9675033244680851,0.5771112293034101,0.3384615384615385,0.0518164224922657,0.30612244897959184,0.9999999999968859,4.967521931575902e-07,1.3639108146890067e-05,6.483701326942537e-07,0.03255145624279976,-0.052225344854120226,1.0
17,identity-CG,0,0,0,0.0,12,144,OOD wavenumber 12,OOD frequency,1,0.9512944066515495,0.39116364654035624,0.22058823529411764,0.03606671467423439,0.24444444444444444,0.9999999999213635,5.8722953326650895e-06,2.2943357180338353e-05,6.928245852577675e-07,0.043784018605947495,0.024138977468028542,1.0
17,identity-CG,0,0,0,0.0,12,144,OOD wavenumber 12,OOD frequency,2,0.9979703673635072,0.932779319088387,0.4727272727272727,0.02411072701215744,0.7931034482758621,0.9999999999824514,1.8051541701424867e-06,1.7808177290135063e-05,7.32676255665865e-07,0.0272310059517622,-0.06278828318247598,1.0
17,identity-CG,0,0,0,0.0,12,144,OOD wavenumber 12,OOD frequency,3,0.9847038019451813,0.5771496967246277,0.5178571428571429,0.02174026146531105,0.42857142857142855,0.9999999999890952,2.0219777070451528e-06,1.7807638869271614e-05,5.952818469268095e-07,0.036201316863298416,-0.18666852195800204,1.0
17,identity-CG,0,0,0,0.0,12,144,OOD wavenumber 12,OOD frequency,4,0.9979121927940826,0.9274106770500663,0.4,0.03189389780163765,0.76,0.9999999999669809,2.129824224539334e-06,1.7978905816562474e-05,8.253913961198123e-07,0.02748372033238411,-0.08073414570527529,1.0
17,identity-CG,0,0,0,0.0,12,144,OOD wavenumber 12,OOD frequency,5,0.9955064594645198,0.8137841494290861,0.38181818181818183,0.01873040199279785,0.5555555555555556,0.999999999996995,4.788419687429268e-07,8.680710379849188e-06,7.883967896304966e-07,0.02210974134504795,-0.13567335132450192,1.0
17,identity-CG,0,0,0,0.0,12,144,OOD wavenumber 12,OOD frequency,6,0.9955497382198953,0.8798273595384664,0.36363636363636365,0.02404710091650486,0.6,0.9999999999856348,1.6664328086335445e-06,2.129849963239394e-05,8.150417443175684e-07,0.030370453372597694,-0.020197510820368608,1.0
17,identity-CG,0,0,0,0.0,12,144,OOD wavenumber 12,OOD frequency,7,0.9968586387434555,0.9147436868686869,0.36363636363636365,0.056906457990407944,0.6666666666666666,0.9999999999863993,1.2927760053571546e-06,1.6757134289946407e-05,8.885587590157229e-07,0.029771769419312477,-0.10424210640183029,1.0
17,exact,0,0,0,0.0,12,144,OOD wavenumber 12,OOD frequency,0,0.9675033244680851,0.5771112293034101,0.3384615384615385,0.0518164224922657,0.30612244897959184,1.0,0.0,9.231920557795092e-06,3.8791355905232194e-07,0.03255144879221916,0.0,1.0
17,exact,0,0,0,0.0,12,144,OOD wavenumber 12,OOD frequency,1,0.9512944066515495,0.39116364654035624,0.22058823529411764,0.03606671467423439,0.24444444444444444,1.0,0.0,1.6680549379088916e-05,3.8206957242437056e-07,0.043784238398075104,0.0,1.0
17,exact,0,0,0,0.0,12,144,OOD wavenumber 12,OOD frequency,2,0.9979703673635072,0.932779319088387,0.4727272727272727,0.02411072701215744,0.7931034482758621,1.0,0.0,1.1853018804686144e-05,4.891021490038838e-07,0.027231140062212944,0.0,1.0
17,exact,0,0,0,0.0,12,144,OOD wavenumber 12,OOD frequency,3,0.9847038019451813,0.5771496967246277,0.5178571428571429,0.02174026146531105,0.42857142857142855,1.0,0.0,1.2259989489393774e-05,4.43592057308706e-07,0.036201395094394684,0.0,1.0
17,exact,0,0,0,0.0,12,144,OOD wavenumber 12,OOD frequency,4,0.9979121927940826,0.9274106770500663,0.4,0.03189389780163765,0.76,1.0,0.0,1.0214178473688662e-05,4.376936431071954e-07,0.0274838674813509,0.0,1.0
17,exact,0,0,0,0.0,12,144,OOD wavenumber 12,OOD frequency,5,0.9955064594645198,0.8137841494290858,0.38181818181818183,0.01873040199279785,0.5555555555555556,1.0,0.0,5.287778549245559e-06,4.2280308321096527e-07,0.022109726443886757,0.0,1.0
17,exact,0,0,0,0.0,12,144,OOD wavenumber 12,OOD frequency,6,0.9955497382198953,0.8798273595384664,0.36363636363636365,0.02404710091650486,0.6,1.0,0.0,1.4797570656810421e-05,4.702609430751181e-07,0.0303703173995018,0.0,1.0
17,exact,0,0,0,0.0,12,144,OOD wavenumber 12,OOD frequency,7,0.9968586387434555,0.9147436868686869,0.36363636363636365,0.056906457990407944,0.6666666666666666,1.0,0.0,1.0369501978857443e-05,4.854954340771656e-07,0.02977176010608673,0.0,1.0
17,identity-CG,0,0,0,0.0,16,256,ID one obstacle,ID,0,0.9994865211810013,0.9266666666666666,0.09090909090909091,0.02702208235859871,0.6666666666666666,0.9999997535219438,8.382870146306232e-05,0.04318118840456009,0.0009158685570582747,0.007352115586400032,0.1865870597597975,1.0
17,identity-CG,0,0,0,0.0,16,256,ID one obstacle,ID,1,1.0,1.0,0.18181818181818182,0.017348140478134155,1.0,0.9999999365129824,4.0896982682170346e-05,0.02247602306306362,0.00035411244607530534,0.008356485515832901,0.07253724551768485,1.0
17,identity-CG,0,0,0,0.0,16,256,ID one obstacle,ID,2,0.9991397849462366,0.9060405643738978,0.16363636363636364,0.013073132373392582,0.8,0.9999992254036875,0.00021150194515939802,0.1287403702735901,0.0042970203794538975,0.00828162394464016,0.08856973617042149,1.0
17,identity-CG,0,0,0,0.0,16,256,ID one obstacle,ID,3,0.9998708010335917,0.9909090909090909,0.18181818181818182,0.027054276317358017,0.8181818181818182,0.9999999457270825,4.6398006816161796e-05,0.0706273764371872,0.0011222765315324068,0.008188632316887379,0.09873939868372883,1.0
17,identity-CG,0,0,0,0.0,16,256,ID one obstacle,ID,4,0.9996778350515464,0.975,0.14545454545454545,0.025998489931225777,0.7777777777777778,0.9999998456559868,8.481405529892072e-05,0.03730135038495064,0.0014994231751188636,0.00809125229716301,0.2277000099901655,1.0
17,identity-CG,0,0,0,0.0,16,256,ID one obstacle,ID,5,1.0,1.0,0.14545454545454545,0.01439627818763256,1.0,0.9999997625270021,7.317259587580338e-05,0.03722821921110153,0.0004282378067728132,0.007361301686614752,0.13078195872972706,1.0
17,identity-CG,0,0,0,0.0,16,256,ID one obstacle,ID,6,1.0,0.9999999999999998,0.12727272727272726,0.001754974015057087,1.0,0.999999949621255,3.5370878322282806e-05,0.026043539866805077,0.0008039036765694618,0.00777893140912056,0.155851264545766,1.0
17,identity-CG,0,0,0,0.0,16,256,ID one obstacle,ID,7,1.0,1.0,0.12727272727272726,0.02259901911020279,1.0,0.9999997827495066,6.864036549814045e-05,0.03595919534564018,0.0018593118293210864,0.007401717361062765,0.1417190296541296,1.0
17,exact,0,0,0,0.0,16,256,ID one obstacle,ID,0,0.9994865211810012,0.9266666666666665,0.09090909090909091,0.02702208235859871,0.6666666666666666,1.0,0.0,0.00015580901526845992,2.110650711983908e-06,0.007351444568485022,0.0,1.0
17,exact,0,0,0,0.0,16,256,ID one obstacle,ID,1,1.0,1.0,0.18181818181818182,0.017348140478134155,1.0,1.0,0.0,9.76425435510464e-05,2.095893478326616e-06,0.008357314392924309,0.0,1.0
17,exact,0,0,0,0.0,16,256,ID one obstacle,ID,2,0.9991397849462366,0.9060405643738978,0.16363636363636364,0.013073132373392582,0.8,1.0,0.0,7.188838208094239e-05,1.984963546419749e-06,0.008281117305159569,0.0,1.0
17,exact,0,0,0,0.0,16,256,ID one obstacle,ID,3,0.9998708010335917,0.9909090909090909,0.18181818181818182,0.027054276317358017,0.8181818181818182,1.0,0.0,7.689199992455542e-05,1.9249905562901404e-06,0.008190763182938099,0.0,1.0
17,exact,0,0,0,0.0,16,256,ID one obstacle,ID,4,0.9996778350515464,0.975,0.14545454545454545,0.025998489931225777,0.7777777777777778,1.0,0.0,7.60489419917576e-05,1.5547282146144425e-06,0.008089771494269371,0.0,1.0
17,exact,0,0,0,0.0,16,256,ID one obstacle,ID,5,1.0,1.0,0.14545454545454545,0.01439627818763256,1.0,1.0,0.0,8.975375385489315e-05,1.9891781448677648e-06,0.007358820177614689,0.0,1.0
17,exact,0,0,0,0.0,16,256,ID one obstacle,ID,6,1.0,1.0,0.12727272727272726,0.001754974015057087,1.0,1.0,0.0,9.843130101216957e-05,2.136414195774705e-06,0.007779371924698353,0.0,1.0
17,exact,0,0,0,0.0,16,256,ID one obstacle,ID,7,1.0,1.0,0.12727272727272726,0.02259901911020279,1.0,1.0,0.0,7.818302401574329e-05,1.9864442037942354e-06,0.007400688715279102,0.0,1.0
17,identity-CG,0,0,0,0.0,16,256,ID four obstacles,ID,0,0.9886754224103621,0.8209413273625131,0.559322033898305,0.03854159638285637,0.5416666666666666,0.9999985005381079,0.0004415497533045709,0.02087220549583435,0.0032995177898555994,0.029605412855744362,0.26762547802868414,1.0
17,identity-CG,0,0,0,0.0,16,256,ID four obstacles,ID,1,0.9864527925531914,0.7890097706704154,0.45,0.03655737265944481,0.5609756097560976,0.9999996206732218,0.0002702552592381835,0.04342477023601532,0.00030914187664166093,0.03243369236588478,-0.06252984825099829,1.0
17,identity-CG,0,0,0,0.0,16,256,ID four obstacles,ID,2,0.9894682498709344,0.8557183882159342,0.5666666666666667,0.030918240547180176,0.625,0.9999934061918526,0.0009295972413383424,0.04660870134830475,0.0005376448971219361,0.03367442637681961,0.18713946461336778,1.0
17,identity-CG,0,0,0,0.0,16,256,ID four obstacles,ID,3,0.9859177662107089,0.7744796407377663,0.4915254237288136,0.050034984946250916,0.4666666666666667,0.9999997368036685,0.00029985999572090805,0.023283779621124268,0.001880828058347106,0.03200576826930046,0.07020276098405176,1.0
17,identity-CG,0,0,0,0.0,16,256,ID four obstacles,ID,4,0.9879194630872483,0.8453808857895094,0.5666666666666667,0.017939286306500435,0.5918367346938775,0.9999999090159993,0.00017498084343969822,0.02569577470421791,0.0003267409047111869,0.0332229919731617,-0.1422648931233501,1.0
17,identity-CG,0,0,0,0.0,16,256,ID four obstacles,ID,5,0.9884295188373078,0.8058590283827674,0.631578947368421,0.048105254769325256,0.5833333333333334,0.9999993937273205,0.0003875383990816772,0.030367299914360046,0.0006901774904690683,0.03402078524231911,-0.15600296485794637,1.0
17,identity-CG,0,0,0,0.0,16,256,ID four obstacles,ID,6,0.9754947513336775,0.7512204382160279,0.49206349206349204,0.022792095318436623,0.5294117647058824,0.9999996250827323,0.00019957769836764783,0.03188284859061241,0.0013297564582899213,0.028611229732632637,-0.015323733536501006,1.0
17,identity-CG,0,0,0,0.0,16,256,ID four obstacles,ID,7,0.9854915156119975,0.8202801419429115,0.5081967213114754,0.05364968255162239,0.5416666666666666,0.9999998592451559,0.00018956532585434616,0.0179983489215374,0.0008275025757029653,0.03369014710187912,-0.1810877103461473,1.0
17,exact,0,0,0,0.0,16,256,ID four obstacles,ID,0,0.9887839646875791,0.8218187581622072,0.559322033898305,0.03854159638285637,0.5416666666666666,1.0,0.0,2.1999090677127242e-05,1.0354889354857733e-06,0.029504867270588875,0.0,1.0
17,exact,0,0,0,0.0,16,256,ID four obstacles,ID,1,0.9864527925531914,0.7890097706704154,0.45,0.03655737265944481,0.5609756097560976,1.0,0.0,2.3702898033661768e-05,1.0126810821020626e-06,0.03240617364645004,0.0,1.0
17,exact,0,0,0,0.0,16,256,ID four obstacles,ID,2,0.9892617449664429,0.8533527201927543,0.5409836065573771,0.028636088594794273,0.5918367346938775,1.0,0.0,2.7555473934626207e-05,8.546792855668173e-07,0.03368828818202019,0.0,1.0
17,exact,0,0,0,0.0,16,256,ID four obstacles,ID,3,0.9859581164507929,0.7745870290539175,0.4915254237288136,0.050034984946250916,0.4666666666666667,1.0,0.0,2.183877040806692e-05,9.273396130993206e-07,0.031945064663887024,0.0,1.0
17,exact,0,0,0,0.0,16,256,ID four obstacles,ID,4,0.9879194630872483,0.8453808857895097,0.5666666666666667,0.017939286306500435,0.5918367346938775,1.0,0.0,2.5100522179855034e-05,8.814707825877122e-07,0.03324936330318451,0.0,1.0
17,exact,0,0,0,0.0,16,256,ID four obstacles,ID,5,0.9884647946945111,0.8062902067515222,0.631578947368421,0.048105254769325256,0.5833333333333334,1.0,0.0,2.4313658286700957e-05,8.681654435349628e-07,0.0340065136551857,0.0,1.0
17,exact,0,0,0,0.0,16,256,ID four obstacles,ID,6,0.9754603338495955,0.7509042861141615,0.49206349206349204,0.022792095318436623,0.5294117647058824,1.0,0.0,2.2615100533585064e-05,1.020095510284591e-06,0.028618305921554565,0.0,1.0
17,exact,0,0,0,0.0,16,256,ID four obstacles,ID,7,0.9855276963710699,0.8204101837730335,0.5081967213114754,0.05364968255162239,0.5416666666666666,1.0,0.0,2.7745314582716674e-05,9.488932164458674e-07,0.03366689383983612,0.0,1.0
17,identity-CG,0,0,0,0.0,16,256,OOD six obstacles,OOD count,0,0.9376680107526881,0.4167384920531212,0.3013698630136986,0.08530877530574799,0.2903225806451613,0.9999993577755012,0.0002935129450634122,0.01065014861524105,0.0020329663529992104,0.04045227915048599,0.05172314960956076,1.0
17,identity-CG,0,0,0,0.0,16,256,OOD six obstacles,OOD count,1,0.986490822744192,0.8398636410606528,0.5901639344262295,0.009955121204257011,0.5555555555555556,0.9999997426129006,0.00018493451352696866,0.007846656255424023,0.0006668592686764896,0.04170997813344002,0.13735402741832026,1.0
17,identity-CG,0,0,0,0.0,16,256,OOD six obstacles,OOD count,2,0.9604515474378488,0.7160221862307081,0.4342105263157895,0.10697602480649948,0.42105263157894735,0.9999998855027198,0.00015103087935131043,0.0027569520752876997,0.0019672519993036985,0.042659781873226166,0.4214644970413675,1.0
17,identity-CG,0,0,0,0.0,16,256,OOD six obstacles,OOD count,3,0.9884449988510652,0.8658419820858995,0.5737704918032787,0.023731157183647156,0.64,0.9999999981110639,1.666852222115267e-05,0.0009577411692589521,0.0002760346105787903,0.03708669915795326,0.28349649726567644,1.0
17,identity-CG,0,0,0,0.0,16,256,OOD six obstacles,OOD count,4,0.9654458148950193,0.7114932382968371,0.42028985507246375,0.05705132335424423,0.4576271186440678,0.999999872048457,0.0001262022415176034,0.004805011209100485,0.0004968951107002795,0.04137934371829033,0.3026447896182371,1.0
17,identity-CG,0,0,0,0.0,16,256,OOD six obstacles,OOD count,5,0.9384960718294052,0.7154574712754549,0.5068493150684932,0.054001208394765854,0.5068493150684932,0.9999999740840518,5.702110138372518e-05,0.0008051005424931645,0.00039721126086078584,0.03890391066670418,0.1398848147973582,1.0
17,identity-CG,0,0,0,0.0,16,256,OOD six obstacles,OOD count,6,0.947923453751297,0.6012019124882819,0.45454545454545453,0.02541286312043667,0.4430379746835443,0.9999997666613751,0.0001711126824375242,0.00708685303106904,0.0012680490035563707,0.04073018580675125,0.19188625205442872,1.0
17,identity-CG,0,0,0,0.0,16,256,OOD six obstacles,OOD count,7,0.9582673885880884,0.7108282434300884,0.4647887323943662,0.06517428159713745,0.5076923076923077,0.9999998765490048,0.00013909253175370395,0.0054166424088180065,0.0015634774463251233,0.04101461544632912,0.48968817436936146,1.0
17,exact,0,0,0,0.0,16,256,OOD six obstacles,OOD count,0,0.9375336021505376,0.4160870616587601,0.3013698630136986,0.08530877530574799,0.2903225806451613,1.0,0.0,2.3242981114890426e-05,8.988273521026713e-07,0.04040444642305374,0.0,1.0
17,exact,0,0,0,0.0,16,256,OOD six obstacles,OOD count,1,0.9865229110512129,0.840149664560962,0.6166666666666667,0.005512841511517763,0.5555555555555556,1.0,0.0,1.9969093045801856e-05,9.294191727349244e-07,0.04172205924987793,0.0,1.0
17,exact,0,0,0,0.0,16,256,OOD six obstacles,OOD count,2,0.9605022831050227,0.7162539234133016,0.4342105263157895,0.10697602480649948,0.42105263157894735,1.0,0.0,2.4370014216401614e-05,9.02029171356844e-07,0.042619988322257996,0.0,1.0
17,exact,0,0,0,0.0,16,256,OOD six obstacles,OOD count,3,0.9884449988510652,0.8658419820858995,0.5737704918032787,0.023731157183647156,0.64,1.0,0.0,1.574842281115707e-05,8.045325330385822e-07,0.037083402276039124,0.0,1.0
17,exact,0,0,0,0.0,16,256,OOD six obstacles,OOD count,4,0.9654458148950193,0.7119685567474736,0.42028985507246375,0.05705132335424423,0.4576271186440678,1.0,0.0,1.955524567165412e-05,8.879454753696336e-07,0.04138083755970001,0.0,1.0
17,exact,0,0,0,0.0,16,256,OOD six obstacles,OOD count,5,0.9384960718294051,0.7154940341162616,0.5068493150684932,0.054001208394765854,0.5068493150684932,1.0,0.0,2.0031764506711625e-05,8.563565074837243e-07,0.03890484943985939,0.0,1.0
17,exact,0,0,0,0.0,16,256,OOD six obstacles,OOD count,6,0.947923453751297,0.600952418728961,0.45454545454545453,0.02541286312043667,0.4430379746835443,1.0,0.0,2.3838243578211404e-05,8.708040013516438e-07,0.04073029384016991,0.0,1.0
17,exact,0,0,0,0.0,16,256,OOD six obstacles,OOD count,7,0.9582396223795642,0.7104583129635968,0.4647887323943662,0.06517428159713745,0.5076923076923077,1.0,0.0,1.9327982954564504e-05,8.310391876875656e-07,0.04096608608961105,0.0,1.0
17,identity-CG,0,0,0,0.0,16,256,OOD stars,OOD shape,0,0.9887856897144822,0.781499639649251,0.32142857142857145,0.010941019281744957,0.46153846153846156,0.999999892574391,0.00012841114948969334,0.03931210935115814,0.0007303934544324875,0.025073213502764702,-0.08850288034343443,1.0
17,identity-CG,0,0,0,0.0,16,256,OOD stars,OOD shape,1,0.9833775419982317,0.7124841299361423,0.4406779661016949,0.06214440241456032,0.3953488372093023,0.9999991285933096,0.0003356534580234438,0.033179689198732376,0.0005150867509655654,0.029183760285377502,-0.054888687797597195,1.0
17,identity-CG,0,0,0,0.0,16,256,OOD stars,OOD shape,2,0.9912765471568852,0.8309210505176141,0.5,0.061050109565258026,0.6111111111111112,0.9999985886684443,0.00042114403913728893,0.03778946399688721,0.0006945697241462767,0.02803611196577549,0.03854666233558743,1.0
17,identity-CG,0,0,0,0.0,16,256,OOD stars,OOD shape,3,0.9825657894736842,0.6714721624966387,0.3620689655172414,0.022509289905428886,0.45454545454545453,0.9999987477693095,0.00039363958057947457,0.022906571626663208,0.0007911983411759138,0.02921741083264351,0.24903103752117334,1.0
17,identity-CG,0,0,0,0.0,16,256,OOD stars,OOD shape,4,0.9901055408970976,0.7977525897253842,0.42105263157894735,0.043308425694704056,0.4857142857142857,0.9999999350784528,9.572481940267608e-05,0.019419316202402115,0.0008367282571271062,0.028619149699807167,0.0336267338870695,1.0
17,identity-CG,0,0,0,0.0,16,256,OOD stars,OOD shape,5,0.9924653848035618,0.8830463959529271,0.43859649122807015,0.01908976212143898,0.5882352941176471,0.9999996778335815,0.00030136099667288363,0.017422957345843315,0.001875785761512816,0.02998972311615944,0.20649554064823755,1.0
17,identity-CG,0,0,0,0.0,16,256,OOD stars,OOD shape,6,0.9838350785340314,0.7459169882831407,0.29310344827586204,0.027947332710027695,0.6,0.9999999761630639,4.9337777454638854e-05,0.010561607778072357,0.0003060917370021343,0.027623513713479042,0.008161650320886059,1.0
17,identity-CG,0,0,0,0.0,16,256,OOD stars,OOD shape,7,0.978866930171278,0.6879699097317856,0.3114754098360656,0.026584642007946968,0.3888888888888889,0.9999998654818382,0.0001151022152043879,0.026455262675881386,0.0005325262900441885,0.026063155382871628,-0.06258167456604179,1.0
17,exact,0,0,0,0.0,16,256,OOD stars,OOD shape,0,0.9887856897144822,0.781499639649251,0.32142857142857145,0.010941019281744957,0.46153846153846156,1.0,0.0,2.0359679183457047e-05,9.315895113104489e-07,0.025088008493185043,0.0,1.0
17,exact,0,0,0,0.0,16,256,OOD stars,OOD shape,1,0.9833775419982317,0.7126480843557322,0.4406779661016949,0.06214440241456032,0.3953488372093023,1.0,0.0,3.110342368017882e-05,9.76905880634149e-07,0.029162917286157608,0.0,1.0
17,exact,0,0,0,0.0,16,256,OOD stars,OOD shape,2,0.9912765471568852,0.8309210505176141,0.5,0.061050109565258026,0.6111111111111112,1.0,0.0,2.6390503990114667e-05,8.765341590333264e-07,0.028013629838824272,0.0,1.0
17,exact,0,0,0,0.0,16,256,OOD stars,OOD shape,3,0.9825657894736842,0.6727518194968256,0.3620689655172414,0.022509289905428886,0.45454545454545453,1.0,0.0,2.6302201149519533e-05,8.318313575728098e-07,0.02924511767923832,0.0,1.0
17,exact,0,0,0,0.0,16,256,OOD stars,OOD shape,4,0.9901055408970976,0.7977525897253842,0.42105263157894735,0.043308425694704056,0.4857142857142857,1.0,0.0,2.6254847398377024e-05,9.489418175689934e-07,0.028628883883357048,0.0,1.0
17,exact,0,0,0,0.0,16,256,OOD stars,OOD shape,5,0.9924653848035618,0.8830463959529271,0.43859649122807015,0.01908976212143898,0.5882352941176471,1.0,0.0,2.8845232009189203e-05,8.700193347976892e-07,0.029896443709731102,0.0,1.0
17,exact,0,0,0,0.0,16,256,OOD stars,OOD shape,6,0.9838350785340314,0.7459169882831407,0.29310344827586204,0.027947332710027695,0.6,1.0,0.0,2.4930122890509665e-05,1.0520265050217859e-06,0.027625318616628647,0.0,1.0
17,exact,0,0,0,0.0,16,256,OOD stars,OOD shape,7,0.9788142292490118,0.6877709047566611,0.3114754098360656,0.026584642007946968,0.3888888888888889,1.0,0.0,2.7167994630872272e-05,1.1913668913621223e-06,0.026053179055452347,0.0,1.0
17,identity-CG,0,0,0,0.0,16,256,OOD 30 percent noise,OOD noise,0,0.9775679293751582,0.7424794794455067,0.4838709677419355,0.06485508382320404,0.5102040816326531,0.9999999999049117,2.8210140499140834e-06,6.569526885868981e-05,2.3101065380615182e-05,0.03989442065358162,0.09859833023700915,1.0
17,identity-CG,0,0,0,0.0,16,256,OOD 30 percent noise,OOD noise,1,0.9885416666666668,0.7206913737041871,0.3620689655172414,0.009313284419476986,0.5483870967741935,0.9999999999922199,9.110142400459154e-07,1.1231645657971967e-05,2.775975417534937e-06,0.048215143382549286,-0.19080188608399165,1.0
17,identity-CG,0,0,0,0.0,16,256,OOD 30 percent noise,OOD noise,2,0.9925199468085106,0.8500886186944345,0.5535714285714286,0.04496568813920021,0.6,0.9999999999905562,1.037031893247331e-06,4.428865941008553e-05,1.998970219574403e-05,0.04543448984622955,-0.008237776471701269,1.0
17,identity-CG,0,0,0,0.0,16,256,OOD 30 percent noise,OOD noise,3,0.9908045977011495,0.8192918351195326,0.46551724137931033,0.022004887461662292,0.6666666666666666,0.9999999999892752,9.648937293604831e-07,1.4547425053024199e-05,2.023863089561928e-06,0.051129020750522614,-0.25336026562909053,1.0
17,identity-CG,0,0,0,0.0,16,256,OOD 30 percent noise,OOD noise,4,0.9908830822048446,0.8905512760676773,0.5517241379310345,0.0283814687281847,0.627906976744186,0.9999999999750477,1.3261509366202517e-06,2.2607315258937888e-05,3.267532747486257e-06,0.04478292912244797,0.016395849543034403,1.0
17,identity-CG,0,0,0,0.0,16,256,OOD 30 percent noise,OOD noise,5,0.9799040876912537,0.7496691132682817,0.4,0.08131572604179382,0.5263157894736842,0.9999999999775789,1.456229256291408e-06,6.243471580091864e-05,3.5854704037774354e-05,0.04731693118810654,0.20364730652571955,1.0
17,identity-CG,0,0,0,0.0,16,256,OOD 30 percent noise,OOD noise,6,0.9845126835781041,0.7904548114753664,0.40625,0.050983745604753494,0.5555555555555556,0.9999999999911258,9.533201250633283e-07,1.506413536844775e-05,2.7397195481171366e-06,0.04706290364265442,-0.17974149579198953,1.0
17,identity-CG,0,0,0,0.0,16,256,OOD 30 percent noise,OOD noise,7,0.9890842658141128,0.8148192128567573,0.47368421052631576,0.01897083781659603,0.5675675675675675,0.9999999999956406,1.0330471695851884e-06,1.2859212802140974e-05,2.255659182992531e-06,0.04861370474100113,-0.15906123568894048,1.0
17,exact,0,0,0,0.0,16,256,OOD 30 percent noise,OOD noise,0,0.9775679293751582,0.7424794794455067,0.4838709677419355,0.06485508382320404,0.5102040816326531,1.0,0.0,7.96444874140434e-06,4.936387085763272e-07,0.03989453986287117,0.0,1.0
17,exact,0,0,0,0.0,16,256,OOD 30 percent noise,OOD noise,1,0.9885416666666667,0.720691373704187,0.3620689655172414,0.009313284419476986,0.5483870967741935,1.0,0.0,6.331435997708468e-06,5.082374627818353e-07,0.048215143382549286,0.0,1.0
17,exact,0,0,0,0.0,16,256,OOD 30 percent noise,OOD noise,2,0.9925199468085106,0.8500886186944345,0.5535714285714286,0.04496568813920021,0.6,1.0,0.0,6.388130259438185e-06,4.997111204829707e-07,0.04543450474739075,0.0,1.0
17,exact,0,0,0,0.0,16,256,OOD 30 percent noise,OOD noise,3,0.9908045977011495,0.8192918351195326,0.46551724137931033,0.022004887461662292,0.6666666666666666,1.0,0.0,7.611902674398152e-06,5.10569066136668e-07,0.05112900957465172,0.0,1.0
17,exact,0,0,0,0.0,16,256,OOD 30 percent noise,OOD noise,4,0.9908830822048446,0.8905512760676773,0.5517241379310345,0.0283814687281847,0.627906976744186,1.0,0.0,7.658001777599566e-06,5.528427777790057e-07,0.044782914221286774,0.0,1.0
17,exact,0,0,0,0.0,16,256,OOD 30 percent noise,OOD noise,5,0.9799040876912537,0.7496691132682817,0.4,0.08131572604179382,0.5263157894736842,1.0,0.0,6.575351562787546e-06,5.008727725908102e-07,0.04731686785817146,0.0,1.0
17,exact,0,0,0,0.0,16,256,OOD 30 percent noise,OOD noise,6,0.9845126835781041,0.7904548114753664,0.40625,0.050983745604753494,0.5555555555555556,1.0,0.0,8.253859959950205e-06,4.779420237355225e-07,0.047062888741493225,0.0,1.0
17,exact,0,0,0,0.0,16,256,OOD 30 percent noise,OOD noise,7,0.9890842658141128,0.8148192128567573,0.47368421052631576,0.01897083781659603,0.5675675675675675,1.0,0.0,7.222679414553568e-06,5.078742333353148e-07,0.0486137717962265,0.0,1.0
17,identity-CG,0,0,0,0.0,16,256,OOD half aperture,OOD aperture,0,0.9547299077733861,0.3734014022481617,0.21212121212121213,0.12712156772613525,0.25,0.9999999860528699,3.4164397220592946e-05,0.009896688163280487,0.00019933938165195286,0.02102305367588997,-0.03846605498058553,1.0
17,identity-CG,0,0,0,0.0,16,256,OOD half aperture,OOD aperture,1,0.965085892987191,0.6357344102982543,0.34375,0.10658541321754456,0.37777777777777777,0.999999551931011,0.00017255682905670255,0.01682288385927677,0.0012961875181645155,0.02504759095609188,-0.0038003532613888375,1.0
17,identity-CG,0,0,0,0.0,16,256,OOD half aperture,OOD aperture,2,0.9429807651115967,0.36508837249570125,0.2463768115942029,0.11793423444032669,0.21568627450980393,0.9999999141472263,8.251528925029561e-05,0.016003649681806564,0.000599851890001446,0.02489619329571724,0.11962694139660991,1.0
17,identity-CG,0,0,0,0.0,16,256,OOD half aperture,OOD aperture,3,0.9646264494349038,0.34090409786633435,0.28125,0.06649849563837051,0.2558139534883721,0.9999996089159382,0.0001685919560259208,0.02920193038880825,0.0001442870416212827,0.02386396937072277,-0.017538415661008347,1.0
17,identity-CG,0,0,0,0.0,16,256,OOD half aperture,OOD aperture,4,0.9633510167992927,0.49304877585582235,0.3076923076923077,0.09383295476436615,0.2765957446808511,0.9999998598228632,0.00010534541070228443,0.029700836166739464,0.0008381731458939612,0.026041818782687187,0.25677436489729166,1.0
17,identity-CG,0,0,0,0.0,16,256,OOD half aperture,OOD aperture,5,0.9492658401416899,0.5043531951907617,0.23809523809523808,0.08174504339694977,0.24324324324324326,0.999999966259556,4.494668610277586e-05,0.019274257123470306,0.0006798023241572082,0.020970936864614487,0.4127370169953434,1.0
17,identity-CG,0,0,0,0.0,16,256,OOD half aperture,OOD aperture,6,0.9613680334519128,0.3897130614180589,0.22580645161290322,0.10447005182504654,0.2,0.9999993240272871,0.00023966559092514217,0.02096608094871044,0.0016000341856852174,0.02531738579273224,0.2909144227689082,1.0
17,identity-CG,0,0,0,0.0,16,256,OOD half aperture,OOD aperture,7,0.9668933428775949,0.4106158270245245,0.2833333333333333,0.08293148130178452,0.1891891891891892,0.9999998061239055,0.00011911874753423035,0.018487710505723953,0.0005395672051236033,0.024429338052868843,-0.13428488051154103,1.0
17,exact,0,0,0,0.0,16,256,OOD half aperture,OOD aperture,0,0.9547299077733861,0.3734014022481617,0.21212121212121213,0.12712156772613525,0.25,1.0,0.0,2.572431549197063e-05,1.1997706224065041e-06,0.021019402891397476,0.0,1.0
17,exact,0,0,0,0.0,16,256,OOD half aperture,OOD aperture,1,0.965085892987191,0.6357344102982543,0.34375,0.10658541321754456,0.37777777777777777,1.0,0.0,3.3648841053945944e-05,1.1893235978277517e-06,0.025043359026312828,0.0,1.0
17,exact,0,0,0,0.0,16,256,OOD half aperture,OOD aperture,2,0.9429807651115967,0.36508837249570125,0.2463768115942029,0.11793423444032669,0.21568627450980393,1.0,0.0,3.347337042214349e-05,1.2150744623795617e-06,0.02489568293094635,0.0,1.0
17,exact,0,0,0,0.0,16,256,OOD half aperture,OOD aperture,3,0.9646264494349038,0.34090409786633435,0.28125,0.06649849563837051,0.2558139534883721,1.0,0.0,3.9222915802383795e-05,1.107857087845332e-06,0.023851968348026276,0.0,1.0
17,exact,0,0,0,0.0,16,256,OOD half aperture,OOD aperture,4,0.9633068081343943,0.49276688720184075,0.3076923076923077,0.09383295476436615,0.2765957446808511,1.0,0.0,2.9204506063251756e-05,1.1827900152638904e-06,0.02604430913925171,0.0,1.0
17,exact,0,0,0,0.0,16,256,OOD half aperture,OOD aperture,5,0.9492658401416899,0.5043531951907615,0.23809523809523808,0.08174504339694977,0.24324324324324326,1.0,0.0,2.8930240659974515e-05,1.3851806670572842e-06,0.020970433950424194,0.0,1.0
17,exact,0,0,0,0.0,16,256,OOD half aperture,OOD aperture,6,0.9614928540223429,0.3900986944072964,0.22580645161290322,0.10447005182504654,0.2,1.0,0.0,2.9275843189680018e-05,1.0494342177480576e-06,0.02529316022992134,0.0,1.0
17,exact,0,0,0,0.0,16,256,OOD half aperture,OOD aperture,7,0.9668933428775949,0.4106158270245245,0.2833333333333333,0.08293148130178452,0.1891891891891892,1.0,0.0,2.9114926292095333e-05,1.0014400686486624e-06,0.024418652057647705,0.0,1.0
17,identity-CG,0,0,0,0.0,16,256,OOD wavenumber 12,OOD frequency,0,0.9946313528990693,0.8344354693544791,0.4,0.0727112889289856,0.5714285714285714,0.9999999769665081,3.8243524613790214e-05,0.0015903175808489323,0.00039337106863968074,0.0214330293238163,0.1685121480087804,1.0
17,identity-CG,0,0,0,0.0,16,256,OOD wavenumber 12,OOD frequency,1,0.9958881578947368,0.8926408828329766,0.43636363636363634,0.02536315843462944,0.6,0.9999999988035323,9.326870895165484e-06,0.0008542457362636924,0.00028893581475131214,0.021159475669264793,0.4902812732892563,1.0
17,identity-CG,0,0,0,0.0,16,256,OOD wavenumber 12,OOD frequency,2,0.9980718489953319,0.9617644416483685,0.4727272727272727,0.039195600897073746,0.7931034482758621,0.9999999998659257,3.312785565867671e-06,0.00011745905794668943,3.880707299686037e-05,0.023985881358385086,-0.02581417483879651,1.0
17,identity-CG,0,0,0,0.0,16,256,OOD wavenumber 12,OOD frequency,3,0.9949722904644919,0.836996720672577,0.41818181818181815,0.02656753547489643,0.5862068965517241,0.9999999999275171,2.2506715140480082e-06,0.0001435386366210878,5.044142744736746e-05,0.02141902782022953,0.09709214826330492,1.0
17,identity-CG,0,0,0,0.0,16,256,OOD wavenumber 12,OOD frequency,4,0.9945680628272251,0.816644745269089,0.36363636363636365,0.06464871019124985,0.5384615384615384,0.999999979170662,5.189995135879144e-05,0.005000542849302292,0.002270572120323777,0.02399027720093727,0.6761265381570253,1.0
17,identity-CG,0,0,0,0.0,16,256,OOD wavenumber 12,OOD frequency,5,0.9962160302717579,0.8302221282074064,0.34545454545454546,0.016627198085188866,0.5833333333333334,0.9999997742922652,0.00013079712516628206,0.013525893911719322,0.0009273063624277711,0.022332314401865005,0.45420503745599344,1.0
17,identity-CG,0,0,0,0.0,16,256,OOD wavenumber 12,OOD frequency,6,0.9892589841741416,0.7627578761075162,0.39285714285714285,0.03864380344748497,0.4838709677419355,0.9999999931617632,2.362384657317307e-05,0.002242087619379163,0.0013227971503511071,0.025522883981466293,0.5986174194360915,1.0
17,identity-CG,0,0,0,0.0,16,256,OOD wavenumber 12,OOD frequency,7,0.9883786848072562,0.6598463630147104,0.48214285714285715,0.021415239199995995,0.47368421052631576,0.9999999998428409,4.553065082291141e-06,0.00013063439109828323,1.4026882126927376e-05,0.026387399062514305,0.15199111083762898,1.0
17,exact,0,0,0,0.0,16,256,OOD wavenumber 12,OOD frequency,0,0.9946313528990693,0.8344354693544791,0.4,0.0727112889289856,0.5714285714285714,1.0,0.0,3.269461012678221e-05,8.628459795545496e-07,0.02143174037337303,0.0,1.0
17,exact,0,0,0,0.0,16,256,OOD wavenumber 12,OOD frequency,1,0.9958881578947368,0.8926408828329766,0.43636363636363634,0.02536315843462944,0.6,1.0,0.0,2.2035883375792764e-05,9.502318789600395e-07,0.021160271018743515,0.0,1.0
17,exact,0,0,0,0.0,16,256,OOD wavenumber 12,OOD frequency,2,0.9980718489953319,0.9617644416483685,0.4727272727272727,0.039195600897073746,0.7931034482758621,1.0,0.0,2.467840204189997e-05,7.250635576383502e-07,0.02398592047393322,0.0,1.0
17,exact,0,0,0,0.0,16,256,OOD wavenumber 12,OOD frequency,3,0.9949722904644919,0.836996720672577,0.41818181818181815,0.02656753547489643,0.5862068965517241,1.0,0.0,2.3947879526531324e-05,8.851656616570835e-07,0.021418975666165352,0.0,1.0
17,exact,0,0,0,0.0,16,256,OOD wavenumber 12,OOD frequency,4,0.9945680628272251,0.816644745269089,0.36363636363636365,0.06464871019124985,0.5384615384615384,1.0,0.0,2.3940019673318602e-05,8.074543416114466e-07,0.023958303034305573,0.0,1.0
17,exact,0,0,0,0.0,16,256,OOD wavenumber 12,OOD frequency,5,0.9962848297213622,0.8389940580319678,0.34545454545454546,0.016627198085188866,0.5833333333333334,1.0,0.0,3.0728722776984796e-05,8.211113140532689e-07,0.022332390770316124,0.0,1.0
17,exact,0,0,0,0.0,16,256,OOD wavenumber 12,OOD frequency,6,0.9893161172370452,0.7647470775852087,0.39285714285714285,0.03864380344748497,0.4838709677419355,1.0,0.0,2.197541471105069e-05,9.870192343441886e-07,0.025510352104902267,0.0,1.0
17,exact,0,0,0,0.0,16,256,OOD wavenumber 12,OOD frequency,7,0.9883786848072562,0.6598463630147104,0.48214285714285715,0.021415239199995995,0.47368421052631576,1.0,0.0,2.891877193178516e-05,8.155818704835838e-07,0.026387320831418037,0.0,1.0
17,identity-CG,0,0,0,0.0,24,576,ID one obstacle,ID,0,0.9995698924731182,0.9626543209876544,0.16363636363636364,0.025620829313993454,0.8,0.9999916208126297,0.0012866794131696224,0.320748507976532,0.006836296059191227,0.007610690779983997,-0.1255166427160553,1.0
17,identity-CG,0,0,0,0.0,24,576,ID one obstacle,ID,1,1.0,1.0,0.09090909090909091,0.028281543403863907,1.0,0.9999930191175465,0.0007936288602650166,0.30241942405700684,0.007073165383189917,0.006434204522520304,0.11719133294580485,1.0
17,identity-CG,0,0,0,0.0,24,576,ID one obstacle,ID,2,0.9998823944490179,0.9924242424242424,0.2,0.016304632648825645,0.8333333333333334,0.9999910048683339,0.001293064677156508,0.5153627395629883,0.008683113381266594,0.008541535586118698,0.031601722252151014,1.0
17,identity-CG,0,0,0,0.0,24,576,ID one obstacle,ID,3,1.0,1.0,0.2,0.011851847171783447,1.0,0.9999938184547752,0.0010238565737381577,0.25656047463417053,0.007599601522088051,0.00818475428968668,-0.004181419329148934,0.9974489808082581
17,identity-CG,0,0,0,0.0,24,576,ID one obstacle,ID,4,1.0,1.0,0.16363636363636364,0.02940841019153595,1.0,0.9999858216874604,0.001528872293420136,0.4147058129310608,0.003562400583177805,0.007762257941067219,-0.052770328392473,0.9719387292861938
17,identity-CG,0,0,0,0.0,24,576,ID one obstacle,ID,5,0.9995715509854327,0.9583333333333333,0.10909090909090909,0.027810722589492798,0.7142857142857143,0.9999956952770463,0.0007908946718089283,0.1927637755870819,0.0014372036093845963,0.006774970330297947,-0.16171677709583068,1.0
17,identity-CG,0,0,0,0.0,24,576,ID one obstacle,ID,6,1.0,0.9999999999999998,0.12727272727272726,0.0017949978355318308,1.0,0.9999749096524787,0.0014885303098708391,0.4571347236633301,0.006796694360673428,0.006871512625366449,0.06513439476302167,0.9553571343421936
17,identity-CG,0,0,0,0.0,24,576,ID one obstacle,ID,7,1.0,1.0,0.14545454545454545,0.005653340369462967,1.0,0.9999968648039316,0.000681932782754302,0.30027350783348083,0.004833474289625883,0.006959021557122469,0.18781903966516347,1.0
17,exact,0,0,0,0.0,24,576,ID one obstacle,ID,0,0.9995698924731182,0.9626543209876544,0.16363636363636364,0.025620829313993454,0.8,1.0,0.0,0.00019189646991435438,3.2542434382776264e-06,0.0075771138072013855,0.0,1.0
17,exact,0,0,0,0.0,24,576,ID one obstacle,ID,1,1.0,1.0,0.09090909090909091,0.028281543403863907,1.0,1.0,0.0,0.00020352633146103472,3.601776597861317e-06,0.006387356668710709,0.0,1.0
17,exact,0,0,0,0.0,24,576,ID one obstacle,ID,2,0.9998823944490179,0.9924242424242424,0.2,0.016304632648825645,0.8333333333333334,1.0,0.0,0.00017732125706970692,2.9232626275188522e-06,0.008527330122888088,0.0,1.0
17,exact,0,0,0,0.0,24,576,ID one obstacle,ID,3,1.0,1.0,0.2,0.011851847171783447,1.0,1.0,0.0,0.00013812580436933786,2.8854619813500904e-06,0.00813425425440073,0.0,1.0
17,exact,0,0,0,0.0,24,576,ID one obstacle,ID,4,1.0,1.0,0.16363636363636364,0.02940841019153595,1.0,1.0,0.0,0.00015955277194734663,2.677918246263289e-06,0.007745284587144852,0.0,1.0
17,exact,0,0,0,0.0,24,576,ID one obstacle,ID,5,0.9995715509854327,0.9583333333333334,0.10909090909090909,0.027810722589492798,0.7142857142857143,1.0,0.0,0.00019571740995161235,3.340373268656549e-06,0.0067708296701312065,0.0,1.0
17,exact,0,0,0,0.0,24,576,ID one obstacle,ID,6,1.0,1.0,0.12727272727272726,0.0017949978355318308,1.0,1.0,0.0,0.00020447310816962272,3.3111336961155757e-06,0.0068422956392169,0.0,1.0
17,exact,0,0,0,0.0,24,576,ID one obstacle,ID,7,1.0,1.0,0.14545454545454545,0.005653340369462967,1.0,1.0,0.0,0.00016842396871652454,3.267034571763361e-06,0.006949963513761759,0.0,1.0
17,identity-CG,0,0,0,0.0,24,576,ID four obstacles,ID,0,0.9881078691423519,0.7982273173965952,0.4166666666666667,0.01445537805557251,0.5789473684210527,0.9999053491195764,0.007487402763217688,0.3108205795288086,0.010156422853469849,0.03251319378614426,-0.03595277514392282,0.9362244606018066
17,identity-CG,0,0,0,0.0,24,576,ID four obstacles,ID,1,0.9914509803921568,0.863769495934338,0.5344827586206896,0.05002119392156601,0.5454545454545454,0.999933753895479,0.0072981202974915504,0.3139709532260895,0.01272620540112257,0.03170313686132431,0.14980444896235004,0.9540815949440002
17,identity-CG,0,0,0,0.0,24,576,ID four obstacles,ID,2,0.9783137254901961,0.6545760513197569,0.45901639344262296,0.05849890038371086,0.44680851063829785,0.9998497401290507,0.00951416976749897,0.2025810331106186,0.0038600938860327005,0.03364071622490883,-0.2720045191391087,0.8176020383834839
17,identity-CG,0,0,0,0.0,24,576,ID four obstacles,ID,3,0.9832325268817204,0.7724946450332746,0.5079365079365079,0.04634875804185867,0.48148148148148145,0.999949141273066,0.005707123316824436,0.2185816615819931,0.0034995805472135544,0.031363870948553085,-0.0021496064804205055,1.0
17,identity-CG,0,0,0,0.0,24,576,ID four obstacles,ID,4,0.9903590425531915,0.8304984627030492,0.5263157894736842,0.05651428550481796,0.5609756097560976,0.9997917469981211,0.011161036789417267,0.42668962478637695,0.0056128897704184055,0.029817648231983185,-0.15933773559792447,0.7576530575752258
17,identity-CG,0,0,0,0.0,24,576,ID four obstacles,ID,5,0.9866605718085106,0.8226892312819457,0.4745762711864407,0.05545555055141449,0.5609756097560976,0.9999290963624125,0.006936406716704369,0.3226633369922638,0.005862462799996138,0.029838556423783302,-0.25563865656659773,0.9515305757522583
17,identity-CG,0,0,0,0.0,24,576,ID four obstacles,ID,6,0.9849981945310705,0.8052536168651077,0.5238095238095238,0.03535296767950058,0.6078431372549019,0.9999571887812017,0.006042970810085535,0.17141881585121155,0.0040155150927603245,0.03186166286468506,-0.1338260046484676,0.9936224222183228
17,identity-CG,0,0,0,0.0,24,576,ID four obstacles,ID,7,0.9834796076406815,0.7931929230441146,0.46875,0.016848066821694374,0.5294117647058824,0.9999172029097783,0.007154232356697321,0.20780561864376068,0.011253129690885544,0.027964042499661446,-0.04626593393570989,0.964285671710968
17,exact,0,0,0,0.0,24,576,ID four obstacles,ID,0,0.987709991158267,0.789603869255378,0.4166666666666667,0.017272690311074257,0.5789473684210527,1.0,0.0,4.3366664613131434e-05,1.4894710602675332e-06,0.032087571918964386,0.0,1.0
17,exact,0,0,0,0.0,24,576,ID four obstacles,ID,1,0.9915686274509804,0.8634701834562082,0.5344827586206896,0.05002119392156601,0.5454545454545454,1.0,0.0,3.839587952825241e-05,1.513555844212533e-06,0.03131406009197235,0.0,1.0
17,exact,0,0,0,0.0,24,576,ID four obstacles,ID,2,0.9772941176470589,0.642249014979215,0.45901639344262296,0.054381612688302994,0.4166666666666667,1.0,0.0,5.5684307881165296e-05,1.6925274621826247e-06,0.033445943146944046,0.0,1.0
17,exact,0,0,0,0.0,24,576,ID four obstacles,ID,3,0.9833669354838709,0.7773708696294007,0.5079365079365079,0.04634875804185867,0.48148148148148145,1.0,0.0,3.6541587178362533e-05,1.3426292753138114e-06,0.03141436725854874,0.0,1.0
17,exact,0,0,0,0.0,24,576,ID four obstacles,ID,4,0.9904421542553192,0.8280119247372794,0.5263157894736842,0.04786503687500954,0.5609756097560976,1.0,0.0,4.397349403006956e-05,1.547272177049308e-06,0.02961890958249569,0.0,1.0
17,exact,0,0,0,0.0,24,576,ID four obstacles,ID,5,0.9862450132978724,0.8174902112029752,0.45,0.05654260888695717,0.5609756097560976,1.0,0.0,4.457142131286673e-05,1.3540025065594818e-06,0.029469046741724014,0.0,1.0
17,exact,0,0,0,0.0,24,576,ID four obstacles,ID,6,0.98503102123888,0.8044950953934511,0.5483870967741935,0.031044263392686844,0.6078431372549019,1.0,0.0,5.632937609334476e-05,1.5548337159998482e-06,0.03236818686127663,0.0,1.0
17,exact,0,0,0,0.0,24,576,ID four obstacles,ID,7,0.9838237824815006,0.7975019415345662,0.49206349206349204,0.017112774774432182,0.5294117647058824,1.0,0.0,3.912867759936489e-05,1.5300587392630405e-06,0.02734483778476715,0.0,1.0
17,identity-CG,0,0,0,0.0,24,576,OOD six obstacles,OOD count,0,0.9788143828960155,0.8165400401677395,0.5757575757575758,0.08641113340854645,0.6333333333333333,0.999960255983876,0.008686451241374016,0.09414862841367722,0.007010249421000481,0.04111003875732422,-0.4115096869224223,0.9923469424247742
17,identity-CG,0,0,0,0.0,24,576,OOD six obstacles,OOD count,1,0.9812638932994602,0.803837021586638,0.5692307692307692,0.0361599400639534,0.5666666666666667,0.9999553923304082,0.006713134236633778,0.18541371822357178,0.008683188818395138,0.04204767569899559,0.023121157393915143,1.0
17,identity-CG,0,0,0,0.0,24,576,OOD six obstacles,OOD count,2,0.9402251353662011,0.6195832747792892,0.4868421052631579,0.05322793498635292,0.48717948717948717,0.9999238435252434,0.007881669327616692,0.256355881690979,0.002981337020173669,0.037615254521369934,-0.32033656042016684,0.9744897484779358
17,identity-CG,0,0,0,0.0,24,576,OOD six obstacles,OOD count,3,0.9708850631081744,0.775569428549916,0.5428571428571428,0.03460024669766426,0.5362318840579711,0.9999597721620525,0.00734681123867631,0.10654643177986145,0.0034215624909847975,0.04205179959535599,-0.02660285295510842,0.9923469424247742
17,identity-CG,0,0,0,0.0,24,576,OOD six obstacles,OOD count,4,0.9228263230290306,0.625174172950688,0.36585365853658536,0.048912592232227325,0.35714285714285715,0.9999359062478739,0.008263276889920235,0.07666142284870148,0.002297655213624239,0.03990777209401131,-0.3433331518512815,0.9732142686843872
17,identity-CG,0,0,0,0.0,24,576,OOD six obstacles,OOD count,5,0.9847429800724637,0.8565183416076784,0.609375,0.05015938729047775,0.6,0.9998911068319919,0.009093476459383965,0.09970386326313019,0.0057483091950416565,0.03817649558186531,-0.2047519223843604,0.9489795565605164
17,identity-CG,0,0,0,0.0,24,576,OOD six obstacles,OOD count,6,0.9590223219852849,0.7247131437739772,0.4864864864864865,0.07777005434036255,0.4864864864864865,0.9998589655944473,0.011654287576675415,0.0993884801864624,0.016336506232619286,0.04441443085670471,0.17213403218137646,0.9528061151504517
17,identity-CG,0,0,0,0.0,24,576,OOD six obstacles,OOD count,7,0.9626158038147139,0.7737473673122437,0.5,0.01946118474006653,0.4925373134328358,0.9999366283293677,0.009045780636370182,0.2042572796344757,0.003782469779253006,0.040008723735809326,-0.3647845858219105,0.9528061151504517
17,exact,0,0,0,0.0,24,576,OOD six obstacles,OOD count,0,0.9795363043176455,0.8199117957001484,0.5757575757575758,0.08641113340854645,0.6333333333333333,1.0,0.0,3.581010605557822e-05,1.3225152315499145e-06,0.04158869385719299,0.0,1.0
17,exact,0,0,0,0.0,24,576,OOD six obstacles,OOD count,1,0.981321631686827,0.8019747352717113,0.5454545454545454,0.03457608446478844,0.5666666666666667,1.0,0.0,3.0933435482438654e-05,1.3787065427095513e-06,0.04171428829431534,0.0,1.0
17,exact,0,0,0,0.0,24,576,OOD six obstacles,OOD count,2,0.9401063930844494,0.6167624016551572,0.4675324675324675,0.0565941147506237,0.46835443037974683,1.0,0.0,2.671076617843937e-05,1.3035867141297786e-06,0.03765128552913666,0.0,1.0
17,exact,0,0,0,0.0,24,576,OOD six obstacles,OOD count,3,0.9709624964509718,0.7758001171116142,0.5428571428571428,0.03460024669766426,0.5362318840579711,1.0,0.0,2.736488386290148e-05,1.2265738860151032e-06,0.04191279783844948,0.0,1.0
17,exact,0,0,0,0.0,24,576,OOD six obstacles,OOD count,4,0.923308960158305,0.6270549797565513,0.36585365853658536,0.048912592232227325,0.35714285714285715,1.0,0.0,2.7576706997933798e-05,1.3185366469770088e-06,0.039813779294490814,0.0,1.0
17,exact,0,0,0,0.0,24,576,OOD six obstacles,OOD count,5,0.9836956521739131,0.8497758266698914,0.609375,0.05015938729047775,0.6271186440677966,1.0,0.0,3.863578604068607e-05,1.4430411283683497e-06,0.037944965064525604,0.0,1.0
17,exact,0,0,0,0.0,24,576,OOD six obstacles,OOD count,6,0.9582740990148397,0.7195719150252706,0.4864864864864865,0.07370831817388535,0.4864864864864865,1.0,0.0,3.358396133990027e-05,1.4946622286515776e-06,0.0430021658539772,0.0,1.0
17,exact,0,0,0,0.0,24,576,OOD six obstacles,OOD count,7,0.9625068119891007,0.7741219223187025,0.5,0.01946118474006653,0.4925373134328358,1.0,0.0,3.4064876672346145e-05,1.2967153679710464e-06,0.04012754186987877,0.0,1.0
17,identity-CG,0,0,0,0.0,24,576,OOD stars,OOD shape,0,0.986502942967323,0.7395344562161408,0.39655172413793105,0.03134911507368088,0.4857142857142857,0.9999677841228704,0.004778486676514149,0.14821679890155792,0.005243792198598385,0.02684990130364895,-0.07051818625617416,0.9948979616165161
17,identity-CG,0,0,0,0.0,24,576,OOD stars,OOD shape,1,0.9911901595744681,0.8458385305733808,0.5535714285714286,0.03362772613763809,0.4883720930232558,0.9999399764543204,0.0054037319496273994,0.18338513374328613,0.00415085069835186,0.028593217954039574,-0.09032720309093428,0.9617346525192261
17,identity-CG,0,0,0,0.0,24,576,OOD stars,OOD shape,2,0.9921259842519685,0.8487391467348857,0.375,0.04226125404238701,0.5714285714285714,0.9999805071939638,0.004489891696721315,0.22036412358283997,0.004351302515715361,0.027368826791644096,0.11647769097846307,1.0
17,identity-CG,0,0,0,0.0,24,576,OOD stars,OOD shape,3,0.9874135051300406,0.8087498473696679,0.3508771929824561,0.03477982431650162,0.5172413793103449,0.9999612847620883,0.004679852165281773,0.20026251673698425,0.0028696171939373016,0.025755027309060097,-0.21068011607887097,0.9846938848495483
17,identity-CG,0,0,0,0.0,24,576,OOD stars,OOD shape,4,0.9848135964912281,0.7531730411100545,0.3620689655172414,0.0382436104118824,0.45454545454545453,0.9999864499878182,0.003256171941757202,0.17361176013946533,0.0043830000795423985,0.02636701613664627,0.02451128840623967,1.0
17,identity-CG,0,0,0,0.0,24,576,OOD stars,OOD shape,5,0.9900219298245614,0.8070962576002576,0.4107142857142857,0.031412191689014435,0.5,0.999922219652199,0.006489735096693039,0.13066565990447998,0.009350298903882504,0.025925543159246445,-0.06136284128865232,0.8979591727256775
17,identity-CG,0,0,0,0.0,24,576,OOD stars,OOD shape,6,0.9933170543631923,0.8878284385430413,0.5087719298245614,0.02726585790514946,0.631578947368421,0.9999698325920033,0.004314894322305918,0.2312954217195511,0.0037785700988024473,0.027209831401705742,-0.024741062124151423,0.9936224222183228
17,identity-CG,0,0,0,0.0,24,576,OOD stars,OOD shape,7,0.9754101872081565,0.6688968942926684,0.34375,0.06365606933832169,0.4090909090909091,0.999877106938654,0.008578893728554249,0.3985694646835327,0.007788519840687513,0.02888248860836029,-0.14387107873740024,0.8724489808082581
17,exact,0,0,0,0.0,24,576,OOD stars,OOD shape,0,0.9865536837832352,0.7376920797555736,0.39655172413793105,0.021966271102428436,0.4857142857142857,1.0,0.0,4.0451512177241966e-05,1.530312943032186e-06,0.026430919766426086,0.0,1.0
17,exact,0,0,0,0.0,24,576,OOD stars,OOD shape,1,0.9910654920212766,0.8436750959475473,0.5535714285714286,0.03362772613763809,0.5238095238095238,1.0,0.0,4.559470835374668e-05,1.6355952539015561e-06,0.028500381857156754,0.0,1.0
17,exact,0,0,0,0.0,24,576,OOD stars,OOD shape,2,0.9921259842519685,0.8492578872626817,0.375,0.04226125404238701,0.6296296296296297,1.0,0.0,5.008779771742411e-05,1.5743589756311849e-06,0.027022449299693108,0.0,1.0
17,exact,0,0,0,0.0,24,576,OOD stars,OOD shape,3,0.9872345502266762,0.8072206851465091,0.3508771929824561,0.03658543527126312,0.5172413793103449,1.0,0.0,4.255079693393782e-05,1.4542983990395442e-06,0.02570628561079502,0.0,1.0
17,exact,0,0,0,0.0,24,576,OOD stars,OOD shape,4,0.9850877192982457,0.7536003812619174,0.3620689655172414,0.0382436104118824,0.4117647058823529,1.0,0.0,3.65500854968559e-05,1.5422723436131491e-06,0.026215557008981705,0.0,1.0
17,exact,0,0,0,0.0,24,576,OOD stars,OOD shape,5,0.9900767543859649,0.8097807593916456,0.4107142857142857,0.029692862182855606,0.5,1.0,0.0,4.32767701568082e-05,1.4535432910633972e-06,0.02573910914361477,0.0,1.0
17,exact,0,0,0,0.0,24,576,OOD stars,OOD shape,6,0.9934027331534079,0.8860757384632596,0.5357142857142857,0.024696672335267067,0.631578947368421,1.0,0.0,4.0629780414747074e-05,1.397410528625187e-06,0.026879826560616493,0.0,1.0
17,exact,0,0,0,0.0,24,576,OOD stars,OOD shape,7,0.9757100629739107,0.6731104791049165,0.3230769230769231,0.06150180846452713,0.4090909090909091,1.0,0.0,4.648940375773236e-05,1.2808957308152458e-06,0.028959881514310837,0.0,1.0
17,identity-CG,0,0,0,0.0,24,576,OOD 30 percent noise,OOD noise,0,0.9763071895424836,0.6639541498723177,0.46774193548387094,0.07769307494163513,0.46938775510204084,0.9999972493588536,0.0011133094085380435,0.03498983010649681,0.003680196823552251,0.047633685171604156,0.3336790436875714,1.0
17,identity-CG,0,0,0,0.0,24,576,OOD 30 percent noise,OOD noise,1,0.9886274509803921,0.8273077667159927,0.45901639344262296,0.05800455063581467,0.5813953488372093,0.9999963937174803,0.0015428380575031042,0.03766334801912308,0.005311093293130398,0.04238218069076538,0.3334354651985979,1.0
17,identity-CG,0,0,0,0.0,24,576,OOD 30 percent noise,OOD noise,2,0.9759488532575603,0.7023913502181757,0.32786885245901637,0.06402230262756348,0.4444444444444444,0.9999977649506419,0.001357775996439159,0.04084595665335655,0.0059411730617284775,0.04321783408522606,0.6251394796347423,1.0
17,identity-CG,0,0,0,0.0,24,576,OOD 30 percent noise,OOD noise,3,0.9769636695758068,0.6122271249119677,0.3728813559322034,0.04350389912724495,0.3684210526315789,0.9999965604526108,0.0010418976889923215,0.04802319034934044,0.0037217505741864443,0.045034389942884445,0.11764552446965104,1.0
17,identity-CG,0,0,0,0.0,24,576,OOD 30 percent noise,OOD noise,4,0.9872210566469578,0.7926457593589764,0.5254237288135594,0.04703034460544586,0.5909090909090909,0.9999982440859311,0.000973675400018692,0.04731999710202217,0.0035609835758805275,0.043589234352111816,0.4038051863511263,1.0
17,identity-CG,0,0,0,0.0,24,576,OOD 30 percent noise,OOD noise,5,0.987652826534318,0.807075009088816,0.4915254237288136,0.021575743332505226,0.5348837209302325,0.9999979615290313,0.0011960100382566452,0.052066653966903687,0.0063870372250676155,0.04579918459057808,0.4857651848524615,1.0
17,identity-CG,0,0,0,0.0,24,576,OOD 30 percent noise,OOD noise,6,0.9873617174933527,0.820486521811279,0.5737704918032787,0.0014345459640026093,0.64,0.9999974149555747,0.00086519232718274,0.04691474512219429,0.002060029422864318,0.041870251297950745,-0.024285419215533507,1.0
17,identity-CG,0,0,0,0.0,24,576,OOD 30 percent noise,OOD noise,7,0.98342175066313,0.6983520328872957,0.4406779661016949,0.05940406396985054,0.42857142857142855,0.9999955590422281,0.0013357280986383557,0.021449895575642586,0.0018774098716676235,0.04519542679190636,-0.17814050500511616,1.0
17,exact,0,0,0,0.0,24,576,OOD 30 percent noise,OOD noise,0,0.976232917409388,0.6633403240044663,0.46774193548387094,0.08332344889640808,0.46938775510204084,1.0,0.0,1.3557512829720508e-05,8.461570359941106e-07,0.047491107136011124,0.0,1.0
17,exact,0,0,0,0.0,24,576,OOD 30 percent noise,OOD noise,1,0.9884705882352941,0.8243654532125928,0.45901639344262296,0.05800455063581467,0.5813953488372093,1.0,0.0,1.3293499250721652e-05,8.512870977028797e-07,0.042094405740499496,0.0,1.0
17,exact,0,0,0,0.0,24,576,OOD 30 percent noise,OOD noise,2,0.9757458899939111,0.7015334779450123,0.32786885245901637,0.06402230262756348,0.4444444444444444,1.0,0.0,1.1320936209813226e-05,8.926933219299826e-07,0.04295899346470833,0.0,1.0
17,exact,0,0,0,0.0,24,576,OOD 30 percent noise,OOD noise,3,0.9768621879439822,0.6119791058777018,0.3728813559322034,0.04350389912724495,0.3684210526315789,1.0,0.0,1.2326700925768819e-05,8.799007673587766e-07,0.044884730130434036,0.0,1.0
17,exact,0,0,0,0.0,24,576,OOD 30 percent noise,OOD noise,4,0.9871447644478352,0.791180634658289,0.5254237288135594,0.04703034460544586,0.5909090909090909,1.0,0.0,1.1820550753327552e-05,8.123300858642324e-07,0.0434463694691658,0.0,1.0
17,exact,0,0,0,0.0,24,576,OOD 30 percent noise,OOD noise,5,0.9876931767744018,0.8083015603153673,0.4915254237288136,0.021575743332505226,0.5348837209302325,1.0,0.0,1.4453647054324392e-05,9.406068670614331e-07,0.045706912875175476,0.0,1.0
17,exact,0,0,0,0.0,24,576,OOD 30 percent noise,OOD noise,6,0.9873288907855432,0.822090932043283,0.5737704918032787,0.0014345459640026093,0.64,1.0,0.0,1.1971180356340483e-05,9.020655511449149e-07,0.04175102710723877,0.0,1.0
17,exact,0,0,0,0.0,24,576,OOD 30 percent noise,OOD noise,7,0.983289124668435,0.6977355216423233,0.4406779661016949,0.05940406396985054,0.42857142857142855,1.0,0.0,1.2418088772392366e-05,8.304654102175846e-07,0.04503466188907623,0.0,1.0
17,identity-CG,0,0,0,0.0,24,576,OOD half aperture,OOD aperture,0,0.9664473684210526,0.48155644507431616,0.25396825396825395,0.10022061318159103,0.2972972972972973,0.9999868745622424,0.0015516221756115556,0.1326562911272049,0.0047498284839093685,0.02382383495569229,0.16284756972752473,1.0
17,identity-CG,0,0,0,0.0,24,576,OOD half aperture,OOD aperture,1,0.9685307017543859,0.46351673054285136,0.31666666666666665,0.06764368712902069,0.23076923076923078,0.9999976282688228,0.0009845709428191185,0.12560468912124634,0.0052093444392085075,0.02416684664785862,0.12979851706955528,1.0
17,identity-CG,0,0,0,0.0,24,576,OOD half aperture,OOD aperture,2,0.9711198945981555,0.6421560986912536,0.2698412698412698,0.10488253086805344,0.3157894736842105,0.9999939699605777,0.0014591964427381754,0.18592917919158936,0.006180914584547281,0.020846132189035416,-0.08532104198142372,1.0
17,identity-CG,0,0,0,0.0,24,576,OOD half aperture,OOD aperture,3,0.9497665922468034,0.42834624496889606,0.22727272727272727,0.1316179484128952,0.20930232558139536,0.9999950309439677,0.0015978137962520123,0.14461717009544373,0.004731339868158102,0.02259141579270363,-0.0306446469947306,1.0
17,identity-CG,0,0,0,0.0,24,576,OOD half aperture,OOD aperture,4,0.9624726898856188,0.6172961915104876,0.2835820895522388,0.14614325761795044,0.34782608695652173,0.9999980065989007,0.001252674963325262,0.09331179410219193,0.002824987517669797,0.022850366309285164,-0.18661718269529107,1.0
17,identity-CG,0,0,0,0.0,24,576,OOD half aperture,OOD aperture,5,0.9720070557558096,0.4307739716287696,0.2413793103448276,0.02683090604841709,0.1724137931034483,0.9999915352723718,0.0018259144853800535,0.1539899706840515,0.006510938052088022,0.021884771063923836,0.14227023006334372,1.0
17,identity-CG,0,0,0,0.0,24,576,OOD half aperture,OOD aperture,6,0.9622134387351778,0.4362605169573237,0.23076923076923078,0.1183367520570755,0.21951219512195122,0.9999947320892899,0.0011602310696616769,0.1932438760995865,0.008477680385112762,0.024463608860969543,-0.1834014192993686,1.0
17,identity-CG,0,0,0,0.0,24,576,OOD half aperture,OOD aperture,7,0.9565536474387202,0.5290968692148026,0.28125,0.12861759960651398,0.2857142857142857,0.9999909611874194,0.00181239889934659,0.13345186412334442,0.006687412969768047,0.023646602407097816,0.09629895650634836,1.0
17,exact,0,0,0,0.0,24,576,OOD half aperture,OOD aperture,0,0.9665021929824562,0.48292942764500035,0.234375,0.10669318586587906,0.2972972972972973,1.0,0.0,6.89177613821812e-05,1.9277674709883286e-06,0.02370062656700611,0.0,1.0
17,exact,0,0,0,0.0,24,576,OOD half aperture,OOD aperture,1,0.9684758771929824,0.4633100506486715,0.31666666666666665,0.06764368712902069,0.23076923076923078,1.0,0.0,6.93938200129196e-05,1.8385056819170131e-06,0.02408490888774395,0.0,1.0
17,exact,0,0,0,0.0,24,576,OOD half aperture,OOD aperture,2,0.9710144927536232,0.6417817671404514,0.2698412698412698,0.10488253086805344,0.3157894736842105,1.0,0.0,4.559714943752624e-05,1.7230981939064804e-06,0.020639944821596146,0.0,1.0
17,exact,0,0,0,0.0,24,576,OOD half aperture,OOD aperture,3,0.9498173330627158,0.4225152034932176,0.22727272727272727,0.1316179484128952,0.20930232558139536,1.0,0.0,6.799161928938702e-05,1.8236113419334288e-06,0.022496894001960754,0.0,1.0
17,exact,0,0,0,0.0,24,576,OOD half aperture,OOD aperture,4,0.9626440474660498,0.6194480337269351,0.2835820895522388,0.14614325761795044,0.34782608695652173,1.0,0.0,4.857577005168423e-05,1.7609825135878054e-06,0.022741006687283516,0.0,1.0
17,exact,0,0,0,0.0,24,576,OOD half aperture,OOD aperture,5,0.9720837487537388,0.43070296183908974,0.2413793103448276,0.02683090604841709,0.1724137931034483,1.0,0.0,4.369642920210026e-05,1.833280066421139e-06,0.021597856655716896,0.0,1.0
17,exact,0,0,0,0.0,24,576,OOD half aperture,OOD aperture,6,0.9622134387351778,0.4362605169573237,0.23076923076923078,0.1183367520570755,0.21951219512195122,1.0,0.0,5.2398303523659706e-05,1.7010104329528986e-06,0.024215199053287506,0.0,1.0
17,exact,0,0,0,0.0,24,576,OOD half aperture,OOD aperture,7,0.956896129947649,0.5295282465250338,0.28125,0.12861759960651398,0.2857142857142857,1.0,0.0,5.8614317822502926e-05,1.8685849454413983e-06,0.023517856374382973,0.0,1.0
17,identity-CG,0,0,0,0.0,24,576,OOD wavenumber 12,OOD frequency,0,0.9872423537234043,0.7996565592862006,0.4745762711864407,0.0234465803951025,0.4883720930232558,0.9999825745582133,0.0027478269767016172,0.20116019248962402,0.004230736289173365,0.02423679456114769,0.3987354264575589,1.0
17,identity-CG,0,0,0,0.0,24,576,OOD wavenumber 12,OOD frequency,1,0.9960474308300395,0.8962991526462221,0.45454545454545453,0.023061294108629227,0.6666666666666666,0.9999311228003614,0.0061102742329239845,0.5663803219795227,0.004850791301578283,0.02240188792347908,-0.16099965418525258,0.9298469424247742
17,identity-CG,0,0,0,0.0,24,576,OOD wavenumber 12,OOD frequency,2,0.9893341161504966,0.8064318594928566,0.43859649122807015,0.0203001219779253,0.5,0.9999750108344131,0.0028761085122823715,0.4097939431667328,0.011374672874808311,0.021785808727145195,0.10741758114243578,1.0
17,identity-CG,0,0,0,0.0,24,576,OOD wavenumber 12,OOD frequency,3,0.9958115183246073,0.9012754133911629,0.36363636363636365,0.03145523741841316,0.6666666666666666,0.999935583296887,0.00759586226195097,0.21402864158153534,0.022931838408112526,0.02146296016871929,0.1654036428365721,0.793367326259613
17,identity-CG,0,0,0,0.0,24,576,OOD wavenumber 12,OOD frequency,4,0.9982984293193717,0.9639735772357723,0.36363636363636365,0.02779112569987774,0.8181818181818182,0.9998842622878428,0.007071387954056263,0.4093611538410187,0.01692488230764866,0.020522795617580414,0.13281365246803992,0.8252550959587097
17,identity-CG,0,0,0,0.0,24,576,OOD wavenumber 12,OOD frequency,5,0.9902873793064045,0.7750355493436771,0.39285714285714285,0.01967378333210945,0.4375,0.9999167086114135,0.004934144206345081,0.12183913588523865,0.007870929315686226,0.020391833037137985,-0.005884583530258953,0.9005101919174194
17,identity-CG,0,0,0,0.0,24,576,OOD wavenumber 12,OOD frequency,6,0.9969719476661143,0.9023442928507059,0.41818181818181815,0.014577011577785015,0.6428571428571429,0.999837565440098,0.007596186362206936,0.27027156949043274,0.01836947724223137,0.02040969766676426,0.19424398348929744,0.7525510191917419
17,identity-CG,0,0,0,0.0,24,576,OOD wavenumber 12,OOD frequency,7,0.9985552115583076,0.9473676254493429,0.34545454545454546,0.025344684720039368,0.7272727272727273,0.9997925218117372,0.009407749399542809,0.1657692939043045,0.02017417550086975,0.021224604919552803,-0.09014021876776926,0.6441326141357422
17,exact,0,0,0,0.0,24,576,OOD wavenumber 12,OOD frequency,0,0.9874501329787234,0.8043756343512578,0.4745762711864407,0.0234465803951025,0.4883720930232558,1.0,0.0,3.888361970894039e-05,1.3026416354477988e-06,0.023948708549141884,0.0,1.0
17,exact,0,0,0,0.0,24,576,OOD wavenumber 12,OOD frequency,1,0.9961528326745718,0.8977183226130596,0.45454545454545453,0.023061294108629227,0.6666666666666666,1.0,0.0,4.9296759243588895e-05,1.2732382401736686e-06,0.022341547533869743,0.0,1.0
17,exact,0,0,0,0.0,24,576,OOD wavenumber 12,OOD frequency,2,0.9897255247321297,0.8106825911490977,0.4642857142857143,0.018134383484721184,0.5,1.0,0.0,4.354870179668069e-05,1.3798997997582774e-06,0.02167166955769062,0.0,1.0
17,exact,0,0,0,0.0,24,576,OOD wavenumber 12,OOD frequency,3,0.9958115183246073,0.9030751050420167,0.36363636363636365,0.03145523741841316,0.6666666666666666,1.0,0.0,5.689105819328688e-05,1.437341211385501e-06,0.020858995616436005,0.0,1.0
17,exact,0,0,0,0.0,24,576,OOD wavenumber 12,OOD frequency,4,0.9984293193717277,0.9652243589743589,0.36363636363636365,0.02779112569987774,0.8181818181818182,1.0,0.0,5.751220305683091e-05,1.5597877336404053e-06,0.020250394940376282,0.0,1.0
17,exact,0,0,0,0.0,24,576,OOD wavenumber 12,OOD frequency,5,0.9904016454322117,0.7756691827613217,0.39285714285714285,0.01967378333210945,0.4375,1.0,0.0,4.075016840943135e-05,1.3714911801798735e-06,0.02030482143163681,0.0,1.0
17,exact,0,0,0,0.0,24,576,OOD wavenumber 12,OOD frequency,6,0.9969148146032109,0.8958847884373187,0.41818181818181815,0.013385729864239693,0.6428571428571429,1.0,0.0,5.4263284255284816e-05,1.5524927903243224e-06,0.01970529928803444,0.0,1.0
17,exact,0,0,0,0.0,24,576,OOD wavenumber 12,OOD frequency,7,0.9984864121087031,0.9459431240248415,0.34545454545454546,0.032240260392427444,0.7272727272727273,1.0,0.0,4.9682472308631986e-05,1.341966253676219e-06,0.020870568230748177,0.0,1.0
17,identity-CG,0,0,0,0.0,32,1024,ID one obstacle,ID,0,1.0,1.0000000000000002,0.16363636363636364,0.014223509468138218,1.0,0.9997229130506095,0.007107986602932215,1.066900610923767,0.026961253955960274,0.008336901664733887,0.11940830576138453,0.16198979318141937
17,identity-CG,0,0,0,0.0,32,1024,ID one obstacle,ID,1,1.0,1.0,0.10909090909090909,0.00971193891018629,1.0,0.9999350777675063,0.003021791111677885,0.6593685150146484,0.008479026146233082,0.005896475166082382,0.1076293908785519,0.3494897782802582
17,identity-CG,0,0,0,0.0,32,1024,ID one obstacle,ID,2,1.0,1.0,0.07272727272727272,0.010964653454720974,1.0,0.9998276480772301,0.004855301696807146,0.8242156505584717,0.0102518480271101,0.006087020039558411,0.13629946369063314,0.09056122601032257
17,identity-CG,0,0,0,0.0,32,1024,ID one obstacle,ID,3,1.0,1.0,0.16363636363636364,0.015864457935094833,1.0,0.9998482694983211,0.005728486925363541,0.6957689523696899,0.014618505723774433,0.007531881332397461,0.08342155227586824,0.12627550959587097
17,identity-CG,0,0,0,0.0,32,1024,ID one obstacle,ID,4,1.0,1.0,0.10909090909090909,0.004102782811969519,1.0,0.9998952509640121,0.004279898013919592,0.8518785238265991,0.013806179165840149,0.0068801408633589745,0.0020749363578118937,0.22066326439380646
17,identity-CG,0,0,0,0.0,32,1024,ID one obstacle,ID,5,0.9994119722450899,0.963164108618654,0.2,0.010828135535120964,0.8333333333333334,0.9998722563213109,0.005912896245718002,1.1607036590576172,0.02636822685599327,0.008493767119944096,0.2232711456716805,0.1747448891401291
17,identity-CG,0,0,0,0.0,32,1024,ID one obstacle,ID,6,1.0,1.0,0.16363636363636364,0.0212541650980711,1.0,0.9999559222966197,0.0036362032406032085,0.6006139516830444,0.014846608974039555,0.007314465474337339,0.040879164493449395,0.26658162474632263
17,identity-CG,0,0,0,0.0,32,1024,ID one obstacle,ID,7,1.0,1.0,0.10909090909090909,0.003954690881073475,1.0,0.9999702366981572,0.002406896324828267,0.6383675336837769,0.0171456690877676,0.006395191419869661,0.028922894200251428,0.4961734712123871
17,exact,0,0,0,0.0,32,1024,ID one obstacle,ID,0,1.0,1.0,0.16363636363636364,0.014223509468138218,1.0,1.0,0.0,0.0003135140868835151,4.157745024713222e-06,0.008294379338622093,0.0,1.0
17,exact,0,0,0,0.0,32,1024,ID one obstacle,ID,1,1.0,1.0,0.10909090909090909,0.00971193891018629,1.0,1.0,0.0,0.00034963415237143636,4.926664587401319e-06,0.005853233393281698,0.0,1.0
17,exact,0,0,0,0.0,32,1024,ID one obstacle,ID,2,1.0,1.0,0.07272727272727272,0.010858272202312946,1.0,1.0,0.0,0.00043839748832397163,4.951732080371585e-06,0.006072273012250662,0.0,1.0
17,exact,0,0,0,0.0,32,1024,ID one obstacle,ID,3,1.0,1.0,0.16363636363636364,0.015864457935094833,1.0,1.0,0.0,0.0002714144065976143,4.194742359686643e-06,0.00744097912684083,0.0,1.0
17,exact,0,0,0,0.0,32,1024,ID one obstacle,ID,4,1.0,1.0,0.10909090909090909,0.005546476226300001,1.0,1.0,0.0,0.0003204499080311507,4.493389951676363e-06,0.006829024292528629,0.0,1.0
17,exact,0,0,0,0.0,32,1024,ID one obstacle,ID,5,0.999529577796072,0.9686586141131595,0.2,0.010828135535120964,0.8333333333333334,1.0,0.0,0.0003330349281895906,4.250756319379434e-06,0.00836685486137867,0.0,1.0
17,exact,0,0,0,0.0,32,1024,ID one obstacle,ID,6,1.0,1.0,0.16363636363636364,0.0212541650980711,1.0,1.0,0.0,0.00027128643705509603,4.564508799376199e-06,0.007301401346921921,0.0,1.0
17,exact,0,0,0,0.0,32,1024,ID one obstacle,ID,7,1.0,1.0,0.10909090909090909,0.003954690881073475,1.0,1.0,0.0,0.00041642511496320367,5.179108939046273e-06,0.006389193702489138,0.0,1.0
17,identity-CG,0,0,0,0.0,32,1024,ID four obstacles,ID,0,0.9860071432066149,0.7553590004667586,0.3898305084745763,0.07167895883321762,0.5428571428571428,0.9999004087035618,0.01149411778897047,0.19010084867477417,0.02026890218257904,0.030893558636307716,0.5135390982732612,0.8176020383834839
17,identity-CG,0,0,0,0.0,32,1024,ID four obstacles,ID,1,0.9779367918902803,0.7611955815591819,0.5555555555555556,0.0510583370923996,0.5087719298245614,0.9995640169041464,0.021426809951663017,0.314632773399353,0.009782291948795319,0.029017290100455284,0.10202354178386984,0.37627550959587097
17,identity-CG,0,0,0,0.0,32,1024,ID four obstacles,ID,2,0.9900392156862745,0.8471257574856452,0.5614035087719298,0.05109362676739693,0.5813953488372093,0.9997609588063991,0.019237693399190903,0.3240989148616791,0.013384380377829075,0.030684860423207283,-0.0576053738483467,0.4502550959587097
17,identity-CG,0,0,0,0.0,32,1024,ID four obstacles,ID,3,0.9826167076167076,0.8032077368018501,0.546875,0.02465934120118618,0.5172413793103449,0.9996619690934412,0.02063947543501854,0.4426274001598358,0.011571294628083706,0.029244963079690933,-0.09169394578758962,0.3941326439380646
17,identity-CG,0,0,0,0.0,32,1024,ID four obstacles,ID,4,0.9921603906952834,0.8727732249742184,0.5357142857142857,0.01747305318713188,0.5897435897435898,0.9997203560271467,0.01621299795806408,0.6277845501899719,0.02303365431725979,0.029322190210223198,-0.13481680004892885,0.5
17,identity-CG,0,0,0,0.0,32,1024,ID four obstacles,ID,5,0.9879607843137255,0.8359887431452351,0.5344827586206896,0.05995042622089386,0.5454545454545454,0.9998934972070096,0.013170357793569565,0.680718719959259,0.02137640304863453,0.029670486226677895,0.48657649111768403,0.6875
17,identity-CG,0,0,0,0.0,32,1024,ID four obstacles,ID,6,0.990018929616245,0.8676752488813089,0.5409836065573771,0.03084900975227356,0.5918367346938775,0.999590368995366,0.01958528719842434,0.7712622880935669,0.00817860197275877,0.02804289199411869,0.07166518039886877,0.42602041363716125
17,identity-CG,0,0,0,0.0,32,1024,ID four obstacles,ID,7,0.9685214825973699,0.6877641775907747,0.4626865671641791,0.02908564731478691,0.4098360655737705,0.9994847922474351,0.023821238428354263,0.5084800720214844,0.03553539514541626,0.030838634818792343,0.011880359253970404,0.40816324949264526
17,exact,0,0,0,0.0,32,1024,ID four obstacles,ID,0,0.9855668085522775,0.7569248105780912,0.3898305084745763,0.07167895883321762,0.5428571428571428,1.0,0.0,4.685349631472491e-05,2.084696461679414e-06,0.03089863806962967,0.0,1.0
17,exact,0,0,0,0.0,32,1024,ID four obstacles,ID,1,0.977434642061325,0.763937713074311,0.53125,0.04986555874347687,0.5357142857142857,1.0,0.0,6.594015576411039e-05,2.0829197637795005e-06,0.028859920799732208,0.0,1.0
17,exact,0,0,0,0.0,32,1024,ID four obstacles,ID,2,0.9894117647058824,0.8422139975017847,0.5344827586206896,0.043004993349313736,0.5813953488372093,1.0,0.0,5.814357064082287e-05,2.051736828434514e-06,0.0309151578694582,0.0,1.0
17,exact,0,0,0,0.0,32,1024,ID four obstacles,ID,3,0.98240171990172,0.8046054797917102,0.546875,0.02465934120118618,0.5172413793103449,1.0,0.0,6.557061715284362e-05,2.0812278762605274e-06,0.029429614543914795,0.0,1.0
17,exact,0,0,0,0.0,32,1024,ID four obstacles,ID,4,0.9924602664610376,0.8800483070147178,0.5087719298245614,0.009689059108495712,0.631578947368421,1.0,0.0,6.841590948170051e-05,2.0681698060798226e-06,0.02945348061621189,0.0,1.0
17,exact,0,0,0,0.0,32,1024,ID four obstacles,ID,5,0.9886666666666666,0.8454502542361619,0.5344827586206896,0.056807391345500946,0.5813953488372093,1.0,0.0,5.613406028714962e-05,2.1286800802045036e-06,0.0298564825206995,0.0,1.0
17,exact,0,0,0,0.0,32,1024,ID four obstacles,ID,6,0.99046635690931,0.8693846196164543,0.5932203389830508,0.029441948980093002,0.5918367346938775,1.0,0.0,6.392743671312928e-05,2.2191422885953216e-06,0.02794988639652729,0.0,1.0
17,exact,0,0,0,0.0,32,1024,ID four obstacles,ID,7,0.9687411731475378,0.6997410056056623,0.4626865671641791,0.0354173518717289,0.4098360655737705,1.0,0.0,6.232345913304016e-05,1.9140961740049534e-06,0.03137560188770294,0.0,1.0
17,identity-CG,0,0,0,0.0,32,1024,OOD six obstacles,OOD count,0,0.9802344762578061,0.8033935442561839,0.578125,0.025368323549628258,0.5862068965517241,0.9994039575406275,0.034101929515600204,0.2624629735946655,0.02289775013923645,0.040802862495183945,-0.2663587185780326,0.4515306055545807
17,identity-CG,0,0,0,0.0,32,1024,OOD six obstacles,OOD count,1,0.9704548132437846,0.7185227963497012,0.4852941176470588,0.06061872839927673,0.4838709677419355,0.9993976414493031,0.02799234911799431,0.42090922594070435,0.004581127781420946,0.03863271325826645,-0.257361761334268,0.4910714328289032
17,identity-CG,0,0,0,0.0,32,1024,OOD six obstacles,OOD count,2,0.9648501362397819,0.7497555748744107,0.5,0.026238705962896347,0.5151515151515151,0.9996602148966283,0.020759504288434982,0.3032069206237793,0.006577209569513798,0.04164905846118927,0.21511778362631262,0.7321428656578064
17,identity-CG,0,0,0,0.0,32,1024,OOD six obstacles,OOD count,3,0.9646191646191646,0.7784881921512908,0.546875,0.041562728583812714,0.543859649122807,0.9994386177863013,0.030864538624882698,0.4774860143661499,0.0061533451080322266,0.039097968488931656,-0.1585673036481566,0.46683672070503235
17,identity-CG,0,0,0,0.0,32,1024,OOD six obstacles,OOD count,4,0.9781020077316374,0.8372195308886549,0.5942028985507246,0.04163162410259247,0.5942028985507246,0.9995549929287944,0.02297087199985981,0.5968514680862427,0.00699990289285779,0.03892318531870842,-0.09227062738105732,0.6096938848495483
17,identity-CG,0,0,0,0.0,32,1024,OOD six obstacles,OOD count,5,0.9649479984301413,0.751503196760718,0.5,0.042236000299453735,0.49333333333333335,0.9996161171443838,0.02712463214993477,0.18300218880176544,0.00625578174367547,0.04201294854283333,0.4880630896788262,0.6020408272743225
17,identity-CG,0,0,0,0.0,32,1024,OOD six obstacles,OOD count,6,0.9710140170042346,0.7932654980914163,0.47692307692307695,0.036592014133930206,0.5769230769230769,0.9995237901488379,0.028014488518238068,0.5044932961463928,0.0473775714635849,0.03883681818842888,0.27336636076464865,0.5140305757522583
17,identity-CG,0,0,0,0.0,32,1024,OOD six obstacles,OOD count,7,0.9877149877149878,0.8660548159743471,0.6229508196721312,0.04524369165301323,0.660377358490566,0.9997305249283527,0.01701846346259117,0.6701492071151733,0.007936190813779831,0.03995388373732567,0.28491256792938824,0.8073979616165161
17,exact,0,0,0,0.0,32,1024,OOD six obstacles,OOD count,0,0.979733710380582,0.7946906628078002,0.5538461538461539,0.012248570099473,0.6140350877192983,1.0,0.0,4.761016316479072e-05,1.6775056792539544e-06,0.04006679728627205,0.0,1.0
17,exact,0,0,0,0.0,32,1024,OOD six obstacles,OOD count,1,0.9711617768351597,0.7395232464940595,0.4852941176470588,0.05914538353681564,0.4838709677419355,1.0,0.0,4.822796836378984e-05,1.8509399524191394e-06,0.03824476897716522,0.0,1.0
17,exact,0,0,0,0.0,32,1024,OOD six obstacles,OOD count,2,0.9633787465940054,0.7393659216035678,0.5,0.03273468464612961,0.47058823529411764,1.0,0.0,4.668382462114096e-05,1.9750250430661254e-06,0.040827833116054535,0.0,1.0
17,exact,0,0,0,0.0,32,1024,OOD six obstacles,OOD count,3,0.9626535626535626,0.7683038185323209,0.5,0.04349396377801895,0.543859649122807,1.0,0.0,5.4624659242108464e-05,1.8022760741587263e-06,0.03979507088661194,0.0,1.0
17,exact,0,0,0,0.0,32,1024,OOD six obstacles,OOD count,4,0.9782516523257264,0.8397361018483763,0.6176470588235294,0.01859951578080654,0.6176470588235294,1.0,0.0,4.535081461654045e-05,1.9496894765325123e-06,0.03888548165559769,0.0,1.0
17,exact,0,0,0,0.0,32,1024,OOD six obstacles,OOD count,5,0.9659046310832026,0.7595322859351239,0.5,0.04124470055103302,0.49333333333333335,1.0,0.0,5.200200030230917e-05,2.0317838789196685e-06,0.04235410690307617,0.0,1.0
17,exact,0,0,0,0.0,32,1024,OOD six obstacles,OOD count,6,0.9706529232183303,0.7933619045750574,0.5,0.0453643873333931,0.5471698113207547,1.0,0.0,4.5290260459296405e-05,2.002070232265396e-06,0.03847501054406166,0.0,1.0
17,exact,0,0,0,0.0,32,1024,OOD six obstacles,OOD count,7,0.9872850122850123,0.863557863063582,0.6229508196721312,0.032810017466545105,0.660377358490566,1.0,0.0,5.1182003517169505e-05,2.326211188119487e-06,0.039615049958229065,0.0,1.0
17,identity-CG,0,0,0,0.0,32,1024,OOD stars,OOD shape,0,0.9883082796468623,0.6722197674665025,0.375,0.013713589869439602,0.41935483870967744,0.9998428534961782,0.014328108169138432,0.6311429142951965,0.014317375607788563,0.02670961245894432,-0.22412338068445453,0.4413265287876129
17,identity-CG,0,0,0,0.0,32,1024,OOD stars,OOD shape,1,0.9928962857722752,0.8643487151926181,0.44642857142857145,0.015641383826732635,0.5294117647058824,0.9998308149911703,0.01564188487827778,0.4506768584251404,0.011234854348003864,0.02676575444638729,0.12257846938276014,0.4158163070678711
17,identity-CG,0,0,0,0.0,32,1024,OOD stars,OOD shape,2,0.9912908613696014,0.8066103601562902,0.4,0.02198217809200287,0.5172413793103449,0.9997497838200988,0.016092436388134956,0.6084648370742798,0.013811182230710983,0.02472809888422489,-0.23270801318217288,0.3533163070678711
17,identity-CG,0,0,0,0.0,32,1024,OOD stars,OOD shape,3,0.9878590325018897,0.7853147842213416,0.43103448275862066,0.015244558453559875,0.5135135135135135,0.9997501395056103,0.015560481697320938,0.7765730023384094,0.01816365495324135,0.027775481343269348,0.12062634932583355,0.4859693646430969
17,identity-CG,0,0,0,0.0,32,1024,OOD stars,OOD shape,4,0.9909881422924902,0.8566700876699682,0.40350877192982454,0.03249872848391533,0.6129032258064516,0.9997404060982008,0.016939012333750725,0.5058421492576599,0.013486666604876518,0.026348216459155083,0.015773048873938017,0.35969388484954834
17,identity-CG,0,0,0,0.0,32,1024,OOD stars,OOD shape,5,0.9889855072463768,0.7964903341288337,0.40350877192982454,0.01872267760336399,0.5151515151515151,0.9997786177232334,0.01356544066220522,0.30987367033958435,0.008822379633784294,0.0249929279088974,-0.12035042611362362,0.4783163070678711
17,identity-CG,0,0,0,0.0,32,1024,OOD stars,OOD shape,6,0.9876684174469057,0.7586705080596503,0.4482758620689655,0.02697354555130005,0.5675675675675675,0.999880729060042,0.015693416818976402,0.33208173513412476,0.016026832163333893,0.028287332504987717,0.38595148207199714,0.4107142686843872
17,identity-CG,0,0,0,0.0,32,1024,OOD stars,OOD shape,7,0.9909539473684211,0.8770417418514889,0.38596491228070173,0.029976511374115944,0.6551724137931034,0.9998185457148978,0.01632949337363243,0.7006433606147766,0.016389330849051476,0.026178179308772087,-0.18208869280671608,0.38647958636283875
17,exact,0,0,0,0.0,32,1024,OOD stars,OOD shape,0,0.9882486280124075,0.6782915143470729,0.375,0.016481682658195496,0.41935483870967744,1.0,0.0,6.754363857908174e-05,2.0290592601668322e-06,0.026903454214334488,0.0,1.0
17,exact,0,0,0,0.0,32,1024,OOD stars,OOD shape,1,0.9924903592449766,0.8602677403978539,0.44642857142857145,0.015641383826732635,0.5757575757575758,1.0,0.0,7.072544394759461e-05,2.054186325040064e-06,0.026610279455780983,0.0,1.0
17,exact,0,0,0,0.0,32,1024,OOD stars,OOD shape,2,0.9911715581006919,0.8080193123482475,0.4,0.015622899867594242,0.5714285714285714,1.0,0.0,7.288955384865403e-05,2.2621366042585578e-06,0.024803822860121727,0.0,1.0
17,exact,0,0,0,0.0,32,1024,OOD stars,OOD shape,3,0.9874811035525322,0.7823880881972525,0.43103448275862066,0.012889675796031952,0.5135135135135135,1.0,0.0,7.76470624259673e-05,2.4959706479421584e-06,0.027982594445347786,0.0,1.0
17,exact,0,0,0,0.0,32,1024,OOD stars,OOD shape,4,0.9904084321475626,0.8511127069461164,0.3793103448275862,0.03506899252533913,0.6129032258064516,1.0,0.0,9.798251994652674e-05,2.1875719085073797e-06,0.02615296095609665,0.0,1.0
17,exact,0,0,0,0.0,32,1024,OOD stars,OOD shape,5,0.9889855072463768,0.8007176389627697,0.40350877192982454,0.01872267760336399,0.5151515151515151,1.0,0.0,6.993391434662044e-05,2.024678678935743e-06,0.024558935314416885,0.0,1.0
17,exact,0,0,0,0.0,32,1024,OOD stars,OOD shape,6,0.9873943822790592,0.7518805472490679,0.4482758620689655,0.031201256439089775,0.5263157894736842,1.0,0.0,7.822793122613803e-05,2.0446859707590193e-06,0.027906611561775208,0.0,1.0
17,exact,0,0,0,0.0,32,1024,OOD stars,OOD shape,7,0.9907894736842106,0.8727139342533152,0.38596491228070173,0.029976511374115944,0.6551724137931034,1.0,0.0,6.344775465549901e-05,1.9974561382696265e-06,0.025981396436691284,0.0,1.0
17,identity-CG,0,0,0,0.0,32,1024,OOD 30 percent noise,OOD noise,0,0.991731996744206,0.83673343695737,0.5357142857142857,0.03420035541057587,0.5897435897435898,0.9999639454445615,0.005345734301954508,0.09330489486455917,0.007404068019241095,0.04343545436859131,0.06140391767119129,1.0
17,identity-CG,0,0,0,0.0,32,1024,OOD 30 percent noise,OOD noise,1,0.9804903093312798,0.6857479965913077,0.5396825396825397,0.028344813734292984,0.5272727272727272,0.9999520505580421,0.004958482924848795,0.16770781576633453,0.005530139431357384,0.03994299843907356,-0.10906141779065912,1.0
17,identity-CG,0,0,0,0.0,32,1024,OOD 30 percent noise,OOD noise,2,0.984787959488359,0.743740770674538,0.4915254237288136,0.05600045248866081,0.5,0.9999576784774491,0.007103512063622475,0.1253151297569275,0.010672667995095253,0.04252299293875694,0.2312744351982564,1.0
17,identity-CG,0,0,0,0.0,32,1024,OOD 30 percent noise,OOD noise,3,0.9868683510638298,0.8057543745577925,0.45,0.023553673177957535,0.5238095238095238,0.9999677167194551,0.0054488955065608025,0.11829075217247009,0.012814783491194248,0.04495501518249512,0.4718857694574827,1.0
17,identity-CG,0,0,0,0.0,32,1024,OOD 30 percent noise,OOD noise,4,0.9832449160035367,0.6932153083346801,0.4406779661016949,0.0723521038889885,0.4634146341463415,0.9999772124384015,0.006530537735670805,0.09603465348482132,0.004633004777133465,0.04371148720383644,0.1539908687161879,1.0
17,identity-CG,0,0,0,0.0,32,1024,OOD 30 percent noise,OOD noise,5,0.9922124036638017,0.8698449101108701,0.4915254237288136,0.03409061208367348,0.65,0.9999334620940956,0.005987168755382299,0.15898515284061432,0.009372137486934662,0.042053766548633575,0.1293934721582119,1.0
17,identity-CG,0,0,0,0.0,32,1024,OOD 30 percent noise,OOD noise,6,0.9939744015957447,0.8937329546276862,0.5535714285714286,0.01771930418908596,0.6,0.9999389524456197,0.009061604738235474,0.1226985976099968,0.011332518421113491,0.04494040086865425,0.0992185855479469,1.0
17,identity-CG,0,0,0,0.0,32,1024,OOD 30 percent noise,OOD noise,7,0.9771984551396317,0.7378128395352013,0.421875,0.008246105164289474,0.4117647058823529,0.9999412889440876,0.007142902817577124,0.21799902617931366,0.014342539943754673,0.04158367961645126,-0.04469525046347749,1.0
17,exact,0,0,0,0.0,32,1024,OOD 30 percent noise,OOD noise,0,0.9917748361393137,0.8373001742628141,0.5357142857142857,0.031794436275959015,0.5897435897435898,1.0,0.0,1.770085327734705e-05,1.2579329222717206e-06,0.04317223280668259,0.0,1.0
17,exact,0,0,0,0.0,32,1024,OOD 30 percent noise,OOD noise,1,0.9803298677961751,0.6845298818969611,0.5396825396825397,0.028344813734292984,0.5272727272727272,1.0,0.0,1.7381114957970567e-05,1.1701772564265411e-06,0.039689164608716965,0.0,1.0
17,exact,0,0,0,0.0,32,1024,OOD 30 percent noise,OOD noise,2,0.9851511116491143,0.7474818184114383,0.4915254237288136,0.05600045248866081,0.5,1.0,0.0,1.5578960301354527e-05,1.1497298828544444e-06,0.04198646545410156,0.0,1.0
17,exact,0,0,0,0.0,32,1024,OOD 30 percent noise,OOD noise,3,0.9868683510638298,0.8071026764869906,0.45,0.012899190187454224,0.5238095238095238,1.0,0.0,2.1037414626334794e-05,1.2215740525789442e-06,0.04455285146832466,0.0,1.0
17,exact,0,0,0,0.0,32,1024,OOD 30 percent noise,OOD noise,4,0.9833333333333334,0.6897304201335585,0.4406779661016949,0.07119021564722061,0.4634146341463415,1.0,0.0,2.193719228671398e-05,1.1571084996830905e-06,0.04372477903962135,0.0,1.0
17,exact,0,0,0,0.0,32,1024,OOD 30 percent noise,OOD noise,5,0.9922931041439698,0.8717053610635634,0.4915254237288136,0.03409061208367348,0.65,1.0,0.0,1.9920338672818616e-05,1.1672854043354164e-06,0.04157694801688194,0.0,1.0
17,exact,0,0,0,0.0,32,1024,OOD 30 percent noise,OOD noise,6,0.9943068484042553,0.8970747580025116,0.5535714285714286,0.01771930418908596,0.6,1.0,0.0,2.070384653052315e-05,1.1342542620695895e-06,0.04431518539786339,0.0,1.0
17,exact,0,0,0,0.0,32,1024,OOD 30 percent noise,OOD noise,7,0.977087046939988,0.7379130321276585,0.421875,0.008246105164289474,0.4117647058823529,1.0,0.0,1.9537703337846324e-05,1.2276135521460674e-06,0.04128948599100113,0.0,1.0
17,identity-CG,0,0,0,0.0,32,1024,OOD half aperture,OOD aperture,0,0.9515631880228974,0.5790368864260937,0.26153846153846155,0.08471555262804031,0.3170731707317073,0.999896074100509,0.008770329877734184,0.4709874391555786,0.007986009120941162,0.023251090198755264,-0.07582395614213974,0.6951530575752258
17,identity-CG,0,0,0,0.0,32,1024,OOD half aperture,OOD aperture,1,0.9211594202898551,0.3035708301696557,0.17647058823529413,0.1797787994146347,0.1111111111111111,0.9998260832016437,0.006975346710532904,0.27068817615509033,0.011565456166863441,0.020041178911924362,-0.1240779494041641,0.7525510191917419
17,identity-CG,0,0,0,0.0,32,1024,OOD half aperture,OOD aperture,2,0.9566931383191453,0.4157740152870699,0.21875,0.1375192552804947,0.1794871794871795,0.999931962665277,0.006937999743968248,0.4842926859855652,0.015981659293174744,0.021904731169342995,0.10230124182302107,0.855867326259613
17,identity-CG,0,0,0,0.0,32,1024,OOD half aperture,OOD aperture,3,0.979002192982456,0.6634950937747148,0.3389830508474576,0.04447484761476517,0.37142857142857144,0.9999669002993696,0.005528025794774294,0.295996755361557,0.008600957691669464,0.024500712752342224,0.04586358074810974,0.9961734414100647
17,identity-CG,0,0,0,0.0,32,1024,OOD half aperture,OOD aperture,4,0.9506192358366271,0.507926035187842,0.25,0.12830740213394165,0.28205128205128205,0.9998966448215442,0.009296299889683723,0.4013731777667999,0.00958489440381527,0.023793332278728485,0.06356413837202074,0.7461734414100647
17,identity-CG,0,0,0,0.0,32,1024,OOD half aperture,OOD aperture,5,0.9469285224937201,0.47381523211958937,0.23529411764705882,0.11521400511264801,0.23404255319148937,0.9999463352573972,0.008446399122476578,0.2935938835144043,0.0027935542166233063,0.025062207132577896,-0.26377981603705947,0.7844387888908386
17,identity-CG,0,0,0,0.0,32,1024,OOD half aperture,OOD aperture,6,0.954789933022123,0.4883544713917124,0.24615384615384617,0.12065078318119049,0.3,0.9999568601917903,0.0067975688725709915,0.320028156042099,0.01096396055072546,0.02359272912144661,-0.35538869115139843,0.8073979616165161
17,identity-CG,0,0,0,0.0,32,1024,OOD half aperture,OOD aperture,7,0.9489039983762939,0.46694960242590733,0.208955223880597,0.1774493306875229,0.23809523809523808,0.9998790992515851,0.007456442806869745,0.46220019459724426,0.01296278927475214,0.021774373948574066,-0.32956118243938576,0.7232142686843872
17,exact,0,0,0,0.0,32,1024,OOD half aperture,OOD aperture,0,0.9520524487499389,0.5824076991567775,0.26153846153846155,0.08471555262804031,0.35,1.0,0.0,8.41463333927095e-05,2.47304592448927e-06,0.02338898926973343,0.0,1.0
17,exact,0,0,0,0.0,32,1024,OOD half aperture,OOD aperture,1,0.9217918313570488,0.3069197927147704,0.17647058823529413,0.1797787994146347,0.13636363636363635,1.0,0.0,9.043362661032006e-05,2.5425106287002563e-06,0.020269690081477165,0.0,1.0
17,exact,0,0,0,0.0,32,1024,OOD half aperture,OOD aperture,2,0.9560646746272068,0.4095346603676462,0.21875,0.13809940218925476,0.1794871794871795,1.0,0.0,0.00010996592027368024,2.5494200599496253e-06,0.02167285420000553,0.0,1.0
17,exact,0,0,0,0.0,32,1024,OOD half aperture,OOD aperture,3,0.9792214912280701,0.6649770694135844,0.3389830508474576,0.04447484761476517,0.37142857142857144,1.0,0.0,9.101585601456463e-05,2.3517457066191128e-06,0.024609053507447243,0.0,1.0
17,exact,0,0,0,0.0,32,1024,OOD half aperture,OOD aperture,4,0.950935441370224,0.5093068923227143,0.25,0.1322486400604248,0.28205128205128205,1.0,0.0,0.00010039674089057371,2.8919866963406093e-06,0.02384599857032299,0.0,1.0
17,exact,0,0,0,0.0,32,1024,OOD half aperture,OOD aperture,5,0.9471568851335922,0.47106830887745393,0.23529411764705882,0.11521400511264801,0.2608695652173913,1.0,0.0,9.460617002332583e-05,2.6512154818192357e-06,0.025033671408891678,0.0,1.0
17,exact,0,0,0,0.0,32,1024,OOD half aperture,OOD aperture,6,0.9546377105743861,0.4885250101910231,0.24615384615384617,0.12065078318119049,0.3,1.0,0.0,9.615530143491924e-05,2.5423803435842274e-06,0.023539798334240913,0.0,1.0
17,exact,0,0,0,0.0,32,1024,OOD half aperture,OOD aperture,7,0.9488532575603815,0.4534884719481428,0.208955223880597,0.1774493306875229,0.20930232558139536,1.0,0.0,9.938146831700578e-05,2.5060442112589953e-06,0.021778902038931847,0.0,1.0
17,identity-CG,0,0,0,0.0,32,1024,OOD wavenumber 12,OOD frequency,0,0.9930150309460655,0.8529703983538284,0.5178571428571429,0.028571931645274162,0.6216216216216216,0.9995614032121769,0.015324776992201805,0.517337441444397,0.027546385303139687,0.02199922688305378,0.17744316622576684,0.38265305757522583
17,identity-CG,0,0,0,0.0,32,1024,OOD wavenumber 12,OOD frequency,1,0.9970770699117156,0.9096623923462159,0.4,0.021017007529735565,0.6923076923076923,0.9995410599781062,0.01623598299920559,1.142220139503479,0.01436640601605177,0.021117810159921646,0.06264906286835507,0.30612245202064514
17,identity-CG,0,0,0,0.0,32,1024,OOD wavenumber 12,OOD frequency,2,0.9965262488380058,0.9235261883374064,0.4909090909090909,0.0375291146337986,0.7419354838709677,0.9997653331611392,0.012650420889258385,0.5048489570617676,0.01194806583225727,0.02304834872484207,0.30943895137116983,0.47066324949264526
17,identity-CG,0,0,0,0.0,32,1024,OOD wavenumber 12,OOD frequency,3,0.996326754385965,0.8935618490515602,0.43636363636363634,0.014645165763795376,0.6551724137931034,0.9997452169281537,0.013223382644355297,0.9026967883110046,0.025789441540837288,0.02067899890244007,0.23987141204655987,0.3482142686843872
17,identity-CG,0,0,0,0.0,32,1024,OOD wavenumber 12,OOD frequency,4,0.9941082438912994,0.8693504454016658,0.5,0.014066173695027828,0.6571428571428571,0.9998244649855879,0.012660513631999493,0.2699623107910156,0.01438108365982771,0.022611889988183975,0.3296149763015109,0.420918345451355
17,identity-CG,0,0,0,0.0,32,1024,OOD wavenumber 12,OOD frequency,5,0.9958392530951898,0.9145532180315433,0.4727272727272727,0.027812466025352478,0.625,0.9988807895986905,0.02534388191998005,0.9016160368919373,0.0074454923160374165,0.02138173207640648,-0.08072988453813872,0.2142857164144516
17,identity-CG,0,0,0,0.0,32,1024,OOD wavenumber 12,OOD frequency,6,0.9940125837223462,0.876047744098941,0.44642857142857145,0.03478620573878288,0.625,0.999689807768195,0.015222804620862007,0.22396835684776306,0.011182021349668503,0.021291283890604973,-0.07835006184653323,0.2984693944454193
17,identity-CG,0,0,0,0.0,32,1024,OOD wavenumber 12,OOD frequency,7,0.9927100151670825,0.8189319038150719,0.4909090909090909,0.03171380236744881,0.5428571428571428,0.9999217066531146,0.009002775885164738,0.6644948720932007,0.03974929079413414,0.021929141134023666,0.6487386191819905,0.6721938848495483
17,exact,0,0,0,0.0,32,1024,OOD wavenumber 12,OOD frequency,0,0.9923076923076923,0.8410522594243894,0.5178571428571429,0.030428016558289528,0.5384615384615384,1.0,0.0,6.834347732365131e-05,1.9446508758846903e-06,0.021681103855371475,0.0,1.0
17,exact,0,0,0,0.0,32,1024,OOD wavenumber 12,OOD frequency,1,0.9968981150083512,0.9064733006254255,0.4,0.021017007529735565,0.6923076923076923,1.0,0.0,7.142301910789683e-05,1.9859378426190233e-06,0.0212441124022007,0.0,1.0
17,exact,0,0,0,0.0,32,1024,OOD wavenumber 12,OOD frequency,2,0.996281618474485,0.9167873806943667,0.4909090909090909,0.0375291146337986,0.6875,1.0,0.0,7.526346598751843e-05,2.0147838313278044e-06,0.022378239780664444,0.0,1.0
17,exact,0,0,0,0.0,32,1024,OOD wavenumber 12,OOD frequency,3,0.9968201754385965,0.9067989134923463,0.43636363636363634,0.012074565514922142,0.6551724137931034,1.0,0.0,7.693409133935347e-05,2.089914687530836e-06,0.020357951521873474,0.0,1.0
17,exact,0,0,0,0.0,32,1024,OOD wavenumber 12,OOD frequency,4,0.9939255537794016,0.8722903306929426,0.5,0.012774613685905933,0.6571428571428571,1.0,0.0,7.076731708366424e-05,2.055026698144502e-06,0.022432560101151466,0.0,1.0
17,exact,0,0,0,0.0,32,1024,OOD wavenumber 12,OOD frequency,5,0.9956870306474529,0.911790644347917,0.4727272727272727,0.02966441586613655,0.6774193548387096,1.0,0.0,7.779430598020554e-05,1.9729002360691084e-06,0.02071344293653965,0.0,1.0
17,exact,0,0,0,0.0,32,1024,OOD wavenumber 12,OOD frequency,6,0.9940125837223462,0.880836381094627,0.44642857142857145,0.03478620573878288,0.625,1.0,0.0,7.14165871613659e-05,1.9807321223197505e-06,0.021410124376416206,0.0,1.0
17,exact,0,0,0,0.0,32,1024,OOD wavenumber 12,OOD frequency,7,0.9928078673124908,0.8262080121504704,0.4909090909090909,0.0381464883685112,0.5,1.0,0.0,7.504304812755436e-05,2.066221668428625e-06,0.02181321009993553,0.0,1.0
17,identity-CG,0,0,0,0.0,48,2304,ID one obstacle,ID,0,1.0,0.9999999999999998,0.12727272727272726,0.026226557791233063,1.0,0.9994507155808804,0.008099498227238655,1.7221657037734985,0.02135642059147358,0.005296646151691675,0.16705665858715324,0.039540816098451614
17,identity-CG,0,0,0,0.0,48,2304,ID one obstacle,ID,1,1.0,1.0,0.12727272727272726,0.005577351897954941,1.0,0.999531646954894,0.009733196347951889,1.8563662767410278,0.028127646073698997,0.00582962017506361,0.10210394304667866,0.031887754797935486
17,identity-CG,0,0,0,0.0,48,2304,ID one obstacle,ID,2,1.0,1.0,0.09090909090909091,0.007843905128538609,1.0,0.9989512149593356,0.012927831150591373,2.415865898132324,0.032903652638196945,0.005323843099176884,0.031683339041777815,0.01913265325129032
17,identity-CG,0,0,0,0.0,48,2304,ID one obstacle,ID,3,0.9997416020671835,0.9833333333333333,0.18181818181818182,0.01568778231739998,0.8181818181818182,0.9996785242722497,0.009536532685160637,2.7079501152038574,0.030602257698774338,0.0074856895953416824,0.18495712830528424,0.07908163219690323
17,identity-CG,0,0,0,0.0,48,2304,ID one obstacle,ID,4,1.0,1.0,0.16363636363636364,0.018717415630817413,1.0,0.9994051417133947,0.01584452949464321,2.3792247772216797,0.02704456076025963,0.007594751194119453,0.15268326841068153,0.031887754797935486
17,identity-CG,0,0,0,0.0,48,2304,ID one obstacle,ID,5,1.0,1.0,0.12727272727272726,0.021349990740418434,1.0,0.9993344118887859,0.012481195852160454,1.5933232307434082,0.032701458781957626,0.006255644373595715,0.07510664235426585,0.031887754797935486
17,identity-CG,0,0,0,0.0,48,2304,ID one obstacle,ID,6,1.0,1.0,0.14545454545454545,0.002229359932243824,1.0,0.9997135468242794,0.008572214283049107,1.8701186180114746,0.01842666231095791,0.005803244188427925,-0.0009988732838040065,0.04591836780309677
17,identity-CG,0,0,0,0.0,48,2304,ID one obstacle,ID,7,0.999764788898036,0.984159779614325,0.2,0.010164556093513966,0.8333333333333334,0.9993341557842916,0.015056748874485493,2.8761041164398193,0.031158102676272392,0.007631424814462662,0.06811819148922783,0.04719387739896774
17,exact,0,0,0,0.0,48,2304,ID one obstacle,ID,0,1.0,0.9999999999999998,0.12727272727272726,0.026226557791233063,1.0,1.0,0.0,0.0007879454060457647,1.2471953596104868e-05,0.005199722945690155,0.0,1.0
17,exact,0,0,0,0.0,48,2304,ID one obstacle,ID,1,1.0,1.0,0.12727272727272726,0.005577351897954941,1.0,1.0,0.0,0.0009748550946824253,1.2273602806089912e-05,0.005797046702355146,0.0,1.0
17,exact,0,0,0,0.0,48,2304,ID one obstacle,ID,2,1.0,1.0,0.09090909090909091,0.007843905128538609,1.0,1.0,0.0,0.001050152350217104,1.2118784979975317e-05,0.0053924014791846275,0.0,1.0
17,exact,0,0,0,0.0,48,2304,ID one obstacle,ID,3,0.9997416020671835,0.9833333333333333,0.18181818181818182,0.01568778231739998,0.8181818181818182,1.0,0.0,0.0007857392192818224,1.125014023273252e-05,0.0073654321022331715,0.0,1.0
17,exact,0,0,0,0.0,48,2304,ID one obstacle,ID,4,1.0,1.0000000000000002,0.16363636363636364,0.010415950790047646,1.0,1.0,0.0,0.0009164570947177708,1.0940510946966242e-05,0.0075564151629805565,0.0,1.0
17,exact,0,0,0,0.0,48,2304,ID one obstacle,ID,5,1.0,1.0,0.12727272727272726,0.021349990740418434,1.0,1.0,0.0,0.001019866089336574,1.1806035217887256e-05,0.0061818258836865425,0.0,1.0
17,exact,0,0,0,0.0,48,2304,ID one obstacle,ID,6,1.0,1.0,0.14545454545454545,0.0053364732302725315,1.0,1.0,0.0,0.0009164453367702663,1.2440939826774411e-05,0.00576735008507967,0.0,1.0
17,exact,0,0,0,0.0,48,2304,ID one obstacle,ID,7,0.999764788898036,0.984159779614325,0.2,0.009756633080542088,0.8333333333333334,1.0,0.0,0.0007992557366378605,1.1032076145056635e-05,0.007441248279064894,0.0,1.0
17,identity-CG,0,0,0,0.0,48,2304,ID four obstacles,ID,0,0.9834881659718346,0.8321879972258593,0.5238095238095238,0.0366547517478466,0.5471698113207547,0.9993026939403961,0.027776991948485374,0.5239328145980835,0.01987047865986824,0.028112204745411873,0.6669192235517686,0.2895407974720001
17,identity-CG,0,0,0,0.0,48,2304,ID four obstacles,ID,1,0.9796865715983363,0.7369365713223355,0.4444444444444444,0.03474179655313492,0.46938775510204084,0.9986790368351542,0.043986912816762924,1.1145362854003906,0.04990062490105629,0.030082453042268753,0.2534094470534324,0.11096938699483871
17,identity-CG,0,0,0,0.0,48,2304,ID four obstacles,ID,2,0.990235294117647,0.8350717746509604,0.5344827586206896,0.05393595993518829,0.6190476190476191,0.9988277872132995,0.037037670612335205,1.0050312280654907,0.03021845780313015,0.029205219820141792,0.41662863829676483,0.1747448891401291
17,identity-CG,0,0,0,0.0,48,2304,ID four obstacles,ID,3,0.9918086387885046,0.8888822144123487,0.6206896551724138,0.015439450740814209,0.5918367346938775,0.9987288636407825,0.03584480658173561,0.841935396194458,0.038255397230386734,0.028424685820937157,0.18883629909011546,0.2372448891401291
17,identity-CG,0,0,0,0.0,48,2304,ID four obstacles,ID,4,0.9874889478337755,0.8386090938744918,0.46551724137931033,0.03595958277583122,0.6216216216216216,0.9991122502781246,0.0381743460893631,0.6365525126457214,0.03860577940940857,0.02972615510225296,0.4522921477955288,0.17346937954425812
17,identity-CG,0,0,0,0.0,48,2304,ID four obstacles,ID,5,0.9726198997852542,0.6258163070975418,0.2833333333333333,0.04938923940062523,0.41935483870967744,0.9994674942440472,0.03136853501200676,1.738074779510498,0.03443650156259537,0.031897954642772675,0.7258906268219609,0.2602040767669678
17,identity-CG,0,0,0,0.0,48,2304,ID four obstacles,ID,6,0.9947948190291732,0.925558968169031,0.5714285714285714,0.04726571589708328,0.6923076923076923,0.9989462017258498,0.03572739660739899,1.0023376941680908,0.041078802198171616,0.028860850259661674,0.4273745515834666,0.19515305757522583
17,identity-CG,0,0,0,0.0,48,2304,ID four obstacles,ID,7,0.985479797979798,0.74807985694263,0.4918032786885246,0.03339085355401039,0.5,0.9991630447587805,0.03133899345993996,0.555935263633728,0.017752645537257195,0.031003858894109726,0.7182518194529864,0.2806122303009033
17,exact,0,0,0,0.0,48,2304,ID four obstacles,ID,0,0.9850638479466894,0.847427442986033,0.5238095238095238,0.022787924855947495,0.5185185185185185,1.0,0.0,0.00010859772737603635,4.007721599919023e-06,0.02850390411913395,0.0,1.0
17,exact,0,0,0,0.0,48,2304,ID four obstacles,ID,1,0.9789438502673796,0.7417349343031368,0.4444444444444444,0.07009671628475189,0.46938775510204084,1.0,0.0,0.00015380934928543866,4.095348685950739e-06,0.03073703497648239,0.0,1.0
17,exact,0,0,0,0.0,48,2304,ID four obstacles,ID,2,0.9905490196078431,0.8514902555775434,0.5084745762711864,0.059608470648527145,0.7,1.0,0.0,0.00015029450878500938,4.082392479176633e-06,0.029509996995329857,0.0,1.0
17,exact,0,0,0,0.0,48,2304,ID four obstacles,ID,3,0.9922216485974875,0.8889972247384363,0.6206896551724138,0.022371120750904083,0.5918367346938775,1.0,0.0,0.00013254748773761094,4.044293746119365e-06,0.0286357793956995,0.0,1.0
17,exact,0,0,0,0.0,48,2304,ID four obstacles,ID,4,0.9881962864721485,0.8593990961363749,0.46551724137931033,0.051242370158433914,0.5789473684210527,1.0,0.0,0.00012803557910956442,3.857884166791337e-06,0.030852200463414192,0.0,1.0
17,exact,0,0,0,0.0,48,2304,ID four obstacles,ID,5,0.9730374612264375,0.639942829956914,0.2833333333333333,0.04447952285408974,0.375,1.0,0.0,0.00017185397155117244,4.5586270971398335e-06,0.03206334635615349,0.0,1.0
17,exact,0,0,0,0.0,48,2304,ID four obstacles,ID,6,0.9939878142274947,0.9078349474870355,0.5714285714285714,0.04246144741773605,0.6923076923076923,1.0,0.0,0.00014605108299292624,4.392987648316193e-06,0.02979464828968048,0.0,1.0
17,exact,0,0,0,0.0,48,2304,ID four obstacles,ID,7,0.9855169340463458,0.7592026669034977,0.46774193548387094,0.01713557355105877,0.5652173913043478,1.0,0.0,0.00012598188186530024,4.425216047820868e-06,0.030570462346076965,0.0,1.0
17,identity-CG,0,0,0,0.0,48,2304,OOD six obstacles,OOD count,0,0.9651525863084719,0.7268567690225795,0.44285714285714284,0.07166652381420135,0.4603174603174603,0.9987884062376728,0.055391840636730194,1.7693740129470825,0.10739988833665848,0.03946275636553764,0.8066656381697583,0.02551020309329033
17,identity-CG,0,0,0,0.0,48,2304,OOD six obstacles,OOD count,1,0.9836631151699645,0.8439742591666347,0.6515151515151515,0.05771613121032715,0.6363636363636364,0.9976884814366254,0.05380144715309143,0.37969037890434265,0.01168875489383936,0.03902390971779823,0.5386489683794433,0.15051020681858063
17,identity-CG,0,0,0,0.0,48,2304,OOD six obstacles,OOD count,2,0.9800675675675676,0.8269402876690861,0.5230769230769231,0.008085290901362896,0.5714285714285714,0.9989411612416341,0.03808077052235603,0.3646625280380249,0.01483108289539814,0.03811590000987053,0.6748846265956663,0.43622449040412903
17,identity-CG,0,0,0,0.0,48,2304,OOD six obstacles,OOD count,3,0.9629856750392465,0.7642766971122004,0.5416666666666666,0.037661850452423096,0.5342465753424658,0.9988803886619111,0.04262508824467659,1.3508633375167847,0.022563336417078972,0.03815696761012077,0.6122021481433256,0.2818877398967743
17,identity-CG,0,0,0,0.0,48,2304,OOD six obstacles,OOD count,4,0.9792635885447106,0.8469717742114257,0.5833333333333334,0.0327741764485836,0.5526315789473685,0.9989419642491669,0.0435754768550396,1.0543639659881592,0.049835868179798126,0.04003698378801346,0.6818628883233185,0.2946428656578064
17,identity-CG,0,0,0,0.0,48,2304,OOD six obstacles,OOD count,5,0.9847785833097951,0.850658923060112,0.6065573770491803,0.0497199222445488,0.6538461538461539,0.9984799400361095,0.051519669592380524,0.3711935579776764,0.017049267888069153,0.038581982254981995,0.6358142591329918,0.11734693497419357
17,identity-CG,0,0,0,0.0,48,2304,OOD six obstacles,OOD count,6,0.9799226836263872,0.8618450422355743,0.6417910447761194,0.04422762244939804,0.6417910447761194,0.9989695081885488,0.044871773570775986,0.826460599899292,0.03762044012546539,0.03985448554158211,0.7692121421363984,0.18112245202064514
17,identity-CG,0,0,0,0.0,48,2304,OOD six obstacles,OOD count,7,0.9679800979054649,0.7613221100023051,0.5142857142857142,0.09037966281175613,0.5454545454545454,0.9980245630732184,0.06191018223762512,0.9964326620101929,0.07698050141334534,0.03976765275001526,0.4237059696166602,0.049744896590709686
17,exact,0,0,0,0.0,48,2304,OOD six obstacles,OOD count,0,0.9631200659832685,0.7500441584115376,0.4852941176470588,0.05932832136750221,0.5081967213114754,1.0,0.0,9.386050805915147e-05,3.6784472285944503e-06,0.039704352617263794,0.0,1.0
17,exact,0,0,0,0.0,48,2304,OOD six obstacles,OOD count,1,0.98039066463724,0.8099498689637699,0.6029411764705882,0.04947621002793312,0.5882352941176471,1.0,0.0,0.00010042443318525329,3.6497870041785063e-06,0.037931978702545166,0.0,1.0
17,exact,0,0,0,0.0,48,2304,OOD six obstacles,OOD count,2,0.9790233415233415,0.832658187505281,0.546875,0.018903253600001335,0.6,1.0,0.0,9.288672299589962e-05,3.7184522625466343e-06,0.03796757385134697,0.0,1.0
17,exact,0,0,0,0.0,48,2304,OOD six obstacles,OOD count,3,0.9639668367346939,0.7814799245142986,0.5205479452054794,0.037719037383794785,0.5342465753424658,1.0,0.0,9.970451355911791e-05,3.761233983823331e-06,0.03826490044593811,0.0,1.0
17,exact,0,0,0,0.0,48,2304,OOD six obstacles,OOD count,4,0.9788194038573934,0.8448710152918439,0.5833333333333334,0.023853478953242302,0.5733333333333334,1.0,0.0,0.00010128830035682768,4.16990724261268e-06,0.04075321555137634,0.0,1.0
17,exact,0,0,0,0.0,48,2304,OOD six obstacles,OOD count,5,0.9822050654363995,0.8388715711365419,0.6065573770491803,0.05718721076846123,0.5925925925925926,1.0,0.0,9.69563698163256e-05,3.699758281072718e-06,0.039323046803474426,0.0,1.0
17,exact,0,0,0,0.0,48,2304,OOD six obstacles,OOD count,6,0.9797979797979798,0.862798383405747,0.6417910447761194,0.04422762244939804,0.6417910447761194,1.0,0.0,9.955771383829415e-05,3.877005383401411e-06,0.03967027738690376,0.0,1.0
17,exact,0,0,0,0.0,48,2304,OOD six obstacles,OOD count,7,0.9631918251611695,0.7512949999123759,0.5362318840579711,0.05405144393444061,0.5223880597014925,1.0,0.0,0.00011149416968692094,3.724632506418857e-06,0.040145885199308395,0.0,1.0
17,identity-CG,0,0,0,0.0,48,2304,OOD stars,OOD shape,0,0.9894071146245059,0.8361519421947569,0.40350877192982454,0.023052196949720383,0.5625,0.9993423290542339,0.027529390528798103,0.9163038730621338,0.029912253841757774,0.025247588753700256,0.4024780756873022,0.23086734116077423
17,identity-CG,0,0,0,0.0,48,2304,OOD stars,OOD shape,1,0.997600411358053,0.9371224484906775,0.41818181818181815,0.04136660695075989,0.7037037037037037,0.9993290966688964,0.027862804010510445,0.7465795278549194,0.015045199543237686,0.023756658658385277,0.4295228454206393,0.15816326439380646
17,identity-CG,0,0,0,0.0,48,2304,OOD stars,OOD shape,2,0.9867324561403509,0.7707718021048648,0.38596491228070173,0.03704856336116791,0.5,0.9989987876174429,0.031742870807647705,0.819892942905426,0.0269060879945755,0.025702273473143578,0.11318607338708203,0.22193877398967743
17,identity-CG,0,0,0,0.0,48,2304,OOD stars,OOD shape,3,0.98913841185968,0.8127916547364528,0.43859649122807015,0.0374864861369133,0.5,0.9988034245807597,0.031124809756875038,0.9725761413574219,0.040542151778936386,0.025997059419751167,0.2810173797938631,0.2283163219690323
17,identity-CG,0,0,0,0.0,48,2304,OOD stars,OOD shape,4,0.9901055408970977,0.794667025562568,0.39655172413793105,0.034524403512477875,0.5757575757575758,0.9992672994678415,0.02594405971467495,0.7210789918899536,0.03350129723548889,0.0261764544993639,0.34741384307699885,0.2908163070678711
17,identity-CG,0,0,0,0.0,48,2304,OOD stars,OOD shape,5,0.9904087691253711,0.788465961067621,0.47368421052631576,0.018783504143357277,0.5675675675675675,0.999014752381639,0.034949421882629395,0.669093668460846,0.02802187390625477,0.026943137869238853,0.4355490954903986,0.14668366312980652
17,identity-CG,0,0,0,0.0,48,2304,OOD stars,OOD shape,6,0.9885733874192996,0.7961711561296883,0.3684210526315789,0.032424118369817734,0.5333333333333333,0.9988185748146352,0.034770116209983826,0.7199691534042358,0.02207360416650772,0.025804799050092697,0.2678252072367098,0.1875
17,identity-CG,0,0,0,0.0,48,2304,OOD stars,OOD shape,7,0.9899445809289836,0.787150906297842,0.41818181818181815,0.013300873339176178,0.4375,0.9990576983879138,0.02818758226931095,0.8575960993766785,0.02504933997988701,0.025280196219682693,0.2540848004494311,0.2678571343421936
17,exact,0,0,0,0.0,48,2304,OOD stars,OOD shape,0,0.98866930171278,0.8206907480088304,0.3793103448275862,0.021293019875884056,0.5151515151515151,1.0,0.0,0.00015104257909115404,4.46420926891733e-06,0.025520920753479004,0.0,1.0
17,exact,0,0,0,0.0,48,2304,OOD stars,OOD shape,1,0.9975432782951494,0.9353415351740965,0.41818181818181815,0.04135745391249657,0.7037037037037037,1.0,0.0,0.00015016167890280485,4.293657639209414e-06,0.023604601621627808,0.0,1.0
17,exact,0,0,0,0.0,48,2304,OOD stars,OOD shape,2,0.987609649122807,0.783393998153415,0.4107142857142857,0.03873986750841141,0.5,1.0,0.0,0.00016566624981351197,4.230314061715035e-06,0.025676220655441284,0.0,1.0
17,exact,0,0,0,0.0,48,2304,OOD stars,OOD shape,3,0.9878663339693723,0.7912347403458977,0.43859649122807015,0.0374864861369133,0.5,1.0,0.0,0.00015913849347271025,4.060693299834384e-06,0.025707805529236794,0.0,1.0
17,exact,0,0,0,0.0,48,2304,OOD stars,OOD shape,4,0.991424802110818,0.8142926617635732,0.42105263157894735,0.03871387243270874,0.6774193548387096,1.0,0.0,0.00014859886141493917,4.532475486485055e-06,0.02619178593158722,0.0,1.0
17,exact,0,0,0,0.0,48,2304,OOD stars,OOD shape,5,0.9906371317652432,0.7864974181872483,0.47368421052631576,0.02013206109404564,0.6111111111111112,1.0,0.0,0.00015963836631271988,4.3462250687298365e-06,0.027131401002407074,0.0,1.0
17,exact,0,0,0,0.0,48,2304,OOD stars,OOD shape,6,0.9884591212934926,0.7907547869846132,0.39285714285714285,0.022669080644845963,0.5333333333333333,1.0,0.0,0.00015711730520706624,4.107969743927242e-06,0.025764483958482742,0.0,1.0
17,exact,0,0,0,0.0,48,2304,OOD stars,OOD shape,7,0.9897731817402731,0.7887509174758107,0.41818181818181815,0.012448194436728954,0.4375,1.0,0.0,0.0001430101110599935,4.0078916754282545e-06,0.025210194289684296,0.0,1.0
17,identity-CG,0,0,0,0.0,48,2304,OOD 30 percent noise,OOD noise,0,0.9819853748862317,0.7551670256262404,0.53125,0.07304208725690842,0.4827586206896552,0.9997540751762762,0.019844545051455498,0.6501572728157043,0.025325361639261246,0.04045829921960831,0.5837253931162014,0.8966836333274841
17,identity-CG,0,0,0,0.0,48,2304,OOD 30 percent noise,OOD noise,1,0.9929048254815945,0.8921633464267416,0.5789473684210527,0.04700213670730591,0.5909090909090909,0.9995598105594339,0.02411716990172863,0.4912279546260834,0.03704654052853584,0.04195887967944145,0.5238482431706178,0.7716836333274841
17,identity-CG,0,0,0,0.0,48,2304,OOD 30 percent noise,OOD noise,2,0.9904509283819629,0.8714595135444169,0.46551724137931033,0.030252117663621902,0.6216216216216216,0.9992212118972112,0.0317954458296299,0.6976640820503235,0.03381924331188202,0.042593423277139664,0.19682017897491255,0.543367326259613
17,identity-CG,0,0,0,0.0,48,2304,OOD 30 percent noise,OOD noise,3,0.9782321899736148,0.6712159916742949,0.32786885245901637,0.04960380122065544,0.4444444444444444,0.9997118008571935,0.024578765034675598,0.2015479952096939,0.017346102744340897,0.04086444154381752,0.3929137856473765,0.6696428656578064
17,identity-CG,0,0,0,0.0,48,2304,OOD 30 percent noise,OOD noise,4,0.9881981382978723,0.7571438819354288,0.4745762711864407,0.05777466669678688,0.5609756097560976,0.999260826957187,0.031247947365045547,0.5608919262886047,0.05028136447072029,0.04362118989229202,0.3426325095314902,0.6007652878761292
17,identity-CG,0,0,0,0.0,48,2304,OOD 30 percent noise,OOD noise,5,0.9866274509803921,0.8145123189923571,0.48333333333333334,0.02459193393588066,0.5813953488372093,0.9994844320951416,0.024846985936164856,0.42781221866607666,0.04341098293662071,0.040619660168886185,0.5270982191565005,0.733418345451355
17,identity-CG,0,0,0,0.0,48,2304,OOD 30 percent noise,OOD noise,6,0.9827300972440786,0.7338239619790483,0.4915254237288136,0.03506052866578102,0.4666666666666667,0.9994881553849965,0.02938125468790531,0.42070725560188293,0.017976436764001846,0.043542440980672836,0.527366662675526,0.6760203838348389
17,identity-CG,0,0,0,0.0,48,2304,OOD 30 percent noise,OOD noise,7,0.9769672855879752,0.6009613883439215,0.39344262295081966,0.07294530421495438,0.36363636363636365,0.9997042515628268,0.025775907561182976,0.6477834582328796,0.037360429763793945,0.043892644345760345,0.5670930039029868,0.7423469424247742
17,exact,0,0,0,0.0,48,2304,OOD 30 percent noise,OOD noise,0,0.9817342999717541,0.7535460224720167,0.53125,0.07304208725690842,0.4576271186440678,1.0,0.0,3.375902451807633e-05,1.7847650042313035e-06,0.041316401213407516,0.0,1.0
17,exact,0,0,0,0.0,48,2304,OOD 30 percent noise,OOD noise,1,0.9933625786763304,0.8969173423192093,0.5789473684210527,0.04700213670730591,0.5909090909090909,1.0,0.0,3.601342177717015e-05,1.9502240320434794e-06,0.04192837327718735,0.0,1.0
17,exact,0,0,0,0.0,48,2304,OOD 30 percent noise,OOD noise,2,0.9888152077807251,0.8548966312849806,0.4406779661016949,0.03793591260910034,0.6216216216216216,1.0,0.0,4.742525561596267e-05,2.1206742530921474e-06,0.04343421012163162,0.0,1.0
17,exact,0,0,0,0.0,48,2304,OOD 30 percent noise,OOD noise,3,0.9780799675258779,0.6689884650867483,0.32786885245901637,0.04960380122065544,0.4444444444444444,1.0,0.0,4.65287703264039e-05,2.1342075342545286e-06,0.041215457022190094,0.0,1.0
17,exact,0,0,0,0.0,48,2304,OOD 30 percent noise,OOD noise,4,0.9889045877659575,0.7651533110194747,0.4745762711864407,0.04051371291279793,0.5609756097560976,1.0,0.0,4.898454062640667e-05,2.064405180135509e-06,0.04281086102128029,0.0,1.0
17,exact,0,0,0,0.0,48,2304,OOD 30 percent noise,OOD noise,5,0.9868235294117648,0.8194883842837175,0.48333333333333334,0.024762118235230446,0.5454545454545454,1.0,0.0,3.124596332781948e-05,1.7807429912863881e-06,0.04089759290218353,0.0,1.0
17,exact,0,0,0,0.0,48,2304,OOD 30 percent noise,OOD noise,6,0.9827704474841625,0.751665423925264,0.4666666666666667,0.04296573996543884,0.4666666666666667,1.0,0.0,4.233397703501396e-05,2.0193510863464326e-06,0.04407646134495735,0.0,1.0
17,exact,0,0,0,0.0,48,2304,OOD 30 percent noise,OOD noise,7,0.9770557029177719,0.601466882262252,0.4166666666666667,0.0692385584115982,0.36363636363636365,1.0,0.0,3.6344881664263085e-05,1.8899779661296634e-06,0.044610537588596344,0.0,1.0
17,identity-CG,0,0,0,0.0,48,2304,OOD half aperture,OOD aperture,0,0.9767543859649124,0.5856270066360308,0.3389830508474576,0.1131921038031578,0.37142857142857144,0.9992417517231685,0.027817267924547195,1.26143479347229,0.028280338272452354,0.024929435923695564,-0.06476672111787936,0.1823979616165161
17,identity-CG,0,0,0,0.0,48,2304,OOD half aperture,OOD aperture,1,0.9693195452208193,0.6190978031097458,0.2786885245901639,0.06616600602865219,0.4375,0.9997803030535332,0.017559301108121872,1.1591047048568726,0.02615092694759369,0.02057207003235817,-0.09250293207946941,0.29336732625961304
17,identity-CG,0,0,0,0.0,48,2304,OOD half aperture,OOD aperture,2,0.9471109154068204,0.5682883399853552,0.24242424242424243,0.143159419298172,0.2857142857142857,0.9995316130087669,0.023234788328409195,0.8679789900779724,0.01724371500313282,0.020886873826384544,-0.0845198673147201,0.18494898080825806
17,identity-CG,0,0,0,0.0,48,2304,OOD half aperture,OOD aperture,3,0.9684791778510621,0.4211331588851344,0.2413793103448276,0.014566986821591854,0.3076923076923077,0.9997121341748617,0.01696406863629818,1.0647441148757935,0.03110518679022789,0.021407335996627808,0.15466719674362442,0.29591837525367737
17,identity-CG,0,0,0,0.0,48,2304,OOD half aperture,OOD aperture,4,0.9619348404255319,0.6182548268457094,0.3181818181818182,0.13618087768554688,0.3333333333333333,0.9996948963200951,0.018898561596870422,1.083199381828308,0.039233747869729996,0.021101176738739014,0.22688526453144386,0.2640306055545807
17,identity-CG,0,0,0,0.0,48,2304,OOD half aperture,OOD aperture,5,0.9615608377659574,0.5118401018884792,0.27941176470588236,0.12966451048851013,0.23076923076923078,0.9995981371608939,0.021876679733395576,0.6033766269683838,0.021539604291319847,0.02362269163131714,-0.00739919897204179,0.2589285671710968
17,identity-CG,0,0,0,0.0,48,2304,OOD half aperture,OOD aperture,6,0.9739860372340425,0.6635985778717837,0.4032258064516129,0.07539155334234238,0.3617021276595745,0.9997414478542808,0.014704630710184574,1.2293771505355835,0.01401397492736578,0.0220307819545269,0.2848765008940553,0.39158162474632263
17,identity-CG,0,0,0,0.0,48,2304,OOD half aperture,OOD aperture,7,0.9221276352625264,0.38531091041853033,0.18181818181818182,0.15754441916942596,0.21052631578947367,0.9993253039964111,0.023173388093709946,0.7709393501281738,0.023360462859272957,0.02016489952802658,-0.004904227693174931,0.14668366312980652
17,exact,0,0,0,0.0,48,2304,OOD half aperture,OOD aperture,0,0.9769188596491227,0.5815308248015236,0.31666666666666665,0.12164202332496643,0.4117647058823529,1.0,0.0,0.0002265889779664576,5.235167918726802e-06,0.02535940706729889,0.0,1.0
17,exact,0,0,0,0.0,48,2304,OOD half aperture,OOD aperture,1,0.9680054847740387,0.6047251597261605,0.2786885245901639,0.06285127997398376,0.3939393939393939,1.0,0.0,0.00021826487500220537,5.530592261493439e-06,0.02056020498275757,0.0,1.0
17,exact,0,0,0,0.0,48,2304,OOD half aperture,OOD aperture,2,0.9467195068251871,0.5728401151305296,0.24242424242424243,0.14074862003326416,0.3170731707317073,1.0,0.0,0.0002565339964348823,6.069970822863979e-06,0.020602848380804062,0.0,1.0
17,exact,0,0,0,0.0,48,2304,OOD half aperture,OOD aperture,3,0.9710100467827287,0.4483763720145852,0.2413793103448276,0.014010217040777206,0.3076923076923077,1.0,0.0,0.0002367318666074425,5.267206233838806e-06,0.02135396935045719,0.0,1.0
17,exact,0,0,0,0.0,48,2304,OOD half aperture,OOD aperture,4,0.961436170212766,0.6128895878463052,0.3181818181818182,0.13472822308540344,0.3333333333333333,1.0,0.0,0.0001709863281575963,5.214903012529248e-06,0.021327022463083267,0.0,1.0
17,exact,0,0,0,0.0,48,2304,OOD half aperture,OOD aperture,5,0.9609375,0.5092593497635997,0.27941176470588236,0.12966451048851013,0.23076923076923078,1.0,0.0,0.00028097035828977823,6.044369456503773e-06,0.02379174344241619,0.0,1.0
17,exact,0,0,0,0.0,48,2304,OOD half aperture,OOD aperture,6,0.9739029255319149,0.658279882956188,0.4032258064516129,0.07539155334234238,0.3617021276595745,1.0,0.0,0.00024529083748348057,6.583949016203405e-06,0.022394856438040733,0.0,1.0
17,exact,0,0,0,0.0,48,2304,OOD half aperture,OOD aperture,7,0.9209849740044563,0.3862348401058765,0.18181818181818182,0.15754441916942596,0.21052631578947367,1.0,0.0,0.00026792590506374836,5.316238912200788e-06,0.02016342245042324,0.0,1.0
17,identity-CG,0,0,0,0.0,48,2304,OOD wavenumber 12,OOD frequency,0,0.9988932806324111,0.9759401709401709,0.45454545454545453,0.01222219504415989,0.7857142857142857,0.9988441952369266,0.034657079726457596,1.8565189838409424,0.06240500882267952,0.021931925788521767,0.27183999154352956,0.0803571417927742
17,identity-CG,0,0,0,0.0,48,2304,OOD wavenumber 12,OOD frequency,1,0.9981424148606812,0.9499377125526289,0.34545454545454546,0.05164751783013344,0.8095238095238095,0.998939727014529,0.030690042302012444,2.40498423576355,0.046499792486429214,0.017910582944750786,0.36841826686501933,0.03443877398967743
17,identity-CG,0,0,0,0.0,48,2304,OOD wavenumber 12,OOD frequency,2,0.9995824385588165,0.9873251748251748,0.4,0.006023114547133446,0.8333333333333334,0.9981445649488787,0.03091784380376339,1.4487569332122803,0.074531689286232,0.017194431275129318,0.05966681581810962,0.08801019936800003
17,identity-CG,0,0,0,0.0,48,2304,OOD wavenumber 12,OOD frequency,3,0.9966862823515968,0.9162269293339473,0.41818181818181815,0.04310155287384987,0.7692307692307693,0.9984548214618447,0.0337226465344429,1.7615383863449097,0.0550873763859272,0.020988650619983673,0.3067456600035232,0.09566326439380646
17,identity-CG,0,0,0,0.0,48,2304,OOD wavenumber 12,OOD frequency,4,0.9969040247678018,0.9073101511956001,0.34545454545454546,0.028809377923607826,0.7272727272727273,0.9984022255002241,0.03437556326389313,1.693540334701538,0.061833374202251434,0.01926000975072384,0.4195717243532758,0.01913265325129032
17,identity-CG,0,0,0,0.0,48,2304,OOD wavenumber 12,OOD frequency,5,0.985366931918656,0.7271469733848988,0.4166666666666667,0.0427762009203434,0.42857142857142855,0.9990228520071206,0.02711230330169201,0.6437792181968689,0.03458806127309799,0.021930960938334465,0.6103663591208743,0.1160714253783226
17,identity-CG,0,0,0,0.0,48,2304,OOD wavenumber 12,OOD frequency,6,0.988516254356396,0.6860077921415908,0.41818181818181815,0.013018717058002949,0.3939393939393939,0.9986591321355276,0.031004274263978004,1.0807286500930786,0.03959975391626358,0.021961737424135208,0.3539524366560154,0.13265305757522583
17,identity-CG,0,0,0,0.0,48,2304,OOD wavenumber 12,OOD frequency,7,0.9988729952319029,0.9501058201058201,0.2727272727272727,0.05022411048412323,0.7647058823529411,0.9983109298989481,0.026369284838438034,1.031610369682312,0.030908264219760895,0.017270691692829132,0.10702633502549581,0.13520407676696777
17,exact,0,0,0,0.0,48,2304,OOD wavenumber 12,OOD frequency,0,0.9989986824769433,0.9788888888888889,0.45454545454545453,0.019324375316500664,0.8518518518518519,1.0,0.0,0.0001556133502162993,3.525427700878936e-06,0.021611256524920464,0.0,1.0
17,exact,0,0,0,0.0,48,2304,OOD wavenumber 12,OOD frequency,1,0.9981424148606812,0.947086803029078,0.34545454545454546,0.05916958302259445,0.7272727272727273,1.0,0.0,0.00016154161130543798,3.932848812837619e-06,0.017623919993638992,0.0,1.0
17,exact,0,0,0,0.0,48,2304,OOD wavenumber 12,OOD frequency,2,0.9995824385588165,0.9873251748251748,0.4,0.007003411650657654,0.8333333333333334,1.0,0.0,0.00016124165267683566,3.919146820408059e-06,0.017154019325971603,0.0,1.0
17,exact,0,0,0,0.0,48,2304,OOD wavenumber 12,OOD frequency,3,0.9953150888419129,0.8687519020837888,0.41818181818181815,0.04768959805369377,0.6428571428571429,1.0,0.0,0.00014303224452305585,3.852570898743579e-06,0.020584553480148315,0.0,1.0
17,exact,0,0,0,0.0,48,2304,OOD wavenumber 12,OOD frequency,4,0.9964224286205711,0.8930054895225175,0.34545454545454546,0.02902805246412754,0.7272727272727273,1.0,0.0,0.0001709309872239828,3.940363967558369e-06,0.018794924020767212,0.0,1.0
17,exact,0,0,0,0.0,48,2304,OOD wavenumber 12,OOD frequency,5,0.9839964633068081,0.7054234922367466,0.4166666666666667,0.03806620091199875,0.4634146341463415,1.0,0.0,0.00012276745110284537,3.610932026276714e-06,0.02146364375948906,0.0,1.0
17,exact,0,0,0,0.0,48,2304,OOD wavenumber 12,OOD frequency,6,0.9877735245386505,0.6734502077300893,0.41818181818181815,0.0020949370227754116,0.3939393939393939,1.0,0.0,0.00015415990492329001,3.592096391002997e-06,0.021428564563393593,0.0,1.0
17,exact,0,0,0,0.0,48,2304,OOD wavenumber 12,OOD frequency,7,0.9990463805808409,0.957133003448793,0.2727272727272727,0.05022411048412323,0.7647058823529411,1.0,0.0,0.00016868673264980316,4.160140179010341e-06,0.01652536354959011,0.0,1.0
