suite,K,M,M_over_K,cond,depth,identity_mse_z_primal_vs_dual,identity_rel_z_primal_vs_dual,z_star_mse_true,cond_H_mean,dual_unprecond_mse,dual_diag_mse,dual_rowsum_abs_mse,dual_softmax_exp_mse,dual_signed_relu_mse,primal_scalar_opt_mse,primal_jacobi_mse,step,train_cond,eval_cond,loss,eval_mse_post,eval_mse_true,eval_rel_post,dual_diag_same_depth_mse,primal_jac_same_depth_mse,layer0_mse,layerlast_mse,score_corr_linear_kernel,attn_entropy_last
dual_primal_sweep,8.0,8.0,1.0,10.0,4.0,6.187736087404083e-12,2.10985973581046e-06,0.0999320372939109,271.42893981933594,0.2926100417971611,0.2101329714059829,0.2226306945085525,22.25752878189087,0.2226307019591331,0.2926100790500641,0.3273671939969063,,,,,,,,,,,,,
dual_primal_sweep,8.0,8.0,1.0,10.0,8.0,5.796873397967417e-12,2.0790913026758062e-06,0.0959036108106374,262.7624969482422,0.2113045714795589,0.1324551925063133,0.1446326412260532,64.15933036804199,0.1446326449513435,0.2113046012818813,0.2057671323418617,,,,,,,,,,,,,
dual_primal_sweep,8.0,8.0,1.0,10.0,16.0,6.065191968454564e-12,2.0953387434019533e-06,0.0944901164621114,272.4256134033203,0.1491146981716156,0.0750903934240341,0.083883449435234,153.65362930297852,0.083883449435234,0.1491145566105842,0.1375832967460155,,,,,,,,,,,,,
dual_primal_sweep,8.0,8.0,1.0,10.0,32.0,6.101662144292197e-12,2.120550334439031e-06,0.0927462503314018,271.5415954589844,0.0972085241228342,0.0367967188358306,0.042482329532504,261.1640205383301,0.0424823341891169,0.0972087830305099,0.0777389239519834,,,,,,,,,,,,,
dual_primal_sweep,8.0,8.0,1.0,100.0,4.0,3.733721610967716e-12,1.8512995723085623e-06,0.1551961824297905,417.31646728515625,0.3405738994479179,0.2413029298186302,0.2530563473701477,28.683671951293945,0.2530563473701477,0.3405738770961761,0.7642294615507126,,,,,,,,,,,,,
dual_primal_sweep,8.0,8.0,1.0,100.0,8.0,3.729167528162408e-12,1.8085873989548416e-06,0.158424012362957,412.5670166015625,0.2684078961610794,0.1686526574194431,0.1806161105632782,78.43987846374512,0.1806161068379879,0.2684079855680465,0.5050759986042976,,,,,,,,,,,,,
dual_primal_sweep,8.0,8.0,1.0,100.0,16.0,3.5470277431372266e-12,1.8135193897705904e-06,0.1618048809468746,417.6788864135742,0.188625942915678,0.1048068702220916,0.1142937112599611,145.7236671447754,0.1142937149852514,0.1886258013546466,0.2763511911034584,,,,,,,,,,,,,
dual_primal_sweep,8.0,8.0,1.0,100.0,32.0,3.359235036404923e-12,1.8110310691099585e-06,0.1503797024488449,412.37813568115234,0.1323270387947559,0.059686959721148,0.0655701728537678,236.39043045043945,0.0655701737850904,0.1323269009590149,0.1119409967213869,,,,,,,,,,,,,
dual_primal_sweep,8.0,8.0,1.0,1000.0,4.0,2.02882909040511e-12,1.590560458453183e-06,0.2548581287264824,541.5608062744141,0.3444989323616028,0.2215346023440361,0.2328061833977699,36.28626823425293,0.2328061833977699,0.3444989621639251,1.1486515700817108,,,,,,,,,,,,,
dual_primal_sweep,8.0,8.0,1.0,1000.0,8.0,2.183935541091864e-12,1.6505565554325583e-06,0.2561825253069401,544.3009338378906,0.2704300731420517,0.1525531746447086,0.164446659386158,81.58599472045898,0.164446659386158,0.2704302296042442,0.5812924355268478,,,,,,,,,,,,,
dual_primal_sweep,8.0,8.0,1.0,1000.0,16.0,2.0673703092326245e-12,1.662303077409888e-06,0.2513279914855957,545.8303985595703,0.2162987664341926,0.1053214035928249,0.1151616238057613,154.98691177368164,0.1151616219431161,0.2162989974021911,0.2106990814208984,,,,,,,,,,,,,
dual_primal_sweep,8.0,8.0,1.0,1000.0,32.0,2.063528601464748e-12,1.6300860465889857e-06,0.2580423653125763,545.5683288574219,0.1523626931011676,0.0643426533788442,0.0712027549743652,213.69142150878903,0.0712027549743652,0.1523629240691661,0.0508139468729496,,,,,,,,,,,,,
dual_primal_sweep,8.0,16.0,2.0,10.0,4.0,6.170958519570793e-13,7.782493298691406e-07,0.0052048523211851,44.56374931335449,0.2788991630077362,0.2050499618053436,0.2302430868148803,84.95347595214844,0.2302430905401706,0.2411164417862892,0.1696363613009452,,,,,,,,,,,,,
dual_primal_sweep,8.0,16.0,2.0,10.0,8.0,6.29091803606638e-13,7.839208109317042e-07,0.0053312254603952,44.58658027648926,0.1917916536331176,0.1092192195355892,0.1298449821770191,258.0986785888672,0.1298449859023094,0.1314288787543773,0.0725345816463232,,,,,,,,,,,,,
dual_primal_sweep,8.0,16.0,2.0,10.0,16.0,6.086432220850023e-13,7.743853984720772e-07,0.0054228843655437,45.726688385009766,0.1399421282112598,0.047088136896491,0.0601369254291057,657.1175842285156,0.0601369272917509,0.0579374535009264,0.0223666727542877,,,,,,,,,,,,,
dual_primal_sweep,8.0,16.0,2.0,10.0,32.0,6.380522466712529e-13,7.72181863339938e-07,0.0052604851080104,44.47395038604736,0.1119036208838224,0.0153469266369938,0.0208326559513807,1234.1669006347656,0.0208326573483645,0.0166501968633383,0.0035520055680535,,,,,,,,,,,,,
dual_primal_sweep,8.0,16.0,2.0,100.0,4.0,1.4536188821644839e-12,1.2089252265923278e-06,0.022164343856275,219.7801856994629,0.4239059686660766,0.3077614083886146,0.3286750018596649,126.83253288269044,0.3286749944090843,0.4159049987792969,0.4294317811727524,,,,,,,,,,,,,
dual_primal_sweep,8.0,16.0,2.0,100.0,8.0,1.4726360864254773e-12,1.235135442811952e-06,0.0235654711723327,220.2221450805664,0.3260874524712562,0.2257604449987411,0.2471894025802612,315.9107818603516,0.2471894025802612,0.3126197010278702,0.1798531748354435,,,,,,,,,,,,,
dual_primal_sweep,8.0,16.0,2.0,100.0,16.0,1.4751048689823354e-12,1.2198583476674685e-06,0.0238737296313047,222.4229202270508,0.2498640678822994,0.1422380693256855,0.1619541458785534,684.2296295166016,0.1619541458785534,0.2225870043039322,0.0452204588800668,,,,,,,,,,,,,
dual_primal_sweep,8.0,16.0,2.0,100.0,32.0,1.4546547831301854e-12,1.2061260008522368e-06,0.0246691461652517,227.0998764038086,0.1811733841896057,0.083224132657051,0.0980114098638296,1113.6500549316406,0.0980114098638296,0.138539221137762,0.0063603461021557,,,,,,,,,,,,,
dual_primal_sweep,8.0,16.0,2.0,1000.0,4.0,2.7314329183875108e-12,1.8377757555754213e-06,0.1112354975193739,724.4578857421875,0.4478125646710396,0.3067729249596596,0.3243236020207405,156.62407302856445,0.3243236020207405,0.4467463716864586,0.8417979776859283,,,,,,,,,,,,,
dual_primal_sweep,8.0,16.0,2.0,1000.0,8.0,2.779536041434827e-12,1.846681527695182e-06,0.1093489043414592,725.4137268066406,0.3646919056773186,0.2337454929947853,0.254439927637577,360.2932891845703,0.254439927637577,0.3627674952149391,0.2602473609149456,,,,,,,,,,,,,
dual_primal_sweep,8.0,16.0,2.0,1000.0,16.0,2.819797292798881e-12,1.863963206005792e-06,0.1048456933349371,728.1376495361328,0.2981229126453399,0.1686342544853687,0.1879374757409095,702.5611877441406,0.1879374794661998,0.2942870110273361,0.0363307734951376,,,,,,,,,,,,,
dual_primal_sweep,8.0,16.0,2.0,1000.0,32.0,2.9751406416603232e-12,1.898043251458148e-06,0.1093783192336559,716.9806823730469,0.2272095419466495,0.1119738761335611,0.1277468390762806,1041.5576171875,0.1277468390762806,0.220434982329607,0.0033728962880559,,,,,,,,,,,,,
dual_primal_sweep,8.0,32.0,4.0,10.0,4.0,8.606062233294451e-13,9.702863223992608e-07,0.0015225161914713,19.661776065826416,0.2042710557579994,0.1347489729523658,0.1720443554222583,314.0724182128906,0.1720443554222583,0.1441548243165016,0.0513517940416932,,,,,,,,,,,,,
dual_primal_sweep,8.0,32.0,4.0,10.0,8.0,8.680149291397446e-13,9.69899701885879e-07,0.0015195445157587,19.612715244293213,0.1571966335177421,0.0533273536711931,0.0768348909914493,1066.5130004882812,0.0768348928540945,0.0575209371745586,0.0082299604546278,,,,,,,,,,,,,
dual_primal_sweep,8.0,32.0,4.0,10.0,16.0,8.552401002019996e-13,9.647621936892392e-07,0.0015003377338871,19.726099967956543,0.1226383689790964,0.0141836907714605,0.0237773647531867,2715.9732666015625,0.0237773647531867,0.0122558556031435,0.0005233089832472,,,,,,,,,,,,,
dual_primal_sweep,8.0,32.0,4.0,10.0,32.0,8.730153915319921e-13,9.737696871070511e-07,0.0015453023661393,19.7988543510437,0.1160447783768177,0.002087220607791,0.0038333526463247,5404.714721679688,0.0038333530537784,0.0010706537577789,1.0733204362622928e-05,,,,,,,,,,,,,
dual_primal_sweep,8.0,32.0,4.0,100.0,4.0,1.389943471733976e-12,1.244886817630686e-06,0.0066042387625202,145.0925178527832,0.4404892474412918,0.3271803632378578,0.3575946912169456,474.2332305908203,0.3575946986675262,0.4286435693502426,0.1378325186669826,,,,,,,,,,,,,
dual_primal_sweep,8.0,32.0,4.0,100.0,8.0,1.3965302980874228e-12,1.2484783553645684e-06,0.0063861231319606,143.67983627319336,0.3357794731855392,0.2222793512046337,0.2548699751496315,1307.8694763183594,0.2548699751496315,0.3127884417772293,0.0256953812204301,,,,,,,,,,,,,
dual_primal_sweep,8.0,32.0,4.0,100.0,16.0,1.4298488066298576e-12,1.2462942038382607e-06,0.00651072175242,143.5907974243164,0.248989813029766,0.1352408081293106,0.1631916984915733,2971.467712402344,0.1631917022168636,0.2076124362647533,0.0016337585402652,,,,,,,,,,,,,
dual_primal_sweep,8.0,32.0,4.0,100.0,32.0,1.4337718837707793e-12,1.2368062414225278e-06,0.0063289504032582,146.81679916381836,0.174199853092432,0.0668137148022651,0.0862310640513897,4939.205810546875,0.0862310659140348,0.1108822766691446,1.847630687734636e-05,,,,,,,,,,,,,
dual_primal_sweep,8.0,32.0,4.0,1000.0,4.0,3.294697088936094e-12,1.934595587727017e-06,0.045041880570352,842.8306732177734,0.5160765796899796,0.3784475177526474,0.4018545299768448,595.5740966796875,0.4018545299768448,0.514695554971695,0.4062725380063057,,,,,,,,,,,,,
dual_primal_sweep,8.0,32.0,4.0,1000.0,8.0,3.254382277984719e-12,1.9361357317393413e-06,0.0446695089340209,845.821533203125,0.4389250129461288,0.2897286564111709,0.3177184611558914,1567.8524475097656,0.3177184611558914,0.435923732817173,0.0551404654979705,,,,,,,,,,,,,
dual_primal_sweep,8.0,32.0,4.0,1000.0,16.0,3.2961528471930897e-12,1.9696435913374444e-06,0.0433571571484208,839.921875,0.3657390102744102,0.2193614467978477,0.2473221309483051,3008.0337524414062,0.2473221272230148,0.359811395406723,0.0023217926500365,,,,,,,,,,,,,
dual_primal_sweep,8.0,32.0,4.0,1000.0,32.0,3.214668819768313e-12,1.931347128447669e-06,0.0431973747909069,842.5136566162109,0.2906278893351555,0.1480708755552768,0.1729375161230564,4587.1641845703125,0.172937523573637,0.2792691960930824,1.0564262197476635e-05,,,,,,,,,,,,,
dual_primal_sweep,8.0,64.0,8.0,10.0,4.0,2.894227121418708e-12,1.814620446793924e-06,0.0006342578853946,13.83996844291687,0.1836621984839439,0.0991371963173151,0.143439520150423,1286.6852722167969,0.1434395164251327,0.1045137625187635,0.011582346400246,,,,,,,,,,,,,
dual_primal_sweep,8.0,64.0,8.0,10.0,8.0,2.9736445510825105e-12,1.8133436014977635e-06,0.0006315677601378,13.87062120437622,0.1369604468345642,0.0305489348247647,0.0541730485856533,4298.257568359375,0.0541730523109436,0.0299787954427301,0.0005983590381219,,,,,,,,,,,,,
dual_primal_sweep,8.0,64.0,8.0,10.0,16.0,2.889277359030551e-12,1.7843546800122567e-06,0.0006255024636629,13.838784217834473,0.1194661781191825,0.0043789773480966,0.0106775108724832,10903.537353515623,0.0106775115709751,0.0032164161675609,3.6953152289243008e-06,,,,,,,,,,,,,
dual_primal_sweep,8.0,64.0,8.0,10.0,32.0,2.930946989016664e-12,1.8096549752044664e-06,0.0006375449447659,13.898373126983644,0.1179211679846048,0.0004100851656403,0.0009228350390912,22219.6708984375,0.0009228350972989,8.724127837922424e-05,1.3120150105239148e-09,,,,,,,,,,,,,
dual_primal_sweep,8.0,64.0,8.0,100.0,4.0,5.464846457303718e-12,2.4331446866199258e-06,0.0025103445514105,119.57003211975098,0.4443992674350738,0.3174510672688484,0.3541400507092476,2079.0372619628906,0.3541400507092476,0.4291185587644577,0.0376963261514902,,,,,,,,,,,,,
dual_primal_sweep,8.0,64.0,8.0,100.0,8.0,5.449368820770184e-12,2.46848321694415e-06,0.0025248284800909,119.22195625305176,0.3424060419201851,0.2122079394757747,0.2502086013555527,5644.7698974609375,0.2502086013555527,0.3134140223264694,0.001871387095889,,,,,,,,,,,,,
dual_primal_sweep,8.0,64.0,8.0,100.0,16.0,5.586440706729923e-12,2.488191910288151e-06,0.0025056920712813,118.6007843017578,0.2384415827691555,0.115076620131731,0.1470689848065376,12259.630859375,0.1470689848065376,0.1889895275235176,9.983163863580558e-06,,,,,,,,,,,,,
dual_primal_sweep,8.0,64.0,8.0,100.0,32.0,5.598734258323301e-12,2.5001316998896077e-06,0.0025965778622776,118.4491958618164,0.1635480299592018,0.051831061951816,0.0731973759829998,19793.67333984375,0.0731973759829998,0.0911897681653499,3.0261765315842126e-09,,,,,,,,,,,,,
dual_primal_sweep,8.0,64.0,8.0,1000.0,4.0,2.263586150116903e-11,4.958077056471666e-06,0.0176102649420499,917.0809631347656,0.5580873042345047,0.4128966480493545,0.4392893984913826,2483.9986572265625,0.4392893984913826,0.5564573854207993,0.1276599131524562,,,,,,,,,,,,,
dual_primal_sweep,8.0,64.0,8.0,1000.0,8.0,2.4316526223144838e-11,5.188256977817218e-06,0.0178923355415463,920.8292388916016,0.4781748950481415,0.322166383266449,0.3518591448664665,6642.6771240234375,0.3518591448664665,0.4747154489159584,0.0051493797218427,,,,,,,,,,,,,
dual_primal_sweep,8.0,64.0,8.0,1000.0,16.0,2.2759797952548452e-11,4.97132475629769e-06,0.0179417934268713,914.4964447021484,0.400083027780056,0.2463485300540924,0.2783888280391693,12519.2705078125,0.2783888205885887,0.3933366611599922,2.336739362363005e-05,,,,,,,,,,,,,
dual_primal_sweep,8.0,64.0,8.0,1000.0,32.0,2.173553437928577e-11,4.887572345069202e-06,0.017249112483114,920.355499267578,0.322620041668415,0.1764017827808857,0.2071649581193924,18363.8271484375,0.2071649581193924,0.3100450932979584,7.218427910959946e-09,,,,,,,,,,,,,
dual_primal_sweep,8.0,128.0,16.0,10.0,4.0,9.748511026197448e-12,3.2483666814187018e-06,0.000291734599159,11.741070032119753,0.1752551160752773,0.0835570152848959,0.1340831853449344,5353.5567626953125,0.1340831853449344,0.0869467258453369,0.0019356907578185,,,,,,,,,,,,,
dual_primal_sweep,8.0,128.0,16.0,10.0,8.0,9.798734523433494e-12,3.268824286806193e-06,0.0002906564477598,11.733889818191528,0.1279660314321518,0.0208004266023635,0.0440895669162273,16726.789794921875,0.0440895641222596,0.0194822982884943,1.6582975376877584e-05,,,,,,,,,,,,,
dual_primal_sweep,8.0,128.0,16.0,10.0,16.0,9.77910439257934e-12,3.2612675227028376e-06,0.0002897989834309,11.694167613983154,0.1225809194147586,0.0020568332110997,0.0069216049741953,44825.935546875,0.0069216050906106,0.0013516000763047,7.2822345931200524e-09,,,,,,,,,,,,,
dual_primal_sweep,8.0,128.0,16.0,10.0,32.0,1.0072048230169715e-11,3.351120199113211e-06,0.0002984969105455,11.713339567184448,0.1189842391759157,0.0001563282821734,0.0003703955953824,90858.833984375,0.0003703956390381,1.3647061450683395e-05,3.3455427183193716e-14,,,,,,,,,,,,,
dual_primal_sweep,8.0,128.0,16.0,100.0,4.0,1.5225680525393637e-11,4.107420636501047e-06,0.0010803633776959,108.18419456481934,0.4379637986421585,0.3163672238588333,0.3554584756493568,7918.500732421875,0.3554584681987762,0.4221871122717857,0.0058602722128853,,,,,,,,,,,,,
dual_primal_sweep,8.0,128.0,16.0,100.0,8.0,1.5501924830602087e-11,4.12443921504746e-06,0.0011367499828338,109.24603652954102,0.3406125605106354,0.2067069262266159,0.2475533336400985,23060.1201171875,0.2475533299148082,0.3090837076306343,6.791801661165664e-05,,,,,,,,,,,,,
dual_primal_sweep,8.0,128.0,16.0,100.0,16.0,1.5572691573761954e-11,4.144652621107525e-06,0.0011630325170699,108.57178497314452,0.2371341362595558,0.1107177566736936,0.1452207453548908,48768.4208984375,0.1452207528054714,0.1847263053059578,2.7106814792787762e-08,,,,,,,,,,,,,
dual_primal_sweep,8.0,128.0,16.0,100.0,32.0,1.5152329477935433e-11,4.078533834217524e-06,0.001133620593464,108.80703926086426,0.1695723198354244,0.0446982225403189,0.0682721845805645,84331.337890625,0.0682721883058548,0.0873571168631315,9.327451937451819e-14,,,,,,,,,,,,,
dual_primal_sweep,8.0,128.0,16.0,1000.0,4.0,6.337854373261731e-11,8.321825362145319e-06,0.0075341876363381,956.8206329345704,0.5951584428548813,0.4505123347043991,0.4781857579946518,9774.984375,0.4781857579946518,0.5934795141220093,0.0262948093004524,,,,,,,,,,,,,
dual_primal_sweep,8.0,128.0,16.0,1000.0,8.0,6.466173430030864e-11,8.26918585516978e-06,0.0076824480202049,956.3580627441406,0.5082605332136154,0.3503685146570205,0.3833800554275512,25891.9541015625,0.3833800554275512,0.5047112926840782,0.0002800587390083,,,,,,,,,,,,,
dual_primal_sweep,8.0,128.0,16.0,1000.0,16.0,6.242795343169849e-11,8.20686022962036e-06,0.0074447188526391,959.0715637207032,0.4256430864334106,0.2709241658449173,0.3068049252033233,48996.7880859375,0.3068049252033233,0.4189285710453987,1.2228015755511026e-07,,,,,,,,,,,,,
dual_primal_sweep,8.0,128.0,16.0,1000.0,32.0,6.444483315048988e-11,8.294855661006295e-06,0.0075584904989227,954.039581298828,0.3584446460008621,0.1944769285619259,0.2290770448744297,75925.650390625,0.22907704859972,0.3439052626490593,5.3673548827573413e-14,,,,,,,,,,,,,
dual_primal_sweep,8.0,256.0,32.0,10.0,4.0,3.245381047234375e-11,5.926149924562196e-06,0.0001358281697321,10.823030471801758,0.1640548557043075,0.0764681473374366,0.1293840706348419,20809.28125,0.129384072497487,0.0779740642756223,0.0002379772231506,,,,,,,,,,,,,
dual_primal_sweep,8.0,256.0,32.0,10.0,8.0,3.185466387195524e-11,5.938312483522168e-06,0.0001398426938976,10.76732301712036,0.127342464402318,0.0158536722883582,0.0382947213947773,65058.52734375,0.0382947213947773,0.0146112567745149,4.736863559173799e-07,,,,,,,,,,,,,
dual_primal_sweep,8.0,256.0,32.0,10.0,16.0,3.185958181300963e-11,5.952496735517343e-06,0.0001378320739604,10.813617706298828,0.123368227854371,0.0012252963206265,0.0053365245694294,179463.359375,0.0053365245694294,0.0007830054382793,8.76325477027623e-12,,,,,,,,,,,,,
dual_primal_sweep,8.0,256.0,32.0,10.0,32.0,3.128777965877294e-11,5.846394174113812e-06,0.0001378370216116,10.817423105239868,0.1188599523156881,7.168762931542005e-05,0.0002116195355483,363145.046875,0.0002116195682901,3.988149956057896e-06,1.0889291669025991e-14,,,,,,,,,,,,,
dual_primal_sweep,8.0,256.0,32.0,100.0,4.0,4.2726729272690716e-11,6.824964884799556e-06,0.0005342913354979,104.14369201660156,0.4475466310977936,0.320075623691082,0.3620810881257057,32219.71826171875,0.3620810806751251,0.4309922158718109,0.0008255656284745,,,,,,,,,,,,,
dual_primal_sweep,8.0,256.0,32.0,100.0,8.0,4.2674913082463295e-11,6.7570589408205706e-06,0.000541735716979,104.48123741149902,0.3352964222431183,0.2028051801025867,0.2455408498644828,91886.880859375,0.2455408498644828,0.3033964857459068,1.3717466060825243e-06,,,,,,,,,,,,,
dual_primal_sweep,8.0,256.0,32.0,100.0,16.0,4.208703090896604e-11,6.835881549704936e-06,0.000540656823432,104.07357215881348,0.239256240427494,0.1059935092926025,0.1420181542634964,201985.84765625,0.1420181579887867,0.1827154606580734,2.7246871859426536e-11,,,,,,,,,,,,,
dual_primal_sweep,8.0,256.0,32.0,100.0,32.0,4.4245218600025276e-11,6.874359428366006e-06,0.0005253480339888,104.17159461975098,0.179531380534172,0.0436894362792372,0.0692817624658346,351854.5703125,0.0692817606031894,0.0888433028012514,1.4043997271405904e-14,,,,,,,,,,,,,
dual_primal_sweep,8.0,256.0,32.0,1000.0,4.0,1.535048893552826e-10,1.2929998092658934e-05,0.0035553623456507,977.9491271972656,0.6280107349157333,0.4684589803218841,0.4973591715097427,43343.3623046875,0.4973591715097427,0.626104474067688,0.0042054809746332,,,,,,,,,,,,,
dual_primal_sweep,8.0,256.0,32.0,1000.0,8.0,1.551025453905286e-10,1.3053490647507717e-05,0.0034869892988353,980.023681640625,0.5325583517551422,0.373061940073967,0.4069776087999344,105038.5859375,0.4069776087999344,0.5288952887058258,6.563021315741935e-06,,,,,,,,,,,,,
dual_primal_sweep,8.0,256.0,32.0,1000.0,16.0,1.5370543032799944e-10,1.2742259059450587e-05,0.0034430097439326,974.9588012695312,0.449779063463211,0.2837662249803543,0.32103131711483,208543.6796875,0.32103131711483,0.4422020763158798,6.902558299243243e-11,,,,,,,,,,,,,
dual_primal_sweep,8.0,256.0,32.0,1000.0,32.0,1.5602464806252492e-10,1.3098777571940444e-05,0.0033721887157298,978.2695922851562,0.3649450838565826,0.204909261316061,0.2419253475964069,296056.859375,0.2419253475964069,0.3509496971964836,2.282950262142455e-14,,,,,,,,,,,,,
dual_primal_sweep,16.0,8.0,0.5,10.0,4.0,2.0082421402917158e-11,6.048329282748455e-06,0.5032137036323547,280.07554626464844,0.0804796144366264,0.0742102824151516,0.0834949761629104,7.438213109970093,0.0834949761629104,0.1068881154060363,0.2146207876503467,,,,,,,,,,,,,
dual_primal_sweep,16.0,8.0,0.5,10.0,8.0,2.0325288327405208e-11,6.039961249371117e-06,0.5145348533987999,280.1634292602539,0.0361114079132676,0.0342735089361667,0.0415808353573083,26.30165433883667,0.0415808362886309,0.0730565823614597,0.1969151049852371,,,,,,,,,,,,,
dual_primal_sweep,16.0,8.0,0.5,10.0,16.0,2.062736873670312e-11,6.052974072190409e-06,0.5009133294224739,279.0530319213867,0.0122559582814574,0.012492093257606,0.0164761869236826,70.71336555480957,0.0164761876221746,0.0572296036407351,0.170863751322031,,,,,,,,,,,,,
dual_primal_sweep,16.0,8.0,0.5,10.0,32.0,2.0595407757700857e-11,6.078300316403329e-06,0.5149691551923752,282.27628326416016,0.0025196421775035,0.0032569678151048,0.004646512446925,137.36993026733398,0.0046465133782476,0.0415194546803832,0.1228198632597923,,,,,,,,,,,,,
dual_primal_sweep,16.0,8.0,0.5,100.0,4.0,1.3358413333830475e-11,4.825970222555043e-06,0.504865936934948,344.27698516845703,0.1326013728976249,0.1123458873480558,0.1202867645770311,9.25473141670227,0.1202867645770311,0.1445345729589462,0.6027751117944717,,,,,,,,,,,,,
dual_primal_sweep,16.0,8.0,0.5,100.0,8.0,1.26423285902455e-11,4.773625164489204e-06,0.5077620446681976,348.38184356689453,0.0850069280713796,0.0676936227828264,0.0755430627614259,29.87002658843994,0.0755430646240711,0.1052620131522417,0.5345034599304199,,,,,,,,,,,,,
dual_primal_sweep,16.0,8.0,0.5,100.0,16.0,1.3174972397778095e-11,4.8189685912802815e-06,0.5037178918719292,349.3236618041992,0.0432758554816246,0.0344108520075678,0.0397746628150343,73.19857978820801,0.0397746646776795,0.0732843112200498,0.4056338593363762,,,,,,,,,,,,,
dual_primal_sweep,16.0,8.0,0.5,100.0,32.0,1.2700535935439294e-11,4.772949182552111e-06,0.5200021862983704,350.10621643066406,0.0155665641650557,0.0135573630686849,0.0165745383128523,129.25412368774414,0.0165745401754975,0.0491396337747573,0.2295592948794365,,,,,,,,,,,,,
dual_primal_sweep,16.0,8.0,0.5,1000.0,4.0,6.822344880870468e-12,3.417516154513578e-06,0.5280342400074005,412.13671875,0.1693920791149139,0.1350963786244392,0.142149519175291,11.482556581497192,0.1421495229005813,0.1738570369780063,0.976963222026825,,,,,,,,,,,,,
dual_primal_sweep,16.0,8.0,0.5,1000.0,8.0,6.678842483405501e-12,3.412818898596015e-06,0.5189067423343658,406.6978912353516,0.1218864899128675,0.0904867220669984,0.0979459956288337,34.044249534606934,0.0979459956288337,0.13061398640275,0.7306764125823975,,,,,,,,,,,,,
dual_primal_sweep,16.0,8.0,0.5,1000.0,16.0,6.576421373617747e-12,3.398730257231364e-06,0.5182738751173019,411.3035125732422,0.0781962126493454,0.0553498351946473,0.0611485978588461,72.12177848815918,0.0611485997214913,0.0921062268316745,0.4106500148773193,,,,,,,,,,,,,
dual_primal_sweep,16.0,8.0,0.5,1000.0,32.0,6.358878050852224e-12,3.3648785233708622e-06,0.520277813076973,407.74915313720703,0.0424271700903773,0.0270508909597992,0.0306413415819406,126.76490020751952,0.0306413443759083,0.0621252125129103,0.2070648223161697,,,,,,,,,,,,,
dual_primal_sweep,16.0,16.0,1.0,10.0,4.0,1.1855451516329383e-11,3.282737964127591e-06,0.0881973095238208,376.70581817626953,0.2442451380193233,0.2446962669491768,0.27421385794878,25.500048637390137,0.27421385794878,0.2442451231181621,0.2866902127861976,,,,,,,,,,,,,
dual_primal_sweep,16.0,16.0,1.0,10.0,8.0,1.2385758434499404e-11,3.3416071119063417e-06,0.0877364370971918,381.3061218261719,0.1767556071281433,0.166212897747755,0.1916198767721653,93.54511070251463,0.1916198767721653,0.1767556108534336,0.2097442224621772,,,,,,,,,,,,,
dual_primal_sweep,16.0,16.0,1.0,10.0,16.0,1.1908093651771812e-11,3.252886472182581e-06,0.0879291221499443,378.32743072509766,0.1153577044606208,0.0973835941404104,0.1176964715123176,263.2077865600586,0.1176964752376079,0.1153575610369443,0.1341335587203502,,,,,,,,,,,,,
dual_primal_sweep,16.0,16.0,1.0,10.0,32.0,1.2154891459656423e-11,3.275196490903909e-06,0.0889979321509599,380.742431640625,0.0716400444507598,0.0495537556707859,0.0627887677401304,573.9569549560547,0.0627887696027755,0.071640346199274,0.0761731881648302,,,,,,,,,,,,,
dual_primal_sweep,16.0,16.0,1.0,100.0,4.0,6.823105557114684e-12,2.7484695692692185e-06,0.1376670636236667,551.2607574462891,0.3118709549307823,0.2910273224115371,0.3116439506411552,37.62587261199951,0.3116439580917358,0.3118710145354271,0.6526792347431183,,,,,,,,,,,,,
dual_primal_sweep,16.0,16.0,1.0,100.0,8.0,6.970584049206807e-12,2.752604643774248e-06,0.1413891464471817,550.0154266357422,0.2306733131408691,0.2133398354053497,0.2339364662766456,112.45822143554688,0.2339364662766456,0.2306734099984169,0.474253199994564,,,,,,,,,,,,,
dual_primal_sweep,16.0,16.0,1.0,100.0,16.0,7.207134628678391e-12,2.788686913390848e-06,0.1398504115641117,555.399169921875,0.1638433188199997,0.1422970183193683,0.1594695001840591,304.6084747314453,0.1594695001840591,0.1638437062501907,0.304399162530899,,,,,,,,,,,,,
dual_primal_sweep,16.0,16.0,1.0,100.0,32.0,7.054093528920114e-12,2.7691438049259887e-06,0.1426086612045765,552.049072265625,0.1063863914459943,0.0844941083341836,0.0978050790727138,582.5810394287109,0.0978050865232944,0.1063867434859275,0.1437939219176769,,,,,,,,,,,,,
dual_primal_sweep,16.0,16.0,1.0,1000.0,4.0,4.112093695066155e-12,2.368855518852797e-06,0.2288381941616535,704.4976043701172,0.3093984574079513,0.2693787738680839,0.2841702625155449,47.21480655670166,0.2841702550649643,0.3093984797596931,1.1491222381591797,,,,,,,,,,,,,
dual_primal_sweep,16.0,16.0,1.0,1000.0,8.0,4.081479295162116e-12,2.362870020533592e-06,0.2379751987755298,704.5634765625,0.2482678070664405,0.2081151828169822,0.223718412220478,140.82069778442383,0.223718412220478,0.2482680082321167,0.6938471496105194,,,,,,,,,,,,,
dual_primal_sweep,16.0,16.0,1.0,1000.0,16.0,4.160413658547968e-12,2.3881350443843985e-06,0.2315184064209461,711.1038513183594,0.1858287379145622,0.1481875851750373,0.1632566712796688,324.270133972168,0.1632566712796688,0.1858288086950779,0.3002763837575912,,,,,,,,,,,,,
dual_primal_sweep,16.0,16.0,1.0,1000.0,32.0,3.973650835459308e-12,2.3401627800012648e-06,0.2287179343402385,700.0565338134766,0.1292386204004287,0.0947390422224998,0.1065048146992921,593.0054016113281,0.1065048184245824,0.1292389649897813,0.0885762423276901,,,,,,,,,,,,,
dual_primal_sweep,16.0,32.0,2.0,10.0,4.0,9.412716916665233e-13,9.612392659619218e-07,0.0044117420911788,54.01749610900879,0.2238292396068573,0.2420872412621975,0.2995587363839149,91.66130256652832,0.2995587363839149,0.2101632058620453,0.1792595237493515,,,,,,,,,,,,,
dual_primal_sweep,16.0,32.0,2.0,10.0,8.0,9.221174035933465e-13,9.632180280050306e-07,0.0045771693112328,53.49830722808838,0.1365036480128765,0.1317270547151565,0.1765581406652927,336.4163360595703,0.1765581406652927,0.1113295592367649,0.0770197473466396,,,,,,,,,,,,,
dual_primal_sweep,16.0,32.0,2.0,10.0,16.0,9.513823919209824e-13,9.740112432155e-07,0.0047758040018379,53.8368558883667,0.0841495487838983,0.0578658152371645,0.0868806745857,1009.263153076172,0.0868806764483451,0.0463522979989647,0.0235159168951213,,,,,,,,,,,,,
dual_primal_sweep,16.0,32.0,2.0,10.0,32.0,9.58264446525997e-13,9.7765430950858e-07,0.004596167942509,53.183067321777344,0.0568688362836837,0.0189115670509636,0.0332914469763636,2328.0191650390625,0.0332914469763636,0.0122960465960204,0.0040369505295529,,,,,,,,,,,,,
dual_primal_sweep,16.0,32.0,2.0,100.0,4.0,2.086434866023501e-12,1.4636204923590412e-06,0.0181035986170172,262.2395782470703,0.397819921374321,0.3854972422122955,0.4232595190405845,143.90587615966797,0.4232595339417457,0.3950762674212456,0.3943365290760994,,,,,,,,,,,,,
dual_primal_sweep,16.0,32.0,2.0,100.0,8.0,2.098220252058636e-12,1.4710040261434187e-06,0.0178799284622073,259.6180763244629,0.2907048165798187,0.2792816311120987,0.3153191357851028,444.872444152832,0.3153191283345222,0.2856118455529213,0.1792949102818966,,,,,,,,,,,,,
dual_primal_sweep,16.0,32.0,2.0,100.0,16.0,2.042653101785169e-12,1.4532300269820553e-06,0.0178903616033494,260.9068603515625,0.200662687420845,0.182400681078434,0.2149552479386329,1237.766357421875,0.2149552516639232,0.1903944350779056,0.0504625970497727,,,,,,,,,,,,,
dual_primal_sweep,16.0,32.0,2.0,100.0,32.0,2.0584104624792043e-12,1.46230374298284e-06,0.0176323354244232,261.19469451904297,0.1318817846477031,0.1071656756103038,0.1328865438699722,2558.443664550781,0.1328865475952625,0.1140825878828764,0.0072635451797395,,,,,,,,,,,,,
dual_primal_sweep,16.0,32.0,2.0,1000.0,4.0,3.735308882948235e-12,2.1387830884123105e-06,0.0817043483257293,877.8904876708984,0.4170948043465614,0.3806493133306503,0.4045527279376983,182.87771606445312,0.4045527055859566,0.4167466089129448,0.8614987283945084,,,,,,,,,,,,,
dual_primal_sweep,16.0,32.0,2.0,1000.0,8.0,3.7466852537138e-12,2.1404450762929628e-06,0.0863332711160183,872.1623687744141,0.3366651758551597,0.2958331331610679,0.3215599805116653,575.5779266357422,0.3215599805116653,0.3359103426337242,0.3255488574504852,,,,,,,,,,,,,
dual_primal_sweep,16.0,32.0,2.0,1000.0,16.0,3.736278484951089e-12,2.1371217258092656e-06,0.0828162748366594,883.7590026855469,0.2633645236492157,0.2225496619939804,0.2480192929506302,1399.3218994140625,0.2480192743241787,0.2619149088859558,0.0633958391845226,,,,,,,,,,,,,
dual_primal_sweep,16.0,32.0,2.0,1000.0,32.0,3.764446762123674e-12,2.158726942980138e-06,0.0838380437344312,886.9580841064453,0.1898451820015907,0.1549369320273399,0.1764273792505264,2537.869384765625,0.1764273829758167,0.1871879287064075,0.0046864384203217,,,,,,,,,,,,,
dual_primal_sweep,16.0,64.0,4.0,10.0,4.0,1.731985242075032e-12,1.3547895036936095e-06,0.0013887711393181,22.110342979431152,0.1587615795433521,0.1693811267614364,0.2503131330013275,357.2819900512696,0.2503131330013275,0.1290374808013439,0.0596408871933817,,,,,,,,,,,,,
dual_primal_sweep,16.0,64.0,4.0,10.0,8.0,1.7779277941380733e-12,1.3610025177968057e-06,0.0013897812168579,22.334306716918945,0.0914362631738185,0.071901274845004,0.126067042350769,1281.5000610351562,0.126067042350769,0.0475561935454607,0.0109955579973757,,,,,,,,,,,,,
dual_primal_sweep,16.0,64.0,4.0,10.0,16.0,1.707703206274558e-12,1.3355913210943982e-06,0.001377546112053,22.268786907196045,0.0648246249184012,0.0194161590188741,0.0453541735187172,3888.2374877929688,0.0453541725873947,0.0093246006872504,0.0006649277638643,,,,,,,,,,,,,
dual_primal_sweep,16.0,64.0,4.0,10.0,32.0,1.7473530760335476e-12,1.3564199434767945e-06,0.0013969090650789,22.126808643341064,0.0568346483632922,0.0024630784173496,0.0087979715317487,9511.449462890623,0.0087979717645794,0.0005856794450664,5.154092264092469e-06,,,,,,,,,,,,,
dual_primal_sweep,16.0,64.0,4.0,100.0,4.0,4.212631870940953e-12,2.1063823965050688e-06,0.0051839564694091,156.00585174560547,0.3899751231074333,0.3803578317165375,0.4300577268004417,556.0363616943359,0.4300577342510223,0.3849582523107528,0.1429512687027454,,,,,,,,,,,,,
dual_primal_sweep,16.0,64.0,4.0,100.0,8.0,4.227705533745019e-12,2.1045340758973907e-06,0.005167567054741,155.7760353088379,0.2830156534910202,0.267719566822052,0.3165666908025741,1828.0411987304688,0.3165666908025741,0.2728479355573654,0.0275759981013834,,,,,,,,,,,,,
dual_primal_sweep,16.0,64.0,4.0,100.0,16.0,4.287684140028003e-12,2.1005423036513093e-06,0.0051569429924711,156.95144653320312,0.1887319944798946,0.1669463217258453,0.2110858559608459,5045.6925048828125,0.2110858559608459,0.1699848659336567,0.0016977992199826,,,,,,,,,,,,,
dual_primal_sweep,16.0,64.0,4.0,100.0,32.0,4.24586516119263e-12,2.112682864208182e-06,0.0051254831487312,155.77396392822266,0.1196791734546423,0.088513346388936,0.1225483994930982,10590.9384765625,0.1225483976304531,0.0882296357303857,1.3617942158816732e-05,,,,,,,,,,,,,
dual_primal_sweep,16.0,64.0,4.0,1000.0,4.0,1.5348590020475283e-11,4.150146310166747e-06,0.0312640303745865,945.9442596435548,0.4811642691493034,0.4410541579127311,0.4725167453289032,765.4844055175781,0.4725167527794838,0.4805653467774391,0.4379217177629471,,,,,,,,,,,,,
dual_primal_sweep,16.0,64.0,4.0,1000.0,8.0,1.5529320017415582e-11,4.159928721492179e-06,0.0310216327197849,949.6482696533204,0.4041156098246574,0.3594753742218017,0.3922708183526993,2336.4713745117188,0.3922708183526993,0.4028194472193718,0.069016870111227,,,,,,,,,,,,,
dual_primal_sweep,16.0,64.0,4.0,1000.0,16.0,1.5206170957821064e-11,4.124719566789281e-06,0.0303110033273696,946.562744140625,0.3195360749959945,0.2749854177236557,0.3074807152152061,5704.469970703125,0.3074807152152061,0.3170690163969993,0.0029905649134889,,,,,,,,,,,,,
dual_primal_sweep,16.0,64.0,4.0,1000.0,32.0,1.518423798155255e-11,4.12591418808006e-06,0.0306255808100104,938.6492004394532,0.2398461513221264,0.1944445632398128,0.2253237701952457,10761.13232421875,0.225323773920536,0.2348419576883316,1.586930875419057e-05,,,,,,,,,,,,,
dual_primal_sweep,16.0,128.0,8.0,10.0,4.0,5.504363349666253e-12,2.3927310621729703e-06,0.0005936484667472,14.856269121170044,0.1250477768480777,0.1292645819485187,0.2270119972527027,1373.000244140625,0.2270119935274124,0.0884825959801673,0.0144460308365523,,,,,,,,,,,,,
dual_primal_sweep,16.0,128.0,8.0,10.0,8.0,5.4418150758142595e-12,2.3814424139345647e-06,0.0005830506124766,14.949325799942017,0.0802865345031023,0.0424520773813128,0.0986314583569765,5022.281982421875,0.0986314583569765,0.0234313681721687,0.0006856289401184,,,,,,,,,,,,,
dual_primal_sweep,16.0,128.0,8.0,10.0,16.0,5.585667020059637e-12,2.410482466075337e-06,0.0005827979039167,14.950438499450684,0.0643245466053485,0.007107384619303,0.0272693932056427,15386.671630859377,0.0272693936713039,0.0023581630084663,4.182539782959793e-06,,,,,,,,,,,,,
dual_primal_sweep,16.0,128.0,8.0,10.0,32.0,5.416033073413207e-12,2.3887940869826707e-06,0.0005831090093124,14.876137018203735,0.0589285166934132,0.0004494138993322,0.0032756567234173,38763.08984375,0.003275656781625,4.049261406180449e-05,1.2576827149168855e-09,,,,,,,,,,,,,
dual_primal_sweep,16.0,128.0,8.0,100.0,4.0,1.101441854389762e-11,3.405930669941881e-06,0.002029898809269,123.30080795288086,0.3757137283682823,0.3670893087983131,0.4267861992120743,2188.734741210937,0.4267861992120743,0.3694742172956466,0.0368955200538039,,,,,,,,,,,,,
dual_primal_sweep,16.0,128.0,8.0,100.0,8.0,1.0647946500214056e-11,3.330487515995628e-06,0.0020781290950253,123.59248733520508,0.2756737619638443,0.2557855993509292,0.3135029524564743,7530.298583984375,0.3135029524564743,0.2621309906244278,0.0021048597991466,,,,,,,,,,,,,
dual_primal_sweep,16.0,128.0,8.0,100.0,16.0,1.0579352715048283e-11,3.329196317736205e-06,0.0020732208504341,123.9805965423584,0.1758227013051509,0.150939505547285,0.2012900784611702,20124.1767578125,0.2012900747358799,0.1526818349957466,1.3123697499395348e-05,,,,,,,,,,,,,
dual_primal_sweep,16.0,128.0,8.0,100.0,32.0,1.0778238544728591e-11,3.3854762477858458e-06,0.0020575267262756,124.4863109588623,0.1050208173692226,0.0693063549697399,0.1056755986064672,42908.3818359375,0.1056756004691124,0.0685382932424545,1.4329648023725383e-09,,,,,,,,,,,,,
dual_primal_sweep,16.0,128.0,8.0,1000.0,4.0,4.1465879341284755e-11,6.64334686462098e-06,0.0122098308056592,970.911392211914,0.5194497853517532,0.4817802682518959,0.516760990023613,2946.416076660156,0.516760990023613,0.5187679380178452,0.1307245679199695,,,,,,,,,,,,,
dual_primal_sweep,16.0,128.0,8.0,1000.0,8.0,4.1846421293401104e-11,6.6787632704290445e-06,0.0125814729835838,971.1264038085938,0.443510927259922,0.3948348462581634,0.4329426735639572,9658.616455078123,0.4329426735639572,0.4418755918741226,0.0068596969358623,,,,,,,,,,,,,
dual_primal_sweep,16.0,128.0,8.0,1000.0,16.0,4.151252779027725e-11,6.646301699220203e-06,0.0122049755882471,971.495635986328,0.3574123084545135,0.3091958090662956,0.3476447090506553,23301.5576171875,0.3476447090506553,0.3542374446988106,3.1397486964124255e-05,,,,,,,,,,,,,
dual_primal_sweep,16.0,128.0,8.0,1000.0,32.0,4.2314902450046876e-11,6.672305744359619e-06,0.0124247625935822,973.0508880615234,0.2692231759428978,0.2265619523823261,0.2636099830269813,42427.6806640625,0.2636099830269813,0.2636400386691093,2.446948310641517e-09,,,,,,,,,,,,,
dual_primal_sweep,16.0,256.0,16.0,10.0,4.0,1.7174118464163834e-11,4.216976776660886e-06,0.0002701367266126,12.244727373123167,0.1123105864971876,0.1075140293687582,0.2131203114986419,5455.1256103515625,0.2131203152239322,0.0695913434028625,0.0025607204879634,,,,,,,,,,,,,
dual_primal_sweep,16.0,256.0,16.0,10.0,8.0,1.750155922963792e-11,4.269705073056684e-06,0.0002746809477685,12.189188241958618,0.0701873376965522,0.0298458463512361,0.0864892266690731,18916.37548828125,0.0864892266690731,0.0140805644914507,2.5745428956724936e-05,,,,,,,,,,,,,
dual_primal_sweep,16.0,256.0,16.0,10.0,16.0,1.7668020258626568e-11,4.292702669772552e-06,0.0002722732679103,12.127548456192017,0.0635443534702062,0.0034202017122879,0.0196362435817718,60404.3603515625,0.0196362435817718,0.0008449616143479,8.294798625740896e-09,,,,,,,,,,,,,
dual_primal_sweep,16.0,256.0,16.0,10.0,32.0,1.7592790505643885e-11,4.282689360479708e-06,0.0002658762969076,12.225229263305664,0.0612707622349262,0.0001446930727979,0.0018778834200929,154211.75390625,0.0018778835074044,6.397396532520361e-06,2.8877536399320647e-14,,,,,,,,,,,,,
dual_primal_sweep,16.0,256.0,16.0,100.0,4.0,2.8468934241271396e-11,5.490418061526725e-06,0.000918640042073,111.01527214050292,0.3678959980607033,0.3589712902903557,0.4233617037534714,8750.905029296875,0.4233617112040519,0.3610653877258301,0.0069306682562455,,,,,,,,,,,,,
dual_primal_sweep,16.0,256.0,16.0,100.0,8.0,2.7946959416796924e-11,5.408477136370493e-06,0.0009144345240201,111.28712272644044,0.2636072337627411,0.2433454915881157,0.3049540147185325,29332.4140625,0.3049540147185325,0.2488595619797706,7.512272350140847e-05,,,,,,,,,,,,,
dual_primal_sweep,16.0,256.0,16.0,100.0,16.0,2.7982447088625847e-11,5.447484682008508e-06,0.0009426017641089,110.88928985595705,0.1663482375442981,0.1384012103080749,0.1917541250586509,79963.19140625,0.1917541213333606,0.1408931501209736,2.413133914913601e-08,,,,,,,,,,,,,
dual_primal_sweep,16.0,256.0,16.0,100.0,32.0,2.819461070863172e-11,5.451861397887114e-06,0.000943552746321,111.01027488708496,0.1037547644227743,0.0628159344196319,0.1015833392739296,173849.75390625,0.1015833374112844,0.0622039325535297,4.6775602190402346e-14,,,,,,,,,,,,,
dual_primal_sweep,16.0,256.0,16.0,1000.0,4.0,1.0322818988495186e-10,1.0460735211381689e-05,0.0052932336693629,986.3885498046876,0.5348101109266281,0.4947680383920669,0.53324294090271,11722.938232421877,0.53324294090271,0.5340598523616791,0.0261776861734688,,,,,,,,,,,,,
dual_primal_sweep,16.0,256.0,16.0,1000.0,8.0,1.0322928796491215e-10,1.0307645425200462e-05,0.0053400839678943,987.6373748779296,0.4613001123070717,0.413210317492485,0.4538944959640503,37782.4140625,0.4538944959640503,0.4596111699938774,0.0002912370837293,,,,,,,,,,,,,
dual_primal_sweep,16.0,256.0,16.0,1000.0,16.0,1.014691993622696e-10,1.03664015114191e-05,0.0052113655256107,983.9850311279296,0.3687518388032913,0.3204541727900505,0.3610428646206856,93198.4765625,0.3610428646206856,0.3654509484767914,7.435865256866236e-08,,,,,,,,,,,,,
dual_primal_sweep,16.0,256.0,16.0,1000.0,32.0,1.0325354807272368e-10,1.0390779380031743e-05,0.0051708905957639,988.683364868164,0.2881235331296921,0.239292025566101,0.2790087386965751,175296.82421875,0.2790087386965751,0.2816735208034515,1.02290514247946e-13,,,,,,,,,,,,,
dual_primal_sweep,32.0,8.0,0.25,10.0,4.0,1.90638264722931e-11,8.533596201232285e-06,0.749515101313591,218.5881004333496,0.01028334768489,0.0145289050415158,0.0184814101085066,2.6066828966140747,0.0184814101085066,0.0341368839144706,0.1236156914383173,,,,,,,,,,,,,
dual_primal_sweep,32.0,8.0,0.25,10.0,8.0,1.9779393834601366e-11,8.599325838076766e-06,0.7564659863710403,220.04491806030276,0.0016047803801484,0.0032734348787926,0.0050272495718672,10.586981534957886,0.0050272496882826,0.0280533456243574,0.1242687385529279,,,,,,,,,,,,,
dual_primal_sweep,32.0,8.0,0.25,10.0,16.0,2.049572707732428e-11,8.691565426488523e-06,0.7540924996137619,218.8269500732422,8.283204260806087e-05,0.0003281049939687,0.0006516403373098,32.38760995864868,0.0006516405264846,0.0237667388282716,0.1077473498880863,,,,,,,,,,,,,
dual_primal_sweep,32.0,8.0,0.25,10.0,32.0,2.0376116158932197e-11,8.733061577004264e-06,0.7563047856092453,217.1495056152344,9.27988367038779e-07,1.0819439239639904e-05,3.15323250106303e-05,70.72412872314453,3.1532362299913075e-05,0.0181596390902996,0.0757169686257839,,,,,,,,,,,,,
dual_primal_sweep,32.0,8.0,0.25,100.0,4.0,1.816105469135132e-11,8.10197616374353e-06,0.7517930567264557,262.62398529052734,0.0263283303938806,0.0280148210003972,0.0325552322901785,3.345271348953247,0.0325552346184849,0.0445061977952718,0.3558003604412079,,,,,,,,,,,,,
dual_primal_sweep,32.0,8.0,0.25,100.0,8.0,1.8543977117757568e-11,8.230077128246194e-06,0.763524979352951,262.6057662963867,0.0080669687595218,0.0100664582569152,0.0129503370262682,12.043331861495972,0.0129503377247601,0.0313723646104335,0.336598552763462,,,,,,,,,,,,,
dual_primal_sweep,32.0,8.0,0.25,100.0,16.0,1.815012463241006e-11,8.186590775949298e-06,0.7601717561483383,263.1720275878906,0.0014071174373384,0.002422789519187,0.0035234403330832,33.55483150482178,0.0035234406823292,0.0251214397139847,0.2428267300128936,,,,,,,,,,,,,
dual_primal_sweep,32.0,8.0,0.25,100.0,32.0,1.860602600808892e-11,8.2723504419846e-06,0.7447450459003448,264.0976104736328,8.675544631842058e-05,0.0002947275643236,0.0005004509876016,70.21821594238281,0.0005004512349842,0.0187370018102228,0.1479688175022602,,,,,,,,,,,,,
dual_primal_sweep,32.0,8.0,0.25,1000.0,4.0,1.4221766342706332e-11,7.1782835675549e-06,0.7494794577360153,301.6763229370117,0.0464850738644599,0.0436843130737543,0.048670221120119,3.83063405752182,0.048670221120119,0.0579958325251936,0.5524396896362305,,,,,,,,,,,,,
dual_primal_sweep,32.0,8.0,0.25,1000.0,8.0,1.4690795671970514e-11,7.220998440971016e-06,0.7592340409755707,303.6067123413086,0.0223404066637158,0.0214267177507281,0.0252084215171635,13.553901195526125,0.025208422448486,0.0402794294059276,0.4583085477352142,,,,,,,,,,,,,
dual_primal_sweep,32.0,8.0,0.25,1000.0,16.0,1.5144964709418174e-11,7.262233111759997e-06,0.7528283149003983,304.3385772705078,0.0069988630712032,0.0079274162417277,0.0101423361338675,35.22029972076416,0.01014233706519,0.0281632058322429,0.3021314889192581,,,,,,,,,,,,,
dual_primal_sweep,32.0,8.0,0.25,1000.0,32.0,1.487480581416345e-11,7.32414889625943e-06,0.7532089799642563,302.7689666748047,0.0012159736361354,0.0017672612739261,0.0025041015469469,66.95924377441406,0.0025041020126082,0.0203923750668764,0.159621674567461,,,,,,,,,,,,,
dual_primal_sweep,32.0,16.0,0.5,10.0,4.0,5.549354205325319e-11,1.0339719210605836e-05,0.4982279539108276,309.0386734008789,0.0711517706513404,0.0899495389312505,0.1113336104899644,8.398484706878662,0.1113336086273193,0.08127555064857,0.1760717928409576,,,,,,,,,,,,,
dual_primal_sweep,32.0,16.0,0.5,10.0,8.0,5.4523438715314836e-11,1.023692811941146e-05,0.4973435774445534,311.1022033691406,0.0325683262199163,0.0434080958366394,0.0584859997034072,33.22868537902832,0.0584860006347298,0.0486860815435647,0.1536309607326984,,,,,,,,,,,,,
dual_primal_sweep,32.0,16.0,0.5,10.0,16.0,5.5057473337394296e-11,1.0302692089680932e-05,0.5026539862155914,311.59483337402344,0.0098991955164819,0.015021777478978,0.0232747504487633,107.31827354431152,0.0232747513800859,0.0302587086334824,0.1316332556307315,,,,,,,,,,,,,
dual_primal_sweep,32.0,16.0,0.5,10.0,32.0,5.352159253985134e-11,1.0188018222834216e-05,0.5111127495765686,309.3639373779297,0.0016839590389281,0.0035602606367319,0.0067675152095034,269.90992736816406,0.0067675160244107,0.0210956055670976,0.1063849292695522,,,,,,,,,,,,,
dual_primal_sweep,32.0,16.0,0.5,100.0,4.0,3.800810187415404e-11,8.492949291394325e-06,0.5085474103689194,398.52662658691406,0.1263885870575904,0.1386246085166931,0.1569005772471428,11.585328340530396,0.1569005809724331,0.1305998489260673,0.5447136759757996,,,,,,,,,,,,,
dual_primal_sweep,32.0,16.0,0.5,100.0,8.0,3.8365594555445075e-11,8.528125817974797e-06,0.504780575633049,401.0410842895508,0.0748006626963615,0.0832042451947927,0.0991369113326072,43.454665184021,0.0991369113326072,0.0826409794390201,0.5153798758983612,,,,,,,,,,,,,
dual_primal_sweep,32.0,16.0,0.5,100.0,16.0,3.971744200886862e-11,8.668377631693147e-06,0.5097456872463226,399.71085357666016,0.0385125139728188,0.0442612590268254,0.0558665497228503,125.33843231201172,0.055866552516818,0.0510624218732118,0.3998373001813888,,,,,,,,,,,,,
dual_primal_sweep,32.0,16.0,0.5,100.0,32.0,3.852093644063359e-11,8.57958093547495e-06,0.5032963827252388,398.4970550537109,0.0138022447936236,0.0170170050114393,0.0237866276875138,288.7557144165039,0.0237866290844976,0.030742822214961,0.2488744184374809,,,,,,,,,,,,,
dual_primal_sweep,32.0,16.0,0.5,1000.0,4.0,1.9204695125840665e-11,6.071319830880384e-06,0.5203886032104492,484.5418243408203,0.1595228388905525,0.1620358414947986,0.1759630255401134,15.037104606628418,0.1759630255401134,0.1609387956559658,0.9641050398349762,,,,,,,,,,,,,
dual_primal_sweep,32.0,16.0,0.5,1000.0,8.0,1.8778688673504185e-11,6.070850531614269e-06,0.5197545737028122,489.7314453125,0.110732264816761,0.111478192731738,0.1246352866291999,51.23128795623779,0.1246352884918451,0.1135169956833124,0.7606413215398788,,,,,,,,,,,,,
dual_primal_sweep,32.0,16.0,0.5,1000.0,16.0,1.9313761527584017e-11,6.128764425739064e-06,0.5253957808017731,484.6263427734375,0.0702848806977272,0.0700569096952676,0.0812364593148231,140.24642944335938,0.0812364611774683,0.0753429532051086,0.4804465025663376,,,,,,,,,,,,,
dual_primal_sweep,32.0,16.0,0.5,1000.0,32.0,1.9671355256517528e-11,6.157823463581735e-06,0.5135405510663986,484.2318878173828,0.0379014471545815,0.0372603992000222,0.0456876112148165,290.69384765625,0.0456876130774617,0.0460379943251609,0.2420725375413894,,,,,,,,,,,,,
dual_primal_sweep,32.0,32.0,1.0,10.0,4.0,2.4278687567325097e-11,4.927253598907555e-06,0.0809805989265441,449.2935562133789,0.2260592244565487,0.2733182162046432,0.334157258272171,28.136446475982662,0.3341572731733322,0.2260592803359031,0.2850700914859772,,,,,,,,,,,,,
dual_primal_sweep,32.0,32.0,1.0,10.0,8.0,2.5885971751543613e-11,5.08789651121333e-06,0.0814182125031948,449.7323532104492,0.1544126607477665,0.1871285364031791,0.2381840012967586,107.0199966430664,0.2381840050220489,0.1544127576053142,0.2062861956655979,,,,,,,,,,,,,
dual_primal_sweep,32.0,32.0,1.0,10.0,16.0,2.4697310602866948e-11,4.998755571250513e-06,0.0832638666033744,452.1795425415039,0.092231860384345,0.1079262159764766,0.1454097107052803,360.78116607666016,0.1454097107052803,0.0922320447862148,0.126922782510519,,,,,,,,,,,,,
dual_primal_sweep,32.0,32.0,1.0,10.0,32.0,2.647988252280076e-11,5.117631872053607e-06,0.0811697021126747,451.72792053222656,0.0556037360802292,0.0593715403228998,0.085682064294815,990.1508178710938,0.0856820680201053,0.0556041682139039,0.0764628257602453,,,,,,,,,,,,,
dual_primal_sweep,32.0,32.0,1.0,100.0,4.0,1.783825084172852e-11,4.563632842291554e-06,0.1311564072966575,637.8829040527344,0.2991152107715606,0.33320202678442,0.3746007531881332,39.2856559753418,0.3746007531881332,0.299115240573883,0.585589662194252,,,,,,,,,,,,,
dual_primal_sweep,32.0,32.0,1.0,100.0,8.0,1.8588247694545368e-11,4.607366577147332e-06,0.1311784423887729,641.0231781005859,0.2186820060014724,0.2461314238607883,0.2862163335084915,149.5582733154297,0.2862163335084915,0.2186821661889553,0.4685437455773353,,,,,,,,,,,,,
dual_primal_sweep,32.0,32.0,1.0,100.0,16.0,1.90979675650238e-11,4.6436908860414405e-06,0.1299754157662391,636.1202545166016,0.1472075395286083,0.1686260402202606,0.2035835906863212,454.909553527832,0.2035835944116115,0.1472077593207359,0.3040368780493736,,,,,,,,,,,,,
dual_primal_sweep,32.0,32.0,1.0,100.0,32.0,1.952839062333012e-11,4.645291483029723e-06,0.1294928826391697,638.3205261230469,0.0920455660670995,0.1025940496474504,0.1308895088732242,1139.734893798828,0.1308895163238048,0.0920462440699338,0.1560330651700496,,,,,,,,,,,,,
dual_primal_sweep,32.0,32.0,1.0,1000.0,4.0,9.762580934630227e-12,3.7076461012475193e-06,0.219989862293005,823.1224517822266,0.3016573786735534,0.3128076940774917,0.3403024971485138,54.2657995223999,0.3403024971485138,0.3016574904322624,1.140147030353546,,,,,,,,,,,,,
dual_primal_sweep,32.0,32.0,1.0,1000.0,8.0,9.798044537170925e-12,3.6870399071631255e-06,0.2175004296004772,831.8092041015625,0.2330795265734195,0.244360439479351,0.2717757076025009,193.43515396118164,0.2717757076025009,0.2330796495079994,0.7734183669090271,,,,,,,,,,,,,
dual_primal_sweep,32.0,32.0,1.0,1000.0,16.0,9.458017702357324e-12,3.6457316809901386e-06,0.2189992405474186,819.7863311767578,0.1718329116702079,0.1800211630761623,0.2055877298116684,543.8719940185547,0.2055877298116684,0.171833373606205,0.3574606478214264,,,,,,,,,,,,,
dual_primal_sweep,32.0,32.0,1.0,1000.0,32.0,9.409390367559611e-12,3.626009061008517e-06,0.2175889648497104,823.0447082519531,0.1166062392294406,0.1207097172737121,0.1430444344878196,1214.95654296875,0.1430444382131099,0.1166068017482757,0.1190854031592607,,,,,,,,,,,,,
dual_primal_sweep,32.0,64.0,2.0,10.0,4.0,1.708196626683256e-12,1.3169545809432748e-06,0.0042901834240183,61.15548515319824,0.1975147798657417,0.2677452340722084,0.3772698640823364,96.18137741088869,0.3772698640823364,0.1926003098487854,0.189307477325201,,,,,,,,,,,,,
dual_primal_sweep,32.0,64.0,2.0,10.0,8.0,1.6996161964800969e-12,1.3064430675058247e-06,0.0043654529144987,60.98336410522461,0.1118935756385326,0.1514701396226883,0.2378132902085781,381.3072814941406,0.237813301384449,0.1007721368223428,0.0852966997772455,,,,,,,,,,,,,
dual_primal_sweep,32.0,64.0,2.0,10.0,16.0,1.7237194202372739e-12,1.316017829822158e-06,0.0042964784661307,60.85418701171875,0.0577572667971253,0.0712374430149793,0.1306561082601547,1267.4940490722656,0.1306561082601547,0.04060292057693,0.0265066558495163,,,,,,,,,,,,,
dual_primal_sweep,32.0,64.0,2.0,10.0,32.0,1.7129132042891654e-12,1.3133062850556598e-06,0.0043115086155012,61.067917823791504,0.0330741726793348,0.02292873384431,0.0544261457398533,3598.8892822265625,0.0544261466711759,0.0102914974559098,0.0040157915791496,,,,,,,,,,,,,
dual_primal_sweep,32.0,64.0,2.0,100.0,4.0,5.0660715856729036e-12,2.292970918915671e-06,0.0157177723012864,296.43724822998047,0.3742135316133499,0.4168193563818931,0.4833644554018974,153.65397262573242,0.483364462852478,0.3731566518545151,0.3773409426212311,,,,,,,,,,,,,
dual_primal_sweep,32.0,64.0,2.0,100.0,8.0,4.985926385300821e-12,2.278691056289972e-06,0.0155490459874272,293.5901107788086,0.2665844187140465,0.3074779212474823,0.3713287189602852,549.6245574951172,0.3713287115097046,0.2644646465778351,0.1890934780240059,,,,,,,,,,,,,
dual_primal_sweep,32.0,64.0,2.0,100.0,16.0,4.944420632473079e-12,2.271221831051662e-06,0.0156090375967323,293.7119140625,0.180585004389286,0.214772280305624,0.2732966393232345,1696.6607360839844,0.2732966467738151,0.176508292555809,0.0573184126988053,,,,,,,,,,,,,
dual_primal_sweep,32.0,64.0,2.0,100.0,32.0,4.920794132411144e-12,2.269333378990268e-06,0.0157211197074502,295.6134567260742,0.1056045088917017,0.12715744972229,0.1757519170641899,4323.5009765625,0.1757519207894802,0.0982437971979379,0.0079579122830182,,,,,,,,,,,,,
dual_primal_sweep,32.0,64.0,2.0,1000.0,4.0,1.2782753154583215e-11,3.933520588361716e-06,0.07176024466753,1003.951919555664,0.4123787581920624,0.4292371794581413,0.470533050596714,211.7686424255371,0.470533050596714,0.4122470989823341,0.8701793849468231,,,,,,,,,,,,,
dual_primal_sweep,32.0,64.0,2.0,1000.0,8.0,1.23572989948334e-11,3.893520556630392e-06,0.0725047793239355,997.8510894775392,0.323087215423584,0.3398958966135978,0.3819149285554886,703.6260070800781,0.3819149285554886,0.3228180259466171,0.3631261214613914,,,,,,,,,,,,,
dual_primal_sweep,32.0,64.0,2.0,1000.0,16.0,1.2622163514039442e-11,3.918857828466571e-06,0.0719166733324527,1003.5790863037108,0.2488108575344085,0.2632662802934646,0.303092285990715,2109.2437133789062,0.303092285990715,0.2482527904212474,0.0799841098487377,,,,,,,,,,,,,
dual_primal_sweep,32.0,64.0,2.0,1000.0,32.0,1.2570924553048646e-11,3.911613589480112e-06,0.0718416534364223,1000.4102935791016,0.1805098615586757,0.190334815531969,0.2276494726538658,4981.2813720703125,0.2276494763791561,0.1793242879211902,0.0062529083807021,,,,,,,,,,,,,
dual_primal_sweep,32.0,128.0,4.0,10.0,4.0,3.023819367641012e-12,1.7582308657893009e-06,0.0013543310051318,24.49541711807251,0.1302961148321628,0.1942546069622039,0.3406164944171905,370.7737045288086,0.3406164869666099,0.1183167789131403,0.0673379693180322,,,,,,,,,,,,,
dual_primal_sweep,32.0,128.0,4.0,10.0,8.0,3.0036005692173077e-12,1.7528947466871614e-06,0.0013530827127397,24.217153549194336,0.0600914852693676,0.0837135352194309,0.1872637048363685,1395.283721923828,0.1872637048363685,0.0398465618491172,0.0126368724741041,,,,,,,,,,,,,
dual_primal_sweep,32.0,128.0,4.0,10.0,16.0,3.020205559169792e-12,1.7673768297754575e-06,0.001342431991361,24.344959259033203,0.0344435945153236,0.0238360231742262,0.0785852763801813,4723.655029296875,0.0785852745175361,0.0075470166048035,0.0007696442626183,,,,,,,,,,,,,
dual_primal_sweep,32.0,128.0,4.0,10.0,32.0,3.000244312972161e-12,1.7553050781771162e-06,0.0013543955574277,24.271860122680664,0.0304771871306002,0.0032191904610954,0.0208024233579635,13657.66650390625,0.0208024242892861,0.0004673338771681,6.703834287691279e-06,,,,,,,,,,,,,
dual_primal_sweep,32.0,128.0,4.0,100.0,4.0,7.940812070394987e-12,2.8745421332132537e-06,0.0045500448904931,167.06746673583984,0.3590593039989471,0.4103721752762794,0.4971786886453628,576.5973510742188,0.4971786960959434,0.3570927008986473,0.1497956812381744,,,,,,,,,,,,,
dual_primal_sweep,32.0,128.0,4.0,100.0,8.0,8.060469175799612e-12,2.886524725909112e-06,0.0046201192308217,168.66330337524414,0.2550335898995399,0.299218088388443,0.3818365633487701,2105.8651123046875,0.3818365782499313,0.2506975904107094,0.0305075705982744,,,,,,,,,,,,,
dual_primal_sweep,32.0,128.0,4.0,100.0,16.0,8.054715965391535e-12,2.897846911764645e-06,0.0046004434116184,168.49934005737305,0.1576889716088771,0.1910817623138427,0.264805756509304,6606.776245117188,0.264805756509304,0.1495570987462997,0.0018812729977071,,,,,,,,,,,,,
dual_primal_sweep,32.0,128.0,4.0,100.0,32.0,7.992589446184639e-12,2.8793281217076583e-06,0.0046209020074456,167.6484336853027,0.0868073180317878,0.1036178134381771,0.1634667962789535,17423.2041015625,0.1634667962789535,0.0725033562630415,1.4974050600358169e-05,,,,,,,,,,,,,
dual_primal_sweep,32.0,128.0,4.0,1000.0,4.0,3.127280205628136e-11,5.877694434275327e-06,0.0258775749243795,1016.1448669433594,0.4748800173401832,0.4916396886110306,0.5430103540420532,859.4790344238281,0.5430103540420532,0.4746017083525657,0.4413968026638031,,,,,,,,,,,,,
dual_primal_sweep,32.0,128.0,4.0,1000.0,8.0,3.156347318927777e-11,5.881265906282351e-06,0.0263716150075197,1016.1709442138672,0.386273130774498,0.4017899334430694,0.4537087306380272,2959.323486328125,0.4537087306380272,0.3856983631849289,0.0829343479126691,,,,,,,,,,,,,
dual_primal_sweep,32.0,128.0,4.0,1000.0,16.0,3.179271429454289e-11,5.940864070907992e-06,0.0257472405210137,1015.385025024414,0.2975519225001335,0.3134594410657882,0.3641736805438995,8298.332153320312,0.3641736805438995,0.2964823022484779,0.0038995102513581,,,,,,,,,,,,,
dual_primal_sweep,32.0,128.0,4.0,1000.0,32.0,3.148124295970778e-11,5.933199872742989e-06,0.0257361009716987,1017.5806732177734,0.2202134616672992,0.2325728759169578,0.2809044644236564,20191.171875,0.2809044644236564,0.2179990522563457,1.6150373539858265e-05,,,,,,,,,,,,,
dual_primal_sweep,32.0,256.0,8.0,10.0,4.0,7.122189231607845e-12,2.7214800866204314e-06,0.000563041481655,15.811190605163574,0.0957405548542738,0.1465335972607135,0.3138126283884048,1402.646453857422,0.3138126283884048,0.0782245583832264,0.0160331069491803,,,,,,,,,,,,,
dual_primal_sweep,32.0,256.0,8.0,10.0,8.0,7.070784170844224e-12,2.7103312163490045e-06,0.0005633708206005,15.81481671333313,0.0458647264167666,0.0507670994848012,0.1566908359527588,5304.40234375,0.1566908359527588,0.0188377159647643,0.0008869068842614,,,,,,,,,,,,,
dual_primal_sweep,32.0,256.0,8.0,10.0,16.0,7.056119794360272e-12,2.685870697405335e-06,0.0005667933437507,15.672043085098268,0.0316673880442976,0.0093948652502149,0.0562446285039186,18314.3232421875,0.0562446285039186,0.0017170464270748,5.0925931418532855e-06,,,,,,,,,,,,,
dual_primal_sweep,32.0,256.0,8.0,10.0,32.0,7.138457034684687e-12,2.692894895517384e-06,0.0005624078767141,15.7623131275177,0.0307097374461591,0.0006062899774406,0.0107874169480055,53560.4931640625,0.0107874171808362,2.77426356660726e-05,4.954781862576141e-10,,,,,,,,,,,,,
dual_primal_sweep,32.0,256.0,8.0,100.0,4.0,1.7020324819677635e-11,4.1850781826724415e-06,0.0018523871840443,128.8185272216797,0.3529964163899421,0.4065995663404464,0.506321981549263,2315.604736328125,0.5063219666481018,0.3503545075654983,0.0392585294321179,,,,,,,,,,,,,
dual_primal_sweep,32.0,256.0,8.0,100.0,8.0,1.70557699907814e-11,4.202186119073303e-06,0.0018840560805983,128.6992149353027,0.235098872333765,0.2812442779541015,0.3753998354077339,8131.085815429687,0.3753998205065727,0.2296424582600593,0.0023520376416854,,,,,,,,,,,,,
dual_primal_sweep,32.0,256.0,8.0,100.0,16.0,1.7187553897485275e-11,4.222053917146695e-06,0.0018887954065576,128.3152675628662,0.141477569937706,0.1722944304347038,0.2555868327617645,25958.62939453125,0.2555868327617645,0.1305388361215591,1.3672352679350295e-05,,,,,,,,,,,,,
dual_primal_sweep,32.0,256.0,8.0,100.0,32.0,1.7570344484907352e-11,4.286341436454677e-06,0.0018721910309977,129.09380912780762,0.0755545664578676,0.086248705163598,0.1510821804404258,68046.375,0.1510821878910064,0.0572329796850681,1.2567850093958555e-09,,,,,,,,,,,,,
dual_primal_sweep,32.0,256.0,8.0,1000.0,4.0,7.500200460697215e-11,8.91549393600144e-06,0.0102786305360496,1015.9447326660156,0.5044765770435333,0.5240439176559448,0.5812029242515564,3228.808837890625,0.5812029242515564,0.5041663497686386,0.1354172006249427,,,,,,,,,,,,,
dual_primal_sweep,32.0,256.0,8.0,1000.0,8.0,7.528068966811129e-11,8.929128171075718e-06,0.0102253223303705,1010.7911224365234,0.4125280454754829,0.4311800003051758,0.4883481785655021,11183.16162109375,0.4883481785655021,0.4118681699037552,0.0077347798505797,,,,,,,,,,,,,
dual_primal_sweep,32.0,256.0,8.0,1000.0,16.0,7.448216696182007e-11,8.85126519278856e-06,0.0104566544760018,1010.9692993164062,0.328159786760807,0.3448710739612579,0.4026096388697624,33207.98046875,0.4026096612215042,0.3267691284418106,3.641505736595718e-05,,,,,,,,,,,,,
dual_primal_sweep,32.0,256.0,8.0,1000.0,32.0,7.44736945723634e-11,8.892587175068911e-06,0.0102349545340985,1013.877899169922,0.2413640469312667,0.2536134086549282,0.3078280538320541,80444.046875,0.3078280538320541,0.2385698854923248,2.4533263753845347e-09,,,,,,,,,,,,,
train_cond10,,,,,,,,,,,,,,,,,1.0,10.0,10.0,0.873569130897522,0.7975350022315979,0.801515519618988,0.8946716785430908,0.0396668538451194,0.0007186486618593,0.965946078300476,0.7975350022315979,0.1793011277914047,4.851820468902588
train_cond10,,,,,,,,,,,,,,,,,250.0,10.0,10.0,0.1737313866615295,0.1816850304603576,0.1836536079645156,0.4202654957771301,0.042472343891859,0.000817509018816,0.8270031213760376,0.1816850304603576,-0.0284071452915668,4.851067543029785
train_cond10,,,,,,,,,,,,,,,,,500.0,10.0,10.0,0.1211169138550758,0.1209960579872131,0.1231660917401313,0.3444852232933044,0.0435146987438201,0.0006919893203303,0.8071780204772949,0.1209960579872131,-0.0001216108212247,4.8510918617248535
train_cond10,,,,,,,,,,,,,,,,,750.0,10.0,10.0,0.1044474318623542,0.1076926961541175,0.1097677052021026,0.3219375312328338,0.0409583896398544,0.0007013211143203,0.8232719302177429,0.1076926961541175,0.0206673666834831,4.851070880889893
train_cond10,,,,,,,,,,,,,,,,,1000.0,10.0,10.0,0.1078167408704757,0.1038544997572898,0.1053028926253318,0.315548837184906,0.0411168001592159,0.0007338049472309,0.8129725456237793,0.1038544997572898,0.040629968047142,4.851025581359863
train_cond10,,,,,,,,,,,,,,,,,1250.0,10.0,10.0,0.1044296622276306,0.1012104004621505,0.1027979776263237,0.3102383613586426,0.0423648133873939,0.0007696845568716,0.7924779653549194,0.1012104004621505,0.0556773841381073,4.850955009460449
train_cond10,,,,,,,,,,,,,,,,,1500.0,10.0,10.0,0.0881309360265731,0.0982979163527488,0.0999542623758316,0.3066956400871277,0.0438853278756141,0.0007243836298584,0.7624508142471313,0.0982979163527488,0.0775069072842598,4.8508620262146
train_cond10,,,,,,,,,,,,,,,,,1750.0,10.0,10.0,0.0772517696022987,0.0808038339018821,0.0821218192577362,0.2793147265911102,0.0401986539363861,0.0006681837840005,0.6702706813812256,0.0808038339018821,0.1110989078879356,4.850674629211426
train_cond10,,,,,,,,,,,,,,,,,2000.0,10.0,10.0,0.0654620602726936,0.0634524375200271,0.0647430717945098,0.2486702799797058,0.0420466661453247,0.0006750074098818,0.5337280035018921,0.0634524375200271,0.1404727101325988,4.850353240966797
train_cond10,,,,,,,,,,,,,,,,,2250.0,10.0,10.0,0.0451746694743633,0.0448500923812389,0.0459146574139595,0.2073447108268737,0.041188295930624,0.0006529632373712,0.4128653407096863,0.0448500923812389,0.1824001967906952,4.8499040603637695
train_cond10,,,,,,,,,,,,,,,,,2500.0,10.0,10.0,0.027542658150196,0.0283720884472131,0.0293753258883953,0.1642748713493347,0.0424303039908409,0.0006910668453201,0.3755068480968475,0.0283720884472131,0.2241877317428589,4.849470615386963
train_cond10,,,,,,,,,,,,,,,,,2750.0,10.0,10.0,0.0165143311023712,0.0164913013577461,0.0173892229795455,0.1224623024463653,0.0430269241333007,0.0007258717669174,0.376954436302185,0.0164913013577461,0.2338001430034637,4.849208831787109
train_cond10,,,,,,,,,,,,,,,,,3000.0,10.0,10.0,0.0166335366666317,0.0090005351230502,0.0096110142767429,0.0904249548912048,0.0427306741476058,0.0008007584838196,0.4078152775764465,0.0090005351230502,0.2215882390737533,4.849240303039551
train_cond10,,,,,,,,,,,,,,,,,3250.0,10.0,10.0,0.0053800819441676,0.0054253842681646,0.0060554258525371,0.0709862560033798,0.0402537584304809,0.0006557322340086,0.3951928615570068,0.0054253842681646,0.1980800628662109,4.84932804107666
train_cond10,,,,,,,,,,,,,,,,,3500.0,10.0,10.0,0.0060481233522295,0.0048477412201464,0.0054217353463172,0.0670041888952255,0.0403894484043121,0.0006945360219106,0.4044822752475738,0.0048477412201464,0.1841201782226562,4.849354267120361
train_cond10,,,,,,,,,,,,,,,,,3750.0,10.0,10.0,0.0049565420486032,0.0050786659121513,0.0057661989703774,0.0692947059869766,0.0437518507242202,0.0007836386212147,0.4158913493156433,0.0050786659121513,0.1779787242412567,4.849394798278809
train_cond10,,,,,,,,,,,,,,,,,4000.0,10.0,10.0,0.0046606510877609,0.0050290930084884,0.0056923832744359,0.0672697275876998,0.042030431330204,0.0007291858200915,0.4151782989501953,0.0050290930084884,0.1698957681655883,4.849396705627441
train_cond10,,,,,,,,,,,,,,,,,4250.0,10.0,10.0,0.004483678843826,0.0045118755660951,0.0052008824422955,0.0646199584007263,0.0409282520413398,0.0007310110959224,0.3989312648773193,0.0045118755660951,0.1636505126953125,4.849375247955322
train_cond10,,,,,,,,,,,,,,,,,4500.0,10.0,10.0,0.0044700028374791,0.0042382692918181,0.0049382764846086,0.0625474080443382,0.0413961037993431,0.0006378102698363,0.3952518701553345,0.0042382692918181,0.1551664769649505,4.849379062652588
train_cond10,,,,,,,,,,,,,,,,,4750.0,10.0,10.0,0.0039478642866015,0.004174527246505,0.0048438543453812,0.0626446008682251,0.0412477068603038,0.0006418919074349,0.3919524550437927,0.004174527246505,0.140324518084526,4.8493733406066895
train_cond10,,,,,,,,,,,,,,,,,5000.0,10.0,10.0,0.0038350387476384,0.0041251359507441,0.0048306994140148,0.0612770244479179,0.0429563857614994,0.0007629974279552,0.3895455002784729,0.0041251359507441,0.1363188624382019,4.8493475914001465
train_cond10,,,,,,,,,,,,,,,,,5250.0,10.0,10.0,0.0037490124814212,0.0037716226652264,0.0043904315680265,0.0598807595670223,0.0392267778515815,0.0006588397664017,0.367076575756073,0.0037716226652264,0.1241814941167831,4.849307537078857
train_cond10,,,,,,,,,,,,,,,,,5500.0,10.0,10.0,0.0041911704465746,0.0037227123975753,0.0044167805463075,0.0575220063328743,0.0406573452055454,0.000700878095813,0.3826155364513397,0.0037227123975753,0.1338566541671753,4.849279403686523
train_cond10,,,,,,,,,,,,,,,,,5750.0,10.0,10.0,0.0037230590824037,0.0035343065392225,0.004188316874206,0.0562967658042907,0.0443047508597373,0.0007289534551091,0.4026178419589996,0.0035343065392225,0.1291794776916504,4.849308013916016
train_cond10,,,,,,,,,,,,,,,,,6000.0,10.0,10.0,0.0047946800477802,0.0037971874698996,0.0044075977057218,0.058473914861679,0.0417835600674152,0.0006872402736917,0.3868183493614197,0.0037971874698996,0.1238130331039428,4.849283218383789
train_cond10,,,,,,,,,,,,,,,,,6250.0,10.0,10.0,0.0037938852328807,0.0038974769413471,0.0045249219983816,0.0587209053337574,0.0417577624320983,0.0007077879272401,0.3906832039356231,0.0038974769413471,0.1157599836587905,4.849323272705078
train_cond10,,,,,,,,,,,,,,,,,6500.0,10.0,10.0,0.0050300462171435,0.0036462461575865,0.0043390244245529,0.0576219856739044,0.0436673387885093,0.0007412874838337,0.3923761248588562,0.0036462461575865,0.1232293769717216,4.849272727966309
train_cond10,,,,,,,,,,,,,,,,,6750.0,10.0,10.0,0.0035638869740068,0.0033784806728363,0.0039951270446181,0.0565388277173042,0.0403833240270614,0.0006914305267855,0.3792473673820495,0.0033784806728363,0.1221759915351867,4.849291324615479
train_cond10,,,,,,,,,,,,,,,,,7000.0,10.0,10.0,0.0041543096303939,0.0036478964611887,0.0044088773429393,0.0568763092160224,0.0436596646904945,0.0006985690561123,0.3888623416423797,0.0036478964611887,0.1221392452716827,4.849274635314941
train_cond10,,,,,,,,,,,,,,,,,7250.0,10.0,10.0,0.0035749513190239,0.0034338964615017,0.0040925247594714,0.0559543669223785,0.0406829491257667,0.0006883435416966,0.3801344633102417,0.0034338964615017,0.1192184537649154,4.849298477172852
train_cond10,,,,,,,,,,,,,,,,,7500.0,10.0,10.0,0.0038413496222347,0.0050603291019797,0.0056456550955772,0.0583138577640056,0.0396137498319149,0.0007367758080363,0.3815265297889709,0.0050603291019797,0.1170821711421012,4.849292755126953
train_cond10,,,,,,,,,,,,,,,,,7750.0,10.0,10.0,0.003514424432069,0.0032431483268737,0.0038726930506527,0.0550701878964901,0.0402870886027812,0.0006381259299814,0.3769945204257965,0.0032431483268737,0.1165856048464775,4.849277496337891
train_cond10,,,,,,,,,,,,,,,,,8000.0,10.0,10.0,0.0036045641172677,0.0040838010609149,0.0047014700248837,0.0582923144102096,0.0419046580791473,0.0007348359795287,0.3786051869392395,0.0040838010609149,0.1147274300456047,4.849270820617676
train_cond10,,,,,,,,,,,,,,,,,8250.0,10.0,10.0,0.0037184292450547,0.0037432946264743,0.0043699974194169,0.0583091862499713,0.0429913476109504,0.0007662323769181,0.3770763576030731,0.0037432946264743,0.1145934611558914,4.849287986755371
train_cond10,,,,,,,,,,,,,,,,,8500.0,10.0,10.0,0.0038926352281123,0.0042438046075403,0.0049098352901637,0.0591536350548267,0.0414326265454292,0.00068604957778,0.3867570459842682,0.0042438046075403,0.1116990447044372,4.849288940429688
train_cond10,,,,,,,,,,,,,,,,,8750.0,10.0,10.0,0.0034681828692555,0.0036319021601229,0.0042891232296824,0.0570704378187656,0.0420052520930767,0.0007231052732095,0.3918668925762176,0.0036319021601229,0.1191911995410919,4.849294662475586
train_cond10,,,,,,,,,,,,,,,,,9000.0,10.0,10.0,0.0045092375949025,0.004664889536798,0.0053263306617736,0.0656861886382103,0.040762536227703,0.0007263501174747,0.3894270658493042,0.004664889536798,0.1056447327136993,4.849318504333496
train_cond10,,,,,,,,,,,,,,,,,9250.0,10.0,10.0,0.0033043313305824,0.003073779400438,0.0036919908598065,0.0540789104998111,0.0387222245335578,0.000611602445133,0.3689902722835541,0.003073779400438,0.1063957959413528,4.84926700592041
train_cond10,,,,,,,,,,,,,,,,,9500.0,10.0,10.0,0.0040344446897506,0.0038986837025731,0.0045602167956531,0.0607131347060203,0.04200891405344,0.0006744337733834,0.3879151046276092,0.0038986837025731,0.1028016954660415,4.849306583404541
train_cond10,,,,,,,,,,,,,,,,,9750.0,10.0,10.0,0.0038420888595283,0.0039845341816544,0.0045612934045493,0.0592167600989341,0.0451174676418304,0.0007889079861342,0.3997593820095062,0.0039845341816544,0.1000769883394241,4.849254131317139
train_cond10,,,,,,,,,,,,,,,,,10000.0,10.0,10.0,0.0040087816305458,0.0039609912782907,0.0046454910188913,0.0610197968780994,0.0406910553574562,0.0006382105057127,0.3768382668495178,0.0039609912782907,0.0993024632334709,4.849294662475586
train_cond10,,,,,,,,,,,,,,,,,10250.0,10.0,10.0,0.0047096917405724,0.0038897271733731,0.0044651385396718,0.0575625300407409,0.04205834120512,0.0006176642491482,0.3861524760723114,0.0038897271733731,0.1041194051504135,4.849265098571777
train_cond10,,,,,,,,,,,,,,,,,10500.0,10.0,10.0,0.003662362229079,0.0036295873578637,0.0042776064947247,0.0565637312829494,0.0425312593579292,0.0007486490067094,0.3823574185371399,0.0036295873578637,0.0950598418712616,4.849238395690918
train_cond10,,,,,,,,,,,,,,,,,10750.0,10.0,10.0,0.0034557897597551,0.0036304579116404,0.004267961718142,0.0571845918893814,0.0433581545948982,0.0007217393722385,0.3892233967781067,0.0036304579116404,0.0935056954622268,4.849245071411133
train_cond10,,,,,,,,,,,,,,,,,11000.0,10.0,10.0,0.0039062439464032,0.0035440963692963,0.0042217257432639,0.0573741048574447,0.0434908755123615,0.0007104504620656,0.3827614784240722,0.0035440963692963,0.0930150151252746,4.849247932434082
train_cond10,,,,,,,,,,,,,,,,,11250.0,10.0,10.0,0.0028801807202398,0.0036369790323078,0.0043239989317953,0.0575819388031959,0.0420027822256088,0.0007586040301248,0.3861788511276245,0.0036369790323078,0.0867176055908203,4.849246025085449
train_cond10,,,,,,,,,,,,,,,,,11500.0,10.0,10.0,0.0043068160302937,0.003813395043835,0.0045552575029432,0.0585170686244964,0.0456539876759052,0.0007626577862538,0.404921144247055,0.003813395043835,0.0916161984205246,4.849214553833008
train_cond10,,,,,,,,,,,,,,,,,11750.0,10.0,10.0,0.0037163379602134,0.0035658376291394,0.0041539352387189,0.0578199252486228,0.0393003039062023,0.0006896061822772,0.3741110563278198,0.0035658376291394,0.0852827727794647,4.849218368530273
train_cond10,,,,,,,,,,,,,,,,,12000.0,10.0,10.0,0.0036654518917202,0.0034560589119791,0.0041078343056142,0.0571780353784561,0.0405090488493442,0.0006797517999075,0.3782672584056854,0.0034560589119791,0.0811496749520301,4.849226474761963
train_cond10,,,,,,,,,,,,,,,,,12250.0,10.0,10.0,0.0035174884833395,0.0034991467837244,0.0041254367679357,0.0565119013190269,0.0416332185268402,0.0007121060043573,0.3810758590698242,0.0034991467837244,0.0847504585981369,4.849201202392578
train_cond10,,,,,,,,,,,,,,,,,12500.0,10.0,10.0,0.0033191624097526,0.0034323916770517,0.0040576364845037,0.0563632659614086,0.0410847514867782,0.0007110722945071,0.3734327554702759,0.0034323916770517,0.0776641219854354,4.8491973876953125
train_cond10,,,,,,,,,,,,,,,,,12750.0,10.0,10.0,0.0042049647308886,0.0036038728430867,0.0042315460741519,0.0564008131623268,0.0425024032592773,0.0006793275824747,0.3872548937797546,0.0036038728430867,0.0729904696345329,4.849209308624268
train_cond10,,,,,,,,,,,,,,,,,13000.0,10.0,10.0,0.0039937738329172,0.0035896564368158,0.0042157056741416,0.0580426268279552,0.0419934950768947,0.0007159220986068,0.3807600140571594,0.0035896564368158,0.0729632526636123,4.849212646484375
train_cond10,,,,,,,,,,,,,,,,,13250.0,10.0,10.0,0.0035961512476205,0.0033129949588328,0.0039502326399087,0.0547338537871837,0.0412279814481735,0.0007399856694974,0.3777541518211365,0.0033129949588328,0.0727673172950744,4.849184989929199
train_cond10,,,,,,,,,,,,,,,,,13500.0,10.0,10.0,0.0032506370916962,0.00325987348333,0.0039508980698883,0.0554421655833721,0.041119035333395,0.000739119539503,0.3750317096710205,0.00325987348333,0.0659766644239425,4.849184513092041
train_cond10,,,,,,,,,,,,,,,,,13750.0,10.0,10.0,0.0068532451987266,0.0201710015535354,0.0207806527614593,0.0621668845415115,0.041658628731966,0.0006402186700142,0.3744905591011047,0.0201710015535354,0.073871299624443,4.849160671234131
train_cond10,,,,,,,,,,,,,,,,,14000.0,10.0,10.0,0.0034192653838545,0.0035525432322174,0.0041443374939262,0.0568675473332405,0.0440844148397445,0.0007036613533273,0.4002708494663238,0.0035525432322174,0.0663575530052185,4.849201679229736
train_cond10,,,,,,,,,,,,,,,,,14250.0,10.0,10.0,0.0036287771072238,0.0036255749873816,0.0042759301140904,0.0579967983067035,0.0418769419193267,0.0007599260425195,0.3799987435340881,0.0036255749873816,0.0633420348167419,4.849190711975098
train_cond10,,,,,,,,,,,,,,,,,14500.0,10.0,10.0,0.003240248421207,0.0036874727811664,0.0042896242812275,0.0569159649312496,0.0439148619771003,0.0006729348679073,0.389437198638916,0.0036874727811664,0.0586029663681983,4.849178791046143
train_cond10,,,,,,,,,,,,,,,,,14750.0,10.0,10.0,0.0036185598000884,0.0034964315127581,0.0041700429283082,0.0567752234637737,0.0421756133437156,0.0006718761287629,0.3839936852455139,0.0034964315127581,0.0557315349578857,4.849175930023193
train_cond10,,,,,,,,,,,,,,,,,15000.0,10.0,10.0,0.0037122687790542,0.0035447718109935,0.004249938763678,0.056642971932888,0.0409520044922828,0.0006852737860754,0.3795809745788574,0.0035447718109935,0.0573487728834152,4.849167346954346
train_cond10,,,,,,,,,,,,,,,,,15250.0,10.0,10.0,0.0033731595613062,0.0035307137295603,0.0041668028570711,0.0575711503624916,0.0416725389659404,0.0006776415975764,0.3774529695510864,0.0035307137295603,0.054974228143692,4.849162578582764
train_cond10,,,,,,,,,,,,,,,,,15500.0,10.0,10.0,0.0039875218644738,0.0037494918797165,0.0044986861757934,0.0600458160042762,0.0394596382975578,0.0006269852747209,0.3686877489089966,0.0037494918797165,0.04151002317667,4.849213600158691
train_cond10,,,,,,,,,,,,,,,,,15750.0,10.0,10.0,0.003221636172384,0.0035874927416443,0.004305399954319,0.0579785406589508,0.0409656092524528,0.0007089764112606,0.3842566013336181,0.0035874927416443,0.0443677119910717,4.849143028259277
train_cond10,,,,,,,,,,,,,,,,,16000.0,10.0,10.0,0.0031768409535288,0.0033799505326896,0.0040249032899737,0.0558829344809055,0.0411586090922355,0.0007298024720512,0.3735202550888061,0.0033799505326896,0.0409304425120353,4.849148750305176
train_cond10,,,,,,,,,,,,,,,,,16250.0,10.0,10.0,0.0035707959905266,0.003426996525377,0.0040401984006166,0.0567799359560012,0.0405461862683296,0.0006316303042694,0.3761768937110901,0.003426996525377,0.0413563922047615,4.849153995513916
train_cond10,,,,,,,,,,,,,,,,,16500.0,10.0,10.0,0.0032751732505857,0.0035513222683221,0.0042053293436765,0.0561003014445304,0.0417015850543975,0.0007037024479359,0.3788132071495056,0.0035513222683221,0.0409775376319885,4.849132537841797
train_cond10,,,,,,,,,,,,,,,,,16750.0,10.0,10.0,0.0032613582443445,0.0036031906493008,0.0042459601536393,0.0565703585743904,0.0412578806281089,0.0006713011534884,0.3744756579399109,0.0036031906493008,0.0316166430711746,4.849133014678955
train_cond10,,,,,,,,,,,,,,,,,17000.0,10.0,10.0,0.0032583982683718,0.003429536242038,0.0040330300107598,0.0565915890038013,0.0424306690692901,0.0006625407841056,0.3834196031093597,0.003429536242038,0.0254004523158073,4.849113464355469
train_cond10,,,,,,,,,,,,,,,,,17250.0,10.0,10.0,0.0042010280303657,0.0043306741863489,0.0050110537558794,0.0616459958255291,0.0425050258636474,0.0007841567276045,0.3886321485042572,0.0043306741863489,0.0257317535579204,4.849166393280029
train_cond10,,,,,,,,,,,,,,,,,17500.0,10.0,10.0,0.0035933123435825,0.0041586370207369,0.0048732189461588,0.0583195686340332,0.0421358533203601,0.0007801806204952,0.3944188058376312,0.0041586370207369,0.0201243869960308,4.849106788635254
train_cond10,,,,,,,,,,,,,,,,,17750.0,10.0,10.0,0.0033977469429373,0.0033871727064251,0.0040590781718492,0.0552710145711898,0.0424282252788543,0.000663842423819,0.3887675404548645,0.0033871727064251,0.0151364430785179,4.849092483520508
train_cond10,,,,,,,,,,,,,,,,,18000.0,10.0,10.0,0.0037165828980505,0.0034911180846393,0.0041262861341238,0.056587778031826,0.0431465953588485,0.0007895262679085,0.3920709490776062,0.0034911180846393,0.0214156173169612,4.849101066589356
train_cond10,,,,,,,,,,,,,,,,,18250.0,10.0,10.0,0.0032152677886188,0.0034108040854334,0.0040088729001581,0.0562556311488151,0.0437563210725784,0.0007883596699684,0.3838385939598083,0.0034108040854334,0.0176784396171569,4.849065780639648
train_cond10,,,,,,,,,,,,,,,,,18500.0,10.0,10.0,0.0033788629807531,0.0036181691102683,0.0042484449222683,0.0571838393807411,0.0420427173376083,0.000654884497635,0.3796864449977875,0.0036181691102683,0.0047789178788661,4.84907341003418
train_cond10,,,,,,,,,,,,,,,,,18750.0,10.0,10.0,0.0038761650212109,0.0035719601437449,0.0042336229234933,0.0583460144698619,0.0403317213058471,0.0007411140250042,0.3747059106826782,0.0035719601437449,0.004724602214992,4.849079132080078
train_cond10,,,,,,,,,,,,,,,,,19000.0,10.0,10.0,0.0033581159077584,0.0034548186231404,0.0040719918906688,0.0549335367977619,0.0412500947713851,0.0007299999706447,0.3823815584182739,0.0034548186231404,0.0068467706441879,4.849068641662598
train_cond10,,,,,,,,,,,,,,,,,19250.0,10.0,10.0,0.0043052090331912,0.0030175705906003,0.0036530892830342,0.053443506360054,0.0401634573936462,0.0006656945915892,0.3679015338420868,0.0030175705906003,-0.0029884492978453,4.849052429199219
train_cond10,,,,,,,,,,,,,,,,,19500.0,10.0,10.0,0.003340417984873,0.0032872268930077,0.0039481432177126,0.0542484521865844,0.0425851866602897,0.000793031649664,0.3822589814662933,0.0032872268930077,-0.0044562667608261,4.849028587341309
train_cond10,,,,,,,,,,,,,,,,,19750.0,10.0,10.0,0.0035432507283985,0.0034079069737344,0.0040648039430379,0.0563530810177326,0.0391922891139984,0.0007615578360855,0.3722367584705353,0.0034079069737344,-0.0140958502888679,4.849033832550049
train_cond10,,,,,,,,,,,,,,,,,20000.0,10.0,10.0,0.0035812226124107,0.0038296158891171,0.0044962195679545,0.0589800626039505,0.0417606271803379,0.000789396406617,0.3862900733947754,0.0038296158891171,-0.0090927705168724,4.849055767059326
train_condmix,,,,,,,,,,,,,,,,,1.0,488.4765313390346,328.0264061679064,0.8705118894577026,0.8113390207290649,0.8394619226455688,0.9130730032920836,0.3421110510826111,0.0039807334542274,0.9435815811157228,0.8113390207290649,0.4897986948490143,4.851823806762695
train_condmix,,,,,,,,,,,,,,,,,250.0,230.1407585586196,130.83124439818644,0.4794744253158569,0.4602501988410949,0.4746923446655273,0.6765879988670349,0.2786488831043243,0.0025846387725323,0.8756877779960632,0.4602501988410949,0.2273845076560974,4.851159572601318
train_condmix,,,,,,,,,,,,,,,,,500.0,49.63127756479683,10.469561265225318,0.3509897589683532,0.2399505376815796,0.2427403628826141,0.489467591047287,0.0464439019560813,0.0007023816579021,0.7977346181869507,0.2399505376815796,0.0809092968702316,4.851205825805664
train_condmix,,,,,,,,,,,,,,,,,750.0,266.0484792047999,12.27455631224417,0.4475448727607727,0.2422182708978653,0.2450840771198272,0.4863230884075165,0.0542711839079856,0.0007496228208765,0.802678108215332,0.2422182708978653,0.0706832259893417,4.8510942459106445
train_condmix,,,,,,,,,,,,,,,,,1000.0,312.2941878609301,23.730624663295558,0.471920907497406,0.2841026186943054,0.2877988517284393,0.527359127998352,0.1089744567871093,0.0010230623884126,0.8122210502624512,0.2841026186943054,0.091920755803585,4.850974082946777
train_condmix,,,,,,,,,,,,,,,,,1250.0,999.4547088201192,10.940054379030002,0.7073451280593872,0.2180597633123397,0.2202299088239669,0.4581390023231506,0.0480411872267723,0.0007922876393422,0.7957009673118591,0.2180597633123397,0.0614782683551311,4.850923538208008
train_condmix,,,,,,,,,,,,,,,,,1500.0,38.25768500454214,77.97836208920599,0.29976686835289,0.3474230766296386,0.3569493293762207,0.5858879089355469,0.2313187718391418,0.0017540309345349,0.8317021131515503,0.3474230766296386,0.1530495285987854,4.85087776184082
train_condmix,,,,,,,,,,,,,,,,,1750.0,977.9215007470208,168.6209235962402,0.7323713898658752,0.4083005487918854,0.4246452748775482,0.6388362050056458,0.2942762970924377,0.0026386734098196,0.8489925861358643,0.4083005487918854,0.2158484756946563,4.850756645202637
train_condmix,,,,,,,,,,,,,,,,,2000.0,102.62825343040151,149.1432196492598,0.3353061974048614,0.3758918344974518,0.3921191394329071,0.6182857751846313,0.2886421382427215,0.0022785146720707,0.8296423554420471,0.3758918344974518,0.2178894579410553,4.85072135925293
train_condmix,,,,,,,,,,,,,,,,,2250.0,131.08756935109278,41.472278358546376,0.3518302142620086,0.2808006703853607,0.2857049703598022,0.5286640524864197,0.1638502031564712,0.0011438725050538,0.7618036270141602,0.2808006703853607,0.1516603678464889,4.85071325302124
train_condmix,,,,,,,,,,,,,,,,,2500.0,963.6342558373418,260.91214554199297,0.6043643355369568,0.4070650935173034,0.4323744177818298,0.6380894780158997,0.3350397944450378,0.003427468938753,0.8204235434532166,0.4070650935173034,0.308313637971878,4.850513458251953
train_condmix,,,,,,,,,,,,,,,,,2750.0,686.1327721800279,74.90536693350391,0.5938930511474609,0.2838131189346313,0.2931495606899261,0.5225532650947571,0.2321041375398636,0.0017269286327064,0.7733057737350464,0.2838131189346313,0.2519400119781494,4.850432395935059
train_condmix,,,,,,,,,,,,,,,,,3000.0,96.05145999466714,262.36889369546793,0.2739360630512237,0.3904577195644378,0.4118437469005584,0.616051435470581,0.3465217053890228,0.0038089663721621,0.7493314743041992,0.3904577195644378,0.4039861261844635,4.8500657081604
train_condmix,,,,,,,,,,,,,,,,,3250.0,298.18489214151066,15.1266346716862,0.3047323822975158,0.4654495418071747,0.4654554724693298,0.6705071926116943,0.0687768310308456,0.000760807772167,0.399519145488739,0.4654495418071747,0.2140925824642181,4.85004472732544
train_condmix,,,,,,,,,,,,,,,,,3500.0,424.1751412593219,688.5553558417768,0.3089505732059479,0.3309661746025085,0.3728924691677093,0.5803500413894653,0.3743415474891662,0.0057878685183823,0.5443400144577026,0.3309661746025085,0.5446586608886719,4.848813533782959
train_condmix,,,,,,,,,,,,,,,,,3750.0,887.92652923365,843.0553312675397,0.3017093539237976,0.3221470713615417,0.3711422681808471,0.5784955024719238,0.3946881890296936,0.0065831998363137,0.5650641322135925,0.3221470713615417,0.5610134601593018,4.848155975341797
train_condmix,,,,,,,,,,,,,,,,,4000.0,18.45619636925585,32.136434117952085,0.1795187592506408,0.0924518108367919,0.0946420431137085,0.296584814786911,0.1432584375143051,0.0011414629407227,0.5905184745788574,0.0924518108367919,0.2859949469566345,4.848758697509766
train_condmix,,,,,,,,,,,,,,,,,4250.0,12.486843008829377,41.061570620634335,0.4241175651550293,0.0874051451683044,0.0905616804957389,0.2914673686027527,0.162167876958847,0.0013057446340098,0.5908834934234619,0.0874051451683044,0.2923482060432434,4.848433494567871
train_condmix,,,,,,,,,,,,,,,,,4500.0,12.26297812347879,15.931727475336883,0.3649992942810058,0.1976915597915649,0.1975505650043487,0.4273576438426971,0.0749443024396896,0.0007587465224787,0.5626580119132996,0.1976915597915649,0.2084636986255645,4.848572254180908
train_condmix,,,,,,,,,,,,,,,,,4750.0,246.81855142387687,44.7643939756437,0.1835316717624664,0.0614085122942924,0.0644115135073661,0.2429695725440979,0.1734559535980224,0.0011979135451838,0.5184677243232727,0.0614085122942924,0.2560401558876037,4.847999572753906
train_condmix,,,,,,,,,,,,,,,,,5000.0,49.946213778247625,785.2534213607403,0.0559847131371498,0.2647860050201416,0.3120985627174377,0.520063042640686,0.3832094073295593,0.0062651047483086,0.6106778383255005,0.2647860050201416,0.4606997370719909,4.847121238708496
train_condmix,,,,,,,,,,,,,,,,,5250.0,102.36438266856608,27.81329539155858,0.0848361551761627,0.0899818912148475,0.0900521799921989,0.2956780195236206,0.1176968291401863,0.0009787552990019,0.4579952657222748,0.0899818912148475,0.1750469654798507,4.84785795211792
train_condmix,,,,,,,,,,,,,,,,,5500.0,250.5956603602465,56.69943667399175,0.1679620742797851,0.0519657880067825,0.0554028376936912,0.2214795798063278,0.1961414217948913,0.0014971253694966,0.6922125816345215,0.0519657880067825,0.2270697057247162,4.847808837890625
train_condmix,,,,,,,,,,,,,,,,,5750.0,237.6163372004984,67.77751104892725,0.1547832638025283,0.0632343888282775,0.0669865682721138,0.2422007620334625,0.2258278578519821,0.0016015582950785,0.5817701816558838,0.0632343888282775,0.2160093486309051,4.8477067947387695
train_condmix,,,,,,,,,,,,,,,,,6000.0,18.021482960673765,931.9395588946531,0.071025401353836,0.316578060388565,0.3651102781295776,0.5540969371795654,0.3911014795303345,0.0066922511905431,0.6339514255523682,0.316578060388565,0.4193826913833618,4.847105026245117
train_condmix,,,,,,,,,,,,,,,,,6250.0,132.76538848478066,26.18386866721844,0.1165953427553176,0.0355636551976203,0.0364581607282161,0.1838123500347137,0.121119275689125,0.001015578629449,0.5737214088439941,0.0355636551976203,0.1354077905416488,4.84794807434082
train_condmix,,,,,,,,,,,,,,,,,6500.0,990.8459788465298,165.57154029087982,0.6814785003662109,0.123145192861557,0.1350884735584259,0.3437666893005371,0.3015432357788086,0.0027467375621199,0.7071614265441895,0.123145192861557,0.2556390464305877,4.847531795501709
train_condmix,,,,,,,,,,,,,,,,,6750.0,97.31323737647764,252.85938716449323,0.0728213340044021,0.1324613392353058,0.1476037204265594,0.363729178905487,0.3215292096138,0.0031728502362966,0.6622329950332642,0.1324613392353058,0.2736718654632568,4.847380638122559
train_condmix,,,,,,,,,,,,,,,,,7000.0,41.99990101215706,808.6896739326339,0.0337479263544082,0.2283306419849395,0.2740203142166137,0.4765719175338745,0.3917105793952942,0.0057713445276021,0.724610447883606,0.2283306419849395,0.3684166669845581,4.847105979919434
train_condmix,,,,,,,,,,,,,,,,,7250.0,228.384037101991,678.9831903811847,0.1257768720388412,0.2201924473047256,0.255028635263443,0.4629361629486084,0.383647620677948,0.0053076189942657,0.6464554071426392,0.2201924473047256,0.3451892733573913,4.847305774688721
train_condmix,,,,,,,,,,,,,,,,,7500.0,44.57067796407822,567.6991956329882,0.0381328277289867,0.190421313047409,0.2201094031333923,0.4378578662872314,0.3686475753784179,0.0054833497852087,0.6889340281486511,0.190421313047409,0.3131940364837646,4.847270965576172
train_condmix,,,,,,,,,,,,,,,,,7750.0,64.60186644303162,218.485615509428,0.0432381257414817,0.1220748126506805,0.1364953964948654,0.3451983332633972,0.3100441098213196,0.0028095939196646,0.6356626749038696,0.1220748126506805,0.2350861579179763,4.847264766693115
train_condmix,,,,,,,,,,,,,,,,,8000.0,971.1377240245788,48.31982150303867,0.2559107840061188,0.0384601280093193,0.0410715565085411,0.1935887634754181,0.1807877421379089,0.0014196611009538,0.6141949892044067,0.0384601280093193,0.1391874402761459,4.847251892089844
train_condmix,,,,,,,,,,,,,,,,,8250.0,25.54124676798484,37.35582923732189,0.0398726053535938,0.0312792919576168,0.0327739641070365,0.1726451814174652,0.1545998007059097,0.0012736252974718,0.6165430545806885,0.0312792919576168,0.1350779831409454,4.847107887268066
train_condmix,,,,,,,,,,,,,,,,,8500.0,405.3844026575655,561.497152779101,0.1692541092634201,0.2448959350585937,0.2795566618442535,0.4410250186920166,0.3756923079490661,0.0046147936955094,0.6440980434417725,0.2448959350585937,0.2672922015190124,4.847263336181641
train_condmix,,,,,,,,,,,,,,,,,8750.0,50.58865268139719,66.331182551316,0.0363129153847694,0.0373392850160598,0.040620993822813,0.1875282526016235,0.2186107337474823,0.0015842355787754,0.6559956073760986,0.0373392850160598,0.1481046378612518,4.846950531005859
train_condmix,,,,,,,,,,,,,,,,,9000.0,346.19400377122696,20.63454683236928,0.1347043514251709,0.0366448909044265,0.0371342450380325,0.1854446828365326,0.0957948565483093,0.0009424061863683,0.6253742575645447,0.0366448909044265,0.1149788796901702,4.846494674682617
train_condmix,,,,,,,,,,,,,,,,,9250.0,430.2138514311185,22.994315677408235,0.1521484702825546,0.0406104177236557,0.0413133203983306,0.1991004049777984,0.101719856262207,0.0008423596154898,0.5837510228157043,0.0406104177236557,0.1139991208910942,4.846475601196289
train_condmix,,,,,,,,,,,,,,,,,9500.0,333.4557810917848,107.96231599248584,0.133229598402977,0.0583991259336471,0.0640521049499511,0.2368746995925903,0.2627276182174682,0.0020742430351674,0.7127246260643005,0.0583991259336471,0.1214791610836982,4.846792221069336
train_condmix,,,,,,,,,,,,,,,,,9750.0,148.3696824506549,23.940134283378136,0.0798050239682197,0.0360128954052925,0.036495491862297,0.1785584390163421,0.1183182448148727,0.0010854629799723,0.7146191596984863,0.0360128954052925,0.1017254739999771,4.8462815284729
train_condmix,,,,,,,,,,,,,,,,,10000.0,144.69561576674565,45.583799691378886,0.0707553327083587,0.0281063877046108,0.0297291502356529,0.1663797497749328,0.1718308925628662,0.0012134405551478,0.713485598564148,0.0281063877046108,0.0904663503170013,4.846490859985352
train_condmix,,,,,,,,,,,,,,,,,10250.0,208.79531700096263,37.29761508051963,0.0991255044937133,0.0273678638041019,0.0284254513680934,0.1596471071243286,0.1571603715419769,0.0010562085080891,0.9253095388412476,0.0273678638041019,0.0927240699529647,4.846441268920898
train_condmix,,,,,,,,,,,,,,,,,10500.0,117.15257936709573,629.8073537576137,0.0537882559001445,0.1892034113407135,0.2207525819540023,0.4115120470523834,0.3759703934192657,0.0055131195113062,1.7662460803985596,0.1892034113407135,0.2215482741594314,4.846935749053955
train_condmix,,,,,,,,,,,,,,,,,10750.0,375.9738309386312,254.59126284807883,0.1281702816486358,0.1034082323312759,0.1191815212368965,0.3155827522277832,0.3339452445507049,0.0033459314145147,1.7792805433273315,0.1034082323312759,0.1645765304565429,4.8469085693359375
train_condmix,,,,,,,,,,,,,,,,,11000.0,127.37781151120012,102.74734257924824,0.061519268900156,0.0479941330850124,0.0527406297624111,0.2144806683063507,0.2602181434631347,0.0019336203113198,1.4306586980819702,0.0479941330850124,0.1251798570156097,4.846719741821289
train_condmix,,,,,,,,,,,,,,,,,11250.0,15.575086876960905,66.84126600709588,0.0428844392299652,0.0314976684749126,0.0344983488321304,0.1717370003461837,0.21390001475811,0.0016708879265934,1.845668077468872,0.0314976684749126,0.1225003749132156,4.846668243408203
train_condmix,,,,,,,,,,,,,,,,,11500.0,10.513589348776923,123.13393749457424,0.0462526157498359,0.0717040076851844,0.0792791023850441,0.2550011277198791,0.288149356842041,0.002297320170328,1.96992301940918,0.0717040076851844,0.150755226612091,4.846759796142578
train_condmix,,,,,,,,,,,,,,,,,11750.0,113.81202840701502,32.28022926129957,0.0575758665800094,0.0210110582411289,0.0220031216740608,0.1415127068758011,0.1342877149581909,0.0011058095842599,1.4877679347991943,0.0210110582411289,0.1121800318360328,4.846237182617188
train_condmix,,,,,,,,,,,,,,,,,12000.0,61.992746149951856,19.12013185058285,0.0344878956675529,0.0261265337467193,0.0269125755876302,0.1590293943881988,0.0892468690872192,0.0008643217151984,2.088874340057373,0.0261265337467193,0.1222060024738311,4.845853805541992
train_condmix,,,,,,,,,,,,,,,,,12250.0,16.11171561870625,363.1496235185952,0.0428395941853523,0.1649752110242843,0.1847686916589737,0.3594905138015747,0.3480111360549927,0.0041376459412276,1.6123065948486328,0.1649752110242843,0.2308377921581268,4.846863746643066
train_condmix,,,,,,,,,,,,,,,,,12500.0,155.00770771160916,40.23910085622765,0.0698374360799789,0.0252845548093318,0.0266753286123275,0.1577145159244537,0.1605471968650818,0.0012475487310439,1.6476609706878662,0.0252845548093318,0.1320477873086929,4.846197128295898
train_condmix,,,,,,,,,,,,,,,,,12750.0,11.076175477611116,198.62005640701,0.0621956214308738,0.0849492028355598,0.0966736450791359,0.2824452817440033,0.3144236803054809,0.003064043354243,1.5843191146850586,0.0849492028355598,0.1892746686935424,4.846802711486816
train_condmix,,,,,,,,,,,,,,,,,13000.0,113.14895012849018,219.36763999245105,0.0534490719437599,0.0917638912796974,0.1035727113485336,0.2964721322059631,0.3145670890808105,0.0029925270937383,1.499542236328125,0.0917638912796974,0.2036656141281128,4.846850395202637
train_condmix,,,,,,,,,,,,,,,,,13250.0,63.56277475146245,546.5270880488457,0.031167360022664,0.1541586220264434,0.1823241263628006,0.3900454044342041,0.3720581233501434,0.0054518627002835,1.61248779296875,0.1541586220264434,0.2794200181961059,4.846977233886719
train_condmix,,,,,,,,,,,,,,,,,13500.0,127.63440330345064,105.06349314630062,0.0576885789632797,0.0448184944689273,0.0499187931418418,0.20795738697052,0.250870406627655,0.0021478030830621,1.4382022619247437,0.0448184944689273,0.1643809527158737,4.846636772155762
train_condmix,,,,,,,,,,,,,,,,,13750.0,29.75834179447175,147.995911572964,0.0201985128223896,0.0775539726018905,0.0858513265848159,0.2593721151351928,0.276181161403656,0.0022478406317532,1.870039701461792,0.0775539726018905,0.1839769035577774,4.84659481048584
train_condmix,,,,,,,,,,,,,,,,,14000.0,159.35259952563158,20.543545968853483,0.0664378702640533,0.0344709083437919,0.0350383073091506,0.1749535948038101,0.1026769131422042,0.0009140315814875,2.1316568851470947,0.0344709083437919,0.1572240442037582,4.845561504364014
train_condmix,,,,,,,,,,,,,,,,,14250.0,238.0222627652336,266.34648685258287,0.1058986037969589,0.1151136085391044,0.1309622675180435,0.3344307243824005,0.3270272016525268,0.0037155374884605,1.4114303588867188,0.1151136085391044,0.2171436995267868,4.84672212600708
train_condmix,,,,,,,,,,,,,,,,,14500.0,145.161548998749,562.5909864693367,0.0745220631361007,0.2607606649398803,0.291994571685791,0.4443747103214264,0.3820678293704986,0.0050072045996785,2.089665412902832,0.2607606649398803,0.2770824730396271,4.846724510192871
train_condmix,,,,,,,,,,,,,,,,,14750.0,73.81870032260126,237.4489966649601,0.0376261919736862,0.1079062521457672,0.122434988617897,0.3219423294067383,0.3220950961112976,0.0029556981753557,2.258915901184082,0.1079062521457672,0.2037966251373291,4.846593856811523
train_condmix,,,,,,,,,,,,,,,,,15000.0,44.2402614595996,384.99746059997005,0.0230970568954944,0.180611714720726,0.201949194073677,0.3653199076652527,0.3537104725837707,0.0041155288927257,2.2894482612609863,0.180611714720726,0.2455832660198211,4.84666109085083
train_condmix,,,,,,,,,,,,,,,,,15250.0,250.71716875602823,131.69254501847075,0.1005432978272438,0.062194786965847,0.0690431296825409,0.2448977679014206,0.273293524980545,0.0021934867836534,1.8869845867156985,0.062194786965847,0.1818718761205673,4.846499443054199
train_condmix,,,,,,,,,,,,,,,,,15500.0,39.180704673569885,141.88387963448142,0.024662721902132,0.0591867044568061,0.067242756485939,0.2402536571025848,0.268229991197586,0.0021939340513199,1.5447614192962646,0.0591867044568061,0.1818561255931854,4.846588611602783
train_condmix,,,,,,,,,,,,,,,,,15750.0,319.6308176054615,323.7526844401509,0.115105926990509,0.1146397143602371,0.13235405087471,0.3359056711196899,0.3465126156806946,0.0038027686532586,1.988029956817627,0.1146397143602371,0.2213573455810547,4.846597671508789
train_condmix,,,,,,,,,,,,,,,,,16000.0,879.6986619313909,338.1090586046799,0.1937709748744964,0.1184819638729095,0.1381421983242035,0.3404750823974609,0.3375745415687561,0.0041557634249329,2.4399750232696533,0.1184819638729095,0.2290497869253158,4.846643924713135
train_condmix,,,,,,,,,,,,,,,,,16250.0,29.16293230060092,460.3546790068671,0.0203196052461862,0.1529977768659591,0.1764355599880218,0.3837565779685974,0.3591663241386413,0.0042638527229428,2.335487604141236,0.1529977768659591,0.2381166815757751,4.846484661102295
train_condmix,,,,,,,,,,,,,,,,,16500.0,27.814170271558623,21.542213263659924,0.0271632615476846,0.0312147326767444,0.0318654552102088,0.1700906604528427,0.1009963601827621,0.0009278110810555,2.33801794052124,0.0312147326767444,0.189004898071289,4.845193862915039
train_condmix,,,,,,,,,,,,,,,,,16750.0,620.9457175133632,990.0389627818056,0.2134247422218322,0.2559050917625427,0.3010997176170349,0.4817149639129638,0.385158360004425,0.0060556046664714,2.49985933303833,0.2559050917625427,0.2766390442848205,4.846385002136231
train_condmix,,,,,,,,,,,,,,,,,17000.0,65.83158374030099,12.59096129463722,0.0297326035797595,0.0463059060275554,0.0468870103359222,0.2066154330968856,0.0579579845070838,0.0007167585426941,1.8660403490066528,0.0463059060275554,0.2176319360733032,4.8443603515625
train_condmix,,,,,,,,,,,,,,,,,17250.0,11.72797316255862,75.56833523416327,0.0601196438074111,0.0350614488124847,0.0384714528918266,0.1784268319606781,0.2252837717533111,0.0018809671746566,2.340346097946167,0.0350614488124847,0.1625888645648956,4.846095085144043
train_condmix,,,,,,,,,,,,,,,,,17500.0,65.79850461989585,606.2493231936104,0.0293224807828664,0.1593086868524551,0.1894923895597458,0.3900431394577026,0.3875878453254699,0.0057321260683238,2.9396486282348637,0.1593086868524551,0.2320769131183624,4.846375465393066
train_condmix,,,,,,,,,,,,,,,,,17750.0,41.96511889976727,24.67736047485769,0.0297839604318141,0.0418329313397407,0.0423801317811012,0.1907208263874054,0.1158437579870224,0.0009438704582862,2.625124454498291,0.0418329313397407,0.1969324946403503,4.844983100891113
train_condmix,,,,,,,,,,,,,,,,,18000.0,530.7687858501962,153.54611139476486,0.1418857127428054,0.0616245940327644,0.0695088505744934,0.2388695627450943,0.2943834960460663,0.0027256463654339,2.5941050052642822,0.0616245940327644,0.183144599199295,4.846218109130859
train_condmix,,,,,,,,,,,,,,,,,18250.0,126.17700291754596,29.31463174244193,0.0505472980439662,0.0275795347988605,0.0282174460589885,0.1619310975074768,0.1359818875789642,0.0011836633784696,2.927509069442749,0.0275795347988605,0.2049096226692199,4.845174789428711
train_condmix,,,,,,,,,,,,,,,,,18500.0,16.280756437994306,17.946683994570854,0.0431829541921615,0.0364957675337791,0.0371903628110885,0.184345930814743,0.0857240334153175,0.0008027593139559,3.73045015335083,0.0364957675337791,0.2213914841413498,4.844397068023682
train_condmix,,,,,,,,,,,,,,,,,18750.0,37.62858528833021,904.112830659364,0.028930066153407,1.0989227294921875,1.1412869691848757,0.4753052890300751,0.3771172761917114,0.0060277301818132,3.355116128921509,1.0989227294921875,0.250646024942398,4.846203804016113
train_condmix,,,,,,,,,,,,,,,,,19000.0,913.0614965642924,776.3108452272359,0.1719989478588104,0.2022637724876403,0.2363476604223251,0.3988202810287475,0.3891673684120178,0.0065360451117157,3.5453476905822754,0.2022637724876403,0.2442779242992401,4.846044540405273
train_condmix,,,,,,,,,,,,,,,,,19250.0,72.39024732454166,12.072830086766638,0.0250675473362207,0.0474593192338943,0.0478901639580726,0.2080347537994384,0.052096351981163,0.0007082142401486,4.043707847595215,0.0474593192338943,0.2610535025596618,4.843499660491943
train_condmix,,,,,,,,,,,,,,,,,19500.0,210.8298690177228,16.540759732959398,0.0767028406262397,0.0331093408167362,0.0337884947657585,0.1736507415771484,0.0796856954693794,0.0009481239831075,3.5580432415008545,0.0331093408167362,0.2469106018543243,4.843789577484131
train_condmix,,,,,,,,,,,,,,,,,19750.0,855.272121687468,28.693826598438463,0.1922767013311386,0.0171608477830886,0.0182132460176944,0.1269887387752533,0.1223563253879547,0.001167788170278,3.5963656902313232,0.0171608477830886,0.216538593173027,4.844577789306641
train_condmix,,,,,,,,,,,,,,,,,20000.0,50.36105154876875,550.5055096208205,0.0179164763540029,0.1358524858951568,0.1642999053001403,0.3655365705490112,0.3729157745838165,0.0053516468033194,3.529763698577881,0.1358524858951568,0.2164306044578552,4.845518112182617
train_condmix,,,,,,,,,,,,,,,,,20250.0,28.28480984807909,413.5858162048149,0.0206820294260978,0.1462092250585556,0.1684430092573166,0.3572251200675964,0.3506567180156708,0.0051596178673207,3.510045528411865,0.1462092250585556,0.2032344788312912,4.845398902893066
train_condmix,,,,,,,,,,,,,,,,,20500.0,121.71924012960648,29.140958139605463,0.0343878045678138,0.0233408361673355,0.024223256856203,0.1491690129041671,0.1344650089740753,0.0009871948277577,3.109612941741944,0.0233408361673355,0.2278947830200195,4.844238758087158
train_condmix,,,,,,,,,,,,,,,,,20750.0,138.17686855300784,559.0717277257971,0.0411590263247489,0.1299605369567871,0.1575574278831482,0.353657066822052,0.3731332421302795,0.0046866876073181,3.613043785095215,0.1299605369567871,0.202655553817749,4.845121383666992
train_condmix,,,,,,,,,,,,,,,,,21000.0,93.0626300284835,81.36110880699854,0.0338136591017246,0.030200446024537,0.0334917232394218,0.1715685129165649,0.2305251359939575,0.0017146042082458,2.2039873600006104,0.030200446024537,0.1910784244537353,4.844890594482422
train_condmix,,,,,,,,,,,,,,,,,21250.0,14.97959470478245,12.769998668835845,0.0316097140312194,0.0344393476843833,0.0351168140769004,0.180343821644783,0.0600707046687603,0.0008523489814251,2.9931745529174805,0.0344393476843833,0.2846759557723999,4.842635154724121
train_condmix,,,,,,,,,,,,,,,,,21500.0,139.69455375381642,280.3628608820183,0.0459154471755027,0.0795710533857345,0.0937279164791107,0.2743960916996002,0.3346560001373291,0.0038834016304463,3.0737361907958984,0.0795710533857345,0.1732704490423202,4.844736576080322
train_condmix,,,,,,,,,,,,,,,,,21750.0,272.42992931608256,38.25212714444724,0.1801073849201202,0.0510523244738578,0.0519385412335395,0.2078195065259933,0.1556170731782913,0.0011804976966232,3.1701059341430664,0.0510523244738578,0.2195929586887359,4.8438825607299805
train_condmix,,,,,,,,,,,,,,,,,22000.0,810.183274301082,251.7112925273904,0.1338100582361221,0.0597685575485229,0.070877581834793,0.2422730475664138,0.3165939450263977,0.0035299949813634,3.097604990005493,0.0597685575485229,0.1669905185699463,4.844643592834473
train_condmix,,,,,,,,,,,,,,,,,22250.0,194.3158070148698,26.009174428314747,0.0520168244838714,0.0207927804440259,0.0217208806425333,0.1419643759727478,0.123613029718399,0.0009981761686503,2.5978004932403564,0.0207927804440259,0.2428168654441833,4.843200206756592
train_condmix,,,,,,,,,,,,,,,,,22500.0,27.976341306249324,87.43029980640904,0.0156871378421783,0.0213488414883613,0.0242272950708866,0.1438055038452148,0.2336906492710113,0.001906581223011,3.000937938690185,0.0213488414883613,0.1731598079204559,4.844128608703613
train_condmix,,,,,,,,,,,,,,,,,22750.0,36.417884366164245,70.48726847040156,0.0157831497490406,0.0165059380233287,0.0187071114778518,0.1271827518939972,0.2156586945056915,0.0015478928107768,3.052042007446289,0.0165059380233287,0.1722713708877563,4.843986034393311
train_condmix,,,,,,,,,,,,,,,,,23000.0,50.5867307892238,45.13145435905989,0.0178803950548172,0.0186861678957939,0.0198607593774795,0.135300874710083,0.1725080907344818,0.0012847543694078,3.526139974594116,0.0186861678957939,0.1897134631872177,4.843579292297363
train_condmix,,,,,,,,,,,,,,,,,23250.0,49.844829466870536,426.6444814208148,0.0229259561747312,0.1079649031162262,0.1296928822994232,0.3197497725486755,0.3660403490066528,0.0042074196971952,3.561694622039795,0.1079649031162262,0.0868333429098129,4.844265937805176
train_condmix,,,,,,,,,,,,,,,,,23500.0,545.3891978247724,44.01411048428062,0.1237351149320602,0.0150153543800115,0.0161672830581665,0.1198341995477676,0.1714454442262649,0.0013758484274148,3.457578182220459,0.0150153543800115,0.1590065360069275,4.843424320220947
train_condmix,,,,,,,,,,,,,,,,,23750.0,77.17700682454654,10.122072076624384,0.0182352196425199,0.0352303646504879,0.0357734188437461,0.1781729757785797,0.043009802699089,0.0007070399587973,3.316061496734619,0.0352303646504879,0.2900347709655761,4.840587615966797
train_condmix,,,,,,,,,,,,,,,,,24000.0,66.68324733129369,231.2851180718104,0.0202477909624576,0.0551995337009429,0.0654208287596702,0.2304061353206634,0.3272212743759155,0.003135266713798,3.569677829742432,0.0551995337009429,0.0426020734012126,4.844146251678467
train_condmix,,,,,,,,,,,,,,,,,24250.0,19.93762407638562,20.35977048518563,0.0154276695102453,0.0163377001881599,0.0171217322349548,0.1252051889896392,0.0976051092147827,0.0009388747857883,3.637058734893799,0.0163377001881599,0.2079509943723678,4.842135429382324
train_condmix,,,,,,,,,,,,,,,,,24500.0,41.59791708982359,32.070056903125256,0.0161269791424274,0.0164452381432056,0.0171779114753007,0.1265224516391754,0.1406671404838562,0.0011219473090022,3.629976272583008,0.0164452381432056,0.1553117334842682,4.842870712280273
train_condmix,,,,,,,,,,,,,,,,,24750.0,524.8705440229141,906.5608333570036,0.103202074766159,8.124375343322754,8.163976669311523,0.5838268399238586,0.3873421549797058,0.0065646334551274,3.804314136505127,8.124375343322754,-0.0543973892927169,4.843889236450195
train_condmix,,,,,,,,,,,,,,,,,25000.0,67.28326980585061,147.26419182475405,0.0152579061686992,0.0335171483457088,0.0390968658030033,0.176129013299942,0.2859653234481811,0.0025152771268039,3.6591567993164062,0.0335171483457088,-0.0141173973679542,4.8439130783081055
train_condmix,,,,,,,,,,,,,,,,,25250.0,550.3384184464513,23.77080968513494,0.1136199235916137,0.0180312730371952,0.0188450776040554,0.1278916895389557,0.1062308251857757,0.0010281351860612,3.399949550628662,0.0180312730371952,0.1567568182945251,4.842231273651123
train_condmix,,,,,,,,,,,,,,,,,25500.0,33.27739510115888,35.13602715283407,0.0296205691993236,0.0210184939205646,0.0217956081032753,0.1469073891639709,0.1425378024578094,0.0011501042172312,3.207956552505493,0.0210184939205646,0.1034749522805213,4.842750549316406
train_condmix,,,,,,,,,,,,,,,,,25750.0,472.2941995290854,603.3021628726183,0.0965576916933059,0.105110228061676,0.1292264759540558,0.3279320299625397,0.3644531667232513,0.0053928685374557,3.5420401096343994,0.105110228061676,-0.157164990901947,4.843748092651367
train_condmix,,,,,,,,,,,,,,,,,26000.0,406.5441152859057,148.99814468139,0.0863106027245521,0.030312979593873,0.0347803458571434,0.16862453520298,0.2834826707839966,0.0026816134341061,3.529714107513428,0.030312979593873,-0.0677347183227539,4.843818664550781
train_condmix,,,,,,,,,,,,,,,,,26250.0,19.81070851061569,54.13815835417755,0.0326459556818008,0.0137615846469998,0.0152288200333714,0.1154045760631561,0.1933710724115371,0.0013537204358726,3.106819629669189,0.0137615846469998,0.0243393257260322,4.843230247497559
train_condmix,,,,,,,,,,,,,,,,,26500.0,14.333034192740609,898.789259739949,0.0240381266921758,0.1305273920297622,0.1680565476417541,0.3606909513473511,0.3922244608402252,0.0072601353749632,3.8511998653411865,0.1305273920297622,-0.2333251684904098,4.843657970428467
train_condmix,,,,,,,,,,,,,,,,,26750.0,16.570613043449686,62.10201116045186,0.0270830318331718,0.0150062181055545,0.0166410692036151,0.1223469674587249,0.2038774192333221,0.0015689274296164,3.7641806602478023,0.0150062181055545,-0.0220998339354991,4.843320846557617
train_condmix,,,,,,,,,,,,,,,,,27000.0,505.3765808593652,24.37081364677634,0.0929089486598968,0.0180040635168552,0.0188948586583137,0.131592571735382,0.1140874624252319,0.0010098613565787,3.080733299255371,0.0180040635168552,0.1041864305734634,4.84188175201416
train_condmix,,,,,,,,,,,,,,,,,27250.0,23.998593739410264,22.498045361022974,0.0194089524447917,0.0206258036196231,0.0214056689292192,0.1370919346809387,0.1043560430407524,0.0008915371145121,3.398401975631714,0.0206258036196231,0.1085860878229141,4.841699600219727
train_condmix,,,,,,,,,,,,,,,,,27500.0,123.41199556058191,45.076138790111685,0.0200671963393688,0.0152963101863861,0.016298584640026,0.1223729401826858,0.1710292398929596,0.0014055067440494,3.339528083801269,0.0152963101863861,-0.001194380223751,4.842827796936035
train_condmix,,,,,,,,,,,,,,,,,27750.0,11.606438030227856,262.5985461398361,0.0398556105792522,0.0511428602039814,0.062560886144638,0.21914803981781,0.3430871963500976,0.003333346452564,3.496712684631348,0.0511428602039814,-0.254713237285614,4.843802452087402
train_condmix,,,,,,,,,,,,,,,,,28000.0,19.09751862510562,491.6544357271096,0.0219212770462036,0.0905099436640739,0.1146346777677536,0.2923323512077331,0.3792133331298828,0.0051477355882525,3.3806815147399902,0.0905099436640739,-0.3296038806438446,4.843656063079834
train_condmix,,,,,,,,,,,,,,,,,28250.0,47.79888940233421,229.60353996767992,0.0174068212509155,0.0467557087540626,0.056951068341732,0.2132499665021896,0.3156889677047729,0.0030438434332609,3.3654699325561523,0.0467557087540626,-0.2579358220100403,4.843678951263428
train_condmix,,,,,,,,,,,,,,,,,28500.0,24.723461995362573,28.60651755599956,0.016963317990303,0.0154227623715996,0.0163524895906448,0.1203856319189071,0.1261689811944961,0.0010912590660154,2.956294536590576,0.0154227623715996,0.0341207683086395,4.841976165771484
train_condmix,,,,,,,,,,,,,,,,,28750.0,70.60311324590916,17.036157832315542,0.0125874998047947,0.0217679999768733,0.0226896703243255,0.1408301740884781,0.0802862793207168,0.0008502483833581,3.5775187015533447,0.0217679999768733,0.1152449175715446,4.840668678283691
train_condmix,,,,,,,,,,,,,,,,,29000.0,55.634988852149725,521.2143951398306,0.0120768211781978,0.0867170095443725,0.1105971187353134,0.292234867811203,0.3681197464466095,0.0050317393615841,3.600728988647461,0.0867170095443725,-0.4040703177452087,4.843428134918213
train_condmix,,,,,,,,,,,,,,,,,29250.0,17.486649637754294,165.5052396341427,0.0228929072618484,0.0307512730360031,0.0369100980460643,0.1678798049688339,0.3097249865531921,0.0024723894894123,3.42126727104187,0.0307512730360031,-0.2746876180171966,4.843323707580566
train_condmix,,,,,,,,,,,,,,,,,29500.0,149.45904773858553,62.382977533808976,0.0247748885303735,0.0116131184622645,0.0133042875677347,0.1065142303705215,0.2089581042528152,0.0015481130685657,3.5098352432250977,0.0116131184622645,-0.122723564505577,4.842671871185303
train_condmix,,,,,,,,,,,,,,,,,29750.0,76.73429583508093,65.35457729369256,0.0176512878388166,0.0152104711160063,0.0171201918274164,0.121934175491333,0.2099776417016983,0.001815031748265,3.2944324016571045,0.0152104711160063,-0.1542450189590454,4.842657089233398
train_condmix,,,,,,,,,,,,,,,,,30000.0,26.93081784653135,12.324860863900176,0.0147723164409399,0.0235861986875534,0.0243475697934627,0.1436467170715332,0.0557246431708335,0.0007671018247492,3.107228755950928,0.0235861986875534,0.1555113792419433,4.839223861694336
