source_file,benchmark,sweep_suite,record_kind,task,tag,prompt_len,noise_var,method,temperature,eb_dim,eb_prior,eb_mixture_sep,seed,mean_mse_emp,mean_mse_true,var_mse_emp,nll,exact_nll,attn_entropy,max_weight,K,design,cond,prior_var,depth,heads,d_head,capacity_rank,head_scheme,precond,projection_correction,softmax_vector_scale,beta_mse_post,beta_mse_true,pred_mse_y,mean_mse_exact,exact_pred_mse_y,nll_iter,nll_exact,coverage_iter,width_iter,coverage_exact,width_exact,contraction_radius_mean,contraction_radius_max,precond_rank,eta_mean,proj_rank,proj_max,proj_min_nonzero,capacity_ge_K,first_grad_mse,last_grad_mse,attn_rank_first,attn_rank_last,attn_effrank_first,attn_effrank_last,attn_entropy_first,attn_entropy_last,layer_first_beta_mse_post,layer_last_beta_mse_post,layer_decay_ratio,log10_beta_mse_post,log10_beta_mse_true,capacity_regime
data/transformers/runs_unified_eb/results.csv,unified_softmax_richardson,eb_prompt,row,eb_denoise,prompt_16,16,0.02,softmax_eb,0.5,4.0,gaussian_mixture,2.0,0,0.0006997227355896,0.6727825179696083,0.0009365336809423,15.350659728050232,14.805202603340147,0.0190170007990673,0.9919375851750374,,,,,,,,,,,,,,,,,,,,,,,,,,,,,,,,,,,,,,,,,,,,,
data/transformers/runs_unified_eb/results.csv,unified_softmax_richardson,eb_prompt,row,eb_denoise,prompt_32,32,0.02,softmax_eb,0.5,4.0,gaussian_mixture,2.0,0,0.0008855519627104,0.4791861735284328,0.0009918013165588,10.46841025352478,9.919700622558594,0.0312098597642034,0.9868160858750344,,,,,,,,,,,,,,,,,,,,,,,,,,,,,,,,,,,,,,,,,,,,,
data/transformers/runs_unified_eb/results.csv,unified_softmax_richardson,eb_prompt,row,eb_denoise,prompt_64,64,0.02,softmax_eb,0.5,4.0,gaussian_mixture,2.0,0,0.0009858770717983,0.3409063555300236,0.0008228987353504,7.087888479232788,6.5684913992881775,0.0459263972006738,0.980541318655014,,,,,,,,,,,,,,,,,,,,,,,,,,,,,,,,,,,,,,,,,,,,,
data/transformers/runs_unified_eb/results.csv,unified_softmax_richardson,eb_prompt,row,eb_denoise,prompt_128,128,0.02,softmax_eb,0.5,4.0,gaussian_mixture,2.0,0,0.0011610352521529,0.2507570367306471,0.0007094683387549,4.850461304187775,4.342902064323425,0.0723352944478392,0.9701013267040252,,,,,,,,,,,,,,,,,,,,,,,,,,,,,,,,,,,,,,,,,,,,,
data/transformers/runs_unified_eb/results.csv,unified_softmax_richardson,eb_prompt,row,eb_denoise,prompt_256,256,0.02,softmax_eb,0.5,4.0,gaussian_mixture,2.0,0,0.0011782473447965,0.1817406378686428,0.00050395416838,3.216639757156372,2.8089007139205933,0.1018203031271696,0.9579811841249466,,,,,,,,,,,,,,,,,,,,,,,,,,,,,,,,,,,,,,,,,,,,,
data/transformers/runs_unified_eb/results.csv,unified_softmax_richardson,eb_prompt,row,eb_denoise,prompt_512,512,0.02,softmax_eb,0.5,4.0,gaussian_mixture,2.0,0,0.001213605646626,0.1350409965962171,0.000417439132434,2.0904326736927032,1.72809000313282,0.1476099342107772,0.9399634599685668,,,,,,,,,,,,,,,,,,,,,,,,,,,,,,,,,,,,,,,,,,,,,
data/transformers/runs_unified_linear_richardson/results.csv,unified_softmax_richardson,linear_depth,row,weak_inverse,depth_1,128,0.02,linear_richardson,0.5,,,,0,,,,,,,,16.0,isotropic,10.0,1.0,1.0,1.0,16.0,16.0,coordinate,scalar_opt,none,context,0.1178703680634498,0.1207775892689824,0.1409585066139698,0.1176401497796177,0.0224226377904415,2.0706485360860825,-0.4804525449872017,0.5870361328125,0.5926328673958778,0.953369140625,0.5926328673958778,0.5721996277570724,0.6859384849667549,0.0,0.0022985562391113,16.0,1.0,1.0,1.0,2.7626687881809886e-09,2.7626687881809886e-09,16.0,16.0,15.739180207252502,15.739180207252502,0.0,0.0,0.1178703680634498,0.1178703680634498,1.0,-0.9285953603331646,-0.9180136431962148,
data/transformers/runs_unified_linear_richardson/results.csv,unified_softmax_richardson,linear_depth,row,weak_inverse,depth_2,128,0.02,linear_richardson,0.5,,,,0,,,,,,,,16.0,isotropic,10.0,1.0,2.0,1.0,16.0,16.0,coordinate,scalar_opt,none,context,0.0265020674560219,0.0293430325109511,0.0492427949793636,0.0263064568862319,0.0222885340917855,0.0969615494832396,-0.4828289747238159,0.8265380859375,0.5928446352481842,0.9547119140625,0.5928446277976036,0.5722380205988884,0.6881520301103592,0.0,0.002297689410625,16.0,1.0,1.0,1.0,2.7598288931951487e-09,8.152886810108841e-09,16.0,16.0,15.73716127872467,15.73716127872467,0.0,0.0,0.1179263228550553,0.0265020674560219,0.224725565336079,-1.57672024494174,-1.5324950051922592,
data/transformers/runs_unified_linear_richardson/results.csv,unified_softmax_richardson,linear_depth,row,weak_inverse,depth_4,128,0.02,linear_richardson,0.5,,,,0,,,,,,,,16.0,isotropic,10.0,1.0,4.0,1.0,16.0,16.0,coordinate,scalar_opt,none,context,0.0022190625313669,0.0050786975189112,0.0249189515598118,0.0022371520171873,0.0226173987612128,-0.426465779542923,-0.4758972413837909,0.9410400390625,0.5926507040858269,0.9521484375,0.5926507040858269,0.571881540119648,0.6873023957014084,0.0,0.0022965157986618,16.0,1.0,1.0,1.0,2.7598936191974843e-09,7.764929477183102e-09,16.0,16.0,15.728391885757446,15.728391885757446,0.0,0.0,0.1186251491308212,0.0022190625313669,0.0187030154675766,-2.6538304595323114,-2.29424765245584,
data/transformers/runs_unified_linear_richardson/results.csv,unified_softmax_richardson,linear_depth,row,weak_inverse,depth_8,128,0.02,linear_richardson,0.5,,,,0,,,,,,,,16.0,isotropic,10.0,1.0,8.0,1.0,16.0,16.0,coordinate,scalar_opt,none,context,2.7839960011988296e-05,0.0029083258705213,0.0227660078089684,2.847724681487307e-05,0.0227540901396423,-0.4729423150420189,-0.4732068218290806,0.954345703125,0.592708557844162,0.9542236328125,0.5927085652947426,0.5712770521640778,0.6974717453122139,0.0,0.0022973583254497,16.0,1.0,1.0,1.0,2.737755883108761e-09,7.68344698975909e-09,16.0,16.0,15.724835753440855,15.724835753440855,0.0,0.0,0.1176811447367072,2.7839960011988296e-05,0.0002366634487203,-4.555331392861235,-2.536356933493791,
data/transformers/runs_unified_linear_richardson/results.csv,unified_softmax_richardson,linear_depth,row,weak_inverse,depth_16,128,0.02,linear_richardson,0.5,,,,0,,,,,,,,16.0,isotropic,10.0,1.0,16.0,1.0,16.0,16.0,coordinate,scalar_opt,none,context,1.2360851120440941e-08,0.0028601177036762,0.0228231002110987,1.2868701104729041e-08,0.0228230359498411,-0.4716096706688404,-0.471610601991415,0.9495849609375,0.5927271395921707,0.9495849609375,0.5927271395921707,0.5718460604548454,0.6937674582004547,0.0,0.0022982434893492,16.0,1.0,1.0,1.0,2.7723680851021726e-09,7.836392423854477e-09,16.0,16.0,15.721835374832152,15.721835374832152,0.0,0.0,0.1180093279108405,1.2360851120440941e-08,1.048188560189284e-07,-7.907951624377886,-2.543616093792206,
data/transformers/runs_unified_linear_richardson/results.csv,unified_softmax_richardson,linear_depth,row,weak_inverse,depth_32,128,0.02,linear_richardson,0.5,,,,0,,,,,,,,16.0,isotropic,10.0,1.0,32.0,1.0,16.0,16.0,coordinate,scalar_opt,none,context,1.0527754290215333e-13,0.0028722158167511,0.0230093984864652,1.0343513951572388e-13,0.0230093980208039,-0.4672847054898739,-0.467284731566906,0.9476318359375,0.5926118344068527,0.9476318359375,0.5926118418574333,0.5724862888455391,0.6908371597528458,0.0,0.0022994910250417,16.0,1.0,1.0,1.0,2.709033192216381e-09,7.696585480054807e-09,16.0,16.0,15.708189845085144,15.708189845085144,0.0,0.0,0.1183199463412165,1.0527754290215333e-13,8.910642994009887e-13,-12.977664259715008,-2.5417829305499704,
data/transformers/runs_unified_linear_richardson/results.csv,unified_softmax_richardson,linear_depth,row,weak_inverse,depth_64,128,0.02,linear_richardson,0.5,,,,0,,,,,,,,16.0,isotropic,10.0,1.0,64.0,1.0,16.0,16.0,coordinate,scalar_opt,none,context,8.368283093519248e-14,0.0028651896573137,0.0230376974213868,9.108940137543196e-14,0.0230376978870481,-0.466925710439682,-0.4669257029891014,0.9508056640625,0.5926656275987625,0.9508056640625,0.5926656126976013,0.572218731045723,0.6815916076302528,0.0,0.0022969676065258,16.0,1.0,1.0,1.0,2.75606143462781e-09,7.722907646723343e-09,16.0,16.0,15.713337898254396,15.713337898254396,0.0,0.0,0.1171195833012461,8.368283093519248e-14,7.144798670234076e-13,-13.077363636331288,-2.542846625215382,
data/transformers/runs_unified_softmax_scalar_control/results.csv,unified_softmax_richardson,softmax_scalar_depth,row,weak_inverse,depth_1,128,0.02,softmax_scalar,0.5,,,,0,,,,,,,,16.0,isotropic,10.0,1.0,1.0,1.0,16.0,16.0,coordinate,scalar_opt,none,context,0.963205099105835,0.9657224640250206,0.9643344879150392,0.9454200714826584,0.0224226377904415,19.871446132659912,-0.4804525449872017,0.2381591796875,0.5926328673958778,0.953369140625,0.5926328673958778,0.5721996277570724,0.6859384849667549,0.0,0.0022985562391113,16.0,1.0,1.0,1.0,174730.990234375,174730.990234375,16.0,16.0,15.739180207252502,15.739180207252502,4.728436887264252,4.728436887264252,0.963205099105835,0.963205099105835,1.0,-0.0162812269711499,-0.015147666193732,
data/transformers/runs_unified_softmax_scalar_control/results.csv,unified_softmax_richardson,softmax_scalar_depth,row,weak_inverse,depth_2,128,0.02,softmax_scalar,0.5,,,,0,,,,,,,,16.0,isotropic,10.0,1.0,2.0,1.0,16.0,16.0,coordinate,scalar_opt,none,context,0.945563279092312,0.948250874876976,0.9600823298096656,0.9374902248382568,0.0222885340917855,19.748950242996216,-0.4828289747238159,0.243896484375,0.5928446277976036,0.9547119140625,0.5928446277976036,0.5722380205988884,0.6881520301103592,0.0,0.002297689410625,16.0,1.0,1.0,1.0,176817.943359375,170651.849609375,16.0,16.0,15.73716127872467,15.73716127872467,4.728391766548157,4.728391766548157,0.9726756513118744,0.945563279092312,0.9721265253934116,-0.0243094019421338,-0.0230767479354088,
data/transformers/runs_unified_softmax_scalar_control/results.csv,unified_softmax_richardson,softmax_scalar_depth,row,weak_inverse,depth_4,128,0.02,softmax_scalar,0.5,,,,0,,,,,,,,16.0,isotropic,10.0,1.0,4.0,1.0,16.0,16.0,coordinate,scalar_opt,none,context,0.888287290930748,0.89155163615942,0.9275960251688956,0.9045351669192314,0.0226173987612128,19.027716636657715,-0.4758972413837909,0.2413330078125,0.5926507040858269,0.9521484375,0.5926507040858269,0.571881540119648,0.6873023957014084,0.0,0.0022965157986618,16.0,1.0,1.0,1.0,177146.63671875,159429.68359375,16.0,16.0,15.728391885757446,15.728391885757446,4.728413939476013,4.728413939476013,0.9659340903162956,0.888287290930748,0.9196152657668868,-0.0514465514654285,-0.0498534986471401,
data/transformers/runs_unified_softmax_scalar_control/results.csv,unified_softmax_richardson,softmax_scalar_depth,row,weak_inverse,depth_8,128,0.02,softmax_scalar,0.5,,,,0,,,,,,,,16.0,isotropic,10.0,1.0,8.0,1.0,16.0,16.0,coordinate,scalar_opt,none,context,0.7985952943563461,0.8016778901219368,0.8403001129627228,0.8169253841042519,0.0227540901396423,17.14949059486389,-0.4732068218290806,0.2679443359375,0.592708557844162,0.9542236328125,0.5927085652947426,0.5712770521640778,0.6974717453122139,0.0,0.0022973583254497,16.0,1.0,1.0,1.0,175807.97265625,138464.52734375,16.0,16.0,15.724835753440855,15.724835753440855,4.728456556797028,4.728456556797028,0.9643807783722878,0.7985952943563461,0.82809457374594,-0.0976732531713501,-0.0960000938635686,
data/transformers/runs_unified_softmax_scalar_control/results.csv,unified_softmax_richardson,softmax_scalar_depth,row,weak_inverse,depth_16,128,0.02,softmax_scalar,0.5,,,,0,,,,,,,,16.0,isotropic,10.0,1.0,16.0,1.0,16.0,16.0,coordinate,scalar_opt,none,context,0.6628244668245316,0.6654855161905289,0.6896858587861061,0.6702636256814003,0.0228230359498411,13.912219285964966,-0.471610601991415,0.28759765625,0.5927271395921707,0.9495849609375,0.5927271395921707,0.5718460604548454,0.6937674582004547,0.0,0.0022982434893492,16.0,1.0,1.0,1.0,176723.90625,108884.4375,16.0,16.0,15.721835374832152,15.721835374832152,4.728433728218079,4.728433728218079,0.968083657324314,0.6628244668245316,0.6846593320000808,-0.1786014688544416,-0.1768613921907801,
data/transformers/runs_unified_softmax_scalar_control/results.csv,unified_softmax_richardson,softmax_scalar_depth,row,weak_inverse,depth_32,128,0.02,softmax_scalar,0.5,,,,0,,,,,,,,16.0,isotropic,10.0,1.0,32.0,1.0,16.0,16.0,coordinate,scalar_opt,none,context,0.4864606335759163,0.4894253797829151,0.5265575498342514,0.5007806606590748,0.0230093980208039,10.374955892562866,-0.467284731566906,0.336181640625,0.5926118344068527,0.9476318359375,0.5926118418574333,0.5724862888455391,0.6908371597528458,0.0,0.0022994910250417,16.0,1.0,1.0,1.0,175659.619140625,72212.3798828125,16.0,16.0,15.708189845085144,15.708189845085144,4.728484570980072,4.728484570980072,0.9692958295345306,0.4864606335759163,0.5018515293090637,-0.3129522988951115,-0.3103135135010272,
data/transformers/runs_unified_softmax_scalar_control/results.csv,unified_softmax_richardson,softmax_scalar_depth,row,weak_inverse,depth_64,128,0.02,softmax_scalar,0.5,,,,0,,,,,,,,16.0,isotropic,10.0,1.0,64.0,1.0,16.0,16.0,coordinate,scalar_opt,none,context,0.3261851146817207,0.3292529881000519,0.3561537750065326,0.330887746065855,0.0230376978870481,6.706618666648865,-0.4669257029891014,0.4180908203125,0.5926656052470207,0.9508056640625,0.5926656126976013,0.572218731045723,0.6815916076302528,0.0,0.0022969676065258,16.0,1.0,1.0,1.0,175455.798828125,42997.16650390625,16.0,16.0,15.713337898254396,15.713337898254396,4.728392481803894,4.728392481803894,0.9635999947786332,0.3261851146817207,0.3384984194306706,-0.4865358616865851,-0.4824702749554717,
data/transformers/runs_unified_softmax_vector/results.csv,unified_softmax_richardson,softmax_vector_temp,row,weak_inverse,temp_0.1,128,0.02,softmax_vector,0.1,,,,0,,,,,,,,16.0,isotropic,10.0,1.0,8.0,4.0,4.0,16.0,coordinate,scalar_opt,none,context,109910223.71875,109910224.15625,67189322.5,67189341.75,0.0224226377904415,1510983359.5,-0.4804525449872017,0.06005859375,0.5926365479826927,0.953369140625,0.5926328673958778,0.5721996277570724,0.6859384849667549,0.0,0.0022985562391113,16.0,1.0,1.0,1.0,68966.755859375,17835051704320.0,4.0,4.0,3.984698064625263,3.984698064625263,2.630573555827141,2.630573555827141,0.5457606464624405,109910223.71875,200324717.44693527,8.041038091860475,8.041038093589194,
data/transformers/runs_unified_softmax_vector/results.csv,unified_softmax_richardson,softmax_vector_temp,row,weak_inverse,temp_0.2,128,0.02,softmax_vector,0.2,,,,0,,,,,,,,16.0,isotropic,10.0,1.0,8.0,4.0,4.0,16.0,coordinate,scalar_opt,none,context,21.82708003371954,21.82842657715082,17.40211869031191,17.372307367622852,0.0222885340917855,382.0786919593811,-0.4828289747238159,0.7901611328125,0.592844620347023,0.9547119140625,0.5928446277976036,0.5722380205988884,0.6881520301103592,0.0,0.002297689410625,16.0,1.0,1.0,1.0,8846.258056640625,2843202.939453125,4.0,4.0,3.983393259346485,3.983393259346485,4.106920808553696,4.106920808553696,0.1898534540086984,21.82708003371954,114.45538091026248,1.3389956408826478,1.3390224322969475,
data/transformers/runs_unified_softmax_vector/results.csv,unified_softmax_richardson,softmax_vector_temp,row,weak_inverse,temp_0.5,128,0.02,softmax_vector,0.5,,,,0,,,,,,,,16.0,isotropic,10.0,1.0,8.0,4.0,4.0,16.0,coordinate,scalar_opt,none,context,0.0001315234112553,0.0030024924781173,0.0227972497232258,0.0001269202530238,0.0226173987612128,-0.4720127657055855,-0.4758972413837909,0.9505615234375,0.5926507189869881,0.9521484375,0.5926507040858269,0.571881540119648,0.6873023957014084,0.0,0.0022965157986618,16.0,1.0,1.0,1.0,561.249626159668,6.987896859645844,4.0,4.0,3.983046717941761,3.983046717941761,4.728413835167885,4.728413835167885,0.1262890417128801,0.0001315234112553,0.0010412714081366,-3.880996935584487,-2.522518071923798,
data/transformers/runs_unified_softmax_vector/results.csv,unified_softmax_richardson,softmax_vector_temp,row,weak_inverse,temp_1.0,128,0.02,softmax_vector,1.0,,,,0,,,,,,,,16.0,isotropic,10.0,1.0,8.0,4.0,4.0,16.0,coordinate,scalar_opt,none,context,4.4787171646021307e-05,0.0029238771239761,0.0227718891110271,4.596326425598818e-05,0.0227540901396423,-0.4728310070931911,-0.4732068218290806,0.95361328125,0.592708557844162,0.9542236328125,0.5927085652947426,0.5712770521640778,0.6974717453122139,0.0,0.0022973583254497,16.0,1.0,1.0,1.0,113.78300666809082,1.540161818265915,4.0,4.0,3.981916226446629,3.981916226446629,4.821054846048355,4.821054846048355,0.1193635435774922,4.4787171646021307e-05,0.0003753197820241,-4.348846362813414,-2.5340408825693177,
data/transformers/runs_unified_softmax_vector/results.csv,unified_softmax_richardson,softmax_vector_temp,row,weak_inverse,temp_2.0,128,0.02,softmax_vector,2.0,,,,0,,,,,,,,16.0,isotropic,10.0,1.0,8.0,4.0,4.0,16.0,coordinate,scalar_opt,none,context,3.1861484558248776e-05,0.0028929669351782,0.0228419264312833,3.1944768807079527e-05,0.0228230359498411,-0.4712367355823517,-0.471610601991415,0.9508056640625,0.5927271321415901,0.9495849609375,0.5927271395921707,0.5718460604548454,0.6937674582004547,0.0,0.0022982434893492,16.0,1.0,1.0,1.0,26.64989137649536,0.3770406767725944,4.0,4.0,3.980870060622692,3.980870060622692,4.844279229640961,4.844279229640961,0.1184348799288272,3.1861484558248776e-05,0.0002690580456936,-4.496733992488596,-2.538656530040813,
data/transformers/runs_unified_softmax_vector/results.csv,unified_softmax_richardson,softmax_vector_temp,row,weak_inverse,temp_5.0,128,0.02,softmax_vector,5.0,,,,0,,,,,,,,16.0,isotropic,10.0,1.0,8.0,4.0,4.0,16.0,coordinate,scalar_opt,none,context,2.965109956676315e-05,0.0029016634798608,0.0230617001652717,2.971144590446784e-05,0.0230093980208039,-0.4661271311342716,-0.467284731566906,0.947509765625,0.5926118344068527,0.9476318359375,0.5926118418574333,0.5724862888455391,0.6908371597528458,0.0,0.0022994910250417,16.0,1.0,1.0,1.0,4.198870778083801,0.0601093317382037,4.0,4.0,3.9777853339910494,3.9777853339910494,4.850790575146675,4.850790575146675,0.118376649916172,2.965109956676315e-05,0.0002504771878831,-4.527959196838563,-2.537352956238029,
data/transformers/runs_unified_capacity/results.csv,unified_softmax_richardson,linear_capacity,row,weak_inverse,K8_H1_dh1,128,0.02,linear_richardson,0.5,,,,0,,,,,,,,8.0,isotropic,10.0,1.0,8.0,1.0,1.0,1.0,coordinate,scalar_opt,none,context,0.8811198323965073,0.8825473412871361,0.9167464599013329,0.9016455560922624,0.0210313270799815,20.166021823883057,-0.5120493248105049,0.26416015625,0.5725714191794395,0.9517822265625,0.5725714191794395,0.388724111020565,0.5403938516974449,0.0,0.0012122231855755,1.0,1.0,1.0,0.0,598450.453125,584683.9609375,1.0,1.0,1.0,1.0,0.0,0.0,0.8823494017124176,0.8811198323965073,0.9986067348611184,-0.0549650234727424,-0.0542619890468572,
data/transformers/runs_unified_capacity/results.csv,unified_softmax_richardson,linear_capacity,row,weak_inverse,K8_H1_dh2,128,0.02,linear_richardson,0.5,,,,0,,,,,,,,8.0,isotropic,10.0,1.0,8.0,1.0,2.0,2.0,coordinate,scalar_opt,none,context,0.7616127878427505,0.7631813064217567,0.7791557013988495,0.7591692432761192,0.0213634567335248,16.982839822769165,-0.5047149285674095,0.2918701171875,0.5724493116140366,0.9495849609375,0.5724493190646172,0.3904857710003853,0.5561952292919159,0.0,0.0012121469335397,2.0,1.0,1.0,0.0,517169.66015625,493871.140625,2.0,2.0,1.9956087172031405,1.9956087172031405,0.0,0.0,0.7661302089691162,0.7616127878427505,0.9941033003596088,-0.1182657725504239,-0.117372275905253,
data/transformers/runs_unified_capacity/results.csv,unified_softmax_richardson,linear_capacity,row,weak_inverse,K8_H1_dh4,128,0.02,linear_richardson,0.5,,,,0,,,,,,,,8.0,isotropic,10.0,1.0,8.0,1.0,4.0,4.0,coordinate,scalar_opt,none,context,0.5176595970988274,0.5191863104701042,0.5379001572728157,0.5153801552951336,0.0208010312635451,11.399307608604431,-0.5176814161241055,0.3624267578125,0.5725429654121399,0.9505615234375,0.5725429654121399,0.3907269164919853,0.5493825823068619,0.0,0.0012113497796235,4.0,1.0,1.0,0.0,346161.50390625,315542.9609375,4.0,4.0,3.981951117515564,3.981951117515564,0.0,0.0,0.5348911806941032,0.5176595970988274,0.9677639395209496,-0.2859557300186641,-0.2846767672201552,
data/transformers/runs_unified_capacity/results.csv,unified_softmax_richardson,linear_capacity,row,weak_inverse,K8_H1_dh8,128,0.02,linear_richardson,0.5,,,,0,,,,,,,,8.0,isotropic,10.0,1.0,8.0,1.0,8.0,8.0,coordinate,scalar_opt,none,context,3.5511163076762386e-07,0.0013553475291701,0.0217098011635243,3.399058883246653e-07,0.0217127462383359,-0.4962710365653038,-0.4962031058967113,0.9439697265625,0.572720356285572,0.9437255859375,0.5727203488349915,0.3905158936977386,0.5468151792883873,0.0,0.0012108712980989,8.0,1.0,1.0,1.0,9.596325178939937e-09,2.7094231747071266e-08,8.0,8.0,7.932537794113159,7.932537794113159,0.0,0.0,0.0657900338992476,3.5511163076762386e-07,5.385819134388454e-06,-6.449635103267297,-2.867949331616889,
data/transformers/runs_unified_capacity/results.csv,unified_softmax_richardson,linear_capacity,row,weak_inverse,K8_H1_dh16,128,0.02,linear_richardson,0.5,,,,0,,,,,,,,8.0,isotropic,10.0,1.0,8.0,1.0,16.0,16.0,coordinate,scalar_opt,none,context,3.726007982152169e-07,0.0013390720705501,0.0211798103991895,4.0316465899081777e-07,0.0211804620921611,-0.5084492899477482,-0.5084310844540596,0.9481201171875,0.5724357143044472,0.9483642578125,0.5724357143044472,0.389979675412178,0.5507275983691216,0.0,0.0012118947634007,8.0,1.0,1.0,1.0,9.835908199029577e-09,2.726420667009677e-08,8.0,8.0,7.931392014026642,7.931392014026642,0.0,0.0,0.0663462402299046,3.726007982152169e-07,5.613583165601288e-06,-6.428756219058422,-2.873196048081393,
data/transformers/runs_unified_capacity/results.csv,unified_softmax_richardson,linear_capacity,row,weak_inverse,K8_H1_dh32,128,0.02,linear_richardson,0.5,,,,0,,,,,,,,8.0,isotropic,10.0,1.0,8.0,1.0,32.0,32.0,coordinate,scalar_opt,none,context,3.506466299540989e-07,0.0013331683876458,0.0212648615706712,4.2046571735454563e-07,0.0212629903107881,-0.5061419270932674,-0.5061857961118221,0.9481201171875,0.572666771709919,0.948486328125,0.5726667568087578,0.3913736492395401,0.5503388345241547,0.0,0.0012121536274207,8.0,1.0,1.0,1.0,9.84548720328604e-09,2.7200528274207162e-08,8.0,8.0,7.939636945724487,7.939636945724487,0.0,0.0,0.0661226473748683,3.506466299540989e-07,5.300720037291052e-06,-6.455130330726048,-2.8751149929666058,
data/transformers/runs_unified_capacity/results.csv,unified_softmax_richardson,linear_capacity,row,weak_inverse,K8_H2_dh1,128,0.02,linear_richardson,0.5,,,,0,,,,,,,,8.0,isotropic,10.0,1.0,8.0,2.0,1.0,2.0,coordinate,scalar_opt,none,context,0.7615506425499916,0.7625284940004349,0.7900395616889,0.7667636349797249,0.0221659657545387,17.237748742103577,-0.4855866022408008,0.2823486328125,0.5726758390665054,0.9453125,0.5726758316159248,0.3902643211185932,0.5478791370987892,0.0,0.0012123995256843,2.0,1.0,1.0,0.0,515713.33203125,493172.54296875,1.0,1.0,1.0,1.0,0.0,0.0,0.7656738758087158,0.7615506425499916,0.994609795099402,-0.1183012111083592,-0.1177439230553481,
data/transformers/runs_unified_capacity/results.csv,unified_softmax_richardson,linear_capacity,row,weak_inverse,K8_H2_dh2,128,0.02,linear_richardson,0.5,,,,0,,,,,,,,8.0,isotropic,10.0,1.0,8.0,2.0,2.0,4.0,coordinate,scalar_opt,none,context,0.5083758533000946,0.5098733715713024,0.5200028866529465,0.4999827034771442,0.0213176670949906,10.991306185722353,-0.5053486973047256,0.3565673828125,0.5725270062685013,0.9500732421875,0.5725270137190819,0.3908107317984104,0.5512542501091957,0.0,0.0012116073048673,4.0,1.0,1.0,0.0,336499.04296875,307676.5234375,2.0,2.0,1.995377540588379,1.995377540588379,0.0,0.0,0.5254889130592346,0.5083758533000946,0.9674326157193588,-0.2938150856309527,-0.2925376687181966,
data/transformers/runs_unified_capacity/results.csv,unified_softmax_richardson,linear_capacity,row,weak_inverse,K8_H2_dh4,128,0.02,linear_richardson,0.5,,,,0,,,,,,,,8.0,isotropic,10.0,1.0,8.0,2.0,4.0,8.0,coordinate,scalar_opt,none,context,3.636507912574416e-07,0.0013400045281741,0.0212697507813572,4.215776243654546e-07,0.0212699028197675,-0.5066693499684334,-0.5066657364368439,0.9508056640625,0.5725096017122269,0.9508056640625,0.5725096091628075,0.3907468356192112,0.5534785687923431,0.0,0.0012125785870011,8.0,1.0,1.0,1.0,9.681817347839685e-09,2.7610159492041934e-08,4.0,4.0,3.9829406291246414,3.9829406291246414,0.0,0.0,0.0668523134663701,3.636507912574416e-07,5.444745730552574e-06,-6.439315463122474,-2.872893734054793,
data/transformers/runs_unified_capacity/results.csv,unified_softmax_richardson,linear_capacity,row,weak_inverse,K8_H2_dh8,128,0.02,linear_richardson,0.5,,,,0,,,,,,,,8.0,isotropic,10.0,1.0,8.0,2.0,8.0,16.0,coordinate,scalar_opt,none,context,3.6484659915458906e-07,0.0013484773080563,0.0215217410586774,3.458716690829533e-07,0.0215194346383214,-0.5008277632296085,-0.5008789598941803,0.9464111328125,0.5723467394709587,0.9462890625,0.5723467394709587,0.3902331851422786,0.5493185967206955,0.0,0.001211949813296,8.0,1.0,1.0,1.0,9.739773099148865e-09,2.708138668872096e-08,4.0,4.0,4.467176198959351,4.467176198959351,0.0,0.0,0.0662312814965844,3.6484659915458906e-07,5.514548211162889e-06,-6.437889697582561,-2.8701563573822755,
data/transformers/runs_unified_capacity/results.csv,unified_softmax_richardson,linear_capacity,row,weak_inverse,K8_H2_dh16,128,0.02,linear_richardson,0.5,,,,0,,,,,,,,8.0,isotropic,10.0,1.0,8.0,2.0,16.0,32.0,coordinate,scalar_opt,none,context,3.260239864744108e-07,0.0013496422179741,0.0213587335310876,3.311464134014841e-07,0.0213566361926496,-0.5044754967093468,-0.5045235715806484,0.949462890625,0.5726530030369759,0.9495849609375,0.5726530104875565,0.3904980085790157,0.5543320700526237,0.0,0.0012125903740525,8.0,1.0,1.0,1.0,9.741051965050929e-09,2.649747310456973e-08,4.0,4.0,4.465441405773163,4.465441405773163,0.0,0.0,0.0655202232301235,3.260239864744108e-07,4.966482427599513e-06,-6.486750446526365,-2.8697813450999834,
data/transformers/runs_unified_capacity/results.csv,unified_softmax_richardson,linear_capacity,row,weak_inverse,K8_H2_dh32,128,0.02,linear_richardson,0.5,,,,0,,,,,,,,8.0,isotropic,10.0,1.0,8.0,2.0,32.0,64.0,coordinate,scalar_opt,none,context,3.257048746263536e-07,0.0013484707014868,0.0211364969145506,3.4612060773042685e-07,0.0211349746678024,-0.5094428546726704,-0.5094763189554214,0.9483642578125,0.5726061314344406,0.94873046875,0.57260612398386,0.3900202959775924,0.5404420271515846,0.0,0.0012125383509555,8.0,1.0,1.0,1.0,9.721035310050752e-09,2.7228502341714044e-08,4.0,4.0,4.470116525888443,4.470116525888443,0.0,0.0,0.0662995725870132,3.257048746263536e-07,4.9091527101393455e-06,-6.487175741565663,-2.870158485118275,
data/transformers/runs_unified_capacity/results.csv,unified_softmax_richardson,linear_capacity,row,weak_inverse,K8_H4_dh1,128,0.02,linear_richardson,0.5,,,,0,,,,,,,,8.0,isotropic,10.0,1.0,8.0,4.0,1.0,4.0,coordinate,scalar_opt,none,context,0.5132424533367157,0.5144918411970139,0.5377140790224075,0.5122055187821388,0.0216254792176187,11.405202388763428,-0.4979616738855839,0.3521728515625,0.5725283324718475,0.9478759765625,0.5725283473730087,0.3911595232784748,0.5551992058753967,0.0,0.0012117569422116,4.0,1.0,1.0,0.0,341857.2109375,311691.3671875,1.0,1.0,1.0,1.0,0.0,0.0,0.5300083346664906,0.5132424533367157,0.9683425004775978,-0.2896774277310029,-0.2886215078815495,
data/transformers/runs_unified_capacity/results.csv,unified_softmax_richardson,linear_capacity,row,weak_inverse,K8_H4_dh2,128,0.02,linear_richardson,0.5,,,,0,,,,,,,,8.0,isotropic,10.0,1.0,8.0,4.0,2.0,8.0,coordinate,scalar_opt,none,context,3.50493117196038e-07,0.0013388350489549,0.021391462534666,3.519779596672379e-07,0.0213911198079586,-0.5038490667939186,-0.5038590840995312,0.9498291015625,0.5726460963487625,0.949951171875,0.5726461037993431,0.3914808668196201,0.5497080460190773,0.0,0.0012129090900998,8.0,1.0,1.0,1.0,9.915599008536446e-09,2.6935985220077896e-08,2.0,2.0,1.996979463845492,1.996979463845492,0.0,0.0,0.0654226606711745,3.50493117196038e-07,5.352352420822404e-06,-6.45532050606574,-2.873272926902488,
data/transformers/runs_unified_capacity/results.csv,unified_softmax_richardson,linear_capacity,row,weak_inverse,K8_H4_dh4,128,0.02,linear_richardson,0.5,,,,0,,,,,,,,8.0,isotropic,10.0,1.0,8.0,4.0,4.0,16.0,coordinate,scalar_opt,none,context,3.447881660179064e-07,0.0013424139906419,0.021073869196698,3.524638714225148e-07,0.0210730098187923,-0.5112060829997063,-0.5112257935106754,0.95068359375,0.5724593102931976,0.95068359375,0.5724593177437782,0.3908881433308124,0.5545701906085014,0.0,0.0012123170308768,8.0,1.0,1.0,1.0,9.737722184155473e-09,2.7396191537576442e-08,2.0,2.0,2.49236574023962,2.49236574023962,0.0,0.0,0.0670329956337809,3.447881660179064e-07,5.14882758934062e-06,-6.462447648651618,-2.87211353027362,
data/transformers/runs_unified_capacity/results.csv,unified_softmax_richardson,linear_capacity,row,weak_inverse,K8_H4_dh8,128,0.02,linear_richardson,0.5,,,,0,,,,,,,,8.0,isotropic,10.0,1.0,8.0,4.0,8.0,32.0,coordinate,scalar_opt,none,context,3.542133200085118e-07,0.0013568077556556,0.0214759707450866,3.343457350979407e-07,0.0214760331436991,-0.5016230791807175,-0.5016211867332458,0.9488525390625,0.5723821371793747,0.948486328125,0.5723821371793747,0.3911023549735546,0.5567870512604713,0.0,0.0012127804948249,8.0,1.0,1.0,1.0,9.94071547300024e-09,2.740294657854747e-08,2.0,2.0,2.7319740504026413,2.7319740504026413,0.0,0.0,0.0665400251746177,3.542133200085118e-07,5.321256223732537e-06,-6.450735111419725,-2.8674816826074028,
data/transformers/runs_unified_capacity/results.csv,unified_softmax_richardson,linear_capacity,row,weak_inverse,K8_H4_dh16,128,0.02,linear_richardson,0.5,,,,0,,,,,,,,8.0,isotropic,10.0,1.0,8.0,4.0,16.0,64.0,coordinate,scalar_opt,none,context,3.148181058065802e-07,0.0013343255413929,0.0213213565293699,2.8400427964925257e-07,0.0213194852694869,-0.5053563006222248,-0.5053999051451683,0.952880859375,0.572762206196785,0.9527587890625,0.5727622136473656,0.3897407799959183,0.5517789199948311,0.0,0.0012132299016229,8.0,1.0,1.0,1.0,9.96132110131498e-09,2.7567349292212384e-08,2.0,2.0,2.7332299947738647,2.7332299947738647,0.0,0.0,0.0659803859889507,3.148181058065802e-07,4.76752972245601e-06,-6.501940298467457,-2.8747382007174407,
data/transformers/runs_unified_capacity/results.csv,unified_softmax_richardson,linear_capacity,row,weak_inverse,K8_H4_dh32,128,0.02,linear_richardson,0.5,,,,0,,,,,,,,8.0,isotropic,10.0,1.0,8.0,4.0,32.0,128.0,coordinate,scalar_opt,none,context,3.587059786980263e-07,0.0013353141985135,0.0216284792404621,3.751122008566199e-07,0.0216272308025509,-0.4980506114661693,-0.4980792999267578,0.9481201171875,0.5726821199059486,0.9481201171875,0.572682112455368,0.3904495686292648,0.5537045374512672,0.0,0.0012124863569624,8.0,1.0,1.0,1.0,9.751102258981348e-09,2.7099696930932282e-08,2.0,2.0,2.734515592455864,2.734515592455864,0.0,0.0,0.0652632508426904,3.587059786980263e-07,5.49643121935789e-06,-6.445261384701444,-2.874416533081776,
data/transformers/runs_unified_capacity/results.csv,unified_softmax_richardson,linear_capacity,row,weak_inverse,K8_H8_dh1,128,0.02,linear_richardson,0.5,,,,0,,,,,,,,8.0,isotropic,10.0,1.0,8.0,8.0,1.0,8.0,coordinate,scalar_opt,none,context,3.366356509104662e-07,0.001346006654785,0.0211998492013663,3.14523548539114e-07,0.0211979164741933,-0.5083168372511864,-0.5083627700805664,0.951416015625,0.5725646540522575,0.951416015625,0.5725646466016769,0.3905933685600757,0.5408825725317001,0.0,0.0012126515066483,8.0,1.0,1.0,1.0,9.75112357526342e-09,2.7223901799544592e-08,1.0,1.0,1.0,1.0,0.0,0.0,0.066455558873713,3.366356509104662e-07,5.063459035468374e-06,-6.472839892597244,-2.87095279291348,
data/transformers/runs_unified_capacity/results.csv,unified_softmax_richardson,linear_capacity,row,weak_inverse,K8_H8_dh2,128,0.02,linear_richardson,0.5,,,,0,,,,,,,,8.0,isotropic,10.0,1.0,8.0,8.0,2.0,16.0,coordinate,scalar_opt,none,context,3.610157079947385e-07,0.0013301448925631,0.0212923067156225,3.580070355724274e-07,0.0212921611964702,-0.5062563642859459,-0.5062583200633526,0.95068359375,0.5723623260855675,0.950927734375,0.5723623335361481,0.3907539248466491,0.5596899837255478,0.0,0.001211556882481,8.0,1.0,1.0,1.0,1.0029896246877e-08,2.7731541729636443e-08,1.0,1.0,1.4980130027979612,1.4980130027979612,0.0,0.0,0.0664260173216462,3.610157079947385e-07,5.434131667694526e-06,-6.442473901288186,-2.876101048797396,
data/transformers/runs_unified_capacity/results.csv,unified_softmax_richardson,linear_capacity,row,weak_inverse,K8_H8_dh4,128,0.02,linear_richardson,0.5,,,,0,,,,,,,,8.0,isotropic,10.0,1.0,8.0,8.0,4.0,32.0,coordinate,scalar_opt,none,context,3.454852723905333e-07,0.0013493323494913,0.0206979226786643,4.222328975345137e-07,0.0207006311975419,-0.5200467705726624,-0.5199848897755146,0.9559326171875,0.5726485103368759,0.9554443359375,0.5726485103368759,0.3894892819225788,0.5482283681631088,0.0,0.0012121452309656,8.0,1.0,1.0,1.0,9.8418109217846e-09,2.721916425585391e-08,1.0,1.0,1.745180692523718,1.745180692523718,0.0,0.0,0.0659221401438117,3.454852723905333e-07,5.23766823845205e-06,-6.461570461331318,-2.869881067546012,
data/transformers/runs_unified_capacity/results.csv,unified_softmax_richardson,linear_capacity,row,weak_inverse,K8_H8_dh8,128,0.02,linear_richardson,0.5,,,,0,,,,,,,,8.0,isotropic,10.0,1.0,8.0,8.0,8.0,64.0,coordinate,scalar_opt,none,context,3.6102868605780724e-07,0.0013414194836514,0.0210462636314332,4.232488102218213e-07,0.0210453488398343,-0.51188575476408,-0.5119043588638306,0.9527587890625,0.5727098286151886,0.9527587890625,0.5727098286151886,0.3905238285660743,0.5510402917861938,0.0,0.0012127631780458,8.0,1.0,1.0,1.0,9.51851786279434e-09,2.6927303498069932e-08,1.0,1.0,1.8663470447063448,1.8663470447063448,0.0,0.0,0.0656531369313597,3.6102868605780724e-07,5.491985103242418e-06,-6.442458289225483,-2.872435389973269,
data/transformers/runs_unified_capacity/results.csv,unified_softmax_richardson,linear_capacity,row,weak_inverse,K8_H8_dh16,128,0.02,linear_richardson,0.5,,,,0,,,,,,,,8.0,isotropic,10.0,1.0,8.0,8.0,16.0,128.0,coordinate,scalar_opt,none,context,3.779175905549437e-07,0.0013469377881847,0.0209760833531618,4.08299740684015e-07,0.0209748467896133,-0.5131535567343235,-0.5131830833852291,0.952392578125,0.5724166706204414,0.95263671875,0.5724166631698608,0.3912047035992145,0.5564692467451096,0.0,0.0012124743952881,8.0,1.0,1.0,1.0,9.819088653273413e-09,2.69513817929834e-08,1.0,1.0,1.8674756959080696,1.8674756959080696,0.0,0.0,0.0659635029733181,3.779175905549437e-07,5.731102958184867e-06,-6.4226028929383725,-2.870652462830856,
data/transformers/runs_unified_capacity/results.csv,unified_softmax_richardson,linear_capacity,row,weak_inverse,K8_H8_dh32,128,0.02,linear_richardson,0.5,,,,0,,,,,,,,8.0,isotropic,10.0,1.0,8.0,8.0,32.0,256.0,coordinate,scalar_opt,none,context,3.407771203001176e-07,0.0013419181486824,0.021627573063597,3.723578707592879e-07,0.0216252887621521,-0.4980862364172935,-0.498137604445219,0.9478759765625,0.57268837839365,0.947998046875,0.57268837839365,0.3904590420424938,0.5528765767812729,0.0,0.0012126916117267,8.0,1.0,1.0,1.0,9.849601467770697e-09,2.7646684497284468e-08,1.0,1.0,1.865034617483616,1.865034617483616,0.0,0.0,0.066009615547955,3.407771203001176e-07,5.170572089746311e-06,-6.467529571361228,-2.8722739734812226,
data/transformers/runs_unified_capacity/results.csv,unified_softmax_richardson,linear_capacity,row,weak_inverse,K16_H1_dh1,128,0.02,linear_richardson,0.5,,,,0,,,,,,,,16.0,isotropic,10.0,1.0,8.0,1.0,1.0,1.0,coordinate,scalar_opt,none,context,0.9461242705583572,0.9488031417131424,0.9822365194559096,0.9562082290649414,0.0228405445814132,20.23184561729431,-0.471213761717081,0.2437744140625,0.5928589925169945,0.950439453125,0.5928589925169945,0.5723235607147217,0.6954855099320412,0.0,0.0022981236979831,1.0,1.0,1.0,0.0,171441.48046875,167839.201171875,1.0,1.0,1.0,1.0,0.0,0.0,0.946116179227829,0.9461242705583572,1.0000064306029537,-0.0240518165863645,-0.0228238859249828,
data/transformers/runs_unified_capacity/results.csv,unified_softmax_richardson,linear_capacity,row,weak_inverse,K16_H1_dh2,128,0.02,linear_richardson,0.5,,,,0,,,,,,,,16.0,isotropic,10.0,1.0,8.0,1.0,2.0,2.0,coordinate,scalar_opt,none,context,0.8904859498143196,0.8934143260121346,0.9095456078648568,0.8869415000081062,0.022744808346033,18.662208795547485,-0.4735684059560299,0.2515869140625,0.5927474349737167,0.9495849609375,0.5927474275231361,0.5733084380626678,0.6873290464282036,0.0,0.0022961192880757,2.0,1.0,1.0,0.0,159423.203125,152668.509765625,2.0,2.0,1.9974937587976456,1.9974937587976456,0.0,0.0,0.8912320509552956,0.8904859498143196,0.9991649212408826,-0.0503729284929878,-0.0489470878411955,
data/transformers/runs_unified_capacity/results.csv,unified_softmax_richardson,linear_capacity,row,weak_inverse,K16_H1_dh4,128,0.02,linear_richardson,0.5,,,,0,,,,,,,,16.0,isotropic,10.0,1.0,8.0,1.0,4.0,4.0,coordinate,scalar_opt,none,context,0.7672093659639359,0.7704604417085648,0.8090838938951492,0.7870054170489311,0.0225021340884268,16.469662308692932,-0.4784512966871261,0.2724609375,0.5928880572319031,0.950439453125,0.5928880646824837,0.5719682648777962,0.6943699419498444,0.0,0.0022979888017289,4.0,1.0,1.0,0.0,134487.896484375,123305.8984375,4.0,4.0,3.979287356138229,3.979287356138229,0.0,0.0,0.7727287039160728,0.7672093659639359,0.9928552606098062,-0.1150861040104549,-0.1132496546596661,
data/transformers/runs_unified_capacity/results.csv,unified_softmax_richardson,linear_capacity,row,weak_inverse,K16_H1_dh8,128,0.02,linear_richardson,0.5,,,,0,,,,,,,,16.0,isotropic,10.0,1.0,8.0,1.0,8.0,8.0,coordinate,scalar_opt,none,context,0.5350641682744026,0.5382415801286697,0.5664312019944191,0.5371718183159828,0.0230989810079336,11.23139786720276,-0.4656337052583694,0.3358154296875,0.5925171971321106,0.9503173828125,0.5925172120332718,0.5728313475847244,0.6967982053756714,0.0,0.0022970360587351,8.0,1.0,1.0,0.0,91802.37890625,76322.4619140625,8.0,8.0,7.933855593204498,7.933855593204498,0.0,0.0,0.5608521476387978,0.5350641682744026,0.9540170073102758,-0.2715941315182658,-0.2690227552476398,
data/transformers/runs_unified_capacity/results.csv,unified_softmax_richardson,linear_capacity,row,weak_inverse,K16_H1_dh16,128,0.02,linear_richardson,0.5,,,,0,,,,,,,,16.0,isotropic,10.0,1.0,8.0,1.0,16.0,16.0,coordinate,scalar_opt,none,context,2.9617342988785825e-05,0.0029249358631204,0.0229098058771342,2.94780427338992e-05,0.0228482915554195,-0.4693056158721447,-0.4705899693071842,0.9478759765625,0.5927515476942062,0.94873046875,0.5927515551447868,0.5717694461345673,0.6880005225539207,0.0,0.0022978954948484,16.0,1.0,1.0,1.0,2.764954015743725e-09,7.777493982175088e-09,16.0,16.0,15.741127610206604,15.741127610206604,0.0,0.0,0.1185574894770979,2.9617342988785825e-05,0.0002497050193945,-4.52845390520263,-2.533883652521373,
data/transformers/runs_unified_capacity/results.csv,unified_softmax_richardson,linear_capacity,row,weak_inverse,K16_H1_dh32,128,0.02,linear_richardson,0.5,,,,0,,,,,,,,16.0,isotropic,10.0,1.0,8.0,1.0,32.0,32.0,coordinate,scalar_opt,none,context,2.750275416474324e-05,0.0028976906614843,0.0229405628051608,2.768738522718195e-05,0.0229162769392132,-0.4688324443995952,-0.4693504385650158,0.951904296875,0.5925134345889091,0.9522705078125,0.5925134420394897,0.5712279081344604,0.6904002130031586,0.0,0.0022986384865362,16.0,1.0,1.0,1.0,2.780307151173389e-09,7.715291405752112e-09,16.0,16.0,15.726469278335571,15.726469278335571,0.0,0.0,0.1175091229379177,2.750275416474324e-05,0.0002340347763686,-4.560623813127638,-2.5379479788306707,
data/transformers/runs_unified_capacity/results.csv,unified_softmax_richardson,linear_capacity,row,weak_inverse,K16_H2_dh1,128,0.02,linear_richardson,0.5,,,,0,,,,,,,,16.0,isotropic,10.0,1.0,8.0,2.0,1.0,2.0,coordinate,scalar_opt,none,context,0.8898654878139496,0.8923188149929047,0.904947504401207,0.8785093352198601,0.0229187707882374,18.515454292297363,-0.4686922207474708,0.2506103515625,0.5928697437047958,0.948486328125,0.5928697437047958,0.5723534747958183,0.6869081184267998,0.0,0.0022991324367467,2.0,1.0,1.0,0.0,159793.861328125,153005.0625,1.0,1.0,1.0,1.0,0.0,0.0,0.8907180950045586,0.8898654878139496,0.999041393629708,-0.0506756364058251,-0.0494799495989552,
data/transformers/runs_unified_capacity/results.csv,unified_softmax_richardson,linear_capacity,row,weak_inverse,K16_H2_dh2,128,0.02,linear_richardson,0.5,,,,0,,,,,,,,16.0,isotropic,10.0,1.0,8.0,2.0,2.0,4.0,coordinate,scalar_opt,none,context,0.7664656490087509,0.769243948161602,0.7787167131900787,0.759767159819603,0.022149902768433,15.851593255996704,-0.4860095381736755,0.27001953125,0.5927080437541008,0.9532470703125,0.5927080437541008,0.572613351047039,0.6903653964400291,0.0,0.0022967121039982,4.0,1.0,1.0,0.0,135340.2890625,124041.08984375,2.0,2.0,1.9963181540369987,1.9963181540369987,0.0,0.0,0.7716640383005142,0.7664656490087509,0.9932639088548552,-0.1155073043193846,-0.1139359117725549,
data/transformers/runs_unified_capacity/results.csv,unified_softmax_richardson,linear_capacity,row,weak_inverse,K16_H2_dh4,128,0.02,linear_richardson,0.5,,,,0,,,,,,,,16.0,isotropic,10.0,1.0,8.0,2.0,4.0,8.0,coordinate,scalar_opt,none,context,0.5277826339006424,0.5308649241924286,0.536441758275032,0.515103779733181,0.0229531193617731,10.599488496780396,-0.4686642289161682,0.3387451171875,0.5926009267568588,0.949462890625,0.5926009193062782,0.572347491979599,0.6911228969693184,0.0,0.0022972298029344,8.0,1.0,1.0,0.0,90279.421875,75286.166015625,4.0,4.0,3.984862342476845,3.984862342476845,0.0,0.0,0.5532130375504494,0.5277826339006424,0.9540269029164036,-0.2775449038567846,-0.2750159688251976,
data/transformers/runs_unified_capacity/results.csv,unified_softmax_richardson,linear_capacity,row,weak_inverse,K16_H2_dh8,128,0.02,linear_richardson,0.5,,,,0,,,,,,,,16.0,isotropic,10.0,1.0,8.0,2.0,8.0,16.0,coordinate,scalar_opt,none,context,2.9687723554161494e-05,0.0028903655183967,0.0223415435757488,2.8177364356452017e-05,0.0223344718106091,-0.4822783395648002,-0.4824163094162941,0.95263671875,0.5925770103931427,0.9534912109375,0.5925770103931427,0.5728153809905052,0.6923729255795479,0.0,0.0022975640022195,16.0,1.0,1.0,1.0,2.7706889282885783e-09,7.71594599324743e-09,8.0,8.0,7.930838257074356,7.930838257074356,0.0,0.0,0.1188186407089233,2.9687723554161494e-05,0.0002497515993257,-4.52742310269933,-2.5390472324735787,
data/transformers/runs_unified_capacity/results.csv,unified_softmax_richardson,linear_capacity,row,weak_inverse,K16_H2_dh16,128,0.02,linear_richardson,0.5,,,,0,,,,,,,,16.0,isotropic,10.0,1.0,8.0,2.0,16.0,32.0,coordinate,scalar_opt,none,context,2.853390219570429e-05,0.0029063594120088,0.0234024254605174,2.921025566138269e-05,0.0233831645455211,-0.4592473059892654,-0.459673460572958,0.94775390625,0.5924818515777588,0.947509765625,0.5924818515777588,0.5720905363559723,0.6929378435015678,0.0,0.0022979500645305,16.0,1.0,1.0,1.0,2.7209179076503887e-09,7.678456204196493e-09,8.0,8.0,8.364879667758942,8.364879667758942,0.0,0.0,0.1174659049138426,2.853390219570429e-05,0.0002428380213153,-4.544638831701645,-2.53665068012733,
data/transformers/runs_unified_capacity/results.csv,unified_softmax_richardson,linear_capacity,row,weak_inverse,K16_H2_dh32,128,0.02,linear_richardson,0.5,,,,0,,,,,,,,16.0,isotropic,10.0,1.0,8.0,2.0,32.0,64.0,coordinate,scalar_opt,none,context,2.8281511049499383e-05,0.0029064897098578,0.0230581914074718,2.794974443531828e-05,0.0229976987466216,-0.4658532291650772,-0.4671239070594311,0.950927734375,0.592555545270443,0.951171875,0.592555545270443,0.572229340672493,0.6902755945920944,0.0,0.0022964896343182,16.0,1.0,1.0,1.0,2.766613604876511e-09,7.669293200507354e-09,8.0,8.0,8.368553698062897,8.368553698062897,0.0,0.0,0.1171232033520937,2.8281511049499383e-05,0.0002413615541923,-4.548497390386876,-2.5366312102819486,
data/transformers/runs_unified_capacity/results.csv,unified_softmax_richardson,linear_capacity,row,weak_inverse,K16_H4_dh1,128,0.02,linear_richardson,0.5,,,,0,,,,,,,,16.0,isotropic,10.0,1.0,8.0,4.0,1.0,4.0,coordinate,scalar_opt,none,context,0.7767773792147636,0.7799063250422478,0.7976718917489052,0.7755889818072319,0.0229525002650916,16.233410239219666,-0.4683424457907676,0.273193359375,0.5925477519631386,0.94677734375,0.5925477594137192,0.5725472941994667,0.6895517185330391,0.0,0.0022980250942055,4.0,1.0,1.0,0.0,137175.65234375,125459.837890625,1.0,1.0,1.0,1.0,0.0,0.0,0.7816942557692528,0.7767773792147636,0.993711180752736,-0.1097034301459426,-0.107957557515091,
data/transformers/runs_unified_capacity/results.csv,unified_softmax_richardson,linear_capacity,row,weak_inverse,K16_H4_dh2,128,0.02,linear_richardson,0.5,,,,0,,,,,,,,16.0,isotropic,10.0,1.0,8.0,4.0,2.0,8.0,coordinate,scalar_opt,none,context,0.5391880720853806,0.5419315323233604,0.5461248382925987,0.5240479409694672,0.023002594942227,10.79788088798523,-0.4678777679800987,0.3309326171875,0.5926204398274422,0.9482421875,0.592620424926281,0.5720074847340584,0.6960675269365311,0.0,0.0022991094447206,8.0,1.0,1.0,0.0,91698.5537109375,76572.3427734375,2.0,2.0,1.9961286038160324,1.9961286038160324,0.0,0.0,0.5644255355000496,0.5391880720853806,0.9552856306772451,-0.2682597238258484,-0.2660555787982254,
data/transformers/runs_unified_capacity/results.csv,unified_softmax_richardson,linear_capacity,row,weak_inverse,K16_H4_dh4,128,0.02,linear_richardson,0.5,,,,0,,,,,,,,16.0,isotropic,10.0,1.0,8.0,4.0,4.0,16.0,coordinate,scalar_opt,none,context,2.8851841307186987e-05,0.0029055980849079,0.0233377297408878,2.8464184651966207e-05,0.0233050077222287,-0.4597306624054909,-0.4604441113770008,0.9466552734375,0.5925280675292015,0.9464111328125,0.5925280675292015,0.5725755915045738,0.7006623595952988,0.0,0.0022971520083956,16.0,1.0,1.0,1.0,2.7365438248772023e-09,7.768659049389726e-09,4.0,4.0,3.982033744454384,3.982033744454384,0.0,0.0,0.1179344411939382,2.8851841307186987e-05,0.0002446522296209,-4.539826465210744,-2.536764459404249,
data/transformers/runs_unified_capacity/results.csv,unified_softmax_richardson,linear_capacity,row,weak_inverse,K16_H4_dh8,128,0.02,linear_richardson,0.5,,,,0,,,,,,,,16.0,isotropic,10.0,1.0,8.0,4.0,8.0,32.0,coordinate,scalar_opt,none,context,2.849335146493104e-05,0.0029166927561163,0.0226404378190636,2.800088441290427e-05,0.0226310326252132,-0.4758764579892158,-0.4760730639100075,0.9527587890625,0.5926850363612175,0.953125,0.5926850363612175,0.5721183493733406,0.6842346340417862,0.0,0.0022988870041444,16.0,1.0,1.0,1.0,2.741825599894554e-09,7.738964580283891e-09,4.0,4.0,4.46355627477169,4.46355627477169,0.0,0.0,0.117348856292665,2.849335146493104e-05,0.0002427633165969,-4.545256464866482,-2.5351093169704777,
data/transformers/runs_unified_capacity/results.csv,unified_softmax_richardson,linear_capacity,row,weak_inverse,K16_H4_dh16,128,0.02,linear_richardson,0.5,,,,0,,,,,,,,16.0,isotropic,10.0,1.0,8.0,4.0,16.0,64.0,coordinate,scalar_opt,none,context,2.91753997316846e-05,0.0029187265026848,0.0227349225897341,2.9785277547489383e-05,0.0227023276966065,-0.4735374189913273,-0.4742176756262779,0.95068359375,0.5925220549106598,0.951416015625,0.5925220549106598,0.5723711550235748,0.6865640133619308,0.0,0.0022978367924224,16.0,1.0,1.0,1.0,2.762643308562573e-09,7.72127095594044e-09,4.0,4.0,4.685236304998398,4.685236304998398,0.0,0.0,0.1182694779708981,2.91753997316846e-05,0.0002466924312569,-4.534983184980087,-2.5348065983794483,
data/transformers/runs_unified_capacity/results.csv,unified_softmax_richardson,linear_capacity,row,weak_inverse,K16_H4_dh32,128,0.02,linear_richardson,0.5,,,,0,,,,,,,,16.0,isotropic,10.0,1.0,8.0,4.0,32.0,128.0,coordinate,scalar_opt,none,context,2.886376182686945e-05,0.0029129403119441,0.0228436694014817,2.754162801466009e-05,0.0227744604926556,-0.4712552763521671,-0.4727203547954559,0.9471435546875,0.5925403386354446,0.947998046875,0.5925403535366058,0.5730005577206612,0.6880371868610382,0.0,0.0022945418022572,16.0,1.0,1.0,1.0,2.794470932432347e-09,7.755813546950208e-09,4.0,4.0,4.686200797557831,4.686200797557831,0.0,0.0,0.119043200276792,2.886376182686945e-05,0.0002424890059872,-4.539647067761458,-2.5356684142596952,
data/transformers/runs_unified_capacity/results.csv,unified_softmax_richardson,linear_capacity,row,weak_inverse,K16_H8_dh1,128,0.02,linear_richardson,0.5,,,,0,,,,,,,,16.0,isotropic,10.0,1.0,8.0,8.0,1.0,8.0,coordinate,scalar_opt,none,context,0.5325118824839592,0.5351561531424522,0.5610266104340553,0.53763597458601,0.0229540197178721,11.124099254608154,-0.4689347632229328,0.33642578125,0.5926057174801826,0.9505615234375,0.5926057025790215,0.5722790062427521,0.6934474259614944,0.0,0.0022981075162533,8.0,1.0,1.0,0.0,90938.60546875,75816.7099609375,1.0,1.0,1.0,1.0,0.0,0.0,0.5582173392176628,0.5325118824839592,0.9539426636738102,-0.2736706969227671,-0.2715194767580982,
data/transformers/runs_unified_capacity/results.csv,unified_softmax_richardson,linear_capacity,row,weak_inverse,K16_H8_dh2,128,0.02,linear_richardson,0.5,,,,0,,,,,,,,16.0,isotropic,10.0,1.0,8.0,8.0,2.0,16.0,coordinate,scalar_opt,none,context,2.8743179882440018e-05,0.0029119856189936,0.0234661444555968,2.911365572799696e-05,0.0234381479676812,-0.4579397179186344,-0.4585562460124492,0.948974609375,0.5925556942820549,0.9488525390625,0.5925556942820549,0.5720298364758492,0.6897297278046608,0.0,0.0022989962890278,16.0,1.0,1.0,1.0,2.7750348408073222e-09,7.698279680390385e-09,2.0,2.0,1.996207252144813,1.996207252144813,0.0,0.0,0.1185702290385961,2.8743179882440018e-05,0.0002423090459762,-4.5414651871759375,-2.535810774141668,
data/transformers/runs_unified_capacity/results.csv,unified_softmax_richardson,linear_capacity,row,weak_inverse,K16_H8_dh4,128,0.02,linear_richardson,0.5,,,,0,,,,,,,,16.0,isotropic,10.0,1.0,8.0,8.0,4.0,32.0,coordinate,scalar_opt,none,context,2.931317476395634e-05,0.002884752175305,0.0223068876657634,2.8133432806498604e-05,0.0222808325197547,-0.4830375984311104,-0.4835624322295189,0.9508056640625,0.592657245695591,0.951904296875,0.5926572382450104,0.5724132061004639,0.6947695836424828,0.0,0.0022983897652011,16.0,1.0,1.0,1.0,2.7560913551383237e-09,7.65551821935162e-09,2.0,2.0,2.4914965704083443,2.4914965704083443,0.0,0.0,0.1178748784586787,2.931317476395634e-05,0.0002487630737293,-4.532937142742036,-2.539891490487621,
data/transformers/runs_unified_capacity/results.csv,unified_softmax_richardson,linear_capacity,row,weak_inverse,K16_H8_dh8,128,0.02,linear_richardson,0.5,,,,0,,,,,,,,16.0,isotropic,10.0,1.0,8.0,8.0,8.0,64.0,coordinate,scalar_opt,none,context,2.769394382085011e-05,0.0029160535777918,0.0232705669477581,2.780008435365744e-05,0.0232328413985669,-0.4618831276893616,-0.4626771174371242,0.94921875,0.5926341041922569,0.9500732421875,0.5926341041922569,0.5712744146585464,0.693976566195488,0.0,0.0023008354764897,16.0,1.0,1.0,1.0,2.763686779427843e-09,7.733858109482128e-09,2.0,2.0,2.7329326942563057,2.7329326942563057,0.0,0.0,0.117305296473205,2.769394382085011e-05,0.0002360570541948,-4.557615193128719,-2.535204500818531,
data/transformers/runs_unified_capacity/results.csv,unified_softmax_richardson,linear_capacity,row,weak_inverse,K16_H8_dh16,128,0.02,linear_richardson,0.5,,,,0,,,,,,,,16.0,isotropic,10.0,1.0,8.0,8.0,16.0,128.0,coordinate,scalar_opt,none,context,2.837415900103224e-05,0.00289601154509,0.0228316721040755,2.693410669962759e-05,0.0227935581933707,-0.4719261527061462,-0.47275136038661,0.9488525390625,0.5928837731480598,0.94921875,0.5928837731480598,0.572166845202446,0.6890323758125305,0.0,0.0022988631098996,16.0,1.0,1.0,1.0,2.77725745179147e-09,7.733932827491685e-09,2.0,2.0,2.8407883644104004,2.8407883644104004,0.0,0.0,0.1174678532406687,2.837415900103224e-05,0.0002415275698543,-4.54707700192653,-2.538199711135496,
data/transformers/runs_unified_capacity/results.csv,unified_softmax_richardson,linear_capacity,row,weak_inverse,K16_H8_dh32,128,0.02,linear_richardson,0.5,,,,0,,,,,,,,16.0,isotropic,10.0,1.0,8.0,8.0,32.0,256.0,coordinate,scalar_opt,none,context,2.8130985811003484e-05,0.0028983117372263,0.0228228557389229,2.7444576517154928e-05,0.0228391629643738,-0.4719901867210865,-0.4716214425861835,0.948486328125,0.5925173312425613,0.9478759765625,0.5925173237919807,0.5718730017542839,0.6881403550505638,0.0,0.0022955641034059,16.0,1.0,1.0,1.0,2.7636839483591302e-09,7.814414226814392e-09,2.0,2.0,2.8427650928497314,2.8427650928497314,0.0,0.0,0.1178515097126364,2.8130985811003484e-05,0.0002386437286741,-4.550815048326187,-2.537854904414876,
data/transformers/runs_unified_capacity/results.csv,unified_softmax_richardson,linear_capacity,row,weak_inverse,K32_H1_dh1,128,0.02,linear_richardson,0.5,,,,0,,,,,,,,32.0,isotropic,10.0,1.0,8.0,1.0,1.0,1.0,coordinate,scalar_opt,none,context,0.9679568335413932,0.9747957140207292,1.0469628348946571,1.015818573534489,0.0275801680982112,18.53964710235596,-0.3782026208937168,0.2451171875,0.6400087773799896,0.94873046875,0.6400087550282478,0.7654564455151558,0.8335451632738113,0.0,0.004143624624703,1.0,1.0,1.0,0.0,48887.80712890625,47890.9365234375,1.0,1.0,1.0,1.0,0.0,0.0,0.966765433549881,0.9679568335413932,1.0012327037118247,-0.0141440098122512,-0.0110863889879687,
data/transformers/runs_unified_capacity/results.csv,unified_softmax_richardson,linear_capacity,row,weak_inverse,K32_H1_dh2,128,0.02,linear_richardson,0.5,,,,0,,,,,,,,32.0,isotropic,10.0,1.0,8.0,1.0,2.0,2.0,coordinate,scalar_opt,none,context,0.944498047232628,0.9509980082511902,0.956638254225254,0.9335395842790604,0.0269547912757843,16.833168029785156,-0.3890452571213245,0.261962890625,0.6397052854299545,0.94970703125,0.6397052854299545,0.7659458816051483,0.8402236253023148,0.0,0.0041409373516216,2.0,0.9999999403953552,0.9999999403953552,0.0,47132.8935546875,45261.21923828125,2.0,2.0,1.9963045120239256,1.9963045120239256,0.0,0.0,0.942522034049034,0.944498047232628,1.0020963405962569,-0.0247989356531808,-0.0218203926382151,
data/transformers/runs_unified_capacity/results.csv,unified_softmax_richardson,linear_capacity,row,weak_inverse,K32_H1_dh4,128,0.02,linear_richardson,0.5,,,,0,,,,,,,,32.0,isotropic,10.0,1.0,8.0,1.0,4.0,4.0,coordinate,scalar_opt,none,context,0.898807480931282,0.9055024906992912,0.912222795188427,0.8854328170418739,0.0266050349455326,15.983275055885317,-0.3958490341901779,0.27880859375,0.6403738036751747,0.953369140625,0.6403738036751747,0.7657399326562881,0.8361676558852196,0.0,0.0041406351374462,4.0,1.0,1.0,0.0,44084.8583984375,40635.3193359375,4.0,4.0,3.980248481035233,3.980248481035233,0.0,0.0,0.8963453024625778,0.898807480931282,1.002746468896623,-0.0463333215292164,-0.0431103507662998,
data/transformers/runs_unified_capacity/results.csv,unified_softmax_richardson,linear_capacity,row,weak_inverse,K32_H1_dh8,128,0.02,linear_richardson,0.5,,,,0,,,,,,,,32.0,isotropic,10.0,1.0,8.0,1.0,8.0,8.0,coordinate,scalar_opt,none,context,0.7935280352830887,0.8002386316657066,0.8431477770209312,0.8107235953211784,0.0268996644299477,14.71694791316986,-0.3908538147807121,0.2843017578125,0.6398940458893776,0.9468994140625,0.6398940458893776,0.7665153369307518,0.8366633877158165,0.0,0.0041401506750844,8.0,0.9999999403953552,0.9999999403953552,0.0,37597.486328125,31777.02905273437,8.0,8.0,7.921958565711975,7.921958565711975,0.0,0.0,0.7949247285723686,0.7935280352830887,0.9982432238489548,-0.1004377250481871,-0.0967804868057248,
data/transformers/runs_unified_capacity/results.csv,unified_softmax_richardson,linear_capacity,row,weak_inverse,K32_H1_dh16,128,0.02,linear_richardson,0.5,,,,0,,,,,,,,32.0,isotropic,10.0,1.0,8.0,1.0,16.0,16.0,coordinate,scalar_opt,none,context,0.5658239722251892,0.5724376067519188,0.5889201536774635,0.5576833412051201,0.0262103076092898,9.988479614257812,-0.4032668806612491,0.3282470703125,0.6396424397826195,0.9503173828125,0.6396424397826195,0.7658178582787514,0.8325993940234184,0.0,0.0041431129793636,16.0,1.0,1.0,0.0,25064.970703125,17643.106201171875,16.0,16.0,15.725062370300291,15.725062370300291,0.0,0.0,0.5972967147827148,0.5658239722251892,0.9473071941394602,-0.2473186567648987,-0.2422718426475099,
data/transformers/runs_unified_capacity/results.csv,unified_softmax_richardson,linear_capacity,row,weak_inverse,K32_H1_dh32,128,0.02,linear_richardson,0.5,,,,0,,,,,,,,32.0,isotropic,10.0,1.0,8.0,1.0,32.0,32.0,coordinate,scalar_opt,none,context,0.0014247797662392,0.0080592685844749,0.0278171754907816,0.0014272156113293,0.0264277120586484,-0.3732468597590923,-0.3988730348646641,0.9425048828125,0.6399396061897278,0.9490966796875,0.6399395987391472,0.7661339491605759,0.8347486034035683,0.0,0.0041363075724802,32.0,0.9999999403953552,0.9999999403953552,1.0,1.8709766236302272e-09,3.463883679888368e-09,32.0,32.0,30.868982791900635,30.868982791900635,0.0,0.0,0.2048302572220564,0.0014247797662392,0.0069557552066809,-2.846252261058182,-2.093704370619248,
data/transformers/runs_unified_capacity/results.csv,unified_softmax_richardson,linear_capacity,row,weak_inverse,K32_H2_dh1,128,0.02,linear_richardson,0.5,,,,0,,,,,,,,32.0,isotropic,10.0,1.0,8.0,2.0,1.0,2.0,coordinate,scalar_opt,none,context,0.946515791118145,0.953404389321804,0.9493114948272704,0.9252566397190094,0.0263979143928736,16.7068932056427,-0.3996459729969501,0.2681884765625,0.6398458108305931,0.951416015625,0.6398458182811737,0.7654589787125587,0.8359814137220383,0.0,0.0041412980062887,2.0,0.9999999403953552,0.9999999403953552,0.0,47570.69091796875,45673.82763671875,1.0,1.0,1.0,1.0,0.0,0.0,0.9445593878626825,0.946515791118145,1.002071990802042,-0.0238721361235698,-0.0207228529818206,
data/transformers/runs_unified_capacity/results.csv,unified_softmax_richardson,linear_capacity,row,weak_inverse,K32_H2_dh2,128,0.02,linear_richardson,0.5,,,,0,,,,,,,,32.0,isotropic,10.0,1.0,8.0,2.0,2.0,4.0,coordinate,scalar_opt,none,context,0.8906819820404053,0.8973332196474075,0.8932992070913315,0.8696117401123047,0.02612942061387,15.6510511636734,-0.4043480493128299,0.2724609375,0.6398378163576126,0.9512939453125,0.6398378163576126,0.7659230530261993,0.8379919454455376,0.0,0.0041402647620998,4.0,1.0,1.0,0.0,43838.29931640625,40373.1220703125,2.0,2.0,1.9965428784489632,1.9965428784489632,0.0,0.0,0.8879754841327667,0.8906819820404053,1.003046463468796,-0.050277333111008,-0.0470462541898332,
data/transformers/runs_unified_capacity/results.csv,unified_softmax_richardson,linear_capacity,row,weak_inverse,K32_H2_dh4,128,0.02,linear_richardson,0.5,,,,0,,,,,,,,32.0,isotropic,10.0,1.0,8.0,2.0,4.0,8.0,coordinate,scalar_opt,none,context,0.7915256470441818,0.7984045371413231,0.8085111826658249,0.7796352803707123,0.0270066885277628,14.068765997886658,-0.3866758644580841,0.2884521484375,0.6396008506417274,0.9443359375,0.639600858092308,0.7655837461352348,0.8348309174180031,0.0,0.004139709053561,8.0,0.9999999403953552,0.9999999403953552,0.0,37897.10595703125,31975.887939453125,4.0,4.0,3.9848808646202087,3.9848808646202087,0.0,0.0,0.7929508090019226,0.7915256470441818,0.998197104196848,-0.1015350085472849,-0.0977770037223869,
data/transformers/runs_unified_capacity/results.csv,unified_softmax_richardson,linear_capacity,row,weak_inverse,K32_H2_dh8,128,0.02,linear_richardson,0.5,,,,0,,,,,,,,32.0,isotropic,10.0,1.0,8.0,2.0,8.0,16.0,coordinate,scalar_opt,none,context,0.5676852315664291,0.5742170065641403,0.5822374746203423,0.5592143461108208,0.0265616492833942,9.889670968055723,-0.3969542309641838,0.3411865234375,0.6398482546210289,0.9498291015625,0.6398482620716095,0.7660341784358025,0.8399532958865166,0.0,0.0041393102146685,16.0,1.0,1.0,0.0,25227.357666015625,17788.492431640625,8.0,8.0,7.93579837679863,7.93579837679863,0.0,0.0,0.5992371216416359,0.5676852315664291,0.9473437540922128,-0.2458924038768139,-0.2409239491652044,
data/transformers/runs_unified_capacity/results.csv,unified_softmax_richardson,linear_capacity,row,weak_inverse,K32_H2_dh16,128,0.02,linear_richardson,0.5,,,,0,,,,,,,,32.0,isotropic,10.0,1.0,8.0,2.0,16.0,32.0,coordinate,scalar_opt,none,context,0.0014019296795595,0.008108374197036,0.0278833194170147,0.0014255978749133,0.0264097042381763,-0.372443925589323,-0.3991004377603531,0.942626953125,0.6399282738566399,0.950927734375,0.6399282738566399,0.7657609060406685,0.8362182825803757,0.0,0.0041408042889088,32.0,0.9999999403953552,0.9999999403953552,1.0,1.853710129839925e-09,3.419903943369107e-09,16.0,16.0,15.719516098499298,15.719516098499298,0.0,0.0,0.2046614978462457,0.0014019296795595,0.006850022081354,-2.8532737699251207,-2.0910662170636467,
data/transformers/runs_unified_capacity/results.csv,unified_softmax_richardson,linear_capacity,row,weak_inverse,K32_H2_dh32,128,0.02,linear_richardson,0.5,,,,0,,,,,,,,32.0,isotropic,10.0,1.0,8.0,2.0,32.0,64.0,coordinate,scalar_opt,none,context,0.0014264422934502,0.0081065926933661,0.0283892839215695,0.0013914195151301,0.0267906007356941,-0.3633351773023605,-0.3926131390035152,0.94091796875,0.6393095776438713,0.9495849609375,0.6393095627427101,0.7661533951759338,0.8347321674227715,0.0,0.0041412209975533,32.0,0.9999999403953552,0.9999999403953552,1.0,1.86857611328417e-09,3.421284533455804e-09,16.0,16.0,15.957086086273192,15.957086086273192,0.0,0.0,0.205160204321146,0.0014264422934502,0.0069510847491529,-2.8457457929820595,-2.091161647072437,
data/transformers/runs_unified_capacity/results.csv,unified_softmax_richardson,linear_capacity,row,weak_inverse,K32_H4_dh1,128,0.02,linear_richardson,0.5,,,,0,,,,,,,,32.0,isotropic,10.0,1.0,8.0,4.0,1.0,4.0,coordinate,scalar_opt,none,context,0.896795742213726,0.9037336856126784,0.922847419977188,0.8954806327819824,0.0266672882717102,16.224034786224365,-0.3950930014252662,0.263916015625,0.6395053565502167,0.9495849609375,0.6395053565502167,0.7659813016653061,0.8350092098116875,0.0,0.0041412221034988,4.0,1.0,1.0,0.0,44396.162109375,40963.60888671875,1.0,1.0,1.0,1.0,0.0,0.0,0.8943452090024948,0.896795742213726,1.0027397225858268,-0.0473064623415773,-0.0439595296004181,
data/transformers/runs_unified_capacity/results.csv,unified_softmax_richardson,linear_capacity,row,weak_inverse,K32_H4_dh2,128,0.02,linear_richardson,0.5,,,,0,,,,,,,,32.0,isotropic,10.0,1.0,8.0,4.0,2.0,8.0,coordinate,scalar_opt,none,context,0.7961967438459396,0.8032188937067986,0.846297986805439,0.8210356310009956,0.0269395804498344,14.77156138420105,-0.389992319047451,0.281494140625,0.6396620273590088,0.94970703125,0.63966204226017,0.7659907937049866,0.8429982587695122,0.0,0.0041401203488931,8.0,0.9999999403953552,0.9999999403953552,0.0,37986.58056640625,32099.50952148437,2.0,2.0,1.9964437447488308,1.9964437447488308,0.0,0.0,0.7975381687283516,0.7961967438459396,0.9983225174099262,-0.098979602854197,-0.0951660843921603,
data/transformers/runs_unified_capacity/results.csv,unified_softmax_richardson,linear_capacity,row,weak_inverse,K32_H4_dh4,128,0.02,linear_richardson,0.5,,,,0,,,,,,,,32.0,isotropic,10.0,1.0,8.0,4.0,4.0,16.0,coordinate,scalar_opt,none,context,0.5689352229237556,0.5757630243897438,0.5851154550909996,0.5579341575503349,0.0259397802874445,9.927191734313965,-0.4089008457958698,0.3282470703125,0.6397486925125122,0.955078125,0.6397486925125122,0.7661924660205841,0.8397648334503174,0.0,0.0041426560492254,16.0,1.0,1.0,0.0,25361.523681640625,17853.157470703125,4.0,4.0,3.98359777033329,3.98359777033329,0.0,0.0,0.5997428223490715,0.5689352229237556,0.9486204204976296,-0.2449371781185187,-0.2397562290361269,
data/transformers/runs_unified_capacity/results.csv,unified_softmax_richardson,linear_capacity,row,weak_inverse,K32_H4_dh8,128,0.02,linear_richardson,0.5,,,,0,,,,,,,,32.0,isotropic,10.0,1.0,8.0,4.0,8.0,32.0,coordinate,scalar_opt,none,context,0.0013880377518944,0.008041261229664,0.0279438938014209,0.0014149684720905,0.0267620221711695,-0.3710570000112057,-0.3928526565432548,0.9439697265625,0.6396761685609818,0.9486083984375,0.6396761685609818,0.7656147256493568,0.8360489085316658,0.0,0.0041390748228877,32.0,0.9999999403953552,0.9999999403953552,1.0,1.8658571215857123e-09,3.4471757115461803e-09,8.0,8.0,7.928422912955284,7.928422912955284,0.0,0.0,0.2032818216830492,0.0013880377518944,0.0068281840303037,-2.857598721765548,-2.0946758290965977,
data/transformers/runs_unified_capacity/results.csv,unified_softmax_richardson,linear_capacity,row,weak_inverse,K32_H4_dh16,128,0.02,linear_richardson,0.5,,,,0,,,,,,,,32.0,isotropic,10.0,1.0,8.0,4.0,16.0,64.0,coordinate,scalar_opt,none,context,0.0013861691404599,0.0079880292760208,0.0275491718202829,0.0013804252666886,0.0264854866545647,-0.3784757852554321,-0.3980570845305919,0.947265625,0.6402172595262527,0.949951171875,0.6402172520756721,0.7652679309248924,0.8345846682786942,0.0,0.0041403960203751,32.0,0.9999999403953552,0.9999999403953552,1.0,1.848958472439044e-09,3.43742345698672e-09,8.0,8.0,8.367530018091202,8.367530018091202,0.0,0.0,0.2029991671442985,0.0013861691404599,0.0068280185020387,-2.858183773846399,-2.09756035211493,
data/transformers/runs_unified_capacity/results.csv,unified_softmax_richardson,linear_capacity,row,weak_inverse,K32_H4_dh32,128,0.02,linear_richardson,0.5,,,,0,,,,,,,,32.0,isotropic,10.0,1.0,8.0,4.0,32.0,128.0,coordinate,scalar_opt,none,context,0.0013845200592186,0.0080419648438692,0.0280400705523788,0.0013581846724264,0.0267043560743331,-0.3680391758680343,-0.3924817331135273,0.9459228515625,0.6398057043552399,0.94921875,0.6398056969046593,0.7655582576990128,0.834417000412941,0.0,0.004141786659602,32.0,0.9999999403953552,0.9999999403953552,1.0,1.859344844756805e-09,3.438568429992017e-09,8.0,8.0,8.466724336147308,8.466724336147308,0.0,0.0,0.2038811054080724,0.0013845200592186,0.0067905967442073,-2.8587007477227733,-2.094637829784088,
data/transformers/runs_unified_capacity/results.csv,unified_softmax_richardson,linear_capacity,row,weak_inverse,K32_H8_dh1,128,0.02,linear_richardson,0.5,,,,0,,,,,,,,32.0,isotropic,10.0,1.0,8.0,8.0,1.0,8.0,coordinate,scalar_opt,none,context,0.791284941136837,0.7979604974389076,0.8211163803935051,0.7987291365861893,0.0269814729690551,14.335411548614502,-0.3883913904428482,0.2864990234375,0.6400038003921509,0.9468994140625,0.6400038003921509,0.7658385261893272,0.8347636833786964,0.0,0.0041444714879617,8.0,0.9999999403953552,0.9999999403953552,0.0,37690.8056640625,31818.178466796875,1.0,1.0,1.0,1.0,0.0,0.0,0.7927445843815804,0.791284941136837,0.9981579987413144,-0.1016670992079209,-0.0980186076078406,
data/transformers/runs_unified_capacity/results.csv,unified_softmax_richardson,linear_capacity,row,weak_inverse,K32_H8_dh2,128,0.02,linear_richardson,0.5,,,,0,,,,,,,,32.0,isotropic,10.0,1.0,8.0,8.0,2.0,16.0,coordinate,scalar_opt,none,context,0.5675806999206543,0.5740137696266174,0.6077385917305946,0.5768617764115334,0.0263682405930012,10.319974422454834,-0.4003723300993442,0.337646484375,0.6399743556976318,0.949462890625,0.6399743482470512,0.7659386247396469,0.8345514461398125,0.0,0.0041374879656359,16.0,1.0,1.0,0.0,25340.98583984375,17820.3115234375,2.0,2.0,1.9960435554385183,1.9960435554385183,0.0,0.0,0.598465234041214,0.5675806999206543,0.94839078496973,-0.2459723807629574,-0.2410776894815886,
data/transformers/runs_unified_capacity/results.csv,unified_softmax_richardson,linear_capacity,row,weak_inverse,K32_H8_dh4,128,0.02,linear_richardson,0.5,,,,0,,,,,,,,32.0,isotropic,10.0,1.0,8.0,8.0,4.0,32.0,coordinate,scalar_opt,none,context,0.001402786685503,0.0080574342282488,0.0282568768598139,0.0013929015840403,0.0268070476595312,-0.3658888675272465,-0.3926241099834442,0.943115234375,0.6403169557452202,0.9490966796875,0.6403169557452202,0.7659061029553413,0.8349868133664131,0.0,0.0041412936407141,32.0,0.9999999403953552,0.9999999403953552,1.0,1.865610332885126e-09,3.4369091461705636e-09,4.0,4.0,3.98243060708046,3.98243060708046,0.0,0.0,0.2031710483133793,0.001402786685503,0.0069039618301993,-2.853008364860666,-2.09380323088856,
data/transformers/runs_unified_capacity/results.csv,unified_softmax_richardson,linear_capacity,row,weak_inverse,K32_H8_dh8,128,0.02,linear_richardson,0.5,,,,0,,,,,,,,32.0,isotropic,10.0,1.0,8.0,8.0,8.0,64.0,coordinate,scalar_opt,none,context,0.0013861228799214,0.0080635073827579,0.0283607272431254,0.0013961020304122,0.0270629960577934,-0.3636244535446167,-0.387577187269926,0.9412841796875,0.6397202610969543,0.9451904296875,0.6397202461957932,0.765924334526062,0.8372086212038994,0.0,0.0041416839812882,32.0,0.9999999403953552,0.9999999403953552,1.0,1.8493220843573963e-09,3.413957977427272e-09,4.0,4.0,4.467868730425835,4.467868730425835,0.0,0.0,0.2021700888872146,0.0013861228799214,0.0068556103723377,-2.8581982677716127,-2.093476012084665,
data/transformers/runs_unified_capacity/results.csv,unified_softmax_richardson,linear_capacity,row,weak_inverse,K32_H8_dh16,128,0.02,linear_richardson,0.5,,,,0,,,,,,,,32.0,isotropic,10.0,1.0,8.0,8.0,16.0,128.0,coordinate,scalar_opt,none,context,0.0014178862475091,0.008131495444104,0.0282129985280334,0.001412196754245,0.0266115590929985,-0.3653216101229191,-0.3945731818675995,0.9464111328125,0.640074148774147,0.9515380859375,0.6400741413235664,0.7659796997904778,0.8314723968505859,0.0,0.0041435386519879,32.0,0.9999999403953552,0.9999999403953552,1.0,1.8454955064139966e-09,3.436967294101478e-09,4.0,4.0,4.680482566356659,4.680482566356659,0.0,0.0,0.2040249183773994,0.0014178862475091,0.0069490843020805,-2.8483586098163567,-2.089829576989189,
data/transformers/runs_unified_capacity/results.csv,unified_softmax_richardson,linear_capacity,row,weak_inverse,K32_H8_dh32,128,0.02,linear_richardson,0.5,,,,0,,,,,,,,32.0,isotropic,10.0,1.0,8.0,8.0,32.0,256.0,coordinate,scalar_opt,none,context,0.0013909775152569,0.0080988091649487,0.0285639888606965,0.001351316779619,0.0271326412912458,-0.3594937026500702,-0.3856685012578964,0.9420166015625,0.6398884803056717,0.9466552734375,0.6398884803056717,0.7658928707242012,0.8358752876520157,0.0,0.004141408833675,32.0,0.9999999403953552,0.9999999403953552,1.0,1.8672528384611198e-09,3.427183176141213e-09,4.0,4.0,4.731569975614548,4.731569975614548,0.0,0.0,0.2017936110496521,0.0013909775152569,0.0068933187775713,-2.856679890193972,-2.0915788343450377,
data/transformers/runs_unified_softmax_vector_capacity_cond/results.csv,unified_softmax_richardson,vector_capacity_cond,row,weak_inverse,K8_cond10_below_H1_dh4_softmax_vector,128,0.02,softmax_vector,5.0,,,,0,,,,,,,,8.0,correlated,10.0,1.0,32.0,1.0,4.0,4.0,coordinate,scalar_opt,none,context,1.4581182313122554e-05,0.0023401295475196,0.0210313720162957,1.650865806368529e-05,0.0210277459118515,-0.5120392888784409,-0.5121316462755203,0.95068359375,0.5725533291697502,0.95166015625,0.5725533291697502,0.8379665538668633,0.905566081404686,0.0,0.0009243422100553,4.0,1.0,1.0,0.0,30.518139362335205,0.4324004426598549,4.0,4.0,3.924143612384796,3.924143612384796,4.850980401039124,4.850980401039124,0.3752400316298008,1.4581182313122554e-05,3.885933287414184e-05,-4.836207259883131,-2.630760099762686,below
data/transformers/runs_unified_softmax_vector_capacity_cond/results.csv,unified_softmax_richardson,vector_capacity_cond,row,weak_inverse,K8_cond10_below_H1_dh4_linear_richardson,128,0.02,linear_richardson,5.0,,,,0,,,,,,,,8.0,correlated,10.0,1.0,32.0,1.0,4.0,4.0,coordinate,scalar_opt,none,context,0.5637446716427803,0.5659840404987335,0.8230760022997856,0.8017857745289803,0.0213611884973943,17.984325885772705,-0.504764873534441,0.299072265625,0.5724309831857681,0.949462890625,0.5724309831857681,0.8380628302693367,0.9051363840699196,0.0,0.0009241700463462,4.0,1.0,1.0,0.0,934242.8203125,870867.84375,4.0,4.0,3.9182518422603607,3.9182518422603607,0.0,0.0,0.746245838701725,0.5637446716427803,0.755469616391873,-0.2489175499247574,-0.2471958147853226,below
data/transformers/runs_unified_softmax_vector_capacity_cond/results.csv,unified_softmax_richardson,vector_capacity_cond,row,weak_inverse,K8_cond100_below_H1_dh4_softmax_vector,128,0.02,softmax_vector,5.0,,,,0,,,,,,,,8.0,correlated,100.0,1.0,32.0,1.0,4.0,4.0,coordinate,scalar_opt,none,context,0.0870574405416846,0.0953587302938103,0.1714229695498943,0.1496432404965162,0.0207934100180864,2.9598434269428253,-0.5178667232394218,0.6552734375,0.5723981335759163,0.9503173828125,0.5723981559276581,0.9809660613536836,0.9890513271093369,0.0,0.0006386844834196,4.0,1.0,1.0,0.0,9.515744805336,1.8376730233430865,4.0,4.0,3.713503122329712,3.713503122329712,4.851696968078613,4.851696968078613,0.6487327739596367,0.0870574405416846,0.1342009286978915,-1.0601941050968675,-1.0206395402177535,below
data/transformers/runs_unified_softmax_vector_capacity_cond/results.csv,unified_softmax_richardson,vector_capacity_cond,row,weak_inverse,K8_cond100_below_H1_dh4_linear_richardson,128,0.02,linear_richardson,5.0,,,,0,,,,,,,,8.0,correlated,100.0,1.0,32.0,1.0,4.0,4.0,coordinate,scalar_opt,none,context,0.6915897876024246,0.7005638256669044,0.9568728804588318,0.9363305494189262,0.0216986411251127,21.07308459281921,-0.4965257011353969,0.2890625,0.5725784078240395,0.9453125,0.5725784078240395,0.9809386730194092,0.9889948517084122,0.0,0.0006383343279594,4.0,1.0,1.0,0.0,1664595.21875,1586907.875,4.0,4.0,3.753238618373871,3.753238618373871,0.0,0.0,0.9220919087529182,0.6915897876024246,0.750056728266966,-0.1601514283834534,-0.154552291681261,below
data/transformers/runs_unified_softmax_vector_capacity_cond/results.csv,unified_softmax_richardson,vector_capacity_cond,row,weak_inverse,K8_cond1000_below_H1_dh4_softmax_vector,128,0.02,softmax_vector,5.0,,,,0,,,,,,,,8.0,correlated,1000.0,1.0,32.0,1.0,4.0,4.0,coordinate,scalar_opt,none,context,0.3302704021334648,0.3747870922088623,0.5317496582865715,0.5122290216386318,0.021095247240737,11.326625347137451,-0.5104599855840206,0.4801025390625,0.5716064497828484,0.94873046875,0.5716064423322678,0.9976020231842996,0.998579703271389,0.0,0.0005029265157645,4.0,1.0,1.0,0.0,2.829796642065048,1.7060027718544006,4.0,4.0,3.4592805206775665,3.4592805206775665,4.851936340332031,4.851936340332031,0.7422562316060066,0.3302704021334648,0.4449645293462965,-0.4811303447647546,-0.4262153747719756,below
data/transformers/runs_unified_softmax_vector_capacity_cond/results.csv,unified_softmax_richardson,vector_capacity_cond,row,weak_inverse,K8_cond1000_below_H1_dh4_linear_richardson,128,0.02,linear_richardson,5.0,,,,0,,,,,,,,8.0,correlated,1000.0,1.0,32.0,1.0,4.0,4.0,coordinate,scalar_opt,none,context,0.8088794946670532,0.8551120087504387,1.0368415862321854,1.0126958042383194,0.0212376203853636,22.984567880630493,-0.5067724026739597,0.3009033203125,0.5718328207731247,0.947509765625,0.5718328282237053,0.9976045116782188,0.9985556975007056,0.0,0.0005025087957619,4.0,1.0,1.0,0.0,2394926.84375,2348867.96875,4.0,4.0,3.487989217042923,3.487989217042923,0.0,0.0,0.9434358775615692,0.8088794946670532,0.8574007893454965,-0.0921161739369425,-0.0679769945160627,below
data/transformers/runs_unified_softmax_vector_capacity_cond/results.csv,unified_softmax_richardson,vector_capacity_cond,row,weak_inverse,K8_cond10_at_H1_dh8_softmax_vector,128,0.02,softmax_vector,5.0,,,,0,,,,,,,,8.0,correlated,10.0,1.0,32.0,1.0,8.0,8.0,coordinate,scalar_opt,none,context,1.931854058057069e-05,0.0023137882526498,0.0221766766626387,2.664501562321675e-05,0.0221635571215301,-0.4853434525430202,-0.4856399670243263,0.945068359375,0.5726575627923012,0.9454345703125,0.5726575702428818,0.8386508822441101,0.9069864079356194,0.0,0.0009215067329932,8.0,1.0,1.0,1.0,55.42299270629883,0.63038170337677,8.0,8.0,7.375576198101044,7.375576198101044,4.8495495319366455,4.8495495319366455,0.3736363053321838,1.931854058057069e-05,5.172512998466722e-05,-4.714025685464273,-2.635676388216387,at
data/transformers/runs_unified_softmax_vector_capacity_cond/results.csv,unified_softmax_richardson,vector_capacity_cond,row,weak_inverse,K8_cond10_at_H1_dh8_linear_richardson,128,0.02,linear_richardson,5.0,,,,0,,,,,,,,8.0,correlated,10.0,1.0,32.0,1.0,8.0,8.0,coordinate,scalar_opt,none,context,1.2735209111269796e-05,0.0023088564630597,0.0213079715613275,1.747771591453784e-05,0.0213151019997894,-0.5055795237421989,-0.5054087787866592,0.9508056640625,0.5725087225437164,0.9505615234375,0.572508729994297,0.8387309014797211,0.9056697264313698,0.0,0.0009222872540703,8.0,1.0,1.0,1.0,1.3708020940583765e-08,4.035452461081945e-08,8.0,8.0,7.409748315811157,7.409748315811157,0.0,0.0,0.3781235255300998,1.2735209111269796e-05,3.3686689120353394e-05,-4.894993919555884,-2.6366030654538664,at
data/transformers/runs_unified_softmax_vector_capacity_cond/results.csv,unified_softmax_richardson,vector_capacity_cond,row,weak_inverse,K8_cond100_at_H1_dh8_softmax_vector,128,0.02,softmax_vector,5.0,,,,0,,,,,,,,8.0,correlated,100.0,1.0,32.0,1.0,8.0,8.0,coordinate,scalar_opt,none,context,0.1139048589393496,0.1228463007137179,0.2754011414945125,0.2535997405648231,0.0212548014242202,5.364376723766327,-0.5070236288011074,0.6085205078125,0.5723672807216644,0.9508056640625,0.5723673030734062,0.9808830320835114,0.989502176642418,0.0,0.0006404715168173,8.0,1.0,1.0,1.0,87.92729187011719,59.047019481658936,8.0,8.0,6.196523189544678,6.196523189544678,4.849552512168884,4.849552512168884,0.6496772170066833,0.1139048589393496,0.175295978084873,-0.9434577494455856,-0.9106379169519802,at
data/transformers/runs_unified_softmax_vector_capacity_cond/results.csv,unified_softmax_richardson,vector_capacity_cond,row,weak_inverse,K8_cond100_at_H1_dh8_linear_richardson,128,0.02,linear_richardson,5.0,,,,0,,,,,,,,8.0,correlated,100.0,1.0,32.0,1.0,8.0,8.0,coordinate,scalar_opt,none,context,0.086163742467761,0.0949771013110876,0.1750541552901268,0.1528681702911853,0.0215146904811263,3.0449072122573853,-0.5009869895875454,0.6492919921875,0.5722064673900604,0.9471435546875,0.5722064599394798,0.9808165803551674,0.98925668746233,0.0,0.0006398523182724,8.0,1.0,1.0,1.0,2.2546754241403733e-08,1.1406082656151285e-07,8.0,8.0,6.325828731060028,6.325828731060028,0.0,0.0,0.6541751399636269,0.086163742467761,0.1317038598799363,-1.064675445993743,-1.022381089163452,at
data/transformers/runs_unified_softmax_vector_capacity_cond/results.csv,unified_softmax_richardson,vector_capacity_cond,row,weak_inverse,K8_cond1000_at_H1_dh8_softmax_vector,128,0.02,softmax_vector,5.0,,,,0,,,,,,,,8.0,correlated,1000.0,1.0,32.0,1.0,8.0,8.0,coordinate,scalar_opt,none,context,0.4266290701925754,0.4712148196995258,1.049203634262085,1.0224510431289673,0.0213029878214001,23.288269758224487,-0.5057683065533638,0.443359375,0.5718318894505501,0.95068359375,0.5718318670988083,0.9976040497422218,0.9985991716384888,0.0,0.0005022632976761,8.0,1.0,1.0,1.0,132.99295616149902,360.64480209350586,8.0,8.0,5.042644441127777,5.042644441127777,4.849552094936371,4.849552094936371,0.7368261367082596,0.4266290701925754,0.5789549645185577,-0.3699495553702195,-0.326781059450754,at
data/transformers/runs_unified_softmax_vector_capacity_cond/results.csv,unified_softmax_richardson,vector_capacity_cond,row,weak_inverse,K8_cond1000_at_H1_dh8_linear_richardson,128,0.02,linear_richardson,5.0,,,,0,,,,,,,,8.0,correlated,1000.0,1.0,32.0,1.0,8.0,8.0,coordinate,scalar_opt,none,context,0.3329129889607429,0.377226360142231,0.5745526105165482,0.5576821267604828,0.0210646805353462,12.329109907150269,-0.511110957711935,0.481201171875,0.5717594474554062,0.9482421875,0.5717594549059868,0.9976189360022544,0.9985659494996072,0.0,0.0005003466212656,8.0,1.0,1.0,1.0,3.3239035523990885e-08,2.849794462633781e-07,8.0,8.0,5.002479732036591,5.002479732036591,0.0,0.0,0.742838978767395,0.3329129889607429,0.4481525129483349,-0.4776692600433044,-0.4233979668776704,at
data/transformers/runs_unified_softmax_vector_capacity_cond/results.csv,unified_softmax_richardson,vector_capacity_cond,row,weak_inverse,K8_cond10_above_H1_dh16_softmax_vector,128,0.02,softmax_vector,5.0,,,,0,,,,,,,,8.0,correlated,10.0,1.0,32.0,1.0,16.0,16.0,coordinate,scalar_opt,none,context,1.4693072898808168e-05,0.0023149124463088,0.0216555572114884,1.8684339465835365e-05,0.0216268536169081,-0.4972751103341579,-0.4979300610721111,0.94775390625,0.572510153055191,0.9478759765625,0.5725101456046104,0.8382387980818748,0.90911153703928,0.0,0.0009240596191375,8.0,1.0,1.0,1.0,14.164529204368591,0.1555474046617746,8.0,8.0,7.407210648059845,7.407210648059845,4.850790679454804,4.850790679454804,0.3785162456333637,1.4693072898808168e-05,3.880601998919012e-05,-4.83288736667173,-2.6354654300473155,above
data/transformers/runs_unified_softmax_vector_capacity_cond/results.csv,unified_softmax_richardson,vector_capacity_cond,row,weak_inverse,K8_cond10_above_H1_dh16_linear_richardson,128,0.02,linear_richardson,5.0,,,,0,,,,,,,,8.0,correlated,10.0,1.0,32.0,1.0,16.0,16.0,coordinate,scalar_opt,none,context,1.2749894722219324e-05,0.0023025390109978,0.0214211854618042,1.574459565745201e-05,0.021389287430793,-0.5031677149236202,-0.5038986504077911,0.949951171875,0.5726273879408836,0.9501953125,0.572627380490303,0.8382626324892044,0.9072269946336746,0.0,0.0009241778170689,8.0,1.0,1.0,1.0,1.358497725423291e-08,3.907857282214877e-08,8.0,8.0,7.411483883857727,7.411483883857727,0.0,0.0,0.3689509518444538,1.2749894722219324e-05,3.4539651527659896e-05,-4.894493401249475,-2.637793002991013,above
data/transformers/runs_unified_softmax_vector_capacity_cond/results.csv,unified_softmax_richardson,vector_capacity_cond,row,weak_inverse,K8_cond100_above_H1_dh16_softmax_vector,128,0.02,softmax_vector,5.0,,,,0,,,,,,,,8.0,correlated,100.0,1.0,32.0,1.0,16.0,16.0,coordinate,scalar_opt,none,context,0.0958520332351327,0.1043899087235331,0.1945109870284795,0.1745080314576625,0.0210518210660666,3.5014981031417847,-0.5117212794721127,0.64013671875,0.5723182782530785,0.9508056640625,0.5723182782530785,0.9808673560619354,0.9890405535697936,0.0,0.0006400358324754,8.0,1.0,1.0,1.0,21.88836121559143,7.730483710765839,8.0,8.0,6.284928679466248,6.284928679466248,4.850791037082672,4.850791037082672,0.6570659503340721,0.0958520332351327,0.1458850116576123,-1.0183986703348695,-0.981341482152802,above
data/transformers/runs_unified_softmax_vector_capacity_cond/results.csv,unified_softmax_richardson,vector_capacity_cond,row,weak_inverse,K8_cond100_above_H1_dh16_linear_richardson,128,0.02,linear_richardson,5.0,,,,0,,,,,,,,8.0,correlated,100.0,1.0,32.0,1.0,16.0,16.0,coordinate,scalar_opt,none,context,0.0868481826037168,0.0953410305082798,0.1703419648110866,0.1474654451012611,0.0214539191219955,2.943971037864685,-0.5021407715976238,0.65625,0.5722413510084152,0.9488525390625,0.572241373360157,0.9809214994311332,0.9894045367836952,0.0,0.0006399482299457,8.0,1.0,1.0,1.0,2.3508335278421555e-08,1.1122133969365677e-07,8.0,8.0,6.194290816783905,6.194290816783905,0.0,0.0,0.6524825841188431,0.0868481826037168,0.1330934685174558,-1.0612392652241995,-1.0207201582445045,above
data/transformers/runs_unified_softmax_vector_capacity_cond/results.csv,unified_softmax_richardson,vector_capacity_cond,row,weak_inverse,K8_cond1000_above_H1_dh16_softmax_vector,128,0.02,softmax_vector,5.0,,,,0,,,,,,,,8.0,correlated,1000.0,1.0,32.0,1.0,16.0,16.0,coordinate,scalar_opt,none,context,0.3672066293656826,0.411634799093008,0.7825212851166725,0.758151538670063,0.0212794241961091,17.0970778465271,-0.506327573210001,0.4580078125,0.5719150230288506,0.9517822265625,0.5719150379300117,0.9976083040237428,0.9985922053456306,0.0,0.0005015136339352,8.0,1.0,1.0,1.0,34.60542154312134,45.04092788696289,8.0,8.0,5.062764883041382,5.062764883041382,4.850789904594421,4.850789904594421,0.7474667280912399,0.3672066293656826,0.4912357458564488,-0.4350894868636453,-0.3854879176432508,above
data/transformers/runs_unified_softmax_vector_capacity_cond/results.csv,unified_softmax_richardson,vector_capacity_cond,row,weak_inverse,K8_cond1000_above_H1_dh16_linear_richardson,128,0.02,linear_richardson,5.0,,,,0,,,,,,,,8.0,correlated,1000.0,1.0,32.0,1.0,16.0,16.0,coordinate,scalar_opt,none,context,0.3259395249187946,0.3716612458229065,0.541263036429882,0.5180973075330257,0.0215739591512829,11.55885624885559,-0.4992908053100109,0.48681640625,0.5718495845794678,0.9482421875,0.5718495845794678,0.9976110383868216,0.9986109882593156,0.0,0.0005012988767703,8.0,1.0,1.0,1.0,3.148486604764855e-08,2.687906359710724e-07,8.0,8.0,5.010018706321716,5.010018706321716,0.0,0.0,0.7327910512685776,0.3259395249187946,0.4447810480260665,-0.4868629718045479,-0.4298527216665172,above
data/transformers/runs_unified_softmax_vector_capacity_cond/results.csv,unified_softmax_richardson,vector_capacity_cond,row,weak_inverse,K16_cond10_below_H1_dh8_softmax_vector,128,0.02,softmax_vector,5.0,,,,0,,,,,,,,16.0,correlated,10.0,1.0,32.0,1.0,8.0,8.0,coordinate,scalar_opt,none,context,4.153313648203039e-05,0.0046647928538732,0.0224640897940844,4.992260573999374e-05,0.0224045270588248,-0.4786296673119068,-0.4799200445413589,0.9517822265625,0.5924108251929283,0.9510498046875,0.5924108251929283,0.8709911480545998,0.9207753166556358,0.0,0.0016841691103763,8.0,1.0,1.0,0.0,3.4977985620498657,0.051605436950922,8.0,8.0,7.813015162944794,7.813015162944794,4.851468741893768,4.851468741893768,0.3731496296823025,4.153313648203039e-05,0.0001112489538237,-4.38160527078264,-2.3311676368943783,below
data/transformers/runs_unified_softmax_vector_capacity_cond/results.csv,unified_softmax_richardson,vector_capacity_cond,row,weak_inverse,K16_cond10_below_H1_dh8_linear_richardson,128,0.02,linear_richardson,5.0,,,,0,,,,,,,,16.0,correlated,10.0,1.0,32.0,1.0,8.0,8.0,coordinate,scalar_opt,none,context,0.6235194429755211,0.6281085163354874,0.8265935182571411,0.801055520772934,0.0226413502823561,16.851346850395203,-0.4748757630586624,0.2822265625,0.5924024358391762,0.952392578125,0.5924024358391762,0.8711840063333511,0.918125107884407,0.0,0.0016802584286779,8.0,1.0,1.0,0.0,231221.37109375,201305.98828125,8.0,8.0,7.810448169708252,7.810448169708252,0.0,0.0,0.7540446519851685,0.6235194429755211,0.8269123129291653,-0.2051499995305444,-0.2019653180870366,below
data/transformers/runs_unified_softmax_vector_capacity_cond/results.csv,unified_softmax_richardson,vector_capacity_cond,row,weak_inverse,K16_cond100_below_H1_dh8_softmax_vector,128,0.02,softmax_vector,5.0,,,,0,,,,,,,,16.0,correlated,100.0,1.0,32.0,1.0,8.0,8.0,coordinate,scalar_opt,none,context,0.0678038438782095,0.082915062084794,0.1082927547395229,0.0868534035980701,0.022304471116513,1.3766397833824158,-0.4834735170006752,0.7264404296875,0.592121310532093,0.9573974609375,0.5921213179826736,0.982977069914341,0.9901432022452354,0.0,0.0011230244417674,8.0,1.0,1.0,0.0,1.2075703144073486,0.1467842441052198,8.0,8.0,7.469828307628632,7.469828307628632,4.851834297180176,4.851834297180176,0.6143574044108391,0.0678038438782095,0.1103628270081764,-1.1687456847793196,-1.0813665697376285,below
data/transformers/runs_unified_softmax_vector_capacity_cond/results.csv,unified_softmax_richardson,vector_capacity_cond,row,weak_inverse,K16_cond100_below_H1_dh8_linear_richardson,128,0.02,linear_richardson,5.0,,,,0,,,,,,,,16.0,correlated,100.0,1.0,32.0,1.0,8.0,8.0,coordinate,scalar_opt,none,context,0.8065020069479942,0.8220614045858383,0.9713019952178,0.9435566365718842,0.0232067678589373,20.034565210342407,-0.4636664949357509,0.25830078125,0.5921918451786041,0.947998046875,0.5921918228268623,0.982938066124916,0.9900914579629898,0.0,0.0011228718649363,8.0,1.0,1.0,0.0,410103.75,371858.6484375,8.0,8.0,7.47518664598465,7.47518664598465,0.0,0.0,0.9213405922055244,0.8065020069479942,0.8753382194977812,-0.0933945475492231,-0.0850957412473146,below
data/transformers/runs_unified_softmax_vector_capacity_cond/results.csv,unified_softmax_richardson,vector_capacity_cond,row,weak_inverse,K16_cond1000_below_H1_dh8_softmax_vector,128,0.02,softmax_vector,5.0,,,,0,,,,,,,,16.0,correlated,1000.0,1.0,32.0,1.0,8.0,8.0,coordinate,scalar_opt,none,context,0.2571210339665413,0.3211473077535629,0.3426817134022712,0.3192691467702389,0.0226913327351212,6.498115301132202,-0.4737179167568683,0.553466796875,0.5900387391448021,0.9517822265625,0.5900387391448021,0.997479811310768,0.9984598308801652,0.0,0.0008348396950168,8.0,1.0,1.0,0.0,0.3801781572401523,0.1461165621876716,8.0,8.0,6.9328203201293945,6.9328203201293945,4.851969540119171,4.851969540119171,0.6890285834670067,0.2571210339665413,0.3731673037526434,-0.5898623941391452,-0.4932957144179716,below
data/transformers/runs_unified_softmax_vector_capacity_cond/results.csv,unified_softmax_richardson,vector_capacity_cond,row,weak_inverse,K16_cond1000_below_H1_dh8_linear_richardson,128,0.02,linear_richardson,5.0,,,,0,,,,,,,,16.0,correlated,1000.0,1.0,32.0,1.0,8.0,8.0,coordinate,scalar_opt,none,context,0.8360877111554146,0.901874639093876,1.0055941566824913,0.9800249189138412,0.022683140123263,20.93571186065674,-0.4746857210993767,0.2646484375,0.5900359377264977,0.9473876953125,0.5900359377264977,0.9974736869335176,0.9984116032719612,0.0,0.0008342108922079,8.0,1.0,1.0,0.0,597087.1953125,572975.3828125,8.0,8.0,6.985214173793793,6.985214173793793,0.0,0.0,0.9156956151127816,0.8360877111554146,0.9130383111426392,-0.0777481597946541,-0.044853825355439,below
data/transformers/runs_unified_softmax_vector_capacity_cond/results.csv,unified_softmax_richardson,vector_capacity_cond,row,weak_inverse,K16_cond10_at_H1_dh16_softmax_vector,128,0.02,softmax_vector,5.0,,,,0,,,,,,,,16.0,correlated,10.0,1.0,32.0,1.0,16.0,16.0,coordinate,scalar_opt,none,context,4.364393316791393e-05,0.004696857125964,0.0230057921726256,5.562895012189984e-05,0.0229369853623211,-0.4681528285145759,-0.469653308391571,0.9486083984375,0.5929175019264221,0.9495849609375,0.5929175168275833,0.8710726872086525,0.924150861799717,0.0,0.0016812501271488,16.0,1.0,1.0,1.0,4.6973090171813965,0.0634076157584786,16.0,16.0,14.838960409164429,14.838960409164429,4.850790560245514,4.850790560245514,0.3679373487830162,4.364393316791393e-05,0.000118491815178,-4.3600761179336,-2.328192650451021,at
data/transformers/runs_unified_softmax_vector_capacity_cond/results.csv,unified_softmax_richardson,vector_capacity_cond,row,weak_inverse,K16_cond10_at_H1_dh16_linear_richardson,128,0.02,linear_richardson,5.0,,,,0,,,,,,,,16.0,correlated,10.0,1.0,32.0,1.0,16.0,16.0,coordinate,scalar_opt,none,context,3.931654964617337e-05,0.0046412683441303,0.0231574550271034,4.889698948318255e-05,0.023095947690308,-0.4645262695848942,-0.4658561050891876,0.9500732421875,0.5927924811840057,0.9505615234375,0.5927924811840057,0.871011272072792,0.9178672879934312,0.0,0.0016827201470732,16.0,1.0,1.0,1.0,3.732143788459652e-09,1.084280787377878e-08,16.0,16.0,14.747476816177368,14.747476816177368,0.0,0.0,0.3709818236529827,3.931654964617337e-05,0.0001059456356003,-4.4054246021160255,-2.333363321258626,at
data/transformers/runs_unified_softmax_vector_capacity_cond/results.csv,unified_softmax_richardson,vector_capacity_cond,row,weak_inverse,K16_cond100_at_H1_dh16_softmax_vector,128,0.02,softmax_vector,5.0,,,,0,,,,,,,,16.0,correlated,100.0,1.0,32.0,1.0,16.0,16.0,coordinate,scalar_opt,none,context,0.0696850763633847,0.0850556241348385,0.1223844261839985,0.1015179166570305,0.0225133737549185,1.677907094359398,-0.4777716435492039,0.7117919921875,0.5924839004874229,0.950927734375,0.5924839079380035,0.9830155298113824,0.9902768656611444,0.0,0.0011227976647205,16.0,1.0,1.0,1.0,5.95584362745285,1.064645566046238,16.0,16.0,12.700148701667786,12.700148701667786,4.850791335105896,4.850791335105896,0.6125470548868179,0.0696850763633847,0.1137678546143549,-1.156860219706717,-1.0702969642387097,at
data/transformers/runs_unified_softmax_vector_capacity_cond/results.csv,unified_softmax_richardson,vector_capacity_cond,row,weak_inverse,K16_cond100_at_H1_dh16_linear_richardson,128,0.02,linear_richardson,5.0,,,,0,,,,,,,,16.0,correlated,100.0,1.0,32.0,1.0,16.0,16.0,coordinate,scalar_opt,none,context,0.0665395120158791,0.0814771950244903,0.1081469468772411,0.0848799804225564,0.0233423726167529,1.3718074411153791,-0.4605382159352302,0.725341796875,0.5919947922229767,0.94775390625,0.5919947847723961,0.982959434390068,0.989833265542984,0.0,0.0011227567592868,16.0,1.0,1.0,1.0,5.815998294078639e-09,2.4826305011771413e-08,16.0,16.0,12.712284684181212,12.712284684181212,0.0,0.0,0.6089759469032288,0.0665395120158791,0.109264585462614,-1.1769203884625083,-1.0889639306580592,at
data/transformers/runs_unified_softmax_vector_capacity_cond/results.csv,unified_softmax_richardson,vector_capacity_cond,row,weak_inverse,K16_cond1000_at_H1_dh16_softmax_vector,128,0.02,softmax_vector,5.0,,,,0,,,,,,,,16.0,correlated,1000.0,1.0,32.0,1.0,16.0,16.0,coordinate,scalar_opt,none,context,0.2661108262836933,0.3304842077195644,0.3826931864023208,0.3625828623771667,0.0221352868247777,7.376990377902985,-0.4863009303808212,0.5362548828125,0.5901303440332413,0.9534912109375,0.5901303291320801,0.9974727407097816,0.9984859749674796,0.0,0.0008349693671334,16.0,1.0,1.0,1.0,8.093694150447845,5.0970001220703125,16.0,16.0,10.31956708431244,10.31956708431244,4.850789487361908,4.850789487361908,0.6876813620328903,0.2661108262836933,0.3869594451958741,-0.5749374565285668,-0.4808492885659806,at
data/transformers/runs_unified_softmax_vector_capacity_cond/results.csv,unified_softmax_richardson,vector_capacity_cond,row,weak_inverse,K16_cond1000_at_H1_dh16_linear_richardson,128,0.02,linear_richardson,5.0,,,,0,,,,,,,,16.0,correlated,1000.0,1.0,32.0,1.0,16.0,16.0,coordinate,scalar_opt,none,context,0.2585239745676517,0.3245169706642627,0.3315416052937507,0.3131780549883842,0.0224506522063165,6.256754159927368,-0.4793515838682651,0.549072265625,0.5901580676436424,0.9510498046875,0.5901580676436424,0.997474066913128,0.9984438493847848,0.0,0.0008353568409802,16.0,1.0,1.0,1.0,8.200661483215299e-09,5.4896609924526274e-08,16.0,16.0,10.263482689857485,10.263482689857485,0.0,0.0,0.6897392347455025,0.2585239745676517,0.3747984902203038,-0.587499175820964,-0.4887625867738566,at
data/transformers/runs_unified_softmax_vector_capacity_cond/results.csv,unified_softmax_richardson,vector_capacity_cond,row,weak_inverse,K16_cond10_above_H1_dh32_softmax_vector,128,0.02,softmax_vector,5.0,,,,0,,,,,,,,16.0,correlated,10.0,1.0,32.0,1.0,32.0,32.0,coordinate,scalar_opt,none,context,4.224216672810144e-05,0.0046051772078499,0.0229541847947984,5.274586283121607e-05,0.0229024768341332,-0.4684950709342956,-0.4696282781660557,0.9490966796875,0.5924913436174393,0.9490966796875,0.5924913287162781,0.8710817024111748,0.9201448783278464,0.0,0.0016817380237625,16.0,1.0,1.0,1.0,1.190091997385025,0.0158283959608525,16.0,16.0,14.807053565979004,14.807053565979004,4.851410388946533,4.851410388946533,0.370943121612072,4.224216672810144e-05,0.0001138711540964,-4.374253813629441,-2.3367536534344224,above
data/transformers/runs_unified_softmax_vector_capacity_cond/results.csv,unified_softmax_richardson,vector_capacity_cond,row,weak_inverse,K16_cond10_above_H1_dh32_linear_richardson,128,0.02,linear_richardson,5.0,,,,0,,,,,,,,16.0,correlated,10.0,1.0,32.0,1.0,32.0,32.0,coordinate,scalar_opt,none,context,3.954927660743124e-05,0.0046491412795148,0.0229648675303906,4.9193627091881353e-05,0.0229498546104878,-0.468784712255001,-0.4690677039325237,0.9520263671875,0.5925687327980995,0.95263671875,0.5925687402486801,0.8708313181996346,0.9191158413887024,0.0,0.0016826753126224,16.0,1.0,1.0,1.0,3.6965709659941837e-09,1.0909141034964875e-08,16.0,16.0,14.795730471611025,14.795730471611025,0.0,0.0,0.3686995096504688,3.954927660743124e-05,0.0001072727683394,-4.402861455738341,-2.3326272561439847,above
data/transformers/runs_unified_softmax_vector_capacity_cond/results.csv,unified_softmax_richardson,vector_capacity_cond,row,weak_inverse,K16_cond100_above_H1_dh32_softmax_vector,128,0.02,softmax_vector,5.0,,,,0,,,,,,,,16.0,correlated,100.0,1.0,32.0,1.0,32.0,32.0,coordinate,scalar_opt,none,context,0.0685227811336517,0.0834028515964746,0.1191868530586361,0.0956892622634768,0.022607717430219,1.6103465855121613,-0.4770083464682102,0.7152099609375,0.592333696782589,0.94775390625,0.592333696782589,0.9829761236906052,0.9902694821357728,0.0,0.0011212151002837,16.0,1.0,1.0,1.0,1.5431989133358002,0.2453476414084434,16.0,16.0,12.639403939247131,12.639403939247131,4.851410090923309,4.851410090923309,0.6145707070827484,0.0685227811336517,0.1114963785274109,-1.1641650186416272,-1.0788191003042047,above
data/transformers/runs_unified_softmax_vector_capacity_cond/results.csv,unified_softmax_richardson,vector_capacity_cond,row,weak_inverse,K16_cond100_above_H1_dh32_linear_richardson,128,0.02,linear_richardson,5.0,,,,0,,,,,,,,16.0,correlated,100.0,1.0,32.0,1.0,32.0,32.0,coordinate,scalar_opt,none,context,0.0676272651180625,0.0828242087736725,0.1101351082324981,0.0862806355580687,0.0227167503908276,1.417660966515541,-0.4742636010050773,0.7100830078125,0.5919728428125381,0.950927734375,0.5919728428125381,0.9829981401562692,0.9905665442347528,0.0,0.0011209427320864,16.0,1.0,1.0,1.0,5.860577745320228e-09,2.4533993059350223e-08,16.0,16.0,12.67604672908783,12.67604672908783,0.0,0.0,0.6084709987044334,0.0676272651180625,0.1111375761661298,-1.1698781753153091,-1.0818427042762984,above
data/transformers/runs_unified_softmax_vector_capacity_cond/results.csv,unified_softmax_richardson,vector_capacity_cond,row,weak_inverse,K16_cond1000_above_H1_dh32_softmax_vector,128,0.02,softmax_vector,5.0,,,,0,,,,,,,,16.0,correlated,1000.0,1.0,32.0,1.0,32.0,32.0,coordinate,scalar_opt,none,context,0.2580094188451767,0.3214787021279335,0.3513033464550972,0.3280205056071281,0.0229741274379193,6.696107387542725,-0.4680763222277164,0.54541015625,0.5899704024195671,0.950927734375,0.5899704098701477,0.997466191649437,0.998459815979004,0.0,0.0008374191020266,16.0,1.0,1.0,1.0,1.9427592754364007,0.9996786192059516,16.0,16.0,10.37104606628418,10.37104606628418,4.851410567760468,4.851410567760468,0.683952085673809,0.2580094188451767,0.3772358103091042,-0.5883644394715731,-0.4928477936719456,above
data/transformers/runs_unified_softmax_vector_capacity_cond/results.csv,unified_softmax_richardson,vector_capacity_cond,row,weak_inverse,K16_cond1000_above_H1_dh32_linear_richardson,128,0.02,linear_richardson,5.0,,,,0,,,,,,,,16.0,correlated,1000.0,1.0,32.0,1.0,32.0,32.0,coordinate,scalar_opt,none,context,0.2541628144681453,0.319335039705038,0.3187252320349216,0.2970759533345699,0.0222969262395054,5.969263315200806,-0.4827439449727535,0.5565185546875,0.5902771279215813,0.95263671875,0.5902771279215813,0.9974793642759324,0.9984180629253387,0.0,0.0008347502516699,16.0,1.0,1.0,1.0,8.213804081336207e-09,5.4355918877035954e-08,16.0,16.0,10.2399799823761,10.2399799823761,0.0,0.0,0.681195855140686,0.2541628144681453,0.3731079437788428,-0.5948879890007965,-0.4957534249756624,above
data/transformers/runs_unified_softmax_vector_capacity_cond/results.csv,unified_softmax_richardson,vector_capacity_cond,row,weak_inverse,K32_cond10_below_H1_dh16_softmax_vector,128,0.02,softmax_vector,5.0,,,,0,,,,,,,,32.0,correlated,10.0,1.0,32.0,1.0,16.0,16.0,coordinate,scalar_opt,none,context,0.000416958660935,0.0108197898371145,0.0265335401054471,0.0004844884533667,0.025990676600486,-0.3970085382461548,-0.407005250453949,0.95068359375,0.6395440623164177,0.9508056640625,0.6395440697669983,0.9183010682463646,0.9483739286661148,0.0,0.0029747390071861,16.0,1.0,1.0,0.0,0.4123318828642368,0.0057839507353492,16.0,16.0,15.508150339126589,15.508150339126589,4.851740717887878,4.851740717887878,0.4020106084644794,0.000416958660935,0.0010372174150218,-3.379907000704299,-1.9657811748549483,below
data/transformers/runs_unified_softmax_vector_capacity_cond/results.csv,unified_softmax_richardson,vector_capacity_cond,row,weak_inverse,K32_cond10_below_H1_dh16_linear_richardson,128,0.02,linear_richardson,5.0,,,,0,,,,,,,,32.0,correlated,10.0,1.0,32.0,1.0,16.0,16.0,coordinate,scalar_opt,none,context,0.7475098595023155,0.7585449740290642,0.9000494182109833,0.8741321489214897,0.0263286009430885,15.747800707817078,-0.4010147675871849,0.2806396484375,0.6398140415549278,0.9517822265625,0.6398140490055084,0.9182091578841208,0.9496506825089456,0.0,0.0029784191283397,16.0,1.0,1.0,0.0,60394.72900390625,45724.00634765625,16.0,16.0,15.4911470413208,15.4911470413208,0.0,0.0,0.7751861959695816,0.7475098595023155,0.9643102094554984,-0.1263830747102739,-0.1200186648527074,below
data/transformers/runs_unified_softmax_vector_capacity_cond/results.csv,unified_softmax_richardson,vector_capacity_cond,row,weak_inverse,K32_cond100_below_H1_dh16_softmax_vector,128,0.02,softmax_vector,5.0,,,,0,,,,,,,,32.0,correlated,100.0,1.0,32.0,1.0,16.0,16.0,coordinate,scalar_opt,none,context,0.0681115994229912,0.0984805217012763,0.0865295873954892,0.0604645167477428,0.026858544209972,0.7263726443052292,-0.3905101716518402,0.775634765625,0.6373163387179375,0.9498291015625,0.6373163387179375,0.986941397190094,0.9920415952801704,0.0,0.0019772560917772,16.0,1.0,1.0,0.0,0.1504434533417225,0.0138382198056206,16.0,16.0,14.819893956184387,14.819893956184387,4.851925015449524,4.851925015449524,0.6010528281331062,0.0681115994229912,0.113313438555883,-1.1667789213262063,-1.006649659392486,below
data/transformers/runs_unified_softmax_vector_capacity_cond/results.csv,unified_softmax_richardson,vector_capacity_cond,row,weak_inverse,K32_cond100_below_H1_dh16_linear_richardson,128,0.02,linear_richardson,5.0,,,,0,,,,,,,,32.0,correlated,100.0,1.0,32.0,1.0,16.0,16.0,coordinate,scalar_opt,none,context,0.9959539696574212,1.0265840590000153,1.0607416331768036,1.0302402675151825,0.0258000004105269,18.852113485336304,-0.410826463252306,0.2596435546875,0.6375259160995483,0.9534912109375,0.6375259011983871,0.9869509115815164,0.9922236353158952,0.0,0.001978496875381,16.0,1.0,1.0,0.0,105370.271484375,86888.8017578125,16.0,16.0,14.807986497879028,14.807986497879028,0.0,0.0,0.9059028401970864,0.9959539696574212,1.099400960294845,-0.0017607330479217,0.0113945161666291,below
data/transformers/runs_unified_softmax_vector_capacity_cond/results.csv,unified_softmax_richardson,vector_capacity_cond,row,weak_inverse,K32_cond1000_below_H1_dh16_softmax_vector,128,0.02,softmax_vector,5.0,,,,0,,,,,,,,32.0,correlated,1000.0,1.0,32.0,1.0,16.0,16.0,coordinate,scalar_opt,none,context,0.2043866366147995,0.3093160651624203,0.1806743443012237,0.1553260572254657,0.025807109195739,2.563188523054123,-0.4093603789806366,0.65185546875,0.6297479644417763,0.950927734375,0.6297479569911957,0.9972664713859558,0.998176909983158,0.0,0.0014634930121246,16.0,1.0,1.0,0.0,0.0479990756139159,0.0101781376870349,16.0,16.0,13.944348454475405,13.944348454475405,4.851996421813965,4.851996421813965,0.6352597251534462,0.2043866366147995,0.3217437784716973,-0.6895475030293868,-0.5095975231581468,below
data/transformers/runs_unified_softmax_vector_capacity_cond/results.csv,unified_softmax_richardson,vector_capacity_cond,row,weak_inverse,K32_cond1000_below_H1_dh16_linear_richardson,128,0.02,linear_richardson,5.0,,,,0,,,,,,,,32.0,correlated,1000.0,1.0,32.0,1.0,16.0,16.0,coordinate,scalar_opt,none,context,0.9118814766407012,1.0189146995544434,1.0512778833508492,1.0274857357144356,0.0259657278656959,19.209794998168945,-0.4075760543346405,0.25830078125,0.6297581195831299,0.9510498046875,0.6297581121325493,0.9972794726490974,0.9981608614325524,0.0,0.0014584610471501,16.0,1.0,1.0,0.0,156245.130859375,144119.9296875,16.0,16.0,13.944589734077454,13.944589734077454,0.0,0.0,0.8794022276997566,0.9118814766407012,1.036952351917481,-0.0400616061737642,0.0081378277125747,below
data/transformers/runs_unified_softmax_vector_capacity_cond/results.csv,unified_softmax_richardson,vector_capacity_cond,row,weak_inverse,K32_cond10_at_H1_dh32_softmax_vector,128,0.02,softmax_vector,5.0,,,,0,,,,,,,,32.0,correlated,10.0,1.0,32.0,1.0,32.0,32.0,coordinate,scalar_opt,none,context,0.00042242174095,0.0108028263784945,0.0265911882743239,0.0004662145984184,0.0260489652864635,-0.3955530896782875,-0.4057954847812652,0.94873046875,0.6392294690012932,0.9520263671875,0.639229491353035,0.9180400371551514,0.9500824436545372,0.0,0.0029756134026683,32.0,0.9999999403953552,0.9999999403953552,1.0,0.4913433976471424,0.0066574686206877,32.0,32.0,29.158031702041622,29.158031702041622,4.851410150527954,4.851410150527954,0.4034332111477852,0.00042242174095,0.0010469561451675,-3.3742537378897928,-1.9664626037727664,at
data/transformers/runs_unified_softmax_vector_capacity_cond/results.csv,unified_softmax_richardson,vector_capacity_cond,row,weak_inverse,K32_cond10_at_H1_dh32_linear_richardson,128,0.02,linear_richardson,5.0,,,,0,,,,,,,,32.0,correlated,10.0,1.0,32.0,1.0,32.0,32.0,coordinate,scalar_opt,none,context,0.0004227028948662,0.0108695421367883,0.0269301605876535,0.000473359687021,0.0265155101660639,-0.3903963752090931,-0.3982092887163162,0.946533203125,0.6396065279841423,0.9493408203125,0.6396065279841423,0.9184402227401732,0.946801520884037,0.0,0.0029728072113357,32.0,0.9999999403953552,0.9999999403953552,1.0,2.4550725619132407e-09,4.560699373712396e-09,32.0,32.0,29.11048173904419,29.11048173904419,0.0,0.0,0.4046996161341667,0.0004227028948662,0.0010445085733772,-3.3739647779099777,-1.963788749534156,at
data/transformers/runs_unified_softmax_vector_capacity_cond/results.csv,unified_softmax_richardson,vector_capacity_cond,row,weak_inverse,K32_cond100_at_H1_dh32_softmax_vector,128,0.02,softmax_vector,5.0,,,,0,,,,,,,,32.0,correlated,100.0,1.0,32.0,1.0,32.0,32.0,coordinate,scalar_opt,none,context,0.0683987159281969,0.0993263367563486,0.0914954179897904,0.0662344978190958,0.0264577560592442,0.8237323239445686,-0.3985292091965675,0.765869140625,0.6367350444197655,0.9503173828125,0.6367350444197655,0.9869580864906312,0.9917425364255904,0.0,0.001976459112484,32.0,0.9999999403953552,0.9999999403953552,1.0,0.551679827272892,0.0585909457877278,32.0,32.0,25.153444528579712,25.153444528579712,4.851409554481506,4.851409554481506,0.5990332961082458,0.0683987159281969,0.114187249446384,-1.1649520513578522,-1.0029355813997147,at
data/transformers/runs_unified_softmax_vector_capacity_cond/results.csv,unified_softmax_richardson,vector_capacity_cond,row,weak_inverse,K32_cond100_at_H1_dh32_linear_richardson,128,0.02,linear_richardson,5.0,,,,0,,,,,,,,32.0,correlated,100.0,1.0,32.0,1.0,32.0,32.0,coordinate,scalar_opt,none,context,0.0673622814938426,0.0985674392431974,0.0874803205952048,0.0601407820358872,0.0264253921341151,0.7445701882243156,-0.398754108697176,0.774169921875,0.6369715854525566,0.95068359375,0.6369715929031372,0.986912339925766,0.9918903186917304,0.0,0.0019824247283395,32.0,0.9999999403953552,0.9999999403953552,1.0,3.771326917423323e-09,8.328042033767247e-09,32.0,32.0,25.02190351486206,25.02190351486206,0.0,0.0,0.5986300259828568,0.0673622814938426,0.1125307031075309,-1.171583212134791,-1.0062665261582804,at
data/transformers/runs_unified_softmax_vector_capacity_cond/results.csv,unified_softmax_richardson,vector_capacity_cond,row,weak_inverse,K32_cond1000_at_H1_dh32_softmax_vector,128,0.02,softmax_vector,5.0,,,,0,,,,,,,,32.0,correlated,1000.0,1.0,32.0,1.0,32.0,32.0,coordinate,scalar_opt,none,context,0.2067135535180568,0.3125910609960556,0.201947221532464,0.1761137768626213,0.0255905054509639,2.9675238132476807,-0.4153799898922443,0.646484375,0.629581056535244,0.94970703125,0.629581056535244,0.9972734525799752,0.9981752708554268,0.0,0.0014611592632718,32.0,0.9999999403953552,0.9999999403953552,1.0,0.6482984721660614,0.1745477821677923,32.0,32.0,20.66603279113769,20.66603279113769,4.851410388946533,4.851410388946533,0.6375076249241829,0.2067135535180568,0.3242697813781803,-0.6846310471988926,-0.5050234454326166,at
data/transformers/runs_unified_softmax_vector_capacity_cond/results.csv,unified_softmax_richardson,vector_capacity_cond,row,weak_inverse,K32_cond1000_at_H1_dh32_linear_richardson,128,0.02,linear_richardson,5.0,,,,0,,,,,,,,32.0,correlated,1000.0,1.0,32.0,1.0,32.0,32.0,coordinate,scalar_opt,none,context,0.206033295020461,0.3123555704951286,0.1896347757428884,0.1615804713219404,0.0260006738826632,2.737694531679153,-0.4077390879392624,0.6456298828125,0.6291062384843826,0.9490966796875,0.6291062384843826,0.9972747340798378,0.9981547445058824,0.0,0.0014601137518184,32.0,0.9999999403953552,0.9999999403953552,1.0,5.183468543279446e-09,1.3384093722201841e-08,32.0,32.0,20.590500831604004,20.590500831604004,0.0,0.0,0.6397682279348373,0.206033295020461,0.3220285389599397,-0.6860625918869564,-0.5053507445163472,at
data/transformers/runs_unified_softmax_vector_capacity_cond/results.csv,unified_softmax_richardson,vector_capacity_cond,row,weak_inverse,K32_cond10_above_H1_dh64_softmax_vector,128,0.02,softmax_vector,5.0,,,,0,,,,,,,,32.0,correlated,10.0,1.0,32.0,1.0,64.0,64.0,coordinate,scalar_opt,none,context,0.0004125784180359,0.0107796291122213,0.0264219888485968,0.000441376640083,0.0260485622566193,-0.3978921882808208,-0.4049229696393013,0.95068359375,0.6391012370586395,0.9537353515625,0.6391012296080589,0.9182468950748444,0.9484879821538924,0.0,0.0029771885310765,32.0,0.9999999403953552,0.9999999403953552,1.0,0.1220166217535734,0.0016540330398129,32.0,32.0,29.19592022895813,29.19592022895813,4.851720213890076,4.851720213890076,0.4032859802246094,0.0004125784180359,0.0010230520444447,-3.384493493699324,-1.967396181383664,above
data/transformers/runs_unified_softmax_vector_capacity_cond/results.csv,unified_softmax_richardson,vector_capacity_cond,row,weak_inverse,K32_cond10_above_H1_dh64_linear_richardson,128,0.02,linear_richardson,5.0,,,,0,,,,,,,,32.0,correlated,10.0,1.0,32.0,1.0,64.0,64.0,coordinate,scalar_opt,none,context,0.0004119453660678,0.0107618476031348,0.0272006564773619,0.0004516667468124,0.0267738504335284,-0.3849047049880028,-0.3927820958197117,0.9468994140625,0.639379046857357,0.949462890625,0.639379046857357,0.9180955588817596,0.9488602578639984,0.0,0.0029759483004454,32.0,0.9999999403953552,0.9999999403953552,1.0,2.4371393514410755e-09,4.490869343065641e-09,32.0,32.0,29.211661100387573,29.211661100387573,0.0,0.0,0.401713490486145,0.0004119453660678,0.0010252996964992,-3.385160378113968,-1.968113162223201,above
data/transformers/runs_unified_softmax_vector_capacity_cond/results.csv,unified_softmax_richardson,vector_capacity_cond,row,weak_inverse,K32_cond100_above_H1_dh64_softmax_vector,128,0.02,softmax_vector,5.0,,,,0,,,,,,,,32.0,correlated,100.0,1.0,32.0,1.0,64.0,64.0,coordinate,scalar_opt,none,context,0.0682662352919578,0.098845032043755,0.0899643879383802,0.0618066838942468,0.0271390527486801,0.7841247543692589,-0.3848781883716583,0.773193359375,0.6378614455461502,0.947021484375,0.6378614380955696,0.986908122897148,0.9917238652706146,0.0,0.0019819386943709,32.0,0.9999999403953552,0.9999999403953552,1.0,0.1392397489398718,0.0139752569375559,32.0,32.0,25.118708848953247,25.118708848953247,4.851720571517944,4.851720571517944,0.599204920232296,0.0682662352919578,0.1139273975876323,-1.165794046716371,-1.0050451534641385,above
data/transformers/runs_unified_softmax_vector_capacity_cond/results.csv,unified_softmax_richardson,vector_capacity_cond,row,weak_inverse,K32_cond100_above_H1_dh64_linear_richardson,128,0.02,linear_richardson,5.0,,,,0,,,,,,,,32.0,correlated,100.0,1.0,32.0,1.0,64.0,64.0,coordinate,scalar_opt,none,context,0.0677620097994804,0.0988273490220308,0.0907043321058154,0.0618605110794305,0.0270531566347926,0.8060358613729477,-0.3869288563728332,0.771240234375,0.6373346075415611,0.9482421875,0.6373346075415611,0.9869261831045152,0.9921001121401788,0.0,0.0019783629395533,32.0,0.9999999403953552,0.9999999403953552,1.0,3.80362266683143e-09,8.13723655124221e-09,32.0,32.0,25.17331886291504,25.17331886291504,0.0,0.0,0.5981221199035645,0.0677620097994804,0.1132762310230355,-1.16901372145126,-1.005122854139744,above
data/transformers/runs_unified_softmax_vector_capacity_cond/results.csv,unified_softmax_richardson,vector_capacity_cond,row,weak_inverse,K32_cond1000_above_H1_dh64_softmax_vector,128,0.02,softmax_vector,5.0,,,,0,,,,,,,,32.0,correlated,1000.0,1.0,32.0,1.0,64.0,64.0,coordinate,scalar_opt,none,context,0.2065675072371959,0.3127716667950153,0.1917013134807348,0.1645131520926952,0.0254065901972353,2.7811593413352966,-0.4188732467591762,0.651611328125,0.6293847262859344,0.950927734375,0.6293847262859344,0.9972721189260484,0.998171292245388,0.0,0.0014616947009926,32.0,0.9999999403953552,0.9999999403953552,1.0,0.1623152680695057,0.0408667949959635,32.0,32.0,20.50899600982666,20.50899600982666,4.8517202734947205,4.8517202734947205,0.6375826746225357,0.2065675072371959,0.3239720791034896,-0.6849379913226069,-0.5047725954839933,above
data/transformers/runs_unified_softmax_vector_capacity_cond/results.csv,unified_softmax_richardson,vector_capacity_cond,row,weak_inverse,K32_cond1000_above_H1_dh64_linear_richardson,128,0.02,linear_richardson,5.0,,,,0,,,,,,,,32.0,correlated,1000.0,1.0,32.0,1.0,64.0,64.0,coordinate,scalar_opt,none,context,0.2047513052821159,0.3093568570911884,0.1877159792929887,0.1637177690863609,0.026122880866751,2.702063769102097,-0.4047187194228172,0.6531982421875,0.6292906925082207,0.947265625,0.6292906850576401,0.997265823185444,0.9981814324855804,0.0,0.0014631983212893,32.0,0.9999999403953552,0.9999999403953552,1.0,5.303099515074905e-09,1.3911418239587192e-08,32.0,32.0,20.68362712860108,20.68362712860108,0.0,0.0,0.6382984071969986,0.2047513052821159,0.3207896318910165,-0.68877332094721,-0.5095402531243094,above
data/transformers/runs_unified_softmax_vector_capacity_cond_precond/results.csv,unified_softmax_richardson,vector_capacity_cond_precond,row,weak_inverse,K8_cond10_below_H1_dh4_jacobi_softmax_vector,128,0.02,softmax_vector,5.0,,,,0,,,,,,,,8.0,correlated,10.0,1.0,32.0,1.0,4.0,4.0,coordinate,jacobi,none,context,1.4273175423795692e-06,0.0023290558019652,0.0210282816551625,7.860053230501762e-07,0.0210277459118515,-0.5121129676699638,-0.5121316462755203,0.951416015625,0.5725533217191696,0.95166015625,0.5725533291697502,0.5203765332698822,0.6827664524316788,8.0,0.7252685725688934,4.0,1.0,1.0,0.0,30.518139362335205,0.4312361888587475,4.0,4.0,3.924143612384796,3.924143612384796,4.850980401039124,4.850980401039124,0.1285798083990812,1.4273175423795692e-06,1.1109439474548446e-05,-5.845479396498763,-2.632820106057296,below
data/transformers/runs_unified_softmax_vector_capacity_cond_precond/results.csv,unified_softmax_richardson,vector_capacity_cond_precond,row,weak_inverse,K8_cond10_below_H1_dh4_jacobi_linear_richardson,128,0.02,linear_richardson,5.0,,,,0,,,,,,,,8.0,correlated,10.0,1.0,32.0,1.0,4.0,4.0,coordinate,jacobi,none,context,0.5640076845884323,0.5662453845143318,0.8231564536690712,0.8018679246306419,0.0213611884973943,17.986138105392456,-0.504764873534441,0.299072265625,0.5724309831857681,0.949462890625,0.5724309831857681,0.5211339145898819,0.687865138053894,8.0,0.724167063832283,4.0,1.0,1.0,0.0,934242.8203125,870789.3203125,4.0,4.0,3.9182518422603607,3.9182518422603607,0.0,0.0,0.5759714841842651,0.5640076845884323,0.9792297333092566,-0.2487149787265585,-0.2469953249139925,below
data/transformers/runs_unified_softmax_vector_capacity_cond_precond/results.csv,unified_softmax_richardson,vector_capacity_cond_precond,row,weak_inverse,K8_cond10_below_H1_dh4_lowrank_spectral_softmax_vector,128,0.02,softmax_vector,5.0,,,,0,,,,,,,,8.0,correlated,10.0,1.0,32.0,1.0,4.0,4.0,coordinate,lowrank_spectral,none,context,7.943147409150697e-06,0.0023315448488574,0.0208254014141857,1.548088869185449e-05,0.0208003285806626,-0.51710095256567,-0.5176995806396008,0.9505615234375,0.57252436876297,0.950439453125,0.5725243613123894,0.8389671742916107,0.90326576679945,4.0,0.0009220997453667,4.0,1.0,1.0,0.0,30.59969687461853,0.4331439957022667,4.0,4.0,3.906875818967819,3.906875818967819,4.850980162620544,4.850980162620544,0.1229214891791343,7.943147409150697e-06,6.453575572550749e-05,-5.100007377726739,-2.632356226178189,below
data/transformers/runs_unified_softmax_vector_capacity_cond_precond/results.csv,unified_softmax_richardson,vector_capacity_cond_precond,row,weak_inverse,K8_cond10_below_H1_dh4_lowrank_spectral_linear_richardson,128,0.02,linear_richardson,5.0,,,,0,,,,,,,,8.0,correlated,10.0,1.0,32.0,1.0,4.0,4.0,coordinate,lowrank_spectral,none,context,0.6150146350264549,0.6175234764814377,0.8869279995560646,0.8652028664946556,0.0217108947690576,19.44711303710937,-0.4962463267147541,0.290283203125,0.5727021545171738,0.9442138671875,0.5727021545171738,0.8386305719614029,0.9035874232649804,4.0,0.0009219970961567,4.0,1.0,1.0,0.0,926126.078125,918345.5703125,4.0,4.0,3.9256995022296906,3.9256995022296906,0.0,0.0,0.6152367144823074,0.6150146350264549,0.9996407407150936,-0.2111145495325378,-0.2093465271168236,below
data/transformers/runs_unified_softmax_vector_capacity_cond_precond/results.csv,unified_softmax_richardson,vector_capacity_cond_precond,row,weak_inverse,K8_cond100_below_H1_dh4_jacobi_softmax_vector,128,0.02,softmax_vector,5.0,,,,0,,,,,,,,8.0,correlated,100.0,1.0,32.0,1.0,4.0,4.0,coordinate,jacobi,none,context,1.600037833782153e-06,0.0086079234024509,0.0211561059113591,2.442623685539047e-07,0.0211580516770482,-0.5090044140815735,-0.5089590959250927,0.9488525390625,0.5722941979765892,0.9486083984375,0.5722941905260086,0.5188870504498482,0.6880214363336563,8.0,0.7252670377492905,4.0,1.0,1.0,0.0,9.568514943122864,0.1278218599036336,4.0,4.0,3.726167619228363,3.726167619228363,4.851697325706482,4.851697325706482,0.2777593359351158,1.600037833782153e-06,5.764256465438631e-06,-5.795869748088727,-2.065101606227044,below
data/transformers/runs_unified_softmax_vector_capacity_cond_precond/results.csv,unified_softmax_richardson,vector_capacity_cond_precond,row,weak_inverse,K8_cond100_below_H1_dh4_jacobi_linear_richardson,128,0.02,linear_richardson,5.0,,,,0,,,,,,,,8.0,correlated,100.0,1.0,32.0,1.0,4.0,4.0,coordinate,jacobi,none,context,0.8570837751030922,0.8658966720104218,1.008326731622219,0.9846450388431548,0.0212621206883341,22.24371027946472,-0.5062022060155869,0.2857666015625,0.5725242346525192,0.948486328125,0.5725242346525192,0.5202116444706917,0.6798906996846199,8.0,0.7249373272061348,4.0,1.0,1.0,0.0,1684342.40625,1582691.734375,4.0,4.0,3.743555784225464,3.743555784225464,0.0,0.0,0.7302334755659103,0.8570837751030922,1.1735654702181066,-0.0669767261668645,-0.0625339295219847,below
data/transformers/runs_unified_softmax_vector_capacity_cond_precond/results.csv,unified_softmax_richardson,vector_capacity_cond_precond,row,weak_inverse,K8_cond100_below_H1_dh4_lowrank_spectral_softmax_vector,128,0.02,softmax_vector,5.0,,,,0,,,,,,,,8.0,correlated,100.0,1.0,32.0,1.0,4.0,4.0,coordinate,lowrank_spectral,none,context,0.0384979033842682,0.0471893930807709,0.1755211185663938,0.1538802403956651,0.0221522320061922,3.0609123706817627,-0.4858926683664322,0.6578369140625,0.5725340768694878,0.944580078125,0.5725340843200684,0.9809388220310212,0.9894135147333144,4.0,0.0006381086132023,4.0,1.0,1.0,0.0,9.72073245048523,1.858794778585434,4.0,4.0,3.752194285392761,3.752194285392761,4.851697146892548,4.851697146892548,0.2205505855381488,0.0384979033842682,0.1744462113061351,-1.4145629217496027,-1.326155608233807,below
data/transformers/runs_unified_softmax_vector_capacity_cond_precond/results.csv,unified_softmax_richardson,vector_capacity_cond_precond,row,weak_inverse,K8_cond100_below_H1_dh4_lowrank_spectral_linear_richardson,128,0.02,linear_richardson,5.0,,,,0,,,,,,,,8.0,correlated,100.0,1.0,32.0,1.0,4.0,4.0,coordinate,lowrank_spectral,none,context,0.9459677040576936,0.9542604684829712,1.0174270570278168,0.9990830644965172,0.0213019158691167,22.466805696487427,-0.505716122686863,0.28125,0.572385236620903,0.951171875,0.572385236620903,0.9809483140707016,0.989218920469284,4.0,0.0006389173795469,4.0,1.0,1.0,0.0,1669497.546875,1665589.78125,4.0,4.0,3.733687162399292,3.733687162399292,0.0,0.0,0.9444563239812852,0.9459677040576936,1.0016060291975404,-0.0241236904364274,-0.0203330670304742,below
data/transformers/runs_unified_softmax_vector_capacity_cond_precond/results.csv,unified_softmax_richardson,vector_capacity_cond_precond,row,weak_inverse,K8_cond1000_below_H1_dh4_jacobi_softmax_vector,128,0.02,softmax_vector,5.0,,,,0,,,,,,,,8.0,correlated,1000.0,1.0,32.0,1.0,4.0,4.0,coordinate,jacobi,none,context,1.9036223193324984e-06,0.0447917389683425,0.0211964282207191,6.348369385733578e-08,0.0211964221671223,-0.5083776339888573,-0.5083790011703968,0.9505615234375,0.5716774761676788,0.950439453125,0.5716774612665176,0.507325291633606,0.6625040397047997,8.0,0.7312874272465706,4.0,1.0,1.0,0.0,2.8925754725933075,0.0348618240095675,4.0,4.0,3.4726627469062805,3.4726627469062805,4.8519362807273865,4.8519362807273865,1.0237959027290344,1.9036223193324984e-06,1.859811522544743e-06,-5.720419211886456,-1.3488020764324056,below
data/transformers/runs_unified_softmax_vector_capacity_cond_precond/results.csv,unified_softmax_richardson,vector_capacity_cond_precond,row,weak_inverse,K8_cond1000_below_H1_dh4_jacobi_linear_richardson,128,0.02,linear_richardson,5.0,,,,0,,,,,,,,8.0,correlated,1000.0,1.0,32.0,1.0,4.0,4.0,coordinate,jacobi,none,context,2.270926088094712,2.3107836544513702,1.054756447672844,1.0310549437999723,0.0214802103582769,23.39924669265747,-0.5017902329564095,0.2906494140625,0.5715242326259613,0.948486328125,0.5715242251753807,0.5063374936580658,0.665052130818367,8.0,0.7323710694909096,4.0,1.0,1.0,0.0,2396818.8125,2260561.3125,4.0,4.0,3.4587211906909943,3.4587211906909943,0.0,0.0,1.4676823168992996,2.270926088094712,1.5470739002254534,0.3562029994531211,0.3637592868567905,below
data/transformers/runs_unified_softmax_vector_capacity_cond_precond/results.csv,unified_softmax_richardson,vector_capacity_cond_precond,row,weak_inverse,K8_cond1000_below_H1_dh4_lowrank_spectral_softmax_vector,128,0.02,softmax_vector,5.0,,,,0,,,,,,,,8.0,correlated,1000.0,1.0,32.0,1.0,4.0,4.0,coordinate,lowrank_spectral,none,context,0.106134214438498,0.1504611652344465,0.558045044541359,0.5329679436981678,0.0213029878214001,11.915713667869568,-0.5057683065533638,0.4921875,0.5718318819999695,0.95068359375,0.5718318670988083,0.9976030141115187,0.9985982403159142,4.0,0.0005022632976761,4.0,1.0,1.0,0.0,2.8536787927150726,1.7759868204593658,4.0,4.0,3.487826555967331,3.487826555967331,4.851936340332031,4.851936340332031,0.3005058951675892,0.106134214438498,0.3530487329770241,-0.9741445902125492,-0.8225755791449669,below
data/transformers/runs_unified_softmax_vector_capacity_cond_precond/results.csv,unified_softmax_richardson,vector_capacity_cond_precond,row,weak_inverse,K8_cond1000_below_H1_dh4_lowrank_spectral_linear_richardson,128,0.02,linear_richardson,5.0,,,,0,,,,,,,,8.0,correlated,1000.0,1.0,32.0,1.0,4.0,4.0,coordinate,lowrank_spectral,none,context,2.5524003207683563,2.5945203006267548,1.08720001578331,1.071443393826485,0.0210646805353462,24.194050788879395,-0.511110957711935,0.2916259765625,0.5717594549059868,0.9482421875,0.5717594549059868,0.9976178705692292,0.998565323650837,4.0,0.0005003466212656,4.0,1.0,1.0,0.0,2448890.09375,2445971.4375,4.0,4.0,3.4885494112968445,3.4885494112968445,0.0,0.0,2.552076280117035,2.5524003207683563,1.0001271221919847,0.4069487905295413,0.4140570731483817,below
data/transformers/runs_unified_softmax_vector_capacity_cond_precond/results.csv,unified_softmax_richardson,vector_capacity_cond_precond,row,weak_inverse,K8_cond10_at_H1_dh8_jacobi_softmax_vector,128,0.02,softmax_vector,5.0,,,,0,,,,,,,,8.0,correlated,10.0,1.0,32.0,1.0,8.0,8.0,coordinate,jacobi,none,context,1.4406626434038117e-06,0.0023051194439176,0.0216288499068468,9.028297398572248e-07,0.0216268536169081,-0.4978783503174782,-0.4979300610721111,0.9476318359375,0.572510153055191,0.9478759765625,0.5725101456046104,0.5225457549095154,0.680783785879612,8.0,0.7241469770669937,8.0,1.0,1.0,1.0,56.65814924240112,0.6184492111206055,8.0,8.0,7.407210648059845,7.407210648059845,4.8495513796806335,4.8495513796806335,0.1295143254101276,1.4406626434038117e-06,1.1134923878110985e-05,-5.841437705002123,-2.637306565940129,at
data/transformers/runs_unified_softmax_vector_capacity_cond_precond/results.csv,unified_softmax_richardson,vector_capacity_cond_precond,row,weak_inverse,K8_cond10_at_H1_dh8_jacobi_linear_richardson,128,0.02,linear_richardson,5.0,,,,0,,,,,,,,8.0,correlated,10.0,1.0,32.0,1.0,8.0,8.0,coordinate,jacobi,none,context,7.49617763221304e-14,0.002290414442541,0.0213892862666398,6.402884212753008e-14,0.021389287430793,-0.5038986802101135,-0.5038986504077911,0.9501953125,0.572627380490303,0.9501953125,0.572627380490303,0.5219787731766701,0.673973836004734,8.0,0.7245348766446114,8.0,1.0,1.0,1.0,1.358497725423291e-08,3.873171117163565e-08,8.0,8.0,7.411483883857727,7.411483883857727,0.0,0.0,0.1262876652181148,7.49617763221304e-14,5.94810764457982e-13,-13.125160130794784,-2.6400859264708627,at
data/transformers/runs_unified_softmax_vector_capacity_cond_precond/results.csv,unified_softmax_richardson,vector_capacity_cond_precond,row,weak_inverse,K8_cond10_at_H1_dh8_lowrank_spectral_softmax_vector,128,0.02,softmax_vector,5.0,,,,0,,,,,,,,8.0,correlated,10.0,1.0,32.0,1.0,8.0,8.0,coordinate,lowrank_spectral,none,context,1.455522649962404e-06,0.0023025685222819,0.0210632944945245,9.045087665526808e-07,0.0210693872068077,-0.5114538073539734,-0.5113110654056072,0.951171875,0.5724412575364113,0.951171875,0.5724412575364113,1.1838104825301343e-06,8.209082068333373e-06,8.0,0.0009232792799593,8.0,1.0,1.0,1.0,55.37860107421875,0.6197633147239685,8.0,8.0,7.446201741695404,7.446201741695404,4.849550843238831,4.849550843238831,0.0001149301224359,1.455522649962404e-06,0.0126746508969828,-5.836981031944752,-2.637787436741913,at
data/transformers/runs_unified_softmax_vector_capacity_cond_precond/results.csv,unified_softmax_richardson,vector_capacity_cond_precond,row,weak_inverse,K8_cond10_at_H1_dh8_lowrank_spectral_linear_richardson,128,0.02,linear_richardson,5.0,,,,0,,,,,,,,8.0,correlated,10.0,1.0,32.0,1.0,8.0,8.0,coordinate,lowrank_spectral,none,context,6.416854454207015e-14,0.0023200004361569,0.0214703590609133,6.155976649727221e-14,0.0214703597594052,-0.5017551146447659,-0.5017550848424435,0.9488525390625,0.5723640099167824,0.9488525390625,0.5723640099167824,1.195894896000027e-06,8.393889459057391e-06,8.0,0.0009239716600859,8.0,1.0,1.0,1.0,1.4360780564715014e-08,4.088557181702868e-08,8.0,8.0,7.379976987838745,7.379976987838745,0.0,0.0,5.650363870909371e-13,6.416854454207015e-14,0.1141271769812685,-13.192677811176567,-2.634511933462309,at
data/transformers/runs_unified_softmax_vector_capacity_cond_precond/results.csv,unified_softmax_richardson,vector_capacity_cond_precond,row,weak_inverse,K8_cond100_at_H1_dh8_jacobi_softmax_vector,128,0.02,softmax_vector,5.0,,,,0,,,,,,,,8.0,correlated,100.0,1.0,32.0,1.0,8.0,8.0,coordinate,jacobi,none,context,5.0093585173272e-06,0.0086852634558454,0.021314603742212,9.274531507230676e-07,0.0213127022143453,-0.505508866161108,-0.505552813410759,0.952880859375,0.5726179555058479,0.9532470703125,0.5726179480552673,0.5186457335948944,0.6789814084768295,8.0,0.7260812893509865,8.0,1.0,1.0,1.0,91.27789211273192,0.7438130378723145,8.0,8.0,6.260654926300049,6.260654926300049,4.849549412727356,4.849549412727356,0.2877793684601784,5.0093585173272e-06,1.7436708323009198e-05,-5.300217884955529,-2.061217003275084,at
data/transformers/runs_unified_softmax_vector_capacity_cond_precond/results.csv,unified_softmax_richardson,vector_capacity_cond_precond,row,weak_inverse,K8_cond100_at_H1_dh8_jacobi_linear_richardson,128,0.02,linear_richardson,5.0,,,,0,,,,,,,,8.0,correlated,100.0,1.0,32.0,1.0,8.0,8.0,coordinate,jacobi,none,context,1.6408983479171244e-13,0.0088367131538689,0.021623151609674,1.1467795520836302e-13,0.0216231504455208,-0.4981732182204723,-0.498173214495182,0.9483642578125,0.5725401118397713,0.9483642578125,0.5725401192903519,0.5195348113775253,0.6894840449094772,8.0,0.7252619564533234,8.0,1.0,1.0,1.0,2.2624160100903623e-08,6.221373771708727e-08,8.0,8.0,6.2256311774253845,6.2256311774253845,0.0,0.0,0.2770612277090549,1.6408983479171244e-13,5.942684924862568e-13,-12.784918322241282,-2.05370924229223,at
data/transformers/runs_unified_softmax_vector_capacity_cond_precond/results.csv,unified_softmax_richardson,vector_capacity_cond_precond,row,weak_inverse,K8_cond100_at_H1_dh8_lowrank_spectral_softmax_vector,128,0.02,softmax_vector,5.0,,,,0,,,,,,,,8.0,correlated,100.0,1.0,32.0,1.0,8.0,8.0,coordinate,lowrank_spectral,none,context,4.999713382858317e-06,0.0086641437374055,0.0211953993421047,9.263014604243835e-07,0.0211947651114314,-0.5084176398813725,-0.5084311291575432,0.950927734375,0.5724212303757668,0.950927734375,0.572421245276928,1.834641182085761e-06,4.750370817419025e-05,8.0,0.0006404514715541,8.0,1.0,1.0,1.0,91.23203563690186,0.7675721272826195,8.0,8.0,6.263013124465942,6.263013124465942,4.849553883075714,4.849553883075714,0.0004625405235856,4.999713382858317e-06,0.01084690053335,-5.301054891626159,-2.0622743514145623,at
data/transformers/runs_unified_softmax_vector_capacity_cond_precond/results.csv,unified_softmax_richardson,vector_capacity_cond_precond,row,weak_inverse,K8_cond100_at_H1_dh8_lowrank_spectral_linear_richardson,128,0.02,linear_richardson,5.0,,,,0,,,,,,,,8.0,correlated,100.0,1.0,32.0,1.0,8.0,8.0,coordinate,lowrank_spectral,none,context,1.0658382186681589e-13,0.0087667376501485,0.0212828118819743,5.933499888592502e-14,0.0212828111834824,-0.5064830221235752,-0.5064830332994461,0.950927734375,0.5722231194376945,0.950927734375,0.572223111987114,1.8195626125816489e-06,4.935974084219197e-05,8.0,0.0006393759686034,8.0,1.0,1.0,1.0,2.3148980954346143e-08,6.237790106666807e-08,8.0,8.0,6.232148468494415,6.232148468494415,0.0,0.0,6.039619650753669e-12,1.0658382186681589e-13,0.0188347245427149,-12.972308710949022,-2.057161989772525,at
data/transformers/runs_unified_softmax_vector_capacity_cond_precond/results.csv,unified_softmax_richardson,vector_capacity_cond_precond,row,weak_inverse,K8_cond1000_at_H1_dh8_jacobi_softmax_vector,128,0.02,softmax_vector,5.0,,,,0,,,,,,,,8.0,correlated,1000.0,1.0,32.0,1.0,8.0,8.0,coordinate,jacobi,none,context,2.14638657780597e-05,0.0445612086914479,0.0206250678747892,8.61119708872593e-07,0.0206189742311835,-0.5217597335577011,-0.5219017267227173,0.9556884765625,0.5718221366405487,0.955322265625,0.5718221515417099,0.504957303404808,0.6640305146574974,8.0,0.7333302795886993,8.0,1.0,1.0,1.0,134.88905334472656,0.8644079491496086,8.0,8.0,4.991128206253052,4.991128206253052,4.8495482206344604,4.8495482206344604,1.0710221976041794,2.14638657780597e-05,2.0063308223128973e-05,-4.668292056140734,-1.3510430377421605,at
data/transformers/runs_unified_softmax_vector_capacity_cond_precond/results.csv,unified_softmax_richardson,vector_capacity_cond_precond,row,weak_inverse,K8_cond1000_at_H1_dh8_jacobi_linear_richardson,128,0.02,linear_richardson,5.0,,,,0,,,,,,,,8.0,correlated,1000.0,1.0,32.0,1.0,8.0,8.0,coordinate,jacobi,none,context,4.0271303273445996e-13,0.0447865901514887,0.0210077560041099,8.726932852309423e-14,0.0210077550727874,-0.5127890035510063,-0.5127890296280384,0.95263671875,0.5718509778380394,0.95263671875,0.57185098528862,0.5063691362738609,0.6709617525339127,8.0,0.7325183004140854,8.0,1.0,1.0,1.0,3.15478878576414e-08,9.63206421289442e-08,8.0,8.0,5.019326269626617,5.019326269626617,0.0,0.0,1.0414600893855095,4.0271303273445996e-13,3.845694314640192e-13,-12.395004315381213,-1.348852001515232,at
data/transformers/runs_unified_softmax_vector_capacity_cond_precond/results.csv,unified_softmax_richardson,vector_capacity_cond_precond,row,weak_inverse,K8_cond1000_at_H1_dh8_lowrank_spectral_softmax_vector,128,0.02,softmax_vector,5.0,,,,0,,,,,,,,8.0,correlated,1000.0,1.0,32.0,1.0,8.0,8.0,coordinate,lowrank_spectral,none,context,2.166449371543422e-05,0.0451162187382578,0.0209502677898854,8.663702573130649e-07,0.0209480032790452,-0.5137512758374214,-0.5138065330684185,0.9520263671875,0.5715937539935112,0.9521484375,0.5715937614440918,3.58310021510988e-05,0.000433154975326,8.0,0.0005016061331843,8.0,1.0,1.0,1.0,128.78190803527832,0.8999859169125557,8.0,8.0,5.012108027935028,5.012108027935028,4.84955096244812,4.84955096244812,0.0022560935467481,2.166449371543422e-05,0.0096391909977357,-4.664251455679334,-1.3456673064077862,at
data/transformers/runs_unified_softmax_vector_capacity_cond_precond/results.csv,unified_softmax_richardson,vector_capacity_cond_precond,row,weak_inverse,K8_cond1000_at_H1_dh8_lowrank_spectral_linear_richardson,128,0.02,linear_richardson,5.0,,,,0,,,,,,,,8.0,correlated,1000.0,1.0,32.0,1.0,8.0,8.0,coordinate,lowrank_spectral,none,context,3.0783259649018804e-13,0.0440449486486613,0.0215610188897699,7.702532476449493e-14,0.0215610172599554,-0.4996085613965988,-0.49960857629776,0.9488525390625,0.5718532726168633,0.9488525390625,0.5718532875180244,3.589355037547648e-05,0.0004266019132046,8.0,0.0005023039557272,8.0,1.0,1.0,1.0,3.2870844934862475e-08,9.711059512085285e-08,8.0,8.0,4.995433747768402,4.995433747768402,0.0,0.0,1.7560362608470823e-09,3.0783259649018804e-13,0.0001770353285759,-12.511685394490652,-1.35610389201483,at
data/transformers/runs_unified_softmax_vector_capacity_cond_precond/results.csv,unified_softmax_richardson,vector_capacity_cond_precond,row,weak_inverse,K8_cond10_above_H1_dh16_jacobi_softmax_vector,128,0.02,softmax_vector,5.0,,,,0,,,,,,,,8.0,correlated,10.0,1.0,32.0,1.0,16.0,16.0,coordinate,jacobi,none,context,3.61215406030624e-07,0.0022877311275806,0.0215482881758362,2.2848064062941378e-07,0.0215484052896499,-0.5000098571181297,-0.5000059641897678,0.94482421875,0.5724658295512199,0.9447021484375,0.5724658221006393,0.5211380794644356,0.6810906827449799,8.0,0.7242146506905556,8.0,1.0,1.0,1.0,13.851185202598572,0.1565695777535438,8.0,8.0,7.443448483943939,7.443448483943939,4.850789785385132,4.850789785385132,0.1293479828163981,3.61215406030624e-07,2.7940704463598694e-06,-6.442233735071146,-2.640595018633236,above
data/transformers/runs_unified_softmax_vector_capacity_cond_precond/results.csv,unified_softmax_richardson,vector_capacity_cond_precond,row,weak_inverse,K8_cond10_above_H1_dh16_jacobi_linear_richardson,128,0.02,linear_richardson,5.0,,,,0,,,,,,,,8.0,correlated,10.0,1.0,32.0,1.0,16.0,16.0,coordinate,jacobi,none,context,8.487632661589514e-14,0.0022916777816135,0.0216765864752233,7.710639852304135e-14,0.0216765848454087,-0.4970747753977775,-0.4970748052000999,0.9493408203125,0.5725942999124527,0.9493408203125,0.5725942924618721,0.521247997879982,0.6773387268185616,8.0,0.7248794287443161,8.0,1.0,1.0,1.0,1.3984417068790831e-08,4.144837628672349e-08,8.0,8.0,7.407432556152344,7.407432556152344,0.0,0.0,0.1268723662942648,8.487632661589514e-14,6.69444547721674e-13,-13.071213424641218,-2.639846445825338,above
data/transformers/runs_unified_softmax_vector_capacity_cond_precond/results.csv,unified_softmax_richardson,vector_capacity_cond_precond,row,weak_inverse,K8_cond10_above_H1_dh16_lowrank_spectral_softmax_vector,128,0.02,softmax_vector,5.0,,,,0,,,,,,,,8.0,correlated,10.0,1.0,32.0,1.0,16.0,16.0,coordinate,lowrank_spectral,none,context,3.650036717317562e-07,0.0022938368783798,0.0204115356318652,2.280945565757975e-07,0.0204105169977992,-0.5266396477818489,-0.5266647562384605,0.95263671875,0.5725618377327919,0.952880859375,0.5725618451833725,1.1967011346314391e-06,8.369296381260938e-06,8.0,0.000921215636481,8.0,1.0,1.0,1.0,13.706060290336609,0.1595704536885023,8.0,8.0,7.3905980587005615,7.3905980587005615,4.850789308547974,4.850789308547974,2.8251519324840046e-05,3.650036717317562e-07,0.0129337527985966,-6.437702766763196,-2.639437469319839,above
data/transformers/runs_unified_softmax_vector_capacity_cond_precond/results.csv,unified_softmax_richardson,vector_capacity_cond_precond,row,weak_inverse,K8_cond10_above_H1_dh16_lowrank_spectral_linear_richardson,128,0.02,linear_richardson,5.0,,,,0,,,,,,,,8.0,correlated,10.0,1.0,32.0,1.0,16.0,16.0,coordinate,lowrank_spectral,none,context,6.381413663957653e-14,0.0023185167810879,0.0211477361153811,6.273066291542568e-14,0.021147736813873,-0.5094646252691746,-0.5094646252691746,0.9525146484375,0.572595626115799,0.9525146484375,0.5725956186652184,1.1870232725641472e-06,9.089187301469792e-06,8.0,0.0009236099285772,8.0,1.0,1.0,1.0,1.4055489439002145e-08,4.0566946246656244e-08,8.0,8.0,7.362393796443939,7.362393796443939,0.0,0.0,5.607106779207359e-13,6.381413663957653e-14,0.1147525459369278,-13.195083102086397,-2.6347897563963723,above
data/transformers/runs_unified_softmax_vector_capacity_cond_precond/results.csv,unified_softmax_richardson,vector_capacity_cond_precond,row,weak_inverse,K8_cond100_above_H1_dh16_jacobi_softmax_vector,128,0.02,softmax_vector,5.0,,,,0,,,,,,,,8.0,correlated,100.0,1.0,32.0,1.0,16.0,16.0,coordinate,jacobi,none,context,1.239171453448762e-06,0.0087710226653143,0.0206346320919692,2.2488430850842178e-07,0.0206350740045309,-0.5217215083539486,-0.5217118710279465,0.9525146484375,0.5723638981580734,0.95263671875,0.5723639130592346,0.5199485495686531,0.6707491129636765,8.0,0.7248990386724472,8.0,1.0,1.0,1.0,22.108593702316284,0.187533937394619,8.0,8.0,6.222321808338165,6.222321808338165,4.850790858268738,4.850790858268738,0.2835981324315071,1.239171453448762e-06,4.372963637962792e-06,-5.906868599890942,-2.056949766724093,above
data/transformers/runs_unified_softmax_vector_capacity_cond_precond/results.csv,unified_softmax_richardson,vector_capacity_cond_precond,row,weak_inverse,K8_cond100_above_H1_dh16_jacobi_linear_richardson,128,0.02,linear_richardson,5.0,,,,0,,,,,,,,8.0,correlated,100.0,1.0,32.0,1.0,16.0,16.0,coordinate,jacobi,none,context,1.285209070921558e-13,0.0087174120126292,0.0219398946501314,6.666913826829535e-14,0.0219398948829621,-0.4905982911586761,-0.4905982837080955,0.947021484375,0.5724043846130371,0.947021484375,0.5724043920636177,0.5178501605987549,0.6762357503175735,8.0,0.72608832269907,8.0,1.0,1.0,1.0,2.3193889697736842e-08,6.227812399117738e-08,8.0,8.0,6.2592737674713135,6.2592737674713135,0.0,0.0,0.281572587788105,1.285209070921558e-13,4.562397094419145e-13,-12.891026217887656,-2.05961242739018,above
data/transformers/runs_unified_softmax_vector_capacity_cond_precond/results.csv,unified_softmax_richardson,vector_capacity_cond_precond,row,weak_inverse,K8_cond100_above_H1_dh16_lowrank_spectral_softmax_vector,128,0.02,softmax_vector,5.0,,,,0,,,,,,,,8.0,correlated,100.0,1.0,32.0,1.0,16.0,16.0,coordinate,lowrank_spectral,none,context,1.25456408284208e-06,0.008825076627545,0.020875051151961,2.306954858255495e-07,0.0208752558100968,-0.5155253186821938,-0.5155209414660931,0.9532470703125,0.5724446251988411,0.953125,0.5724446177482605,1.871367331318652e-06,5.3517334890784696e-05,8.0,0.0006379856131388,8.0,1.0,1.0,1.0,22.36713600158692,0.1892075669020414,8.0,8.0,6.242923021316528,6.242923021316528,4.8507890701293945,4.8507890701293945,0.0001123437396017,1.25456408284208e-06,0.0111829897402986,-5.9015071501214775,-2.054281514974077,above
data/transformers/runs_unified_softmax_vector_capacity_cond_precond/results.csv,unified_softmax_richardson,vector_capacity_cond_precond,row,weak_inverse,K8_cond100_above_H1_dh16_lowrank_spectral_linear_richardson,128,0.02,linear_richardson,5.0,,,,0,,,,,,,,8.0,correlated,100.0,1.0,32.0,1.0,16.0,16.0,coordinate,lowrank_spectral,none,context,1.0716767744219353e-13,0.0087883758824318,0.0213840552605688,6.384750169088538e-14,0.0213840557262301,-0.5037131160497665,-0.5037131123244762,0.946533203125,0.5725405886769295,0.946533203125,0.5725405886769295,1.8156081580400496e-06,4.83503963550902e-05,8.0,0.0006390199414454,8.0,1.0,1.0,1.0,2.3874078047825265e-08,6.416369835449133e-08,8.0,8.0,6.263730525970459,6.263730525970459,0.0,0.0,5.9454853692207654e-12,1.0716767744219353e-13,0.0189830215675095,-12.969936181296154,-2.0560913764016235,above
data/transformers/runs_unified_softmax_vector_capacity_cond_precond/results.csv,unified_softmax_richardson,vector_capacity_cond_precond,row,weak_inverse,K8_cond1000_above_H1_dh16_jacobi_softmax_vector,128,0.02,softmax_vector,5.0,,,,0,,,,,,,,8.0,correlated,1000.0,1.0,32.0,1.0,16.0,16.0,coordinate,jacobi,none,context,5.455796667774848e-06,0.0456499117426574,0.0208861052524298,2.2108103792106706e-07,0.0208858211990445,-0.5151233151555061,-0.5151297226548195,0.95166015625,0.5719281733036041,0.9515380859375,0.5719281807541847,0.5062956362962723,0.659003496170044,8.0,0.732875145971775,8.0,1.0,1.0,1.0,31.764368057250977,0.223823707550764,8.0,8.0,4.962962687015533,4.962962687015533,4.8507901430130005,4.8507901430130005,1.0227454379200935,5.455796667774848e-06,5.343064433761232e-06,-5.263141823782094,-1.3405600577729226,above
data/transformers/runs_unified_softmax_vector_capacity_cond_precond/results.csv,unified_softmax_richardson,vector_capacity_cond_precond,row,weak_inverse,K8_cond1000_above_H1_dh16_jacobi_linear_richardson,128,0.02,linear_richardson,5.0,,,,0,,,,,,,,8.0,correlated,1000.0,1.0,32.0,1.0,16.0,16.0,coordinate,jacobi,none,context,4.1549836826888266e-13,0.044992852024734,0.0213588278274983,7.619085077474957e-14,0.0213588275946676,-0.5040181316435337,-0.504018135368824,0.9517822265625,0.5718448832631111,0.9517822265625,0.5718448758125305,0.505763404071331,0.6673790216445923,8.0,0.7326038256287575,8.0,1.0,1.0,1.0,3.3896887075002275e-08,9.97549989278923e-08,8.0,8.0,5.033270835876465,5.033270835876465,0.0,0.0,1.028526283800602,4.1549836826888266e-13,4.105819283653413e-13,-12.3814306774231,-1.3468564767311573,above
data/transformers/runs_unified_softmax_vector_capacity_cond_precond/results.csv,unified_softmax_richardson,vector_capacity_cond_precond,row,weak_inverse,K8_cond1000_above_H1_dh16_lowrank_spectral_softmax_vector,128,0.02,softmax_vector,5.0,,,,0,,,,,,,,8.0,correlated,1000.0,1.0,32.0,1.0,16.0,16.0,coordinate,lowrank_spectral,none,context,5.33227154164706e-06,0.0451922281645238,0.0211561569012701,2.258009441646891e-07,0.0211582004558295,-0.5092046149075031,-0.5091564133763313,0.951904296875,0.5717880800366402,0.9517822265625,0.5717880800366402,3.5525862131180475e-05,0.0004025512498628,8.0,0.0005024161364417,8.0,1.0,1.0,1.0,33.708309173583984,0.2224274445325136,8.0,8.0,4.917444586753845,4.917444586753845,4.850791931152344,4.850791931152344,0.0006083989355829,5.33227154164706e-06,0.0088116894287962,-5.273087742597235,-1.3449362456194118,above
data/transformers/runs_unified_softmax_vector_capacity_cond_precond/results.csv,unified_softmax_richardson,vector_capacity_cond_precond,row,weak_inverse,K8_cond1000_above_H1_dh16_lowrank_spectral_linear_richardson,128,0.02,linear_richardson,5.0,,,,0,,,,,,,,8.0,correlated,1000.0,1.0,32.0,1.0,16.0,16.0,coordinate,lowrank_spectral,none,context,3.03704954116241e-13,0.0448819417506456,0.0211546195205301,7.580595985055015e-14,0.0211546204518526,-0.5088404081761837,-0.5088403597474098,0.94970703125,0.5719333961606026,0.94970703125,0.5719334110617638,3.4750077247736044e-05,0.0004002679925179,8.0,0.0005011407920392,8.0,1.0,1.0,1.0,3.2283457462867204e-08,9.909108911188016e-08,8.0,8.0,5.058848023414612,5.058848023414612,0.0,0.0,1.8163281156891031e-09,3.03704954116241e-13,0.0001688808345994,-12.517548123696493,-1.3479283622387823,above
data/transformers/runs_unified_softmax_vector_capacity_cond_precond/results.csv,unified_softmax_richardson,vector_capacity_cond_precond,row,weak_inverse,K16_cond10_below_H1_dh8_jacobi_softmax_vector,128,0.02,softmax_vector,5.0,,,,0,,,,,,,,16.0,correlated,10.0,1.0,32.0,1.0,8.0,8.0,coordinate,jacobi,none,context,6.263546481477533e-07,0.0045926346210762,0.0229834704659879,3.7798696084223593e-07,0.0229818315710872,-0.4682857505977154,-0.4683228097856045,0.94580078125,0.5927288681268692,0.9459228515625,0.5927288830280304,0.7075046375393867,0.8013238981366158,16.0,0.604721911251545,8.0,1.0,1.0,0.0,3.51434063911438,0.0513492957688868,8.0,8.0,7.802235305309296,7.802235305309296,4.851468920707703,4.851468920707703,0.2278360575437545,6.263546481477533e-07,2.749765099815256e-06,-6.2031796953502,-2.337938104628318,below
data/transformers/runs_unified_softmax_vector_capacity_cond_precond/results.csv,unified_softmax_richardson,vector_capacity_cond_precond,row,weak_inverse,K16_cond10_below_H1_dh8_jacobi_linear_richardson,128,0.02,linear_richardson,5.0,,,,0,,,,,,,,16.0,correlated,10.0,1.0,32.0,1.0,8.0,8.0,coordinate,jacobi,none,context,0.6242891028523445,0.6287881880998611,0.8300679475069046,0.8063975125551224,0.0235954013187438,16.88957989215851,-0.455209020525217,0.27294921875,0.59247937053442,0.947509765625,0.5924793779850006,0.7071828991174698,0.8007708340883255,16.0,0.6041050255298615,8.0,1.0,1.0,0.0,232029.873046875,201645.826171875,8.0,8.0,7.805797457695007,7.805797457695007,0.0,0.0,0.6300200819969177,0.6242891028523445,0.9909063697174249,-0.2046142457389,-0.20149562519262,below
data/transformers/runs_unified_softmax_vector_capacity_cond_precond/results.csv,unified_softmax_richardson,vector_capacity_cond_precond,row,weak_inverse,K16_cond10_below_H1_dh8_lowrank_spectral_softmax_vector,128,0.02,softmax_vector,5.0,,,,0,,,,,,,,16.0,correlated,10.0,1.0,32.0,1.0,8.0,8.0,coordinate,lowrank_spectral,none,context,1.9321941181260627e-05,0.0046095655416138,0.0227084499783813,4.256854072082206e-05,0.0226877015084028,-0.4737941548228264,-0.4743026494979858,0.95068359375,0.592623881995678,0.950927734375,0.592623881995678,0.8709609806537628,0.9194618463516236,8.0,0.0016828443913254,8.0,1.0,1.0,0.0,3.48545241355896,0.0510968985036015,8.0,8.0,7.807410657405853,7.807410657405853,4.851468563079834,4.851468563079834,0.0995413595810532,1.9321941181260627e-05,0.0001940054854894,-4.713949244278695,-2.336340005580257,below
data/transformers/runs_unified_softmax_vector_capacity_cond_precond/results.csv,unified_softmax_richardson,vector_capacity_cond_precond,row,weak_inverse,K16_cond10_below_H1_dh8_lowrank_spectral_linear_richardson,128,0.02,linear_richardson,5.0,,,,0,,,,,,,,16.0,correlated,10.0,1.0,32.0,1.0,8.0,8.0,coordinate,lowrank_spectral,none,context,0.7697897255420685,0.7739057913422585,0.9920458495616912,0.9698029831051826,0.0224384709727019,20.39016175270081,-0.4800637066364288,0.2567138671875,0.5926975607872009,0.9527587890625,0.5926975607872009,0.8713876307010651,0.9231071397662164,8.0,0.001677309119259,8.0,1.0,1.0,0.0,231833.24609375,226950.71875,8.0,8.0,7.831208646297455,7.831208646297455,0.0,0.0,0.7743125483393669,0.7697897255420685,0.99416828835115,-0.1136278897732054,-0.111311903387368,below
data/transformers/runs_unified_softmax_vector_capacity_cond_precond/results.csv,unified_softmax_richardson,vector_capacity_cond_precond,row,weak_inverse,K16_cond100_below_H1_dh8_jacobi_softmax_vector,128,0.02,softmax_vector,5.0,,,,0,,,,,,,,16.0,correlated,100.0,1.0,32.0,1.0,8.0,8.0,coordinate,jacobi,none,context,6.847768929674203e-07,0.0151843496132642,0.0231427256949245,1.2816524552761166e-07,0.023141905432567,-0.4642265997827053,-0.4642443284392357,0.94873046875,0.5919969007372856,0.948486328125,0.5919969156384468,0.7034666687250137,0.7966700717806816,16.0,0.6064132452011108,8.0,1.0,1.0,0.0,1.203679397702217,0.0171584060881286,8.0,8.0,7.469678521156311,7.469678521156311,4.851834416389465,4.851834416389465,0.3865647204220295,6.847768929674203e-07,1.772704813038811e-06,-6.164450902866614,-1.818603805353857,below
data/transformers/runs_unified_softmax_vector_capacity_cond_precond/results.csv,unified_softmax_richardson,vector_capacity_cond_precond,row,weak_inverse,K16_cond100_below_H1_dh8_jacobi_linear_richardson,128,0.02,linear_richardson,5.0,,,,0,,,,,,,,16.0,correlated,100.0,1.0,32.0,1.0,8.0,8.0,coordinate,jacobi,none,context,1.0776441395282743,1.0923809111118317,1.015326902270317,0.9945648834109306,0.0227207823190838,20.93853259086609,-0.4742056429386139,0.2547607421875,0.5920001119375229,0.9505615234375,0.5920001044869423,0.7035925835371017,0.7944938167929649,16.0,0.60666923224926,8.0,1.0,1.0,0.0,414024.5,364636.25,8.0,8.0,7.488014101982117,7.488014101982117,0.0,0.0,0.791680745780468,1.0776441395282743,1.3612821321732496,0.0324753714686156,0.0383741024240939,below
data/transformers/runs_unified_softmax_vector_capacity_cond_precond/results.csv,unified_softmax_richardson,vector_capacity_cond_precond,row,weak_inverse,K16_cond100_below_H1_dh8_lowrank_spectral_softmax_vector,128,0.02,softmax_vector,5.0,,,,0,,,,,,,,16.0,correlated,100.0,1.0,32.0,1.0,8.0,8.0,coordinate,lowrank_spectral,none,context,0.0210838094353675,0.036297574173659,0.1097658956423401,0.0865144077688455,0.0232750829309225,1.4072116762399671,-0.4616621360182762,0.7225341796875,0.592040054500103,0.9482421875,0.5920400694012642,0.9829866662621498,0.9900520145893096,8.0,0.0011205604823771,8.0,1.0,1.0,0.0,1.2045788615942,0.1451862715184688,8.0,8.0,7.460489511489868,7.460489511489868,4.851834356784821,4.851834356784821,0.1883631721138954,0.0210838094353675,0.111929985770399,-1.6760509177816068,-1.4401223986056908,below
data/transformers/runs_unified_softmax_vector_capacity_cond_precond/results.csv,unified_softmax_richardson,vector_capacity_cond_precond,row,weak_inverse,K16_cond100_below_H1_dh8_lowrank_spectral_linear_richardson,128,0.02,linear_richardson,5.0,,,,0,,,,,,,,16.0,correlated,100.0,1.0,32.0,1.0,8.0,8.0,coordinate,lowrank_spectral,none,context,1.385493054986,1.4022122472524643,1.1924720704555511,1.1705761700868609,0.0226055807434022,24.67143559455872,-0.4766387566924095,0.2359619140625,0.5924715921282768,0.9501953125,0.5924715921282768,0.9829859584569932,0.9904692992568016,8.0,0.0011214043188374,8.0,1.0,1.0,0.0,414758.19921875,412108.40234375,8.0,8.0,7.482035636901855,7.482035636901855,0.0,0.0,1.3714748919010162,1.385493054986,1.0102301109561502,0.1416043531505013,0.1468137560228647,below
data/transformers/runs_unified_softmax_vector_capacity_cond_precond/results.csv,unified_softmax_richardson,vector_capacity_cond_precond,row,weak_inverse,K16_cond1000_below_H1_dh8_jacobi_softmax_vector,128,0.02,softmax_vector,5.0,,,,0,,,,,,,,16.0,correlated,1000.0,1.0,32.0,1.0,8.0,8.0,coordinate,jacobi,none,context,7.152451004799332e-07,0.0634910631924867,0.0226836709771305,3.6363476674239343e-08,0.0226843759883195,-0.4745063856244087,-0.4744925051927566,0.9512939453125,0.5899225547909737,0.9512939453125,0.5899225622415543,0.6852547004818916,0.781755343079567,16.0,0.61713757365942,8.0,1.0,1.0,0.0,0.3914356641471386,0.0052958443993702,8.0,8.0,7.00030505657196,7.00030505657196,4.851969540119171,4.851969540119171,1.0196316987276075,7.152451004799332e-07,7.019067635233232e-07,-6.145545108485044,-1.1972874003667544,below
data/transformers/runs_unified_softmax_vector_capacity_cond_precond/results.csv,unified_softmax_richardson,vector_capacity_cond_precond,row,weak_inverse,K16_cond1000_below_H1_dh8_jacobi_linear_richardson,128,0.02,linear_richardson,5.0,,,,0,,,,,,,,16.0,correlated,1000.0,1.0,32.0,1.0,8.0,8.0,coordinate,jacobi,none,context,2.7309682965278625,2.79216992855072,1.0439027547836304,1.0193266198039057,0.022467243950814,21.723669290542603,-0.4788810759782791,0.2569580078125,0.5901116877794266,0.950927734375,0.5901116654276848,0.6852997988462448,0.7857150807976723,16.0,0.6170393973588943,8.0,1.0,1.0,0.0,598732.296875,535220.03125,8.0,8.0,6.971670091152191,6.971670091152191,0.0,0.0,1.4054831564426422,2.7309682965278625,1.9430342330566863,0.4363166584982373,0.4459418454647996,below
data/transformers/runs_unified_softmax_vector_capacity_cond_precond/results.csv,unified_softmax_richardson,vector_capacity_cond_precond,row,weak_inverse,K16_cond1000_below_H1_dh8_lowrank_spectral_softmax_vector,128,0.02,softmax_vector,5.0,,,,0,,,,,,,,16.0,correlated,1000.0,1.0,32.0,1.0,8.0,8.0,coordinate,lowrank_spectral,none,context,0.0542915794067084,0.118349989876151,0.3280054628849029,0.3080396242439747,0.0226733165327459,6.163626849651337,-0.4744934886693954,0.5634765625,0.5902109742164612,0.94921875,0.5902109816670418,0.9974767416715622,0.9984990134835244,8.0,0.0008351780852535,8.0,1.0,1.0,0.0,0.3880714513361454,0.1436231844127178,8.0,8.0,6.952834844589233,6.952834844589233,4.8519697189331055,4.8519697189331055,0.2613527327775955,0.0542915794067084,0.2077315077545531,-1.265267524016804,-0.9268317748851468,below
data/transformers/runs_unified_softmax_vector_capacity_cond_precond/results.csv,unified_softmax_richardson,vector_capacity_cond_precond,row,weak_inverse,K16_cond1000_below_H1_dh8_lowrank_spectral_linear_richardson,128,0.02,linear_richardson,5.0,,,,0,,,,,,,,16.0,correlated,1000.0,1.0,32.0,1.0,8.0,8.0,coordinate,lowrank_spectral,none,context,3.4187923073768616,3.478553593158722,1.1870372742414474,1.1693381369113922,0.0220229316037148,24.81092476844788,-0.4893069751560688,0.245849609375,0.5901057943701744,0.9534912109375,0.5901057869195938,0.9974707663059236,0.9984540566802024,8.0,0.0008348840492544,8.0,1.0,1.0,0.0,599133.828125,597022.34375,8.0,8.0,6.961822926998138,6.961822926998138,0.0,0.0,3.410412222146988,3.4187923073768616,1.0024514628571823,0.5338727180823694,0.5413986988058728,below
data/transformers/runs_unified_softmax_vector_capacity_cond_precond/results.csv,unified_softmax_richardson,vector_capacity_cond_precond,row,weak_inverse,K16_cond10_at_H1_dh16_jacobi_softmax_vector,128,0.02,softmax_vector,5.0,,,,0,,,,,,,,16.0,correlated,10.0,1.0,32.0,1.0,16.0,16.0,coordinate,jacobi,none,context,6.395602696329661e-07,0.0046137617900967,0.0233240579254925,4.191840154987858e-07,0.0233214274048805,-0.4604355543851852,-0.4604927264153957,0.9454345703125,0.5924527645111084,0.9456787109375,0.592452771961689,0.7069970816373825,0.8052367717027664,16.0,0.6047507226467133,16.0,1.0,1.0,1.0,4.755256175994873,0.0627173664979636,16.0,16.0,14.761335372924805,14.761335372924805,4.850790083408356,4.850790083408356,0.225864790380001,6.395602696329661e-07,2.8323208108133654e-06,-6.194118523060728,-2.3359448319902887,at
data/transformers/runs_unified_softmax_vector_capacity_cond_precond/results.csv,unified_softmax_richardson,vector_capacity_cond_precond,row,weak_inverse,K16_cond10_at_H1_dh16_jacobi_linear_richardson,128,0.02,linear_richardson,5.0,,,,0,,,,,,,,16.0,correlated,10.0,1.0,32.0,1.0,16.0,16.0,coordinate,jacobi,none,context,6.041950897928139e-10,0.0046022774185985,0.0234838791657239,3.5568072619118757e-10,0.0234839003533124,-0.4577663317322731,-0.4577659331262111,0.9482421875,0.5925156325101852,0.9482421875,0.5925156399607658,0.7068081498146057,0.8054769113659859,16.0,0.6050033420324326,16.0,1.0,1.0,1.0,3.694958616851096e-09,1.0567895447621822e-08,16.0,16.0,14.767950654029846,14.767950654029846,0.0,0.0,0.2260710578411817,6.041950897928139e-10,2.6714376346726635e-09,-9.218822808497611,-2.3370272062377304,at
data/transformers/runs_unified_softmax_vector_capacity_cond_precond/results.csv,unified_softmax_richardson,vector_capacity_cond_precond,row,weak_inverse,K16_cond10_at_H1_dh16_lowrank_spectral_softmax_vector,128,0.02,softmax_vector,5.0,,,,0,,,,,,,,16.0,correlated,10.0,1.0,32.0,1.0,16.0,16.0,coordinate,lowrank_spectral,none,context,6.36773243911648e-07,0.0046065711649134,0.0230528966058045,3.958612921906024e-07,0.0230529243126511,-0.466748408973217,-0.466741681098938,0.9476318359375,0.5925101712346077,0.9476318359375,0.5925101637840271,2.819509035134616e-06,1.0500454663997516e-05,16.0,0.0016870639810804,16.0,1.0,1.0,1.0,4.739839851856232,0.0628779325634241,16.0,16.0,14.886670470237732,14.886670470237732,4.850790739059448,4.850790739059448,4.583931558954646e-05,6.36773243911648e-07,0.013900375747361,-6.196015193174991,-2.336622215222949,at
data/transformers/runs_unified_softmax_vector_capacity_cond_precond/results.csv,unified_softmax_richardson,vector_capacity_cond_precond,row,weak_inverse,K16_cond10_at_H1_dh16_lowrank_spectral_linear_richardson,128,0.02,linear_richardson,5.0,,,,0,,,,,,,,16.0,correlated,10.0,1.0,32.0,1.0,16.0,16.0,coordinate,lowrank_spectral,none,context,1.0228680509066997e-13,0.0046049091615714,0.0227431000676006,9.320034639339305e-14,0.0227430984377861,-0.4736886061728,-0.4736886247992515,0.9517822265625,0.5928324982523918,0.9517822265625,0.5928324982523918,2.832093684901338e-06,1.0461433646469231e-05,16.0,0.0016820503224153,16.0,1.0,1.0,1.0,3.677428944692807e-09,1.0806387007455951e-08,16.0,16.0,14.835028052330015,14.835028052330015,0.0,0.0,1.9222497400252225e-12,1.0228680509066997e-13,0.0532459803524902,-12.990180386286946,-2.336778932463308,at
data/transformers/runs_unified_softmax_vector_capacity_cond_precond/results.csv,unified_softmax_richardson,vector_capacity_cond_precond,row,weak_inverse,K16_cond100_at_H1_dh16_jacobi_softmax_vector,128,0.02,softmax_vector,5.0,,,,0,,,,,,,,16.0,correlated,100.0,1.0,32.0,1.0,16.0,16.0,coordinate,jacobi,none,context,1.9820051306851383e-06,0.0152402863604947,0.022716622101143,4.10204570755468e-07,0.0227169753052294,-0.4739523306488991,-0.4739465676248073,0.9468994140625,0.592238113284111,0.9471435546875,0.592238113284111,0.7036449536681175,0.7980917915701866,16.0,0.6062748655676842,16.0,1.0,1.0,1.0,6.1696617603302,0.0706867631524801,16.0,16.0,12.706563115119934,12.706563115119934,4.850790441036224,4.850790441036224,0.3933653943240642,1.9820051306851383e-06,5.042178049200234e-06,-5.7028952256199865,-1.8170068726542707,at
data/transformers/runs_unified_softmax_vector_capacity_cond_precond/results.csv,unified_softmax_richardson,vector_capacity_cond_precond,row,weak_inverse,K16_cond100_at_H1_dh16_jacobi_linear_richardson,128,0.02,linear_richardson,5.0,,,,0,,,,,,,,16.0,correlated,100.0,1.0,32.0,1.0,16.0,16.0,coordinate,jacobi,none,context,1.278870710719193e-09,0.0151750646764412,0.0228968078736215,2.683397757469175e-10,0.0228968488518148,-0.4709174521267414,-0.4709165655076504,0.9483642578125,0.5919871479272842,0.9483642578125,0.5919871479272842,0.7035963907837868,0.8006562814116478,16.0,0.6064083576202393,16.0,1.0,1.0,1.0,6.023073151339986e-09,1.7071950075830955e-08,16.0,16.0,12.64169418811798,12.64169418811798,0.0,0.0,0.3946570456027984,1.278870710719193e-09,3.240959351368112e-09,-8.893173358929783,-1.8188694492766464,at
data/transformers/runs_unified_softmax_vector_capacity_cond_precond/results.csv,unified_softmax_richardson,vector_capacity_cond_precond,row,weak_inverse,K16_cond100_at_H1_dh16_lowrank_spectral_softmax_vector,128,0.02,softmax_vector,5.0,,,,0,,,,,,,,16.0,correlated,100.0,1.0,32.0,1.0,16.0,16.0,coordinate,lowrank_spectral,none,context,1.9709394507572142e-06,0.0153482384048402,0.0229632169939577,4.143894649644153e-07,0.02296007075347,-0.4687281362712383,-0.468793373554945,0.94921875,0.5920921862125397,0.94921875,0.5920921787619591,1.3598331406683428e-05,8.917993272916647e-05,16.0,0.0011212123208679,16.0,1.0,1.0,1.0,5.947067797183991,0.0703027518466115,16.0,16.0,12.722578287124634,12.722578287124634,4.850789904594421,4.850789904594421,0.0001516669653938,1.9709394507572142e-06,0.0129984224982138,-5.705326717479027,-1.8139414635066613,at
data/transformers/runs_unified_softmax_vector_capacity_cond_precond/results.csv,unified_softmax_richardson,vector_capacity_cond_precond,row,weak_inverse,K16_cond100_at_H1_dh16_lowrank_spectral_linear_richardson,128,0.02,linear_richardson,5.0,,,,0,,,,,,,,16.0,correlated,100.0,1.0,32.0,1.0,16.0,16.0,coordinate,lowrank_spectral,none,context,2.0260821083470565e-13,0.0152237140573561,0.0230179298669099,1.0998467693773377e-13,0.023017929168418,-0.4669410474598408,-0.4669410660862922,0.95068359375,0.5920557007193565,0.95068359375,0.5920557156205177,1.3752467339145367e-05,0.0001029465629471,16.0,0.0011186400661244,16.0,1.0,1.0,1.0,5.818167003734942e-09,1.7113119810119315e-08,16.0,16.0,12.701895356178284,12.701895356178284,0.0,0.0,6.990276022952879e-11,2.0260821083470565e-13,0.0029286244655107,-12.693342958541642,-1.8174793818728108,at
data/transformers/runs_unified_softmax_vector_capacity_cond_precond/results.csv,unified_softmax_richardson,vector_capacity_cond_precond,row,weak_inverse,K16_cond1000_at_H1_dh16_jacobi_softmax_vector,128,0.02,softmax_vector,5.0,,,,0,,,,,,,,16.0,correlated,1000.0,1.0,32.0,1.0,16.0,16.0,coordinate,jacobi,none,context,6.732356553129648e-06,0.0635615084320306,0.0233078494202345,3.753017949748028e-07,0.0233065825887024,-0.4607412181794643,-0.4607661068439483,0.9462890625,0.590063713490963,0.9464111328125,0.5900636985898018,0.6852594241499901,0.7831330001354218,16.0,0.6173621788620949,16.0,1.0,1.0,1.0,7.880559980869293,0.0788818579167127,16.0,16.0,10.39034879207611,10.39034879207611,4.850788772106171,4.850788772106171,1.03282218426466,6.732356553129648e-06,6.526752746886935e-06,-5.171832891365829,-1.196805804731905,at
data/transformers/runs_unified_softmax_vector_capacity_cond_precond/results.csv,unified_softmax_richardson,vector_capacity_cond_precond,row,weak_inverse,K16_cond1000_at_H1_dh16_jacobi_linear_richardson,128,0.02,linear_richardson,5.0,,,,0,,,,,,,,16.0,correlated,1000.0,1.0,32.0,1.0,16.0,16.0,coordinate,jacobi,none,context,8.24243950869885e-10,0.0639730030670762,0.0225688898935914,5.5226861278567796e-11,0.0225688964128494,-0.4772992730140686,-0.4772991500794887,0.9486083984375,0.5897855088114738,0.9486083984375,0.5897854939103127,0.6854683384299278,0.7791822254657745,16.0,0.6168433725833893,16.0,1.0,1.0,1.0,8.406721985210197e-09,2.3886431943509482e-08,16.0,16.0,10.289120435714722,10.289120435714722,0.0,0.0,1.026487976312637,8.24243950869885e-10,8.042075180527306e-10,-9.083944231462295,-1.194003261837576,at
data/transformers/runs_unified_softmax_vector_capacity_cond_precond/results.csv,unified_softmax_richardson,vector_capacity_cond_precond,row,weak_inverse,K16_cond1000_at_H1_dh16_lowrank_spectral_softmax_vector,128,0.02,softmax_vector,5.0,,,,0,,,,,,,,16.0,correlated,1000.0,1.0,32.0,1.0,16.0,16.0,coordinate,lowrank_spectral,none,context,6.773237487323058e-06,0.0644117631018161,0.0229840453248471,3.719170180715992e-07,0.0229841156397014,-0.4680771641433239,-0.4680731147527694,0.9482421875,0.5898449420928955,0.9482421875,0.5898449420928955,2.881521049857838e-05,0.0001711476925265,16.0,0.0008346961622009,16.0,1.0,1.0,1.0,8.021383464336395,0.0782368136569857,16.0,16.0,10.312576413154602,10.312576413154602,4.850789546966553,4.850789546966553,0.0005684916541213,6.773237487323058e-06,0.0119478352080989,-5.169203696632567,-1.1910348130175072,at
data/transformers/runs_unified_softmax_vector_capacity_cond_precond/results.csv,unified_softmax_richardson,vector_capacity_cond_precond,row,weak_inverse,K16_cond1000_at_H1_dh16_lowrank_spectral_linear_richardson,128,0.02,linear_richardson,5.0,,,,0,,,,,,,,16.0,correlated,1000.0,1.0,32.0,1.0,16.0,16.0,coordinate,lowrank_spectral,none,context,5.470363203217976e-13,0.0647760042920708,0.0229035215452313,1.726401936311779e-13,0.0229035213124007,-0.4691422805190086,-0.4691422842442989,0.94970703125,0.5900582075119019,0.94970703125,0.5900582075119019,2.862642327272624e-05,0.0001256187179023,16.0,0.0008377718841074,16.0,1.0,1.0,1.0,8.301321074988266e-09,2.3538171189940733e-08,16.0,16.0,10.27993094921112,10.27993094921112,0.0,0.0,4.356471711153276e-10,5.470363203217976e-13,0.00125866612822,-12.26198383784997,-1.188585844955438,at
data/transformers/runs_unified_softmax_vector_capacity_cond_precond/results.csv,unified_softmax_richardson,vector_capacity_cond_precond,row,weak_inverse,K16_cond10_above_H1_dh32_jacobi_softmax_vector,128,0.02,softmax_vector,5.0,,,,0,,,,,,,,16.0,correlated,10.0,1.0,32.0,1.0,32.0,32.0,coordinate,jacobi,none,context,1.600060208772902e-07,0.0046255667111836,0.023145621176809,1.038122139362941e-07,0.0231456665787845,-0.464851152151823,-0.4648492373526096,0.94970703125,0.5922699496150017,0.94970703125,0.5922699496150017,0.707352451980114,0.8027539178729057,16.0,0.6041707545518875,16.0,1.0,1.0,1.0,1.1729391813278198,0.0156785761937499,16.0,16.0,14.815738081932068,14.815738081932068,4.851410329341888,4.851410329341888,0.2255678717046976,1.600060208772902e-07,7.093828862237662e-07,-6.7958636749404135,-2.3348350511493074,above
data/transformers/runs_unified_softmax_vector_capacity_cond_precond/results.csv,unified_softmax_richardson,vector_capacity_cond_precond,row,weak_inverse,K16_cond10_above_H1_dh32_jacobi_linear_richardson,128,0.02,linear_richardson,5.0,,,,0,,,,,,,,16.0,correlated,10.0,1.0,32.0,1.0,32.0,32.0,coordinate,jacobi,none,context,4.755488121344076e-10,0.0046361911226995,0.0224079634062945,4.1033470024598446e-10,0.0224078996106982,-0.4806645736098289,-0.4806659296154976,0.9534912109375,0.5925610661506653,0.9534912109375,0.5925610661506653,0.7075590714812279,0.802422821521759,16.0,0.6041020452976227,16.0,1.0,1.0,1.0,3.720422608877172e-09,1.0604904843170004e-08,16.0,16.0,14.819070219993591,14.819070219993591,0.0,0.0,0.2247078716754913,4.755488121344076e-10,2.117235703509398e-09,-9.322804898805176,-2.333838668950272,above
data/transformers/runs_unified_softmax_vector_capacity_cond_precond/results.csv,unified_softmax_richardson,vector_capacity_cond_precond,row,weak_inverse,K16_cond10_above_H1_dh32_lowrank_spectral_softmax_vector,128,0.02,softmax_vector,5.0,,,,0,,,,,,,,16.0,correlated,10.0,1.0,32.0,1.0,32.0,32.0,coordinate,lowrank_spectral,none,context,1.606097885797908e-07,0.0045893517672084,0.0227987780235707,1.0473257017196148e-07,0.0227975770831108,-0.4722386822104454,-0.4722627848386764,0.952392578125,0.5927141234278679,0.9525146484375,0.5927141234278679,2.8277479202643008e-06,9.358471288578585e-06,16.0,0.0016822617035359,16.0,1.0,1.0,1.0,1.1871135085821152,0.0157111666630953,16.0,16.0,14.840108633041382,14.840108633041382,4.851410627365112,4.851410627365112,1.1359687619005854e-05,1.606097885797908e-07,0.0141495665854936,-6.79422798958884,-2.338248652982489,above
data/transformers/runs_unified_softmax_vector_capacity_cond_precond/results.csv,unified_softmax_richardson,vector_capacity_cond_precond,row,weak_inverse,K16_cond10_above_H1_dh32_lowrank_spectral_linear_richardson,128,0.02,linear_richardson,5.0,,,,0,,,,,,,,16.0,correlated,10.0,1.0,32.0,1.0,32.0,32.0,coordinate,lowrank_spectral,none,context,1.0161751946629813e-13,0.0045808159629814,0.0231605828739702,9.053621008681081e-14,0.023160584969446,-0.4644701518118381,-0.4644701108336448,0.95068359375,0.5928397551178932,0.95068359375,0.5928397476673126,2.821618778625634e-06,1.1443106131991954e-05,16.0,0.0016793646063888,16.0,1.0,1.0,1.0,3.6956035731616765e-09,1.0774958703052562e-08,16.0,16.0,14.795682907104492,14.795682907104492,0.0,0.0,1.8940738734374296e-12,1.0161751946629813e-13,0.0536631346963616,-12.993031410638547,-2.339057155913755,above
data/transformers/runs_unified_softmax_vector_capacity_cond_precond/results.csv,unified_softmax_richardson,vector_capacity_cond_precond,row,weak_inverse,K16_cond100_above_H1_dh32_jacobi_softmax_vector,128,0.02,softmax_vector,5.0,,,,0,,,,,,,,16.0,correlated,100.0,1.0,32.0,1.0,32.0,32.0,coordinate,jacobi,none,context,4.922214671410075e-07,0.0152417320059612,0.0231163054704666,1.047815052501733e-07,0.0231169066391885,-0.4651335962116718,-0.4651197604835033,0.946044921875,0.5921101421117783,0.9459228515625,0.5921101346611977,0.7034241184592247,0.7936031892895699,16.0,0.6064161509275436,16.0,1.0,1.0,1.0,1.5309017598628998,0.0175287500023841,16.0,16.0,12.561822533607485,12.561822533607485,4.85140997171402,4.85140997171402,0.3910060748457908,4.922214671410075e-07,1.2590416808980795e-06,-6.307839449435377,-1.816965678804061,above
data/transformers/runs_unified_softmax_vector_capacity_cond_precond/results.csv,unified_softmax_richardson,vector_capacity_cond_precond,row,weak_inverse,K16_cond100_above_H1_dh32_jacobi_linear_richardson,128,0.02,linear_richardson,5.0,,,,0,,,,,,,,16.0,correlated,100.0,1.0,32.0,1.0,32.0,32.0,coordinate,jacobi,none,context,1.190347216628584e-09,0.0152315647574141,0.0223124166950583,3.01236749086775e-10,0.0223123719915747,-0.4835395850241184,-0.4835406169295311,0.9520263671875,0.5922899693250656,0.9520263671875,0.5922899767756462,0.7031941413879395,0.7948067262768745,16.0,0.6063121855258942,16.0,1.0,1.0,1.0,5.919671586251951e-09,1.7034767152424024e-08,16.0,16.0,12.650963306427002,12.650963306427002,0.0,0.0,0.385032519698143,1.190347216628584e-09,3.09222195696188e-09,-8.924326339220224,-1.8172554787648767,above
data/transformers/runs_unified_softmax_vector_capacity_cond_precond/results.csv,unified_softmax_richardson,vector_capacity_cond_precond,row,weak_inverse,K16_cond100_above_H1_dh32_lowrank_spectral_softmax_vector,128,0.02,softmax_vector,5.0,,,,0,,,,,,,,16.0,correlated,100.0,1.0,32.0,1.0,32.0,32.0,coordinate,lowrank_spectral,none,context,4.88087266603543e-07,0.0150646683759987,0.0222770723048597,1.0066997102597953e-07,0.0222762378398329,-0.4837336279451847,-0.4837509281933307,0.9525146484375,0.5921265259385109,0.95263671875,0.5921265184879303,1.3841811778547708e-05,9.271148883271962e-05,16.0,0.0011220072483411,16.0,1.0,1.0,1.0,1.5455177873373032,0.0175829518120735,16.0,16.0,12.651339173316956,12.651339173316956,4.851409792900085,4.851409792900085,3.8570720334973885e-05,4.88087266603543e-07,0.012665901167082,-6.3115025222266,-1.8220404241671269,above
data/transformers/runs_unified_softmax_vector_capacity_cond_precond/results.csv,unified_softmax_richardson,vector_capacity_cond_precond,row,weak_inverse,K16_cond100_above_H1_dh32_lowrank_spectral_linear_richardson,128,0.02,linear_richardson,5.0,,,,0,,,,,,,,16.0,correlated,100.0,1.0,32.0,1.0,32.0,32.0,coordinate,lowrank_spectral,none,context,2.0361034906712932e-13,0.0150421194266527,0.0230391116347163,1.1559105503143726e-13,0.0230391111690551,-0.466415598988533,-0.4664155952632427,0.951416015625,0.5920903608202934,0.951416015625,0.5920903831720352,1.3683119959750911e-05,9.783991754375164e-05,16.0,0.0011229655356146,16.0,1.0,1.0,1.0,5.846005846077418e-09,1.6676940051141287e-08,16.0,16.0,12.69410252571106,12.69410252571106,0.0,0.0,6.306540662956439e-11,2.0361034906712932e-13,0.0032431222958595,-12.691200151539006,-1.8226909675707577,above
data/transformers/runs_unified_softmax_vector_capacity_cond_precond/results.csv,unified_softmax_richardson,vector_capacity_cond_precond,row,weak_inverse,K16_cond1000_above_H1_dh32_jacobi_softmax_vector,128,0.02,softmax_vector,5.0,,,,0,,,,,,,,16.0,correlated,1000.0,1.0,32.0,1.0,32.0,32.0,coordinate,jacobi,none,context,1.6999902072711848e-06,0.063909372780472,0.0230579145718365,9.173656856376057e-08,0.0230575231835246,-0.4666731618344784,-0.466681495308876,0.948486328125,0.5901051014661789,0.948486328125,0.5901051014661789,0.684736855328083,0.7782601192593575,16.0,0.6178593188524246,16.0,1.0,1.0,1.0,1.94767327606678,0.0196046996861696,16.0,16.0,10.350003242492676,10.350003242492676,4.851410508155823,4.851410508155823,1.0217507556080818,1.6999902072711848e-06,1.6653781049699598e-06,-5.769553580351336,-1.1944354446845316,above
data/transformers/runs_unified_softmax_vector_capacity_cond_precond/results.csv,unified_softmax_richardson,vector_capacity_cond_precond,row,weak_inverse,K16_cond1000_above_H1_dh32_jacobi_linear_richardson,128,0.02,linear_richardson,5.0,,,,0,,,,,,,,16.0,correlated,1000.0,1.0,32.0,1.0,32.0,32.0,coordinate,jacobi,none,context,8.56164597551334e-10,0.0635534096509218,0.0221708184108138,6.370384818613073e-11,0.0221708230674266,-0.4859356097877025,-0.4859355054795742,0.9539794921875,0.5902310535311699,0.9539794921875,0.5902310460805893,0.6851160451769829,0.7828029990196228,16.0,0.6169724017381668,16.0,1.0,1.0,1.0,8.218263181092311e-09,2.3840991181245386e-08,16.0,16.0,10.248425722122192,10.248425722122192,0.0,0.0,1.0217660069465635,8.56164597551334e-10,8.38315033252128e-10,-9.06744273422885,-1.1968611445142614,above
data/transformers/runs_unified_softmax_vector_capacity_cond_precond/results.csv,unified_softmax_richardson,vector_capacity_cond_precond,row,weak_inverse,K16_cond1000_above_H1_dh32_lowrank_spectral_softmax_vector,128,0.02,softmax_vector,5.0,,,,0,,,,,,,,16.0,correlated,1000.0,1.0,32.0,1.0,32.0,32.0,coordinate,lowrank_spectral,none,context,1.687853298903974e-06,0.063041285611689,0.022241476457566,9.413550561276909e-08,0.0222427966073155,-0.4843836799263954,-0.4843544289469719,0.9521484375,0.59030582010746,0.9521484375,0.5903058126568794,2.905156861743308e-05,0.0001579031495566,16.0,0.0008330697819474,16.0,1.0,1.0,1.0,2.01212839782238,0.0197847916278988,16.0,16.0,10.418301105499268,10.418301105499268,4.851409673690796,4.851409673690796,0.0001456705685995,1.687853298903974e-06,0.0115995350084556,-5.772665303116276,-1.2003749387867546,above
data/transformers/runs_unified_softmax_vector_capacity_cond_precond/results.csv,unified_softmax_richardson,vector_capacity_cond_precond,row,weak_inverse,K16_cond1000_above_H1_dh32_lowrank_spectral_linear_richardson,128,0.02,linear_richardson,5.0,,,,0,,,,,,,,16.0,correlated,1000.0,1.0,32.0,1.0,32.0,32.0,coordinate,lowrank_spectral,none,context,5.601683328890043e-13,0.0635590967722237,0.0229292195290327,1.7072003431425637e-13,0.0229292169678956,-0.4694862700998783,-0.4694863371551037,0.949951171875,0.590101420879364,0.949951171875,0.590101420879364,2.8840422828579904e-05,0.0001836254778027,16.0,0.0008338573752553,16.0,1.0,1.0,1.0,8.14565526141564e-09,2.3647760416523056e-08,16.0,16.0,10.336828827857971,10.336828827857971,0.0,0.0,4.5023838129987216e-10,5.601683328890043e-13,0.0012456340679681,-12.251681446102044,-1.1968222831076152,above
data/transformers/runs_unified_softmax_vector_capacity_cond_precond/results.csv,unified_softmax_richardson,vector_capacity_cond_precond,row,weak_inverse,K32_cond10_below_H1_dh16_jacobi_softmax_vector,128,0.02,softmax_vector,5.0,,,,0,,,,,,,,32.0,correlated,10.0,1.0,32.0,1.0,16.0,16.0,coordinate,jacobi,none,context,6.193379135766008e-06,0.0103779081255197,0.0263528435025364,3.9664836606334575e-06,0.0263642235659062,-0.4011560827493667,-0.4009588994085789,0.9508056640625,0.6393280029296875,0.950927734375,0.6393280029296875,0.859082356095314,0.9029015600681304,32.0,0.4835444614291191,16.0,1.0,1.0,0.0,0.4117360599339008,0.0054836374474689,16.0,16.0,15.525755167007446,15.525755167007446,4.851740479469299,4.851740479469299,0.3520678542554378,6.193379135766008e-06,1.7592165284152532e-05,-5.208072333274599,-1.9838901783853984,below
data/transformers/runs_unified_softmax_vector_capacity_cond_precond/results.csv,unified_softmax_richardson,vector_capacity_cond_precond,row,weak_inverse,K32_cond10_below_H1_dh16_jacobi_linear_richardson,128,0.02,linear_richardson,5.0,,,,0,,,,,,,,32.0,correlated,10.0,1.0,32.0,1.0,16.0,16.0,coordinate,jacobi,none,context,0.7532549500465393,0.7640884220600128,0.9062468260526656,0.8737028315663338,0.0261384528130292,15.88146996498108,-0.4044804722070694,0.272705078125,0.639418251812458,0.954833984375,0.6394182667136192,0.8589251786470413,0.9061362370848656,32.0,0.4832813441753387,16.0,1.0,1.0,0.0,60784.85107421875,46046.98583984375,16.0,16.0,15.503398060798643,15.503398060798643,0.0,0.0,0.696740172803402,0.7532549500465393,1.0810907082416628,-0.1230580056608004,-0.1168563809652547,below
data/transformers/runs_unified_softmax_vector_capacity_cond_precond/results.csv,unified_softmax_richardson,vector_capacity_cond_precond,row,weak_inverse,K32_cond10_below_H1_dh16_lowrank_spectral_softmax_vector,128,0.02,softmax_vector,5.0,,,,0,,,,,,,,32.0,correlated,10.0,1.0,32.0,1.0,16.0,16.0,coordinate,lowrank_spectral,none,context,0.0001705483773548,0.0105544575490057,0.0266836548689752,0.0003747613845916,0.0263430259656161,-0.3940690383315086,-0.4003642611205578,0.9500732421875,0.6395491808652878,0.95263671875,0.6395491734147072,0.918062373995781,0.9482823982834816,16.0,0.0029767609667032,16.0,1.0,1.0,0.0,0.4063177779316902,0.0057338717160746,16.0,16.0,15.49976134300232,15.49976134300232,4.851740598678589,4.851740598678589,0.096392860636115,0.0001705483773548,0.0017692813933308,-3.768152408236542,-1.9765640825389263,below
data/transformers/runs_unified_softmax_vector_capacity_cond_precond/results.csv,unified_softmax_richardson,vector_capacity_cond_precond,row,weak_inverse,K32_cond10_below_H1_dh16_lowrank_spectral_linear_richardson,128,0.02,linear_richardson,5.0,,,,0,,,,,,,,32.0,correlated,10.0,1.0,32.0,1.0,16.0,16.0,coordinate,lowrank_spectral,none,context,1.1856766939163208,1.1966913491487503,1.3283919543027878,1.2994994521141052,0.0275380129460245,23.6563367843628,-0.3784729093313217,0.2294921875,0.6397552192211151,0.947998046875,0.6397552117705345,0.9182754755020142,0.9480041936039924,16.0,0.0029760547040496,16.0,1.0,1.0,0.0,61155.09814453125,57647.48095703125,16.0,16.0,15.497773170471191,15.497773170471191,0.0,0.0,1.2561627477407455,1.1856766939163208,0.9438823003031902,0.0739662833034352,0.0779821515371136,below
data/transformers/runs_unified_softmax_vector_capacity_cond_precond/results.csv,unified_softmax_richardson,vector_capacity_cond_precond,row,weak_inverse,K32_cond100_below_H1_dh16_jacobi_softmax_vector,128,0.02,softmax_vector,5.0,,,,0,,,,,,,,32.0,correlated,100.0,1.0,32.0,1.0,16.0,16.0,coordinate,jacobi,none,context,1.0697720540520096e-05,0.0312161247711628,0.0264379251748323,2.630924285540459e-06,0.0264309316407889,-0.3981996960937977,-0.3983158022165298,0.9501953125,0.6372599080204964,0.949951171875,0.6372599080204964,0.8523774370551109,0.898358128964901,32.0,0.4874603003263473,16.0,1.0,1.0,0.0,0.1491920799016952,0.0019658217352116,16.0,16.0,14.88140308856964,14.88140308856964,4.851924896240234,4.851924896240234,0.5194602310657501,1.0697720540520096e-05,2.0603660409119263e-05,-4.970708751486364,-1.5056210120667008,below
data/transformers/runs_unified_softmax_vector_capacity_cond_precond/results.csv,unified_softmax_richardson,vector_capacity_cond_precond,row,weak_inverse,K32_cond100_below_H1_dh16_jacobi_linear_richardson,128,0.02,linear_richardson,5.0,,,,0,,,,,,,,32.0,correlated,100.0,1.0,32.0,1.0,16.0,16.0,coordinate,jacobi,none,context,1.5203244388103485,1.550246149301529,1.0655131340026855,1.0374206006526947,0.0269424291327595,19.01541304588318,-0.3884442448616028,0.26025390625,0.6367222219705582,0.94677734375,0.6367222145199776,0.8520901650190353,0.8980177715420723,32.0,0.4872115068137645,16.0,1.0,1.0,0.0,104249.234375,81316.328125,16.0,16.0,14.860965251922607,14.860965251922607,0.0,0.0,0.8569126352667809,1.5203244388103485,1.774151924265404,0.181936276727447,0.1904006612644813,below
data/transformers/runs_unified_softmax_vector_capacity_cond_precond/results.csv,unified_softmax_richardson,vector_capacity_cond_precond,row,weak_inverse,K32_cond100_below_H1_dh16_lowrank_spectral_softmax_vector,128,0.02,softmax_vector,5.0,,,,0,,,,,,,,32.0,correlated,100.0,1.0,32.0,1.0,16.0,16.0,coordinate,lowrank_spectral,none,context,0.0136273783864453,0.0443925214931368,0.0794786559417843,0.0533895753324031,0.0264511958230286,0.5994720458984375,-0.3990019559860229,0.7982177734375,0.6372614875435829,0.948486328125,0.6372614577412605,0.986900806427002,0.9917882531881332,16.0,0.0019782700692303,16.0,1.0,1.0,0.0,0.1478841435164213,0.0129566376563161,16.0,16.0,14.869839787483215,14.869839787483215,4.851924896240234,4.851924896240234,0.1806768123060464,0.0136273783864453,0.0753988216468728,-1.865587685017116,-1.352690186367854,below
data/transformers/runs_unified_softmax_vector_capacity_cond_precond/results.csv,unified_softmax_richardson,vector_capacity_cond_precond,row,weak_inverse,K32_cond100_below_H1_dh16_lowrank_spectral_linear_richardson,128,0.02,linear_richardson,5.0,,,,0,,,,,,,,32.0,correlated,100.0,1.0,32.0,1.0,16.0,16.0,coordinate,lowrank_spectral,none,context,2.6014399230480194,2.6300359666347504,1.5273507386446,1.5083774477243423,0.0268308925442397,27.516090393066406,-0.3912551514804363,0.2218017578125,0.6372232809662819,0.9501953125,0.6372232809662819,0.9868963360786438,0.9918725863099098,16.0,0.0019819907902274,16.0,1.0,1.0,0.0,106600.64453125,104034.9873046875,16.0,16.0,14.843059182167051,14.843059182167051,0.0,0.0,2.60866779088974,2.6014399230480194,0.9972591663469668,0.4152138008682258,0.4199616876548525,below
data/transformers/runs_unified_softmax_vector_capacity_cond_precond/results.csv,unified_softmax_richardson,vector_capacity_cond_precond,row,weak_inverse,K32_cond1000_below_H1_dh16_jacobi_softmax_vector,128,0.02,softmax_vector,5.0,,,,0,,,,,,,,32.0,correlated,1000.0,1.0,32.0,1.0,16.0,16.0,coordinate,jacobi,none,context,5.7341109140907065e-06,0.1069543454796075,0.026058308314532,6.116020898616625e-07,0.0260551965329796,-0.4047806337475776,-0.4048383235931396,0.951416015625,0.6292619556188583,0.9517822265625,0.6292619407176971,0.8297678977251053,0.881806805729866,32.0,0.5029610395431519,16.0,1.0,1.0,0.0,0.0490438505075871,0.0006520273163914,16.0,16.0,13.954927444458008,13.954927444458008,4.851996421813965,4.851996421813965,1.0399623811244965,5.7341109140907065e-06,5.51428348253257e-06,-5.241533910811981,-0.9708015656555564,below
data/transformers/runs_unified_softmax_vector_capacity_cond_precond/results.csv,unified_softmax_richardson,vector_capacity_cond_precond,row,weak_inverse,K32_cond1000_below_H1_dh16_jacobi_linear_richardson,128,0.02,linear_richardson,5.0,,,,0,,,,,,,,32.0,correlated,1000.0,1.0,32.0,1.0,16.0,16.0,coordinate,jacobi,none,context,3.587067276239395,3.69440034031868,1.0798380598425863,1.0559839084744451,0.0254503516480326,19.724552154541016,-0.4182059317827225,0.2518310546875,0.6296604424715042,0.95654296875,0.6296604499220848,0.8299530595541,0.8815391212701797,32.0,0.5032655447721481,16.0,1.0,1.0,0.0,151785.4140625,122770.203125,16.0,16.0,13.929320335388184,13.929320335388184,0.0,0.0,1.3593590259552002,3.587067276239395,2.6387694204217764,0.5547395220413245,0.5675439555791962,below
data/transformers/runs_unified_softmax_vector_capacity_cond_precond/results.csv,unified_softmax_richardson,vector_capacity_cond_precond,row,weak_inverse,K32_cond1000_below_H1_dh16_lowrank_spectral_softmax_vector,128,0.02,softmax_vector,5.0,,,,0,,,,,,,,32.0,correlated,1000.0,1.0,32.0,1.0,16.0,16.0,coordinate,lowrank_spectral,none,context,0.0280911622103303,0.1333615668118,0.1829651873558759,0.157465947791934,0.0255957858171314,2.607793241739273,-0.4142407663166523,0.6627197265625,0.6293670013546944,0.9501953125,0.629367008805275,0.9972674623131752,0.9981940314173698,16.0,0.0014611814258387,16.0,1.0,1.0,0.0,0.0490671768784523,0.0103573242668062,16.0,16.0,13.856997609138489,13.856997609138489,4.851996421813965,4.851996421813965,0.2526596412062645,0.0280911622103303,0.1112019442638042,-1.5514302924434251,-0.8749693107976149,below
data/transformers/runs_unified_softmax_vector_capacity_cond_precond/results.csv,unified_softmax_richardson,vector_capacity_cond_precond,row,weak_inverse,K32_cond1000_below_H1_dh16_lowrank_spectral_linear_richardson,128,0.02,linear_richardson,5.0,,,,0,,,,,,,,32.0,correlated,1000.0,1.0,32.0,1.0,16.0,16.0,coordinate,lowrank_spectral,none,context,5.672649204730988,5.778040111064911,1.4416092783212662,1.4214798659086227,0.0262357967440038,26.59719729423523,-0.4034581966698169,0.222900390625,0.6297618895769119,0.94970703125,0.6297618895769119,0.9972681254148484,0.9981430545449256,16.0,0.0014588615158572,16.0,1.0,1.0,0.0,156320.787109375,154313.90625,16.0,16.0,13.93030571937561,13.93030571937561,0.0,0.0,5.66189581155777,5.672649204730988,1.0018940206807052,0.7537859277282649,0.7617805523842061,below
data/transformers/runs_unified_softmax_vector_capacity_cond_precond/results.csv,unified_softmax_richardson,vector_capacity_cond_precond,row,weak_inverse,K32_cond10_at_H1_dh32_jacobi_softmax_vector,128,0.02,softmax_vector,5.0,,,,0,,,,,,,,32.0,correlated,10.0,1.0,32.0,1.0,32.0,32.0,coordinate,jacobi,none,context,6.096813706335524e-06,0.0104084260528907,0.0272170761600136,4.291947220735892e-06,0.027203605743125,-0.3833337016403675,-0.383578173816204,0.947021484375,0.639547660946846,0.947021484375,0.639547660946846,0.8585419356822968,0.9054027646780014,32.0,0.4838456511497497,32.0,0.9999999403953552,0.9999999403953552,1.0,0.4910754486918449,0.0062763057067058,32.0,32.0,29.185279369354248,29.185279369354248,4.851410090923309,4.851410090923309,0.352402500808239,6.096813706335524e-06,1.7302433556619633e-05,-5.214897075036562,-1.982614938906849,at
data/transformers/runs_unified_softmax_vector_capacity_cond_precond/results.csv,unified_softmax_richardson,vector_capacity_cond_precond,row,weak_inverse,K32_cond10_at_H1_dh32_jacobi_linear_richardson,128,0.02,linear_richardson,5.0,,,,0,,,,,,,,32.0,correlated,10.0,1.0,32.0,1.0,32.0,32.0,coordinate,jacobi,none,context,6.149855153125827e-06,0.0104425266617909,0.0274134881328791,4.330672936703195e-06,0.0273944686632603,-0.3801337406039238,-0.3804906047880649,0.9454345703125,0.63974529504776,0.9451904296875,0.63974529504776,0.859011173248291,0.90639515966177,32.0,0.4831970371305942,32.0,0.9999999403953552,0.9999999403953552,1.0,2.4370584716937316e-09,4.45610393029483e-09,32.0,32.0,29.16077756881714,29.16077756881714,0.0,0.0,0.3522197119891643,6.149855153125827e-06,1.746374409526596e-05,-5.211135112995149,-1.9811944072235887,at
data/transformers/runs_unified_softmax_vector_capacity_cond_precond/results.csv,unified_softmax_richardson,vector_capacity_cond_precond,row,weak_inverse,K32_cond10_at_H1_dh32_lowrank_spectral_softmax_vector,128,0.02,softmax_vector,5.0,,,,0,,,,,,,,32.0,correlated,10.0,1.0,32.0,1.0,32.0,32.0,coordinate,lowrank_spectral,none,context,2.92789888334255e-07,0.0103883198462426,0.026163695147261,1.9125556427468385e-07,0.0261635952629148,-0.4037473201751709,-0.4037478566169739,0.9510498046875,0.6390447914600372,0.9512939453125,0.639044813811779,7.126703394533251e-06,2.1244227355055045e-05,32.0,0.0029758305754512,32.0,0.9999999403953552,0.9999999403953552,1.0,0.4856618605554104,0.0062460940098389,32.0,32.0,29.20640540122986,29.20640540122986,4.851410150527954,4.851410150527954,2.2326260477711912e-05,2.92789888334255e-07,0.0131163721009907,-6.53344392596223,-1.983454687333088,at
data/transformers/runs_unified_softmax_vector_capacity_cond_precond/results.csv,unified_softmax_richardson,vector_capacity_cond_precond,row,weak_inverse,K32_cond10_at_H1_dh32_lowrank_spectral_linear_richardson,128,0.02,linear_richardson,5.0,,,,0,,,,,,,,32.0,correlated,10.0,1.0,32.0,1.0,32.0,32.0,coordinate,lowrank_spectral,none,context,2.944179086996918e-13,0.0102698639966547,0.0266888355836272,2.4583246984561605e-13,0.026688837679103,-0.3939123228192329,-0.3939123041927814,0.9503173828125,0.6390247344970703,0.9503173828125,0.6390247344970703,7.080043758378452e-06,1.879049227682117e-05,32.0,0.0029747588559985,32.0,0.9999999403953552,0.9999999403953552,1.0,2.430740775327677e-09,4.462507863234322e-09,32.0,32.0,29.19696044921875,29.19696044921875,0.0,0.0,7.989076522725569e-12,2.944179086996918e-13,0.0368552366918513,-12.531035776491802,-1.9884353077068564,at
data/transformers/runs_unified_softmax_vector_capacity_cond_precond/results.csv,unified_softmax_richardson,vector_capacity_cond_precond,row,weak_inverse,K32_cond100_at_H1_dh32_jacobi_softmax_vector,128,0.02,softmax_vector,5.0,,,,0,,,,,,,,32.0,correlated,100.0,1.0,32.0,1.0,32.0,32.0,coordinate,jacobi,none,context,1.1074307735725595e-05,0.0312584878411144,0.0266220741905272,2.9310821219041827e-06,0.0266213514842093,-0.3958216942846775,-0.3958200551569462,0.9495849609375,0.6373413875699043,0.94921875,0.6373413726687431,0.8525204509496689,0.8979253321886063,32.0,0.4875603839755058,32.0,0.9999999403953552,0.9999999403953552,1.0,0.5624781474471092,0.0066324043436907,32.0,32.0,25.10362410545349,25.10362410545349,4.851410210132599,4.851410210132599,0.5192476958036423,1.1074307735725595e-05,2.1328149770897144e-05,-4.955683412369094,-1.5050320352146025,at
data/transformers/runs_unified_softmax_vector_capacity_cond_precond/results.csv,unified_softmax_richardson,vector_capacity_cond_precond,row,weak_inverse,K32_cond100_at_H1_dh32_jacobi_linear_richardson,128,0.02,linear_richardson,5.0,,,,0,,,,,,,,32.0,correlated,100.0,1.0,32.0,1.0,32.0,32.0,coordinate,jacobi,none,context,1.0004300747823436e-05,0.0311725393403321,0.0260442097205668,2.3439435778982443e-06,0.0260396404191851,-0.4067309461534023,-0.4068065769970417,0.953369140625,0.6368213966488838,0.9539794921875,0.6368213966488838,0.8519675880670547,0.8969201147556305,32.0,0.4880946688354015,32.0,0.9999999403953552,0.9999999403953552,1.0,3.767990752745476e-09,6.797893858934145e-09,32.0,32.0,25.13790845870972,25.13790845870972,0.0,0.0,0.516847550868988,1.0004300747823436e-05,1.9358457851041294e-05,-4.999813261048201,-1.5062278183014617,at
data/transformers/runs_unified_softmax_vector_capacity_cond_precond/results.csv,unified_softmax_richardson,vector_capacity_cond_precond,row,weak_inverse,K32_cond100_at_H1_dh32_lowrank_spectral_softmax_vector,128,0.02,softmax_vector,5.0,,,,0,,,,,,,,32.0,correlated,100.0,1.0,32.0,1.0,32.0,32.0,coordinate,lowrank_spectral,none,context,8.182968400660684e-07,0.0312711375299841,0.026677414542064,1.8646614918793605e-07,0.0266780895181,-0.3933402448892593,-0.3933284133672714,0.948974609375,0.6376917213201523,0.948974609375,0.6376917138695717,1.4780167134631483e-05,0.0001231549067597,32.0,0.0019787983328569,32.0,0.9999999403953552,0.9999999403953552,1.0,0.5595894902944565,0.0065887192031368,32.0,32.0,25.22072100639344,25.22072100639344,4.8514100313186646,4.8514100313186646,6.369416951201856e-05,8.182968400660684e-07,0.0128507093312372,-6.087089125891628,-1.504856320419695,at
data/transformers/runs_unified_softmax_vector_capacity_cond_precond/results.csv,unified_softmax_richardson,vector_capacity_cond_precond,row,weak_inverse,K32_cond100_at_H1_dh32_lowrank_spectral_linear_richardson,128,0.02,linear_richardson,5.0,,,,0,,,,,,,,32.0,correlated,100.0,1.0,32.0,1.0,32.0,32.0,coordinate,lowrank_spectral,none,context,7.056386860460409e-13,0.0311022747773677,0.0267493687570095,3.466191939862588e-13,0.0267493692226707,-0.3933066315948963,-0.3933066464960575,0.94873046875,0.6369511634111404,0.94873046875,0.6369511634111404,1.480414880461467e-05,0.0001177740559796,32.0,0.001978402811801,32.0,0.9999999403953552,0.9999999403953552,1.0,3.712542634426441e-09,6.6196675363450205e-09,32.0,32.0,25.11652970314026,25.11652970314026,0.0,0.0,4.817030541809375e-11,7.056386860460409e-13,0.0147210015179224,-12.151417617394715,-1.5072078461136833,at
data/transformers/runs_unified_softmax_vector_capacity_cond_precond/results.csv,unified_softmax_richardson,vector_capacity_cond_precond,row,weak_inverse,K32_cond1000_at_H1_dh32_jacobi_softmax_vector,128,0.02,softmax_vector,5.0,,,,0,,,,,,,,32.0,correlated,1000.0,1.0,32.0,1.0,32.0,32.0,coordinate,jacobi,none,context,7.395135753540671e-06,0.1053168075159192,0.0260830561164766,7.183862962278909e-07,0.0260808262974023,-0.4041287451982498,-0.4041691496968269,0.9495849609375,0.6293239071965218,0.949462890625,0.6293238997459412,0.8299729749560356,0.8808456286787987,32.0,0.5030754953622818,32.0,0.9999999403953552,0.9999999403953552,1.0,0.6473616361618042,0.0071364777395501,32.0,32.0,20.754334449768063,20.754334449768063,4.8514100313186646,4.8514100313186646,1.0394662022590635,7.395135753540671e-06,7.11316904861907e-06,-5.1310538491894055,-0.9775023141997892,at
data/transformers/runs_unified_softmax_vector_capacity_cond_precond/results.csv,unified_softmax_richardson,vector_capacity_cond_precond,row,weak_inverse,K32_cond1000_at_H1_dh32_jacobi_linear_richardson,128,0.02,linear_richardson,5.0,,,,0,,,,,,,,32.0,correlated,1000.0,1.0,32.0,1.0,32.0,32.0,coordinate,jacobi,none,context,5.370639200918959e-06,0.1065906314179301,0.0266981672029942,5.60030770202502e-07,0.026700890623033,-0.3935475051403045,-0.3935002535581589,0.9456787109375,0.6294659823179245,0.9456787109375,0.6294659823179245,0.829780288040638,0.8825599178671837,32.0,0.5031363591551781,32.0,0.9999999403953552,0.9999999403953552,1.0,5.235265332359518e-09,9.229291664247796e-09,32.0,32.0,20.6766324043274,20.6766324043274,0.0,0.0,1.0319726914167404,5.370639200918959e-06,5.204791845731614e-06,-5.269974022510586,-0.9722809651246188,at
data/transformers/runs_unified_softmax_vector_capacity_cond_precond/results.csv,unified_softmax_richardson,vector_capacity_cond_precond,row,weak_inverse,K32_cond1000_at_H1_dh32_lowrank_spectral_softmax_vector,128,0.02,softmax_vector,5.0,,,,0,,,,,,,,32.0,correlated,1000.0,1.0,32.0,1.0,32.0,32.0,coordinate,lowrank_spectral,none,context,2.107724640154629e-06,0.1056777164340019,0.0261037698946893,1.5893293792146326e-07,0.0261057375464588,-0.4037579260766506,-0.4037204571068287,0.947998046875,0.6294199824333191,0.947998046875,0.6294199824333191,2.6874417926592287e-05,8.801291778581799e-05,32.0,0.0014621728478232,32.0,0.9999999403953552,0.9999999403953552,1.0,0.6547650024294853,0.0072118458338081,32.0,32.0,20.54015231132508,20.54015231132508,4.851410567760468,4.851410567760468,0.0001734612706059,2.107724640154629e-06,0.0121634734465863,-5.676186127364933,-0.976016579863884,at
data/transformers/runs_unified_softmax_vector_capacity_cond_precond/results.csv,unified_softmax_richardson,vector_capacity_cond_precond,row,weak_inverse,K32_cond1000_at_H1_dh32_lowrank_spectral_linear_richardson,128,0.02,linear_richardson,5.0,,,,0,,,,,,,,32.0,correlated,1000.0,1.0,32.0,1.0,32.0,32.0,coordinate,lowrank_spectral,none,context,1.8614130148277706e-12,0.1059251120314002,0.0258727439213544,5.908240476720783e-13,0.025872740894556,-0.409890703856945,-0.4098907485604286,0.9493408203125,0.629457876086235,0.9493408203125,0.629457876086235,2.70663729224907e-05,9.715486885397696e-05,32.0,0.0014612743543693,32.0,0.9999999403953552,0.9999999403953552,1.0,5.391778246099932e-09,9.469935391415165e-09,32.0,32.0,20.72226119041443,20.72226119041443,0.0,0.0,2.3982170416214643e-10,1.8614130148277706e-12,0.0077657503220587,-11.730157253865665,-0.9750010679963786,at
data/transformers/runs_unified_softmax_vector_capacity_cond_precond/results.csv,unified_softmax_richardson,vector_capacity_cond_precond,row,weak_inverse,K32_cond10_above_H1_dh64_jacobi_softmax_vector,128,0.02,softmax_vector,5.0,,,,0,,,,,,,,32.0,correlated,10.0,1.0,32.0,1.0,64.0,64.0,coordinate,jacobi,none,context,5.894790774618741e-06,0.0103860483504831,0.0261123317759484,3.992486853121591e-06,0.026105587137863,-0.4045984521508217,-0.4047109894454479,0.9515380859375,0.6396383047103882,0.95166015625,0.63963832706213,0.8587215319275856,0.904385343194008,32.0,0.483668815344572,32.0,0.9999999403953552,0.9999999403953552,1.0,0.1221390767022967,0.0015456662513315,32.0,32.0,29.135416507720947,29.135416507720947,4.851720333099365,4.851720333099365,0.3509312719106674,5.894790774618741e-06,1.679180110876525e-05,-5.229531604825226,-1.9835496599520963,above
data/transformers/runs_unified_softmax_vector_capacity_cond_precond/results.csv,unified_softmax_richardson,vector_capacity_cond_precond,row,weak_inverse,K32_cond10_above_H1_dh64_jacobi_linear_richardson,128,0.02,linear_richardson,5.0,,,,0,,,,,,,,32.0,correlated,10.0,1.0,32.0,1.0,64.0,64.0,coordinate,jacobi,none,context,5.706575905151112e-06,0.0104287265567108,0.0274012933950871,3.5842072350078524e-06,0.0274064322002232,-0.38069873675704,-0.3805888034403324,0.9454345703125,0.6395350620150566,0.9453125,0.6395350694656372,0.858814187347889,0.9030872732400894,32.0,0.4836268723011017,32.0,0.9999999403953552,0.9999999403953552,1.0,2.465470189116914e-09,4.500063210954863e-09,32.0,32.0,29.148115634918213,29.148115634918213,0.0,0.0,0.3509895764291286,5.706575905151112e-06,1.6260560520762018e-05,-5.243624401657529,-1.981768719680689,above
data/transformers/runs_unified_softmax_vector_capacity_cond_precond/results.csv,unified_softmax_richardson,vector_capacity_cond_precond,row,weak_inverse,K32_cond10_above_H1_dh64_lowrank_spectral_softmax_vector,128,0.02,softmax_vector,5.0,,,,0,,,,,,,,32.0,correlated,10.0,1.0,32.0,1.0,64.0,64.0,coordinate,lowrank_spectral,none,context,7.405770663382327e-08,0.0104120541363954,0.0269825828727334,4.9266405177661454e-08,0.0269831318873912,-0.3889322057366371,-0.3889237456023693,0.945068359375,0.6394172608852386,0.9449462890625,0.6394172683358192,7.1060625259633525e-06,2.112811887400312e-05,32.0,0.0029795011214446,32.0,0.9999999403953552,0.9999999403953552,1.0,0.1220824578776955,0.0015598575992044,32.0,32.0,29.18134498596192,29.18134498596192,4.851720333099365,4.851720333099365,5.603834438261401e-06,7.405770663382327e-08,0.0132185058453708,-7.130429740999742,-1.9824635824878216,above
data/transformers/runs_unified_softmax_vector_capacity_cond_precond/results.csv,unified_softmax_richardson,vector_capacity_cond_precond,row,weak_inverse,K32_cond10_above_H1_dh64_lowrank_spectral_linear_richardson,128,0.02,linear_richardson,5.0,,,,0,,,,,,,,32.0,correlated,10.0,1.0,32.0,1.0,64.0,64.0,coordinate,lowrank_spectral,none,context,2.9634044309699763e-13,0.0103889390593394,0.0263127575162798,2.4383126980443304e-13,0.0263127561192959,-0.401404432952404,-0.4014044478535652,0.9501953125,0.6395093649625778,0.9501953125,0.6395093649625778,7.117750101315323e-06,1.863152260739298e-05,32.0,0.002977021242259,32.0,0.9999999403953552,0.9999999403953552,1.0,2.399494380966871e-09,4.465276259857376e-09,32.0,32.0,29.25267004966736,29.25267004966736,0.0,0.0,8.042547422308644e-12,2.9634044309699763e-13,0.0368496011238504,-12.528209074084366,-1.9834288012590524,above
data/transformers/runs_unified_softmax_vector_capacity_cond_precond/results.csv,unified_softmax_richardson,vector_capacity_cond_precond,row,weak_inverse,K32_cond100_above_H1_dh64_jacobi_softmax_vector,128,0.02,softmax_vector,5.0,,,,0,,,,,,,,32.0,correlated,100.0,1.0,32.0,1.0,64.0,64.0,coordinate,jacobi,none,context,1.048983119744662e-05,0.0311212411615997,0.0261383722536265,2.7481972324494564e-06,0.0261347910854965,-0.4043258391320705,-0.4043958745896816,0.9486083984375,0.6375247836112976,0.9483642578125,0.6375247836112976,0.8521360084414482,0.8977019786834717,32.0,0.4879213161766529,32.0,0.9999999403953552,0.9999999403953552,1.0,0.1387189589440822,0.0016650753823341,32.0,32.0,25.278634548187256,25.278634548187256,4.851720333099365,4.851720333099365,0.516784593462944,1.048983119744662e-05,2.029993717563808e-05,-4.979231500424871,-1.5069430910240862,above
data/transformers/runs_unified_softmax_vector_capacity_cond_precond/results.csv,unified_softmax_richardson,vector_capacity_cond_precond,row,weak_inverse,K32_cond100_above_H1_dh64_jacobi_linear_richardson,128,0.02,linear_richardson,5.0,,,,0,,,,,,,,32.0,correlated,100.0,1.0,32.0,1.0,64.0,64.0,coordinate,jacobi,none,context,1.0496949357730044e-05,0.0313119213096797,0.0266694771125912,2.591232117765685e-06,0.0266695427708327,-0.3941173851490021,-0.39409951120615,0.9510498046875,0.6375868767499924,0.9508056640625,0.6375868618488312,0.8523256778717041,0.9003157019615173,32.0,0.487983651459217,32.0,0.9999999403953552,0.9999999403953552,1.0,3.724393821125105e-09,6.822402087713897e-09,32.0,32.0,25.18411493301392,25.18411493301392,0.0,0.0,0.516581654548645,1.0496949357730044e-05,2.0322988954692287e-05,-4.978936898035256,-1.504290283114753,above
data/transformers/runs_unified_softmax_vector_capacity_cond_precond/results.csv,unified_softmax_richardson,vector_capacity_cond_precond,row,weak_inverse,K32_cond100_above_H1_dh64_lowrank_spectral_softmax_vector,128,0.02,softmax_vector,5.0,,,,0,,,,,,,,32.0,correlated,100.0,1.0,32.0,1.0,64.0,64.0,coordinate,lowrank_spectral,none,context,2.064718209737748e-07,0.0310007194057106,0.0266635313164442,4.618769633424336e-08,0.0266635986045002,-0.3954798728227615,-0.3954783976078033,0.94775390625,0.6367387622594833,0.9478759765625,0.6367387622594833,1.4606644413106553e-05,0.0001154642868641,32.0,0.001978918473469,32.0,0.9999999403953552,0.9999999403953552,1.0,0.138600779697299,0.0016602057003183,32.0,32.0,25.14815044403076,25.14815044403076,4.851720094680786,4.851720094680786,1.6071136087703053e-05,2.064718209737748e-07,0.0128488323034018,-6.685139211952715,-1.5086282277687857,above
data/transformers/runs_unified_softmax_vector_capacity_cond_precond/results.csv,unified_softmax_richardson,vector_capacity_cond_precond,row,weak_inverse,K32_cond100_above_H1_dh64_lowrank_spectral_linear_richardson,128,0.02,linear_richardson,5.0,,,,0,,,,,,,,32.0,correlated,100.0,1.0,32.0,1.0,64.0,64.0,coordinate,lowrank_spectral,none,context,7.209725844765577e-13,0.0310303550213575,0.0264414567500352,3.4918561233688097e-13,0.0264414567500352,-0.3987070433795452,-0.3987070433795452,0.94873046875,0.6376001462340355,0.94873046875,0.6376001462340355,1.4571697079190926e-05,0.00012428687387,32.0,0.0019816798740066,32.0,0.9999999403953552,0.9999999403953552,1.0,3.683198301906998e-09,6.742237879109325e-09,32.0,32.0,25.002806425094604,25.002806425094604,0.0,0.0,4.7583039505111335e-11,7.209725844765577e-13,0.0152636011251158,-12.142081249340102,-1.5082132555813348,above
data/transformers/runs_unified_softmax_vector_capacity_cond_precond/results.csv,unified_softmax_richardson,vector_capacity_cond_precond,row,weak_inverse,K32_cond1000_above_H1_dh64_jacobi_softmax_vector,128,0.02,softmax_vector,5.0,,,,0,,,,,,,,32.0,correlated,1000.0,1.0,32.0,1.0,64.0,64.0,coordinate,jacobi,none,context,6.152842047413287e-06,0.1062501007691025,0.0253638566937297,5.81782536812625e-07,0.0253641712479293,-0.4188383296132087,-0.4188300371170044,0.9512939453125,0.6293654143810272,0.951416015625,0.6293654143810272,0.8300580978393555,0.8793164938688278,32.0,0.5029447004199028,32.0,0.9999999403953552,0.9999999403953552,1.0,0.1617648415267467,0.001797294447897,32.0,32.0,20.58246803283692,20.58246803283692,4.851720631122589,4.851720631122589,1.0389228165149689,6.152842047413287e-06,5.9177965863611024e-06,-5.21092423375275,-0.973670649386409,above
data/transformers/runs_unified_softmax_vector_capacity_cond_precond/results.csv,unified_softmax_richardson,vector_capacity_cond_precond,row,weak_inverse,K32_cond1000_above_H1_dh64_jacobi_linear_richardson,128,0.02,linear_richardson,5.0,,,,0,,,,,,,,32.0,correlated,1000.0,1.0,32.0,1.0,64.0,64.0,coordinate,jacobi,none,context,5.657996950958477e-06,0.1066060941666364,0.0251633208245039,5.666889677513609e-07,0.0251655362080782,-0.4230199828743934,-0.4229712262749672,0.952880859375,0.6298525184392929,0.952880859375,0.6298525109887123,0.8301073685288429,0.8816852569580078,32.0,0.503189206123352,32.0,0.9999999403953552,0.9999999403953552,1.0,5.2885044676820314e-09,9.504012132843798e-09,32.0,32.0,20.630841732025143,20.630841732025143,0.0,0.0,1.030509017407894,5.657996950958477e-06,5.490188791937082e-06,-5.247337290916191,-0.9722179680365388,above
data/transformers/runs_unified_softmax_vector_capacity_cond_precond/results.csv,unified_softmax_richardson,vector_capacity_cond_precond,row,weak_inverse,K32_cond1000_above_H1_dh64_lowrank_spectral_softmax_vector,128,0.02,softmax_vector,5.0,,,,0,,,,,,,,32.0,correlated,1000.0,1.0,32.0,1.0,64.0,64.0,coordinate,lowrank_spectral,none,context,5.317907749713413e-07,0.1051028557121753,0.0261293086223304,3.974498197223397e-08,0.026129534933716,-0.4050715863704681,-0.4050655886530876,0.9505615234375,0.6295900121331215,0.9505615234375,0.6295900195837021,2.693138731046929e-05,7.066442276482121e-05,32.0,0.0014614622778026,32.0,0.9999999403953552,0.9999999403953552,1.0,0.1571145094931125,0.0018160837644245,32.0,32.0,20.55438494682312,20.55438494682312,4.8517202734947205,4.8517202734947205,4.24521895183716e-05,5.317907749713413e-07,0.0125301133324163,-6.274259200689655,-0.978385483751104,above
data/transformers/runs_unified_softmax_vector_capacity_cond_precond/results.csv,unified_softmax_richardson,vector_capacity_cond_precond,row,weak_inverse,K32_cond1000_above_H1_dh64_lowrank_spectral_linear_richardson,128,0.02,linear_richardson,5.0,,,,0,,,,,,,,32.0,correlated,1000.0,1.0,32.0,1.0,64.0,64.0,coordinate,lowrank_spectral,none,context,1.838910087029709e-12,0.1060114130377769,0.0249862771015614,6.11051634909644e-13,0.0249862794298678,-0.426396369934082,-0.426396332681179,0.953857421875,0.6295730918645859,0.953857421875,0.6295730844140053,2.692006751203735e-05,9.74835202214308e-05,32.0,0.0014625476906076,32.0,0.9999999403953552,0.9999999403953552,1.0,5.158985405540051e-09,9.24484255815372e-09,32.0,32.0,20.63977527618408,20.63977527618408,0.0,0.0,2.3741946082733717e-10,1.838910087029709e-12,0.0077472164671764,-11.735439504944344,-0.974647376692707,above
data/transformers/runs_unified_vector_vproj_scalar/results.csv,unified_softmax_richardson,vector_vproj_scalar,row,weak_inverse,K8_cond10_below_H1_dh4_scalar_opt_softmax_vector,128,0.02,softmax_vector,5.0,,,,0,,,,,,,,8.0,correlated,10.0,1.0,32.0,1.0,4.0,4.0,coordinate,scalar_opt,none,context,1.4581182313122554e-05,0.0023401295475196,0.0210313720162957,1.650865806368529e-05,0.0210277459118515,-0.5120392888784409,-0.5121316462755203,0.95068359375,0.5725533291697502,0.95166015625,0.5725533291697502,0.8379665538668633,0.905566081404686,0.0,0.0009243422100553,4.0,1.0,1.0,0.0,30.518139362335205,0.4324004426598549,4.0,4.0,3.924143612384796,3.924143612384796,4.850980401039124,4.850980401039124,0.3752400316298008,1.4581182313122554e-05,3.885933287414184e-05,-4.836207259883131,-2.630760099762686,below
data/transformers/runs_unified_vector_vproj_scalar/results.csv,unified_softmax_richardson,vector_vproj_scalar,row,weak_inverse,K8_cond10_below_H1_dh4_scalar_opt_softmax_vector_projected,128,0.02,softmax_vector_projected,5.0,,,,0,,,,,,,,8.0,correlated,10.0,1.0,32.0,1.0,4.0,4.0,coordinate,scalar_opt,none,context,0.5637731328606606,0.5660123229026794,0.822994090616703,0.8017218634486198,0.0213611884973943,17.982529163360596,-0.504764873534441,0.29931640625,0.5724309757351875,0.949462890625,0.5724309831857681,0.8380628302693367,0.9051363840699196,0.0,0.0009241700463462,4.0,1.0,1.0,0.0,934250.984375,870878.8984375,4.0,4.0,3.9182519018650055,3.9182519018650055,4.850980877876282,4.850980877876282,0.7461412698030472,0.5637731328606606,0.7556136377792804,-0.2488956246836182,-0.2471741134930422,below
data/transformers/runs_unified_vector_vproj_scalar/results.csv,unified_softmax_richardson,vector_vproj_scalar,row,weak_inverse,K8_cond10_below_H1_dh4_scalar_opt_linear_richardson,128,0.02,linear_richardson,5.0,,,,0,,,,,,,,8.0,correlated,10.0,1.0,32.0,1.0,4.0,4.0,coordinate,scalar_opt,none,context,0.569792777299881,0.5724250450730324,0.8405215963721275,0.8175558224320412,0.0208003285806626,18.36012578010559,-0.5176995806396008,0.2991943359375,0.5725243613123894,0.950439453125,0.5725243613123894,0.8389681354165077,0.9032669812440872,0.0,0.0009220997453667,4.0,1.0,1.0,0.0,946651.484375,883875.515625,4.0,4.0,3.906875729560852,3.906875729560852,0.0,0.0,0.7494392544031143,0.569792777299881,0.7602601417951023,-0.2442830601837426,-0.2422813729921593,below
data/transformers/runs_unified_vector_vproj_scalar/results.csv,unified_softmax_richardson,vector_vproj_scalar,row,weak_inverse,K8_cond100_below_H1_dh4_scalar_opt_softmax_vector,128,0.02,softmax_vector,5.0,,,,0,,,,,,,,8.0,correlated,100.0,1.0,32.0,1.0,4.0,4.0,coordinate,scalar_opt,none,context,0.0873110331594944,0.0958828181028366,0.1664549857378006,0.1463850848376751,0.0216986411251127,2.8486337661743164,-0.4965257011353969,0.650390625,0.5725784078240395,0.9453125,0.5725784078240395,0.9809386730194092,0.9889948517084122,0.0,0.0006383343279594,4.0,1.0,1.0,0.0,9.500224947929382,1.756875827908516,4.0,4.0,3.753238528966904,3.753238528966904,4.851697325706482,4.851697325706482,0.6482422202825546,0.0873110331594944,0.1347066075598347,-1.058930872703101,-1.018259210052177,below
data/transformers/runs_unified_vector_vproj_scalar/results.csv,unified_softmax_richardson,vector_vproj_scalar,row,weak_inverse,K8_cond100_below_H1_dh4_scalar_opt_softmax_vector_projected,128,0.02,softmax_vector_projected,5.0,,,,0,,,,,,,,8.0,correlated,100.0,1.0,32.0,1.0,4.0,4.0,coordinate,scalar_opt,none,context,0.6978994086384773,0.7066009864211082,0.9131289646029472,0.8913958072662354,0.0211580516770482,20.123998403549194,-0.5089590959250927,0.2921142578125,0.5722941979765892,0.9486083984375,0.5722941905260086,0.9808644726872444,0.9892693907022476,0.0,0.0006407600376405,4.0,1.0,1.0,0.0,1656199.59375,1580352.359375,4.0,4.0,3.726167619228363,3.726167619228363,4.851697325706482,4.851697325706482,0.9273496717214584,0.6978994086384773,0.7525867482309764,-0.1562071696711571,-0.150825760621885,below
data/transformers/runs_unified_vector_vproj_scalar/results.csv,unified_softmax_richardson,vector_vproj_scalar,row,weak_inverse,K8_cond100_below_H1_dh4_scalar_opt_linear_richardson,128,0.02,linear_richardson,5.0,,,,0,,,,,,,,8.0,correlated,100.0,1.0,32.0,1.0,4.0,4.0,coordinate,scalar_opt,none,context,0.702211856842041,0.7113437652587891,1.0004922524094582,0.9764091670513152,0.0212621206883341,22.069805145263672,-0.5062022060155869,0.2860107421875,0.5725242272019386,0.948486328125,0.5725242346525192,0.9808809757232666,0.9892594218254088,0.0,0.000640290636511,4.0,1.0,1.0,0.0,1684342.40625,1606245.34375,4.0,4.0,3.743555784225464,3.743555784225464,0.0,0.0,0.9311183914542198,0.702211856842041,0.7541980091324465,-0.153531841749623,-0.1479204706137222,below
data/transformers/runs_unified_vector_vproj_scalar/results.csv,unified_softmax_richardson,vector_vproj_scalar,row,weak_inverse,K8_cond1000_below_H1_dh4_scalar_opt_softmax_vector,128,0.02,softmax_vector,5.0,,,,0,,,,,,,,8.0,correlated,1000.0,1.0,32.0,1.0,4.0,4.0,coordinate,scalar_opt,none,context,0.330664299428463,0.3734542280435562,0.5922191962599754,0.5707874149084091,0.0220975182019174,12.720924258232117,-0.4871173612773418,0.474853515625,0.5718467384576797,0.9451904296875,0.5718467459082603,0.9976120814681052,0.9985750541090964,0.0,0.0005007965664844,4.0,1.0,1.0,0.0,2.9157519340515137,1.8095795214176176,4.0,4.0,3.495218634605408,3.495218634605408,4.851936399936676,4.851936399936676,0.7397142946720123,0.330664299428463,0.4470099184522502,-0.4806126916849471,-0.4277626193539428,below
data/transformers/runs_unified_vector_vproj_scalar/results.csv,unified_softmax_richardson,vector_vproj_scalar,row,weak_inverse,K8_cond1000_below_H1_dh4_scalar_opt_softmax_vector_projected,128,0.02,softmax_vector_projected,5.0,,,,0,,,,,,,,8.0,correlated,1000.0,1.0,32.0,1.0,4.0,4.0,coordinate,scalar_opt,none,context,0.7966739684343338,0.8438543751835823,0.9772385433316232,0.958375059068203,0.0212481126654893,21.609087467193604,-0.5069625526666641,0.293212890625,0.5716959312558174,0.951171875,0.5716959312558174,0.9976124987006189,0.998565748333931,0.0,0.0005014444541302,4.0,1.0,1.0,0.0,2378477.46875,2333453.375,4.0,4.0,3.4735938012599945,3.4735938012599945,4.851936221122742,4.851936221122742,0.9350849166512488,0.7966739684343338,0.8520074918555629,-0.0987193733076664,-0.0737324935531721,below
data/transformers/runs_unified_vector_vproj_scalar/results.csv,unified_softmax_richardson,vector_vproj_scalar,row,weak_inverse,K8_cond1000_below_H1_dh4_scalar_opt_linear_richardson,128,0.02,linear_richardson,5.0,,,,0,,,,,,,,8.0,correlated,1000.0,1.0,32.0,1.0,4.0,4.0,coordinate,scalar_opt,none,context,0.8078638538718224,0.853833444416523,1.023721657693386,1.0045699328184128,0.0211964221671223,22.704766511917114,-0.5083790011703968,0.293701171875,0.5716774612665176,0.950439453125,0.5716774612665176,0.9976039454340936,0.9985886216163636,0.0,0.0005027244624216,4.0,1.0,1.0,0.0,2389061.625,2341912.6875,4.0,4.0,3.472662538290024,3.472662538290024,0.0,0.0,0.9417014122009276,0.8078638538718224,0.8578616860304664,-0.0926618230053446,-0.0686268380058621,below
data/transformers/runs_unified_vector_vproj_scalar/results.csv,unified_softmax_richardson,vector_vproj_scalar,row,weak_inverse,K8_cond10_at_H1_dh8_scalar_opt_softmax_vector,128,0.02,softmax_vector,5.0,,,,0,,,,,,,,8.0,correlated,10.0,1.0,32.0,1.0,8.0,8.0,coordinate,scalar_opt,none,context,1.7490764321337338e-05,0.0023111305490601,0.0215318449772894,2.439798299747053e-05,0.0215190986637026,-0.500590093433857,-0.5008860044181347,0.9471435546875,0.5723287016153336,0.946533203125,0.5723287016153336,0.8377131745219231,0.905405044555664,0.0,0.0009235579927917,8.0,1.0,1.0,1.0,55.6534161567688,0.6349851489067078,8.0,8.0,7.466701507568359,7.466701507568359,4.849550902843475,4.849550902843475,0.3789949379861355,1.7490764321337338e-05,4.614242446179631e-05,-4.75719121206012,-2.6361755217925884,at
data/transformers/runs_unified_vector_vproj_scalar/results.csv,unified_softmax_richardson,vector_vproj_scalar,row,weak_inverse,K8_cond10_at_H1_dh8_scalar_opt_softmax_vector_projected,128,0.02,softmax_vector_projected,5.0,,,,0,,,,,,,,8.0,correlated,10.0,1.0,32.0,1.0,8.0,8.0,coordinate,scalar_opt,none,context,1.74790482105891e-05,0.0023074483033269,0.0214097872376441,2.5696341708680848e-05,0.021355708129704,-0.5032995939254761,-0.504545945674181,0.94873046875,0.5726349428296089,0.9493408203125,0.5726349428296089,0.8382864221930504,0.9068188592791556,0.0,0.0009236039113602,8.0,1.0,1.0,1.0,55.91935443878174,0.6332118287682533,8.0,8.0,7.422008812427521,7.422008812427521,4.849551200866699,4.849551200866699,0.3741983771324157,1.74790482105891e-05,4.6783999705669886e-05,-4.757482219764727,-2.6368680202397905,at
data/transformers/runs_unified_vector_vproj_scalar/results.csv,unified_softmax_richardson,vector_vproj_scalar,row,weak_inverse,K8_cond10_at_H1_dh8_scalar_opt_linear_richardson,128,0.02,linear_richardson,5.0,,,,0,,,,,,,,8.0,correlated,10.0,1.0,32.0,1.0,8.0,8.0,coordinate,scalar_opt,none,context,1.3166520488994138e-05,0.0023411757720168,0.0211359784007072,1.5572564961985336e-05,0.0211342482361942,-0.5094631798565388,-0.5094926245510578,0.9483642578125,0.5725874826312065,0.9486083984375,0.5725875049829483,0.8390878736972809,0.9038669168949128,0.0,0.0009210891512339,8.0,1.0,1.0,1.0,1.4705598183617496e-08,4.223842031692016e-08,8.0,8.0,7.397553622722626,7.397553622722626,0.0,0.0,0.3782153502106666,1.3166520488994138e-05,3.478323858601467e-05,-4.880528980701478,-2.630565978891458,at
data/transformers/runs_unified_vector_vproj_scalar/results.csv,unified_softmax_richardson,vector_vproj_scalar,row,weak_inverse,K8_cond100_at_H1_dh8_scalar_opt_softmax_vector,128,0.02,softmax_vector,5.0,,,,0,,,,,,,,8.0,correlated,100.0,1.0,32.0,1.0,8.0,8.0,coordinate,scalar_opt,none,context,0.1153891468420624,0.1238987008109688,0.2717299722135067,0.2482993435114622,0.0216275833081454,5.288567304611206,-0.4979134127497673,0.610595703125,0.5723866745829582,0.9476318359375,0.5723866522312164,0.9808737486600876,0.9898222461342812,0.0,0.0006402658909792,8.0,1.0,1.0,1.0,90.12647247314452,59.29525804519653,8.0,8.0,6.227797627449036,6.227797627449036,4.849552690982819,4.849552690982819,0.6534186974167824,0.1153891468420624,0.1765738439241961,-0.937835037699038,-0.9069332475673214,at
data/transformers/runs_unified_vector_vproj_scalar/results.csv,unified_softmax_richardson,vector_vproj_scalar,row,weak_inverse,K8_cond100_at_H1_dh8_scalar_opt_softmax_vector_projected,128,0.02,softmax_vector_projected,5.0,,,,0,,,,,,,,8.0,correlated,100.0,1.0,32.0,1.0,8.0,8.0,coordinate,scalar_opt,none,context,0.1094402894377708,0.1177879851311445,0.2487934865057468,0.2280511204153299,0.0213777790777385,4.7547942996025085,-0.5041580274701118,0.6192626953125,0.5725012347102165,0.94970703125,0.5725012272596359,0.9808773547410964,0.9895281344652176,0.0,0.0006400714482879,8.0,1.0,1.0,1.0,85.57083511352539,53.23820972442627,8.0,8.0,6.217045247554779,6.217045247554779,4.849552154541016,4.849552154541016,0.6389640346169472,0.1094402894377708,0.1712698751455198,-0.9608227670397071,-0.9288990071496318,at
data/transformers/runs_unified_vector_vproj_scalar/results.csv,unified_softmax_richardson,vector_vproj_scalar,row,weak_inverse,K8_cond100_at_H1_dh8_scalar_opt_linear_richardson,128,0.02,linear_richardson,5.0,,,,0,,,,,,,,8.0,correlated,100.0,1.0,32.0,1.0,8.0,8.0,coordinate,scalar_opt,none,context,0.0871614264324307,0.095712243579328,0.1608788277953863,0.1408859957009554,0.0210518210660666,2.723243534564972,-0.5117212794721127,0.6536865234375,0.5723182782530785,0.9508056640625,0.5723182782530785,0.9808673560619354,0.9890405535697936,0.0,0.0006400358324754,8.0,1.0,1.0,1.0,2.306392943296488e-08,1.1423079282479877e-07,8.0,8.0,6.284929573535919,6.284929573535919,0.0,0.0,0.6565211862325668,0.0871614264324307,0.1327830344812659,-1.0596756709606103,-1.0190325034057188,at
data/transformers/runs_unified_vector_vproj_scalar/results.csv,unified_softmax_richardson,vector_vproj_scalar,row,weak_inverse,K8_cond1000_at_H1_dh8_scalar_opt_softmax_vector,128,0.02,softmax_vector,5.0,,,,0,,,,,,,,8.0,correlated,1000.0,1.0,32.0,1.0,8.0,8.0,coordinate,scalar_opt,none,context,0.4371424131095409,0.4810133092105388,1.112242430448532,1.0848094820976255,0.0213985880836844,24.777692317962646,-0.5034314803779125,0.4293212890625,0.5715573504567146,0.9493408203125,0.5715573281049728,0.9976089373230934,0.998573675751686,0.0,0.0005022457262384,8.0,1.0,1.0,1.0,131.53232669830322,390.4065399169922,8.0,8.0,4.985872983932495,4.985872983932495,4.849552750587463,4.849552750587463,0.7490349188446999,0.4371424131095409,0.5835572001385976,-0.3593770546729443,-0.317842906917791,at
data/transformers/runs_unified_vector_vproj_scalar/results.csv,unified_softmax_richardson,vector_vproj_scalar,row,weak_inverse,K8_cond1000_at_H1_dh8_scalar_opt_softmax_vector_projected,128,0.02,softmax_vector_projected,5.0,,,,0,,,,,,,,8.0,correlated,1000.0,1.0,32.0,1.0,8.0,8.0,coordinate,scalar_opt,none,context,0.4396702200174331,0.4840991534292698,1.1858887076377869,1.1600891947746277,0.0212794241961091,26.396028757095337,-0.506327573210001,0.435302734375,0.5719150453805923,0.9517822265625,0.5719150379300117,0.9976083040237428,0.9985922053456306,0.0,0.0005015136339352,8.0,1.0,1.0,1.0,138.42177772521973,387.9413414001465,8.0,8.0,5.062764883041382,5.062764883041382,4.849549472332001,4.849549472332001,0.7482488825917244,0.4396702200174331,0.5875843282230979,-0.3568729492542808,-0.3150656768330168,at
data/transformers/runs_unified_vector_vproj_scalar/results.csv,unified_softmax_richardson,vector_vproj_scalar,row,weak_inverse,K8_cond1000_at_H1_dh8_scalar_opt_linear_richardson,128,0.02,linear_richardson,5.0,,,,0,,,,,,,,8.0,correlated,1000.0,1.0,32.0,1.0,8.0,8.0,coordinate,scalar_opt,none,context,0.3259395249187946,0.3716612458229065,0.541263036429882,0.5180973075330257,0.0215739591512829,11.55885624885559,-0.4992908053100109,0.48681640625,0.5718495845794678,0.9482421875,0.5718495845794678,0.9976110383868216,0.9986109882593156,0.0,0.0005012988767703,8.0,1.0,1.0,1.0,3.148486604764855e-08,2.687906359710724e-07,8.0,8.0,5.010018706321716,5.010018706321716,0.0,0.0,0.7327910512685776,0.3259395249187946,0.4447810480260665,-0.4868629718045479,-0.4298527216665172,at
data/transformers/runs_unified_vector_vproj_scalar/results.csv,unified_softmax_richardson,vector_vproj_scalar,row,weak_inverse,K8_cond10_above_H1_dh16_scalar_opt_softmax_vector,128,0.02,softmax_vector,5.0,,,,0,,,,,,,,8.0,correlated,10.0,1.0,32.0,1.0,16.0,16.0,coordinate,scalar_opt,none,context,1.344114707535482e-05,0.0022973706945776,0.0212212447077035,1.695858736638911e-05,0.0211984319612383,-0.5078262574970722,-0.5083504132926464,0.9510498046875,0.5725461840629578,0.951416015625,0.572546198964119,0.8375974223017693,0.9048144742846488,0.0,0.0009244117536582,8.0,1.0,1.0,1.0,14.040614485740662,0.1601291839033365,8.0,8.0,7.415403842926025,7.415403842926025,4.850791394710541,4.850791394710541,0.3779421523213386,1.344114707535482e-05,3.556476568457631e-05,-4.871563666755458,-2.6387689231243194,above
data/transformers/runs_unified_vector_vproj_scalar/results.csv,unified_softmax_richardson,vector_vproj_scalar,row,weak_inverse,K8_cond10_above_H1_dh16_scalar_opt_softmax_vector_projected,128,0.02,softmax_vector_projected,5.0,,,,0,,,,,,,,8.0,correlated,10.0,1.0,32.0,1.0,16.0,16.0,coordinate,scalar_opt,none,context,1.4741259519723826e-05,0.0023062051623128,0.0213068225421011,2.042417713710165e-05,0.0212912142742425,-0.5059307552874088,-0.5062827356159687,0.950439453125,0.5723444074392319,0.950927734375,0.5723444074392319,0.8385323658585548,0.9073194339871408,0.0,0.0009232565789716,8.0,1.0,1.0,1.0,14.151567816734314,0.1587778739631176,8.0,8.0,7.410301625728607,7.410301625728607,4.850790560245514,4.850790560245514,0.3809533827006817,1.4741259519723826e-05,3.872238955106274e-05,-4.831465407990074,-2.637102060052165,above
data/transformers/runs_unified_vector_vproj_scalar/results.csv,unified_softmax_richardson,vector_vproj_scalar,row,weak_inverse,K8_cond10_above_H1_dh16_scalar_opt_linear_richardson,128,0.02,linear_richardson,5.0,,,,0,,,,,,,,8.0,correlated,10.0,1.0,32.0,1.0,16.0,16.0,coordinate,scalar_opt,none,context,1.2881877751169668e-05,0.0023124868457671,0.0207168483175337,1.7672159742687654e-05,0.0206962160300463,-0.5196101330220699,-0.5200868956744671,0.955810546875,0.5726303830742836,0.955322265625,0.5726303905248642,0.8383106514811516,0.9035587012767792,0.0,0.0009225644389516,8.0,1.0,1.0,1.0,1.4672433601425894e-08,4.205471304530306e-08,8.0,8.0,7.413522601127624,7.413522601127624,0.0,0.0,0.38010423630476,1.2881877751169668e-05,3.38567936955711e-05,-4.8900208266087954,-2.6359207290006053,above
data/transformers/runs_unified_vector_vproj_scalar/results.csv,unified_softmax_richardson,vector_vproj_scalar,row,weak_inverse,K8_cond100_above_H1_dh16_scalar_opt_softmax_vector,128,0.02,softmax_vector,5.0,,,,0,,,,,,,,8.0,correlated,100.0,1.0,32.0,1.0,16.0,16.0,coordinate,scalar_opt,none,context,0.0947682233527302,0.1033298252150416,0.2089478615671396,0.1883648950606584,0.0210446787532418,3.8265780210495,-0.5119231641292572,0.630615234375,0.5725633278489113,0.952392578125,0.5725633352994919,0.9809509813785552,0.9896907582879066,0.0,0.0006389277623384,8.0,1.0,1.0,1.0,22.09318900108337,8.01021933555603,8.0,8.0,6.242873251438141,6.242873251438141,4.850789308547974,4.850789308547974,0.6429470703005791,0.0947682233527302,0.1473931665007268,-1.0233372611430274,-0.9857743052300209,above
data/transformers/runs_unified_vector_vproj_scalar/results.csv,unified_softmax_richardson,vector_vproj_scalar,row,weak_inverse,K8_cond100_above_H1_dh16_scalar_opt_softmax_vector_projected,128,0.02,softmax_vector_projected,5.0,,,,0,,,,,,,,8.0,correlated,100.0,1.0,32.0,1.0,16.0,16.0,coordinate,scalar_opt,none,context,0.0949519099667668,0.1036606319248676,0.1914192792028188,0.170558338984847,0.020971156656742,3.426321893930435,-0.5132676176726818,0.6407470703125,0.5722760856151581,0.9525146484375,0.5722760856151581,0.980942852795124,0.9891777634620668,0.0,0.0006391251445165,8.0,1.0,1.0,1.0,21.47446870803833,7.453848898410797,8.0,8.0,6.236991286277771,6.236991286277771,4.850790560245514,4.850790560245514,0.6482403799891472,0.0949519099667668,0.146430753835259,-1.0224962949639853,-0.984386147988804,above
data/transformers/runs_unified_vector_vproj_scalar/results.csv,unified_softmax_richardson,vector_vproj_scalar,row,weak_inverse,K8_cond100_above_H1_dh16_scalar_opt_linear_richardson,128,0.02,linear_richardson,5.0,,,,0,,,,,,,,8.0,correlated,100.0,1.0,32.0,1.0,16.0,16.0,coordinate,scalar_opt,none,context,0.087365205399692,0.0954061141237616,0.1794252842664718,0.1562244109809398,0.0216140942648053,3.1447443664073944,-0.4983935579657554,0.6505126953125,0.5725457221269608,0.9483642578125,0.572545737028122,0.9808768630027772,0.989344485104084,0.0,0.0006400367274181,8.0,1.0,1.0,1.0,2.3987690278559626e-08,1.2077303068736e-07,8.0,8.0,6.203248202800751,6.203248202800751,0.0,0.0,0.6523794159293175,0.087365205399692,0.1339088501883816,-1.0586614977046638,-1.0204237925377728,above
data/transformers/runs_unified_vector_vproj_scalar/results.csv,unified_softmax_richardson,vector_vproj_scalar,row,weak_inverse,K8_cond1000_above_H1_dh16_scalar_opt_softmax_vector,128,0.02,softmax_vector,5.0,,,,0,,,,,,,,8.0,correlated,1000.0,1.0,32.0,1.0,16.0,16.0,coordinate,scalar_opt,none,context,0.3636205904185772,0.4102012142539024,0.7316557988524437,0.7099863588809967,0.021477215224877,15.946421146392822,-0.501602616161108,0.451904296875,0.5716541334986687,0.944580078125,0.5716541409492493,0.9976034834980964,0.9985438212752342,0.0,0.0005022333934903,8.0,1.0,1.0,1.0,34.055110454559326,49.21699523925781,8.0,8.0,5.070757567882538,5.070757567882538,4.85079038143158,4.85079038143158,0.7443883121013641,0.3636205904185772,0.4884734676769576,-0.4393515323478165,-0.3870030583923504,above
data/transformers/runs_unified_vector_vproj_scalar/results.csv,unified_softmax_richardson,vector_vproj_scalar,row,weak_inverse,K8_cond1000_above_H1_dh16_scalar_opt_softmax_vector_projected,128,0.02,softmax_vector_projected,5.0,,,,0,,,,,,,,8.0,correlated,1000.0,1.0,32.0,1.0,16.0,16.0,coordinate,scalar_opt,none,context,0.3616119772195816,0.4049788191914558,0.7109881415963173,0.6883625015616417,0.0216050564777106,15.504392743110657,-0.4986572451889515,0.447509765625,0.5717674195766449,0.9490966796875,0.5717674195766449,0.9976104125380516,0.9985612481832504,0.0,0.000501421665831,8.0,1.0,1.0,1.0,32.91787528991699,43.69572401046753,8.0,8.0,5.018684148788452,5.018684148788452,4.850788950920105,4.850788950920105,0.7400630488991737,0.3616119772195816,0.4886649471777032,-0.4417571933675034,-0.3925676902392073,above
data/transformers/runs_unified_vector_vproj_scalar/results.csv,unified_softmax_richardson,vector_vproj_scalar,row,weak_inverse,K8_cond1000_above_H1_dh16_scalar_opt_linear_richardson,128,0.02,linear_richardson,5.0,,,,0,,,,,,,,8.0,correlated,1000.0,1.0,32.0,1.0,16.0,16.0,coordinate,scalar_opt,none,context,0.3279169797897339,0.3705994300544262,0.5220062285661697,0.5022392868995667,0.0203421548940241,11.110124826431274,-0.5283216685056686,0.4853515625,0.571737565100193,0.953125,0.5717375725507736,0.997609667479992,0.9986006394028664,0.0,0.0005007475774618,8.0,1.0,1.0,1.0,3.259145309186806e-08,2.79946963388511e-07,8.0,8.0,4.974960446357727,4.974960446357727,0.0,0.0,0.7394171804189682,0.3279169797897339,0.4434435529348017,-0.484236094650975,-0.4310952529189238,above
data/transformers/runs_unified_vector_vproj_scalar/results.csv,unified_softmax_richardson,vector_vproj_scalar,row,weak_inverse,K16_cond10_below_H1_dh8_scalar_opt_softmax_vector,128,0.02,softmax_vector,5.0,,,,0,,,,,,,,16.0,correlated,10.0,1.0,32.0,1.0,8.0,8.0,coordinate,scalar_opt,none,context,4.241020178596955e-05,0.0046470601810142,0.0229427034500986,4.980510493624024e-05,0.0228671082295477,-0.4694905877113342,-0.4711102545261383,0.95068359375,0.5925814509391785,0.9510498046875,0.5925814434885979,0.8711643442511559,0.9232149422168732,0.0,0.0016805411869427,8.0,1.0,1.0,0.0,3.5161861181259155,0.051176210399717,8.0,8.0,7.80773538351059,7.80773538351059,4.8514683842659,4.8514683842659,0.3718226328492164,4.241020178596955e-05,0.0001140532119687,-4.37252966118036,-2.332821703223055,below
data/transformers/runs_unified_vector_vproj_scalar/results.csv,unified_softmax_richardson,vector_vproj_scalar,row,weak_inverse,K16_cond10_below_H1_dh8_scalar_opt_softmax_vector_projected,128,0.02,softmax_vector_projected,5.0,,,,0,,,,,,,,16.0,correlated,10.0,1.0,32.0,1.0,8.0,8.0,coordinate,scalar_opt,none,context,0.6311834827065468,0.6357512250542641,0.8595831096172333,0.836924284696579,0.0233275878708809,17.52532935142517,-0.460869088768959,0.2713623046875,0.5928727015852928,0.945068359375,0.5928726866841316,0.8707301914691925,0.918725237250328,0.0,0.0016828101797727,8.0,1.0,1.0,0.0,231824.6171875,201951.412109375,8.0,8.0,7.808576285839081,7.808576285839081,4.851467967033386,4.851467967033386,0.7623254805803299,0.6311834827065468,0.8279359318256095,-0.1998443746010141,-0.1967127942921759,below
data/transformers/runs_unified_vector_vproj_scalar/results.csv,unified_softmax_richardson,vector_vproj_scalar,row,weak_inverse,K16_cond10_below_H1_dh8_scalar_opt_linear_richardson,128,0.02,linear_richardson,5.0,,,,0,,,,,,,,16.0,correlated,10.0,1.0,32.0,1.0,8.0,8.0,coordinate,scalar_opt,none,context,0.6213682368397713,0.6263162791728973,0.837895892560482,0.8145119324326515,0.0227407712955027,17.044139862060547,-0.4735979810357094,0.2784423828125,0.5926564261317253,0.9510498046875,0.5926564335823059,0.8711849302053452,0.9219904094934464,0.0,0.0016798671276774,8.0,1.0,1.0,0.0,229807.123046875,199596.52734375,8.0,8.0,7.811496317386627,7.811496317386627,0.0,0.0,0.7527792751789093,0.6213682368397713,0.8254569366945197,-0.2066509508199968,-0.2032062999974347,below
data/transformers/runs_unified_vector_vproj_scalar/results.csv,unified_softmax_richardson,vector_vproj_scalar,row,weak_inverse,K16_cond100_below_H1_dh8_scalar_opt_softmax_vector,128,0.02,softmax_vector,5.0,,,,0,,,,,,,,16.0,correlated,100.0,1.0,32.0,1.0,8.0,8.0,coordinate,scalar_opt,none,context,0.0673474231734871,0.0824817102402448,0.1080350158736109,0.0873425509780645,0.0231393191497772,1.3740391582250595,-0.4644878655672073,0.7222900390625,0.5920778289437294,0.9493408203125,0.5920778214931488,0.9829877316951752,0.9899082183837892,0.0,0.0011212758690817,8.0,1.0,1.0,0.0,1.212704911828041,0.1451358292251825,8.0,8.0,7.471660137176514,7.471660137176514,4.851834237575531,4.851834237575531,0.6085406318306923,0.0673474231734871,0.1106730916351371,-1.1716790164657829,-1.0836423426299635,below
data/transformers/runs_unified_vector_vproj_scalar/results.csv,unified_softmax_richardson,vector_vproj_scalar,row,weak_inverse,K16_cond100_below_H1_dh8_scalar_opt_softmax_vector_projected,128,0.02,softmax_vector_projected,5.0,,,,0,,,,,,,,16.0,correlated,100.0,1.0,32.0,1.0,8.0,8.0,coordinate,scalar_opt,none,context,0.7982455715537071,0.8134565651416779,0.9915117472410202,0.971132218837738,0.0224640225060284,20.399718284606934,-0.479233980178833,0.2618408203125,0.5922001972794533,0.953125,0.5922001898288727,0.9829609915614128,0.9905208572745324,0.0,0.0011221555905649,8.0,1.0,1.0,0.0,410891.8828125,373117.9375,8.0,8.0,7.436307489871979,7.436307489871979,4.851834356784821,4.851834356784821,0.9191668331623076,0.7982455715537071,0.8684324305353319,-0.0978634821278513,-0.0896656314461087,below
data/transformers/runs_unified_vector_vproj_scalar/results.csv,unified_softmax_richardson,vector_vproj_scalar,row,weak_inverse,K16_cond100_below_H1_dh8_scalar_opt_linear_richardson,128,0.02,linear_richardson,5.0,,,,0,,,,,,,,16.0,correlated,100.0,1.0,32.0,1.0,8.0,8.0,coordinate,scalar_opt,none,context,0.8017466217279434,0.8159690201282501,1.0254865363240242,1.0018019080162048,0.0225278639700263,21.125861167907715,-0.4783553220331669,0.267578125,0.592069461941719,0.9503173828125,0.592069461941719,0.9829922690987588,0.990372195839882,0.0,0.0011203360045328,8.0,1.0,1.0,0.0,413354.25,374172.60546875,8.0,8.0,7.477623641490936,7.477623641490936,0.0,0.0,0.9153282716870308,0.8017466217279434,0.8759109179800681,-0.0959628613564955,-0.0883263297789317,below
data/transformers/runs_unified_vector_vproj_scalar/results.csv,unified_softmax_richardson,vector_vproj_scalar,row,weak_inverse,K16_cond1000_below_H1_dh8_scalar_opt_softmax_vector,128,0.02,softmax_vector,5.0,,,,0,,,,,,,,16.0,correlated,1000.0,1.0,32.0,1.0,8.0,8.0,coordinate,scalar_opt,none,context,0.2548834607005119,0.3211457282304764,0.3322467915713787,0.310316801071167,0.0229063050355762,6.278369903564453,-0.469470415264368,0.5498046875,0.5899376720190048,0.9490966796875,0.5899376645684242,0.997469536960125,0.9984834268689156,0.0,0.0008367872142116,8.0,1.0,1.0,0.0,0.3834001645445823,0.1426745411008596,8.0,8.0,6.995521068572998,6.995521068572998,4.851969659328461,4.851969659328461,0.6845166236162186,0.2548834607005119,0.3723399232900587,-0.5936583448349537,-0.493297850446613,below
data/transformers/runs_unified_vector_vproj_scalar/results.csv,unified_softmax_richardson,vector_vproj_scalar,row,weak_inverse,K16_cond1000_below_H1_dh8_scalar_opt_softmax_vector_projected,128,0.02,softmax_vector_projected,5.0,,,,0,,,,,,,,16.0,correlated,1000.0,1.0,32.0,1.0,8.0,8.0,coordinate,scalar_opt,none,context,0.8458523899316788,0.9087289124727248,1.0373296067118645,1.0146669447422028,0.0231631211936473,21.609366178512573,-0.4646592773497104,0.2626953125,0.5901498422026634,0.9486083984375,0.5901498422026634,0.9974715039134026,0.9984082728624344,0.0,0.0008363697124877,8.0,1.0,1.0,0.0,614072.3046875,589591.8203125,8.0,8.0,7.012152671813965,7.012152671813965,4.851969599723816,4.851969599723816,0.9260641261935234,0.8458523899316788,0.9133287565625864,-0.0727054192676238,-0.0415656540454142,below
data/transformers/runs_unified_vector_vproj_scalar/results.csv,unified_softmax_richardson,vector_vproj_scalar,row,weak_inverse,K16_cond1000_below_H1_dh8_scalar_opt_linear_richardson,128,0.02,linear_richardson,5.0,,,,0,,,,,,,,16.0,correlated,1000.0,1.0,32.0,1.0,8.0,8.0,coordinate,scalar_opt,none,context,0.8378694131970406,0.8995700255036354,1.0301754027605057,1.006325826048851,0.0224644581321626,21.427186489105225,-0.4799722842872143,0.2567138671875,0.590318039059639,0.9503173828125,0.590318039059639,0.9974721744656564,0.9984189942479134,0.0,0.0008356611360795,8.0,1.0,1.0,0.0,597729.203125,573249.9921875,8.0,8.0,6.972639083862305,6.972639083862305,0.0,0.0,0.9190623834729196,0.8378694131970406,0.9116778883797876,-0.0768236634070026,-0.0459650240848362,below
data/transformers/runs_unified_vector_vproj_scalar/results.csv,unified_softmax_richardson,vector_vproj_scalar,row,weak_inverse,K16_cond10_at_H1_dh16_scalar_opt_softmax_vector,128,0.02,softmax_vector,5.0,,,,0,,,,,,,,16.0,correlated,10.0,1.0,32.0,1.0,16.0,16.0,coordinate,scalar_opt,none,context,4.3784280478575965e-05,0.0046834264067001,0.0231554044876247,5.186899306863779e-05,0.023121980484575,-0.4640769511461258,-0.4647945687174797,0.9505615234375,0.5925545766949654,0.9503173828125,0.5925545692443848,0.8707629069685936,0.922870971262455,0.0,0.0016809244989417,16.0,1.0,1.0,1.0,4.767149031162262,0.0630000215023756,16.0,16.0,14.84035611152649,14.84035611152649,4.850789964199066,4.850789964199066,0.3713641799986362,4.3784280478575965e-05,0.0001178747906656,-4.358681782801152,-2.329436299692518,at
data/transformers/runs_unified_vector_vproj_scalar/results.csv,unified_softmax_richardson,vector_vproj_scalar,row,weak_inverse,K16_cond10_at_H1_dh16_scalar_opt_softmax_vector_projected,128,0.02,softmax_vector_projected,5.0,,,,0,,,,,,,,16.0,correlated,10.0,1.0,32.0,1.0,16.0,16.0,coordinate,scalar_opt,none,context,4.250598385624471e-05,0.0046242345124483,0.0229595145210623,5.370186454456416e-05,0.0228946250863373,-0.4686819091439247,-0.470080953091383,0.950927734375,0.592763178050518,0.9512939453125,0.5927631705999374,0.871002584695816,0.9229528531432152,0.0,0.0016813798865769,16.0,1.0,1.0,1.0,4.728967189788818,0.0630108453333377,16.0,16.0,14.803026914596558,14.803026914596558,4.850789666175842,4.850789666175842,0.3686243332922458,4.250598385624471e-05,0.0001152948375377,-4.371549927059883,-2.3349601493107843,at
data/transformers/runs_unified_vector_vproj_scalar/results.csv,unified_softmax_richardson,vector_vproj_scalar,row,weak_inverse,K16_cond10_at_H1_dh16_scalar_opt_linear_richardson,128,0.02,linear_richardson,5.0,,,,0,,,,,,,,16.0,correlated,10.0,1.0,32.0,1.0,16.0,16.0,coordinate,scalar_opt,none,context,3.979358461947413e-05,0.0047325694467872,0.0228864476084709,4.770055193148437e-05,0.0228375038132071,-0.4704146906733513,-0.4715033732354641,0.9495849609375,0.59247837215662,0.949462890625,0.5924783870577812,0.8711504489183426,0.9220469892024994,0.0,0.0016833075496833,16.0,1.0,1.0,1.0,3.7380223083527406e-09,1.0798126059974322e-08,16.0,16.0,14.785781264305117,14.785781264305117,0.0,0.0,0.3681285195052624,3.979358461947413e-05,0.0001081186641761,-4.400186937698608,-2.324903004382614,at
data/transformers/runs_unified_vector_vproj_scalar/results.csv,unified_softmax_richardson,vector_vproj_scalar,row,weak_inverse,K16_cond100_at_H1_dh16_scalar_opt_softmax_vector,128,0.02,softmax_vector,5.0,,,,0,,,,,,,,16.0,correlated,100.0,1.0,32.0,1.0,16.0,16.0,coordinate,scalar_opt,none,context,0.0714786127209663,0.0869962144643068,0.1277918415144086,0.104304002597928,0.0230818565469235,1.7998133599758148,-0.4656987227499485,0.7076416015625,0.5918756127357483,0.9501953125,0.5918756276369095,0.9829342067241668,0.9906969591975212,0.0,0.0011222596513107,16.0,1.0,1.0,1.0,6.208263874053955,1.1599548384547234,16.0,16.0,12.65404987335205,12.65404987335205,4.850789308547974,4.850789308547974,0.6165111362934113,0.0714786127209663,0.1159353072742583,-1.1458238850062896,-1.060499644772545,at
data/transformers/runs_unified_vector_vproj_scalar/results.csv,unified_softmax_richardson,vector_vproj_scalar,row,weak_inverse,K16_cond100_at_H1_dh16_scalar_opt_softmax_vector_projected,128,0.02,softmax_vector_projected,5.0,,,,0,,,,,,,,16.0,correlated,100.0,1.0,32.0,1.0,16.0,16.0,coordinate,scalar_opt,none,context,0.0721279075369238,0.0873488197103142,0.1230109268799424,0.1004452351480722,0.0225988016463816,1.6932152807712555,-0.4763319566845894,0.7030029296875,0.5923265740275383,0.9537353515625,0.5923265665769577,0.9830087199807168,0.9900779724121094,0.0,0.0011204630573047,16.0,1.0,1.0,1.0,6.28456848859787,1.1576052755117416,16.0,16.0,12.611661195755005,12.611661195755005,4.850789368152618,4.850789368152618,0.6194708421826363,0.0721279075369238,0.1164242241424028,-1.1418966667056634,-1.058742958989702,at
data/transformers/runs_unified_vector_vproj_scalar/results.csv,unified_softmax_richardson,vector_vproj_scalar,row,weak_inverse,K16_cond100_at_H1_dh16_scalar_opt_linear_richardson,128,0.02,linear_richardson,5.0,,,,0,,,,,,,,16.0,correlated,100.0,1.0,32.0,1.0,16.0,16.0,coordinate,scalar_opt,none,context,0.0677323006093502,0.0826676981523633,0.1115038720890879,0.0907824523746967,0.0227579299826174,1.4453587532043457,-0.4727773256599903,0.7210693359375,0.5919306948781013,0.9510498046875,0.591930702328682,0.9829530343413352,0.9904308170080184,0.0,0.0011237026628805,16.0,1.0,1.0,1.0,5.863438623521233e-09,2.6267603203677936e-08,16.0,16.0,12.591394782066343,12.591394782066343,0.0,0.0,0.6112678498029709,0.0677323006093502,0.110804879272385,-1.1692041728067926,-1.0826641549529046,at
data/transformers/runs_unified_vector_vproj_scalar/results.csv,unified_softmax_richardson,vector_vproj_scalar,row,weak_inverse,K16_cond1000_at_H1_dh16_scalar_opt_softmax_vector,128,0.02,softmax_vector,5.0,,,,0,,,,,,,,16.0,correlated,1000.0,1.0,32.0,1.0,16.0,16.0,coordinate,scalar_opt,none,context,0.265114776790142,0.3271035030484199,0.389765840023756,0.3661740384995937,0.023276547435671,7.514564394950867,-0.4617498256266117,0.53466796875,0.5903941318392754,0.950927734375,0.5903941243886948,0.9974753335118294,0.9984457418322564,0.0,0.0008356980033568,16.0,1.0,1.0,1.0,7.849569261074066,4.97711718082428,16.0,16.0,10.415589213371277,10.415589213371277,4.850789964199066,4.850789964199066,0.6863445863127708,0.265114776790142,0.3862626502848091,-0.5765660651768687,-0.4853148048617127,at
data/transformers/runs_unified_vector_vproj_scalar/results.csv,unified_softmax_richardson,vector_vproj_scalar,row,weak_inverse,K16_cond1000_at_H1_dh16_scalar_opt_softmax_vector_projected,128,0.02,softmax_vector_projected,5.0,,,,0,,,,,,,,16.0,correlated,1000.0,1.0,32.0,1.0,16.0,16.0,coordinate,scalar_opt,none,context,0.2659606821835041,0.3301246538758278,0.3898214437067508,0.3689484000205993,0.0226160681340843,7.53359979391098,-0.476374227553606,0.531005859375,0.5900565385818481,0.95166015625,0.5900565534830093,0.9974791780114174,0.9984181225299836,0.0,0.0008343751032953,16.0,1.0,1.0,1.0,8.005174577236176,5.037555456161499,16.0,16.0,10.316509008407593,10.316509008407593,4.850789427757263,4.850789427757263,0.6868191510438919,0.2659606821835041,0.3872641530770512,-0.5751825617630912,-0.4813220411273803,at
data/transformers/runs_unified_vector_vproj_scalar/results.csv,unified_softmax_richardson,vector_vproj_scalar,row,weak_inverse,K16_cond1000_at_H1_dh16_scalar_opt_linear_richardson,128,0.02,linear_richardson,5.0,,,,0,,,,,,,,16.0,correlated,1000.0,1.0,32.0,1.0,16.0,16.0,coordinate,scalar_opt,none,context,0.2547144517302513,0.3183854445815086,0.3260818347334862,0.3043768815696239,0.0228722169995307,6.137699663639069,-0.4701667055487633,0.5533447265625,0.590028814971447,0.9481201171875,0.5900288000702858,0.9974732398986816,0.9984234496951104,0.0,0.0008341569482581,16.0,1.0,1.0,1.0,8.543668328364618e-09,5.570859329395717e-08,16.0,16.0,10.3842054605484,10.3842054605484,0.0,0.0,0.6877317726612091,0.2547144517302513,0.3703648283494687,-0.5939464137774553,-0.4970467948364559,at
data/transformers/runs_unified_vector_vproj_scalar/results.csv,unified_softmax_richardson,vector_vproj_scalar,row,weak_inverse,K16_cond10_above_H1_dh32_scalar_opt_softmax_vector,128,0.02,softmax_vector,5.0,,,,0,,,,,,,,16.0,correlated,10.0,1.0,32.0,1.0,32.0,32.0,coordinate,scalar_opt,none,context,4.100440992260701e-05,0.0046524344943463,0.0226532930973917,5.06818610119808e-05,0.0226357211358845,-0.4752712845802307,-0.4756849780678749,0.9508056640625,0.5926684662699699,0.9500732421875,0.5926684811711311,0.8713304549455643,0.9243451580405236,0.0,0.0016820482705952,16.0,1.0,1.0,1.0,1.199062004685402,0.0158053118502721,16.0,16.0,14.775328516960144,14.775328516960144,4.851410269737244,4.851410269737244,0.3707523457705974,4.100440992260701e-05,0.0001106478685866,-4.387169433473865,-2.3323197329621985,above
data/transformers/runs_unified_vector_vproj_scalar/results.csv,unified_softmax_richardson,vector_vproj_scalar,row,weak_inverse,K16_cond10_above_H1_dh32_scalar_opt_softmax_vector_projected,128,0.02,softmax_vector_projected,5.0,,,,0,,,,,,,,16.0,correlated,10.0,1.0,32.0,1.0,32.0,32.0,coordinate,scalar_opt,none,context,4.105859443370719e-05,0.0046514853602275,0.0227115419693291,5.067482788945199e-05,0.0226780464872717,-0.4747565872967243,-0.4754785522818565,0.949462890625,0.5927065685391426,0.94921875,0.592706561088562,0.8711017593741417,0.9205861836671828,0.0,0.0016823242331156,16.0,1.0,1.0,1.0,1.2025348544120789,0.0157897657481953,16.0,16.0,14.85142457485199,14.85142457485199,4.851410090923309,4.851410090923309,0.3701235204935074,4.105859443370719e-05,0.000110972578701,-4.38659592199254,-2.332408341574112,above
data/transformers/runs_unified_vector_vproj_scalar/results.csv,unified_softmax_richardson,vector_vproj_scalar,row,weak_inverse,K16_cond10_above_H1_dh32_scalar_opt_linear_richardson,128,0.02,linear_richardson,5.0,,,,0,,,,,,,,16.0,correlated,10.0,1.0,32.0,1.0,32.0,32.0,coordinate,scalar_opt,none,context,4.001913976026117e-05,0.0046620563953183,0.0227606776170432,4.827133807339124e-05,0.02269525709562,-0.4730256572365761,-0.4744188077747822,0.949462890625,0.5926922187209129,0.9500732421875,0.5926922187209129,0.8708433583378792,0.9207734987139702,0.0,0.0016854545101523,16.0,1.0,1.0,1.0,3.598821962658149e-09,1.0560564422945616e-08,16.0,16.0,14.773581862449646,14.773581862449646,0.0,0.0,0.3687706515192985,4.001913976026117e-05,0.000108462082067,-4.3977322510668,-2.3314224772703045,above
data/transformers/runs_unified_vector_vproj_scalar/results.csv,unified_softmax_richardson,vector_vproj_scalar,row,weak_inverse,K16_cond100_above_H1_dh32_scalar_opt_softmax_vector,128,0.02,softmax_vector,5.0,,,,0,,,,,,,,16.0,correlated,100.0,1.0,32.0,1.0,32.0,32.0,coordinate,scalar_opt,none,context,0.0683342218399047,0.0834748595952987,0.1156842792406678,0.0920967450365424,0.0229893226642161,1.542019009590149,-0.4686098434031009,0.706787109375,0.5920692086219788,0.9454345703125,0.5920692011713982,0.9830075278878212,0.9902376160025596,0.0,0.0011213988327654,16.0,1.0,1.0,1.0,1.5223546624183657,0.2398394737392664,16.0,16.0,12.628992319107056,12.628992319107056,4.8514100313186646,4.8514100313186646,0.611611858010292,0.0683342218399047,0.111710115224779,-1.1653617467713353,-1.0784443027562305,above
data/transformers/runs_unified_vector_vproj_scalar/results.csv,unified_softmax_richardson,vector_vproj_scalar,row,weak_inverse,K16_cond100_above_H1_dh32_scalar_opt_softmax_vector_projected,128,0.02,softmax_vector_projected,5.0,,,,0,,,,,,,,16.0,correlated,100.0,1.0,32.0,1.0,32.0,32.0,coordinate,scalar_opt,none,context,0.0683668479323387,0.0835334304720163,0.1180674759671092,0.0966273909434676,0.0223699959460645,1.5901598036289215,-0.4815937057137489,0.71630859375,0.5919835418462753,0.951416015625,0.5919835418462753,0.9829494506120682,0.9902289807796478,0.0,0.0011230456002522,16.0,1.0,1.0,1.0,1.5224787443876266,0.2415596861392259,16.0,16.0,12.58318316936493,12.58318316936493,4.8514100313186646,4.8514100313186646,0.60822344571352,0.0683668479323387,0.1123798951417643,-1.165154442875283,-1.0781396830323675,above
data/transformers/runs_unified_vector_vproj_scalar/results.csv,unified_softmax_richardson,vector_vproj_scalar,row,weak_inverse,K16_cond100_above_H1_dh32_scalar_opt_linear_richardson,128,0.02,linear_richardson,5.0,,,,0,,,,,,,,16.0,correlated,100.0,1.0,32.0,1.0,32.0,32.0,coordinate,scalar_opt,none,context,0.0680862134322524,0.0831984868273139,0.114347631111741,0.0916543034836649,0.0226819971576333,1.51106096804142,-0.4745776131749153,0.7109375,0.5919186472892761,0.952392578125,0.5919186398386955,0.982966996729374,0.9904276058077812,0.0,0.0011222259345231,16.0,1.0,1.0,1.0,5.883057208055931e-09,2.6480205361778534e-08,16.0,16.0,12.643001675605774,12.643001675605774,0.0,0.0,0.6086923182010651,0.0680862134322524,0.1118591910866362,-1.1669408181377936,-1.0798845723694177,above
data/transformers/runs_unified_vector_vproj_scalar/results.csv,unified_softmax_richardson,vector_vproj_scalar,row,weak_inverse,K16_cond1000_above_H1_dh32_scalar_opt_softmax_vector,128,0.02,softmax_vector,5.0,,,,0,,,,,,,,16.0,correlated,1000.0,1.0,32.0,1.0,32.0,32.0,coordinate,scalar_opt,none,context,0.258535549044609,0.3213085830211639,0.3392302580177784,0.3185370862483978,0.0225649718195199,6.4432448744773865,-0.477457758039236,0.5482177734375,0.589874617755413,0.9503173828125,0.589874617755413,0.997480258345604,0.9984750524163246,0.0,0.0008335172751685,16.0,1.0,1.0,1.0,1.950380727648735,0.9963407516479492,16.0,16.0,10.26755392551422,10.26755392551422,4.851410210132599,4.851410210132599,0.681529238820076,0.258535549044609,0.3793506357800243,-0.587479732289824,-0.49307767311346,above
data/transformers/runs_unified_vector_vproj_scalar/results.csv,unified_softmax_richardson,vector_vproj_scalar,row,weak_inverse,K16_cond1000_above_H1_dh32_scalar_opt_softmax_vector_projected,128,0.02,softmax_vector_projected,5.0,,,,0,,,,,,,,16.0,correlated,1000.0,1.0,32.0,1.0,32.0,32.0,coordinate,scalar_opt,none,context,0.262268278747797,0.3271530196070671,0.3603073805570602,0.3366679660975933,0.0224000152666121,6.880255103111267,-0.4808903634548187,0.543212890625,0.589817002415657,0.9500732421875,0.589817002415657,0.9974765256047248,0.9984731525182724,0.0,0.0008350791467819,16.0,1.0,1.0,1.0,2.0980390459299088,1.0986175686120987,16.0,16.0,10.304260969161987,10.304260969161987,4.851410150527954,4.851410150527954,0.6915000900626183,0.262268278747797,0.3793038574131986,-0.5812542339917295,-0.4852490668293669,above
data/transformers/runs_unified_vector_vproj_scalar/results.csv,unified_softmax_richardson,vector_vproj_scalar,row,weak_inverse,K16_cond1000_above_H1_dh32_scalar_opt_linear_richardson,128,0.02,linear_richardson,5.0,,,,0,,,,,,,,16.0,correlated,1000.0,1.0,32.0,1.0,32.0,32.0,coordinate,scalar_opt,none,context,0.2550554480403662,0.3171743415296078,0.3615088388323784,0.3343062810599804,0.0229870975017547,6.893180251121521,-0.4677163548767566,0.5440673828125,0.5901393964886665,0.9512939453125,0.5901393890380859,0.9974749982357024,0.9984539672732352,0.0,0.0008360118517884,16.0,1.0,1.0,1.0,8.438458265480621e-09,5.6826944927479424e-08,16.0,16.0,10.345468640327454,10.345468640327454,0.0,0.0,0.684254914522171,0.2550554480403662,0.3727565883921284,-0.593365395408237,-0.4987019530783451,above
data/transformers/runs_unified_vector_vproj_scalar/results.csv,unified_softmax_richardson,vector_vproj_scalar,row,weak_inverse,K32_cond10_below_H1_dh16_scalar_opt_softmax_vector,128,0.02,softmax_vector,5.0,,,,0,,,,,,,,32.0,correlated,10.0,1.0,32.0,1.0,16.0,16.0,coordinate,scalar_opt,none,context,0.0004255719104548,0.0107387716416269,0.0267597939819097,0.0004540207664831,0.026257156394422,-0.3933176174759865,-0.4027840718626976,0.9493408203125,0.639365904033184,0.951904296875,0.6393658965826035,0.9184054359793664,0.948076382279396,0.0,0.0029753218695987,16.0,1.0,1.0,0.0,0.4099071361124515,0.0058378224493935,16.0,16.0,15.50034749507904,15.50034749507904,4.851740658283234,4.851740658283234,0.4032560028135776,0.0004255719104548,0.0010553427456437,-3.371027045038732,-1.9690453927307447,below
data/transformers/runs_unified_vector_vproj_scalar/results.csv,unified_softmax_richardson,vector_vproj_scalar,row,weak_inverse,K32_cond10_below_H1_dh16_scalar_opt_softmax_vector_projected,128,0.02,softmax_vector_projected,5.0,,,,0,,,,,,,,32.0,correlated,10.0,1.0,32.0,1.0,16.0,16.0,coordinate,scalar_opt,none,context,0.7510055676102638,0.762005090713501,0.9338069409132004,0.9116110801696776,0.0268102367408573,16.366384029388428,-0.3916059844195843,0.2685546875,0.6392609924077988,0.949951171875,0.6392609924077988,0.9179970920085908,0.9484699368476868,0.0,0.0029808730469085,16.0,1.0,1.0,0.0,60737.48046875,46069.89404296875,16.0,16.0,15.495713829994202,15.495713829994202,4.851740658283234,4.851740658283234,0.776700034737587,0.7510055676102638,0.9668760991188834,-0.1243568433241245,-0.1180421272674895,below
data/transformers/runs_unified_vector_vproj_scalar/results.csv,unified_softmax_richardson,vector_vproj_scalar,row,weak_inverse,K32_cond10_below_H1_dh16_scalar_opt_linear_richardson,128,0.02,linear_richardson,5.0,,,,0,,,,,,,,32.0,correlated,10.0,1.0,32.0,1.0,16.0,16.0,coordinate,scalar_opt,none,context,0.7473571300506592,0.7580855563282967,0.906111277639866,0.8786997571587563,0.026648090686649,15.8767329454422,-0.3950045369565487,0.2718505859375,0.639324314892292,0.948486328125,0.6393243223428726,0.9182811975479126,0.9487737342715264,0.0,0.002975367126055,16.0,1.0,1.0,0.0,60846.75927734375,46167.4765625,16.0,16.0,15.482233881950378,15.482233881950378,0.0,0.0,0.7756291329860687,0.7473571300506592,0.9635270755523389,-0.1264718178008269,-0.1202817778185103,below
data/transformers/runs_unified_vector_vproj_scalar/results.csv,unified_softmax_richardson,vector_vproj_scalar,row,weak_inverse,K32_cond100_below_H1_dh16_scalar_opt_softmax_vector,128,0.02,softmax_vector,5.0,,,,0,,,,,,,,32.0,correlated,100.0,1.0,32.0,1.0,16.0,16.0,coordinate,scalar_opt,none,context,0.0676952339708805,0.0992059223353862,0.0833474267274141,0.0577149330638349,0.0260487829800695,0.6689218878746033,-0.406474407762289,0.7806396484375,0.6372648626565933,0.95263671875,0.6372648701071739,0.9869380593299866,0.9918899238109588,0.0,0.0019787841592915,16.0,1.0,1.0,0.0,0.1495842561125755,0.0137125734472647,16.0,16.0,14.81845486164093,14.81845486164093,4.851924896240234,4.851924896240234,0.5985610783100128,0.0676952339708805,0.1130953977185044,-1.169441906396228,-1.00346240082158,below
data/transformers/runs_unified_vector_vproj_scalar/results.csv,unified_softmax_richardson,vector_vproj_scalar,row,weak_inverse,K32_cond100_below_H1_dh16_scalar_opt_softmax_vector_projected,128,0.02,softmax_vector_projected,5.0,,,,0,,,,,,,,32.0,correlated,100.0,1.0,32.0,1.0,16.0,16.0,coordinate,scalar_opt,none,context,0.996389038860798,1.0274289399385452,1.0303505212068558,1.0020963251590729,0.0261177006177604,18.33626651763916,-0.404082465916872,0.2625732421875,0.6372998282313347,0.9537353515625,0.6372998356819153,0.986914798617363,0.9917684718966484,0.0,0.0019815670384559,16.0,1.0,1.0,0.0,105516.181640625,86958.18359375,16.0,16.0,14.85464859008789,14.85464859008789,4.851924955844879,4.851924955844879,0.9104726240038872,0.996389038860798,1.0943648429539352,-0.0015710587233018,0.0117517944802058,below
data/transformers/runs_unified_vector_vproj_scalar/results.csv,unified_softmax_richardson,vector_vproj_scalar,row,weak_inverse,K32_cond100_below_H1_dh16_scalar_opt_linear_richardson,128,0.02,linear_richardson,5.0,,,,0,,,,,,,,32.0,correlated,100.0,1.0,32.0,1.0,16.0,16.0,coordinate,scalar_opt,none,context,1.0006173849105835,1.0306774228811264,1.0374677330255508,1.0065379366278648,0.0262114149518311,18.422621488571167,-0.4027659930288791,0.2611083984375,0.6373263448476791,0.952392578125,0.6373263597488403,0.9869070500135422,0.991886869072914,0.0,0.0019817973661702,16.0,1.0,1.0,0.0,106936.5576171875,88260.6767578125,16.0,16.0,14.93432629108429,14.93432629108429,0.0,0.0,0.9106664881110192,1.0006173849105835,1.0987493876781218,0.000268044125189,0.013122762874824,below
data/transformers/runs_unified_vector_vproj_scalar/results.csv,unified_softmax_richardson,vector_vproj_scalar,row,weak_inverse,K32_cond1000_below_H1_dh16_scalar_opt_softmax_vector,128,0.02,softmax_vector,5.0,,,,0,,,,,,,,32.0,correlated,1000.0,1.0,32.0,1.0,16.0,16.0,coordinate,scalar_opt,none,context,0.2051998972892761,0.3114889487624168,0.195420429110527,0.167694991454482,0.026434724451974,2.842036724090576,-0.3989846520125866,0.646484375,0.6295368820428848,0.9449462890625,0.629536896944046,0.9972709566354752,0.99818766862154,0.0,0.0014618618151871,16.0,1.0,1.0,0.0,0.0483761811628937,0.010508355568163,16.0,16.0,13.918698072433472,13.918698072433472,4.851996421813965,4.851996421813965,0.6367025747895241,0.2051998972892761,0.3222761099695869,-0.6878228609418576,-0.5065573569555003,below
data/transformers/runs_unified_vector_vproj_scalar/results.csv,unified_softmax_richardson,vector_vproj_scalar,row,weak_inverse,K32_cond1000_below_H1_dh16_scalar_opt_softmax_vector_projected,128,0.02,softmax_vector_projected,5.0,,,,0,,,,,,,,32.0,correlated,1000.0,1.0,32.0,1.0,16.0,16.0,coordinate,scalar_opt,none,context,0.9055490419268608,1.0088645592331886,1.0226779207587242,0.9962354823946952,0.0259871485177427,18.618348836898804,-0.4069014266133308,0.264404296875,0.6297495812177658,0.9481201171875,0.6297495737671852,0.9972737729549408,0.9981720447540284,0.0,0.001460267973016,16.0,1.0,1.0,0.0,150909.986328125,139098.228515625,16.0,16.0,13.89456582069397,13.89456582069397,4.851996421813965,4.851996421813965,0.8789291977882385,0.9055490419268608,1.030291113224247,-0.043088024575245,0.0038328658148429,below
data/transformers/runs_unified_vector_vproj_scalar/results.csv,unified_softmax_richardson,vector_vproj_scalar,row,weak_inverse,K32_cond1000_below_H1_dh16_scalar_opt_linear_richardson,128,0.02,linear_richardson,5.0,,,,0,,,,,,,,32.0,correlated,1000.0,1.0,32.0,1.0,16.0,16.0,coordinate,scalar_opt,none,context,0.9027662724256516,1.0076770186424255,1.009407415986061,0.9837102964520454,0.0256660070735961,18.41961574554444,-0.4133691973984241,0.2724609375,0.6294353529810905,0.949951171875,0.62943534553051,0.9972710460424424,0.9981628507375716,0.0,0.0014618690038332,16.0,1.0,1.0,0.0,151374.1796875,139424.453125,16.0,16.0,13.907463669776917,13.907463669776917,0.0,0.0,0.8738487213850021,0.9027662724256516,1.0330730503595411,-0.0444246746419549,0.0033213540355835,below
data/transformers/runs_unified_vector_vproj_scalar/results.csv,unified_softmax_richardson,vector_vproj_scalar,row,weak_inverse,K32_cond10_at_H1_dh32_scalar_opt_softmax_vector,128,0.02,softmax_vector,5.0,,,,0,,,,,,,,32.0,correlated,10.0,1.0,32.0,1.0,32.0,32.0,coordinate,scalar_opt,none,context,0.000411393775721,0.010753653710708,0.0274401719216257,0.0004439864242158,0.0269993429537862,-0.3796752542257309,-0.3879605233669281,0.9439697265625,0.6392840445041656,0.9464111328125,0.6392840519547462,0.91800557076931,0.9470638036727904,0.0,0.0029784637736156,32.0,0.9999999403953552,0.9999999403953552,1.0,0.491575576364994,0.0066251531243324,32.0,32.0,29.188575744628903,29.188575744628903,4.851409912109375,4.851409912109375,0.4015491008758545,0.000411393775721,0.0010244057283347,-3.38574228335213,-1.9684439527900952,at
data/transformers/runs_unified_vector_vproj_scalar/results.csv,unified_softmax_richardson,vector_vproj_scalar,row,weak_inverse,K32_cond10_at_H1_dh32_scalar_opt_softmax_vector_projected,128,0.02,softmax_vector_projected,5.0,,,,0,,,,,,,,32.0,correlated,10.0,1.0,32.0,1.0,32.0,32.0,coordinate,scalar_opt,none,context,0.0004103300489077,0.0107935375999659,0.02673408575356,0.00047860955965,0.0261394483968615,-0.3934151157736778,-0.4043554291129112,0.948486328125,0.6394103541970253,0.9527587890625,0.6394103616476059,0.9181087166070938,0.9479977265000344,0.0,0.0029756429430563,32.0,0.9999999403953552,0.9999999403953552,1.0,0.487758494913578,0.006590147211682,32.0,32.0,29.241703748703003,29.241703748703003,4.851410090923309,4.851410090923309,0.4007975421845913,0.0004103300489077,0.0010236987422891,-3.3868666780197083,-1.9668361912443764,at
data/transformers/runs_unified_vector_vproj_scalar/results.csv,unified_softmax_richardson,vector_vproj_scalar,row,weak_inverse,K32_cond10_at_H1_dh32_scalar_opt_linear_richardson,128,0.02,linear_richardson,5.0,,,,0,,,,,,,,32.0,correlated,10.0,1.0,32.0,1.0,32.0,32.0,coordinate,scalar_opt,none,context,0.0004152333858655,0.0107602003263309,0.0274034834001213,0.0004506073928496,0.0268802503123879,-0.3803324401378631,-0.3900347650051117,0.944580078125,0.6394501328468323,0.9481201171875,0.6394501253962517,0.9183146432042122,0.9488918334245682,0.0,0.0029762113699689,32.0,0.9999999403953552,0.9999999403953552,1.0,2.4139182319693475e-09,4.450208090922558e-09,32.0,32.0,29.200746774673465,29.200746774673465,0.0,0.0,0.3987660072743892,0.0004152333858655,0.0010412774004228,-3.381707735327501,-1.9681796431854053,at
data/transformers/runs_unified_vector_vproj_scalar/results.csv,unified_softmax_richardson,vector_vproj_scalar,row,weak_inverse,K32_cond100_at_H1_dh32_scalar_opt_softmax_vector,128,0.02,softmax_vector,5.0,,,,0,,,,,,,,32.0,correlated,100.0,1.0,32.0,1.0,32.0,32.0,coordinate,scalar_opt,none,context,0.0680646430701017,0.0993490517139434,0.0878467606380581,0.061736533883959,0.026179966982454,0.7526263296604156,-0.4041119068861007,0.7720947265625,0.6372731328010559,0.9554443359375,0.6372731402516365,0.9869295582175256,0.9921104237437248,0.0,0.0019803034083452,32.0,0.9999999403953552,0.9999999403953552,1.0,0.5581431463360786,0.0580021049827337,32.0,32.0,25.118161916732788,25.118161916732788,4.851410090923309,4.851410090923309,0.6004568487405777,0.0680646430701017,0.1133565330043948,-1.1670784285733609,-1.0028362738724057,at
data/transformers/runs_unified_vector_vproj_scalar/results.csv,unified_softmax_richardson,vector_vproj_scalar,row,weak_inverse,K32_cond100_at_H1_dh32_scalar_opt_softmax_vector_projected,128,0.02,softmax_vector_projected,5.0,,,,0,,,,,,,,32.0,correlated,100.0,1.0,32.0,1.0,32.0,32.0,coordinate,scalar_opt,none,context,0.0674909185618162,0.0982834668830037,0.0889915395528078,0.0617592744529247,0.0262924875132739,0.7746221646666527,-0.4009267203509807,0.7694091796875,0.6369262561202049,0.9503173828125,0.6369262561202049,0.9868902266025544,0.9916567951440812,0.0,0.0019829581724479,32.0,0.9999999403953552,0.9999999403953552,1.0,0.5511503592133522,0.0565828680992126,32.0,32.0,25.09639358520508,25.09639358520508,4.851410746574402,4.851410746574402,0.5971044227480888,0.0674909185618162,0.1130320392458925,-1.170754661003472,-1.0075195324768342,at
data/transformers/runs_unified_vector_vproj_scalar/results.csv,unified_softmax_richardson,vector_vproj_scalar,row,weak_inverse,K32_cond100_at_H1_dh32_scalar_opt_linear_richardson,128,0.02,linear_richardson,5.0,,,,0,,,,,,,,32.0,correlated,100.0,1.0,32.0,1.0,32.0,32.0,coordinate,scalar_opt,none,context,0.06837591342628,0.0995473936200141,0.0826379442587494,0.0577496588230133,0.0260771561879664,0.6556356847286224,-0.4057220369577408,0.7882080078125,0.6371328979730606,0.95166015625,0.6371329054236412,0.9869377389550208,0.991945669054985,0.0,0.0019799153378698,32.0,0.9999999403953552,0.9999999403953552,1.0,3.736558812361679e-09,8.06734634650752e-09,32.0,32.0,25.054869890213013,25.054869890213013,0.0,0.0,0.5990722477436066,0.06837591342628,0.1141403814948316,-1.1650968589277149,-1.0019701063172728,at
data/transformers/runs_unified_vector_vproj_scalar/results.csv,unified_softmax_richardson,vector_vproj_scalar,row,weak_inverse,K32_cond1000_at_H1_dh32_scalar_opt_softmax_vector,128,0.02,softmax_vector,5.0,,,,0,,,,,,,,32.0,correlated,1000.0,1.0,32.0,1.0,32.0,32.0,coordinate,scalar_opt,none,context,0.2063790038228035,0.3120314925909042,0.1937773525714874,0.168326711282134,0.0258336481638252,2.8114574551582336,-0.4106187224388122,0.6639404296875,0.6289761364459991,0.95166015625,0.6289761289954185,0.9972705766558648,0.9981772750616074,0.0,0.0014613307866966,32.0,0.9999999403953552,0.9999999403953552,1.0,0.639844112098217,0.1661452781409025,32.0,32.0,20.65708899497986,20.65708899497986,4.851410448551178,4.851410448551178,0.6355719268321991,0.2063790038228035,0.3247123481785859,-0.6853344881868946,-0.5058015714679964,at
data/transformers/runs_unified_vector_vproj_scalar/results.csv,unified_softmax_richardson,vector_vproj_scalar,row,weak_inverse,K32_cond1000_at_H1_dh32_scalar_opt_softmax_vector_projected,128,0.02,softmax_vector_projected,5.0,,,,0,,,,,,,,32.0,correlated,1000.0,1.0,32.0,1.0,32.0,32.0,coordinate,scalar_opt,none,context,0.2062793802469968,0.311559721827507,0.1992530860006809,0.1745042949914932,0.02584850625135,2.9092235267162323,-0.4104373306035995,0.6458740234375,0.6293068677186966,0.9500732421875,0.6293068677186966,0.9972734749317168,0.9981133565306664,0.0,0.0014594479289371,32.0,0.9999999403953552,0.9999999403953552,1.0,0.6461467817425728,0.1720433291047811,32.0,32.0,20.693878412246704,20.693878412246704,4.851410388946533,4.851410388946533,0.6341995522379875,0.2062793802469968,0.3252480540232641,-0.6855441820729324,-0.506458692587148,at
data/transformers/runs_unified_vector_vproj_scalar/results.csv,unified_softmax_richardson,vector_vproj_scalar,row,weak_inverse,K32_cond1000_at_H1_dh32_scalar_opt_linear_richardson,128,0.02,linear_richardson,5.0,,,,0,,,,,,,,32.0,correlated,1000.0,1.0,32.0,1.0,32.0,32.0,coordinate,scalar_opt,none,context,0.2042800299823284,0.309963010251522,0.1790897417813539,0.1513328906148672,0.0258834129199385,2.5342407524585724,-0.4093376919627189,0.65283203125,0.6296601817011833,0.9498291015625,0.6296601817011833,0.9972765147686004,0.9981656968593596,0.0,0.0014588866615667,32.0,0.9999999403953552,0.9999999403953552,1.0,5.2322172705565614e-09,1.3341270532762906e-08,32.0,32.0,20.55435252189636,20.55435252189636,0.0,0.0,0.6349933296442032,0.2042800299823284,0.3217018234101916,-0.6897740870747763,-0.5086901300436181,at
data/transformers/runs_unified_vector_vproj_scalar/results.csv,unified_softmax_richardson,vector_vproj_scalar,row,weak_inverse,K32_cond10_above_H1_dh64_scalar_opt_softmax_vector,128,0.02,softmax_vector,5.0,,,,0,,,,,,,,32.0,correlated,10.0,1.0,32.0,1.0,64.0,64.0,coordinate,scalar_opt,none,context,0.0004217611603962,0.0108601753599941,0.0275625402573496,0.0004605547146638,0.027017880231142,-0.3782705664634704,-0.388451986014843,0.9488525390625,0.6391871273517609,0.94970703125,0.6391871199011803,0.9183652475476264,0.948703907430172,0.0,0.0029745941283181,32.0,0.9999999403953552,0.9999999403953552,1.0,0.1222180174663662,0.0016503176157129,32.0,32.0,29.20156836509705,29.20156836509705,4.851720213890076,4.851720213890076,0.4029954299330711,0.0004217611603962,0.0010466627253346,-3.374933416541117,-1.964163162107858,above
data/transformers/runs_unified_vector_vproj_scalar/results.csv,unified_softmax_richardson,vector_vproj_scalar,row,weak_inverse,K32_cond10_above_H1_dh64_scalar_opt_softmax_vector_projected,128,0.02,softmax_vector_projected,5.0,,,,0,,,,,,,,32.0,correlated,10.0,1.0,32.0,1.0,64.0,64.0,coordinate,scalar_opt,none,context,0.0004202917007205,0.010820101480931,0.0269752049352973,0.0004494051208894,0.0265245898626744,-0.3885483667254448,-0.3970016650855541,0.9473876953125,0.6395573392510414,0.9512939453125,0.6395573392510414,0.9183348417282104,0.9461265802383424,0.0,0.0029751735564786,32.0,0.9999999403953552,0.9999999403953552,1.0,0.1215992756187915,0.0016478566249134,32.0,32.0,29.0626859664917,29.0626859664917,4.851720452308655,4.851720452308655,0.4008752852678299,0.0004202917007205,0.0010484930544245,-3.376449185694904,-1.9657686659945424,above
data/transformers/runs_unified_vector_vproj_scalar/results.csv,unified_softmax_richardson,vector_vproj_scalar,row,weak_inverse,K32_cond10_above_H1_dh64_scalar_opt_linear_richardson,128,0.02,linear_richardson,5.0,,,,0,,,,,,,,32.0,correlated,10.0,1.0,32.0,1.0,64.0,64.0,coordinate,scalar_opt,none,context,0.0004086961598659,0.0109063357813283,0.0268889667931944,0.0004382559345685,0.0264709778130054,-0.3917429558932781,-0.3995403051376343,0.9500732421875,0.6392045468091965,0.9512939453125,0.6392045393586159,0.9182141423225404,0.9463813602924348,0.0,0.0029734389681834,32.0,0.9999999403953552,0.9999999403953552,1.0,2.393251596899404e-09,4.433523270730433e-09,32.0,32.0,29.157439470291138,29.157439470291138,0.0,0.0,0.3994092904031276,0.0004086961598659,0.0010233342440222,-3.388599442926692,-1.9623211355018328,above
data/transformers/runs_unified_vector_vproj_scalar/results.csv,unified_softmax_richardson,vector_vproj_scalar,row,weak_inverse,K32_cond100_above_H1_dh64_scalar_opt_softmax_vector,128,0.02,softmax_vector,5.0,,,,0,,,,,,,,32.0,correlated,100.0,1.0,32.0,1.0,64.0,64.0,coordinate,scalar_opt,none,context,0.0678735245019197,0.0990331964567303,0.0861295377835631,0.0576149644330143,0.0266048368066549,0.7186431959271431,-0.3959820680320263,0.7664794921875,0.6373772323131561,0.9488525390625,0.6373772099614143,0.9869399070739746,0.992015801370144,0.0,0.0019766068435274,32.0,0.9999999403953552,0.9999999403953552,1.0,0.1416544578969478,0.0143290841951966,32.0,32.0,25.14403820037841,25.14403820037841,4.851720035076141,4.851720035076141,0.596842035651207,0.0678735245019197,0.1137202046345751,-1.1682995983996258,-1.004219203166363,above
data/transformers/runs_unified_vector_vproj_scalar/results.csv,unified_softmax_richardson,vector_vproj_scalar,row,weak_inverse,K32_cond100_above_H1_dh64_scalar_opt_softmax_vector_projected,128,0.02,softmax_vector_projected,5.0,,,,0,,,,,,,,32.0,correlated,100.0,1.0,32.0,1.0,64.0,64.0,coordinate,scalar_opt,none,context,0.0683536799624562,0.099643531255424,0.0895762518048286,0.063367934897542,0.0261783115565776,0.7830961272120476,-0.4035996831953525,0.771240234375,0.6369669288396835,0.9521484375,0.6369669213891029,0.986940048635006,0.9920533522963524,0.0,0.0019793023820966,32.0,0.9999999403953552,0.9999999403953552,1.0,0.1408686377108097,0.0143671896075829,32.0,32.0,25.09077262878418,25.09077262878418,4.851720213890076,4.851720213890076,0.6031123772263527,0.0683536799624562,0.1133352901043858,-1.1652380993204938,-1.0015508899515695,above
data/transformers/runs_unified_vector_vproj_scalar/results.csv,unified_softmax_richardson,vector_vproj_scalar,row,weak_inverse,K32_cond100_above_H1_dh64_scalar_opt_linear_richardson,128,0.02,linear_richardson,5.0,,,,0,,,,,,,,32.0,correlated,100.0,1.0,32.0,1.0,64.0,64.0,coordinate,scalar_opt,none,context,0.0679905032739043,0.0991192935034632,0.0854910220950841,0.060511496849358,0.0266222821082919,0.7055043950676918,-0.3948359899222851,0.7784423828125,0.6377754434943199,0.9483642578125,0.6377754509449005,0.9869473353028296,0.9920674189925194,0.0,0.0019784186442848,32.0,0.9999999403953552,0.9999999403953552,1.0,3.762679529062396e-09,8.256173633647279e-09,32.0,32.0,25.14703917503357,25.14703917503357,0.0,0.0,0.597317561507225,0.0679905032739043,0.1138237993122185,-1.167551744113864,-1.0038418021590396,above
data/transformers/runs_unified_vector_vproj_scalar/results.csv,unified_softmax_richardson,vector_vproj_scalar,row,weak_inverse,K32_cond1000_above_H1_dh64_scalar_opt_softmax_vector,128,0.02,softmax_vector,5.0,,,,0,,,,,,,,32.0,correlated,1000.0,1.0,32.0,1.0,64.0,64.0,coordinate,scalar_opt,none,context,0.206470301374793,0.3124736249446869,0.1973359435796737,0.1686228401958942,0.025863122427836,2.8779368698596954,-0.410405233502388,0.6434326171875,0.6293925866484642,0.948486328125,0.6293925791978836,0.9972726181149484,0.9981548562645912,0.0,0.0014624088507844,32.0,0.9999999403953552,0.9999999403953552,1.0,0.1624277904629707,0.0419050296768546,32.0,32.0,20.584798574447632,20.584798574447632,4.851720094680786,4.851720094680786,0.6380261108279228,0.206470301374793,0.3235966662395478,-0.685142408301147,-0.5051866343979611,above
data/transformers/runs_unified_vector_vproj_scalar/results.csv,unified_softmax_richardson,vector_vproj_scalar,row,weak_inverse,K32_cond1000_above_H1_dh64_scalar_opt_softmax_vector_projected,128,0.02,softmax_vector_projected,5.0,,,,0,,,,,,,,32.0,correlated,1000.0,1.0,32.0,1.0,64.0,64.0,coordinate,scalar_opt,none,context,0.2068772241473198,0.3131084814667701,0.1902755759656429,0.1658575758337974,0.0251953247934579,2.7512714564800262,-0.4221936911344528,0.6617431640625,0.6295225694775581,0.9527587890625,0.6295225694775581,0.9972748756408693,0.9981829822063446,0.0,0.0014606806071242,32.0,0.9999999403953552,0.9999999403953552,1.0,0.1637507993727922,0.0399897671304643,32.0,32.0,20.532114267349243,20.532114267349243,4.85172039270401,4.85172039270401,0.6412375867366791,0.2068772241473198,0.3226111425004418,-0.6842873197335451,-0.5043051680767044,above
data/transformers/runs_unified_vector_vproj_scalar/results.csv,unified_softmax_richardson,vector_vproj_scalar,row,weak_inverse,K32_cond1000_above_H1_dh64_scalar_opt_linear_richardson,128,0.02,linear_richardson,5.0,,,,0,,,,,,,,32.0,correlated,1000.0,1.0,32.0,1.0,64.0,64.0,coordinate,scalar_opt,none,context,0.2046314980834722,0.3107090853154659,0.1948153767734766,0.1681030374020338,0.0259385651443153,2.829679697751999,-0.4085087180137634,0.6441650390625,0.6295063644647598,0.94775390625,0.6295063495635986,0.9972734823822976,0.9981558471918106,0.0,0.0014608788042096,32.0,0.9999999403953552,0.9999999403953552,1.0,5.185119777983971e-09,1.3411126431606137e-08,32.0,32.0,20.77309799194336,20.77309799194336,0.0,0.0,0.6352621763944626,0.2046314980834722,0.3221162986086457,-0.689027516318002,-0.5076460475345803,above
data/transformers/runs_unified_vector_vproj_precond/results.csv,unified_softmax_richardson,vector_vproj_precond,row,weak_inverse,K8_cond10_below_H1_dh4_jacobi_softmax_vector,128,0.02,softmax_vector,5.0,,,,0,,,,,,,,8.0,correlated,10.0,1.0,32.0,1.0,4.0,4.0,coordinate,jacobi,none,context,1.4273175423795692e-06,0.0023290558019652,0.0210282816551625,7.860053230501762e-07,0.0210277459118515,-0.5121129676699638,-0.5121316462755203,0.951416015625,0.5725533217191696,0.95166015625,0.5725533291697502,0.5203765332698822,0.6827664524316788,8.0,0.7252685725688934,4.0,1.0,1.0,0.0,30.518139362335205,0.4312361888587475,4.0,4.0,3.924143612384796,3.924143612384796,4.850980401039124,4.850980401039124,0.1285798083990812,1.4273175423795692e-06,1.1109439474548446e-05,-5.845479396498763,-2.632820106057296,below
data/transformers/runs_unified_vector_vproj_precond/results.csv,unified_softmax_richardson,vector_vproj_precond,row,weak_inverse,K8_cond10_below_H1_dh4_jacobi_softmax_vector_projected,128,0.02,softmax_vector_projected,5.0,,,,0,,,,,,,,8.0,correlated,10.0,1.0,32.0,1.0,4.0,4.0,coordinate,jacobi,none,context,0.5640362277626991,0.5662737339735031,0.8230744674801826,0.8018039688467979,0.0213611884973943,17.984338998794556,-0.504764873534441,0.2991943359375,0.5724309831857681,0.949462890625,0.5724309831857681,0.5211339145898819,0.687865138053894,8.0,0.724167063832283,4.0,1.0,1.0,0.0,934250.984375,870800.4296875,4.0,4.0,3.9182519018650055,3.9182519018650055,4.850980877876282,4.850980877876282,0.5759328901767731,0.5640362277626991,0.9793447502985066,-0.2486930006050563,-0.2469735822105191,below
data/transformers/runs_unified_vector_vproj_precond/results.csv,unified_softmax_richardson,vector_vproj_precond,row,weak_inverse,K8_cond10_below_H1_dh4_jacobi_linear_richardson,128,0.02,linear_richardson,5.0,,,,0,,,,,,,,8.0,correlated,10.0,1.0,32.0,1.0,4.0,4.0,coordinate,jacobi,none,context,0.5700427889823914,0.5726764649152756,0.8406163156032562,0.8176479116082191,0.0208003285806626,18.36224126815796,-0.5176995806396008,0.2996826171875,0.57252436876297,0.950439453125,0.5725243613123894,0.5223643034696579,0.6821060329675674,8.0,0.7239490300416946,4.0,1.0,1.0,0.0,946651.484375,883800.6875,4.0,4.0,3.906875729560852,3.906875729560852,0.0,0.0,0.5816480219364166,0.5700427889823914,0.9800101812713756,-0.2440925437635172,-0.242090664568619,below
data/transformers/runs_unified_vector_vproj_precond/results.csv,unified_softmax_richardson,vector_vproj_precond,row,weak_inverse,K8_cond10_below_H1_dh4_lowrank_spectral_softmax_vector,128,0.02,softmax_vector,5.0,,,,0,,,,,,,,8.0,correlated,10.0,1.0,32.0,1.0,4.0,4.0,coordinate,lowrank_spectral,none,context,8.020843779377174e-06,0.0023207368794828,0.0217112994287163,1.5429812719958136e-05,0.0217108947690576,-0.496228739619255,-0.4962463267147541,0.9443359375,0.5727021545171738,0.9442138671875,0.5727021545171738,0.8386305719614029,0.9035874232649804,4.0,0.0009219970961567,4.0,1.0,1.0,0.0,30.41031002998352,0.4293090254068374,4.0,4.0,3.9256995618343353,3.9256995618343353,4.85098123550415,4.85098123550415,0.1215392174199223,8.020843779377174e-06,6.595297782026964e-05,-5.095779942257996,-2.634374096194826,below
data/transformers/runs_unified_vector_vproj_precond/results.csv,unified_softmax_richardson,vector_vproj_precond,row,weak_inverse,K8_cond10_below_H1_dh4_lowrank_spectral_softmax_vector_projected,128,0.02,softmax_vector_projected,5.0,,,,0,,,,,,,,8.0,correlated,10.0,1.0,32.0,1.0,4.0,4.0,coordinate,lowrank_spectral,none,context,0.6206404641270638,0.6229825839400291,0.8488328233361244,0.8260194584727287,0.0211756667122244,18.62796902656555,-0.5085435174405575,0.288330078125,0.5724174827337265,0.948486328125,0.5724174901843071,0.8381402939558029,0.9051688984036446,4.0,0.0009244986140402,4.0,1.0,1.0,0.0,923884.53125,916200.7734375,4.0,4.0,3.91344565153122,3.91344565153122,4.850981056690216,4.850981056690216,0.6209860444068909,0.6206404641270638,0.9994408203854384,-0.2071599129699994,-0.205524094278978,below
data/transformers/runs_unified_vector_vproj_precond/results.csv,unified_softmax_richardson,vector_vproj_precond,row,weak_inverse,K8_cond10_below_H1_dh4_lowrank_spectral_linear_richardson,128,0.02,linear_richardson,5.0,,,,0,,,,,,,,8.0,correlated,10.0,1.0,32.0,1.0,4.0,4.0,coordinate,lowrank_spectral,none,context,0.6230253130197525,0.6255565509200096,0.9200155660510064,0.8968725427985191,0.0212634913623332,20.193093061447144,-0.5061733648180962,0.2864990234375,0.5726483836770058,0.948486328125,0.5726483836770058,0.8382757976651192,0.905224584043026,4.0,0.0009241441075573,4.0,1.0,1.0,0.0,939155.03125,931478.515625,4.0,4.0,3.921157389879226,3.921157389879226,0.0,0.0,0.62343879789114,0.6230253130197525,0.9993319287591164,-0.2054943079452104,-0.2037334235527186,below
data/transformers/runs_unified_vector_vproj_precond/results.csv,unified_softmax_richardson,vector_vproj_precond,row,weak_inverse,K8_cond100_below_H1_dh4_jacobi_softmax_vector,128,0.02,softmax_vector,5.0,,,,0,,,,,,,,8.0,correlated,100.0,1.0,32.0,1.0,4.0,4.0,coordinate,jacobi,none,context,1.624737649308372e-06,0.0087567968294024,0.0221535628661513,2.427346981193068e-07,0.0221522320061922,-0.4858617447316646,-0.4858926683664322,0.944580078125,0.5725340768694878,0.944580078125,0.5725340843200684,0.5191125199198723,0.6841056495904922,8.0,0.7258162498474121,4.0,1.0,1.0,0.0,9.72073245048523,0.1264634653925895,4.0,4.0,3.752194285392761,3.752194285392761,4.851697146892548,4.851697146892548,0.2812873907387256,1.624737649308372e-06,5.7780631741242295e-06,-5.789216755704242,-2.0576547264477414,below
data/transformers/runs_unified_vector_vproj_precond/results.csv,unified_softmax_richardson,vector_vproj_precond,row,weak_inverse,K8_cond100_below_H1_dh4_jacobi_softmax_vector_projected,128,0.02,softmax_vector_projected,5.0,,,,0,,,,,,,,8.0,correlated,100.0,1.0,32.0,1.0,4.0,4.0,coordinate,jacobi,none,context,0.8487172871828079,0.8571115061640739,0.9509682953357697,0.9322295859456062,0.0213019158691167,20.93411064147949,-0.505716122686863,0.2877197265625,0.5723852440714836,0.951171875,0.572385236620903,0.5196508914232254,0.6838918253779411,8.0,0.725685678422451,4.0,1.0,1.0,0.0,1669498.390625,1568180.96875,4.0,4.0,3.7336873710155487,3.7336873710155487,4.8516969084739685,4.8516969084739685,0.7220686227083206,0.8487172871828079,1.1752602765244826,-0.0712369517627368,-0.0669626747377253,below
data/transformers/runs_unified_vector_vproj_precond/results.csv,unified_softmax_richardson,vector_vproj_precond,row,weak_inverse,K8_cond100_below_H1_dh4_jacobi_linear_richardson,128,0.02,linear_richardson,5.0,,,,0,,,,,,,,8.0,correlated,100.0,1.0,32.0,1.0,4.0,4.0,coordinate,jacobi,none,context,0.8626358807086945,0.8722455203533173,0.9904391393065451,0.9711661413311958,0.0212548014242202,21.869422912597656,-0.5070236288011074,0.2861328125,0.5723672807216644,0.9508056640625,0.5723673030734062,0.5202472060918808,0.6787791401147842,8.0,0.7244226187467575,4.0,1.0,1.0,0.0,1681943.0625,1578177.640625,4.0,4.0,3.734672963619232,3.734672963619232,0.0,0.0,0.7325884029269218,0.8626358807086945,1.1775266860365918,-0.0641724816529574,-0.0593612523078606,below
data/transformers/runs_unified_vector_vproj_precond/results.csv,unified_softmax_richardson,vector_vproj_precond,row,weak_inverse,K8_cond100_below_H1_dh4_lowrank_spectral_softmax_vector,128,0.02,softmax_vector,5.0,,,,0,,,,,,,,8.0,correlated,100.0,1.0,32.0,1.0,4.0,4.0,coordinate,lowrank_spectral,none,context,0.0381532944738864,0.0469329450279474,0.1740297358483076,0.1520649418234825,0.0215146904811263,3.0222561955451965,-0.5009869895875454,0.653564453125,0.572206474840641,0.9471435546875,0.5722064599394798,0.9808156415820122,0.9892559424042702,4.0,0.0006398523182724,4.0,1.0,1.0,0.0,9.62857973575592,1.8462696224451065,4.0,4.0,3.7252606749534607,3.7252606749534607,4.851697325706482,4.851697325706482,0.2218593936413526,0.0381532944738864,0.1719120957222229,-1.4184679554795985,-1.328522193086524,below
data/transformers/runs_unified_vector_vproj_precond/results.csv,unified_softmax_richardson,vector_vproj_precond,row,weak_inverse,K8_cond100_below_H1_dh4_lowrank_spectral_softmax_vector_projected,128,0.02,softmax_vector_projected,5.0,,,,0,,,,,,,,8.0,correlated,100.0,1.0,32.0,1.0,4.0,4.0,coordinate,lowrank_spectral,none,context,0.9672900959849358,0.9758241698145866,1.0898983925580978,1.0646100044250488,0.0213494424242526,24.1435980796814,-0.5046926066279411,0.26904296875,0.5725126191973686,0.9493408203125,0.5725126042962074,0.98087739944458,0.9894622936844826,4.0,0.0006399121048161,4.0,1.0,1.0,0.0,1676880.703125,1673019.046875,4.0,4.0,3.746877461671829,3.746877461671829,4.851697325706482,4.851697325706482,0.965983122587204,0.9672900959849358,1.0013549681042213,-0.0144432589144571,-0.0106284292170844,below
data/transformers/runs_unified_vector_vproj_precond/results.csv,unified_softmax_richardson,vector_vproj_precond,row,weak_inverse,K8_cond100_below_H1_dh4_lowrank_spectral_linear_richardson,128,0.02,linear_richardson,5.0,,,,0,,,,,,,,8.0,correlated,100.0,1.0,32.0,1.0,4.0,4.0,coordinate,lowrank_spectral,none,context,0.9570530503988266,0.9653278663754464,1.044070929288864,1.0279133915901184,0.0211232444271445,23.12707543373108,-0.5097484700381756,0.2784423828125,0.5724616721272469,0.9488525390625,0.5724616646766663,0.9810002371668816,0.9890650436282158,4.0,0.0006376077290042,4.0,1.0,1.0,0.0,1713679.71875,1709557.71875,4.0,4.0,3.74758306145668,3.74758306145668,0.0,0.0,0.9556254968047142,0.9570530503988266,1.0014932373172418,-0.0190639881824977,-0.0153251567349877,below
data/transformers/runs_unified_vector_vproj_precond/results.csv,unified_softmax_richardson,vector_vproj_precond,row,weak_inverse,K8_cond1000_below_H1_dh4_jacobi_softmax_vector,128,0.02,softmax_vector,5.0,,,,0,,,,,,,,8.0,correlated,1000.0,1.0,32.0,1.0,4.0,4.0,coordinate,jacobi,none,context,1.8936823096282751e-06,0.0450929002836346,0.0216002268716692,6.5521046366257e-08,0.0215995833277702,-0.4985421076416969,-0.4985578171908855,0.947998046875,0.5716975182294846,0.947998046875,0.5716975256800652,0.5073618367314339,0.6653283163905144,8.0,0.7321561053395271,4.0,1.0,1.0,0.0,2.9088577926158905,0.0348255382850766,4.0,4.0,3.487293601036072,3.487293601036072,4.851936221122742,4.851936221122742,1.0354096591472626,1.8936823096282751e-06,1.8358600869592008e-06,-5.722692877892405,-1.3458918308573038,below
data/transformers/runs_unified_vector_vproj_precond/results.csv,unified_softmax_richardson,vector_vproj_precond,row,weak_inverse,K8_cond1000_below_H1_dh4_jacobi_softmax_vector_projected,128,0.02,softmax_vector_projected,5.0,,,,0,,,,,,,,8.0,correlated,1000.0,1.0,32.0,1.0,4.0,4.0,coordinate,jacobi,none,context,2.1950541734695435,2.2396488189697266,0.9652273580431938,0.948012225329876,0.0213249258231371,21.31266760826111,-0.5053641274571419,0.2978515625,0.5717974305152893,0.9503173828125,0.5717974305152893,0.5066732540726662,0.6586477607488632,8.0,0.732664443552494,4.0,1.0,1.0,0.0,2291808.21875,2161892.65625,4.0,4.0,3.501139312982559,3.501139312982559,4.851936340332031,4.851936340332031,1.4229013472795486,2.1950541734695435,1.5420717341163144,0.3414452430057312,0.3501799255036429,below
data/transformers/runs_unified_vector_vproj_precond/results.csv,unified_softmax_richardson,vector_vproj_precond,row,weak_inverse,K8_cond1000_below_H1_dh4_jacobi_linear_richardson,128,0.02,linear_richardson,5.0,,,,0,,,,,,,,8.0,correlated,1000.0,1.0,32.0,1.0,4.0,4.0,coordinate,jacobi,none,context,2.276948750019073,2.318304806947708,0.9955863356590272,0.978152796626091,0.0209820894524455,22.04611730575561,-0.5133512243628502,0.2958984375,0.5716312006115913,0.9510498046875,0.5716312080621719,0.5068804919719696,0.6735273003578186,8.0,0.7325922101736069,4.0,1.0,1.0,0.0,2414159.65625,2281989.71875,4.0,4.0,3.455585241317749,3.455585241317749,0.0,0.0,1.4745952636003494,2.276948750019073,1.5438970201499225,0.3573532555451379,0.3651705357141884,below
data/transformers/runs_unified_vector_vproj_precond/results.csv,unified_softmax_richardson,vector_vproj_precond,row,weak_inverse,K8_cond1000_below_H1_dh4_lowrank_spectral_softmax_vector,128,0.02,softmax_vector,5.0,,,,0,,,,,,,,8.0,correlated,1000.0,1.0,32.0,1.0,4.0,4.0,coordinate,lowrank_spectral,none,context,0.1083253500983119,0.1533259712159633,0.5716302469372749,0.5465892180800438,0.0213985880836844,12.25614321231842,-0.5034314803779125,0.4769287109375,0.5715573355555534,0.9493408203125,0.5715573281049728,0.9976078793406488,0.99857260286808,4.0,0.0005022457262384,4.0,1.0,1.0,0.0,2.877803921699524,1.7666856199502945,4.0,4.0,3.478375107049942,3.478375107049942,4.851936399936676,4.851936399936676,0.3032817728817463,0.1083253500983119,0.357036999855329,-0.9652698986885168,-0.8143842756709749,below
data/transformers/runs_unified_vector_vproj_precond/results.csv,unified_softmax_richardson,vector_vproj_precond,row,weak_inverse,K8_cond1000_below_H1_dh4_lowrank_spectral_softmax_vector_projected,128,0.02,softmax_vector_projected,5.0,,,,0,,,,,,,,8.0,correlated,1000.0,1.0,32.0,1.0,4.0,4.0,coordinate,lowrank_spectral,none,context,2.6092671751976013,2.6535964012146,1.1317702382802963,1.110003426671028,0.0212794241961091,25.15884041786194,-0.506327573210001,0.2872314453125,0.5719150528311729,0.9517822265625,0.5719150379300117,0.9976072162389756,0.9985914826393129,4.0,0.0005015136339352,4.0,1.0,1.0,0.0,2440455.125,2437491.4375,4.0,4.0,3.4279845356941223,3.4279845356941223,4.851936519145966,4.851936519145966,2.6092854142189026,2.6092671751976013,0.9999946826163384,0.416518550841596,0.4238348695252559,below
data/transformers/runs_unified_vector_vproj_precond/results.csv,unified_softmax_richardson,vector_vproj_precond,row,weak_inverse,K8_cond1000_below_H1_dh4_lowrank_spectral_linear_richardson,128,0.02,linear_richardson,5.0,,,,0,,,,,,,,8.0,correlated,1000.0,1.0,32.0,1.0,4.0,4.0,coordinate,lowrank_spectral,none,context,2.5201633274555206,2.5629983246326447,1.0726936906576157,1.0502174496650696,0.0215739591512829,23.83373713493347,-0.4992908053100109,0.2791748046875,0.5718495845794678,0.9482421875,0.5718495845794678,0.99761001765728,0.9986104741692544,4.0,0.0005012988767703,4.0,1.0,1.0,0.0,2330722.125,2327872.96875,4.0,4.0,3.455951750278473,3.455951750278473,0.0,0.0,2.5203643143177032,2.5201633274555206,0.9999227038364286,0.4014286875728651,0.4087483222969887,below
data/transformers/runs_unified_vector_vproj_precond/results.csv,unified_softmax_richardson,vector_vproj_precond,row,weak_inverse,K8_cond10_at_H1_dh8_jacobi_softmax_vector,128,0.02,softmax_vector,5.0,,,,0,,,,,,,,8.0,correlated,10.0,1.0,32.0,1.0,8.0,8.0,coordinate,jacobi,none,context,1.4637480347801102e-06,0.0022892247070558,0.0211975390557199,9.346487033212724e-07,0.0211984319612383,-0.5083717256784439,-0.5083504132926464,0.951416015625,0.5725461840629578,0.951416015625,0.572546198964119,0.5212510302662849,0.675000749528408,8.0,0.7247598320245743,8.0,1.0,1.0,1.0,56.16242742538452,0.6356115490198135,8.0,8.0,7.415403842926025,7.415403842926025,4.849552512168884,4.849552512168884,0.1291471095755696,1.4637480347801102e-06,1.1340720702687657e-05,-5.834533675000521,-2.640311575501675,at
data/transformers/runs_unified_vector_vproj_precond/results.csv,unified_softmax_richardson,vector_vproj_precond,row,weak_inverse,K8_cond10_at_H1_dh8_jacobi_softmax_vector_projected,128,0.02,softmax_vector_projected,5.0,,,,0,,,,,,,,8.0,correlated,10.0,1.0,32.0,1.0,8.0,8.0,coordinate,jacobi,none,context,1.473176567401424e-06,0.0022936884488444,0.0212912813294678,9.304912111929298e-07,0.0212912142742425,-0.5062847025692463,-0.5062827356159687,0.950927734375,0.5723444074392319,0.950927734375,0.5723444074392319,0.5221628397703171,0.6840868145227432,8.0,0.7237978801131248,8.0,1.0,1.0,1.0,56.60625600814819,0.6306286454200745,8.0,8.0,7.410301625728607,7.410301625728607,4.849550724029541,4.849550724029541,0.1297915372997522,1.473176567401424e-06,1.1352549859935737e-05,-5.8317451977245325,-2.639465572544811,at
data/transformers/runs_unified_vector_vproj_precond/results.csv,unified_softmax_richardson,vector_vproj_precond,row,weak_inverse,K8_cond10_at_H1_dh8_jacobi_linear_richardson,128,0.02,linear_richardson,5.0,,,,0,,,,,,,,8.0,correlated,10.0,1.0,32.0,1.0,8.0,8.0,coordinate,jacobi,none,context,7.780588426011458e-14,0.0022985877876635,0.0206962162628769,6.728093746060295e-14,0.0206962160300463,-0.5200868956744671,-0.5200868956744671,0.955322265625,0.5726303905248642,0.955322265625,0.5726303905248642,0.5201672911643982,0.681733027100563,8.0,0.7252939566969872,8.0,1.0,1.0,1.0,1.4672433601425894e-08,4.140451137502056e-08,8.0,8.0,7.413522601127624,7.413522601127624,0.0,0.0,0.129212774336338,7.780588426011458e-14,6.023657294182696e-13,-13.108987557186888,-2.6385389050223043,at
data/transformers/runs_unified_vector_vproj_precond/results.csv,unified_softmax_richardson,vector_vproj_precond,row,weak_inverse,K8_cond10_at_H1_dh8_lowrank_spectral_softmax_vector,128,0.02,softmax_vector,5.0,,,,0,,,,,,,,8.0,correlated,10.0,1.0,32.0,1.0,8.0,8.0,coordinate,lowrank_spectral,none,context,1.464919506588558e-06,0.0022988597629591,0.0210492238402366,9.184389924143944e-07,0.0210471367463469,-0.5118102878332138,-0.5118635594844818,0.953125,0.5726909190416336,0.9530029296875,0.5726909190416336,1.1794604688475374e-06,8.757182399676822e-06,8.0,0.0009225310423062,8.0,1.0,1.0,1.0,54.20885515213013,0.6226190403103828,8.0,8.0,7.423960864543915,7.423960864543915,4.849549174308777,4.849549174308777,0.0001127308914874,1.464919506588558e-06,0.0130142931859809,-5.834186237975279,-2.638487521132032,at
data/transformers/runs_unified_vector_vproj_precond/results.csv,unified_softmax_richardson,vector_vproj_precond,row,weak_inverse,K8_cond10_at_H1_dh8_lowrank_spectral_softmax_vector_projected,128,0.02,softmax_vector_projected,5.0,,,,0,,,,,,,,8.0,correlated,10.0,1.0,32.0,1.0,8.0,8.0,coordinate,lowrank_spectral,none,context,1.462249656469794e-06,0.0023063323460519,0.0209784090984612,9.170127128754756e-07,0.0209748165216296,-0.5130972638726234,-0.5131831169128418,0.9530029296875,0.5723985582590103,0.9527587890625,0.5723985731601715,1.1785277393983051e-06,7.86535622410156e-06,8.0,0.0009228163398802,8.0,1.0,1.0,1.0,54.68002605438232,0.6374462470412254,8.0,8.0,7.422529995441437,7.422529995441437,4.849551022052765,4.849551022052765,0.0001132215311372,1.462249656469794e-06,0.0129272115469655,-5.834978471994587,-2.6370781100263967,at
data/transformers/runs_unified_vector_vproj_precond/results.csv,unified_softmax_richardson,vector_vproj_precond,row,weak_inverse,K8_cond10_at_H1_dh8_lowrank_spectral_linear_richardson,128,0.02,linear_richardson,5.0,,,,0,,,,,,,,8.0,correlated,10.0,1.0,32.0,1.0,8.0,8.0,coordinate,lowrank_spectral,none,context,6.453196826325436e-14,0.0022834403498563,0.0216232263483107,6.231806808462044e-14,0.02162322611548,-0.4981849268078804,-0.4981849230825901,0.9482421875,0.5726700499653816,0.9482421875,0.5726700499653816,1.1927333929406814e-06,8.81508162819955e-06,8.0,0.0009238821294275,8.0,1.0,1.0,1.0,1.4091922184711336e-08,4.1355460389524985e-08,8.0,8.0,7.384393095970154,7.384393095970154,0.0,0.0,5.718556460613741e-13,6.453196826325436e-14,0.1134518984189874,-13.19022508845193,-2.641410328951475,at
data/transformers/runs_unified_vector_vproj_precond/results.csv,unified_softmax_richardson,vector_vproj_precond,row,weak_inverse,K8_cond100_at_H1_dh8_jacobi_softmax_vector,128,0.02,softmax_vector,5.0,,,,0,,,,,,,,8.0,correlated,100.0,1.0,32.0,1.0,8.0,8.0,coordinate,jacobi,none,context,4.91613059239171e-06,0.0087505084229633,0.0215373032260686,8.958517341284278e-07,0.0215363889001309,-0.5002542957663536,-0.5002731904387474,0.9447021484375,0.5723425298929214,0.9447021484375,0.5723425224423409,0.5188519358634949,0.6790695115923882,8.0,0.7254322916269302,8.0,1.0,1.0,1.0,89.32073974609375,0.7491176426410675,8.0,8.0,6.283576607704163,6.283576607704163,4.84954971075058,4.84954971075058,0.2865021973848343,4.91613059239171e-06,1.7169917729003534e-05,-5.30837658900735,-2.057966712820808,at
data/transformers/runs_unified_vector_vproj_precond/results.csv,unified_softmax_richardson,vector_vproj_precond,row,weak_inverse,K8_cond100_at_H1_dh8_jacobi_softmax_vector_projected,128,0.02,softmax_vector_projected,5.0,,,,0,,,,,,,,8.0,correlated,100.0,1.0,32.0,1.0,8.0,8.0,coordinate,jacobi,none,context,4.902483567548188e-06,0.0087266530608758,0.0216679265722632,8.977414509558912e-07,0.0216668045613914,-0.4972622022032738,-0.4972866624593735,0.9490966796875,0.5724686980247498,0.94921875,0.5724687054753304,0.5189359188079834,0.6744085773825645,8.0,0.7260915115475655,8.0,1.0,1.0,1.0,87.53898620605469,0.749424435198307,8.0,8.0,6.229375958442688,6.229375958442688,4.849547743797302,4.849547743797302,0.2770463973283767,4.902483567548188e-06,1.769511517140737e-05,-5.309583853353214,-2.059152289616211,at
data/transformers/runs_unified_vector_vproj_precond/results.csv,unified_softmax_richardson,vector_vproj_precond,row,weak_inverse,K8_cond100_at_H1_dh8_jacobi_linear_richardson,128,0.02,linear_richardson,5.0,,,,0,,,,,,,,8.0,correlated,100.0,1.0,32.0,1.0,8.0,8.0,coordinate,jacobi,none,context,1.400462421540221e-13,0.0087438292102888,0.0203965969849377,7.146131610584602e-14,0.0203965951222926,-0.5269987061619759,-0.5269987285137177,0.9532470703125,0.5724366530776024,0.9532470703125,0.5724366679787636,0.518890805542469,0.6817715764045715,8.0,0.725863516330719,8.0,1.0,1.0,1.0,2.305189417128873e-08,6.364239801825988e-08,8.0,8.0,6.195499837398529,6.195499837398529,0.0,0.0,0.2788714580237865,1.400462421540221e-13,5.022395604748011e-13,-12.853728540061889,-2.058298333875545,at
data/transformers/runs_unified_vector_vproj_precond/results.csv,unified_softmax_richardson,vector_vproj_precond,row,weak_inverse,K8_cond100_at_H1_dh8_lowrank_spectral_softmax_vector,128,0.02,softmax_vector,5.0,,,,0,,,,,,,,8.0,correlated,100.0,1.0,32.0,1.0,8.0,8.0,coordinate,lowrank_spectral,none,context,5.041106305725407e-06,0.0088443927234038,0.0211364033166319,9.534685929679654e-07,0.0211360326502472,-0.5097309201955795,-0.5097409039735794,0.952880859375,0.5724707469344139,0.952880859375,0.5724707394838333,1.8505179610883715e-06,5.127522581460653e-05,8.0,0.000639387704723,8.0,1.0,1.0,1.0,89.0020637512207,0.758814126253128,8.0,8.0,6.1555415987968445,6.1555415987968445,4.84954971075058,4.84954971075058,0.0004519877875281,5.041106305725407e-06,0.0111784237876616,-5.297474144160114,-2.053331981400824,at
data/transformers/runs_unified_vector_vproj_precond/results.csv,unified_softmax_richardson,vector_vproj_precond,row,weak_inverse,K8_cond100_at_H1_dh8_lowrank_spectral_softmax_vector_projected,128,0.02,softmax_vector_projected,5.0,,,,0,,,,,,,,8.0,correlated,100.0,1.0,32.0,1.0,8.0,8.0,coordinate,lowrank_spectral,none,context,4.954953453761846e-06,0.0087739686714485,0.0206346602644771,8.984832930991615e-07,0.0206350740045309,-0.5217203125357628,-0.5217118710279465,0.9525146484375,0.572363905608654,0.95263671875,0.5723639130592346,1.8602896716402029e-06,5.195137009650352e-05,8.0,0.000639795573079,8.0,1.0,1.0,1.0,88.43438148498535,0.748440720140934,8.0,8.0,6.222321808338165,6.222321808338165,4.849551737308502,4.849551737308502,0.0004599687454174,4.954953453761846e-06,0.0107879867270515,-5.304960420869792,-2.056803920631019,at
data/transformers/runs_unified_vector_vproj_precond/results.csv,unified_softmax_richardson,vector_vproj_precond,row,weak_inverse,K8_cond100_at_H1_dh8_lowrank_spectral_linear_richardson,128,0.02,linear_richardson,5.0,,,,0,,,,,,,,8.0,correlated,100.0,1.0,32.0,1.0,8.0,8.0,coordinate,lowrank_spectral,none,context,1.0485509538410561e-13,0.0087174120126292,0.0219398948829621,6.244683318622908e-14,0.0219398948829621,-0.4905982911586761,-0.4905982837080955,0.947021484375,0.5724043771624565,0.947021484375,0.5724043920636177,1.823397568045948e-06,4.727790883407579e-05,8.0,0.0006396387834683,8.0,1.0,1.0,1.0,2.3193889697736842e-08,6.201020052998274e-08,8.0,8.0,6.2592737674713135,6.2592737674713135,0.0,0.0,5.835774680336414e-12,1.0485509538410561e-13,0.0184340477519322,-12.9794104603495,-2.05961242739018,at
data/transformers/runs_unified_vector_vproj_precond/results.csv,unified_softmax_richardson,vector_vproj_precond,row,weak_inverse,K8_cond1000_at_H1_dh8_jacobi_softmax_vector,128,0.02,softmax_vector,5.0,,,,0,,,,,,,,8.0,correlated,1000.0,1.0,32.0,1.0,8.0,8.0,coordinate,jacobi,none,context,2.185737844229152e-05,0.0451747216284275,0.0208163275383412,8.737469912034612e-07,0.020817240467295,-0.5169732607901096,-0.5169518142938614,0.95361328125,0.5717423185706139,0.9539794921875,0.5717423260211945,0.5066249147057533,0.6658018156886101,8.0,0.7316993623971939,8.0,1.0,1.0,1.0,135.717378616333,0.8828412145376205,8.0,8.0,5.028879761695862,5.028879761695862,4.849547326564789,4.849547326564789,1.0509696826338768,2.185737844229152e-05,2.0852908311238448e-05,-4.660401928219855,-1.3451045149288532,at
data/transformers/runs_unified_vector_vproj_precond/results.csv,unified_softmax_richardson,vector_vproj_precond,row,weak_inverse,K8_cond1000_at_H1_dh8_jacobi_softmax_vector_projected,128,0.02,softmax_vector_projected,5.0,,,,0,,,,,,,,8.0,correlated,1000.0,1.0,32.0,1.0,8.0,8.0,coordinate,jacobi,none,context,2.1542614376812708e-05,0.0449828882701695,0.0213463092222809,8.896476870745573e-07,0.0213437022175639,-0.5045803673565388,-0.5046375282108784,0.947021484375,0.5718406736850739,0.947021484375,0.5718406736850739,0.5064843893051147,0.6728147938847542,8.0,0.732616476714611,8.0,1.0,1.0,1.0,131.1235580444336,0.8724761679768562,8.0,8.0,5.04092800617218,5.04092800617218,4.849551558494568,4.849551558494568,1.0247791856527328,2.1542614376812708e-05,2.106866927681355e-05,-4.666701592564274,-1.346952662739295,at
data/transformers/runs_unified_vector_vproj_precond/results.csv,unified_softmax_richardson,vector_vproj_precond,row,weak_inverse,K8_cond1000_at_H1_dh8_jacobi_linear_richardson,128,0.02,linear_richardson,5.0,,,,0,,,,,,,,8.0,correlated,1000.0,1.0,32.0,1.0,8.0,8.0,coordinate,jacobi,none,context,3.25241725641478e-13,0.0456466856412589,0.0208858214318752,7.79028695325752e-14,0.0208858211990445,-0.5151297301054001,-0.5151297226548195,0.9515380859375,0.5719281807541847,0.9515380859375,0.5719281807541847,0.5062956362962723,0.659003496170044,8.0,0.732875145971775,8.0,1.0,1.0,1.0,3.155753436345776e-08,9.669180922600162e-08,8.0,8.0,4.962962746620178,4.962962746620178,0.0,0.0,1.020945467054844,3.25241725641478e-13,3.1911114062146933e-13,-12.48779374335656,-1.3405907506591013,at
data/transformers/runs_unified_vector_vproj_precond/results.csv,unified_softmax_richardson,vector_vproj_precond,row,weak_inverse,K8_cond1000_at_H1_dh8_lowrank_spectral_softmax_vector,128,0.02,softmax_vector,5.0,,,,0,,,,,,,,8.0,correlated,1000.0,1.0,32.0,1.0,8.0,8.0,coordinate,lowrank_spectral,none,context,2.1839286546310177e-05,0.0450047180056571,0.0213583358563482,8.831037021650445e-07,0.0213588275946676,-0.5040331073105335,-0.504018135368824,0.9515380859375,0.5718448907136917,0.9517822265625,0.5718448758125305,3.574375887183123e-05,0.0004078891215613,8.0,0.0005021430115448,8.0,1.0,1.0,1.0,130.4227409362793,0.8525157049298286,8.0,8.0,5.033270597457886,5.033270597457886,4.849551618099213,4.849551618099213,0.0022839823213871,2.1839286546310177e-05,0.0095837381656082,-4.660761553424336,-1.3467419551931774,at
data/transformers/runs_unified_vector_vproj_precond/results.csv,unified_softmax_richardson,vector_vproj_precond,row,weak_inverse,K8_cond1000_at_H1_dh8_lowrank_spectral_softmax_vector_projected,128,0.02,softmax_vector_projected,5.0,,,,0,,,,,,,,8.0,correlated,1000.0,1.0,32.0,1.0,8.0,8.0,coordinate,lowrank_spectral,none,context,2.1318752487786696e-05,0.0452168313786387,0.0211545671336352,9.019112141572804e-07,0.0211582004558295,-0.5092423669993877,-0.5091564133763313,0.95166015625,0.5717880874872208,0.9517822265625,0.5717880800366402,3.5525862131180475e-05,0.0004025512498628,8.0,0.0005024161364417,8.0,1.0,1.0,1.0,134.83322620391846,0.8869422078132629,8.0,8.0,4.917444586753845,4.917444586753845,4.84955370426178,4.84955370426178,0.0024335452180821,2.1318752487786696e-05,0.0088076985033593,-4.6712382125686345,-1.344699874608698,at
data/transformers/runs_unified_vector_vproj_precond/results.csv,unified_softmax_richardson,vector_vproj_precond,row,weak_inverse,K8_cond1000_at_H1_dh8_lowrank_spectral_linear_richardson,128,0.02,linear_richardson,5.0,,,,0,,,,,,,,8.0,correlated,1000.0,1.0,32.0,1.0,8.0,8.0,coordinate,lowrank_spectral,none,context,3.03704954116241e-13,0.0448819417506456,0.0211546195205301,7.580595985055015e-14,0.0211546204518526,-0.5088404081761837,-0.5088403597474098,0.94970703125,0.5719333961606026,0.94970703125,0.5719334110617638,3.4750077247736044e-05,0.0004002679925179,8.0,0.0005011407920392,8.0,1.0,1.0,1.0,3.2283457462867204e-08,9.909108911188016e-08,8.0,8.0,5.058848023414612,5.058848023414612,0.0,0.0,1.8163281156891031e-09,3.03704954116241e-13,0.0001688808345994,-12.517548123696493,-1.3479283622387823,at
data/transformers/runs_unified_vector_vproj_precond/results.csv,unified_softmax_richardson,vector_vproj_precond,row,weak_inverse,K8_cond10_above_H1_dh16_jacobi_softmax_vector,128,0.02,softmax_vector,5.0,,,,0,,,,,,,,8.0,correlated,10.0,1.0,32.0,1.0,16.0,16.0,coordinate,jacobi,none,context,3.6379308099299124e-07,0.0023050110903568,0.0212045209482312,2.3313999797380802e-07,0.021206357050687,-0.5084229856729507,-0.5083825774490833,0.952392578125,0.5725685209035873,0.952392578125,0.5725685209035873,0.5216299295425415,0.680917464196682,8.0,0.7240521311759949,8.0,1.0,1.0,1.0,14.06224501132965,0.1552750300616026,8.0,8.0,7.418055832386017,7.418055832386017,4.850790083408356,4.850790083408356,0.1298268316313624,3.6379308099299124e-07,2.8033756092655178e-06,-6.439145565072257,-2.637326980699844,above
data/transformers/runs_unified_vector_vproj_precond/results.csv,unified_softmax_richardson,vector_vproj_precond,row,weak_inverse,K8_cond10_above_H1_dh16_jacobi_softmax_vector_projected,128,0.02,softmax_vector_projected,5.0,,,,0,,,,,,,,8.0,correlated,10.0,1.0,32.0,1.0,16.0,16.0,coordinate,jacobi,none,context,3.647563708852886e-07,0.0022787823399994,0.021625829860568,2.3675513638465883e-07,0.0216247022617608,-0.4980286136269569,-0.4980526380240917,0.9486083984375,0.5722953677177429,0.948974609375,0.5722953528165817,0.5212881416082382,0.687535747885704,8.0,0.7241311371326447,8.0,1.0,1.0,1.0,14.265797972679138,0.1582669727504253,8.0,8.0,7.380395829677582,7.380395829677582,4.850790441036224,4.850790441036224,0.1303302589803934,3.647563708852886e-07,2.79979806084394e-06,-6.4379971139207,-2.642297154877332,above
data/transformers/runs_unified_vector_vproj_precond/results.csv,unified_softmax_richardson,vector_vproj_precond,row,weak_inverse,K8_cond10_above_H1_dh16_jacobi_linear_richardson,128,0.02,linear_richardson,5.0,,,,0,,,,,,,,8.0,correlated,10.0,1.0,32.0,1.0,16.0,16.0,coordinate,jacobi,none,context,8.189700342040899e-14,0.0022814259282313,0.0209364120382815,7.0838427558193e-14,0.0209364127367734,-0.5139895156025887,-0.5139895081520081,0.953125,0.5726505219936371,0.953125,0.5726504996418953,0.5217674523591995,0.6823792308568954,8.0,0.7245157957077026,8.0,1.0,1.0,1.0,1.4001946935238152e-08,4.2684903611700526e-08,8.0,8.0,7.387081146240234,7.387081146240234,0.0,0.0,0.1282836822792887,8.189700342040899e-14,6.39257417995084e-13,-13.086731988615522,-2.6417936270371074,above
data/transformers/runs_unified_vector_vproj_precond/results.csv,unified_softmax_richardson,vector_vproj_precond,row,weak_inverse,K8_cond10_above_H1_dh16_lowrank_spectral_softmax_vector,128,0.02,softmax_vector,5.0,,,,0,,,,,,,,8.0,correlated,10.0,1.0,32.0,1.0,16.0,16.0,coordinate,lowrank_spectral,none,context,3.654762927851607e-07,0.0023127675813157,0.0215306938625872,2.291396157261261e-07,0.0215315071400254,-0.5007154308259487,-0.5006976537406445,0.94775390625,0.5726110935211182,0.947998046875,0.5726110860705376,1.2027619220589258e-06,8.77540924193454e-06,8.0,0.0009239367427653,8.0,1.0,1.0,1.0,13.648882269859314,0.1562595535069704,8.0,8.0,7.392355561256409,7.392355561256409,4.850791156291962,4.850791156291962,2.8429394888007664e-05,3.654762927851607e-07,0.0128639061208786,-6.437140789011208,-2.635868008917117,above
data/transformers/runs_unified_vector_vproj_precond/results.csv,unified_softmax_richardson,vector_vproj_precond,row,weak_inverse,K8_cond10_above_H1_dh16_lowrank_spectral_softmax_vector_projected,128,0.02,softmax_vector_projected,5.0,,,,0,,,,,,,,8.0,correlated,10.0,1.0,32.0,1.0,16.0,16.0,coordinate,lowrank_spectral,none,context,3.63274665460267e-07,0.0022886891965754,0.0212930694688111,2.24693906147877e-07,0.0212938555050641,-0.50596484541893,-0.5059472694993019,0.94970703125,0.5724611654877663,0.9498291015625,0.5724611431360245,1.1843140583778222e-06,8.18443760408627e-06,8.0,0.0009228666385752,8.0,1.0,1.0,1.0,13.645174622535706,0.156677121296525,8.0,8.0,7.372244596481323,7.372244596481323,4.850790500640869,4.850790500640869,2.8249670094737667e-05,3.63274665460267e-07,0.0128848465160703,-6.439764888496926,-2.640413180404081,above
data/transformers/runs_unified_vector_vproj_precond/results.csv,unified_softmax_richardson,vector_vproj_precond,row,weak_inverse,K8_cond10_above_H1_dh16_lowrank_spectral_linear_richardson,128,0.02,linear_richardson,5.0,,,,0,,,,,,,,8.0,correlated,10.0,1.0,32.0,1.0,16.0,16.0,coordinate,lowrank_spectral,none,context,6.437964717538255e-14,0.002303837245563,0.0207102419808506,6.254288333431594e-14,0.0207102429121732,-0.519370548427105,-0.5193705558776855,0.954833984375,0.5727391913533211,0.954833984375,0.5727391913533211,1.1826229950884226e-06,8.808838458662649e-06,8.0,0.0009221976506523,8.0,1.0,1.0,1.0,1.4279576188158673e-08,4.106877904419548e-08,8.0,8.0,7.40957897901535,7.40957897901535,0.0,0.0,5.678079263281982e-13,6.437964717538255e-14,0.1141339866839016,-13.191251407740562,-2.63754820487145,above
data/transformers/runs_unified_vector_vproj_precond/results.csv,unified_softmax_richardson,vector_vproj_precond,row,weak_inverse,K8_cond100_above_H1_dh16_jacobi_softmax_vector,128,0.02,softmax_vector,5.0,,,,0,,,,,,,,8.0,correlated,100.0,1.0,32.0,1.0,16.0,16.0,coordinate,jacobi,none,context,1.2613903095370915e-06,0.0087283938191831,0.0215586563572287,2.356528856495288e-07,0.0215580721851438,-0.4997332096099853,-0.499745562672615,0.945556640625,0.5725477710366249,0.9454345703125,0.5725477710366249,0.5193376839160919,0.6792007759213448,8.0,0.7256006151437759,8.0,1.0,1.0,1.0,22.19400453567505,0.1866637505590915,8.0,8.0,6.217137038707733,6.217137038707733,4.850792407989502,4.850792407989502,0.2798136733472347,1.2613903095370915e-06,4.511989644265765e-06,-5.899150509739349,-2.0590656669064726,above
data/transformers/runs_unified_vector_vproj_precond/results.csv,unified_softmax_richardson,vector_vproj_precond,row,weak_inverse,K8_cond100_above_H1_dh16_jacobi_softmax_vector_projected,128,0.02,softmax_vector_projected,5.0,,,,0,,,,,,,,8.0,correlated,100.0,1.0,32.0,1.0,16.0,16.0,coordinate,jacobi,none,context,1.2672846736450083e-06,0.0087483283132314,0.0210644376929849,2.2696861279314362e-07,0.0210643978789448,-0.5114919357001781,-0.511491846293211,0.951171875,0.5723785683512688,0.951171875,0.5723785683512688,0.5203749686479568,0.6703433319926262,8.0,0.7251660451292992,8.0,1.0,1.0,1.0,21.68379092216492,0.1875359285622835,8.0,8.0,6.276731908321381,6.276731908321381,4.850790202617645,4.850790202617645,0.284752644598484,1.2672846736450083e-06,4.45315544917793e-06,-5.897125817392635,-2.058074926829048,above
data/transformers/runs_unified_vector_vproj_precond/results.csv,unified_softmax_richardson,vector_vproj_precond,row,weak_inverse,K8_cond100_above_H1_dh16_jacobi_linear_richardson,128,0.02,linear_richardson,5.0,,,,0,,,,,,,,8.0,correlated,100.0,1.0,32.0,1.0,16.0,16.0,coordinate,jacobi,none,context,1.4670693909783197e-13,0.0086643579415977,0.0209371983073651,6.41230669196156e-14,0.0209371966775506,-0.5143225342035294,-0.5143225863575935,0.9503173828125,0.5724102258682251,0.9503173828125,0.5724102333188057,0.519254706799984,0.6841333359479904,8.0,0.7255159169435501,8.0,1.0,1.0,1.0,2.2731914794960065e-08,6.202154612111599e-08,8.0,8.0,6.210800766944885,6.210800766944885,0.0,0.0,0.2792649231851101,1.4670693909783197e-13,5.305758454782747e-13,-12.833549343957491,-2.0622636144564126,above
data/transformers/runs_unified_vector_vproj_precond/results.csv,unified_softmax_richardson,vector_vproj_precond,row,weak_inverse,K8_cond100_above_H1_dh16_lowrank_spectral_softmax_vector,128,0.02,softmax_vector,5.0,,,,0,,,,,,,,8.0,correlated,100.0,1.0,32.0,1.0,16.0,16.0,coordinate,lowrank_spectral,none,context,1.2579687052038937e-06,0.0086733044590801,0.0220086032059043,2.2300582713796762e-07,0.0220068856142461,-0.4893238693475723,-0.4893636181950569,0.9495849609375,0.5724179819226265,0.94970703125,0.5724179893732071,1.81999443782388e-06,4.61331778751628e-05,8.0,0.0006402646395144,8.0,1.0,1.0,1.0,21.345431566238403,0.1846220884472131,8.0,8.0,6.226830422878265,6.226830422878265,4.850790917873383,4.850790917873383,0.0001106165964301,1.2579687052038937e-06,0.0113794115614169,-5.90033016280674,-2.061815408299213,above
data/transformers/runs_unified_vector_vproj_precond/results.csv,unified_softmax_richardson,vector_vproj_precond,row,weak_inverse,K8_cond100_above_H1_dh16_lowrank_spectral_softmax_vector_projected,128,0.02,softmax_vector_projected,5.0,,,,0,,,,,,,,8.0,correlated,100.0,1.0,32.0,1.0,16.0,16.0,coordinate,lowrank_spectral,none,context,1.2600094692061248e-06,0.0088420973625034,0.0211800418328493,2.287805536127508e-07,0.021179377567023,-0.5086142010986805,-0.5086302906274796,0.951416015625,0.5726910829544067,0.9517822265625,0.5726910829544067,1.809735621804976e-06,4.660927424993133e-05,8.0,0.0006400329293683,8.0,1.0,1.0,1.0,22.47959804534912,0.1821334566920995,8.0,8.0,6.27306067943573,6.27306067943573,4.850790977478027,4.850790977478027,0.0001149421213995,1.2600094692061248e-06,0.010983659826751,-5.899626191066155,-2.0534447072807245,above
data/transformers/runs_unified_vector_vproj_precond/results.csv,unified_softmax_richardson,vector_vproj_precond,row,weak_inverse,K8_cond100_above_H1_dh16_lowrank_spectral_linear_richardson,128,0.02,linear_richardson,5.0,,,,0,,,,,,,,8.0,correlated,100.0,1.0,32.0,1.0,16.0,16.0,coordinate,lowrank_spectral,none,context,1.0657796886915033e-13,0.0085589820519089,0.0212308308109641,6.22354425617146e-14,0.0212308324407786,-0.5069041289389133,-0.506904099136591,0.952880859375,0.5725066512823105,0.952880859375,0.5725066587328911,1.8536221233489408e-06,5.749267256760504e-05,8.0,0.0006403114530257,8.0,1.0,1.0,1.0,2.30185934757543e-08,6.309320310649015e-08,8.0,8.0,6.2283042669296265,6.2283042669296265,0.0,0.0,6.9911419318599566e-12,1.0657796886915033e-13,0.0161646738170207,-12.97233256066975,-2.067577884333048,above
data/transformers/runs_unified_vector_vproj_precond/results.csv,unified_softmax_richardson,vector_vproj_precond,row,weak_inverse,K8_cond1000_above_H1_dh16_jacobi_softmax_vector,128,0.02,softmax_vector,5.0,,,,0,,,,,,,,8.0,correlated,1000.0,1.0,32.0,1.0,16.0,16.0,coordinate,jacobi,none,context,5.505239073499979e-06,0.0442695864476263,0.021387571003288,2.122946920479763e-07,0.0213865421246737,-0.503785565495491,-0.5038076005876064,0.947265625,0.5716258734464645,0.9476318359375,0.5716258734464645,0.5063829571008682,0.6646188348531723,8.0,0.7321222946047783,8.0,1.0,1.0,1.0,31.26110601425171,0.2200919277966022,8.0,8.0,4.985257923603058,4.985257923603058,4.850790202617645,4.850790202617645,1.0437297597527504,5.505239073499979e-06,5.283636172541717e-06,-5.259223816374822,-1.3538945350428992,above
data/transformers/runs_unified_vector_vproj_precond/results.csv,unified_softmax_richardson,vector_vproj_precond,row,weak_inverse,K8_cond1000_above_H1_dh16_jacobi_softmax_vector_projected,128,0.02,softmax_vector_projected,5.0,,,,0,,,,,,,,8.0,correlated,1000.0,1.0,32.0,1.0,16.0,16.0,coordinate,jacobi,none,context,5.530790474495007e-06,0.044969426933676,0.0213890895247459,2.123339264414881e-07,0.0213886161800473,-0.5034315697848797,-0.5034410580992699,0.9464111328125,0.5718856751918793,0.9464111328125,0.5718856751918793,0.5067408531904221,0.6669473424553871,8.0,0.7320060655474663,8.0,1.0,1.0,1.0,34.1600821018219,0.2205074708908796,8.0,8.0,4.980076014995575,4.980076014995575,4.850791275501251,4.850791275501251,1.039665400981903,5.530790474495007e-06,5.337744677508893e-06,-5.2572127937988204,-1.3470826468133803,above
data/transformers/runs_unified_vector_vproj_precond/results.csv,unified_softmax_richardson,vector_vproj_precond,row,weak_inverse,K8_cond1000_above_H1_dh16_jacobi_linear_richardson,128,0.02,linear_richardson,5.0,,,,0,,,,,,,,8.0,correlated,1000.0,1.0,32.0,1.0,16.0,16.0,coordinate,jacobi,none,context,3.76485951789074e-13,0.0450983699411153,0.0210414929315447,7.416144707752181e-14,0.0210414903704077,-0.511974886059761,-0.5119749382138252,0.952880859375,0.5718809887766838,0.952880859375,0.5718809962272644,0.5069429352879524,0.6746591329574585,8.0,0.7321243807673454,8.0,1.0,1.0,1.0,3.2681476636042817e-08,9.736353590028557e-08,8.0,8.0,4.99660587310791,4.99660587310791,0.0,0.0,1.0290432274341583,3.76485951789074e-13,3.657121625285538e-13,-12.424251224441534,-1.345839155203468,above
data/transformers/runs_unified_vector_vproj_precond/results.csv,unified_softmax_richardson,vector_vproj_precond,row,weak_inverse,K8_cond1000_above_H1_dh16_lowrank_spectral_softmax_vector,128,0.02,softmax_vector,5.0,,,,0,,,,,,,,8.0,correlated,1000.0,1.0,32.0,1.0,16.0,16.0,coordinate,lowrank_spectral,none,context,5.44290094239841e-06,0.0443246117793023,0.0209948548581451,2.1460218313507085e-07,0.020993179641664,-0.5130122415721416,-0.51304941624403,0.9486083984375,0.5718244090676308,0.9486083984375,0.5718244090676308,3.738951318155159e-05,0.0004618582461262,8.0,0.0005008543594158,8.0,1.0,1.0,1.0,33.4177942276001,0.2234575431793928,8.0,8.0,4.898446321487427,4.898446321487427,4.85078901052475,4.85078901052475,0.0005641170137096,5.44290094239841e-06,0.0096891727938422,-5.264169569515597,-1.353355059513736,above
data/transformers/runs_unified_vector_vproj_precond/results.csv,unified_softmax_richardson,vector_vproj_precond,row,weak_inverse,K8_cond1000_above_H1_dh16_lowrank_spectral_softmax_vector_projected,128,0.02,softmax_vector_projected,5.0,,,,0,,,,,,,,8.0,correlated,1000.0,1.0,32.0,1.0,16.0,16.0,coordinate,lowrank_spectral,none,context,5.398139251155953e-06,0.0450455648824572,0.0208583166822791,2.1562859586765626e-07,0.0208583807107061,-0.5160779803991318,-0.516075849533081,0.9521484375,0.5717983618378639,0.9522705078125,0.5717983618378639,3.564661255950341e-05,0.0004338015096436,8.0,0.0005014262133045,8.0,1.0,1.0,1.0,31.90926766395569,0.220913503319025,8.0,8.0,5.003935098648071,5.003935098648071,4.850789368152618,4.850789368152618,0.0005583622478297,5.398139251155953e-06,0.0097024139640953,-5.267755916513737,-1.3463479625516228,above
data/transformers/runs_unified_vector_vproj_precond/results.csv,unified_softmax_richardson,vector_vproj_precond,row,weak_inverse,K8_cond1000_above_H1_dh16_lowrank_spectral_linear_richardson,128,0.02,linear_richardson,5.0,,,,0,,,,,,,,8.0,correlated,1000.0,1.0,32.0,1.0,16.0,16.0,coordinate,lowrank_spectral,none,context,3.0954697084664e-13,0.0451408107765018,0.0214600495528429,7.420058338781676e-14,0.0214600502513349,-0.5020075477659702,-0.5020075291395187,0.94921875,0.5717245563864708,0.94921875,0.5717245563864708,3.473007973298081e-05,0.0004124965671508,8.0,0.0005012057954445,8.0,1.0,1.0,1.0,3.35868484135915e-08,9.41032487489224e-08,8.0,8.0,5.03306919336319,5.03306919336319,0.0,0.0,1.6926584439636012e-09,3.0954697084664e-13,0.0001864337098248,-12.509273441533246,-1.3454306448019293,above
data/transformers/runs_unified_vector_vproj_precond/results.csv,unified_softmax_richardson,vector_vproj_precond,row,weak_inverse,K16_cond10_below_H1_dh8_jacobi_softmax_vector,128,0.02,softmax_vector,5.0,,,,0,,,,,,,,16.0,correlated,10.0,1.0,32.0,1.0,8.0,8.0,coordinate,jacobi,none,context,6.266684309252923e-07,0.0045906343730166,0.0232799013610929,3.834949886538652e-07,0.0232784182298928,-0.4611907117068767,-0.4612258225679397,0.94775390625,0.592652902007103,0.94775390625,0.5926528945565224,0.7072025910019875,0.8043655529618263,16.0,0.6045939102768898,8.0,1.0,1.0,0.0,3.4769681096076965,0.0514858276583254,8.0,8.0,7.834379971027374,7.834379971027374,4.8514679074287415,4.8514679074287415,0.2258645929396152,6.266684309252923e-07,2.7749137503583504e-06,-6.202962182785705,-2.3381272957995733,below
data/transformers/runs_unified_vector_vproj_precond/results.csv,unified_softmax_richardson,vector_vproj_precond,row,weak_inverse,K16_cond10_below_H1_dh8_jacobi_softmax_vector_projected,128,0.02,softmax_vector_projected,5.0,,,,0,,,,,,,,16.0,correlated,10.0,1.0,32.0,1.0,8.0,8.0,coordinate,jacobi,none,context,0.6237767487764359,0.6283570677042007,0.8412566557526588,0.8196654319763184,0.0223921190481632,17.131469011306763,-0.4809022434055805,0.2862548828125,0.5924400091171265,0.9520263671875,0.5924400165677071,0.7071042954921722,0.80426125228405,16.0,0.6049178168177605,8.0,1.0,1.0,0.0,231930.373046875,201858.1953125,8.0,8.0,7.813474059104919,7.813474059104919,4.851468741893768,4.851468741893768,0.6295493021607399,0.6237767487764359,0.9908299172643842,-0.2049708175658706,-0.2017934956500659,below
data/transformers/runs_unified_vector_vproj_precond/results.csv,unified_softmax_richardson,vector_vproj_precond,row,weak_inverse,K16_cond10_below_H1_dh8_jacobi_linear_richardson,128,0.02,linear_richardson,5.0,,,,0,,,,,,,,16.0,correlated,10.0,1.0,32.0,1.0,8.0,8.0,coordinate,jacobi,none,context,0.619627095758915,0.6240800246596336,0.8211345821619034,0.7984254062175751,0.0229803710244596,16.738276958465576,-0.4676565155386925,0.2821044921875,0.5924149304628372,0.947509765625,0.5924149379134178,0.7066703140735626,0.8045091331005096,16.0,0.6052947714924812,8.0,1.0,1.0,0.0,229988.5625,200169.169921875,8.0,8.0,7.822388470172882,7.822388470172882,0.0,0.0,0.6267711520195007,0.619627095758915,0.9885645599540076,-0.2078695991741553,-0.2047597179461638,below
data/transformers/runs_unified_vector_vproj_precond/results.csv,unified_softmax_richardson,vector_vproj_precond,row,weak_inverse,K16_cond10_below_H1_dh8_lowrank_spectral_softmax_vector,128,0.02,softmax_vector,5.0,,,,0,,,,,,,,16.0,correlated,10.0,1.0,32.0,1.0,8.0,8.0,coordinate,lowrank_spectral,none,context,2.008643195949844e-05,0.0046361469430848,0.0226342165842652,4.895371694146888e-05,0.0225931997410953,-0.475345928221941,-0.4762647226452827,0.950439453125,0.5925963744521141,0.951416015625,0.5925963744521141,0.870642252266407,0.9216078221797944,8.0,0.0016864735662238,8.0,1.0,1.0,0.0,3.50814950466156,0.0514260581694543,8.0,8.0,7.813932538032532,7.813932538032532,4.851468861103058,4.851468861103058,0.1015780381858348,2.008643195949844e-05,0.000197705982945,-4.69709720202339,-2.333842807488516,below
data/transformers/runs_unified_vector_vproj_precond/results.csv,unified_softmax_richardson,vector_vproj_precond,row,weak_inverse,K16_cond10_below_H1_dh8_lowrank_spectral_softmax_vector_projected,128,0.02,softmax_vector_projected,5.0,,,,0,,,,,,,,16.0,correlated,10.0,1.0,32.0,1.0,8.0,8.0,coordinate,lowrank_spectral,none,context,0.7745934128761292,0.7791771441698074,0.9760678261518478,0.9535257443785669,0.0226147104986011,20.08089327812195,-0.4759918302297592,0.257568359375,0.592441126704216,0.951416015625,0.592441126704216,0.8714887797832489,0.9220558553934096,8.0,0.0016814523405628,8.0,1.0,1.0,0.0,231980.091796875,227153.732421875,8.0,8.0,7.818695425987244,7.818695425987244,4.851468503475189,4.851468503475189,0.7796503826975822,0.7745934128761292,0.9935207230434756,-0.1109262005641273,-0.1083637952291765,below
data/transformers/runs_unified_vector_vproj_precond/results.csv,unified_softmax_richardson,vector_vproj_precond,row,weak_inverse,K16_cond10_below_H1_dh8_lowrank_spectral_linear_richardson,128,0.02,linear_richardson,5.0,,,,0,,,,,,,,16.0,correlated,10.0,1.0,32.0,1.0,8.0,8.0,coordinate,lowrank_spectral,none,context,0.7640051543712616,0.7683404237031937,1.005909487605095,0.9878830835223198,0.0224536380264908,20.70341730117798,-0.4803388118743896,0.258056640625,0.5925677046179771,0.9505615234375,0.5925677046179771,0.871439702808857,0.9220941141247748,8.0,0.001681159628788,8.0,1.0,1.0,0.0,229247.974609375,224323.736328125,8.0,8.0,7.827398657798767,7.827398657798767,0.0,0.0,0.7687517926096916,0.7640051543712616,0.99382898380308,-0.1169037114407426,-0.1144463172356916,below
data/transformers/runs_unified_vector_vproj_precond/results.csv,unified_softmax_richardson,vector_vproj_precond,row,weak_inverse,K16_cond100_below_H1_dh8_jacobi_softmax_vector,128,0.02,softmax_vector,5.0,,,,0,,,,,,,,16.0,correlated,100.0,1.0,32.0,1.0,8.0,8.0,coordinate,jacobi,none,context,6.811604791323589e-07,0.015265890979208,0.02298917574808,1.323391050078726e-07,0.0229883282445371,-0.4680847115814686,-0.4681029021739959,0.9495849609375,0.5925434976816177,0.9495849609375,0.5925434902310371,0.7031304016709328,0.8011073991656303,16.0,0.6070171520113945,8.0,1.0,1.0,0.0,1.2102986574172974,0.0171736860647797,8.0,8.0,7.507647931575775,7.507647931575775,4.851834356784821,4.851834356784821,0.3862570784986019,6.811604791323589e-07,1.7645677236281022e-06,-6.166750557703924,-1.8162778434412168,below
data/transformers/runs_unified_vector_vproj_precond/results.csv,unified_softmax_richardson,vector_vproj_precond,row,weak_inverse,K16_cond100_below_H1_dh8_jacobi_softmax_vector_projected,128,0.02,softmax_vector_projected,5.0,,,,0,,,,,,,,16.0,correlated,100.0,1.0,32.0,1.0,8.0,8.0,coordinate,jacobi,none,context,1.0703673362731934,1.0843564420938492,0.9628548473119736,0.9402968883514404,0.0231772928964346,19.792330741882324,-0.4638030864298343,0.261962890625,0.5922941789031029,0.95068359375,0.5922941789031029,0.7032934427261353,0.794600173830986,16.0,0.6067417562007904,8.0,1.0,1.0,0.0,412591.30859375,363295.55859375,8.0,8.0,7.485755681991577,7.485755681991577,4.85183447599411,4.85183447599411,0.7857995852828026,1.0703673362731934,1.3622057657243638,0.0295328475344018,0.0351720639266879,below
data/transformers/runs_unified_vector_vproj_precond/results.csv,unified_softmax_richardson,vector_vproj_precond,row,weak_inverse,K16_cond100_below_H1_dh8_jacobi_linear_richardson,128,0.02,linear_richardson,5.0,,,,0,,,,,,,,16.0,correlated,100.0,1.0,32.0,1.0,8.0,8.0,coordinate,jacobi,none,context,1.0797083377838137,1.0953259766101835,0.980382539331913,0.9551742523908616,0.0226885660085827,20.17929315567017,-0.4743617475032806,0.2601318359375,0.5920400246977806,0.95361328125,0.5920400321483612,0.7034871876239777,0.7938467040657997,16.0,0.6068654507398605,8.0,1.0,1.0,0.0,414162.28125,364551.30859375,8.0,8.0,7.495615363121033,7.495615363121033,0.0,0.0,0.7880779355764389,1.0797083377838137,1.3700607246910854,0.0333064551185402,0.0395433874636791,below
data/transformers/runs_unified_vector_vproj_precond/results.csv,unified_softmax_richardson,vector_vproj_precond,row,weak_inverse,K16_cond100_below_H1_dh8_lowrank_spectral_softmax_vector,128,0.02,softmax_vector,5.0,,,,0,,,,,,,,16.0,correlated,100.0,1.0,32.0,1.0,8.0,8.0,coordinate,lowrank_spectral,none,context,0.0213916113134473,0.0368146114051342,0.1147013697773218,0.0921463882550597,0.0216899772640317,1.5167825520038605,-0.4969806894659996,0.7276611328125,0.5921049788594246,0.959716796875,0.5921049788594246,0.9829992055892944,0.99060370773077,8.0,0.0011225557827856,8.0,1.0,1.0,0.0,1.209161356091499,0.1445637643337249,8.0,8.0,7.481319487094879,7.481319487094879,4.851834356784821,4.851834356784821,0.1872525066137313,0.0213916113134473,0.1142014920552106,-1.6697565011609328,-1.4339797793376694,below
data/transformers/runs_unified_vector_vproj_precond/results.csv,unified_softmax_richardson,vector_vproj_precond,row,weak_inverse,K16_cond100_below_H1_dh8_lowrank_spectral_softmax_vector_projected,128,0.02,softmax_vector_projected,5.0,,,,0,,,,,,,,16.0,correlated,100.0,1.0,32.0,1.0,8.0,8.0,coordinate,lowrank_spectral,none,context,1.367717519402504,1.3826192766427994,1.1224660277366638,1.0961136370897293,0.0223515748511999,23.2464063167572,-0.4823852255940437,0.2490234375,0.5921125262975693,0.953125,0.5921125188469887,0.9829750433564186,0.9901040196418762,8.0,0.0011213212274014,8.0,1.0,1.0,0.0,412595.6015625,409950.46875,8.0,8.0,7.442994773387909,7.442994773387909,4.851834416389465,4.851834416389465,1.3534783571958542,1.367717519402504,1.0105173035053832,0.1359964099333258,0.1407026075740705,below
data/transformers/runs_unified_vector_vproj_precond/results.csv,unified_softmax_richardson,vector_vproj_precond,row,weak_inverse,K16_cond100_below_H1_dh8_lowrank_spectral_linear_richardson,128,0.02,linear_richardson,5.0,,,,0,,,,,,,,16.0,correlated,100.0,1.0,32.0,1.0,8.0,8.0,coordinate,lowrank_spectral,none,context,1.3824667781591415,1.3966754376888275,1.1739274859428406,1.1521283388137815,0.0214982791803777,24.35001015663147,-0.4999022856354713,0.241455078125,0.5921955183148384,0.9569091796875,0.5921955034136772,0.982933796942234,0.9899865984916688,8.0,0.001122999106883,8.0,1.0,1.0,0.0,413367.3984375,410666.0078125,8.0,8.0,7.465702772140503,7.465702772140503,0.0,0.0,1.3682795763015747,1.3824667781591415,1.0104113045955665,0.1406547036400115,0.1450954955935763,below
data/transformers/runs_unified_vector_vproj_precond/results.csv,unified_softmax_richardson,vector_vproj_precond,row,weak_inverse,K16_cond1000_below_H1_dh8_jacobi_softmax_vector,128,0.02,softmax_vector,5.0,,,,0,,,,,,,,16.0,correlated,1000.0,1.0,32.0,1.0,8.0,8.0,coordinate,jacobi,none,context,7.155424057714299e-07,0.0640393737703561,0.0229493386577814,3.648959268076624e-08,0.0229482965078204,-0.4691344201564789,-0.4691552594304085,0.94873046875,0.5899741500616074,0.94873046875,0.5899741500616074,0.6854420974850655,0.7765929773449898,16.0,0.617196574807167,8.0,1.0,1.0,0.0,0.3865458071231842,0.0053557045175693,8.0,8.0,6.978241622447968,6.978241622447968,4.8519697189331055,4.8519697189331055,1.030435249209404,7.155424057714299e-07,6.949906348859692e-07,-6.145364623194487,-1.193552923620453,below
data/transformers/runs_unified_vector_vproj_precond/results.csv,unified_softmax_richardson,vector_vproj_precond,row,weak_inverse,K16_cond1000_below_H1_dh8_jacobi_softmax_vector_projected,128,0.02,softmax_vector_projected,5.0,,,,0,,,,,,,,16.0,correlated,1000.0,1.0,32.0,1.0,8.0,8.0,coordinate,jacobi,none,context,2.7814698815345764,2.8379967510700226,1.0452017337083817,1.0226663500070572,0.0227124474477022,21.75968599319458,-0.4738153889775276,0.2613525390625,0.5901752933859825,0.948974609375,0.5901753008365631,0.6856417953968048,0.782019279897213,16.0,0.6167048737406731,8.0,1.0,1.0,0.0,606912.390625,542510.359375,8.0,8.0,7.010252237319946,7.010252237319946,4.851969540119171,4.851969540119171,1.4242818355560305,2.7814698815345764,1.952743606151916,0.4442743616508698,0.4530118939427487,below
data/transformers/runs_unified_vector_vproj_precond/results.csv,unified_softmax_richardson,vector_vproj_precond,row,weak_inverse,K16_cond1000_below_H1_dh8_jacobi_linear_richardson,128,0.02,linear_richardson,5.0,,,,0,,,,,,,,16.0,correlated,1000.0,1.0,32.0,1.0,8.0,8.0,coordinate,jacobi,none,context,2.766309678554535,2.8259239494800568,1.0568028315901756,1.0393778532743454,0.0227880673483014,21.96956491470337,-0.472597885876894,0.2618408203125,0.5902939885854721,0.951904296875,0.5902939960360527,0.6852384880185127,0.7905045002698898,16.0,0.6173988357186317,8.0,1.0,1.0,0.0,609429.1015625,545020.3515625,8.0,8.0,6.993133962154388,6.993133962154388,0.0,0.0,1.415304735302925,2.766309678554535,1.95446766699968,0.4419007962212974,0.4511604700512596,below
data/transformers/runs_unified_vector_vproj_precond/results.csv,unified_softmax_richardson,vector_vproj_precond,row,weak_inverse,K16_cond1000_below_H1_dh8_lowrank_spectral_softmax_vector,128,0.02,softmax_vector,5.0,,,,0,,,,,,,,16.0,correlated,1000.0,1.0,32.0,1.0,8.0,8.0,coordinate,lowrank_spectral,none,context,0.0550668421201407,0.1202812390401959,0.3315656781196594,0.3101814016699791,0.0225091225001961,6.244193077087402,-0.4780578687787056,0.5552978515625,0.5903766378760338,0.949951171875,0.5903766304254532,0.9974706396460532,0.9984162226319312,8.0,0.0008351334545295,8.0,1.0,1.0,0.0,0.3883890174329281,0.1479045990854501,8.0,8.0,6.960581421852112,6.960581421852112,4.851969599723816,4.851969599723816,0.2622615285217762,0.0550668421201407,0.2099174176494013,-1.2591098279879458,-0.9198021067974232,below
data/transformers/runs_unified_vector_vproj_precond/results.csv,unified_softmax_richardson,vector_vproj_precond,row,weak_inverse,K16_cond1000_below_H1_dh8_lowrank_spectral_softmax_vector_projected,128,0.02,softmax_vector_projected,5.0,,,,0,,,,,,,,16.0,correlated,1000.0,1.0,32.0,1.0,8.0,8.0,coordinate,lowrank_spectral,none,context,3.5073772072792053,3.569288969039917,1.157338559627533,1.1289295703172684,0.0225040277000516,24.151336431503296,-0.478999026119709,0.25048828125,0.5900088921189308,0.95068359375,0.5900088995695114,0.9974730089306832,0.9984106495976448,8.0,0.0008357612168765,8.0,1.0,1.0,0.0,599086.3671875,596914.015625,8.0,8.0,6.995341598987579,6.995341598987579,4.851969659328461,4.851969659328461,3.499814659357071,3.5073772072792053,1.0021698327126267,0.5449824753854855,0.5525817097878838,below
data/transformers/runs_unified_vector_vproj_precond/results.csv,unified_softmax_richardson,vector_vproj_precond,row,weak_inverse,K16_cond1000_below_H1_dh8_lowrank_spectral_linear_richardson,128,0.02,linear_richardson,5.0,,,,0,,,,,,,,16.0,correlated,1000.0,1.0,32.0,1.0,8.0,8.0,coordinate,lowrank_spectral,none,context,3.5105286240577698,3.576983869075775,1.1702194213867188,1.149730384349823,0.0224975168239325,24.44140243530273,-0.4782398156821728,0.2529296875,0.5899832993745804,0.948486328125,0.5899832919239998,0.9974705651402472,0.9984918162226676,8.0,0.0008367982445633,8.0,1.0,1.0,0.0,603795.765625,601639.4453125,8.0,8.0,6.95684814453125,6.95684814453125,0.0,0.0,3.5046702921390533,3.5105286240577698,1.001668813100746,0.5453725185242781,0.5535169816398348,below
data/transformers/runs_unified_vector_vproj_precond/results.csv,unified_softmax_richardson,vector_vproj_precond,row,weak_inverse,K16_cond10_at_H1_dh16_jacobi_softmax_vector,128,0.02,softmax_vector,5.0,,,,0,,,,,,,,16.0,correlated,10.0,1.0,32.0,1.0,16.0,16.0,coordinate,jacobi,none,context,6.43665011068606e-07,0.0045878076343797,0.022579027339816,4.134069371275473e-07,0.0225806995294988,-0.4772645942866802,-0.4772299192845821,0.95166015625,0.5927556902170181,0.95166015625,0.5927556753158569,0.7070708051323891,0.7994732484221458,16.0,0.6042152866721153,16.0,1.0,1.0,1.0,4.667070925235748,0.0628723804838955,16.0,16.0,14.850667238235474,14.850667238235474,4.850790023803711,4.850790023803711,0.2276746332645416,6.43665011068606e-07,2.8282761334409995e-06,-6.191340098006078,-2.338394800247415,at
data/transformers/runs_unified_vector_vproj_precond/results.csv,unified_softmax_richardson,vector_vproj_precond,row,weak_inverse,K16_cond10_at_H1_dh16_jacobi_softmax_vector_projected,128,0.02,softmax_vector_projected,5.0,,,,0,,,,,,,,16.0,correlated,10.0,1.0,32.0,1.0,16.0,16.0,coordinate,jacobi,none,context,6.461617942932207e-07,0.0046022277674637,0.0232483001891523,4.140385030382277e-07,0.0232459723483771,-0.4624360427260399,-0.4624878689646721,0.9468994140625,0.5922976136207581,0.9471435546875,0.5922976136207581,0.7065282985568047,0.806394636631012,16.0,0.6051303744316101,16.0,1.0,1.0,1.0,4.760601043701172,0.0631195553578436,16.0,16.0,14.783958435058594,14.783958435058594,4.850789666175842,4.850789666175842,0.2267314363270998,6.461617942932207e-07,2.8508647258213e-06,-6.1896587241552,-2.337031891598521,at
data/transformers/runs_unified_vector_vproj_precond/results.csv,unified_softmax_richardson,vector_vproj_precond,row,weak_inverse,K16_cond10_at_H1_dh16_jacobi_linear_richardson,128,0.02,linear_richardson,5.0,,,,0,,,,,,,,16.0,correlated,10.0,1.0,32.0,1.0,16.0,16.0,coordinate,jacobi,none,context,5.133393814193974e-10,0.004618942271918,0.0225535926874727,4.1449591502151767e-10,0.022553470917046,-0.4780601002275944,-0.4780625887215137,0.950927734375,0.5926687121391296,0.950927734375,0.592668704688549,0.7070676013827324,0.8001620769500732,16.0,0.6048101261258125,16.0,1.0,1.0,1.0,3.7114046558261996e-09,1.087528245236058e-08,16.0,16.0,14.84442949295044,14.84442949295044,0.0,0.0,0.2286137901246547,5.133393814193974e-10,2.248128155744797e-09,-9.289595417061909,-2.335457465582877,at
data/transformers/runs_unified_vector_vproj_precond/results.csv,unified_softmax_richardson,vector_vproj_precond,row,weak_inverse,K16_cond10_at_H1_dh16_lowrank_spectral_softmax_vector,128,0.02,softmax_vector,5.0,,,,0,,,,,,,,16.0,correlated,10.0,1.0,32.0,1.0,16.0,16.0,coordinate,lowrank_spectral,none,context,6.391520912529813e-07,0.0046089882962405,0.0230393677484244,4.15766280070784e-07,0.0230441452004015,-0.4675587639212608,-0.4674574322998523,0.9486083984375,0.5924793630838394,0.948486328125,0.5924793556332588,2.822548026415461e-06,1.065874141659151e-05,16.0,0.0016813768888823,16.0,1.0,1.0,1.0,4.725070953369141,0.0629743882454931,16.0,16.0,14.790138602256777,14.790138602256777,4.850790679454804,4.850790679454804,4.557836791718728e-05,6.391520912529813e-07,0.014031212178223,-6.194395785765779,-2.336394394692705,at
data/transformers/runs_unified_vector_vproj_precond/results.csv,unified_softmax_richardson,vector_vproj_precond,row,weak_inverse,K16_cond10_at_H1_dh16_lowrank_spectral_softmax_vector_projected,128,0.02,softmax_vector_projected,5.0,,,,0,,,,,,,,16.0,correlated,10.0,1.0,32.0,1.0,16.0,16.0,coordinate,lowrank_spectral,none,context,6.37500036759775e-07,0.004613910219632,0.0235481665004044,4.155956929707827e-07,0.0235474274959415,-0.4554010853171348,-0.455418910831213,0.950439453125,0.5926157534122467,0.9505615234375,0.5926157534122467,2.8250252910311247e-06,1.1081456875672302e-05,16.0,0.001679594934103,16.0,1.0,1.0,1.0,4.894347727298737,0.0626040622591972,16.0,16.0,14.79806900024414,14.79806900024414,4.850790023803711,4.850790023803711,4.6036983349040383e-05,6.37500036759775e-07,0.0138542242015453,-6.195519785851549,-2.3359308605079727,at
data/transformers/runs_unified_vector_vproj_precond/results.csv,unified_softmax_richardson,vector_vproj_precond,row,weak_inverse,K16_cond10_at_H1_dh16_lowrank_spectral_linear_richardson,128,0.02,linear_richardson,5.0,,,,0,,,,,,,,16.0,correlated,10.0,1.0,32.0,1.0,16.0,16.0,coordinate,lowrank_spectral,none,context,1.0363442942755386e-13,0.0045693112770095,0.0232421243563294,9.12627043164402e-14,0.0232421238906681,-0.461814422160387,-0.4618144407868385,0.950439453125,0.5927706211805344,0.950439453125,0.5927706062793732,2.8311619644227903e-06,1.0910642231465316e-05,16.0,0.0016785335028544,16.0,1.0,1.0,1.0,3.762229944248574e-09,1.108000180494173e-08,16.0,16.0,14.817440629005432,14.817440629005432,0.0,0.0,1.938019094705791e-12,1.0363442942755386e-13,0.0535264520335353,-12.98449593931699,-2.3401492553207834,at
data/transformers/runs_unified_vector_vproj_precond/results.csv,unified_softmax_richardson,vector_vproj_precond,row,weak_inverse,K16_cond100_at_H1_dh16_jacobi_softmax_vector,128,0.02,softmax_vector,5.0,,,,0,,,,,,,,16.0,correlated,100.0,1.0,32.0,1.0,16.0,16.0,coordinate,jacobi,none,context,1.9714199481768446e-06,0.015347464592196,0.0231919439975172,4.170476621823127e-07,0.0231929360888898,-0.4630887918174267,-0.4630674235522747,0.9482421875,0.5921890586614609,0.9481201171875,0.5921890437602997,0.7036143988370895,0.7989430502057076,16.0,0.606717050075531,16.0,1.0,1.0,1.0,6.098146319389343,0.0709580099210143,16.0,16.0,12.610694646835327,12.610694646835327,4.850790083408356,4.850790083408356,0.3917986117303371,1.9714199481768446e-06,5.034749334466928e-06,-5.705220853270399,-1.8139633598979248,at
data/transformers/runs_unified_vector_vproj_precond/results.csv,unified_softmax_richardson,vector_vproj_precond,row,weak_inverse,K16_cond100_at_H1_dh16_jacobi_softmax_vector_projected,128,0.02,softmax_vector_projected,5.0,,,,0,,,,,,,,16.0,correlated,100.0,1.0,32.0,1.0,16.0,16.0,coordinate,jacobi,none,context,1.943746596566598e-06,0.0154512075241655,0.0225594567600637,3.969076978194153e-07,0.0225597734097391,-0.4771410226821899,-0.477134570479393,0.95068359375,0.5920818448066711,0.9505615234375,0.59208182990551,0.7034907564520836,0.7979398965835571,16.0,0.607012189924717,16.0,1.0,1.0,1.0,6.070258259773254,0.0696606114506721,16.0,16.0,12.613143563270569,12.613143563270569,4.850790917873383,4.850790917873383,0.3890978656709194,1.943746596566598e-06,4.9971345876222425e-06,-5.711360354063114,-1.811037574453428,at
data/transformers/runs_unified_vector_vproj_precond/results.csv,unified_softmax_richardson,vector_vproj_precond,row,weak_inverse,K16_cond100_at_H1_dh16_jacobi_linear_richardson,128,0.02,linear_richardson,5.0,,,,0,,,,,,,,16.0,correlated,100.0,1.0,32.0,1.0,16.0,16.0,coordinate,jacobi,none,context,1.337065028139683e-09,0.0150932848919183,0.0231862200889736,3.4750851155007645e-10,0.0231863337103277,-0.4636218696832657,-0.4636194817721843,0.945556640625,0.5922119989991188,0.945556640625,0.5922120213508606,0.7028104290366173,0.7982814908027649,16.0,0.6068019866943359,16.0,1.0,1.0,1.0,5.8755945664401565e-09,1.7030731713774117e-08,16.0,16.0,12.614611387252808,12.614611387252808,0.0,0.0,0.3895274400711059,1.337065028139683e-09,3.4470897461823504e-09,-8.873847470318074,-1.8212162303914567,at
data/transformers/runs_unified_vector_vproj_precond/results.csv,unified_softmax_richardson,vector_vproj_precond,row,weak_inverse,K16_cond100_at_H1_dh16_lowrank_spectral_softmax_vector,128,0.02,softmax_vector,5.0,,,,0,,,,,,,,16.0,correlated,100.0,1.0,32.0,1.0,16.0,16.0,coordinate,lowrank_spectral,none,context,1.956770162792054e-06,0.0154591602040454,0.0225471714511513,4.137203184484406e-07,0.0225463637616485,-0.4776159785687923,-0.4776339828968048,0.953125,0.5921986177563667,0.953857421875,0.5921986177563667,1.3646766433339508e-05,9.50324010773329e-05,16.0,0.0011224542977288,16.0,1.0,1.0,1.0,6.057101249694824,0.0699778385460376,16.0,16.0,12.588061928749084,12.588061928749084,4.850789666175842,4.850789666175842,0.0001524340077594,1.956770162792054e-06,0.0128487012915754,-5.708460182463125,-1.810814102180644,at
data/transformers/runs_unified_vector_vproj_precond/results.csv,unified_softmax_richardson,vector_vproj_precond,row,weak_inverse,K16_cond100_at_H1_dh16_lowrank_spectral_softmax_vector_projected,128,0.02,softmax_vector_projected,5.0,,,,0,,,,,,,,16.0,correlated,100.0,1.0,32.0,1.0,16.0,16.0,coordinate,lowrank_spectral,none,context,1.968487794101748e-06,0.0153778017265722,0.0230224286206066,4.088445209049496e-07,0.023018998093903,-0.4675264321267605,-0.4676012247800827,0.9451904296875,0.5923621132969856,0.9454345703125,0.5923621207475662,1.3500741033567463e-05,8.961025923781563e-05,16.0,0.0011240721069043,16.0,1.0,1.0,1.0,6.2239978313446045,0.0698792254552245,16.0,16.0,12.725282549858091,12.725282549858091,4.850790798664093,4.850790798664093,0.0001526316227682,1.968487794101748e-06,0.0129186580609417,-5.705867273772249,-1.813105742964608,at
data/transformers/runs_unified_vector_vproj_precond/results.csv,unified_softmax_richardson,vector_vproj_precond,row,weak_inverse,K16_cond100_at_H1_dh16_lowrank_spectral_linear_richardson,128,0.02,linear_richardson,5.0,,,,0,,,,,,,,16.0,correlated,100.0,1.0,32.0,1.0,16.0,16.0,coordinate,lowrank_spectral,none,context,2.0213078071398572e-13,0.0150454600807279,0.0221245316788554,1.1319650220691181e-13,0.0221245302818715,-0.4867389313876629,-0.4867389425635338,0.9525146484375,0.5923058092594147,0.9525146484375,0.5923058092594147,1.360881788059487e-05,9.04520065887482e-05,16.0,0.0011223129986319,16.0,1.0,1.0,1.0,6.035174526797249e-09,1.7209236702342423e-08,16.0,16.0,12.680857062339784,12.680857062339784,0.0,0.0,6.499993859127029e-11,2.0213078071398572e-13,0.0031329305867891,-12.69436754657207,-1.8225945272681143,at
data/transformers/runs_unified_vector_vproj_precond/results.csv,unified_softmax_richardson,vector_vproj_precond,row,weak_inverse,K16_cond1000_at_H1_dh16_jacobi_softmax_vector,128,0.02,softmax_vector,5.0,,,,0,,,,,,,,16.0,correlated,1000.0,1.0,32.0,1.0,16.0,16.0,coordinate,jacobi,none,context,6.773222139599966e-06,0.065391425974667,0.0226465964224189,3.803368713306554e-07,0.0226481191348284,-0.4754226505756378,-0.4753861613571644,0.948974609375,0.5899128243327141,0.9486083984375,0.5899128243327141,0.6850939020514488,0.7860827967524529,16.0,0.617277704179287,16.0,1.0,1.0,1.0,8.25725394487381,0.0787015538662672,16.0,16.0,10.3774733543396,10.3774733543396,4.850790083408356,4.850790083408356,1.038847342133522,6.773222139599966e-06,6.525624855463021e-06,-5.169204680717211,-1.1844791919815267,at
data/transformers/runs_unified_vector_vproj_precond/results.csv,unified_softmax_richardson,vector_vproj_precond,row,weak_inverse,K16_cond1000_at_H1_dh16_jacobi_softmax_vector_projected,128,0.02,softmax_vector_projected,5.0,,,,0,,,,,,,,16.0,correlated,1000.0,1.0,32.0,1.0,16.0,16.0,coordinate,jacobi,none,context,6.792860233417741e-06,0.0638663992285728,0.02336809434928,3.648333795069903e-07,0.0233696037903428,-0.4598038792610168,-0.4597729593515396,0.9498291015625,0.5901457145810127,0.9495849609375,0.5901457220315933,0.6850445121526718,0.775300033390522,16.0,0.6173726245760918,16.0,1.0,1.0,1.0,8.23490297794342,0.0782852731645107,16.0,16.0,10.442188382148744,10.442188382148744,4.850790321826935,4.850790321826935,1.0175783187150955,6.792860233417741e-06,6.683637905390942e-06,-5.167947321148989,-1.194727568564792,at
data/transformers/runs_unified_vector_vproj_precond/results.csv,unified_softmax_richardson,vector_vproj_precond,row,weak_inverse,K16_cond1000_at_H1_dh16_jacobi_linear_richardson,128,0.02,linear_richardson,5.0,,,,0,,,,,,,,16.0,correlated,1000.0,1.0,32.0,1.0,16.0,16.0,coordinate,jacobi,none,context,1.0773569883437695e-09,0.0648912526667118,0.0228892478626221,1.3112269495012263e-10,0.0228892033919692,-0.4699400402605533,-0.4699410423636436,0.947998046875,0.590250052511692,0.947998046875,0.5902500450611115,0.6851974129676819,0.7825420722365379,16.0,0.6171690374612808,16.0,1.0,1.0,1.0,8.13022132950536e-09,2.464087711651075e-08,16.0,16.0,10.35878837108612,10.35878837108612,0.0,0.0,1.0347761660814283,1.0773569883437695e-09,1.040897255051953e-09,-8.96764036691688,-1.1878138420996895,at
data/transformers/runs_unified_vector_vproj_precond/results.csv,unified_softmax_richardson,vector_vproj_precond,row,weak_inverse,K16_cond1000_at_H1_dh16_lowrank_spectral_softmax_vector,128,0.02,softmax_vector,5.0,,,,0,,,,,,,,16.0,correlated,1000.0,1.0,32.0,1.0,16.0,16.0,coordinate,lowrank_spectral,none,context,6.737441310633585e-06,0.0639181630685925,0.0228216531686484,3.68657477878287e-07,0.0228197060059756,-0.4717266894876957,-0.4717676937580108,0.9495849609375,0.5900775268673897,0.94970703125,0.5900775417685509,2.8683588197964127e-05,0.0001307717957388,16.0,0.0008381494117202,16.0,1.0,1.0,1.0,7.785921633243561,0.0775826787576079,16.0,16.0,10.30588686466217,10.30588686466217,4.850791931152344,4.850791931152344,0.0005661928662448,6.737441310633585e-06,0.0119142693995581,-5.171505004896707,-1.1943757146176766,at
data/transformers/runs_unified_vector_vproj_precond/results.csv,unified_softmax_richardson,vector_vproj_precond,row,weak_inverse,K16_cond1000_at_H1_dh16_lowrank_spectral_softmax_vector_projected,128,0.02,softmax_vector_projected,5.0,,,,0,,,,,,,,16.0,correlated,1000.0,1.0,32.0,1.0,16.0,16.0,coordinate,lowrank_spectral,none,context,6.76355767836867e-06,0.064162041991949,0.0218505193479359,3.757584394747937e-07,0.0218499724287539,-0.4923971071839332,-0.492413192987442,0.9566650390625,0.590153656899929,0.956787109375,0.5901536643505096,2.867425814656599e-05,0.0001632637158763,16.0,0.0008358788618352,16.0,1.0,1.0,1.0,7.997356176376343,0.0787840913981199,16.0,16.0,10.270029306411743,10.270029306411743,4.850790441036224,4.850790441036224,0.0005672973784385,6.76355767836867e-06,0.0119417915470118,-5.169824802038956,-1.1927218228454084,at
data/transformers/runs_unified_vector_vproj_precond/results.csv,unified_softmax_richardson,vector_vproj_precond,row,weak_inverse,K16_cond1000_at_H1_dh16_lowrank_spectral_linear_richardson,128,0.02,linear_richardson,5.0,,,,0,,,,,,,,16.0,correlated,1000.0,1.0,32.0,1.0,16.0,16.0,coordinate,lowrank_spectral,none,context,5.508329185030351e-13,0.0637901821173727,0.0229913322255015,1.6585159894749737e-13,0.0229913308285176,-0.4676260240375995,-0.4676260501146316,0.94970703125,0.5901565179228783,0.94970703125,0.5901565179228783,2.899248670473753e-05,0.0001225669620907,16.0,0.0008356608959729,16.0,1.0,1.0,1.0,7.880300967322285e-09,2.4039378043738683e-08,16.0,16.0,10.334136128425598,10.334136128425598,0.0,0.0,4.415194980456061e-10,5.508329185030351e-13,0.0012508684152148,-12.25898011362748,-1.195246157961514,at
data/transformers/runs_unified_vector_vproj_precond/results.csv,unified_softmax_richardson,vector_vproj_precond,row,weak_inverse,K16_cond10_above_H1_dh32_jacobi_softmax_vector,128,0.02,softmax_vector,5.0,,,,0,,,,,,,,16.0,correlated,10.0,1.0,32.0,1.0,32.0,32.0,coordinate,jacobi,none,context,1.6235536293152109e-07,0.004592687706463,0.022799685364589,1.0684638862556994e-07,0.0227979882620275,-0.4725618921220302,-0.4725972190499306,0.951171875,0.5927234143018723,0.9510498046875,0.5927234143018723,0.7076689228415489,0.8019822537899017,16.0,0.6043561771512032,16.0,1.0,1.0,1.0,1.2017995119094849,0.0157931752037256,16.0,16.0,14.794711709022522,14.794711709022522,4.851410329341888,4.851410329341888,0.2278375755995512,1.6235536293152109e-07,7.12905885463477e-07,-6.789533361161179,-2.337933084730329,above
data/transformers/runs_unified_vector_vproj_precond/results.csv,unified_softmax_richardson,vector_vproj_precond,row,weak_inverse,K16_cond10_above_H1_dh32_jacobi_softmax_vector_projected,128,0.02,softmax_vector_projected,5.0,,,,0,,,,,,,,16.0,correlated,10.0,1.0,32.0,1.0,32.0,32.0,coordinate,jacobi,none,context,1.605442250252054e-07,0.0046223139506764,0.0234673286322504,1.0268985839445577e-07,0.0234667581971734,-0.4571946896612644,-0.4572062715888023,0.9454345703125,0.592704750597477,0.9456787109375,0.5927047580480576,0.7076148465275764,0.8031736314296722,16.0,0.6041679233312607,16.0,1.0,1.0,1.0,1.1879998743534088,0.0156537306029349,16.0,16.0,14.8387531042099,14.8387531042099,4.8514100313186646,4.8514100313186646,0.2261180244386196,1.605442250252054e-07,7.104027432452276e-07,-6.794405311927404,-2.335140560281426,above
data/transformers/runs_unified_vector_vproj_precond/results.csv,unified_softmax_richardson,vector_vproj_precond,row,weak_inverse,K16_cond10_above_H1_dh32_jacobi_linear_richardson,128,0.02,linear_richardson,5.0,,,,0,,,,,,,,16.0,correlated,10.0,1.0,32.0,1.0,32.0,32.0,coordinate,jacobi,none,context,5.705556756219199e-10,0.0046255186898633,0.0227624035906046,4.084961501005235e-10,0.0227623188402503,-0.4730659574270248,-0.4730677865445614,0.949951171875,0.5925513803958893,0.949951171875,0.5925513654947281,0.7073987573385239,0.8025916591286659,16.0,0.6042319908738136,16.0,1.0,1.0,1.0,3.807685361456592e-09,1.1081451645189588e-08,16.0,16.0,14.799561619758606,14.799561619758606,0.0,0.0,0.2284414786845445,5.705556756219199e-10,2.497792535524197e-09,-9.243701970114133,-2.3348395598947134,above
data/transformers/runs_unified_vector_vproj_precond/results.csv,unified_softmax_richardson,vector_vproj_precond,row,weak_inverse,K16_cond10_above_H1_dh32_lowrank_spectral_softmax_vector,128,0.02,softmax_vector,5.0,,,,0,,,,,,,,16.0,correlated,10.0,1.0,32.0,1.0,32.0,32.0,coordinate,lowrank_spectral,none,context,1.603461683430396e-07,0.0045965069439262,0.0228577740490436,1.0324020038865457e-07,0.0228578278329223,-0.470602735877037,-0.470602311193943,0.9476318359375,0.5926726907491684,0.9476318359375,0.5926727056503296,2.8295108336351404e-06,1.017083764054405e-05,16.0,0.0016815515991766,16.0,1.0,1.0,1.0,1.1850815564393995,0.0159415670204907,16.0,16.0,14.730566501617432,14.730566501617432,4.851410150527954,4.851410150527954,1.140175334057858e-05,1.603461683430396e-07,0.0140684446187608,-6.794941413579985,-2.3375720794596937,above
data/transformers/runs_unified_vector_vproj_precond/results.csv,unified_softmax_richardson,vector_vproj_precond,row,weak_inverse,K16_cond10_above_H1_dh32_lowrank_spectral_softmax_vector_projected,128,0.02,softmax_vector_projected,5.0,,,,0,,,,,,,,16.0,correlated,10.0,1.0,32.0,1.0,32.0,32.0,coordinate,lowrank_spectral,none,context,1.618117657642415e-07,0.0046088499366305,0.0230266484431922,9.898463027013805e-08,0.0230266267899423,-0.467660903930664,-0.4676598273217678,0.9481201171875,0.5927912443876266,0.9481201171875,0.5927912443876266,2.831293301142068e-06,1.0444237091178366e-05,16.0,0.0016818147414596,16.0,1.0,1.0,1.0,1.1967159658670423,0.015749818063341,16.0,16.0,14.794887065887451,14.794887065887451,4.851410269737244,4.851410269737244,1.153360676653392e-05,1.618117657642415e-07,0.0140389581873248,-6.790989902867707,-2.336407432199683,above
data/transformers/runs_unified_vector_vproj_precond/results.csv,unified_softmax_richardson,vector_vproj_precond,row,weak_inverse,K16_cond10_above_H1_dh32_lowrank_spectral_linear_richardson,128,0.02,linear_richardson,5.0,,,,0,,,,,,,,16.0,correlated,10.0,1.0,32.0,1.0,32.0,32.0,coordinate,lowrank_spectral,none,context,1.0242923198668488e-13,0.0046334109501913,0.0230612033046782,9.392092579195172e-14,0.0230612028390169,-0.4665476195514202,-0.4665476232767105,0.9501953125,0.5927493795752525,0.9501953125,0.5927493870258331,2.8273520342736447e-06,1.0339257528357848e-05,16.0,0.0016792619426269,16.0,1.0,1.0,1.0,3.639252815768046e-09,1.062643895100024e-08,16.0,16.0,14.840403318405151,14.840403318405151,0.0,0.0,1.884293366954601e-12,1.0242923198668488e-13,0.0543891754268714,-12.989576083606249,-2.3340991792948937,above
data/transformers/runs_unified_vector_vproj_precond/results.csv,unified_softmax_richardson,vector_vproj_precond,row,weak_inverse,K16_cond100_above_H1_dh32_jacobi_softmax_vector,128,0.02,softmax_vector,5.0,,,,0,,,,,,,,16.0,correlated,100.0,1.0,32.0,1.0,32.0,32.0,coordinate,jacobi,none,context,4.943936673384997e-07,0.0153668557759374,0.022387993754819,1.024398050830655e-07,0.0223892461508512,-0.4806890487670898,-0.480662290006876,0.952880859375,0.5922425538301468,0.9527587890625,0.5922425463795662,0.703670471906662,0.7937438860535622,16.0,0.6063363328576088,16.0,1.0,1.0,1.0,1.547559604048729,0.017316621961072,16.0,16.0,12.570602655410768,12.570602655410768,4.851410210132599,4.851410210132599,0.3852591104805469,4.943936673384997e-07,1.2833379849353853e-06,-6.305927100737928,-1.813414984735172,above
data/transformers/runs_unified_vector_vproj_precond/results.csv,unified_softmax_richardson,vector_vproj_precond,row,weak_inverse,K16_cond100_above_H1_dh32_jacobi_softmax_vector_projected,128,0.02,softmax_vector_projected,5.0,,,,0,,,,,,,,16.0,correlated,100.0,1.0,32.0,1.0,32.0,32.0,coordinate,jacobi,none,context,4.918586391511326e-07,0.015288271009922,0.0220059547573328,1.026578946294876e-07,0.0220074995886534,-0.4886824414134025,-0.4886475391685962,0.953857421875,0.5920902341604233,0.9539794921875,0.5920902341604233,0.7031465694308281,0.795433484017849,16.0,0.6068022176623344,16.0,1.0,1.0,1.0,1.5492336452007294,0.0176299915183335,16.0,16.0,12.606338262557983,12.606338262557983,4.851410210132599,4.851410210132599,0.3899859823286533,4.918586391511326e-07,1.2613775500654392e-06,-6.308159696130773,-1.815641627295896,above
data/transformers/runs_unified_vector_vproj_precond/results.csv,unified_softmax_richardson,vector_vproj_precond,row,weak_inverse,K16_cond100_above_H1_dh32_jacobi_linear_richardson,128,0.02,linear_richardson,5.0,,,,0,,,,,,,,16.0,correlated,100.0,1.0,32.0,1.0,32.0,32.0,coordinate,jacobi,none,context,1.035703467433535e-09,0.0155202955938875,0.0229150112718343,2.0798740681116088e-10,0.0229149779770523,-0.4698410518467426,-0.4698418006300926,0.94921875,0.5921019241213799,0.9493408203125,0.5921019017696381,0.7033231928944588,0.7995317652821541,16.0,0.6066749095916748,16.0,1.0,1.0,1.0,5.702414707098313e-09,1.6641139577444622e-08,16.0,16.0,12.65138828754425,12.65138828754425,0.0,0.0,0.3879583068192005,1.035703467433535e-09,2.6710488224935127e-09,-8.984764569775567,-1.8091000115848048,above
data/transformers/runs_unified_vector_vproj_precond/results.csv,unified_softmax_richardson,vector_vproj_precond,row,weak_inverse,K16_cond100_above_H1_dh32_lowrank_spectral_softmax_vector,128,0.02,softmax_vector,5.0,,,,0,,,,,,,,16.0,correlated,100.0,1.0,32.0,1.0,32.0,32.0,coordinate,lowrank_spectral,none,context,4.894872063232469e-07,0.0154418011661618,0.0230789892375469,1.0312307807680557e-07,0.0230767345055937,-0.4661859385669231,-0.4662337228655815,0.9498291015625,0.592294342815876,0.9498291015625,0.592294342815876,1.4012470501256756e-05,9.156954729405696e-05,16.0,0.0011198758584214,16.0,1.0,1.0,1.0,1.518738940358162,0.0176370637491345,16.0,16.0,12.693394303321838,12.693394303321838,4.851409912109375,4.851409912109375,3.83066912945651e-05,4.894872063232469e-07,0.0127936980341163,-6.3102586548226975,-1.8113020439677423,above
data/transformers/runs_unified_vector_vproj_precond/results.csv,unified_softmax_richardson,vector_vproj_precond,row,weak_inverse,K16_cond100_above_H1_dh32_lowrank_spectral_softmax_vector_projected,128,0.02,softmax_vector_projected,5.0,,,,0,,,,,,,,16.0,correlated,100.0,1.0,32.0,1.0,32.0,32.0,coordinate,lowrank_spectral,none,context,4.930020338633767e-07,0.0152119635604321,0.023271903861314,1.0027800367851117e-07,0.0232719117775559,-0.4617933109402656,-0.4617946930229664,0.9498291015625,0.5924175158143044,0.9498291015625,0.5924175307154655,1.3624242455989588e-05,9.20013881113846e-05,16.0,0.0011239899467909,16.0,1.0,1.0,1.0,1.5355976819992063,0.0175573269370943,16.0,16.0,12.663730025291445,12.663730025291445,4.851410388946533,4.851410388946533,3.819935500359861e-05,4.930020338633767e-07,0.0129186652217654,-6.3071512890517365,-1.8178147235919155,above
data/transformers/runs_unified_vector_vproj_precond/results.csv,unified_softmax_richardson,vector_vproj_precond,row,weak_inverse,K16_cond100_above_H1_dh32_lowrank_spectral_linear_richardson,128,0.02,linear_richardson,5.0,,,,0,,,,,,,,16.0,correlated,100.0,1.0,32.0,1.0,32.0,32.0,coordinate,lowrank_spectral,none,context,2.01001199598384e-13,0.0152986117172986,0.0227336983662098,1.1247056617199465e-13,0.0227336988318711,-0.4737738631665706,-0.4737738594412803,0.9478759765625,0.5923784971237183,0.9478759765625,0.5923784971237183,1.3740734857492498e-05,9.72527232079301e-05,16.0,0.0011224964109715,16.0,1.0,1.0,1.0,5.972848604596237e-09,1.6687181636498852e-08,16.0,16.0,12.586077094078064,12.586077094078064,0.0,0.0,6.580304183489982e-11,2.01001199598384e-13,0.0030689849398771,-12.696801350652128,-1.8153479777361297,above
data/transformers/runs_unified_vector_vproj_precond/results.csv,unified_softmax_richardson,vector_vproj_precond,row,weak_inverse,K16_cond1000_above_H1_dh32_jacobi_softmax_vector,128,0.02,softmax_vector,5.0,,,,0,,,,,,,,16.0,correlated,1000.0,1.0,32.0,1.0,32.0,32.0,coordinate,jacobi,none,context,1.687010424689106e-06,0.0641046315431594,0.0227711226325482,9.3067008322123e-08,0.0227706050500273,-0.4724083058536052,-0.4724201112985611,0.9498291015625,0.590282030403614,0.9500732421875,0.5902820229530334,0.6855104714632034,0.7769303694367409,16.0,0.6170213595032692,16.0,1.0,1.0,1.0,2.014880642294884,0.0195586981717497,16.0,16.0,10.350667595863342,10.350667595863342,4.851410210132599,4.851410210132599,1.0388745293021202,1.687010424689106e-06,1.6248526123122912e-06,-5.772882233729211,-1.1931105916828737,above
data/transformers/runs_unified_vector_vproj_precond/results.csv,unified_softmax_richardson,vector_vproj_precond,row,weak_inverse,K16_cond1000_above_H1_dh32_jacobi_softmax_vector_projected,128,0.02,softmax_vector_projected,5.0,,,,0,,,,,,,,16.0,correlated,1000.0,1.0,32.0,1.0,32.0,32.0,coordinate,jacobi,none,context,1.7080443655004274e-06,0.0641034422442317,0.0227033835835754,9.591339722447857e-08,0.0227042878977954,-0.4732063114643097,-0.4731872193515301,0.9486083984375,0.5899990871548653,0.948486328125,0.5899990946054459,0.6849567145109177,0.7742408215999603,16.0,0.6175328195095062,16.0,1.0,1.0,1.0,2.0354363322258,0.0196846276521682,16.0,16.0,10.255232214927672,10.255232214927672,4.85140997171402,4.85140997171402,1.0375988632440567,1.7080443655004274e-06,1.6474601362445642e-06,-5.767500852943392,-1.1931186489907548,above
data/transformers/runs_unified_vector_vproj_precond/results.csv,unified_softmax_richardson,vector_vproj_precond,row,weak_inverse,K16_cond1000_above_H1_dh32_jacobi_linear_richardson,128,0.02,linear_richardson,5.0,,,,0,,,,,,,,16.0,correlated,1000.0,1.0,32.0,1.0,32.0,32.0,coordinate,jacobi,none,context,9.310079512880876e-10,0.0638415087014436,0.0224500074982643,6.611680192052105e-11,0.022450006334111,-0.4798795320093632,-0.4798795357346535,0.955810546875,0.5901993364095688,0.955810546875,0.5901993438601494,0.6853140145540237,0.7809335738420486,16.0,0.6173699349164963,16.0,1.0,1.0,1.0,8.251533234471253e-09,2.3638361712485796e-08,16.0,16.0,10.397284984588625,10.397284984588625,0.0,0.0,1.0241404473781586,9.310079512880876e-10,9.099683094636595e-10,-9.031046609903948,-1.1948968582962731,above
data/transformers/runs_unified_vector_vproj_precond/results.csv,unified_softmax_richardson,vector_vproj_precond,row,weak_inverse,K16_cond1000_above_H1_dh32_lowrank_spectral_softmax_vector,128,0.02,softmax_vector,5.0,,,,0,,,,,,,,16.0,correlated,1000.0,1.0,32.0,1.0,32.0,32.0,coordinate,lowrank_spectral,none,context,1.6940297911105515e-06,0.0641414560377597,0.023165310267359,9.08110582287236e-08,0.0231658923439681,-0.4638602510094642,-0.4638478048145771,0.9462890625,0.5901042222976685,0.9462890625,0.5901042148470879,2.879592125282216e-05,0.0001694793554634,16.0,0.0008354838209925,16.0,1.0,1.0,1.0,2.011660069227218,0.0196270805317908,16.0,16.0,10.354784846305847,10.354784846305847,4.85140985250473,4.85140985250473,0.0001444478239136,1.6940297911105515e-06,0.0117361289868677,-5.771078956460355,-1.1928611856301046,above
data/transformers/runs_unified_vector_vproj_precond/results.csv,unified_softmax_richardson,vector_vproj_precond,row,weak_inverse,K16_cond1000_above_H1_dh32_lowrank_spectral_softmax_vector_projected,128,0.02,softmax_vector_projected,5.0,,,,0,,,,,,,,16.0,correlated,1000.0,1.0,32.0,1.0,32.0,32.0,coordinate,lowrank_spectral,none,context,1.7013414606026345e-06,0.0637744441628456,0.0225570613984018,9.201335071651329e-08,0.0225553584750741,-0.4773552156984806,-0.4773918092250824,0.9527587890625,0.590266652405262,0.95263671875,0.5902666673064232,2.873263588298869e-05,0.0001911720610223,16.0,0.000834722937725,16.0,1.0,1.0,1.0,1.9329243749380112,0.0193333665374666,16.0,16.0,10.371137499809263,10.371137499809263,4.851409494876862,4.851409494876862,0.0001452873148082,1.7013414606026345e-06,0.0117153069819317,-5.76920851438678,-1.1953533178700493,above
data/transformers/runs_unified_vector_vproj_precond/results.csv,unified_softmax_richardson,vector_vproj_precond,row,weak_inverse,K16_cond1000_above_H1_dh32_lowrank_spectral_linear_richardson,128,0.02,linear_richardson,5.0,,,,0,,,,,,,,16.0,correlated,1000.0,1.0,32.0,1.0,32.0,32.0,coordinate,lowrank_spectral,none,context,5.675765575845898e-13,0.0641392040997743,0.0228022851515561,1.7902395908211358e-13,0.0228022874798625,-0.471717644482851,-0.4717175960540771,0.94970703125,0.5902739688754082,0.94970703125,0.5902739688754082,2.8728749384754337e-05,0.0001450739218853,16.0,0.0008360961001017,16.0,1.0,1.0,1.0,8.066423307084847e-09,2.4246126439919635e-08,16.0,16.0,10.316789031028748,10.316789031028748,0.0,0.0,4.4110307420575085e-10,5.675765575845898e-13,0.0012885949055337,-12.245975550356745,-1.1928764335129842,above
data/transformers/runs_unified_vector_vproj_precond/results.csv,unified_softmax_richardson,vector_vproj_precond,row,weak_inverse,K32_cond10_below_H1_dh16_jacobi_softmax_vector,128,0.02,softmax_vector,5.0,,,,0,,,,,,,,32.0,correlated,10.0,1.0,32.0,1.0,16.0,16.0,coordinate,jacobi,none,context,6.168840513964824e-06,0.0103793902089819,0.0266794299241155,4.064522215685429e-06,0.0266757181379944,-0.3949359618127346,-0.3949988968670368,0.94970703125,0.6394215524196625,0.949951171875,0.6394215524196625,0.8585443496704102,0.9031240716576576,32.0,0.4840465672314167,16.0,1.0,1.0,0.0,0.4116435460746288,0.0054766513640061,16.0,16.0,15.491403460502625,15.491403460502625,4.851740837097168,4.851740837097168,0.3521039225161075,6.168840513964824e-06,1.7516962790553188e-05,-5.209796457637422,-1.9838281606160275,below
data/transformers/runs_unified_vector_vproj_precond/results.csv,unified_softmax_richardson,vector_vproj_precond,row,weak_inverse,K32_cond10_below_H1_dh16_jacobi_softmax_vector_projected,128,0.02,softmax_vector_projected,5.0,,,,0,,,,,,,,32.0,correlated,10.0,1.0,32.0,1.0,16.0,16.0,coordinate,jacobi,none,context,0.7511085420846939,0.7616604045033455,0.8843956887722015,0.8523713946342468,0.0266368757002055,15.455503821372986,-0.3957484066486358,0.27294921875,0.6395000740885735,0.9482421875,0.6395000591874123,0.8586831837892532,0.906926028430462,32.0,0.4839922115206718,16.0,1.0,1.0,0.0,60715.23291015625,45934.53076171875,16.0,16.0,15.481148719787598,15.481148719787598,4.851740837097168,4.851740837097168,0.6955761164426804,0.7511085420846939,1.079852078816121,-0.1242972989182723,-0.1182386209494456,below
data/transformers/runs_unified_vector_vproj_precond/results.csv,unified_softmax_richardson,vector_vproj_precond,row,weak_inverse,K32_cond10_below_H1_dh16_jacobi_linear_richardson,128,0.02,linear_richardson,5.0,,,,0,,,,,,,,32.0,correlated,10.0,1.0,32.0,1.0,16.0,16.0,coordinate,jacobi,none,context,0.7551577016711235,0.7655204683542252,0.92014030367136,0.8903804868459702,0.0261451967526227,16.092278480529785,-0.4051702804863453,0.2738037109375,0.6396299451589584,0.9539794921875,0.6396299451589584,0.8589694947004318,0.9026969969272614,32.0,0.4835148304700851,16.0,1.0,1.0,0.0,60740.9560546875,45990.87939453125,16.0,16.0,15.526495218276978,15.526495218276978,0.0,0.0,0.6966977491974831,0.7551577016711235,1.0839076432818011,-0.121962343981821,-0.1160431927195381,below
data/transformers/runs_unified_vector_vproj_precond/results.csv,unified_softmax_richardson,vector_vproj_precond,row,weak_inverse,K32_cond10_below_H1_dh16_lowrank_spectral_softmax_vector,128,0.02,softmax_vector,5.0,,,,0,,,,,,,,32.0,correlated,10.0,1.0,32.0,1.0,16.0,16.0,coordinate,lowrank_spectral,none,context,0.0001650444428378,0.010565786040388,0.0281034968793392,0.0003406226096558,0.0276760782580822,-0.3670634552836418,-0.3750361166894436,0.9444580078125,0.6391351148486137,0.9456787109375,0.6391350999474525,0.9181156009435654,0.9486356303095818,16.0,0.0029749579261988,16.0,1.0,1.0,0.0,0.4087546020746231,0.0057869342272169,16.0,16.0,15.47024667263031,15.47024667263031,4.851740479469299,4.851740479469299,0.0958838639780879,0.0001650444428378,0.0017208767901449,-3.78239909408737,-1.976098188123777,below
data/transformers/runs_unified_vector_vproj_precond/results.csv,unified_softmax_richardson,vector_vproj_precond,row,weak_inverse,K32_cond10_below_H1_dh16_lowrank_spectral_softmax_vector_projected,128,0.02,softmax_vector_projected,5.0,,,,0,,,,,,,,32.0,correlated,10.0,1.0,32.0,1.0,16.0,16.0,coordinate,lowrank_spectral,none,context,1.1791513711214066,1.189679577946663,1.2958363443613052,1.265361711382866,0.0264029239770025,23.01942491531372,-0.4002018459141254,0.23681640625,0.6395647674798965,0.9527587890625,0.6395647749304771,0.9184504821896552,0.9472474381327628,16.0,0.0029706063505727,16.0,1.0,1.0,0.0,60803.087890625,57297.09326171875,16.0,16.0,15.502617716789246,15.502617716789246,4.851740777492523,4.851740777492523,1.2490796744823456,1.1791513711214066,0.944018482335044,0.071569560330857,0.075430006545521,below
data/transformers/runs_unified_vector_vproj_precond/results.csv,unified_softmax_richardson,vector_vproj_precond,row,weak_inverse,K32_cond10_below_H1_dh16_lowrank_spectral_linear_richardson,128,0.02,linear_richardson,5.0,,,,0,,,,,,,,32.0,correlated,10.0,1.0,32.0,1.0,16.0,16.0,coordinate,lowrank_spectral,none,context,1.1829152405261991,1.1930692791938782,1.252187505364418,1.2266682237386703,0.0265831847209483,22.25320267677307,-0.3967136442661285,0.2349853515625,0.6395189613103867,0.9527587890625,0.6395189687609673,0.9182103648781776,0.9479416981339456,16.0,0.002976694056997,16.0,1.0,1.0,0.0,60747.701171875,57240.7548828125,16.0,16.0,15.46169400215149,15.46169400215149,0.0,0.0,1.2543919384479525,1.1829152405261991,0.9430449395080142,0.0729536272225847,0.0766656630316427,below
data/transformers/runs_unified_vector_vproj_precond/results.csv,unified_softmax_richardson,vector_vproj_precond,row,weak_inverse,K32_cond100_below_H1_dh16_jacobi_softmax_vector,128,0.02,softmax_vector,5.0,,,,0,,,,,,,,32.0,correlated,100.0,1.0,32.0,1.0,16.0,16.0,coordinate,jacobi,none,context,1.023264485411346e-05,0.0311142711434513,0.0264918324537575,2.454699057352628e-06,0.0264853942207992,-0.3971596695482731,-0.3972795344889164,0.9481201171875,0.6375486552715302,0.9482421875,0.6375486701726913,0.852397121489048,0.9004489853978157,32.0,0.4875100702047348,16.0,1.0,1.0,0.0,0.1479562390595674,0.0019714063091669,16.0,16.0,14.836526155471802,14.836526155471802,4.851924896240234,4.851924896240234,0.5177280232310295,1.023264485411346e-05,1.9761782771855868e-05,-4.990012098732839,-1.507040367974855,below
data/transformers/runs_unified_vector_vproj_precond/results.csv,unified_softmax_richardson,vector_vproj_precond,row,weak_inverse,K32_cond100_below_H1_dh16_jacobi_softmax_vector_projected,128,0.02,softmax_vector_projected,5.0,,,,0,,,,,,,,32.0,correlated,100.0,1.0,32.0,1.0,16.0,16.0,coordinate,jacobi,none,context,1.543967217206955,1.5766442120075226,1.0738265067338943,1.047645591199398,0.0264906974043697,19.08044147491455,-0.3974855840206146,0.2452392578125,0.6371473744511604,0.948974609375,0.6371473968029022,0.8523656278848648,0.897866740822792,32.0,0.4875504672527313,16.0,1.0,1.0,0.0,105862.11328125,82383.7568359375,16.0,16.0,14.873701214790344,14.873701214790344,4.851924896240234,4.851924896240234,0.8613350689411163,1.543967217206955,1.79234525576166,0.1886380747968224,0.1977337008147646,below
data/transformers/runs_unified_vector_vproj_precond/results.csv,unified_softmax_richardson,vector_vproj_precond,row,weak_inverse,K32_cond100_below_H1_dh16_jacobi_linear_richardson,128,0.02,linear_richardson,5.0,,,,0,,,,,,,,32.0,correlated,100.0,1.0,32.0,1.0,16.0,16.0,coordinate,jacobi,none,context,1.537608116865158,1.5708147585391998,1.037345826625824,1.0142097398638723,0.0262557575479149,18.47452139854431,-0.4021120332181453,0.2626953125,0.6372637003660202,0.9493408203125,0.6372637152671814,0.8524575904011726,0.8989250287413597,32.0,0.4874325282871723,16.0,1.0,1.0,0.0,106963.3876953125,83494.166015625,16.0,16.0,14.854071974754332,14.854071974754332,0.0,0.0,0.8630581945180893,1.537608116865158,1.7815152547849895,0.1868456629236143,0.1961249730172913,below
data/transformers/runs_unified_vector_vproj_precond/results.csv,unified_softmax_richardson,vector_vproj_precond,row,weak_inverse,K32_cond100_below_H1_dh16_lowrank_spectral_softmax_vector,128,0.02,softmax_vector,5.0,,,,0,,,,,,,,32.0,correlated,100.0,1.0,32.0,1.0,16.0,16.0,coordinate,lowrank_spectral,none,context,0.0133229281054809,0.0440549352206289,0.0807065805420279,0.0534935328178107,0.0270656333304941,0.620039202272892,-0.386757917702198,0.7918701171875,0.6373970061540604,0.9482421875,0.6373970061540604,0.9869009703397752,0.991706132888794,16.0,0.0019812387472484,16.0,1.0,1.0,0.0,0.1479020547121763,0.012656174134463,16.0,16.0,14.883756756782532,14.883756756782532,4.851924896240234,4.851924896240234,0.1789843346923589,0.0133229281054809,0.0744214658843635,-1.87540031568372,-1.356005433017457,below
data/transformers/runs_unified_vector_vproj_precond/results.csv,unified_softmax_richardson,vector_vproj_precond,row,weak_inverse,K32_cond100_below_H1_dh16_lowrank_spectral_softmax_vector_projected,128,0.02,softmax_vector_projected,5.0,,,,0,,,,,,,,32.0,correlated,100.0,1.0,32.0,1.0,16.0,16.0,coordinate,lowrank_spectral,none,context,2.6016761660575867,2.6305044293403625,1.5470080822706225,1.5130739361047745,0.0263068778440356,27.857154846191406,-0.4009631164371967,0.2076416015625,0.637338861823082,0.9510498046875,0.6373388692736626,0.9869193136692048,0.991860143840313,16.0,0.0019784051692113,16.0,1.0,1.0,0.0,106410.4931640625,103881.341796875,16.0,16.0,14.830313086509705,14.830313086509705,4.851924896240234,4.851924896240234,2.605394572019577,2.6016761660575867,0.9985608239528132,0.4152532384028711,0.4200390374148576,below
data/transformers/runs_unified_vector_vproj_precond/results.csv,unified_softmax_richardson,vector_vproj_precond,row,weak_inverse,K32_cond100_below_H1_dh16_lowrank_spectral_linear_richardson,128,0.02,linear_richardson,5.0,,,,0,,,,,,,,32.0,correlated,100.0,1.0,32.0,1.0,16.0,16.0,coordinate,lowrank_spectral,none,context,2.57648628950119,2.608536422252655,1.5068827718496325,1.4732294231653214,0.0268179322592914,27.179547548294067,-0.3909135535359382,0.218017578125,0.6369978561997414,0.94921875,0.6369978561997414,0.9868888333439828,0.9920729547739028,16.0,0.0019819852604996,16.0,1.0,1.0,0.0,105099.599609375,102630.2724609375,16.0,16.0,14.845438241958618,14.845438241958618,0.0,0.0,2.5823161900043488,2.57648628950119,0.9977528376106422,0.4110278357511707,0.4163969050311424,below
data/transformers/runs_unified_vector_vproj_precond/results.csv,unified_softmax_richardson,vector_vproj_precond,row,weak_inverse,K32_cond1000_below_H1_dh16_jacobi_softmax_vector,128,0.02,softmax_vector,5.0,,,,0,,,,,,,,32.0,correlated,1000.0,1.0,32.0,1.0,16.0,16.0,coordinate,jacobi,none,context,5.931990756380401e-06,0.1058067008852958,0.0257052553351968,6.635604279381369e-07,0.0257065461482852,-0.4120591431856155,-0.4120373427867889,0.9500732421875,0.6295944377779961,0.9501953125,0.6295944228768349,0.8300085663795471,0.8794890716671944,32.0,0.503743901848793,16.0,1.0,1.0,0.0,0.0478470069356262,0.0006501752504846,16.0,16.0,13.920242428779602,13.920242428779602,4.851996421813965,4.851996421813965,1.0296899676322937,5.931990756380401e-06,5.758952193324276e-06,-5.22679953438946,-0.9754868269572248,below
data/transformers/runs_unified_vector_vproj_precond/results.csv,unified_softmax_richardson,vector_vproj_precond,row,weak_inverse,K32_cond1000_below_H1_dh16_jacobi_softmax_vector_projected,128,0.02,softmax_vector_projected,5.0,,,,0,,,,,,,,32.0,correlated,1000.0,1.0,32.0,1.0,16.0,16.0,coordinate,jacobi,none,context,3.640857756137848,3.748447000980377,1.1088416501879692,1.0834747329354286,0.0255539189092814,20.27925658226013,-0.4150086157023906,0.251708984375,0.629201851785183,0.95166015625,0.6292018443346024,0.829744391143322,0.8816224709153175,32.0,0.50308658182621,16.0,1.0,1.0,0.0,155331.01171875,125994.21484375,16.0,16.0,13.930111646652222,13.930111646652222,4.851996421813965,4.851996421813965,1.380352959036827,3.640857756137848,2.637614106764877,0.5612037119108313,0.5738513747674356,below
data/transformers/runs_unified_vector_vproj_precond/results.csv,unified_softmax_richardson,vector_vproj_precond,row,weak_inverse,K32_cond1000_below_H1_dh16_jacobi_linear_richardson,128,0.02,linear_richardson,5.0,,,,0,,,,,,,,32.0,correlated,1000.0,1.0,32.0,1.0,16.0,16.0,coordinate,jacobi,none,context,3.616326034069061,3.71982616186142,1.069916471838951,1.046241357922554,0.025831154314801,19.56651949882508,-0.4095767103135586,0.2578125,0.6292776241898537,0.949951171875,0.6292776167392731,0.829726330935955,0.883776843547821,32.0,0.5033504217863083,16.0,1.0,1.0,0.0,151928.25,122990.2451171875,16.0,16.0,13.844748735427856,13.844748735427856,0.0,0.0,1.3710199296474457,3.616326034069061,2.637549487891425,0.5582675778912938,0.570522644530178,below
data/transformers/runs_unified_vector_vproj_precond/results.csv,unified_softmax_richardson,vector_vproj_precond,row,weak_inverse,K32_cond1000_below_H1_dh16_lowrank_spectral_softmax_vector,128,0.02,softmax_vector,5.0,,,,0,,,,,,,,32.0,correlated,1000.0,1.0,32.0,1.0,16.0,16.0,coordinate,lowrank_spectral,none,context,0.0272405156865715,0.1331262048333883,0.1834787018597126,0.1581921521574258,0.0258704407606273,2.616690933704376,-0.4096888713538646,0.6680908203125,0.6291848048567772,0.9466552734375,0.6291848197579384,0.9972576722502708,0.9981327429413795,16.0,0.0014655646809842,16.0,1.0,1.0,0.0,0.0488120135851204,0.0100938286632299,16.0,16.0,14.009509444236755,14.009509444236755,4.851996421813965,4.851996421813965,0.2518591396510601,0.0272405156865715,0.1081440987617016,-1.5647846751104806,-0.8757364486998209,below
data/transformers/runs_unified_vector_vproj_precond/results.csv,unified_softmax_richardson,vector_vproj_precond,row,weak_inverse,K32_cond1000_below_H1_dh16_lowrank_spectral_softmax_vector_projected,128,0.02,softmax_vector_projected,5.0,,,,0,,,,,,,,32.0,correlated,1000.0,1.0,32.0,1.0,16.0,16.0,coordinate,lowrank_spectral,none,context,5.609845757484436,5.718831956386566,1.50091952085495,1.472536861896515,0.0256250710226595,27.647123336791992,-0.41513816639781,0.2257080078125,0.6295246034860611,0.9505615234375,0.6295246109366417,0.99726003408432,0.9981448277831078,16.0,0.0014639217843068,16.0,1.0,1.0,0.0,153401.791015625,151399.9140625,16.0,16.0,13.902061581611632,13.902061581611632,4.851996421813965,4.851996421813965,5.598188877105713,5.609845757484436,1.0020830986788392,0.748950920508519,0.7573073353145932,below
data/transformers/runs_unified_vector_vproj_precond/results.csv,unified_softmax_richardson,vector_vproj_precond,row,weak_inverse,K32_cond1000_below_H1_dh16_lowrank_spectral_linear_richardson,128,0.02,linear_richardson,5.0,,,,0,,,,,,,,32.0,correlated,1000.0,1.0,32.0,1.0,16.0,16.0,coordinate,lowrank_spectral,none,context,5.619784235954285,5.728146851062775,1.4685182571411133,1.444269359111786,0.0255466483067721,27.115678787231445,-0.4153163507580757,0.2237548828125,0.6294265761971474,0.949951171875,0.629426583647728,0.9972641617059708,0.9981733188033104,16.0,0.0014624343602918,16.0,1.0,1.0,0.0,153975.056640625,151996.3359375,16.0,16.0,13.903941988945007,13.903941988945007,0.0,0.0,5.604198575019836,5.619784235954285,1.0027858037309452,0.7497196417375191,0.7580141433411234,below
data/transformers/runs_unified_vector_vproj_precond/results.csv,unified_softmax_richardson,vector_vproj_precond,row,weak_inverse,K32_cond10_at_H1_dh32_jacobi_softmax_vector,128,0.02,softmax_vector,5.0,,,,0,,,,,,,,32.0,correlated,10.0,1.0,32.0,1.0,32.0,32.0,coordinate,jacobi,none,context,6.114930499734328e-06,0.0104099762393161,0.0271239390131086,4.021234275342067e-06,0.0271277064457535,-0.3862833902239799,-0.3862518444657326,0.9486083984375,0.6395942717790604,0.948974609375,0.6395942717790604,0.8587740957736969,0.9052948951721193,32.0,0.4836614988744259,32.0,0.9999999403953552,0.9999999403953552,1.0,0.4837497398257255,0.0062502195942215,32.0,32.0,29.086094617843628,29.086094617843628,4.851410448551178,4.851410448551178,0.3497109338641166,6.114930499734328e-06,1.7487727935520086e-05,-5.21360847464624,-1.9825502617618609,at
data/transformers/runs_unified_vector_vproj_precond/results.csv,unified_softmax_richardson,vector_vproj_precond,row,weak_inverse,K32_cond10_at_H1_dh32_jacobi_softmax_vector_projected,128,0.02,softmax_vector_projected,5.0,,,,0,,,,,,,,32.0,correlated,10.0,1.0,32.0,1.0,32.0,32.0,coordinate,jacobi,none,context,6.11521778637325e-06,0.0103513692738488,0.025962617713958,3.946864325143906e-06,0.025957295205444,-0.4075686782598495,-0.4076698832213878,0.9521484375,0.6389332264661789,0.9522705078125,0.6389332339167595,0.8589287474751472,0.9057867899537086,32.0,0.4831768944859504,32.0,0.9999999403953552,0.9999999403953552,1.0,0.4849359206855297,0.006211775529664,32.0,32.0,29.17613387107849,29.17613387107849,4.851410269737244,4.851410269737244,0.3508870415389538,6.11521778637325e-06,1.742454165159938e-05,-5.213588071459114,-1.9850021981545192,at
data/transformers/runs_unified_vector_vproj_precond/results.csv,unified_softmax_richardson,vector_vproj_precond,row,weak_inverse,K32_cond10_at_H1_dh32_jacobi_linear_richardson,128,0.02,linear_richardson,5.0,,,,0,,,,,,,,32.0,correlated,10.0,1.0,32.0,1.0,32.0,32.0,coordinate,jacobi,none,context,5.713277460017707e-06,0.0103454430354759,0.0262157272081822,3.808443835850994e-06,0.0262064484413713,-0.4027793332934379,-0.4029563963413238,0.9525146484375,0.6396583095192909,0.9522705078125,0.6396583095192909,0.8587236180901527,0.904547743499279,32.0,0.4832376651465893,32.0,0.9999999403953552,0.9999999403953552,1.0,2.4248939800575187e-09,4.468386716194317e-09,32.0,32.0,29.21622490882873,29.21622490882873,0.0,0.0,0.3516094982624054,5.713277460017707e-06,1.625350292626601e-05,-5.243114684318828,-1.9852509062797776,at
data/transformers/runs_unified_vector_vproj_precond/results.csv,unified_softmax_richardson,vector_vproj_precond,row,weak_inverse,K32_cond10_at_H1_dh32_lowrank_spectral_softmax_vector,128,0.02,softmax_vector,5.0,,,,0,,,,,,,,32.0,correlated,10.0,1.0,32.0,1.0,32.0,32.0,coordinate,lowrank_spectral,none,context,2.932782514619703e-07,0.0103570215869694,0.0265905845444649,1.910311304698098e-07,0.0265882369130849,-0.3957683891057968,-0.3958114385604858,0.9505615234375,0.639573909342289,0.9503173828125,0.6395739167928696,7.105451004463248e-06,1.896304752335709e-05,32.0,0.0029773230780847,32.0,0.9999999403953552,0.9999999403953552,1.0,0.4886557981371879,0.006247782963328,32.0,32.0,29.20341992378235,29.20341992378235,4.851410269737244,4.851410269737244,2.23701913455443e-05,2.932782514619703e-07,0.0131112160722042,-6.532720141657232,-1.9847651185595128,at
data/transformers/runs_unified_vector_vproj_precond/results.csv,unified_softmax_richardson,vector_vproj_precond,row,weak_inverse,K32_cond10_at_H1_dh32_lowrank_spectral_softmax_vector_projected,128,0.02,softmax_vector_projected,5.0,,,,0,,,,,,,,32.0,correlated,10.0,1.0,32.0,1.0,32.0,32.0,coordinate,lowrank_spectral,none,context,2.978975572887066e-07,0.0104040800360962,0.0260025667957961,1.943861107633893e-07,0.0260030871722847,-0.4064141288399696,-0.4064045995473861,0.9554443359375,0.6391620263457298,0.955322265625,0.6391620263457298,7.127251478777907e-06,2.09519072313924e-05,32.0,0.0029788035026285,32.0,0.9999999403953552,0.9999999403953552,1.0,0.4873269200325012,0.0062209742609411,32.0,32.0,29.21921396255493,29.21921396255493,4.851410329341888,4.851410329341888,2.2289232674665985e-05,2.978975572887066e-07,0.0133677836855191,-6.525933057914144,-1.982796315539865,at
data/transformers/runs_unified_vector_vproj_precond/results.csv,unified_softmax_richardson,vector_vproj_precond,row,weak_inverse,K32_cond10_at_H1_dh32_lowrank_spectral_linear_richardson,128,0.02,linear_richardson,5.0,,,,0,,,,,,,,32.0,correlated,10.0,1.0,32.0,1.0,32.0,32.0,coordinate,lowrank_spectral,none,context,2.934916273498924e-13,0.0103592617670074,0.0267319772392511,2.415486193496023e-13,0.0267319772392511,-0.393516506999731,-0.3935165219008922,0.9522705078125,0.6391161531209946,0.9522705078125,0.6391161680221558,7.13963305543075e-06,2.1213970057942788e-05,32.0,0.0029754664574284,32.0,0.9999999403953552,0.9999999403953552,1.0,2.448876684768564e-09,4.524036423259048e-09,32.0,32.0,29.14824485778809,29.14824485778809,0.0,0.0,8.120582223151984e-12,2.934916273498924e-13,0.0361487181893829,-12.532404283675673,-1.9846711926543588,at
data/transformers/runs_unified_vector_vproj_precond/results.csv,unified_softmax_richardson,vector_vproj_precond,row,weak_inverse,K32_cond100_at_H1_dh32_jacobi_softmax_vector,128,0.02,softmax_vector,5.0,,,,0,,,,,,,,32.0,correlated,100.0,1.0,32.0,1.0,32.0,32.0,coordinate,jacobi,none,context,1.1284016750323644e-05,0.0312804237473756,0.0264191962778568,3.040511359131415e-06,0.0264085645321756,-0.3995594941079616,-0.3997409753501415,0.9520263671875,0.6373453289270401,0.951904296875,0.6373453289270401,0.8522691205143929,0.899953804910183,32.0,0.4875441379845142,32.0,0.9999999403953552,0.9999999403953552,1.0,0.5632084757089615,0.0066660981974564,32.0,32.0,25.134167671203613,25.134167671203613,4.851410329341888,4.851410329341888,0.519869476556778,1.1284016750323644e-05,2.170076989157408e-05,-4.947536277836795,-1.5047273723033523,at
data/transformers/runs_unified_vector_vproj_precond/results.csv,unified_softmax_richardson,vector_vproj_precond,row,weak_inverse,K32_cond100_at_H1_dh32_jacobi_softmax_vector_projected,128,0.02,softmax_vector_projected,5.0,,,,0,,,,,,,,32.0,correlated,100.0,1.0,32.0,1.0,32.0,32.0,coordinate,jacobi,none,context,1.102966234611813e-05,0.0310833759140223,0.0263788669835776,2.7966802917944733e-06,0.0263762210961431,-0.3995880670845508,-0.3996442072093487,0.94921875,0.6372354477643967,0.9490966796875,0.6372354403138161,0.8523959442973137,0.8991807922720909,32.0,0.4874649792909622,32.0,0.9999999403953552,0.9999999403953552,1.0,0.562067911028862,0.0066004601540043,32.0,32.0,25.23237347602844,25.23237347602844,4.851410388946533,4.851410388946533,0.5223444178700447,1.102966234611813e-05,2.1113257027462383e-05,-4.957437782524655,-1.5074718193044945,at
data/transformers/runs_unified_vector_vproj_precond/results.csv,unified_softmax_richardson,vector_vproj_precond,row,weak_inverse,K32_cond100_at_H1_dh32_jacobi_linear_richardson,128,0.02,linear_richardson,5.0,,,,0,,,,,,,,32.0,correlated,100.0,1.0,32.0,1.0,32.0,32.0,coordinate,jacobi,none,context,1.0328752523491858e-05,0.0310622837860137,0.0264272403437644,2.530401843614527e-06,0.0264230435714125,-0.3982888348400593,-0.3983744904398918,0.9493408203125,0.636954128742218,0.949462890625,0.6369541212916374,0.8523094952106476,0.8998592421412468,32.0,0.4872781708836555,32.0,0.9999999403953552,0.9999999403953552,1.0,3.782295671106439e-09,6.839683819315212e-09,32.0,32.0,25.187623023986816,25.187623023986816,0.0,0.0,0.5227593258023262,1.0328752523491858e-05,1.9760764897928152e-05,-4.985952128129876,-1.5077666168881607,at
data/transformers/runs_unified_vector_vproj_precond/results.csv,unified_softmax_richardson,vector_vproj_precond,row,weak_inverse,K32_cond100_at_H1_dh32_lowrank_spectral_softmax_vector,128,0.02,softmax_vector,5.0,,,,0,,,,,,,,32.0,correlated,100.0,1.0,32.0,1.0,32.0,32.0,coordinate,lowrank_spectral,none,context,8.122368129193092e-07,0.031249314546585,0.0264836559072136,1.86957988645986e-07,0.0264812477398663,-0.3978554978966713,-0.3979008309543133,0.9483642578125,0.6372959017753601,0.948486328125,0.6372959017753601,1.4799999576098344e-05,0.0001210772788908,32.0,0.0019783940806519,32.0,0.9999999403953552,0.9999999403953552,1.0,0.5561876520514488,0.0066905543208122,32.0,32.0,25.140118837356567,25.140118837356567,4.85140985250473,4.85140985250473,6.420110366889276e-05,8.122368129193092e-07,0.0126532949222108,-6.090317330919104,-1.5051595044607244,at
data/transformers/runs_unified_vector_vproj_precond/results.csv,unified_softmax_richardson,vector_vproj_precond,row,weak_inverse,K32_cond100_at_H1_dh32_lowrank_spectral_softmax_vector_projected,128,0.02,softmax_vector_projected,5.0,,,,0,,,,,,,,32.0,correlated,100.0,1.0,32.0,1.0,32.0,32.0,coordinate,lowrank_spectral,none,context,8.15671150178332e-07,0.0312257099431008,0.0261877228040248,1.8017996694652538e-07,0.0261892981361597,-0.4021281488239765,-0.4021011143922806,0.949951171875,0.6371261700987816,0.949951171875,0.637126162648201,1.4489132354356116e-05,0.0001179204455183,32.0,0.0019768016063608,32.0,0.9999999403953552,0.9999999403953552,1.0,0.5584710612893105,0.0065856482833623,32.0,32.0,25.213690042495728,25.213690042495728,4.85140985250473,4.85140985250473,6.470321204687934e-05,8.15671150178332e-07,0.0126133583295333,-6.088484898168415,-1.5054876787867777,at
data/transformers/runs_unified_vector_vproj_precond/results.csv,unified_softmax_richardson,vector_vproj_precond,row,weak_inverse,K32_cond100_at_H1_dh32_lowrank_spectral_linear_richardson,128,0.02,linear_richardson,5.0,,,,0,,,,,,,,32.0,correlated,100.0,1.0,32.0,1.0,32.0,32.0,coordinate,lowrank_spectral,none,context,7.126553985608783e-13,0.0311613702215254,0.0258972968440502,3.4838400068439034e-13,0.0258972994051873,-0.4088083915412426,-0.408808346837759,0.952392578125,0.6371104493737221,0.952392578125,0.6371104419231415,1.4773514635635364e-05,0.0001146272870755,32.0,0.0019770202052313,32.0,0.9999999403953552,0.9999999403953552,1.0,3.690731498195987e-09,6.645408723304769e-09,32.0,32.0,25.19846558570861,25.19846558570861,0.0,0.0,4.845037088543891e-11,7.126553985608783e-13,0.0147930803632875,-12.147120420612366,-1.506383453869694,at
data/transformers/runs_unified_vector_vproj_precond/results.csv,unified_softmax_richardson,vector_vproj_precond,row,weak_inverse,K32_cond1000_at_H1_dh32_jacobi_softmax_vector,128,0.02,softmax_vector,5.0,,,,0,,,,,,,,32.0,correlated,1000.0,1.0,32.0,1.0,32.0,32.0,coordinate,jacobi,none,context,7.6174450782673375e-06,0.1068343361839652,0.0253292410634458,8.218373110935318e-07,0.0253306138329207,-0.4205661900341511,-0.4205408170819282,0.954345703125,0.6294973939657211,0.954345703125,0.6294973939657211,0.8299631923437119,0.8806767016649246,32.0,0.5037502571940422,32.0,0.9999999403953552,0.9999999403953552,1.0,0.6564876586198807,0.007258043740876,32.0,32.0,20.685782432556152,20.685782432556152,4.851410090923309,4.851410090923309,1.033714473247528,7.6174450782673375e-06,7.368235803005258e-06,-5.118190668354573,-0.9712891441367316,at
data/transformers/runs_unified_vector_vproj_precond/results.csv,unified_softmax_richardson,vector_vproj_precond,row,weak_inverse,K32_cond1000_at_H1_dh32_jacobi_softmax_vector_projected,128,0.02,softmax_vector_projected,5.0,,,,0,,,,,,,,32.0,correlated,1000.0,1.0,32.0,1.0,32.0,32.0,coordinate,jacobi,none,context,7.619056759722298e-06,0.1064594741910696,0.0252808474469929,7.507441495135936e-07,0.025279389694333,-0.4204289354383945,-0.4204470179975033,0.9521484375,0.6290637478232384,0.951904296875,0.6290637478232384,0.8298559486865997,0.8803516626358032,32.0,0.5030142217874527,32.0,0.9999999403953552,0.9999999403953552,1.0,0.6413921043276787,0.0072500939713791,32.0,32.0,20.71024703979492,20.71024703979492,4.851409912109375,4.851409912109375,1.0336705446243286,7.619056759722298e-06,7.373111722593261e-06,-5.118098791049332,-0.9728156831612064,at
data/transformers/runs_unified_vector_vproj_precond/results.csv,unified_softmax_richardson,vector_vproj_precond,row,weak_inverse,K32_cond1000_at_H1_dh32_jacobi_linear_richardson,128,0.02,linear_richardson,5.0,,,,0,,,,,,,,32.0,correlated,1000.0,1.0,32.0,1.0,32.0,32.0,coordinate,jacobi,none,context,5.440831500891363e-06,0.1067998642101883,0.0260924450121819,6.079042336182283e-07,0.0260969372466206,-0.4048126861453056,-0.4047304429113865,0.948974609375,0.6293141171336174,0.94873046875,0.629314124584198,0.8299400508403778,0.8795763403177261,32.0,0.5034277364611626,32.0,0.9999999403953552,0.9999999403953552,1.0,5.196051755529396e-09,9.25382970251576e-09,32.0,32.0,20.79651975631714,20.79651975631714,0.0,0.0,1.033394604921341,5.440831500891363e-06,5.265932695437386e-06,-5.2643347237111175,-0.9714292994872692,at
data/transformers/runs_unified_vector_vproj_precond/results.csv,unified_softmax_richardson,vector_vproj_precond,row,weak_inverse,K32_cond1000_at_H1_dh32_lowrank_spectral_softmax_vector,128,0.02,softmax_vector,5.0,,,,0,,,,,,,,32.0,correlated,1000.0,1.0,32.0,1.0,32.0,32.0,coordinate,lowrank_spectral,none,context,2.105646473182788e-06,0.1062885401770472,0.0258058928884565,1.6250315759691605e-07,0.0258060011547058,-0.4117353521287441,-0.4117303937673569,0.952392578125,0.6295876652002335,0.9525146484375,0.6295876652002335,2.692054340514005e-05,9.702184570414828e-05,32.0,0.0014612319064326,32.0,0.9999999403953552,0.9999999403953552,1.0,0.6343129575252533,0.007226305489894,32.0,32.0,20.71240234375,20.71240234375,4.851409912109375,4.851409912109375,0.0001717612212814,2.105646473182788e-06,0.0122638954077148,-5.676614542758335,-0.9735135577360088,at
data/transformers/runs_unified_vector_vproj_precond/results.csv,unified_softmax_richardson,vector_vproj_precond,row,weak_inverse,K32_cond1000_at_H1_dh32_lowrank_spectral_softmax_vector_projected,128,0.02,softmax_vector_projected,5.0,,,,0,,,,,,,,32.0,correlated,1000.0,1.0,32.0,1.0,32.0,32.0,coordinate,lowrank_spectral,none,context,2.1140411661235703e-06,0.106311117298901,0.0258780464064329,1.5943391318273825e-07,0.0258779157884418,-0.4089867286384105,-0.4089908525347709,0.94921875,0.6296110153198242,0.94921875,0.6296110078692436,2.6947627475237823e-05,6.202319627846009e-05,32.0,0.0014600471477024,32.0,0.9999999403953552,0.9999999403953552,1.0,0.6459604278206825,0.0072456882917322,32.0,32.0,20.793709993362427,20.793709993362427,4.851410090923309,4.851410090923309,0.0001720929685689,2.1140411661235703e-06,0.0122903897204071,-5.674886560053078,-0.9734213175170768,at
data/transformers/runs_unified_vector_vproj_precond/results.csv,unified_softmax_richardson,vector_vproj_precond,row,weak_inverse,K32_cond1000_at_H1_dh32_lowrank_spectral_linear_richardson,128,0.02,linear_richardson,5.0,,,,0,,,,,,,,32.0,correlated,1000.0,1.0,32.0,1.0,32.0,32.0,coordinate,lowrank_spectral,none,context,1.8740599621192705e-12,0.106514049693942,0.0260638564359396,6.024310485685212e-13,0.026063859462738,-0.4058676362037658,-0.4058675728738308,0.9459228515625,0.6293151751160622,0.9459228515625,0.6293151676654816,2.689941152311804e-05,6.186073187564034e-05,32.0,0.0014615502150263,32.0,0.9999999403953552,0.9999999403953552,1.0,5.264334579369034e-09,9.375985765558426e-09,32.0,32.0,20.666834354400635,20.666834354400635,0.0,0.0,2.393006365980499e-10,1.8740599621192705e-12,0.0078375879853009,-11.727216517609971,-0.9725931030035316,at
data/transformers/runs_unified_vector_vproj_precond/results.csv,unified_softmax_richardson,vector_vproj_precond,row,weak_inverse,K32_cond10_above_H1_dh64_jacobi_softmax_vector,128,0.02,softmax_vector,5.0,,,,0,,,,,,,,32.0,correlated,10.0,1.0,32.0,1.0,64.0,64.0,coordinate,jacobi,none,context,5.824035895329871e-06,0.0104364127619192,0.026716741034761,4.202198226721521e-06,0.0267076056916266,-0.3937521539628505,-0.3939242027699947,0.948486328125,0.6394925564527512,0.9488525390625,0.6394925564527512,0.8585442528128624,0.9031315967440604,32.0,0.4838198460638523,32.0,0.9999999403953552,0.9999999403953552,1.0,0.1223406353965401,0.0015573010459775,32.0,32.0,29.15881657600403,29.15881657600403,4.851720452308655,4.851720452308655,0.3518517538905144,5.824035895329871e-06,1.655349199766001e-05,-5.234775956995904,-1.9814487528107096,above
data/transformers/runs_unified_vector_vproj_precond/results.csv,unified_softmax_richardson,vector_vproj_precond,row,weak_inverse,K32_cond10_above_H1_dh64_jacobi_softmax_vector_projected,128,0.02,softmax_vector_projected,5.0,,,,0,,,,,,,,32.0,correlated,10.0,1.0,32.0,1.0,64.0,64.0,coordinate,jacobi,none,context,5.887245436042576e-06,0.0103872164618223,0.0267656883224844,4.177186127662935e-06,0.026763531146571,-0.3913062997162342,-0.3913436494767666,0.950927734375,0.639593280851841,0.9508056640625,0.639593280851841,0.8587297797203064,0.9058915823698044,32.0,0.4833505563437938,32.0,0.9999999403953552,0.9999999403953552,1.0,0.1231370512396097,0.0015689840802224,32.0,32.0,29.187806129455566,29.187806129455566,4.851720213890076,4.851720213890076,0.3517824113368988,5.887245436042576e-06,1.6742154649204728e-05,-5.230087858310975,-1.983500817912678,above
data/transformers/runs_unified_vector_vproj_precond/results.csv,unified_softmax_richardson,vector_vproj_precond,row,weak_inverse,K32_cond10_above_H1_dh64_jacobi_linear_richardson,128,0.02,linear_richardson,5.0,,,,0,,,,,,,,32.0,correlated,10.0,1.0,32.0,1.0,64.0,64.0,coordinate,jacobi,none,context,5.863465958100278e-06,0.0103740621125325,0.0268135089427232,3.72208407384278e-06,0.0268084576819092,-0.3914356343448162,-0.3915247544646263,0.9498291015625,0.6395484209060669,0.9500732421875,0.6395484209060669,0.8587903678417206,0.9054225161671638,32.0,0.4835377410054207,32.0,0.9999999403953552,0.9999999403953552,1.0,2.425323469834595e-09,4.451238100333654e-09,32.0,32.0,29.19059133529663,29.19059133529663,0.0,0.0,0.3517140932381153,5.863465958100278e-06,1.667212671562854e-05,-5.231845591916032,-1.984051156087046,above
data/transformers/runs_unified_vector_vproj_precond/results.csv,unified_softmax_richardson,vector_vproj_precond,row,weak_inverse,K32_cond10_above_H1_dh64_lowrank_spectral_softmax_vector,128,0.02,softmax_vector,5.0,,,,0,,,,,,,,32.0,correlated,10.0,1.0,32.0,1.0,64.0,64.0,coordinate,lowrank_spectral,none,context,7.422085968045168e-08,0.0104386664461344,0.0270556600298732,4.904453865250957e-08,0.0270546365063637,-0.3877546638250351,-0.3877749554812908,0.94921875,0.639143280684948,0.9490966796875,0.639143280684948,7.0690982738597086e-06,1.7552091094330535e-05,32.0,0.0029743128397967,32.0,0.9999999403953552,0.9999999403953552,1.0,0.1216533444821834,0.0015586101799272,32.0,32.0,29.16432309150696,29.16432309150696,4.8517202734947205,4.8517202734947205,5.575729858264822e-06,7.422085968045168e-08,0.0133123627286004,-7.129474019640778,-1.9813549795020973,above
data/transformers/runs_unified_vector_vproj_precond/results.csv,unified_softmax_richardson,vector_vproj_precond,row,weak_inverse,K32_cond10_above_H1_dh64_lowrank_spectral_softmax_vector_projected,128,0.02,softmax_vector_projected,5.0,,,,0,,,,,,,,32.0,correlated,10.0,1.0,32.0,1.0,64.0,64.0,coordinate,lowrank_spectral,none,context,7.346657326934293e-08,0.0103027452714741,0.0263227566611021,4.803106046225025e-08,0.0263221568893641,-0.4005287066102028,-0.400538370013237,0.9493408203125,0.6393343359231949,0.949462890625,0.6393343359231949,7.103262419150269e-06,2.137833803317335e-05,32.0,0.0029769340762868,32.0,0.9999999403953552,0.9999999403953552,1.0,0.1226515611633658,0.0015562493208562,32.0,32.0,29.1613929271698,29.1613929271698,4.851720094680786,4.851720094680786,5.610998016436497e-06,7.346657326934293e-08,0.0130982844470884,-7.133910216653819,-1.9870470376837583,above
data/transformers/runs_unified_vector_vproj_precond/results.csv,unified_softmax_richardson,vector_vproj_precond,row,weak_inverse,K32_cond10_above_H1_dh64_lowrank_spectral_linear_richardson,128,0.02,linear_richardson,5.0,,,,0,,,,,,,,32.0,correlated,10.0,1.0,32.0,1.0,64.0,64.0,coordinate,lowrank_spectral,none,context,2.938392191782596e-13,0.0103878653608262,0.0270293257199227,2.4095017871390585e-13,0.0270293271169066,-0.3874030858278274,-0.387403056025505,0.9486083984375,0.6396481618285179,0.9486083984375,0.6396481543779373,7.105769782356219e-06,1.7967806911656226e-05,32.0,0.0029802765930071,32.0,0.9999999403953552,0.9999999403953552,1.0,2.4212052085470503e-09,4.452049395808899e-09,32.0,32.0,29.21015357971192,29.21015357971192,0.0,0.0,7.975423273187676e-12,2.938392191782596e-13,0.0368443716444108,-12.53189023871607,-1.983473687982776,above
data/transformers/runs_unified_vector_vproj_precond/results.csv,unified_softmax_richardson,vector_vproj_precond,row,weak_inverse,K32_cond100_above_H1_dh64_jacobi_softmax_vector,128,0.02,softmax_vector,5.0,,,,0,,,,,,,,32.0,correlated,100.0,1.0,32.0,1.0,64.0,64.0,coordinate,jacobi,none,context,1.0286985570928664e-05,0.0312472386285662,0.0265115723013877,2.630603546549537e-06,0.0265002462547272,-0.3974932394921779,-0.3977057859301567,0.945556640625,0.6368637531995773,0.945556640625,0.6368637531995773,0.8522922098636627,0.8977537751197815,32.0,0.4879465363919735,32.0,0.9999999403953552,0.9999999403953552,1.0,0.1394675951451063,0.0016379414737457,32.0,32.0,25.20852279663086,25.20852279663086,4.85172039270401,4.85172039270401,0.5193394273519516,1.0286985570928664e-05,1.981375249553322e-05,-4.987711869329431,-1.5051883559635668,above
data/transformers/runs_unified_vector_vproj_precond/results.csv,unified_softmax_richardson,vector_vproj_precond,row,weak_inverse,K32_cond100_above_H1_dh64_jacobi_softmax_vector_projected,128,0.02,softmax_vector_projected,5.0,,,,0,,,,,,,,32.0,correlated,100.0,1.0,32.0,1.0,64.0,64.0,coordinate,jacobi,none,context,1.0804097087202535e-05,0.0309447231702506,0.0259339676704257,2.554278012212308e-06,0.0259282821789383,-0.4072084315121174,-0.4073053635656833,0.9510498046875,0.6372489556670189,0.95068359375,0.6372489556670189,0.8521785959601402,0.8987105563282967,32.0,0.4877995438873768,32.0,0.9999999403953552,0.9999999403953552,1.0,0.1391051113605499,0.0016565315017942,32.0,32.0,25.13117742538452,25.13117742538452,4.8517202734947205,4.8517202734947205,0.5154832899570465,1.0804097087202535e-05,2.0960135954103955e-05,-4.966411521833081,-1.509413398127746,above
data/transformers/runs_unified_vector_vproj_precond/results.csv,unified_softmax_richardson,vector_vproj_precond,row,weak_inverse,K32_cond100_above_H1_dh64_jacobi_linear_richardson,128,0.02,linear_richardson,5.0,,,,0,,,,,,,,32.0,correlated,100.0,1.0,32.0,1.0,64.0,64.0,coordinate,jacobi,none,context,1.0420511102893217e-05,0.0314626889303326,0.0263650442939251,2.86310921637778e-06,0.0263663574587553,-0.3998530283570289,-0.3998256176710129,0.9515380859375,0.6369670033454895,0.951416015625,0.6369670033454895,0.8523382022976875,0.8979585990309715,32.0,0.4874746091663837,32.0,0.9999999403953552,0.9999999403953552,1.0,3.806938347894473e-09,6.7148319127241515e-09,32.0,32.0,25.066566228866577,25.066566228866577,0.0,0.0,0.5194206833839417,1.0420511102893217e-05,2.0061591507645087e-05,-4.982110979335672,-1.502204163540376,above
data/transformers/runs_unified_vector_vproj_precond/results.csv,unified_softmax_richardson,vector_vproj_precond,row,weak_inverse,K32_cond100_above_H1_dh64_lowrank_spectral_softmax_vector,128,0.02,softmax_vector,5.0,,,,0,,,,,,,,32.0,correlated,100.0,1.0,32.0,1.0,64.0,64.0,coordinate,lowrank_spectral,none,context,2.028942418519364e-07,0.0311349101830273,0.025965672917664,4.597544389639553e-08,0.0259652889799326,-0.4072812125086784,-0.4072887450456619,0.951416015625,0.6370838433504105,0.951416015625,0.6370838209986687,1.4823911783423682e-05,0.0001218887828144,32.0,0.0019795885600615,32.0,0.9999999403953552,0.9999999403953552,1.0,0.1395306605845689,0.001655044266954,32.0,32.0,25.18668389320373,25.18668389320373,4.851720154285431,4.851720154285431,1.5988798395483172e-05,2.028942418519364e-07,0.0126913371798524,-6.692730278089449,-1.5067523827793197,above
data/transformers/runs_unified_vector_vproj_precond/results.csv,unified_softmax_richardson,vector_vproj_precond,row,weak_inverse,K32_cond100_above_H1_dh64_lowrank_spectral_softmax_vector_projected,128,0.02,softmax_vector_projected,5.0,,,,0,,,,,,,,32.0,correlated,100.0,1.0,32.0,1.0,64.0,64.0,coordinate,lowrank_spectral,none,context,2.0342759654568e-07,0.0312433394137769,0.0254883321467787,4.4842403124079055e-08,0.0254880923312157,-0.4173278845846653,-0.4173327013850212,0.9541015625,0.6370865479111671,0.9539794921875,0.6370865479111671,1.449082674298552e-05,0.0001069292211468,32.0,0.0019806510244961,32.0,0.9999999403953552,0.9999999403953552,1.0,0.139778858050704,0.0016562117962166,32.0,32.0,25.162768602371216,25.162768602371216,4.851720154285431,4.851720154285431,1.6062164831964765e-05,2.0342759654568e-07,0.0126698089854119,-6.69159013197109,-1.5052425531728737,above
data/transformers/runs_unified_vector_vproj_precond/results.csv,unified_softmax_richardson,vector_vproj_precond,row,weak_inverse,K32_cond100_above_H1_dh64_lowrank_spectral_linear_richardson,128,0.02,linear_richardson,5.0,,,,0,,,,,,,,32.0,correlated,100.0,1.0,32.0,1.0,64.0,64.0,coordinate,lowrank_spectral,none,context,7.14844057157684e-13,0.0309899151325225,0.0265534704085439,3.453750076188277e-13,0.0265534687787294,-0.3962985202670097,-0.3962985575199127,0.94921875,0.6371326744556427,0.94921875,0.6371326521039009,1.4807789511905868e-05,0.0001233032680829,32.0,0.0019834556151181,32.0,0.9999999403953552,0.9999999403953552,1.0,3.6804114478261596e-09,6.577766220594583e-09,32.0,32.0,25.19337201118469,25.19337201118469,0.0,0.0,4.8685556888056196e-11,7.14844057157684e-13,0.0147073606287436,-12.145788688971606,-1.5087796130968771,above
data/transformers/runs_unified_vector_vproj_precond/results.csv,unified_softmax_richardson,vector_vproj_precond,row,weak_inverse,K32_cond1000_above_H1_dh64_jacobi_softmax_vector,128,0.02,softmax_vector,5.0,,,,0,,,,,,,,32.0,correlated,1000.0,1.0,32.0,1.0,64.0,64.0,coordinate,jacobi,none,context,5.981461868032056e-06,0.1072652488946914,0.0263199442997574,6.695387355648563e-07,0.0263220532797276,-0.4003320075571537,-0.4002935215830803,0.94775390625,0.62961246073246,0.94775390625,0.62961246073246,0.8296450227499008,0.880858950316906,32.0,0.5032578706741333,32.0,0.9999999403953552,0.9999999403953552,1.0,0.161340719088912,0.0017741206684149,32.0,32.0,20.64291715621948,20.64291715621948,4.8517202734947205,4.8517202734947205,1.0340540260076525,5.981461868032056e-06,5.7850940846112e-06,-5.22319266155827,-0.9695409551799076,above
data/transformers/runs_unified_vector_vproj_precond/results.csv,unified_softmax_richardson,vector_vproj_precond,row,weak_inverse,K32_cond1000_above_H1_dh64_jacobi_softmax_vector_projected,128,0.02,softmax_vector_projected,5.0,,,,0,,,,,,,,32.0,correlated,1000.0,1.0,32.0,1.0,64.0,64.0,coordinate,jacobi,none,context,6.308505419383437e-06,0.1059311144053936,0.026031631976366,6.586328922253415e-07,0.0260319989174604,-0.4064779169857502,-0.4064693562686443,0.9503173828125,0.6296927630901337,0.949951171875,0.6296927481889725,0.8300924003124237,0.8829398527741432,32.0,0.5031723082065582,32.0,0.9999999403953552,0.9999999403953552,1.0,0.163175469264388,0.0017950822802959,32.0,32.0,20.7349796295166,20.7349796295166,4.851720213890076,4.851720213890076,1.047143280506134,6.308505419383437e-06,6.027260116508803e-06,-5.200073519519395,-0.9749764588739734,above
data/transformers/runs_unified_vector_vproj_precond/results.csv,unified_softmax_richardson,vector_vproj_precond,row,weak_inverse,K32_cond1000_above_H1_dh64_jacobi_linear_richardson,128,0.02,linear_richardson,5.0,,,,0,,,,,,,,32.0,correlated,1000.0,1.0,32.0,1.0,64.0,64.0,coordinate,jacobi,none,context,5.520971285477572e-06,0.1049139695242047,0.0263971500098705,6.045045353175738e-07,0.0263967085629701,-0.4002509489655494,-0.4002612344920635,0.947265625,0.6294141858816147,0.9471435546875,0.6294142007827759,0.8297952264547348,0.8833056390285492,32.0,0.50324347615242,32.0,0.9999999403953552,0.9999999403953552,1.0,5.288609716824766e-09,9.461175065617056e-09,32.0,32.0,20.66955876350403,20.66955876350403,0.0,0.0,1.0382748991250992,5.520971285477572e-06,5.313797990594598e-06,-5.257984511615716,-0.9791666806972968,above
data/transformers/runs_unified_vector_vproj_precond/results.csv,unified_softmax_richardson,vector_vproj_precond,row,weak_inverse,K32_cond1000_above_H1_dh64_lowrank_spectral_softmax_vector,128,0.02,softmax_vector,5.0,,,,0,,,,,,,,32.0,correlated,1000.0,1.0,32.0,1.0,64.0,64.0,coordinate,lowrank_spectral,none,context,5.275655965419901e-07,0.1062922626733779,0.0262292553670704,3.8604967222966025e-08,0.0262282353360205,-0.4025846049189567,-0.4026025272905826,0.9461669921875,0.6293957829475403,0.9461669921875,0.6293957754969597,2.6994754080078565e-05,6.199954850671929e-05,32.0,0.0014598541165469,32.0,0.9999999403953552,0.9999999403953552,1.0,0.158669201657176,0.0018039080750895,32.0,32.0,20.686713457107544,20.686713457107544,4.8517202734947205,4.8517202734947205,4.2799637412827e-05,5.275655965419901e-07,0.0123317195203348,-6.277723533290822,-0.9734983478996188,above
data/transformers/runs_unified_vector_vproj_precond/results.csv,unified_softmax_richardson,vector_vproj_precond,row,weak_inverse,K32_cond1000_above_H1_dh64_lowrank_spectral_softmax_vector_projected,128,0.02,softmax_vector_projected,5.0,,,,0,,,,,,,,32.0,correlated,1000.0,1.0,32.0,1.0,64.0,64.0,coordinate,lowrank_spectral,none,context,5.318265579035142e-07,0.1059555178508162,0.0261417692527174,4.134553055479273e-08,0.0261434188578277,-0.4045457616448402,-0.4045153185725212,0.949462890625,0.629438042640686,0.949462890625,0.629438042640686,2.708568877096696e-05,7.417565439027385e-05,32.0,0.0014632907696068,32.0,0.9999999403953552,0.9999999403953552,1.0,0.1620610617101192,0.0018188911926699,32.0,32.0,20.718695878982544,20.718695878982544,4.851720213890076,4.851720213890076,4.283543148630997e-05,5.318265579035142e-07,0.0124186532626968,-6.2742299790334926,-0.974876421588747,above
data/transformers/runs_unified_vector_vproj_precond/results.csv,unified_softmax_richardson,vector_vproj_precond,row,weak_inverse,K32_cond1000_above_H1_dh64_lowrank_spectral_linear_richardson,128,0.02,linear_richardson,5.0,,,,0,,,,,,,,32.0,correlated,1000.0,1.0,32.0,1.0,64.0,64.0,coordinate,lowrank_spectral,none,context,1.852828342683612e-12,0.1062280489131808,0.026654933579266,6.025127635310087e-13,0.0266549345105886,-0.3955471068620682,-0.3955470882356167,0.947021484375,0.6295464187860489,0.947021484375,0.6295464187860489,2.687953906388429e-05,7.96186591287551e-05,32.0,0.0014620488072978,32.0,0.9999999403953552,0.9999999403953552,1.0,5.299106209388782e-09,9.456849525690814e-09,32.0,32.0,20.720349311828613,20.720349311828613,0.0,0.0,2.3749736205447286e-10,1.852828342683612e-12,0.0078030466460812,-11.73216481450655,-0.9737607951203704,above
data/transformers/runs_unified_vector_temp_jacobi/results.csv,unified_softmax_richardson,vector_temp_jacobi,row,weak_inverse,K8_cond10_below_H1_dh4_jacobi_tau0.1_softmax_vector,128,0.02,softmax_vector,0.1,,,,0,,,,,,,,8.0,correlated,10.0,1.0,32.0,1.0,4.0,4.0,coordinate,jacobi,none,context,inf,inf,inf,inf,0.0210277459118515,inf,-0.5121316462755203,0.2275390625,0.3821839801967144,0.95166015625,0.5725533291697502,0.5203765332698822,0.6827664524316788,8.0,0.7252685725688934,4.0,1.0,1.0,0.0,456969.87109375,inf,4.0,4.0,3.9241437911987305,3.9241437911987305,2.9151334166526794,2.9151334166526794,0.974778488278389,inf,inf,inf,inf,below
data/transformers/runs_unified_vector_temp_jacobi/results.csv,unified_softmax_richardson,vector_temp_jacobi,row,weak_inverse,K8_cond10_below_H1_dh4_jacobi_tau0.1_softmax_vector_projected,128,0.02,softmax_vector_projected,0.1,,,,0,,,,,,,,8.0,correlated,10.0,1.0,32.0,1.0,4.0,4.0,coordinate,jacobi,none,context,inf,inf,inf,inf,0.0213611884973943,inf,-0.504764873534441,0.1451416015625,0.4787802211940288,0.949462890625,0.5724309831857681,0.5211339145898819,0.687865138053894,8.0,0.724167063832283,4.0,1.0,1.0,0.0,1150094.09375,inf,4.0,4.0,3.9182519018650055,3.9182519018650055,2.919298440217972,2.919298440217972,1.349073275923729,inf,inf,inf,inf,below
data/transformers/runs_unified_vector_temp_jacobi/results.csv,unified_softmax_richardson,vector_temp_jacobi,row,weak_inverse,K8_cond10_below_H1_dh4_jacobi_tau0.1_linear_richardson,128,0.02,linear_richardson,0.1,,,,0,,,,,,,,8.0,correlated,10.0,1.0,32.0,1.0,4.0,4.0,coordinate,jacobi,none,context,0.5700427889823914,0.5726764649152756,0.8406163156032562,0.8176479116082191,0.0208003285806626,18.36224126815796,-0.5176995806396008,0.2996826171875,0.57252436876297,0.950439453125,0.5725243613123894,0.5223643034696579,0.6821060329675674,8.0,0.7239490300416946,4.0,1.0,1.0,0.0,946651.484375,883800.6875,4.0,4.0,3.906875729560852,3.906875729560852,0.0,0.0,0.5816480219364166,0.5700427889823914,0.9800101812713756,-0.2440925437635172,-0.242090664568619,below
data/transformers/runs_unified_vector_temp_jacobi/results.csv,unified_softmax_richardson,vector_temp_jacobi,row,weak_inverse,K8_cond10_below_H1_dh4_jacobi_tau0.2_softmax_vector,128,0.02,softmax_vector,0.2,,,,0,,,,,,,,8.0,correlated,10.0,1.0,32.0,1.0,4.0,4.0,coordinate,jacobi,none,context,4.961815989721911e+33,4.961815989721911e+33,4.7753804483038086e+32,4.7753804483038086e+32,0.0217108947690576,1.121075912843844e+34,-0.4962463267147541,0.900146484375,0.5691937804222107,0.9442138671875,0.5727021545171738,0.5218882039189339,0.6751749590039253,8.0,0.7235181629657745,4.0,1.0,1.0,0.0,60284.5126953125,inf,4.0,4.0,3.925699383020401,3.925699383020401,4.222508549690247,4.222508549690247,0.2088727597147226,4.961815989721911e+33,2.291445632568603e+34,33.69564065430737,33.69564065430737,below
data/transformers/runs_unified_vector_temp_jacobi/results.csv,unified_softmax_richardson,vector_temp_jacobi,row,weak_inverse,K8_cond10_below_H1_dh4_jacobi_tau0.2_softmax_vector_projected,128,0.02,softmax_vector_projected,0.2,,,,0,,,,,,,,8.0,correlated,10.0,1.0,32.0,1.0,4.0,4.0,coordinate,jacobi,none,context,1.9600397108189688e+23,1.9600397108189688e+23,4.0483025828566574e+23,4.0483025828566574e+23,0.0211756667122244,9.041803823350258e+24,-0.5085435174405575,0.2950439453125,0.5710350871086121,0.948486328125,0.5724174901843071,0.5211983695626259,0.6918501183390617,8.0,0.7240427434444427,4.0,1.0,1.0,0.0,954295.609375,9.65401480588709e+28,4.0,4.0,3.913445681333542,3.913445681333542,4.220708727836609,4.220708727836609,0.6501151546835899,1.9600397108189688e+23,2.998395269723857e+23,23.29226487034364,23.29226487034364,below
data/transformers/runs_unified_vector_temp_jacobi/results.csv,unified_softmax_richardson,vector_temp_jacobi,row,weak_inverse,K8_cond10_below_H1_dh4_jacobi_tau0.2_linear_richardson,128,0.02,linear_richardson,0.2,,,,0,,,,,,,,8.0,correlated,10.0,1.0,32.0,1.0,4.0,4.0,coordinate,jacobi,none,context,0.5684370696544647,0.5709196701645851,0.8534564226865768,0.8300674334168434,0.0212634913623332,18.66229748725891,-0.5061733648180962,0.2978515625,0.5726483911275864,0.948486328125,0.5726483836770058,0.522499792277813,0.6829653307795525,8.0,0.7237222269177437,4.0,1.0,1.0,0.0,939155.03125,877492.890625,4.0,4.0,3.9211573898792262,3.9211573898792262,0.0,0.0,0.5811957940459251,0.5684370696544647,0.9780225010476696,-0.2453176080467679,-0.2434249937829932,below
data/transformers/runs_unified_vector_temp_jacobi/results.csv,unified_softmax_richardson,vector_temp_jacobi,row,weak_inverse,K8_cond10_below_H1_dh4_jacobi_tau0.5_softmax_vector,128,0.02,softmax_vector,0.5,,,,0,,,,,,,,8.0,correlated,10.0,1.0,32.0,1.0,4.0,4.0,coordinate,jacobi,none,context,0.0001511175560153,0.0024431802739854,0.0222696769051253,8.352507575182244e-05,0.0221635571215301,-0.4831832610070705,-0.4856399670243263,0.9453125,0.5726575702428818,0.9454345703125,0.5726575702428818,0.5214153975248337,0.6870450899004936,8.0,0.724601574242115,4.0,1.0,1.0,0.0,3989.714416503906,46.33623170852661,4.0,4.0,3.928051263093949,3.928051263093949,4.747412145137787,4.747412145137787,0.1299744639545679,0.0001511175560153,0.0011628460586479,-3.820685078760242,-2.612044486727501,below
data/transformers/runs_unified_vector_temp_jacobi/results.csv,unified_softmax_richardson,vector_temp_jacobi,row,weak_inverse,K8_cond10_below_H1_dh4_jacobi_tau0.5_softmax_vector_projected,128,0.02,softmax_vector_projected,0.5,,,,0,,,,,,,,8.0,correlated,10.0,1.0,32.0,1.0,4.0,4.0,coordinate,jacobi,none,context,0.5653525218367577,0.5677225515246391,0.8112685829401016,0.7919773906469345,0.0213151019997894,17.703352451324463,-0.5054087787866592,0.2972412109375,0.5725087225437164,0.9505615234375,0.572508729994297,0.5219384804368019,0.686427615582943,8.0,0.7244776636362076,4.0,1.0,1.0,0.0,928123.71875,866032.6171875,4.0,4.0,3.91425159573555,3.91425159573555,4.747404873371124,4.747404873371124,0.5731776505708694,0.5653525218367577,0.9863312110637268,-0.2476806662569931,-0.2458638540427144,below
data/transformers/runs_unified_vector_temp_jacobi/results.csv,unified_softmax_richardson,vector_temp_jacobi,row,weak_inverse,K8_cond10_below_H1_dh4_jacobi_tau0.5_linear_richardson,128,0.02,linear_richardson,0.5,,,,0,,,,,,,,8.0,correlated,10.0,1.0,32.0,1.0,4.0,4.0,coordinate,jacobi,none,context,0.5726288631558418,0.5753035470843315,0.8398168310523033,0.8204541951417923,0.0212677211966365,18.382020950317383,-0.506719209253788,0.301025390625,0.5724912285804749,0.950927734375,0.5724912062287331,0.5225525572896004,0.6822951585054398,8.0,0.7232106551527977,4.0,1.0,1.0,0.0,941577.15625,876845.109375,4.0,4.0,3.9162577390670776,3.9162577390670776,0.0,0.0,0.5836953893303871,0.5726288631558418,0.981015920369881,-0.2421267653025563,-0.2401029482856374,below
data/transformers/runs_unified_vector_temp_jacobi/results.csv,unified_softmax_richardson,vector_temp_jacobi,row,weak_inverse,K8_cond10_below_H1_dh4_jacobi_tau1.0_softmax_vector,128,0.02,softmax_vector,1.0,,,,0,,,,,,,,8.0,correlated,10.0,1.0,32.0,1.0,4.0,4.0,coordinate,jacobi,none,context,3.624598002716084e-05,0.0023268081131391,0.0215227410662919,1.9688021666297573e-05,0.0215190986637026,-0.5008167959749699,-0.5008860044181347,0.947265625,0.5723287090659142,0.946533203125,0.5723287016153336,0.5214481949806213,0.6782558783888817,8.0,0.7243285775184631,4.0,1.0,1.0,0.0,823.4773025512695,10.993884801864624,4.0,4.0,3.9127179086208335,3.9127179086208335,4.825816571712494,4.825816571712494,0.1283473633229732,3.624598002716084e-05,0.0002824771699767,-4.44074015319871,-2.63323943056844,below
data/transformers/runs_unified_vector_temp_jacobi/results.csv,unified_softmax_richardson,vector_temp_jacobi,row,weak_inverse,K8_cond10_below_H1_dh4_jacobi_tau1.0_softmax_vector_projected,128,0.02,softmax_vector_projected,1.0,,,,0,,,,,,,,8.0,correlated,10.0,1.0,32.0,1.0,4.0,4.0,coordinate,jacobi,none,context,0.5740445628762245,0.5761693641543388,0.8724375888705254,0.8478061556816101,0.021355708129704,19.12043333053589,-0.504545945674181,0.2891845703125,0.5726349428296089,0.9493408203125,0.5726349428296089,0.5216229483485222,0.6778330728411674,8.0,0.7237700968980789,4.0,1.0,1.0,0.0,941691.9765625,878000.171875,4.0,4.0,3.9238007068634033,3.9238007068634033,4.82582700252533,4.82582700252533,0.5832687392830849,0.5740445628762245,0.9841494124843024,-0.2410543921664456,-0.2394498375731974,below
data/transformers/runs_unified_vector_temp_jacobi/results.csv,unified_softmax_richardson,vector_temp_jacobi,row,weak_inverse,K8_cond10_below_H1_dh4_jacobi_tau1.0_linear_richardson,128,0.02,linear_richardson,1.0,,,,0,,,,,,,,8.0,correlated,10.0,1.0,32.0,1.0,4.0,4.0,coordinate,jacobi,none,context,0.5657849386334419,0.5678246915340424,0.819021187722683,0.8022281154990196,0.0211342482361942,17.91554880142212,-0.5094926245510578,0.3009033203125,0.5725874900817871,0.9486083984375,0.5725875049829483,0.5209528133273125,0.6770051345229149,8.0,0.7246974855661392,4.0,1.0,1.0,0.0,948094.2421875,882922.140625,4.0,4.0,3.924379765987396,3.924379765987396,0.0,0.0,0.5769462510943413,0.5657849386334419,0.9806313329889932,-0.247348617775896,-0.2457857263507911,below
data/transformers/runs_unified_vector_temp_jacobi/results.csv,unified_softmax_richardson,vector_temp_jacobi,row,weak_inverse,K8_cond10_below_H1_dh4_jacobi_tau2.0_softmax_vector,128,0.02,softmax_vector,2.0,,,,0,,,,,,,,8.0,correlated,10.0,1.0,32.0,1.0,4.0,4.0,coordinate,jacobi,none,context,8.904779974727717e-06,0.002313636301551,0.0216341337654739,4.947214449657622e-06,0.0216268536169081,-0.4977551586925983,-0.4979300610721111,0.9482421875,0.5725101381540298,0.9478759765625,0.5725101456046104,0.5225457549095154,0.680783785879612,8.0,0.7241469770669937,4.0,1.0,1.0,0.0,199.93621253967285,2.692032277584076,4.0,4.0,3.922446131706238,3.922446131706238,4.845468163490295,4.845468163490295,0.1295198425650596,8.904779974727717e-06,6.883762136256185e-05,-5.050376806907324,-2.6357049101395367,below
data/transformers/runs_unified_vector_temp_jacobi/results.csv,unified_softmax_richardson,vector_temp_jacobi,row,weak_inverse,K8_cond10_below_H1_dh4_jacobi_tau2.0_softmax_vector_projected,128,0.02,softmax_vector_projected,2.0,,,,0,,,,,,,,8.0,correlated,10.0,1.0,32.0,1.0,4.0,4.0,coordinate,jacobi,none,context,0.5575570315122604,0.5597357079386711,0.8024841472506523,0.7855843082070351,0.021389287430793,17.484150409698486,-0.5038986504077911,0.3017578125,0.5726273879408836,0.9501953125,0.572627380490303,0.5219787731766701,0.673973836004734,8.0,0.7245348766446114,4.0,1.0,1.0,0.0,909694.375,846726.8125,4.0,4.0,3.922024875879288,3.922024875879288,4.845474541187286,4.845474541187286,0.5688148960471153,0.5575570315122604,0.980197955519802,-0.2537107028012998,-0.2520169867040237,below
data/transformers/runs_unified_vector_temp_jacobi/results.csv,unified_softmax_richardson,vector_temp_jacobi,row,weak_inverse,K8_cond10_below_H1_dh4_jacobi_tau2.0_linear_richardson,128,0.02,linear_richardson,2.0,,,,0,,,,,,,,8.0,correlated,10.0,1.0,32.0,1.0,4.0,4.0,coordinate,jacobi,none,context,0.5687791034579277,0.570779375731945,0.8080138117074966,0.7907678112387657,0.0210693872068077,17.642895698547363,-0.5113110654056072,0.298583984375,0.5724412500858307,0.951171875,0.5724412575364113,0.5221328362822533,0.6862606182694435,8.0,0.7245218828320503,4.0,1.0,1.0,0.0,943427.03125,881424.90625,4.0,4.0,3.914080768823624,3.914080768823624,0.0,0.0,0.5810690373182297,0.5687791034579277,0.9787699695119688,-0.2450563676573688,-0.2435317278622815,below
data/transformers/runs_unified_vector_temp_jacobi/results.csv,unified_softmax_richardson,vector_temp_jacobi,row,weak_inverse,K8_cond10_below_H1_dh4_jacobi_tau5.0_softmax_vector,128,0.02,softmax_vector,5.0,,,,0,,,,,,,,8.0,correlated,10.0,1.0,32.0,1.0,4.0,4.0,coordinate,jacobi,none,context,1.4329471866858512e-06,0.00232167635113,0.0214735302142798,7.558690953146652e-07,0.0214703597594052,-0.5016820952296257,-0.5017550848424435,0.9493408203125,0.5723640099167824,0.9488525390625,0.5723640099167824,0.522410161793232,0.6905623823404312,8.0,0.7239201441407204,4.0,1.0,1.0,0.0,30.860801696777344,0.4321290217339992,4.0,4.0,3.918123036623001,3.918123036623001,4.850981593132019,4.850981593132019,0.1298647504299879,1.4329471866858512e-06,1.1034859214995135e-05,-5.843769815850792,-2.6341983223730825,below
data/transformers/runs_unified_vector_temp_jacobi/results.csv,unified_softmax_richardson,vector_temp_jacobi,row,weak_inverse,K8_cond10_below_H1_dh4_jacobi_tau5.0_softmax_vector_projected,128,0.02,softmax_vector_projected,5.0,,,,0,,,,,,,,8.0,correlated,10.0,1.0,32.0,1.0,4.0,4.0,coordinate,jacobi,none,context,0.5782802179455757,0.5803227722644806,0.8503949716687202,0.8299427554011345,0.0213185425382107,18.607155799865723,-0.5054202601313591,0.2880859375,0.5727436989545822,0.953125,0.5727437064051628,0.5209529623389244,0.6813731491565704,8.0,0.7248680964112282,4.0,1.0,1.0,0.0,951900.8203125,888690.3125,4.0,4.0,3.8978565335273743,3.8978565335273743,4.850982308387756,4.850982308387756,0.5891239270567894,0.5782802179455757,0.9815551092426844,-0.2378616639717327,-0.2363303870870994,below
data/transformers/runs_unified_vector_temp_jacobi/results.csv,unified_softmax_richardson,vector_temp_jacobi,row,weak_inverse,K8_cond10_below_H1_dh4_jacobi_tau5.0_linear_richardson,128,0.02,linear_richardson,5.0,,,,0,,,,,,,,8.0,correlated,10.0,1.0,32.0,1.0,4.0,4.0,coordinate,jacobi,none,context,0.5601994916796684,0.5620515495538712,0.8212800621986389,0.7993979305028915,0.0216279290616512,17.962082386016846,-0.4980635084211826,0.28955078125,0.572663925588131,0.9483642578125,0.5726639330387115,0.5218345299363136,0.6920642480254173,8.0,0.7240437269210815,4.0,1.0,1.0,0.0,915992.8671875,854383.3359375,4.0,4.0,3.907807230949402,3.907807230949402,0.0,0.0,0.5715980306267738,0.5601994916796684,0.9800503211221422,-0.251657289587451,-0.2502238505161769,below
data/transformers/runs_unified_vector_temp_jacobi/results.csv,unified_softmax_richardson,vector_temp_jacobi,row,weak_inverse,K8_cond1000_below_H1_dh4_jacobi_tau0.1_softmax_vector,128,0.02,softmax_vector,0.1,,,,0,,,,,,,,8.0,correlated,1000.0,1.0,32.0,1.0,4.0,4.0,coordinate,jacobi,none,context,2.526802260246004e+25,2.526802260246004e+25,7.862278304800176e+23,7.862278304800176e+23,0.0211602121125906,1.9141126790425668e+25,-0.5092003345489502,0.9483642578125,0.5715865716338158,0.9501953125,0.5717231258749962,0.5061227679252625,0.6586799919605255,8.0,0.7328468412160873,4.0,1.0,1.0,0.0,12134.357543945312,7.127362707164578e+29,4.0,4.0,3.4205676317214966,3.4205676317214966,4.621837556362152,4.621837556362152,1.3319669514894483,2.526802260246004e+25,2.004801725969449e+25,25.402571256702597,25.402571256702597,below
data/transformers/runs_unified_vector_temp_jacobi/results.csv,unified_softmax_richardson,vector_temp_jacobi,row,weak_inverse,K8_cond1000_below_H1_dh4_jacobi_tau0.1_softmax_vector_projected,128,0.02,softmax_vector_projected,0.1,,,,0,,,,,,,,8.0,correlated,1000.0,1.0,32.0,1.0,4.0,4.0,coordinate,jacobi,none,context,41258206777202.3,41258206777201.375,141627236132.1305,141627236131.90042,0.0212302289437502,3484686667345.165,-0.5077159516513348,0.2830810546875,0.5714792907238007,0.9508056640625,0.5715475454926491,0.5069085508584976,0.6651981994509697,8.0,0.7319014146924019,4.0,1.0,1.0,0.0,2430198.53125,1.6859127983816643e+17,4.0,4.0,3.4501669108867645,3.4501669108867645,4.621530115604401,4.621530115604401,1.801617920398712,41258206777202.3,23341816942574.91,13.61551034812356,13.61551034812355,below
data/transformers/runs_unified_vector_temp_jacobi/results.csv,unified_softmax_richardson,vector_temp_jacobi,row,weak_inverse,K8_cond1000_below_H1_dh4_jacobi_tau0.1_linear_richardson,128,0.02,linear_richardson,0.1,,,,0,,,,,,,,8.0,correlated,1000.0,1.0,32.0,1.0,4.0,4.0,coordinate,jacobi,none,context,2.3481072783470154,2.393312007188797,1.0225593149662018,0.9966583847999572,0.0206189742311835,22.674355506896973,-0.5219017267227173,0.28857421875,0.5718221440911293,0.955322265625,0.5718221515417099,0.504957303404808,0.6640305146574974,8.0,0.7333302795886993,4.0,1.0,1.0,0.0,2451194.8125,2312440.5,4.0,4.0,3.4880805611610413,3.4880805611610413,0.0,0.0,1.5090828984975817,2.3481072783470154,1.5558041558892557,0.3707179347092348,0.3789993196612909,below
data/transformers/runs_unified_vector_temp_jacobi/results.csv,unified_softmax_richardson,vector_temp_jacobi,row,weak_inverse,K8_cond1000_below_H1_dh4_jacobi_tau0.2_softmax_vector,128,0.02,softmax_vector,0.2,,,,0,,,,,,,,8.0,correlated,1000.0,1.0,32.0,1.0,4.0,4.0,coordinate,jacobi,none,context,0.0012695628247456,0.0461589181795716,0.0210448538418859,4.286695957489428e-05,0.0210077550727874,-0.5119213499128819,-0.5127890296280384,0.95263671875,0.5718509703874588,0.95263671875,0.57185098528862,0.5063691362738609,0.6709617525339127,8.0,0.7325183004140854,4.0,1.0,1.0,0.0,1966.9732055664065,23.71143579483032,4.0,4.0,3.4873831272125244,3.4873831272125244,4.793617904186249,4.793617904186249,1.0911462008953094,0.0012695628247456,0.0011652091600411,-2.896345803049205,-1.335744378235082,below
data/transformers/runs_unified_vector_temp_jacobi/results.csv,unified_softmax_richardson,vector_temp_jacobi,row,weak_inverse,K8_cond1000_below_H1_dh4_jacobi_tau0.2_softmax_vector_projected,128,0.02,softmax_vector_projected,0.2,,,,0,,,,,,,,8.0,correlated,1000.0,1.0,32.0,1.0,4.0,4.0,coordinate,jacobi,none,context,2.331920981407165,2.379044473171234,0.9973158091306686,0.977598801255226,0.0209480032790452,22.093833923339844,-0.5138065330684185,0.291015625,0.5715937688946724,0.9521484375,0.5715937614440918,0.5072222873568535,0.6699292287230492,8.0,0.7319201678037643,4.0,1.0,1.0,0.0,2361145.5625,2226693.71875,4.0,4.0,3.4972040951251984,3.4972040951251984,4.793502449989319,4.793502449989319,1.5187952369451525,2.331920981407165,1.535014140891324,0.3677138299976705,0.3764025606889388,below
data/transformers/runs_unified_vector_temp_jacobi/results.csv,unified_softmax_richardson,vector_temp_jacobi,row,weak_inverse,K8_cond1000_below_H1_dh4_jacobi_tau0.2_linear_richardson,128,0.02,linear_richardson,0.2,,,,0,,,,,,,,8.0,correlated,1000.0,1.0,32.0,1.0,4.0,4.0,coordinate,jacobi,none,context,2.326156973838806,2.366410553455353,1.1154783368110657,1.0901878476142883,0.0215610172599554,24.779448986053467,-0.49960857629776,0.2879638671875,0.5718532800674438,0.9488525390625,0.5718532875180244,0.5066138729453087,0.6627795770764351,8.0,0.7323871403932571,4.0,1.0,1.0,0.0,2453138.9375,2315499.0,4.0,4.0,3.47945174574852,3.47945174574852,0.0,0.0,1.5019688159227371,2.326156973838806,1.5483495595373942,0.3666390184628175,0.3740900934755035,below
data/transformers/runs_unified_vector_temp_jacobi/results.csv,unified_softmax_richardson,vector_temp_jacobi,row,weak_inverse,K8_cond1000_below_H1_dh4_jacobi_tau0.5_softmax_vector,128,0.02,softmax_vector,0.5,,,,0,,,,,,,,8.0,correlated,1000.0,1.0,32.0,1.0,4.0,4.0,coordinate,jacobi,none,context,0.0001934124120452,0.0453404863364994,0.021478037815541,6.505148519408976e-06,0.021477215224877,-0.5015881434082985,-0.501602616161108,0.9449462890625,0.5716541409492493,0.944580078125,0.5716541409492493,0.5060661137104034,0.6679614707827568,8.0,0.7323382720351219,4.0,1.0,1.0,0.0,294.8995742797852,3.513371169567108,4.0,4.0,3.4811741709709167,3.4811741709709167,4.842650413513184,4.842650413513184,1.0647527649998665,0.0001934124120452,0.0001819907656316,-3.713515658950997,-1.3435138258035622,below
data/transformers/runs_unified_vector_temp_jacobi/results.csv,unified_softmax_richardson,vector_temp_jacobi,row,weak_inverse,K8_cond1000_below_H1_dh4_jacobi_tau0.5_softmax_vector_projected,128,0.02,softmax_vector_projected,0.5,,,,0,,,,,,,,8.0,correlated,1000.0,1.0,32.0,1.0,4.0,4.0,coordinate,jacobi,none,context,2.256004899740219,2.297159969806671,1.0410892739892006,1.02020201086998,0.0216050564777106,23.090034246444706,-0.4986572451889515,0.2879638671875,0.5717674121260643,0.9490966796875,0.5717674195766449,0.5059670209884644,0.6615864261984825,8.0,0.7329600378870964,4.0,1.0,1.0,0.0,2395520.625,2260846.9375,4.0,4.0,3.471635341644287,3.471635341644287,4.84264200925827,4.84264200925827,1.457661360502243,2.256004899740219,1.5476700021252077,0.3533400385417254,0.3611912396814145,below
data/transformers/runs_unified_vector_temp_jacobi/results.csv,unified_softmax_richardson,vector_temp_jacobi,row,weak_inverse,K8_cond1000_below_H1_dh4_jacobi_tau0.5_linear_richardson,128,0.02,linear_richardson,0.5,,,,0,,,,,,,,8.0,correlated,1000.0,1.0,32.0,1.0,4.0,4.0,coordinate,jacobi,none,context,2.2526830434799194,2.2972161173820496,0.98596853017807,0.9698768854141236,0.0203421548940241,21.843207836151123,-0.5283216685056686,0.2987060546875,0.571737565100193,0.953125,0.5717375725507736,0.5060916393995285,0.6713037043809891,8.0,0.7327002882957458,4.0,1.0,1.0,0.0,2385747.46875,2253570.71875,4.0,4.0,3.5164581537246704,3.5164581537246704,0.0,0.0,1.4608435779809952,2.2526830434799194,1.5417808582559636,0.3527000900144682,0.3612018546514115,below
data/transformers/runs_unified_vector_temp_jacobi/results.csv,unified_softmax_richardson,vector_temp_jacobi,row,weak_inverse,K8_cond1000_below_H1_dh4_jacobi_tau1.0_softmax_vector,128,0.02,softmax_vector,1.0,,,,0,,,,,,,,8.0,correlated,1000.0,1.0,32.0,1.0,4.0,4.0,coordinate,jacobi,none,context,4.8120058181666536e-05,0.0448844190686941,0.0210773688741028,1.6143486476494218e-06,0.0210798399057239,-0.5111307241022587,-0.5110720172524452,0.952392578125,0.5717743560671806,0.952392578125,0.5717743560671806,0.5058275610208511,0.6723512411117554,8.0,0.7324303612112999,4.0,1.0,1.0,0.0,72.03087520599365,0.8656761944293976,4.0,4.0,3.4627760648727417,3.4627760648727417,4.84968101978302,4.84968101978302,1.0173139944672585,4.8120058181666536e-05,4.7404115183247294e-05,-4.317673856229087,-1.3479043914428446,below
data/transformers/runs_unified_vector_temp_jacobi/results.csv,unified_softmax_richardson,vector_temp_jacobi,row,weak_inverse,K8_cond1000_below_H1_dh4_jacobi_tau1.0_softmax_vector_projected,128,0.02,softmax_vector_projected,1.0,,,,0,,,,,,,,8.0,correlated,1000.0,1.0,32.0,1.0,4.0,4.0,coordinate,jacobi,none,context,2.2820725440979004,2.3275167047977448,1.0257631838321686,1.0081537887454033,0.0205555278807878,22.731733798980716,-0.5235942862927914,0.2989501953125,0.5716769024729729,0.9534912109375,0.5716769024729729,0.507086269557476,0.657238557934761,8.0,0.7317694798111916,4.0,1.0,1.0,0.0,2429784.65625,2293357.09375,4.0,4.0,3.447971999645233,3.447971999645233,4.849686920642853,4.849686920642853,1.475722774863243,2.2820725440979004,1.545915742557248,0.3583294459545219,0.3668928066353126,below
data/transformers/runs_unified_vector_temp_jacobi/results.csv,unified_softmax_richardson,vector_temp_jacobi,row,weak_inverse,K8_cond1000_below_H1_dh4_jacobi_tau1.0_linear_richardson,128,0.02,linear_richardson,1.0,,,,0,,,,,,,,8.0,correlated,1000.0,1.0,32.0,1.0,4.0,4.0,coordinate,jacobi,none,context,2.2588528394699097,2.304808109998703,1.0162482038140297,0.9942051917314528,0.0218879152089357,22.53356528282165,-0.4917661882936954,0.2923583984375,0.5717192813754082,0.9478759765625,0.5717192813754082,0.5048081278800964,0.6617547273635864,8.0,0.7330256700515747,4.0,1.0,1.0,0.0,2401300.71875,2269211.546875,4.0,4.0,3.443544566631317,3.443544566631317,0.0,0.0,1.4673746824264526,2.2588528394699097,1.5390196082507772,0.3538879382740703,0.3626347734403052,below
data/transformers/runs_unified_vector_temp_jacobi/results.csv,unified_softmax_richardson,vector_temp_jacobi,row,weak_inverse,K8_cond1000_below_H1_dh4_jacobi_tau2.0_softmax_vector,128,0.02,softmax_vector,2.0,,,,0,,,,,,,,8.0,correlated,1000.0,1.0,32.0,1.0,4.0,4.0,coordinate,jacobi,none,context,1.1912222362298053e-05,0.0451642381958663,0.0208231669384986,4.087135145880439e-07,0.020817240467295,-0.5168161764740944,-0.5169518142938614,0.953857421875,0.5717423260211945,0.9539794921875,0.5717423260211945,0.5066249147057533,0.6658018156886101,8.0,0.7316993623971939,4.0,1.0,1.0,0.0,17.87701988220215,0.2228590138256549,4.0,4.0,3.496591955423355,3.496591955423355,4.851442873477936,4.851442873477936,1.047099769115448,1.1912222362298053e-05,1.1400599976409528e-05,-4.924007208320211,-1.3452053107968156,below
data/transformers/runs_unified_vector_temp_jacobi/results.csv,unified_softmax_richardson,vector_temp_jacobi,row,weak_inverse,K8_cond1000_below_H1_dh4_jacobi_tau2.0_softmax_vector_projected,128,0.02,softmax_vector_projected,2.0,,,,0,,,,,,,,8.0,correlated,1000.0,1.0,32.0,1.0,4.0,4.0,coordinate,jacobi,none,context,2.256397545337677,2.30138623714447,0.9905929639935492,0.9730548411607742,0.0213437022175639,21.92316222190857,-0.5046375282108784,0.3013916015625,0.5718406811356544,0.947021484375,0.5718406736850739,0.5064843893051147,0.6728147938847542,8.0,0.732616476714611,4.0,1.0,1.0,0.0,2421513.4375,2286892.1875,4.0,4.0,3.4645356833934784,3.4645356833934784,4.851442754268646,4.851442754268646,1.4609556794166565,2.256397545337677,1.5439523757801932,0.3534156185986132,0.3619895115777997,below
data/transformers/runs_unified_vector_temp_jacobi/results.csv,unified_softmax_richardson,vector_temp_jacobi,row,weak_inverse,K8_cond1000_below_H1_dh4_jacobi_tau2.0_linear_richardson,128,0.02,linear_richardson,2.0,,,,0,,,,,,,,8.0,correlated,1000.0,1.0,32.0,1.0,4.0,4.0,coordinate,jacobi,none,context,2.2735740542411804,2.3250192999839783,1.0475985705852509,1.0269197896122932,0.0208858211990445,23.19390344619751,-0.5151297226548195,0.2945556640625,0.5719281807541847,0.9515380859375,0.5719281807541847,0.5062956362962723,0.659003496170044,8.0,0.732875145971775,4.0,1.0,1.0,0.0,2395963.40625,2263573.90625,4.0,4.0,3.48737108707428,3.48737108707428,0.0,0.0,1.463029459118843,2.2735740542411804,1.5536181346852946,0.356709104494294,0.3664265623192,below
data/transformers/runs_unified_vector_temp_jacobi/results.csv,unified_softmax_richardson,vector_temp_jacobi,row,weak_inverse,K8_cond1000_below_H1_dh4_jacobi_tau5.0_softmax_vector,128,0.02,softmax_vector,5.0,,,,0,,,,,,,,8.0,correlated,1000.0,1.0,32.0,1.0,4.0,4.0,coordinate,jacobi,none,context,1.9093940721859326e-06,0.0449941838160157,0.0213596709072589,6.68678050708138e-08,0.0213588275946676,-0.503999475389719,-0.504018135368824,0.9520263671875,0.5718448758125305,0.9517822265625,0.5718448758125305,0.505763404071331,0.6673790216445923,8.0,0.7326038256287575,4.0,1.0,1.0,0.0,2.925269156694412,0.0355922547169029,4.0,4.0,3.519426822662353,3.519426822662353,4.851936399936676,4.851936399936676,1.0285634696483612,1.9093940721859326e-06,1.8611746861388411e-06,-5.719104430059026,-1.3468436217771225,below
data/transformers/runs_unified_vector_temp_jacobi/results.csv,unified_softmax_richardson,vector_temp_jacobi,row,weak_inverse,K8_cond1000_below_H1_dh4_jacobi_tau5.0_softmax_vector_projected,128,0.02,softmax_vector_projected,5.0,,,,0,,,,,,,,8.0,correlated,1000.0,1.0,32.0,1.0,4.0,4.0,coordinate,jacobi,none,context,2.3482134640216827,2.3897486329078674,1.0601733103394508,1.0383087024092674,0.0211582004558295,23.547643184661865,-0.5091564133763313,0.29345703125,0.5717880874872208,0.9517822265625,0.5717880800366402,0.5066631212830544,0.6650401577353477,8.0,0.7324053794145584,4.0,1.0,1.0,0.0,2485296.3125,2344084.0625,4.0,4.0,3.476313441991806,3.476313441991806,4.8519362807273865,4.8519362807273865,1.5091591477394104,2.3482134640216827,1.5554873718918305,0.3707375738502147,0.3783522218342218,below
data/transformers/runs_unified_vector_temp_jacobi/results.csv,unified_softmax_richardson,vector_temp_jacobi,row,weak_inverse,K8_cond1000_below_H1_dh4_jacobi_tau5.0_linear_richardson,128,0.02,linear_richardson,5.0,,,,0,,,,,,,,8.0,correlated,1000.0,1.0,32.0,1.0,4.0,4.0,coordinate,jacobi,none,context,2.302807092666626,2.348232090473175,1.023644506931305,1.0093325152993202,0.0211546204518526,22.662301301956177,-0.5088403597474098,0.2945556640625,0.5719334036111832,0.94970703125,0.5719334110617638,0.5063244104385376,0.6780107244849205,8.0,0.7323770821094513,4.0,1.0,1.0,0.0,2449120.46875,2311397.96875,4.0,4.0,3.4957884550094604,3.4957884550094604,0.0,0.0,1.4857722520828247,2.302807092666626,1.5495266935006182,0.3622575584160796,0.3707410187384847,below
data/transformers/runs_unified_vector_temp_jacobi/results.csv,unified_softmax_richardson,vector_temp_jacobi,row,weak_inverse,K8_cond10_at_H1_dh8_jacobi_tau0.1_softmax_vector,128,0.02,softmax_vector,0.1,,,,0,,,,,,,,8.0,correlated,10.0,1.0,32.0,1.0,8.0,8.0,coordinate,jacobi,none,context,inf,inf,inf,inf,0.021206357050687,inf,-0.5083825774490833,0.173828125,0.4177688062191009,0.952392578125,0.5725685209035873,0.5216299295425415,0.680917464196682,8.0,0.7240521311759949,8.0,1.0,1.0,1.0,1101257.1875,inf,8.0,8.0,7.418055355548859,7.418055355548859,2.186358481645584,2.186358481645584,0.9388070330023766,inf,inf,inf,inf,at
data/transformers/runs_unified_vector_temp_jacobi/results.csv,unified_softmax_richardson,vector_temp_jacobi,row,weak_inverse,K8_cond10_at_H1_dh8_jacobi_tau0.1_softmax_vector_projected,128,0.02,softmax_vector_projected,0.1,,,,0,,,,,,,,8.0,correlated,10.0,1.0,32.0,1.0,8.0,8.0,coordinate,jacobi,none,context,inf,inf,inf,inf,0.0216247022617608,inf,-0.4980526380240917,0.1727294921875,0.417729590088129,0.948974609375,0.5722953528165817,0.5212881416082382,0.687535747885704,8.0,0.7241311371326447,8.0,1.0,1.0,1.0,1079270.765625,inf,8.0,8.0,7.380395889282227,7.380395889282227,2.1876022815704346,2.1876022815704346,0.9167142063379288,inf,inf,inf,inf,at
data/transformers/runs_unified_vector_temp_jacobi/results.csv,unified_softmax_richardson,vector_temp_jacobi,row,weak_inverse,K8_cond10_at_H1_dh8_jacobi_tau0.1_linear_richardson,128,0.02,linear_richardson,0.1,,,,0,,,,,,,,8.0,correlated,10.0,1.0,32.0,1.0,8.0,8.0,coordinate,jacobi,none,context,8.189700342040898e-14,0.0022814259282313,0.0209364120382815,7.0838427558193e-14,0.0209364127367734,-0.5139895156025887,-0.5139895081520081,0.953125,0.5726505219936371,0.953125,0.5726504996418953,0.5217674523591995,0.6823792308568954,8.0,0.7245157957077026,8.0,1.0,1.0,1.0,1.4001946935238152e-08,4.2684903611700526e-08,8.0,8.0,7.387081146240234,7.387081146240234,0.0,0.0,0.1282836822792887,8.189700342040898e-14,6.392574179950839e-13,-13.086731988615522,-2.6417936270371074,at
data/transformers/runs_unified_vector_temp_jacobi/results.csv,unified_softmax_richardson,vector_temp_jacobi,row,weak_inverse,K8_cond10_at_H1_dh8_jacobi_tau0.2_softmax_vector,128,0.02,softmax_vector,0.2,,,,0,,,,,,,,8.0,correlated,10.0,1.0,32.0,1.0,8.0,8.0,coordinate,jacobi,none,context,inf,inf,2.120519600069836e+34,2.120519600069836e+34,0.0215315071400254,inf,-0.5006976537406445,0.7374267578125,0.5573181733489037,0.947998046875,0.5726110860705376,0.5228770524263382,0.6899238303303719,8.0,0.7236139625310898,8.0,1.0,1.0,1.0,448967.09375,inf,8.0,8.0,7.392355918884277,7.392355918884277,3.6112654507160182,3.6112654507160182,0.3515057191252708,inf,inf,inf,inf,at
data/transformers/runs_unified_vector_temp_jacobi/results.csv,unified_softmax_richardson,vector_temp_jacobi,row,weak_inverse,K8_cond10_at_H1_dh8_jacobi_tau0.2_softmax_vector_projected,128,0.02,softmax_vector_projected,0.2,,,,0,,,,,,,,8.0,correlated,10.0,1.0,32.0,1.0,8.0,8.0,coordinate,jacobi,none,context,inf,inf,8.793460394247131e+32,8.793460394247131e+32,0.0212938555050641,2.0667370085713477e+34,-0.5059472694993019,0.7530517578125,0.5585926398634911,0.9498291015625,0.5724611431360245,0.5226123481988907,0.6810330599546432,8.0,0.724014475941658,8.0,1.0,1.0,1.0,416525.265625,inf,8.0,8.0,7.372243940830231,7.372243940830231,3.614030420780182,3.614030420780182,0.3344872966408729,inf,inf,inf,inf,at
data/transformers/runs_unified_vector_temp_jacobi/results.csv,unified_softmax_richardson,vector_temp_jacobi,row,weak_inverse,K8_cond10_at_H1_dh8_jacobi_tau0.2_linear_richardson,128,0.02,linear_richardson,0.2,,,,0,,,,,,,,8.0,correlated,10.0,1.0,32.0,1.0,8.0,8.0,coordinate,jacobi,none,context,8.18244702950697e-14,0.0023038373037707,0.0207102424465119,7.02605689760819e-14,0.0207102429121732,-0.519370548427105,-0.5193705558776855,0.954833984375,0.5727391913533211,0.954833984375,0.5727391913533211,0.5213387459516525,0.6848866194486618,8.0,0.7241530939936638,8.0,1.0,1.0,1.0,1.4279576188158673e-08,4.101391271049693e-08,8.0,8.0,7.40957897901535,7.40957897901535,0.0,0.0,0.1293475944548845,8.18244702950697e-14,6.3144560638321e-13,-13.087116797491673,-2.6375481938987715,at
data/transformers/runs_unified_vector_temp_jacobi/results.csv,unified_softmax_richardson,vector_temp_jacobi,row,weak_inverse,K8_cond10_at_H1_dh8_jacobi_tau0.5_softmax_vector,128,0.02,softmax_vector,0.5,,,,0,,,,,,,,8.0,correlated,10.0,1.0,32.0,1.0,8.0,8.0,coordinate,jacobi,none,context,0.000195340031496,0.002484716445906,0.0217225602827966,0.0001273563266295,0.0215693358331918,-0.4960012510418892,-0.499489814043045,0.9442138671875,0.5726712495088577,0.9454345703125,0.5726712644100189,0.5216457843780518,0.6823763251304626,8.0,0.7243877723813057,8.0,1.0,1.0,1.0,28081.32006835937,115.12890434265135,8.0,8.0,7.397792756557465,7.397792756557465,4.607618570327759,4.607618570327759,0.1326569430530071,0.000195340031496,0.001473750532438,-3.7092087465929495,-2.6047231654838505,at
data/transformers/runs_unified_vector_temp_jacobi/results.csv,unified_softmax_richardson,vector_temp_jacobi,row,weak_inverse,K8_cond10_at_H1_dh8_jacobi_tau0.5_softmax_vector_projected,128,0.02,softmax_vector_projected,0.5,,,,0,,,,,,,,8.0,correlated,10.0,1.0,32.0,1.0,8.0,8.0,coordinate,jacobi,none,context,37.110762108020936,37.117156802036334,8.56513093272224,8.53039731959143,0.0210708980448544,209.706930603832,-0.5113454274833202,0.951904296875,0.5725021511316299,0.951171875,0.5725021585822105,0.5226791724562645,0.6728297397494316,8.0,0.7239532470703125,8.0,1.0,1.0,1.0,26510.896484375,82143357.43534756,8.0,8.0,7.44092983007431,7.44092983007431,4.607321202754974,4.607321202754974,0.1342689134180545,37.110762108020936,275.9909408706853,1.569499873128346,1.5695747015856705,at
data/transformers/runs_unified_vector_temp_jacobi/results.csv,unified_softmax_richardson,vector_temp_jacobi,row,weak_inverse,K8_cond10_at_H1_dh8_jacobi_tau0.5_linear_richardson,128,0.02,linear_richardson,0.5,,,,0,,,,,,,,8.0,correlated,10.0,1.0,32.0,1.0,8.0,8.0,coordinate,jacobi,none,context,7.994387249898265e-14,0.0022836170101072,0.0209515232127159,6.511920942932219e-14,0.0209515239112079,-0.513990119099617,-0.5139901302754879,0.9501953125,0.5725336521863937,0.9501953125,0.5725336521863937,0.5215541198849678,0.686818391084671,8.0,0.7243007123470306,8.0,1.0,1.0,1.0,1.3744547944227749e-08,3.930041492239411e-08,8.0,8.0,7.383398294448851,7.383398294448851,0.0,0.0,0.1280644256621599,7.994387249898265e-14,6.260732284251385e-13,-13.097214818244977,-2.64137673069942,at
data/transformers/runs_unified_vector_temp_jacobi/results.csv,unified_softmax_richardson,vector_temp_jacobi,row,weak_inverse,K8_cond10_at_H1_dh8_jacobi_tau1.0_softmax_vector,128,0.02,softmax_vector,1.0,,,,0,,,,,,,,8.0,correlated,10.0,1.0,32.0,1.0,8.0,8.0,coordinate,jacobi,none,context,3.878881580021698e-05,0.0023228162899613,0.0220438875257968,2.4396038497798145e-05,0.0220115308184176,-0.4885204806923866,-0.4892710261046886,0.949462890625,0.5725425854325294,0.9495849609375,0.5725425779819489,0.5214621424674988,0.6845374032855034,8.0,0.7246598452329636,8.0,1.0,1.0,1.0,2638.7552185058594,16.806735277175903,8.0,8.0,7.41524201631546,7.41524201631546,4.790205359458923,4.790205359458923,0.1295650554820895,3.878881580021698e-05,0.0002997310760357,-4.411293478953222,-2.6339851369113534,at
data/transformers/runs_unified_vector_temp_jacobi/results.csv,unified_softmax_richardson,vector_temp_jacobi,row,weak_inverse,K8_cond10_at_H1_dh8_jacobi_tau1.0_softmax_vector_projected,128,0.02,softmax_vector_projected,1.0,,,,0,,,,,,,,8.0,correlated,10.0,1.0,32.0,1.0,8.0,8.0,coordinate,jacobi,none,context,3.882593637172249e-05,0.0023551594349555,0.0212215320207178,2.489173584763193e-05,0.0211967916693538,-0.5076453536748886,-0.5082226470112801,0.9515380859375,0.572817474603653,0.951904296875,0.572817474603653,0.5214814022183418,0.6871046274900436,8.0,0.7245359644293785,8.0,1.0,1.0,1.0,2747.6678161621094,16.833521246910095,8.0,8.0,7.432963728904724,7.432963728904724,4.790195345878601,4.790195345878601,0.1284243110567331,3.882593637172249e-05,0.0003024100994854,-4.410878061519087,-2.6279796875254555,at
data/transformers/runs_unified_vector_temp_jacobi/results.csv,unified_softmax_richardson,vector_temp_jacobi,row,weak_inverse,K8_cond10_at_H1_dh8_jacobi_tau1.0_linear_richardson,128,0.02,linear_richardson,1.0,,,,0,,,,,,,,8.0,correlated,10.0,1.0,32.0,1.0,8.0,8.0,coordinate,jacobi,none,context,7.490832430799392e-14,0.0022587562853004,0.0212405705824494,7.009196452683209e-14,0.0212405694182962,-0.506674487143755,-0.506674513220787,0.9522705078125,0.5726329982280731,0.9522705078125,0.5726330056786537,0.5227381810545921,0.6789676770567894,8.0,0.7233190834522247,8.0,1.0,1.0,1.0,1.3889183470006117e-08,4.1045384868709795e-08,8.0,8.0,7.400037884712219,7.400037884712219,0.0,0.0,0.1289878487586975,7.490832430799392e-14,5.805790317553122e-13,-13.125469917946097,-2.646130625945116,at
data/transformers/runs_unified_vector_temp_jacobi/results.csv,unified_softmax_richardson,vector_temp_jacobi,row,weak_inverse,K8_cond10_at_H1_dh8_jacobi_tau2.0_softmax_vector,128,0.02,softmax_vector,2.0,,,,0,,,,,,,,8.0,correlated,10.0,1.0,32.0,1.0,8.0,8.0,coordinate,jacobi,none,context,9.297019914811244e-06,0.0022832984977867,0.0214443749282509,5.778646311682678e-06,0.0214335566852241,-0.502509381622076,-0.5027505457401276,0.9478759765625,0.5724379345774651,0.9476318359375,0.5724379345774651,0.5213994905352592,0.6807802692055702,8.0,0.7240816280245781,8.0,1.0,1.0,1.0,405.50464630126953,4.005629479885101,8.0,8.0,7.399691343307495,7.399691343307495,4.836537182331085,4.836537182331085,0.1298121102154255,9.297019914811244e-06,7.162891588528662e-05,-5.031656238753503,-2.6414373090671197,at
data/transformers/runs_unified_vector_temp_jacobi/results.csv,unified_softmax_richardson,vector_temp_jacobi,row,weak_inverse,K8_cond10_at_H1_dh8_jacobi_tau2.0_softmax_vector_projected,128,0.02,softmax_vector_projected,2.0,,,,0,,,,,,,,8.0,correlated,10.0,1.0,32.0,1.0,8.0,8.0,coordinate,jacobi,none,context,9.265230801247526e-06,0.0023161379212979,0.0214601077605038,5.821866693622724e-06,0.0214537684805691,-0.5017892420291901,-0.5019285529851913,0.9459228515625,0.5726958811283112,0.9459228515625,0.5726958960294724,0.521878570318222,0.6823021098971367,8.0,0.7239572256803513,8.0,1.0,1.0,1.0,419.09478759765625,3.999522894620896,8.0,8.0,7.378938317298889,7.378938317298889,4.836546361446381,4.836546361446381,0.1301724035292863,9.265230801247526e-06,7.124423285679923e-05,-5.033143757730972,-2.635235582822333,at
data/transformers/runs_unified_vector_temp_jacobi/results.csv,unified_softmax_richardson,vector_temp_jacobi,row,weak_inverse,K8_cond10_at_H1_dh8_jacobi_tau2.0_linear_richardson,128,0.02,linear_richardson,2.0,,,,0,,,,,,,,8.0,correlated,10.0,1.0,32.0,1.0,8.0,8.0,coordinate,jacobi,none,context,8.61477832090631e-14,0.0022998788917902,0.0211088375654071,7.295712377465438e-14,0.0211088380310684,-0.5104503817856312,-0.5104503817856312,0.95263671875,0.5726990550756454,0.95263671875,0.5726990476250648,0.5221135541796684,0.6875922530889511,8.0,0.7241215258836746,8.0,1.0,1.0,1.0,1.4236895107266891e-08,4.1251408955389486e-08,8.0,8.0,7.405822992324829,7.405822992324829,0.0,0.0,0.1274249693378806,8.61477832090631e-14,6.769612024130936e-13,-13.064755893520168,-2.638295032683276,at
data/transformers/runs_unified_vector_temp_jacobi/results.csv,unified_softmax_richardson,vector_temp_jacobi,row,weak_inverse,K8_cond10_at_H1_dh8_jacobi_tau5.0_softmax_vector,128,0.02,softmax_vector,5.0,,,,0,,,,,,,,8.0,correlated,10.0,1.0,32.0,1.0,8.0,8.0,coordinate,jacobi,none,context,1.4500457155008917e-06,0.0022914871224202,0.0210558604449033,9.24194488050034e-07,0.0210512722842395,-0.511603269726038,-0.5117056332528591,0.9483642578125,0.5726462975144386,0.9483642578125,0.5726462975144386,0.5225419625639915,0.6911021992564201,8.0,0.7234060987830162,8.0,1.0,1.0,1.0,55.82276153564453,0.6249233335256577,8.0,8.0,7.330876588821411,7.330876588821411,4.849548578262329,4.849548578262329,0.1277129678055644,1.4500457155008917e-06,1.1357469710532291e-05,-5.838618305574126,-2.639882579037808,at
data/transformers/runs_unified_vector_temp_jacobi/results.csv,unified_softmax_richardson,vector_temp_jacobi,row,weak_inverse,K8_cond10_at_H1_dh8_jacobi_tau5.0_softmax_vector_projected,128,0.02,softmax_vector_projected,5.0,,,,0,,,,,,,,8.0,correlated,10.0,1.0,32.0,1.0,8.0,8.0,coordinate,jacobi,none,context,1.456137894706444e-06,0.0022828728251624,0.0209348320495337,9.285669833047904e-07,0.0209347794298082,-0.5142706632614136,-0.5142714232206345,0.9520263671875,0.5726058483123779,0.9521484375,0.5726058408617973,0.5223732516169548,0.6792544573545456,8.0,0.7239464595913887,8.0,1.0,1.0,1.0,53.77979612350464,0.6246470883488655,8.0,8.0,7.411738336086273,7.411738336086273,4.8495476841926575,4.8495476841926575,0.1293260511010885,1.456137894706444e-06,1.1260488968242077e-05,-5.836797495851011,-2.641518281619077,at
data/transformers/runs_unified_vector_temp_jacobi/results.csv,unified_softmax_richardson,vector_temp_jacobi,row,weak_inverse,K8_cond10_at_H1_dh8_jacobi_tau5.0_linear_richardson,128,0.02,linear_richardson,5.0,,,,0,,,,,,,,8.0,correlated,10.0,1.0,32.0,1.0,8.0,8.0,coordinate,jacobi,none,context,8.333108610428503e-14,0.0023087162117008,0.0214869100600481,7.421742155577523e-14,0.0214869091287255,-0.5013506859540939,-0.5013506934046745,0.94921875,0.5725332871079445,0.94921875,0.5725332871079445,0.5217611864209175,0.6825201138854027,8.0,0.7244081273674965,8.0,1.0,1.0,1.0,1.464498666781111e-08,4.2241700803913325e-08,8.0,8.0,7.435307741165161,7.435307741165161,0.0,0.0,0.1309712119400501,8.333108610428503e-14,6.374010735282319e-13,-13.07919295771564,-2.6366294474495984,at
data/transformers/runs_unified_vector_temp_jacobi/results.csv,unified_softmax_richardson,vector_temp_jacobi,row,weak_inverse,K8_cond1000_at_H1_dh8_jacobi_tau0.1_softmax_vector,128,0.02,softmax_vector,0.1,,,,0,,,,,,,,8.0,correlated,1000.0,1.0,32.0,1.0,8.0,8.0,coordinate,jacobi,none,context,inf,inf,inf,inf,0.0211039457935839,inf,-0.5105748511850834,0.3873291015625,0.4981273710727691,0.9530029296875,0.5717633366584778,0.5066022425889969,0.6647248864173889,8.0,0.7324721142649651,8.0,1.0,1.0,1.0,1868461.9375,inf,8.0,8.0,4.999503016471863,4.999503016471863,3.2484711408615112,3.2484711408615112,13.023370146751404,inf,inf,inf,inf,at
data/transformers/runs_unified_vector_temp_jacobi/results.csv,unified_softmax_richardson,vector_temp_jacobi,row,weak_inverse,K8_cond1000_at_H1_dh8_jacobi_tau0.1_softmax_vector_projected,128,0.02,softmax_vector_projected,0.1,,,,0,,,,,,,,8.0,correlated,1000.0,1.0,32.0,1.0,8.0,8.0,coordinate,jacobi,none,context,inf,inf,inf,inf,0.0218558844644576,inf,-0.4930293150246143,0.3885498046875,0.5017212964594364,0.94384765625,0.5716094672679901,0.5058761537075043,0.6614451259374619,8.0,0.7331503555178642,8.0,1.0,1.0,1.0,1872020.984375,inf,8.0,8.0,5.0004279017448425,5.0004279017448425,3.253582268953324,3.253582268953324,12.662665605545044,inf,inf,inf,inf,at
data/transformers/runs_unified_vector_temp_jacobi/results.csv,unified_softmax_richardson,vector_temp_jacobi,row,weak_inverse,K8_cond1000_at_H1_dh8_jacobi_tau0.1_linear_richardson,128,0.02,linear_richardson,0.1,,,,0,,,,,,,,8.0,correlated,1000.0,1.0,32.0,1.0,8.0,8.0,coordinate,jacobi,none,context,7.963570700499165e-13,0.0449558543041348,0.0209603912662714,1.2225744911885036e-13,0.0209603908006101,-0.5137736238539219,-0.5137736648321152,0.9508056640625,0.5718982070684433,0.9508056640625,0.5718981996178627,0.5072811990976334,0.6649234965443611,8.0,0.7320584058761597,8.0,1.0,1.0,1.0,3.0094386760382015e-08,9.120443866805773e-08,8.0,8.0,5.007012486457825,5.007012486457825,0.0,0.0,0.9882768988609314,7.963570700499165e-13,8.100575865052545e-13,-12.098892159924082,-1.3472137449445902,at
data/transformers/runs_unified_vector_temp_jacobi/results.csv,unified_softmax_richardson,vector_temp_jacobi,row,weak_inverse,K8_cond1000_at_H1_dh8_jacobi_tau0.2_softmax_vector,128,0.02,softmax_vector,0.2,,,,0,,,,,,,,8.0,correlated,1000.0,1.0,32.0,1.0,8.0,8.0,coordinate,jacobi,none,context,inf,inf,5.408255692941048e+33,5.408255692941048e+33,0.0215641492977738,inf,-0.4996281377971172,0.740966796875,0.5569747984409332,0.949462890625,0.5715759173035622,0.5064085870981216,0.6630334183573723,8.0,0.7329522743821144,8.0,1.0,1.0,1.0,1279473.765625,inf,8.0,8.0,4.9720481634140015,4.9720481634140015,3.9675252437591553,3.9675252437591553,7.315531551837921,inf,inf,inf,inf,at
data/transformers/runs_unified_vector_temp_jacobi/results.csv,unified_softmax_richardson,vector_temp_jacobi,row,weak_inverse,K8_cond1000_at_H1_dh8_jacobi_tau0.2_softmax_vector_projected,128,0.02,softmax_vector_projected,0.2,,,,0,,,,,,,,8.0,correlated,1000.0,1.0,32.0,1.0,8.0,8.0,coordinate,jacobi,none,context,inf,inf,inf,inf,0.0213185793254524,inf,-0.5055324882268906,0.745361328125,0.5580744594335556,0.9510498046875,0.5717441067099571,0.5054381862282753,0.665878526866436,8.0,0.7333671227097511,8.0,1.0,1.0,1.0,1220194.515625,inf,8.0,8.0,5.008374989032745,5.008374989032745,3.97052788734436,3.97052788734436,7.314409255981445,inf,inf,inf,inf,at
data/transformers/runs_unified_vector_temp_jacobi/results.csv,unified_softmax_richardson,vector_temp_jacobi,row,weak_inverse,K8_cond1000_at_H1_dh8_jacobi_tau0.2_linear_richardson,128,0.02,linear_richardson,0.2,,,,0,,,,,,,,8.0,correlated,1000.0,1.0,32.0,1.0,8.0,8.0,coordinate,jacobi,none,context,3.777925204390045e-13,0.0447072032839059,0.0210261549800634,8.716535099365399e-14,0.0210261545144021,-0.512146383523941,-0.5121463648974895,0.9498291015625,0.5717353001236916,0.9498291015625,0.5717353001236916,0.5060303881764412,0.6718969196081161,8.0,0.732730895280838,8.0,1.0,1.0,1.0,3.3208532812523124e-08,9.889308127952745e-08,8.0,8.0,4.954131484031677,4.954131484031677,0.0,0.0,1.0344538390636444,3.777925204390045e-13,3.6618564799030986e-13,-12.422746644519592,-1.3496224971271966,at
data/transformers/runs_unified_vector_temp_jacobi/results.csv,unified_softmax_richardson,vector_temp_jacobi,row,weak_inverse,K8_cond1000_at_H1_dh8_jacobi_tau0.5_softmax_vector,128,0.02,softmax_vector,0.5,,,,0,,,,,,,,8.0,correlated,1000.0,1.0,32.0,1.0,8.0,8.0,coordinate,jacobi,none,context,1.8591874118737603e+17,1.859187411873761e+17,206185666429341.56,206185666429338.75,0.0209163932595402,4988203997128272.0,-0.5147440508008003,0.9505615234375,0.5716757252812386,0.9532470703125,0.5717389211058617,0.5064936354756355,0.6704556569457054,8.0,0.7326602339744568,8.0,1.0,1.0,1.0,226019.783203125,3.807417924423794e+22,8.0,8.0,5.021923840045929,5.021923840045929,4.61811089515686,4.61811089515686,1.9303116202354431,1.8591874118737603e+17,1.0692059783548285e+17,17.269323170213102,17.269323170213102,at
data/transformers/runs_unified_vector_temp_jacobi/results.csv,unified_softmax_richardson,vector_temp_jacobi,row,weak_inverse,K8_cond1000_at_H1_dh8_jacobi_tau0.5_softmax_vector_projected,128,0.02,softmax_vector_projected,0.5,,,,0,,,,,,,,8.0,correlated,1000.0,1.0,32.0,1.0,8.0,8.0,coordinate,jacobi,none,context,2032365984034.525,2032365984037.0552,1134665764022.1016,1134665764024.5305,0.0207787698600441,25146186721161.566,-0.518136627972126,0.94873046875,0.571639321744442,0.953857421875,0.5717114731669426,0.5066498517990112,0.6663185879588127,8.0,0.7322776392102242,8.0,1.0,1.0,1.0,224880.40625,1.0673898012801212e+18,8.0,8.0,4.968202650547028,4.968202650547028,4.617890655994415,4.617890655994415,1.9643325805664065,2032365984034.525,992242791257.884,12.30800191745764,12.30800191745818,at
data/transformers/runs_unified_vector_temp_jacobi/results.csv,unified_softmax_richardson,vector_temp_jacobi,row,weak_inverse,K8_cond1000_at_H1_dh8_jacobi_tau0.5_linear_richardson,128,0.02,linear_richardson,0.5,,,,0,,,,,,,,8.0,correlated,1000.0,1.0,32.0,1.0,8.0,8.0,coordinate,jacobi,none,context,3.3422261946957146e-13,0.0445315311662852,0.021827467251569,8.470416801639865e-14,0.0218274684157222,-0.4934851266443729,-0.4934851303696632,0.9466552734375,0.5720236971974373,0.9466552734375,0.5720237046480179,0.5073202401399612,0.6660322099924088,8.0,0.7324587628245354,8.0,1.0,1.0,1.0,3.2044631170791156e-08,9.520757959791126e-08,8.0,8.0,5.107126474380493,5.107126474380493,0.0,0.0,1.015735387802124,3.3422261946957146e-13,3.2991082124109735e-13,-12.47596416132954,-1.3513323718879506,at
data/transformers/runs_unified_vector_temp_jacobi/results.csv,unified_softmax_richardson,vector_temp_jacobi,row,weak_inverse,K8_cond1000_at_H1_dh8_jacobi_tau1.0_softmax_vector,128,0.02,softmax_vector,1.0,,,,0,,,,,,,,8.0,correlated,1000.0,1.0,32.0,1.0,8.0,8.0,coordinate,jacobi,none,context,0.0006288469739956,0.0455914745107293,0.0216180435381829,2.684521791707084e-05,0.0215972650330513,-0.4982356056571007,-0.498717300593853,0.9478759765625,0.5716885030269623,0.9483642578125,0.5716885030269623,0.5067184939980507,0.6655861660838127,8.0,0.7321630343794823,8.0,1.0,1.0,1.0,18303.652221679688,28.8088059425354,8.0,8.0,5.007736146450043,5.007736146450043,4.790435254573822,4.790435254573822,1.2107061296701431,0.0006288469739956,0.0005202745882914,-3.201455024562238,-1.3411163617020134,at
data/transformers/runs_unified_vector_temp_jacobi/results.csv,unified_softmax_richardson,vector_temp_jacobi,row,weak_inverse,K8_cond1000_at_H1_dh8_jacobi_tau1.0_softmax_vector_projected,128,0.02,softmax_vector_projected,1.0,,,,0,,,,,,,,8.0,correlated,1000.0,1.0,32.0,1.0,8.0,8.0,coordinate,jacobi,none,context,0.0006349520263029,0.0445872023701667,0.0216023006942123,2.60995279859344e-05,0.0215926906093955,-0.4988921843469143,-0.4991108290851116,0.9456787109375,0.5717360898852348,0.9454345703125,0.5717360824346542,0.5064255371689796,0.665749728679657,8.0,0.7319068387150764,8.0,1.0,1.0,1.0,18590.73828125,28.93510675430298,8.0,8.0,4.983844876289368,4.983844876289368,4.790475606918335,4.790475606918335,1.2134623676538467,0.0006349520263029,0.0005237435923528,-3.197259086517437,-1.3507897766594912,at
data/transformers/runs_unified_vector_temp_jacobi/results.csv,unified_softmax_richardson,vector_temp_jacobi,row,weak_inverse,K8_cond1000_at_H1_dh8_jacobi_tau1.0_linear_richardson,128,0.02,linear_richardson,1.0,,,,0,,,,,,,,8.0,correlated,1000.0,1.0,32.0,1.0,8.0,8.0,coordinate,jacobi,none,context,3.8829669121438586e-13,0.0443681059405207,0.0217443918809294,8.04663656195294e-14,0.0217443925794214,-0.4951740317046642,-0.4951740019023418,0.9471435546875,0.571752168238163,0.9471435546875,0.5717521607875824,0.5054855048656464,0.6694492325186729,8.0,0.7334544956684113,8.0,1.0,1.0,1.0,3.1177079584665535e-08,9.775494014263587e-08,8.0,8.0,4.988416612148285,4.988416612148285,0.0,0.0,1.0351507365703585,3.8829669121438586e-13,3.730115475732335e-13,-12.410836310183946,-1.3529291107726902,at
data/transformers/runs_unified_vector_temp_jacobi/results.csv,unified_softmax_richardson,vector_temp_jacobi,row,weak_inverse,K8_cond1000_at_H1_dh8_jacobi_tau2.0_softmax_vector,128,0.02,softmax_vector,2.0,,,,0,,,,,,,,8.0,correlated,1000.0,1.0,32.0,1.0,8.0,8.0,coordinate,jacobi,none,context,0.0001397892283421,0.0454407962970435,0.0212341316509991,5.626329937058472e-06,0.0212281388230621,-0.506862461566925,-0.5070037581026554,0.9503173828125,0.571894146502018,0.9500732421875,0.571894146502018,0.5052692294120789,0.6695903241634369,8.0,0.7336217761039734,8.0,1.0,1.0,1.0,1632.9806365966797,5.97919487953186,8.0,8.0,5.042302906513214,5.042302906513214,4.836534798145294,4.836534798145294,1.076611265540123,0.0001397892283421,0.0001301632595502,-3.854526292480248,-1.342554066725254,at
data/transformers/runs_unified_vector_temp_jacobi/results.csv,unified_softmax_richardson,vector_temp_jacobi,row,weak_inverse,K8_cond1000_at_H1_dh8_jacobi_tau2.0_softmax_vector_projected,128,0.02,softmax_vector_projected,2.0,,,,0,,,,,,,,8.0,correlated,1000.0,1.0,32.0,1.0,8.0,8.0,coordinate,jacobi,none,context,0.0001413936170138,0.0448082089424133,0.0212039339821785,5.742356790960912e-06,0.0211954757105559,-0.5084001310169697,-0.5085982456803322,0.94921875,0.5718301981687546,0.949462890625,0.5718302130699158,0.506383627653122,0.6642940863966942,8.0,0.7318540588021278,8.0,1.0,1.0,1.0,1761.0155792236328,5.837702929973602,8.0,8.0,5.014062285423279,5.014062285423279,4.836539566516876,4.836539566516876,1.0717655718326569,0.0001413936170138,0.0001323021717559,-3.8495701956186568,-1.3486424152026084,at
data/transformers/runs_unified_vector_temp_jacobi/results.csv,unified_softmax_richardson,vector_temp_jacobi,row,weak_inverse,K8_cond1000_at_H1_dh8_jacobi_tau2.0_linear_richardson,128,0.02,linear_richardson,2.0,,,,0,,,,,,,,8.0,correlated,1000.0,1.0,32.0,1.0,8.0,8.0,coordinate,jacobi,none,context,3.733062138220039e-13,0.0444577103480696,0.0213620453141629,8.005293392017226e-14,0.021362044615671,-0.5046113692224026,-0.5046114027500153,0.9471435546875,0.5716807246208191,0.9471435546875,0.5716807395219803,0.506861001253128,0.6626243963837624,8.0,0.7325572967529297,8.0,1.0,1.0,1.0,3.1394389310435145e-08,9.59509183218188e-08,8.0,8.0,4.947314620018005,4.947314620018005,0.0,0.0,1.0040215477347374,3.733062138220039e-13,3.752704548548012e-13,-12.42793478101892,-1.3520529080069033,at
data/transformers/runs_unified_vector_temp_jacobi/results.csv,unified_softmax_richardson,vector_temp_jacobi,row,weak_inverse,K8_cond1000_at_H1_dh8_jacobi_tau5.0_softmax_vector,128,0.02,softmax_vector,5.0,,,,0,,,,,,,,8.0,correlated,1000.0,1.0,32.0,1.0,8.0,8.0,coordinate,jacobi,none,context,2.132734630322375e-05,0.0453095259144902,0.0212543962989002,8.533151927281324e-07,0.0212476288434118,-0.5067401193082333,-0.5068999864161015,0.9493408203125,0.5718188509345055,0.9486083984375,0.5718188583850861,0.5070526003837585,0.6666378080844879,8.0,0.7322730049490929,8.0,1.0,1.0,1.0,129.2714672088623,0.9025534093379974,8.0,8.0,4.998559832572937,4.998559832572937,4.849551260471344,4.849551260471344,1.0344323217868805,2.132734630322375e-05,2.0648571313842063e-05,-4.671063179129275,-1.343810481934652,at
data/transformers/runs_unified_vector_temp_jacobi/results.csv,unified_softmax_richardson,vector_temp_jacobi,row,weak_inverse,K8_cond1000_at_H1_dh8_jacobi_tau5.0_softmax_vector_projected,128,0.02,softmax_vector_projected,5.0,,,,0,,,,,,,,8.0,correlated,1000.0,1.0,32.0,1.0,8.0,8.0,coordinate,jacobi,none,context,2.1999442651576828e-05,0.0443890015594661,0.0213760831393301,8.423697508419536e-07,0.0213812256697565,-0.5042797438800335,-0.50416449457407,0.9459228515625,0.571611188352108,0.946044921875,0.571611188352108,0.5067660585045815,0.6620262637734413,8.0,0.7323361709713936,8.0,1.0,1.0,1.0,132.43028354644775,0.8760052770376205,8.0,8.0,5.041865110397339,5.041865110397339,4.849548280239105,4.849548280239105,1.0399331152439115,2.1999442651576828e-05,2.1191011164617863e-05,-4.6575883217419225,-1.3527246234380486,at
data/transformers/runs_unified_vector_temp_jacobi/results.csv,unified_softmax_richardson,vector_temp_jacobi,row,weak_inverse,K8_cond1000_at_H1_dh8_jacobi_tau5.0_linear_richardson,128,0.02,linear_richardson,5.0,,,,0,,,,,,,,8.0,correlated,1000.0,1.0,32.0,1.0,8.0,8.0,coordinate,jacobi,none,context,7.128763860686851e-13,0.0442902455106377,0.021601403132081,7.863238343466156e-14,0.0216014008037745,-0.4984645284712314,-0.4984645582735538,0.9478759765625,0.5717113986611366,0.9478759765625,0.5717114061117172,0.5061719641089439,0.6786045134067535,8.0,0.7323799878358841,8.0,1.0,1.0,1.0,3.2608581612691985e-08,9.551306057176134e-08,8.0,8.0,4.989914000034332,4.989914000034332,0.0,0.0,1.032274104654789,7.128763860686851e-13,6.782782524332297e-13,-12.146985770993169,-1.3536919123180928,at
data/transformers/runs_unified_vector_temp_jacobi/results.csv,unified_softmax_richardson,vector_temp_jacobi,row,weak_inverse,K8_cond10_above_H1_dh16_jacobi_tau0.1_softmax_vector,128,0.02,softmax_vector,0.1,,,,0,,,,,,,,8.0,correlated,10.0,1.0,32.0,1.0,16.0,16.0,coordinate,jacobi,none,context,inf,inf,inf,inf,0.0215696392115205,inf,-0.4996246285736561,0.8359375,0.5695911347866058,0.9471435546875,0.5725009068846703,0.5205856040120125,0.683879479765892,8.0,0.7245046198368073,8.0,1.0,1.0,1.0,258902.0546875,inf,8.0,8.0,7.418291091918945,7.418291091918945,3.5167407989501958,3.5167407989501958,0.3002646155655384,inf,inf,inf,inf,above
data/transformers/runs_unified_vector_temp_jacobi/results.csv,unified_softmax_richardson,vector_temp_jacobi,row,weak_inverse,K8_cond10_above_H1_dh16_jacobi_tau0.1_softmax_vector_projected,128,0.02,softmax_vector_projected,0.1,,,,0,,,,,,,,8.0,correlated,10.0,1.0,32.0,1.0,16.0,16.0,coordinate,jacobi,none,context,2.744644237932744e+25,2.744644237932744e+25,4.287072311994519e+23,4.287072311994519e+23,0.0211941667366772,9.534481551989838e+24,-0.5085524134337902,0.838134765625,0.5680052414536476,0.953125,0.5724116489291191,0.5224838480353355,0.6909503936767578,8.0,0.7241636589169502,8.0,1.0,1.0,1.0,265641.349609375,2.182950152565785e+31,8.0,8.0,7.386632978916168,7.386632978916168,3.5191246271133423,3.5191246271133423,0.3032567724585533,2.744644237932744e+25,9.699966873779642e+25,25.438486058980725,25.438486058980725,above
data/transformers/runs_unified_vector_temp_jacobi/results.csv,unified_softmax_richardson,vector_temp_jacobi,row,weak_inverse,K8_cond10_above_H1_dh16_jacobi_tau0.1_linear_richardson,128,0.02,linear_richardson,0.1,,,,0,,,,,,,,8.0,correlated,10.0,1.0,32.0,1.0,16.0,16.0,coordinate,jacobi,none,context,1.0605182418956797e-13,0.0022634557972196,0.0211127756629139,7.357728318215137e-14,0.0211127761285752,-0.5105873197317123,-0.5105873309075832,0.953369140625,0.5725020691752434,0.953369140625,0.5725020691752434,0.5216424092650414,0.6825139746069908,8.0,0.724240668118,8.0,1.0,1.0,1.0,1.3992446645794132e-08,4.0485850227867104e-08,8.0,8.0,7.426014482975006,7.426014482975006,0.0,0.0,0.1282486580312252,1.0605182418956797e-13,8.349643309767402e-13,-12.974481856815975,-2.6452279823752844,above
data/transformers/runs_unified_vector_temp_jacobi/results.csv,unified_softmax_richardson,vector_temp_jacobi,row,weak_inverse,K8_cond10_above_H1_dh16_jacobi_tau0.2_softmax_vector,128,0.02,softmax_vector,0.2,,,,0,,,,,,,,8.0,correlated,10.0,1.0,32.0,1.0,16.0,16.0,coordinate,jacobi,none,context,100768883937564.9,100768883937565.16,6761486360751.208,6761486360760.817,0.0216346620582044,161221538762343.88,-0.4985240697860718,0.936767578125,0.5725300833582878,0.9483642578125,0.572768971323967,0.5217331871390343,0.6884349584579468,8.0,0.7238741368055344,8.0,1.0,1.0,1.0,114269.2109375,2.5195653226157097e+20,8.0,8.0,7.396687090396881,7.396687090396881,4.231695711612701,4.231695711612701,0.1737271342426538,100768883937564.9,585529869356571.1,14.00332644857382,14.00332644857382,above
data/transformers/runs_unified_vector_temp_jacobi/results.csv,unified_softmax_richardson,vector_temp_jacobi,row,weak_inverse,K8_cond10_above_H1_dh16_jacobi_tau0.2_softmax_vector_projected,128,0.02,softmax_vector_projected,0.2,,,,0,,,,,,,,8.0,correlated,10.0,1.0,32.0,1.0,16.0,16.0,coordinate,jacobi,none,context,13133856468.576511,13133857492.06222,19252621921.429264,19252621938.7151,0.0214702922385185,451194546971.788,-0.5021507181227207,0.940185546875,0.5725084468722343,0.948974609375,0.5725801065564156,0.521841786801815,0.6934593543410301,8.0,0.7241453751921654,8.0,1.0,1.0,1.0,105210.130859375,3.3297471264013496e+16,8.0,8.0,7.4015883803367615,7.4015883803367615,4.232555449008942,4.232555449008942,0.1689340900629758,13133856468.576511,75671390488.778,10.11839226585398,10.118392299697367,above
data/transformers/runs_unified_vector_temp_jacobi/results.csv,unified_softmax_richardson,vector_temp_jacobi,row,weak_inverse,K8_cond10_above_H1_dh16_jacobi_tau0.2_linear_richardson,128,0.02,linear_richardson,0.2,,,,0,,,,,,,,8.0,correlated,10.0,1.0,32.0,1.0,16.0,16.0,coordinate,jacobi,none,context,1.5311432152140304e-13,0.0022768701892346,0.0213567563332617,8.855409666254474e-14,0.0213567565660923,-0.5047143436968327,-0.5047143548727036,0.948974609375,0.5726448073983192,0.948974609375,0.5726448073983192,0.5216632708907127,0.6868553906679153,8.0,0.724422313272953,8.0,1.0,1.0,1.0,1.4318685015446421e-08,4.0278699042772814e-08,8.0,8.0,7.3785722851753235,7.3785722851753235,0.0,0.0,0.1297627445310354,1.5311432152140304e-13,1.1974754309655178e-12,-12.814984185743103,-2.6426617290274343,above
data/transformers/runs_unified_vector_temp_jacobi/results.csv,unified_softmax_richardson,vector_temp_jacobi,row,weak_inverse,K8_cond10_above_H1_dh16_jacobi_tau0.5_softmax_vector,128,0.02,softmax_vector,0.5,,,,0,,,,,,,,8.0,correlated,10.0,1.0,32.0,1.0,16.0,16.0,coordinate,jacobi,none,context,4.942460509482771e-05,0.0023338216997217,0.0215217559598386,3.244632966925565e-05,0.0214904430322349,-0.5008820183575153,-0.5016264691948891,0.9478759765625,0.5725734680891037,0.9482421875,0.5725734606385231,0.5218047350645065,0.6893362179398537,8.0,0.7238052934408188,8.0,1.0,1.0,1.0,6658.569519042969,24.767969131469727,8.0,8.0,7.422945201396942,7.422945201396942,4.729936361312866,4.729936361312866,0.1289265733212232,4.942460509482771e-05,0.000383753000579,-4.306056792035987,-2.6319323264332555,above
data/transformers/runs_unified_vector_temp_jacobi/results.csv,unified_softmax_richardson,vector_temp_jacobi,row,weak_inverse,K8_cond10_above_H1_dh16_jacobi_tau0.5_softmax_vector_projected,128,0.02,softmax_vector_projected,0.5,,,,0,,,,,,,,8.0,correlated,10.0,1.0,32.0,1.0,16.0,16.0,coordinate,jacobi,none,context,4.878675918007502e-05,0.0023340637562796,0.0212839895393699,3.2671798862793366e-05,0.0212502179201692,-0.5062598772346973,-0.5070365481078625,0.953125,0.5725869536399841,0.953125,0.5725869536399841,0.5207434818148613,0.6802499890327454,8.0,0.7246361002326012,8.0,1.0,1.0,1.0,6571.798034667969,24.567282676696777,8.0,8.0,7.440375804901123,7.440375804901123,4.729994118213654,4.729994118213654,0.1272998247295618,4.878675918007502e-05,0.0003834710284521,-4.311698030359903,-2.631887285127725,above
data/transformers/runs_unified_vector_temp_jacobi/results.csv,unified_softmax_richardson,vector_temp_jacobi,row,weak_inverse,K8_cond10_above_H1_dh16_jacobi_tau0.5_linear_richardson,128,0.02,linear_richardson,0.5,,,,0,,,,,,,,8.0,correlated,10.0,1.0,32.0,1.0,16.0,16.0,coordinate,jacobi,none,context,9.128768755321945e-14,0.0022836179705336,0.0213623910676687,6.699912451685375e-14,0.0213623913004994,-0.5048533082008362,-0.5048533007502556,0.9498291015625,0.5725084245204926,0.9498291015625,0.5725084319710732,0.5211835354566574,0.6831976100802422,8.0,0.7248555719852448,8.0,1.0,1.0,1.0,1.4425369121440212e-08,4.1170503894960575e-08,8.0,8.0,7.416498422622681,7.416498422622681,0.0,0.0,0.1280438266694545,9.128768755321945e-14,7.16424015445762e-13,-13.039587794078884,-2.641376548047164,above
data/transformers/runs_unified_vector_temp_jacobi/results.csv,unified_softmax_richardson,vector_temp_jacobi,row,weak_inverse,K8_cond10_above_H1_dh16_jacobi_tau1.0_softmax_vector,128,0.02,softmax_vector,1.0,,,,0,,,,,,,,8.0,correlated,10.0,1.0,32.0,1.0,16.0,16.0,coordinate,jacobi,none,context,9.927971746037656e-06,0.0022941357747185,0.0217218333855271,6.506988540877501e-06,0.0217194112483412,-0.4963382259011268,-0.4963933303952217,0.9453125,0.5726243332028389,0.9447021484375,0.5726243406534195,0.5217953100800514,0.6836863905191422,8.0,0.7245146483182907,8.0,1.0,1.0,1.0,692.2246704101562,4.466504871845245,8.0,8.0,7.404021859169006,7.404021859169006,4.821077346801758,4.821077346801758,0.1296240650117397,9.927971746037656e-06,7.661672032425791e-05,-5.00313946746394,-2.639380882657016,above
data/transformers/runs_unified_vector_temp_jacobi/results.csv,unified_softmax_richardson,vector_temp_jacobi,row,weak_inverse,K8_cond10_above_H1_dh16_jacobi_tau1.0_softmax_vector_projected,128,0.02,softmax_vector_projected,1.0,,,,0,,,,,,,,8.0,correlated,10.0,1.0,32.0,1.0,16.0,16.0,coordinate,jacobi,none,context,9.9126239092584e-06,0.0023136270756367,0.0215122168883681,6.460890517701046e-06,0.0215106892865151,-0.5013795495033264,-0.5014198459684849,0.9471435546875,0.5724735781550407,0.9473876953125,0.5724735707044601,0.522713765501976,0.6789306178689003,8.0,0.7238124087452888,8.0,1.0,1.0,1.0,669.2403335571289,4.529008209705353,8.0,8.0,7.394215643405914,7.394215643405914,4.821087598800659,4.821087598800659,0.1282593179494142,9.9126239092584e-06,7.730914286278282e-05,-5.00381137089544,-2.635706641946579,above
data/transformers/runs_unified_vector_temp_jacobi/results.csv,unified_softmax_richardson,vector_temp_jacobi,row,weak_inverse,K8_cond10_above_H1_dh16_jacobi_tau1.0_linear_richardson,128,0.02,linear_richardson,1.0,,,,0,,,,,,,,8.0,correlated,10.0,1.0,32.0,1.0,16.0,16.0,coordinate,jacobi,none,context,8.586934484457577e-14,0.0022925758967176,0.0214122114703059,8.846932179353528e-14,0.0214122117031365,-0.5031408369541168,-0.5031408257782459,0.9473876953125,0.5726582556962967,0.9473876953125,0.5726582556962967,0.5208829939365387,0.6819737181067467,8.0,0.7250166535377502,8.0,1.0,1.0,1.0,1.4091884215083894e-08,4.123741703665473e-08,8.0,8.0,7.394840240478516,7.394840240478516,0.0,0.0,0.1285791844129562,8.586934484457577e-14,6.703241633949859e-13,-13.066161850615556,-2.6396762779131024,above
data/transformers/runs_unified_vector_temp_jacobi/results.csv,unified_softmax_richardson,vector_temp_jacobi,row,weak_inverse,K8_cond10_above_H1_dh16_jacobi_tau2.0_softmax_vector,128,0.02,softmax_vector,2.0,,,,0,,,,,,,,8.0,correlated,10.0,1.0,32.0,1.0,16.0,16.0,coordinate,jacobi,none,context,2.2939601365123963e-06,0.0023039141669869,0.0217405105940997,1.5082837023783211e-06,0.0217412458732724,-0.4954506307840347,-0.4954327791929245,0.94775390625,0.5726000666618347,0.947998046875,0.5726000592112541,0.5215263739228249,0.680395632982254,8.0,0.725020170211792,8.0,1.0,1.0,1.0,103.35637092590332,1.006869725883007,8.0,8.0,7.387207686901092,7.387207686901092,4.844279170036316,4.844279170036316,0.127000174485147,2.2939601365123963e-06,1.8075019470083503e-05,-5.6394141333585175,-2.6375337047185767,above
data/transformers/runs_unified_vector_temp_jacobi/results.csv,unified_softmax_richardson,vector_temp_jacobi,row,weak_inverse,K8_cond10_above_H1_dh16_jacobi_tau2.0_softmax_vector_projected,128,0.02,softmax_vector_projected,2.0,,,,0,,,,,,,,8.0,correlated,10.0,1.0,32.0,1.0,16.0,16.0,coordinate,jacobi,none,context,2.308690255858892e-06,0.0023328971001319,0.0214430217165499,1.5037401226436486e-06,0.021438967436552,-0.5025187395513058,-0.5026094801723957,0.9522705078125,0.5724037662148476,0.952880859375,0.5724037736654282,0.5212661102414131,0.6858568266034126,8.0,0.724813275039196,8.0,1.0,1.0,1.0,99.66129302978516,0.9850107356905936,8.0,8.0,7.400030732154846,7.400030732154846,4.844287276268005,4.844287276268005,0.1273116907104849,2.308690255858892e-06,1.8149683166545163e-05,-5.636634330051552,-2.632104416727223,above
data/transformers/runs_unified_vector_temp_jacobi/results.csv,unified_softmax_richardson,vector_temp_jacobi,row,weak_inverse,K8_cond10_above_H1_dh16_jacobi_tau2.0_linear_richardson,128,0.02,linear_richardson,2.0,,,,0,,,,,,,,8.0,correlated,10.0,1.0,32.0,1.0,16.0,16.0,coordinate,jacobi,none,context,1.060072168934667e-13,0.0022987915435805,0.0215568481944501,7.26001027755185e-14,0.0215568481944501,-0.4999659620225429,-0.4999659545719623,0.951171875,0.5724858269095421,0.951171875,0.5724858343601227,0.520793192088604,0.6821263805031776,8.0,0.7248885035514832,8.0,1.0,1.0,1.0,1.3955439914781207e-08,3.9715410071750064e-08,8.0,8.0,7.367169082164764,7.367169082164764,0.0,0.0,0.1275460217148065,1.060072168934667e-13,8.390192446061092e-13,-12.974664567279405,-2.63850040914711,above
data/transformers/runs_unified_vector_temp_jacobi/results.csv,unified_softmax_richardson,vector_temp_jacobi,row,weak_inverse,K8_cond10_above_H1_dh16_jacobi_tau5.0_softmax_vector,128,0.02,softmax_vector,5.0,,,,0,,,,,,,,8.0,correlated,10.0,1.0,32.0,1.0,16.0,16.0,coordinate,jacobi,none,context,3.6282832738265824e-07,0.0023010824224911,0.0224268729798495,2.361793995930839e-07,0.0224246713332831,-0.4794996082782745,-0.4795508235692978,0.942138671875,0.5726668909192085,0.9422607421875,0.5726668909192085,0.5218750387430191,0.6772444173693657,8.0,0.7243196740746498,8.0,1.0,1.0,1.0,13.880675315856934,0.1565146837383508,8.0,8.0,7.397389709949493,7.397389709949493,4.850789844989777,4.850789844989777,0.1297094486653804,3.6282832738265824e-07,2.798343253236617e-06,-6.440298813272047,-2.638067825054952,above
data/transformers/runs_unified_vector_temp_jacobi/results.csv,unified_softmax_richardson,vector_temp_jacobi,row,weak_inverse,K8_cond10_above_H1_dh16_jacobi_tau5.0_softmax_vector_projected,128,0.02,softmax_vector_projected,5.0,,,,0,,,,,,,,8.0,correlated,10.0,1.0,32.0,1.0,16.0,16.0,coordinate,jacobi,none,context,3.632177900669832e-07,0.0022839914599899,0.0217883214354515,2.261120251034754e-07,0.0217906390316784,-0.4942257888615131,-0.494170855730772,0.9508056640625,0.572372667491436,0.950439453125,0.572372667491436,0.5225777551531792,0.6769479513168335,8.0,0.7240206450223923,8.0,1.0,1.0,1.0,13.791906714439392,0.1561740115284919,8.0,8.0,7.391803205013275,7.391803205013275,4.850790619850159,4.850790619850159,0.1296402644366026,3.632177900669832e-07,2.802453858937071e-06,-6.439832888293267,-2.641305524281788,above
data/transformers/runs_unified_vector_temp_jacobi/results.csv,unified_softmax_richardson,vector_temp_jacobi,row,weak_inverse,K8_cond10_above_H1_dh16_jacobi_tau5.0_linear_richardson,128,0.02,linear_richardson,5.0,,,,0,,,,,,,,8.0,correlated,10.0,1.0,32.0,1.0,16.0,16.0,coordinate,jacobi,none,context,1.2911212168977918e-13,0.0022933574800845,0.0215097952168434,7.349511082187232e-14,0.0215097954496741,-0.5011447928845882,-0.5011447891592979,0.94775390625,0.5724496394395828,0.94775390625,0.5724496319890022,0.5204706937074661,0.6879560947418213,8.0,0.7246436923742294,8.0,1.0,1.0,1.0,1.4312728002785492e-08,4.0471204609815465e-08,8.0,8.0,7.381078064441681,7.381078064441681,0.0,0.0,0.1277634650468826,1.2911212168977918e-13,1.010713646886451e-12,-12.889032982087944,-2.6395282437753185,above
data/transformers/runs_unified_vector_temp_jacobi/results.csv,unified_softmax_richardson,vector_temp_jacobi,row,weak_inverse,K8_cond1000_above_H1_dh16_jacobi_tau0.1_softmax_vector,128,0.02,softmax_vector,0.1,,,,0,,,,,,,,8.0,correlated,1000.0,1.0,32.0,1.0,16.0,16.0,coordinate,jacobi,none,context,7.70967665155492e+25,7.70967665155492e+25,7.339083794450303e+25,7.339083794450303e+25,0.0207986258901655,1.766880069459288e+27,-0.5175944082438946,0.9041748046875,0.5707247257232666,0.950927734375,0.5717471539974213,0.5066871643066406,0.6614079400897026,8.0,0.7321426197886467,8.0,1.0,1.0,1.0,456019.41796875,8.89551903209054e+31,8.0,8.0,5.049369037151337,5.049369037151337,4.05162113904953,4.05162113904953,4.183012425899506,7.70967665155492e+25,1.8028057322956585e+25,25.887036163862863,25.887036163862863,above
data/transformers/runs_unified_vector_temp_jacobi/results.csv,unified_softmax_richardson,vector_temp_jacobi,row,weak_inverse,K8_cond1000_above_H1_dh16_jacobi_tau0.1_softmax_vector_projected,128,0.02,softmax_vector_projected,0.1,,,,0,,,,,,,,8.0,correlated,1000.0,1.0,32.0,1.0,16.0,16.0,coordinate,jacobi,none,context,4.088585860335303e+25,4.088585860335303e+25,3.228411460641903e+23,3.228411460641903e+23,0.0218314975500106,7.33468190588721e+24,-0.4934606924653053,0.9090576171875,0.5706377029418945,0.9490966796875,0.5719464346766472,0.5064422115683556,0.6645053550601006,8.0,0.7321907058358192,8.0,1.0,1.0,1.0,457436.6796875,1.5376368612815482e+31,8.0,8.0,5.001155197620392,5.001155197620392,4.053740441799164,4.053740441799164,4.101861536502838,4.088585860335303e+25,9.578355817587686e+24,25.611573122371432,25.611573122371432,above
data/transformers/runs_unified_vector_temp_jacobi/results.csv,unified_softmax_richardson,vector_temp_jacobi,row,weak_inverse,K8_cond1000_above_H1_dh16_jacobi_tau0.1_linear_richardson,128,0.02,linear_richardson,0.1,,,,0,,,,,,,,8.0,correlated,1000.0,1.0,32.0,1.0,16.0,16.0,coordinate,jacobi,none,context,3.39975565603369e-13,0.0444676452316343,0.0213076008949428,7.772866450147816e-14,0.0213076013606041,-0.5060741268098354,-0.506074134260416,0.952880859375,0.5718475878238678,0.952880859375,0.5718475803732872,0.5071729943156242,0.6639913842082024,8.0,0.7321539297699928,8.0,1.0,1.0,1.0,3.177943241894354e-08,9.530578637395593e-08,8.0,8.0,4.950864613056183,4.950864613056183,0.0,0.0,1.0196610689163208,3.39975565603369e-13,3.333047900603007e-13,-12.46855229503114,-1.3519558678522627,above
data/transformers/runs_unified_vector_temp_jacobi/results.csv,unified_softmax_richardson,vector_temp_jacobi,row,weak_inverse,K8_cond1000_above_H1_dh16_jacobi_tau0.2_softmax_vector,128,0.02,softmax_vector,0.2,,,,0,,,,,,,,8.0,correlated,1000.0,1.0,32.0,1.0,16.0,16.0,coordinate,jacobi,none,context,19339032197156.27,19339032197448.28,13837906934931.268,13837906934899.21,0.0214208795223385,331323258892551.06,-0.5027665458619595,0.936767578125,0.5715083554387093,0.9459228515625,0.5715729221701622,0.5064680650830269,0.6574635431170464,8.0,0.7327719330787659,8.0,1.0,1.0,1.0,305172.58984375,9.016129931478056e+18,8.0,8.0,5.027973890304565,5.027973890304565,4.410435676574707,4.410435676574707,2.756779193878174,19339032197156.27,7365184034081.852,13.28643473645063,13.286434736457188,above
data/transformers/runs_unified_vector_temp_jacobi/results.csv,unified_softmax_richardson,vector_temp_jacobi,row,weak_inverse,K8_cond1000_above_H1_dh16_jacobi_tau0.2_softmax_vector_projected,128,0.02,softmax_vector_projected,0.2,,,,0,,,,,,,,8.0,correlated,1000.0,1.0,32.0,1.0,16.0,16.0,coordinate,jacobi,none,context,1.1502277120329928e+20,1.1502277120329928e+20,7.340733818985052e+18,7.340733818985052e+18,0.0212402562610805,1.7698326779588002e+20,-0.5069358572363853,0.9422607421875,0.5716380104422569,0.95068359375,0.5717858672142029,0.50674769282341,0.6653145551681519,8.0,0.7323545664548874,8.0,1.0,1.0,1.0,301957.796875,2.5049594890819645e+25,8.0,8.0,5.033178806304932,5.033178806304932,4.411737561225891,4.411737561225891,2.7424362897872925,1.1502277120329928e+20,4.277342810390516e+19,20.06078382669244,20.06078382669244,above
data/transformers/runs_unified_vector_temp_jacobi/results.csv,unified_softmax_richardson,vector_temp_jacobi,row,weak_inverse,K8_cond1000_above_H1_dh16_jacobi_tau0.2_linear_richardson,128,0.02,linear_richardson,0.2,,,,0,,,,,,,,8.0,correlated,1000.0,1.0,32.0,1.0,16.0,16.0,coordinate,jacobi,none,context,4.014047869592939e-13,0.0449050301685929,0.0217422067653387,8.588722825119115e-14,0.0217422060668468,-0.4954206645488739,-0.4954206943511963,0.947265625,0.5718533620238304,0.947265625,0.5718533620238304,0.506451390683651,0.6780699193477631,8.0,0.7327404469251633,8.0,1.0,1.0,1.0,3.228763256757361e-08,9.939424838734112e-08,8.0,8.0,4.993822693824768,4.993822693824768,0.0,0.0,1.0217984840273855,4.014047869592939e-13,3.9355263975522805e-13,-12.396417452631766,-1.3477050075021864,above
data/transformers/runs_unified_vector_temp_jacobi/results.csv,unified_softmax_richardson,vector_temp_jacobi,row,weak_inverse,K8_cond1000_above_H1_dh16_jacobi_tau0.5_softmax_vector,128,0.02,softmax_vector,0.5,,,,0,,,,,,,,8.0,correlated,1000.0,1.0,32.0,1.0,16.0,16.0,coordinate,jacobi,none,context,3463.52617970189,3463.562222737819,3902.639091731981,3902.376502461077,0.0218339841812849,90280.25855868682,-0.4932535663247108,0.9449462890625,0.5718422308564186,0.945556640625,0.5718422457575798,0.5056116953492165,0.6804220005869865,8.0,0.732731319963932,8.0,1.0,1.0,1.0,58498.45361328125,6791721524.691573,8.0,8.0,5.034641325473785,5.034641325473785,4.735174000263214,4.735174000263214,1.412023514509201,3463.52617970189,2639.5437584270417,3.539518474680263,3.539522994123557,above
data/transformers/runs_unified_vector_temp_jacobi/results.csv,unified_softmax_richardson,vector_temp_jacobi,row,weak_inverse,K8_cond1000_above_H1_dh16_jacobi_tau0.5_softmax_vector_projected,128,0.02,softmax_vector_projected,0.5,,,,0,,,,,,,,8.0,correlated,1000.0,1.0,32.0,1.0,16.0,16.0,coordinate,jacobi,none,context,0.0008954699587775,0.045123656746,0.0210243433248251,4.350288736532093e-05,0.020978283137083,-0.5123207122087479,-0.5133876726031303,0.9515380859375,0.5717078968882561,0.951416015625,0.5717078968882561,0.5051839202642441,0.6710439249873161,8.0,0.7325793355703354,8.0,1.0,1.0,1.0,58914.35302734375,58.88861560821533,8.0,8.0,5.032373368740082,5.032373368740082,4.734945714473724,4.734945714473724,1.3685075491666794,0.0008954699587775,0.0006559407459009,-3.047948979280039,-1.3455957130969851,above
data/transformers/runs_unified_vector_temp_jacobi/results.csv,unified_softmax_richardson,vector_temp_jacobi,row,weak_inverse,K8_cond1000_above_H1_dh16_jacobi_tau0.5_linear_richardson,128,0.02,linear_richardson,0.5,,,,0,,,,,,,,8.0,correlated,1000.0,1.0,32.0,1.0,16.0,16.0,coordinate,jacobi,none,context,3.4129202082185985e-13,0.0443784710951149,0.0215867510996758,8.17828970709855e-14,0.0215867522638291,-0.4988204501569271,-0.4988204464316368,0.94873046875,0.5718894004821777,0.94873046875,0.5718893930315971,0.5062945932149887,0.6743334159255028,8.0,0.7325234562158585,8.0,1.0,1.0,1.0,3.340089538284019e-08,1.0192982990986367e-07,8.0,8.0,4.9517985582351685,4.9517985582351685,0.0,0.0,1.0201247930526731,3.4129202082185985e-13,3.3552314258933193e-13,-12.466873865115868,-1.35282766394251,above
data/transformers/runs_unified_vector_temp_jacobi/results.csv,unified_softmax_richardson,vector_temp_jacobi,row,weak_inverse,K8_cond1000_above_H1_dh16_jacobi_tau1.0_softmax_vector,128,0.02,softmax_vector,1.0,,,,0,,,,,,,,8.0,correlated,1000.0,1.0,32.0,1.0,16.0,16.0,coordinate,jacobi,none,context,0.000163737387993,0.044701490085572,0.0215550055727362,6.862863187961921e-06,0.0215402692556381,-0.5000492408871651,-0.5003888122737408,0.948974609375,0.5717467665672302,0.948974609375,0.5717467665672302,0.5072156935930252,0.6589751318097115,8.0,0.7318590879440308,8.0,1.0,1.0,1.0,4774.940277099609,7.856234967708588,8.0,8.0,4.989934861660004,4.989934861660004,4.821269989013672,4.821269989013672,1.1094539761543274,0.000163737387993,0.0001480085904219,-3.785852141937571,-1.3496779997952335,above
data/transformers/runs_unified_vector_temp_jacobi/results.csv,unified_softmax_richardson,vector_temp_jacobi,row,weak_inverse,K8_cond1000_above_H1_dh16_jacobi_tau1.0_softmax_vector_projected,128,0.02,softmax_vector_projected,1.0,,,,0,,,,,,,,8.0,correlated,1000.0,1.0,32.0,1.0,16.0,16.0,coordinate,jacobi,none,context,0.000162453370649,0.0456575667485594,0.0217684076633304,7.093382805578585e-06,0.0217670742422342,-0.4951181598007679,-0.495154108852148,0.949951171875,0.5717984586954117,0.9503173828125,0.5717984586954117,0.506086565554142,0.6641218885779381,8.0,0.7326490134000778,8.0,1.0,1.0,1.0,4304.969604492188,7.957287907600403,8.0,8.0,5.062419354915619,5.062419354915619,4.821311891078949,4.821311891078949,1.0832288563251495,0.000162453370649,0.0001501274345871,-3.78927127330587,-1.3404872373011514,above
data/transformers/runs_unified_vector_temp_jacobi/results.csv,unified_softmax_richardson,vector_temp_jacobi,row,weak_inverse,K8_cond1000_above_H1_dh16_jacobi_tau1.0_linear_richardson,128,0.02,linear_richardson,1.0,,,,0,,,,,,,,8.0,correlated,1000.0,1.0,32.0,1.0,16.0,16.0,coordinate,jacobi,none,context,4.612595400847307e-13,0.0450736540369689,0.0210622672457247,8.043799763909292e-14,0.0210622672457247,-0.5115125924348831,-0.5115125812590122,0.9493408203125,0.5717219561338425,0.9493408203125,0.5717219635844231,0.5066504329442978,0.672575555741787,8.0,0.7327179312705994,8.0,1.0,1.0,1.0,3.255895553166965e-08,9.36802715401086e-08,8.0,8.0,5.050529181957245,5.050529181957245,0.0,0.0,1.027709111571312,4.612595400847307e-13,4.487102450060154e-13,-12.336054638365004,-1.3460772330591335,above
data/transformers/runs_unified_vector_temp_jacobi/results.csv,unified_softmax_richardson,vector_temp_jacobi,row,weak_inverse,K8_cond1000_above_H1_dh16_jacobi_tau2.0_softmax_vector,128,0.02,softmax_vector,2.0,,,,0,,,,,,,,8.0,correlated,1000.0,1.0,32.0,1.0,16.0,16.0,coordinate,jacobi,none,context,3.602918650358333e-05,0.0450117019936442,0.0218156711198389,1.4804623589270705e-06,0.0218121691141277,-0.4935950152575969,-0.4936795458197593,0.9468994140625,0.5716689601540565,0.94677734375,0.5716689676046371,0.5054119750857353,0.6611365526914597,8.0,0.7324696630239487,8.0,1.0,1.0,1.0,399.90419006347656,1.5525458753108978,8.0,8.0,5.062473714351654,5.062473714351654,4.844299793243408,4.844299793243408,1.025083675980568,3.602918650358333e-05,3.5177631873368914e-05,-4.443345543622458,-1.3466745651003351,above
data/transformers/runs_unified_vector_temp_jacobi/results.csv,unified_softmax_richardson,vector_temp_jacobi,row,weak_inverse,K8_cond1000_above_H1_dh16_jacobi_tau2.0_softmax_vector_projected,128,0.02,softmax_vector_projected,2.0,,,,0,,,,,,,,8.0,correlated,1000.0,1.0,32.0,1.0,16.0,16.0,coordinate,jacobi,none,context,3.5343417494004825e-05,0.0450194426812231,0.0214742289390414,1.4589242312013084e-06,0.0214689220301806,-0.5017502047121525,-0.5018732026219368,0.9483642578125,0.5718116238713264,0.9483642578125,0.5718116238713264,0.5067647695541382,0.6719741150736809,8.0,0.7320776507258415,8.0,1.0,1.0,1.0,405.548755645752,1.519889935851097,8.0,8.0,5.047934830188751,5.047934830188751,4.844277262687683,4.844277262687683,1.0312358736991882,3.5343417494004825e-05,3.4367158301923224e-05,-4.451691459157794,-1.3465998856564143,above
data/transformers/runs_unified_vector_temp_jacobi/results.csv,unified_softmax_richardson,vector_temp_jacobi,row,weak_inverse,K8_cond1000_above_H1_dh16_jacobi_tau2.0_linear_richardson,128,0.02,linear_richardson,2.0,,,,0,,,,,,,,8.0,correlated,1000.0,1.0,32.0,1.0,16.0,16.0,coordinate,jacobi,none,context,3.363868055904652e-13,0.0453220261260867,0.021223512943834,7.333964131253558e-14,0.0212235138751566,-0.507747195661068,-0.5077471993863583,0.94970703125,0.5717492625117302,0.94970703125,0.5717492625117302,0.5059331730008125,0.664357878267765,8.0,0.7323481515049934,8.0,1.0,1.0,1.0,3.3386615028163646e-08,1.0005620243447313e-07,8.0,8.0,4.961699485778809,4.961699485778809,0.0,0.0,1.025485761463642,3.363868055904652e-13,3.289149109674045e-13,-12.473161047272558,-1.3436906831927975,above
data/transformers/runs_unified_vector_temp_jacobi/results.csv,unified_softmax_richardson,vector_temp_jacobi,row,weak_inverse,K8_cond1000_above_H1_dh16_jacobi_tau5.0_softmax_vector,128,0.02,softmax_vector,5.0,,,,0,,,,,,,,8.0,correlated,1000.0,1.0,32.0,1.0,16.0,16.0,coordinate,jacobi,none,context,5.442095869057084e-06,0.0448137181811034,0.0209658446256071,2.2445312808372367e-07,0.020964806433767,-0.5136578157544136,-0.5136808529496193,0.9527587890625,0.571953721344471,0.9525146484375,0.5719537287950516,0.5063765794038773,0.6727040931582451,8.0,0.7324344217777252,8.0,1.0,1.0,1.0,32.015310764312744,0.2222071010619402,8.0,8.0,5.113430321216583,5.113430321216583,4.8507919907569885,4.8507919907569885,1.001963697373867,5.442095869057084e-06,5.432727701840435e-06,-5.264233811869795,-1.3485890213057703,above
data/transformers/runs_unified_vector_temp_jacobi/results.csv,unified_softmax_richardson,vector_temp_jacobi,row,weak_inverse,K8_cond1000_above_H1_dh16_jacobi_tau5.0_softmax_vector_projected,128,0.02,softmax_vector_projected,5.0,,,,0,,,,,,,,8.0,correlated,1000.0,1.0,32.0,1.0,16.0,16.0,coordinate,jacobi,none,context,5.366936250084109e-06,0.045771799981594,0.0211087130010128,2.242604324464992e-07,0.0211086710914969,-0.5105100385844707,-0.5105108059942722,0.9503173828125,0.5718119293451309,0.950439453125,0.5718119144439697,0.5073578879237175,0.6714877486228943,8.0,0.7323417142033577,8.0,1.0,1.0,1.0,33.598427295684814,0.2166549079120159,8.0,8.0,4.9851014614105225,4.9851014614105225,4.850790619850159,4.850790619850159,1.0599348619580269,5.366936250084109e-06,5.080601614945774e-06,-5.270273563349284,-1.3394020085536271,above
data/transformers/runs_unified_vector_temp_jacobi/results.csv,unified_softmax_richardson,vector_temp_jacobi,row,weak_inverse,K8_cond1000_above_H1_dh16_jacobi_tau5.0_linear_richardson,128,0.02,linear_richardson,5.0,,,,0,,,,,,,,8.0,correlated,1000.0,1.0,32.0,1.0,16.0,16.0,coordinate,jacobi,none,context,3.880894934029603e-13,0.0452909977175295,0.0211805037688463,7.806347460267114e-14,0.0211805035360157,-0.5085810497403145,-0.5085810422897339,0.94921875,0.5717313140630722,0.94921875,0.5717313066124916,0.5073731988668442,0.6692032143473625,8.0,0.7316843643784523,8.0,1.0,1.0,1.0,3.172708917809075e-08,9.565843761549787e-08,8.0,8.0,5.069163799285889,5.069163799285889,0.0,0.0,1.017675258219242,3.880894934029603e-13,3.8241657531804054e-13,-12.411068114587692,-1.3439881121179942,above
data/transformers/runs_unified_vector_temp_jacobi/results.csv,unified_softmax_richardson,vector_temp_jacobi,row,weak_inverse,K16_cond10_below_H1_dh8_jacobi_tau0.1_softmax_vector,128,0.02,softmax_vector,0.1,,,,0,,,,,,,,16.0,correlated,10.0,1.0,32.0,1.0,8.0,8.0,coordinate,jacobi,none,context,1.387984657225467e+29,1.387984657225467e+29,1.597837305704452e+29,1.597837305704452e+29,0.0232428268063813,3.5975221108632527e+30,-0.4624370671808719,0.797119140625,0.580602303147316,0.948486328125,0.5923294499516487,0.707453154027462,0.8021827563643456,16.0,0.6043953374028206,8.0,1.0,1.0,0.0,34467.175537109375,inf,8.0,8.0,7.80693519115448,7.80693519115448,3.612846940755844,3.612846940755844,0.3557461351156235,1.387984657225467e+29,3.976463954924217e+29,29.14238466545663,29.14238466545663,below
data/transformers/runs_unified_vector_temp_jacobi/results.csv,unified_softmax_richardson,vector_temp_jacobi,row,weak_inverse,K16_cond10_below_H1_dh8_jacobi_tau0.1_softmax_vector_projected,128,0.02,softmax_vector_projected,0.1,,,,0,,,,,,,,16.0,correlated,10.0,1.0,32.0,1.0,8.0,8.0,coordinate,jacobi,none,context,4.739585820030564e+21,4.739585820030564e+21,6.001790083029483e+20,6.001790083029483e+20,0.0227755222003906,1.323745202529269e+22,-0.4729812815785408,0.27001953125,0.5912545844912529,0.950927734375,0.5926748886704445,0.7071243152022362,0.8016072064638138,16.0,0.6044802442193031,8.0,1.0,1.0,0.0,245333.703125,4.8002555115937085e+26,8.0,8.0,7.803426802158356,7.803426802158356,3.615654408931732,3.615654408931732,0.7332921996712685,4.739585820030564e+21,6.550997142075221e+21,21.675740391476943,21.675740391476943,below
data/transformers/runs_unified_vector_temp_jacobi/results.csv,unified_softmax_richardson,vector_temp_jacobi,row,weak_inverse,K16_cond10_below_H1_dh8_jacobi_tau0.1_linear_richardson,128,0.02,linear_richardson,0.1,,,,0,,,,,,,,16.0,correlated,10.0,1.0,32.0,1.0,8.0,8.0,coordinate,jacobi,none,context,0.6242041736841202,0.6285268738865852,0.8317199051380157,0.810796782374382,0.0223974119871854,16.95519185066223,-0.480390265583992,0.2745361328125,0.5925948694348335,0.9542236328125,0.5925948694348335,0.7073068916797638,0.8002260774374008,16.0,0.6048600375652313,8.0,1.0,1.0,0.0,230443.6484375,200653.2734375,8.0,8.0,7.790982246398926,7.790982246398926,0.0,0.0,0.6307082995772362,0.6242041736841202,0.9896631375457102,-0.2046733317906434,-0.2016761484774097,below
data/transformers/runs_unified_vector_temp_jacobi/results.csv,unified_softmax_richardson,vector_temp_jacobi,row,weak_inverse,K16_cond10_below_H1_dh8_jacobi_tau0.2_softmax_vector,128,0.02,softmax_vector,0.2,,,,0,,,,,,,,16.0,correlated,10.0,1.0,32.0,1.0,8.0,8.0,coordinate,jacobi,none,context,0.000498658788274,0.0051112319924868,0.0234409056138247,0.0002966739411931,0.0231733059044927,-0.4581786505877971,-0.4638905152678489,0.9482421875,0.5925252884626389,0.949951171875,0.5925252959132195,0.7073209062218666,0.8040453270077705,16.0,0.6044543236494064,8.0,1.0,1.0,0.0,3842.585205078125,42.56783866882324,8.0,8.0,7.81036114692688,7.81036114692688,4.505892038345337,4.505892038345337,0.2356289345771074,0.000498658788274,0.0021165365520543,-3.302196522627326,-2.2914744065089923,below
data/transformers/runs_unified_vector_temp_jacobi/results.csv,unified_softmax_richardson,vector_temp_jacobi,row,weak_inverse,K16_cond10_below_H1_dh8_jacobi_tau0.2_softmax_vector_projected,128,0.02,softmax_vector_projected,0.2,,,,0,,,,,,,,16.0,correlated,10.0,1.0,32.0,1.0,8.0,8.0,coordinate,jacobi,none,context,0.6424697116017342,0.6468788683414459,0.8343115150928497,0.8143231421709061,0.022932980209589,16.99642276763916,-0.4695858545601368,0.2847900390625,0.5924606993794441,0.95263671875,0.5924606993794441,0.7076065763831139,0.8032424598932266,16.0,0.6042060852050781,8.0,1.0,1.0,0.0,233464.056640625,202431.986328125,8.0,8.0,7.803998947143555,7.803998947143555,4.505724251270294,4.505724251270294,0.6359112858772278,0.6424697116017342,1.0102725873167793,-0.1921473417621056,-0.1891770357703182,below
data/transformers/runs_unified_vector_temp_jacobi/results.csv,unified_softmax_richardson,vector_temp_jacobi,row,weak_inverse,K16_cond10_below_H1_dh8_jacobi_tau0.2_linear_richardson,128,0.02,linear_richardson,0.2,,,,0,,,,,,,,16.0,correlated,10.0,1.0,32.0,1.0,8.0,8.0,coordinate,jacobi,none,context,0.627606600522995,0.6321194842457771,0.8523131161928177,0.8307687565684319,0.0227346485480666,17.399142742156982,-0.4737611785531044,0.2777099609375,0.5926501527428627,0.9521484375,0.5926501527428627,0.7070147693157196,0.8018230348825455,16.0,0.6049546897411346,8.0,1.0,1.0,0.0,232151.87109375,201802.40234375,8.0,8.0,7.8044628500938416,7.8044628500938416,0.0,0.0,0.6323165968060493,0.627606600522995,0.9925635826508376,-0.2023124975968273,-0.1992008229137968,below
data/transformers/runs_unified_vector_temp_jacobi/results.csv,unified_softmax_richardson,vector_temp_jacobi,row,weak_inverse,K16_cond10_below_H1_dh8_jacobi_tau0.5_softmax_vector,128,0.02,softmax_vector,0.5,,,,0,,,,,,,,16.0,correlated,10.0,1.0,32.0,1.0,8.0,8.0,coordinate,jacobi,none,context,6.531974759127479e-05,0.0046998701873235,0.0225993883796036,3.913327327609295e-05,0.022568492218852,-0.476704977452755,-0.4773709960281849,0.9512939453125,0.5923804864287376,0.9508056640625,0.5923804938793182,0.7072717845439911,0.802430234849453,16.0,0.6048598662018776,8.0,1.0,1.0,0.0,380.43664932250977,5.401388227939606,8.0,8.0,7.789008677005768,7.789008677005768,4.795962929725647,4.795962929725647,0.227540485560894,6.531974759127479e-05,0.0002871289875286,-4.184955502133905,-2.327914137321227,below
data/transformers/runs_unified_vector_temp_jacobi/results.csv,unified_softmax_richardson,vector_temp_jacobi,row,weak_inverse,K16_cond10_below_H1_dh8_jacobi_tau0.5_softmax_vector_projected,128,0.02,softmax_vector_projected,0.5,,,,0,,,,,,,,16.0,correlated,10.0,1.0,32.0,1.0,8.0,8.0,coordinate,jacobi,none,context,0.629368744790554,0.6337741166353226,0.832899272441864,0.8070864304900169,0.0226115563418716,16.99595332145691,-0.4765412807464599,0.27734375,0.5924215838313103,0.950439453125,0.5924215838313103,0.7078878805041313,0.8043345585465431,16.0,0.6042278110980988,8.0,1.0,1.0,0.0,232637.5625,202642.26953125,8.0,8.0,7.809000670909882,7.809000670909882,4.7959296107292175,4.7959296107292175,0.6322764679789543,0.629368744790554,0.9953515816136076,-0.2010948284740175,-0.1980655013905761,below
data/transformers/runs_unified_vector_temp_jacobi/results.csv,unified_softmax_richardson,vector_temp_jacobi,row,weak_inverse,K16_cond10_below_H1_dh8_jacobi_tau0.5_linear_richardson,128,0.02,linear_richardson,0.5,,,,0,,,,,,,,16.0,correlated,10.0,1.0,32.0,1.0,8.0,8.0,coordinate,jacobi,none,context,0.628323145210743,0.6330595463514328,0.8738176971673965,0.8487069085240364,0.022479030303657,17.835941076278687,-0.4793381541967392,0.280517578125,0.5927778109908104,0.9552001953125,0.5927778109908104,0.7075331956148148,0.7959087118506432,16.0,0.604031465947628,8.0,1.0,1.0,0.0,233473.326171875,203151.154296875,8.0,8.0,7.799210131168365,7.799210131168365,0.0,0.0,0.6335503309965134,0.628323145210743,0.9917443502011946,-0.2018169421109448,-0.1985554377937595,below
data/transformers/runs_unified_vector_temp_jacobi/results.csv,unified_softmax_richardson,vector_temp_jacobi,row,weak_inverse,K16_cond10_below_H1_dh8_jacobi_tau1.0_softmax_vector,128,0.02,softmax_vector,1.0,,,,0,,,,,,,,16.0,correlated,10.0,1.0,32.0,1.0,8.0,8.0,coordinate,jacobi,none,context,1.5654446542612277e-05,0.0046505673672072,0.0225563268177211,9.480716130383373e-06,0.0225484850816428,-0.4774660058319568,-0.4776232615113258,0.9544677734375,0.5923302471637726,0.95361328125,0.5923302620649338,0.7071504145860672,0.8053511828184128,16.0,0.6045879423618317,8.0,1.0,1.0,0.0,88.1093864440918,1.2813451886177063,8.0,8.0,7.797608315944672,7.797608315944672,4.837992906570435,4.837992906570435,0.2260413840413093,1.5654446542612277e-05,6.925260590507441e-05,-4.805362282102537,-2.3324940601388424,below
data/transformers/runs_unified_vector_temp_jacobi/results.csv,unified_softmax_richardson,vector_temp_jacobi,row,weak_inverse,K16_cond10_below_H1_dh8_jacobi_tau1.0_softmax_vector_projected,128,0.02,softmax_vector_projected,1.0,,,,0,,,,,,,,16.0,correlated,10.0,1.0,32.0,1.0,8.0,8.0,coordinate,jacobi,none,context,0.6251567825675011,0.6290310472249985,0.822852298617363,0.7994844317436218,0.0224970777053385,16.771785020828247,-0.478983823210001,0.269287109375,0.5926519259810448,0.9527587890625,0.5926519259810448,0.7071618065237999,0.8037768304347992,16.0,0.6043777614831924,8.0,1.0,1.0,0.0,232245.8828125,202265.353515625,8.0,8.0,7.815683424472809,7.815683424472809,4.837981462478638,4.837981462478638,0.6310551688075066,0.6251567825675011,0.990589650893148,-0.2040110526317377,-0.2013279184565875,below
data/transformers/runs_unified_vector_temp_jacobi/results.csv,unified_softmax_richardson,vector_temp_jacobi,row,weak_inverse,K16_cond10_below_H1_dh8_jacobi_tau1.0_linear_richardson,128,0.02,linear_richardson,1.0,,,,0,,,,,,,,16.0,correlated,10.0,1.0,32.0,1.0,8.0,8.0,coordinate,jacobi,none,context,0.6224167868494987,0.626713827252388,0.8166080862283707,0.7945021688938141,0.0231384390499442,16.629855394363403,-0.4645358733832836,0.27783203125,0.5926481634378433,0.947265625,0.5926481634378433,0.707394540309906,0.8057254329323769,16.0,0.6042125895619392,8.0,1.0,1.0,0.0,230031.650390625,200174.078125,8.0,8.0,7.823839843273163,7.823839843273163,0.0,0.0,0.6293489560484886,0.6224167868494987,0.9889843793378312,-0.205918702750707,-0.2029307233099764,below
data/transformers/runs_unified_vector_temp_jacobi/results.csv,unified_softmax_richardson,vector_temp_jacobi,row,weak_inverse,K16_cond10_below_H1_dh8_jacobi_tau2.0_softmax_vector,128,0.02,softmax_vector,2.0,,,,0,,,,,,,,16.0,correlated,10.0,1.0,32.0,1.0,8.0,8.0,coordinate,jacobi,none,context,3.899291129982885e-06,0.0046254805638454,0.0233406566549092,2.3473937744711293e-06,0.0233364405576139,-0.4602929316461086,-0.4603825211524963,0.9443359375,0.592655174434185,0.9444580078125,0.592655174434185,0.7073909640312195,0.8050553947687149,16.0,0.6044791042804718,8.0,1.0,1.0,0.0,21.89790892601013,0.3213108479976654,8.0,8.0,7.819811165332794,7.819811165332794,4.84852135181427,4.84852135181427,0.2269299551844597,3.899291129982885e-06,1.7183809285179504e-05,-5.409014338183402,-2.334843139598642,below
data/transformers/runs_unified_vector_temp_jacobi/results.csv,unified_softmax_richardson,vector_temp_jacobi,row,weak_inverse,K16_cond10_below_H1_dh8_jacobi_tau2.0_softmax_vector_projected,128,0.02,softmax_vector_projected,2.0,,,,0,,,,,,,,16.0,correlated,10.0,1.0,32.0,1.0,8.0,8.0,coordinate,jacobi,none,context,0.6233656033873558,0.6278756633400917,0.8561543747782707,0.8269222751259804,0.0229036402888596,17.470836400985718,-0.4694902040064335,0.2772216796875,0.5926915779709816,0.9517822265625,0.592691570520401,0.7072263583540916,0.8061074689030647,16.0,0.6046286076307297,8.0,1.0,1.0,0.0,231911.58203125,201610.04296875,8.0,8.0,7.8094562292099,7.8094562292099,4.848519802093506,4.848519802093506,0.6291856020689011,0.6233656033873558,0.9907130884083528,-0.2052571652789385,-0.2021263500073267,below
data/transformers/runs_unified_vector_temp_jacobi/results.csv,unified_softmax_richardson,vector_temp_jacobi,row,weak_inverse,K16_cond10_below_H1_dh8_jacobi_tau2.0_linear_richardson,128,0.02,linear_richardson,2.0,,,,0,,,,,,,,16.0,correlated,10.0,1.0,32.0,1.0,8.0,8.0,coordinate,jacobi,none,context,0.6208589151501656,0.6253501996397972,0.8311873972415924,0.812458261847496,0.0229489367920905,16.94951629638672,-0.4691176600754261,0.2735595703125,0.5923603624105453,0.94970703125,0.592360369861126,0.7074219956994057,0.8002434894442558,16.0,0.604357585310936,8.0,1.0,1.0,0.0,230792.490234375,201297.10546875,8.0,8.0,7.820487976074219,7.820487976074219,0.0,0.0,0.6288329064846039,0.6208589151501656,0.9873102682391786,-0.2070070782985337,-0.2038767071717457,below
data/transformers/runs_unified_vector_temp_jacobi/results.csv,unified_softmax_richardson,vector_temp_jacobi,row,weak_inverse,K16_cond10_below_H1_dh8_jacobi_tau5.0_softmax_vector,128,0.02,softmax_vector,5.0,,,,0,,,,,,,,16.0,correlated,10.0,1.0,32.0,1.0,8.0,8.0,coordinate,jacobi,none,context,6.232222133917276e-07,0.0046290424652397,0.0227447692304849,3.806632768998952e-07,0.0227457089349627,-0.4727237820625305,-0.4727022871375084,0.948974609375,0.5923547968268394,0.94921875,0.5923547893762589,0.7068148851394653,0.7960659489035606,16.0,0.6049572676420212,8.0,1.0,1.0,0.0,3.526305466890335,0.0519342483021318,8.0,8.0,7.82721072435379,7.82721072435379,4.851468324661255,4.851468324661255,0.2281180191785097,6.232222133917276e-07,2.7332080335171663e-06,-6.205357075583368,-2.3345088351310563,below
data/transformers/runs_unified_vector_temp_jacobi/results.csv,unified_softmax_richardson,vector_temp_jacobi,row,weak_inverse,K16_cond10_below_H1_dh8_jacobi_tau5.0_softmax_vector_projected,128,0.02,softmax_vector_projected,5.0,,,,0,,,,,,,,16.0,correlated,10.0,1.0,32.0,1.0,8.0,8.0,coordinate,jacobi,none,context,0.626450851559639,0.6314749196171761,0.8535917177796364,0.8315954580903053,0.0232810338493436,17.42066740989685,-0.4614992476999759,0.2783203125,0.5926679372787476,0.947998046875,0.5926679372787476,0.707396388053894,0.8045312240719795,16.0,0.6047195568680763,8.0,1.0,1.0,0.0,232350.337890625,202138.9765625,8.0,8.0,7.817792236804962,7.817792236804962,4.851468563079834,4.851468563079834,0.6319204196333885,0.626450851559639,0.9913512677961716,-0.2031129960724362,-0.199643893704322,below
data/transformers/runs_unified_vector_temp_jacobi/results.csv,unified_softmax_richardson,vector_temp_jacobi,row,weak_inverse,K16_cond10_below_H1_dh8_jacobi_tau5.0_linear_richardson,128,0.02,linear_richardson,5.0,,,,0,,,,,,,,16.0,correlated,10.0,1.0,32.0,1.0,8.0,8.0,coordinate,jacobi,none,context,0.62602149695158,0.6307460069656372,0.8348613679409027,0.815056100487709,0.0236055278219282,17.053083419799805,-0.4550320655107498,0.27734375,0.5923812538385391,0.9490966796875,0.5923812538385391,0.7071209698915482,0.8097331747412682,16.0,0.6047332137823105,8.0,1.0,1.0,0.0,231392.673828125,201117.62109375,8.0,8.0,7.798309147357941,7.798309147357941,0.0,0.0,0.6310296803712845,0.62602149695158,0.9920603108775222,-0.2034107532957164,-0.20014549016953,below
data/transformers/runs_unified_vector_temp_jacobi/results.csv,unified_softmax_richardson,vector_temp_jacobi,row,weak_inverse,K16_cond1000_below_H1_dh8_jacobi_tau0.1_softmax_vector,128,0.02,softmax_vector,0.1,,,,0,,,,,,,,16.0,correlated,1000.0,1.0,32.0,1.0,8.0,8.0,coordinate,jacobi,none,context,0.002121109951986,0.0666028503328561,0.0228160626720637,0.0001089302440959,0.0227268422022461,-0.4719802550971508,-0.4739321805536747,0.948974609375,0.5904689580202103,0.9501953125,0.5904689431190491,0.6851658001542091,0.7809687554836273,16.0,0.6174843683838844,8.0,1.0,1.0,0.0,1337.6468658447266,16.222717761993408,8.0,8.0,6.969262957572937,6.969262957572937,4.70160323381424,4.70160323381424,1.105250284075737,0.002121109951986,0.0019205444340451,-2.67343681837494,-1.176507184383116,below
data/transformers/runs_unified_vector_temp_jacobi/results.csv,unified_softmax_richardson,vector_temp_jacobi,row,weak_inverse,K16_cond1000_below_H1_dh8_jacobi_tau0.1_softmax_vector_projected,128,0.02,softmax_vector_projected,0.1,,,,0,,,,,,,,16.0,correlated,1000.0,1.0,32.0,1.0,8.0,8.0,coordinate,jacobi,none,context,2.922248810529709,2.987858146429062,1.0925845876336098,1.0698921605944631,0.0225057962816208,22.72493577003479,-0.4787151739001274,0.257568359375,0.5903281942009926,0.9495849609375,0.5903281792998314,0.6853883862495422,0.7851892486214638,16.0,0.6174779608845711,8.0,1.0,1.0,0.0,605470.5,540926.7890625,8.0,8.0,6.977572202682495,6.977572202682495,4.701667189598084,4.701667189598084,1.514095351099968,2.922248810529709,1.9299382203330784,0.465717190530442,0.475359974774719,below
data/transformers/runs_unified_vector_temp_jacobi/results.csv,unified_softmax_richardson,vector_temp_jacobi,row,weak_inverse,K16_cond1000_below_H1_dh8_jacobi_tau0.1_linear_richardson,128,0.02,linear_richardson,0.1,,,,0,,,,,,,,16.0,correlated,1000.0,1.0,32.0,1.0,8.0,8.0,coordinate,jacobi,none,context,2.8268478214740758,2.8905215561389923,1.055235281586647,1.0318606719374657,0.0229702969081699,21.968750715255737,-0.4681808054447174,0.256591796875,0.5900569334626198,0.949951171875,0.5900569409132004,0.6854376941919327,0.779282420873642,16.0,0.6174742802977562,8.0,1.0,1.0,0.0,604954.3203125,540724.078125,8.0,8.0,6.982415735721588,6.982415735721588,0.0,0.0,1.4360533505678177,2.8268478214740758,1.967987401009492,0.4513024296168735,0.4609762124855012,below
data/transformers/runs_unified_vector_temp_jacobi/results.csv,unified_softmax_richardson,vector_temp_jacobi,row,weak_inverse,K16_cond1000_below_H1_dh8_jacobi_tau0.2_softmax_vector,128,0.02,softmax_vector,0.2,,,,0,,,,,,,,16.0,correlated,1000.0,1.0,32.0,1.0,8.0,8.0,coordinate,jacobi,none,context,0.000469232109026,0.064206943847239,0.0222063488326966,2.45357402945956e-05,0.0221797588746994,-0.4847473762929439,-0.4853422380983829,0.9505615234375,0.5902862623333931,0.951171875,0.5902862697839737,0.6855601668357849,0.7773548290133476,16.0,0.6171316802501678,8.0,1.0,1.0,0.0,261.49865341186523,3.49961656332016,8.0,8.0,6.94664603471756,6.94664603471756,4.814076900482178,4.814076900482178,1.0387077629566193,0.000469232109026,0.0004518808489679,-3.3286122772561884,-1.1924180013475991,below
data/transformers/runs_unified_vector_temp_jacobi/results.csv,unified_softmax_richardson,vector_temp_jacobi,row,weak_inverse,K16_cond1000_below_H1_dh8_jacobi_tau0.2_softmax_vector_projected,128,0.02,softmax_vector_projected,0.2,,,,0,,,,,,,,16.0,correlated,1000.0,1.0,32.0,1.0,8.0,8.0,coordinate,jacobi,none,context,2.7904618680477142,2.8571010529994965,1.0243457853794098,1.0008810684084892,0.0224916008301079,21.255332708358765,-0.4790202938020229,0.2708740234375,0.5901113450527191,0.9512939453125,0.5901113376021385,0.6849205568432808,0.7829234004020691,16.0,0.6172798722982407,8.0,1.0,1.0,0.0,599538.34375,535383.1484375,8.0,8.0,6.938030779361725,6.938030779361725,4.814146518707275,4.814146518707275,1.434648111462593,2.7904618680477142,1.9450008499257472,0.4456760922138647,0.4559256012451633,below
data/transformers/runs_unified_vector_temp_jacobi/results.csv,unified_softmax_richardson,vector_temp_jacobi,row,weak_inverse,K16_cond1000_below_H1_dh8_jacobi_tau0.2_linear_richardson,128,0.02,linear_richardson,0.2,,,,0,,,,,,,,16.0,correlated,1000.0,1.0,32.0,1.0,8.0,8.0,coordinate,jacobi,none,context,2.79145747423172,2.865509480237961,1.0279768481850624,1.004257671535015,0.0229487523902207,21.42674851417541,-0.468374639749527,0.259765625,0.5898861810564995,0.9471435546875,0.5898861885070801,0.6850164458155632,0.7816226035356522,16.0,0.617176741361618,8.0,1.0,1.0,0.0,607461.6015625,543628.453125,8.0,8.0,7.004589557647705,7.004589557647705,0.0,0.0,1.4219063073396685,2.79145747423172,1.963087013226087,0.4458310160850044,0.4572018496139473,below
data/transformers/runs_unified_vector_temp_jacobi/results.csv,unified_softmax_richardson,vector_temp_jacobi,row,weak_inverse,K16_cond1000_below_H1_dh8_jacobi_tau0.5_softmax_vector,128,0.02,softmax_vector,0.5,,,,0,,,,,,,,16.0,correlated,1000.0,1.0,32.0,1.0,8.0,8.0,coordinate,jacobi,none,context,7.287376047315774e-05,0.0638980348594486,0.0227307346649467,3.513579315495008e-06,0.02273755450733,-0.4734820798039436,-0.4733376204967499,0.9482421875,0.5900950208306313,0.9478759765625,0.5900950133800507,0.6854527294635773,0.7817068845033646,16.0,0.6171685457229614,8.0,1.0,1.0,0.0,38.730000495910645,0.5437852516770363,8.0,8.0,6.990969240665436,6.990969240665436,4.845949411392212,4.845949411392212,1.026447877287865,7.287376047315774e-05,7.107479965973902e-05,-4.137428819186562,-1.194512498067282,below
data/transformers/runs_unified_vector_temp_jacobi/results.csv,unified_softmax_richardson,vector_temp_jacobi,row,weak_inverse,K16_cond1000_below_H1_dh8_jacobi_tau0.5_softmax_vector_projected,128,0.02,softmax_vector_projected,0.5,,,,0,,,,,,,,16.0,correlated,1000.0,1.0,32.0,1.0,8.0,8.0,coordinate,jacobi,none,context,2.820314347743988,2.8843571543693542,1.0800984054803848,1.058783084154129,0.0227662306278944,22.53319382667541,-0.4729847684502601,0.25634765625,0.5898772478103638,0.9500732421875,0.5898772403597832,0.6848078593611717,0.7798355966806412,16.0,0.6175018474459648,8.0,1.0,1.0,0.0,606511.140625,542082.1171875,8.0,8.0,6.970434784889221,6.970434784889221,4.845958530902863,4.845958530902863,1.4372451454401016,2.820314347743988,1.9615036630516915,0.450297516788229,0.4600490357173548,below
data/transformers/runs_unified_vector_temp_jacobi/results.csv,unified_softmax_richardson,vector_temp_jacobi,row,weak_inverse,K16_cond1000_below_H1_dh8_jacobi_tau0.5_linear_richardson,128,0.02,linear_richardson,0.5,,,,0,,,,,,,,16.0,correlated,1000.0,1.0,32.0,1.0,8.0,8.0,coordinate,jacobi,none,context,2.809193104505539,2.8733777701854706,1.0784539729356766,1.053893841803074,0.0230202765669673,22.46103525161743,-0.4674525521695614,0.262451171875,0.5899746790528297,0.9483642578125,0.5899746716022491,0.6858815550804138,0.7870383262634277,16.0,0.6170766428112984,8.0,1.0,1.0,0.0,614276.9375,548792.0390625,8.0,8.0,6.961691081523895,6.961691081523895,0.0,0.0,1.4275853037834167,2.809193104505539,1.9675964380182949,0.4485815937187366,0.4583927275309605,below
data/transformers/runs_unified_vector_temp_jacobi/results.csv,unified_softmax_richardson,vector_temp_jacobi,row,weak_inverse,K16_cond1000_below_H1_dh8_jacobi_tau1.0_softmax_vector,128,0.02,softmax_vector,1.0,,,,0,,,,,,,,16.0,correlated,1000.0,1.0,32.0,1.0,8.0,8.0,coordinate,jacobi,none,context,1.8187691466664543e-05,0.0643444117158651,0.0229843845590949,8.949667531510386e-07,0.0229793766047805,-0.4680201970040798,-0.4681260958313942,0.947509765625,0.590028665959835,0.947509765625,0.5900286585092545,0.6853184551000595,0.7839194089174271,16.0,0.6168646514415741,8.0,1.0,1.0,0.0,9.74354875087738,0.1345188617706298,8.0,8.0,6.980747044086456,6.980747044086456,4.85051029920578,4.85051029920578,1.0309194549918177,1.8187691466664543e-05,1.7651992539650157e-05,-4.740222421712454,-1.1914891654083946,below
data/transformers/runs_unified_vector_temp_jacobi/results.csv,unified_softmax_richardson,vector_temp_jacobi,row,weak_inverse,K16_cond1000_below_H1_dh8_jacobi_tau1.0_softmax_vector_projected,128,0.02,softmax_vector_projected,1.0,,,,0,,,,,,,,16.0,correlated,1000.0,1.0,32.0,1.0,8.0,8.0,coordinate,jacobi,none,context,2.798816710710525,2.8617104291915894,1.055876426398754,1.0349679291248322,0.022396168904379,22.02451586723328,-0.4808235615491867,0.251953125,0.5901103541254997,0.9522705078125,0.5901103541254997,0.686218298971653,0.7831499949097633,16.0,0.6166487336158752,8.0,1.0,1.0,0.0,606951.3125,541768.9140625,8.0,8.0,6.945806860923767,6.945806860923767,4.850510120391846,4.850510120391846,1.4226836413145063,2.798816710710525,1.9671753215647567,0.4469744582612922,0.4566256862488272,below
data/transformers/runs_unified_vector_temp_jacobi/results.csv,unified_softmax_richardson,vector_temp_jacobi,row,weak_inverse,K16_cond1000_below_H1_dh8_jacobi_tau1.0_linear_richardson,128,0.02,linear_richardson,1.0,,,,0,,,,,,,,16.0,correlated,1000.0,1.0,32.0,1.0,8.0,8.0,coordinate,jacobi,none,context,2.7894462645053864,2.850990206003189,1.0232233703136444,0.9970329329371452,0.0224174114409834,21.258158206939697,-0.4804855138063431,0.27001953125,0.5899355039000511,0.9493408203125,0.5899355039000511,0.6849972829222679,0.7814085111021996,16.0,0.6173095181584358,8.0,1.0,1.0,0.0,617610.9453125,552321.75,8.0,8.0,6.974298000335693,6.974298000335693,0.0,0.0,1.4209100604057312,2.7894462645053864,1.9631800157127697,0.4455179996400706,0.4549957253816884,below
data/transformers/runs_unified_vector_temp_jacobi/results.csv,unified_softmax_richardson,vector_temp_jacobi,row,weak_inverse,K16_cond1000_below_H1_dh8_jacobi_tau2.0_softmax_vector,128,0.02,softmax_vector,2.0,,,,0,,,,,,,,16.0,correlated,1000.0,1.0,32.0,1.0,8.0,8.0,coordinate,jacobi,none,context,4.514131831001578e-06,0.0639244597405195,0.0223682199139148,2.3167140739133174e-07,0.0223667377140373,-0.4825723059475422,-0.4826046079397201,0.9530029296875,0.5900348573923111,0.952880859375,0.5900348722934723,0.6852395310997963,0.7839539647102356,16.0,0.6171090379357338,8.0,1.0,1.0,0.0,2.4329874515533447,0.0332851111888885,8.0,8.0,6.965593576431274,6.965593576431274,4.85164999961853,4.85164999961853,1.0359946340322497,4.514131831001578e-06,4.360072796544906e-06,-5.345425761908566,-1.1943329337388997,below
data/transformers/runs_unified_vector_temp_jacobi/results.csv,unified_softmax_richardson,vector_temp_jacobi,row,weak_inverse,K16_cond1000_below_H1_dh8_jacobi_tau2.0_softmax_vector_projected,128,0.02,softmax_vector_projected,2.0,,,,0,,,,,,,,16.0,correlated,1000.0,1.0,32.0,1.0,8.0,8.0,coordinate,jacobi,none,context,2.759838342666626,2.820521801710129,1.0337424874305725,1.0100342109799385,0.0227002552710473,21.505001068115234,-0.4750137068331241,0.2662353515625,0.5899349451065063,0.9490966796875,0.589934952557087,0.6849368140101433,0.7862295657396317,16.0,0.61761674284935,8.0,1.0,1.0,0.0,603617.6484375,539459.1015625,8.0,8.0,7.03008109331131,7.03008109331131,4.851650536060333,4.851650536060333,1.418277844786644,2.759838342666626,1.9457239483237336,0.4408836440420347,0.45032946102855,below
data/transformers/runs_unified_vector_temp_jacobi/results.csv,unified_softmax_richardson,vector_temp_jacobi,row,weak_inverse,K16_cond1000_below_H1_dh8_jacobi_tau2.0_linear_richardson,128,0.02,linear_richardson,2.0,,,,0,,,,,,,,16.0,correlated,1000.0,1.0,32.0,1.0,8.0,8.0,coordinate,jacobi,none,context,2.815874218940735,2.875396102666855,1.0736559480428696,1.0496614277362823,0.0225493912585079,22.34975361824036,-0.4774598702788353,0.2628173828125,0.589931957423687,0.9530029296875,0.5899319425225258,0.6852426528930664,0.7800968214869499,16.0,0.617228090763092,8.0,1.0,1.0,0.0,616980.3828125,550921.7890625,8.0,8.0,6.916955649852753,6.916955649852753,0.0,0.0,1.444987565279007,2.815874218940735,1.948707412346386,0.4496132515922402,0.4586976797571964,below
data/transformers/runs_unified_vector_temp_jacobi/results.csv,unified_softmax_richardson,vector_temp_jacobi,row,weak_inverse,K16_cond1000_below_H1_dh8_jacobi_tau5.0_softmax_vector,128,0.02,softmax_vector,5.0,,,,0,,,,,,,,16.0,correlated,1000.0,1.0,32.0,1.0,8.0,8.0,coordinate,jacobi,none,context,7.197828608696e-07,0.0635576290078461,0.0226649940013885,3.500418799262661e-08,0.0226645581424236,-0.4750795103609562,-0.4750888720154762,0.94775390625,0.5901149213314056,0.94775390625,0.5901149362325668,0.6851809248328209,0.7820360735058784,16.0,0.6173613592982292,8.0,1.0,1.0,0.0,0.3828533366322517,0.005220639752224,8.0,8.0,6.970010221004486,6.970010221004486,4.851969659328461,4.851969659328461,1.015582449734211,7.197828608696e-07,7.090197095681577e-07,-6.1427984987756,-1.1968323123459554,below
data/transformers/runs_unified_vector_temp_jacobi/results.csv,unified_softmax_richardson,vector_temp_jacobi,row,weak_inverse,K16_cond1000_below_H1_dh8_jacobi_tau5.0_softmax_vector_projected,128,0.02,softmax_vector_projected,5.0,,,,0,,,,,,,,16.0,correlated,1000.0,1.0,32.0,1.0,8.0,8.0,coordinate,jacobi,none,context,2.7728063464164734,2.8378120064735413,1.0178649201989174,0.9942037388682364,0.0226593494880944,21.19571614265442,-0.475568525493145,0.2579345703125,0.5900974571704865,0.948974609375,0.5900974571704865,0.6850910037755966,0.7841623947024345,16.0,0.6177118420600891,8.0,1.0,1.0,0.0,602720.046875,538217.75390625,8.0,8.0,6.9634663462638855,6.9634663462638855,4.851969540119171,4.851969540119171,1.4211420714855194,2.7728063464164734,1.9508481471909136,0.4429195393869003,0.4529836218277889,below
data/transformers/runs_unified_vector_temp_jacobi/results.csv,unified_softmax_richardson,vector_temp_jacobi,row,weak_inverse,K16_cond1000_below_H1_dh8_jacobi_tau5.0_linear_richardson,128,0.02,linear_richardson,5.0,,,,0,,,,,,,,16.0,correlated,1000.0,1.0,32.0,1.0,8.0,8.0,coordinate,jacobi,none,context,2.7667779624462128,2.8293480277061462,1.0164379999041555,0.9898242205381392,0.0227987354155629,21.156529188156128,-0.4720623530447483,0.26513671875,0.5900834575295448,0.9488525390625,0.5900834649801254,0.684826135635376,0.7827532142400742,16.0,0.6174029260873795,8.0,1.0,1.0,0.0,603784.3125,539939.3359375,8.0,8.0,6.96563458442688,6.96563458442688,0.0,0.0,1.4177519530057907,2.7667779624462128,1.9514931560857935,0.441974307838608,0.4516863717114832,below
data/transformers/runs_unified_vector_temp_jacobi/results.csv,unified_softmax_richardson,vector_temp_jacobi,row,weak_inverse,K16_cond10_at_H1_dh16_jacobi_tau0.1_softmax_vector,128,0.02,softmax_vector,0.1,,,,0,,,,,,,,16.0,correlated,10.0,1.0,32.0,1.0,16.0,16.0,coordinate,jacobi,none,context,inf,inf,inf,inf,0.0225901287049055,inf,-0.4758521169424057,0.7503662109375,0.5846610590815544,0.952392578125,0.5924436748027802,0.7071476951241493,0.7974161580204964,16.0,0.604278177022934,16.0,1.0,1.0,1.0,85158.3544921875,inf,16.0,16.0,14.773454308509828,14.773454308509828,2.894706189632416,2.894706189632416,0.4017225317656994,inf,inf,inf,inf,at
data/transformers/runs_unified_vector_temp_jacobi/results.csv,unified_softmax_richardson,vector_temp_jacobi,row,weak_inverse,K16_cond10_at_H1_dh16_jacobi_tau0.1_softmax_vector_projected,128,0.02,softmax_vector_projected,0.1,,,,0,,,,,,,,16.0,correlated,10.0,1.0,32.0,1.0,16.0,16.0,coordinate,jacobi,none,context,1.698231679444974e+32,1.698231679444974e+32,1.7091509925510263e+32,1.7091509925510263e+32,0.0225552797783166,3.748833152394457e+33,-0.4777218326926231,0.7559814453125,0.5845518857240677,0.9521484375,0.5924555957317352,0.7077156081795692,0.7989469617605209,16.0,0.6040650382637978,16.0,1.0,1.0,1.0,84687.2255859375,inf,16.0,16.0,14.858446955680847,14.858446955680847,2.89731028676033,2.89731028676033,0.3977899551391601,1.698231679444974e+32,4.276627273873211e+32,32.229996938111064,32.229996938111064,at
data/transformers/runs_unified_vector_temp_jacobi/results.csv,unified_softmax_richardson,vector_temp_jacobi,row,weak_inverse,K16_cond10_at_H1_dh16_jacobi_tau0.1_linear_richardson,128,0.02,linear_richardson,0.1,,,,0,,,,,,,,16.0,correlated,10.0,1.0,32.0,1.0,16.0,16.0,coordinate,jacobi,none,context,6.677894001660967e-10,0.0046271145110949,0.0231543807312846,5.764102754129974e-10,0.0231545125134289,-0.4644723869860172,-0.464469701051712,0.9476318359375,0.5926168039441109,0.9476318359375,0.5926168113946915,0.7075650915503502,0.8022967204451561,16.0,0.6042682081460953,16.0,1.0,1.0,1.0,3.730657754941191e-09,1.0762340352243882e-08,16.0,16.0,14.817615628242493,14.817615628242493,0.0,0.0,0.2259791400283575,6.677894001660967e-10,2.949455824630814e-09,-9.175360478791545,-2.3346897525162493,at
data/transformers/runs_unified_vector_temp_jacobi/results.csv,unified_softmax_richardson,vector_temp_jacobi,row,weak_inverse,K16_cond10_at_H1_dh16_jacobi_tau0.2_softmax_vector,128,0.02,softmax_vector,0.2,,,,0,,,,,,,,16.0,correlated,10.0,1.0,32.0,1.0,16.0,16.0,coordinate,jacobi,none,context,84049434154.7853,84049434153.47491,144994336979.6137,144994336980.1012,0.0222779314499348,2846386921362.612,-0.4832535199820995,0.9468994140625,0.5925505012273788,0.9503173828125,0.5926276966929436,0.7069315761327744,0.7997210472822189,16.0,0.6049442663788795,16.0,1.0,1.0,1.0,17552.255737304688,2.7399021896623124e+16,16.0,16.0,14.815718173980711,14.815718173980711,4.137696444988251,4.137696444988251,0.2477977387607097,84049434154.7853,337020933488.2533,10.924534793988675,10.924534793981907,at
data/transformers/runs_unified_vector_temp_jacobi/results.csv,unified_softmax_richardson,vector_temp_jacobi,row,weak_inverse,K16_cond10_at_H1_dh16_jacobi_tau0.2_softmax_vector_projected,128,0.02,softmax_vector_projected,0.2,,,,0,,,,,,,,16.0,correlated,10.0,1.0,32.0,1.0,16.0,16.0,coordinate,jacobi,none,context,27139216.61037254,27139208.627953228,10701357.513220357,10701361.387963738,0.0232269365806132,243277654.03897625,-0.4626307114958763,0.94580078125,0.5926678627729416,0.949462890625,0.5926702842116356,0.7073995098471642,0.805292896926403,16.0,0.6042640805244446,16.0,1.0,1.0,1.0,18206.5927734375,20749748876874.65,16.0,16.0,14.823711395263672,14.823711395263672,4.136575639247894,4.136575639247894,0.2474084608256817,27139216.61037254,106261189.79674684,7.433597307336146,7.433597179597708,at
data/transformers/runs_unified_vector_temp_jacobi/results.csv,unified_softmax_richardson,vector_temp_jacobi,row,weak_inverse,K16_cond10_at_H1_dh16_jacobi_tau0.2_linear_richardson,128,0.02,linear_richardson,0.2,,,,0,,,,,,,,16.0,correlated,10.0,1.0,32.0,1.0,16.0,16.0,coordinate,jacobi,none,context,6.454039316872161e-10,0.0046346187591552,0.0226821065880358,4.080909204312588e-10,0.0226821552496403,-0.4743368700146675,-0.4743358716368675,0.9510498046875,0.5923733040690422,0.9510498046875,0.5923733115196228,0.7072311788797379,0.8051672875881195,16.0,0.6046259105205536,16.0,1.0,1.0,1.0,3.6730343488944332e-09,1.0832188257481334e-08,16.0,16.0,14.796163320541382,14.796163320541382,0.0,0.0,0.2259681839495897,6.454039316872161e-10,2.849127712490317e-09,-9.19016839327847,-2.333985984843072,at
data/transformers/runs_unified_vector_temp_jacobi/results.csv,unified_softmax_richardson,vector_temp_jacobi,row,weak_inverse,K16_cond10_at_H1_dh16_jacobi_tau0.5_softmax_vector,128,0.02,softmax_vector,0.5,,,,0,,,,,,,,16.0,correlated,10.0,1.0,32.0,1.0,16.0,16.0,coordinate,jacobi,none,context,7.336852922890102e-05,0.0046699381200596,0.0227981843054294,4.852249730902258e-05,0.0227626005653291,-0.4725895561277866,-0.4733492359519005,0.94970703125,0.5928160548210144,0.9503173828125,0.5928160548210144,0.7068699523806572,0.7985617816448212,16.0,0.6046127900481224,16.0,1.0,1.0,1.0,885.7379913330078,7.479482710361481,16.0,16.0,14.783215403556824,14.783215403556824,4.728620886802673,4.728620886802673,0.2237433604896068,7.336852922890102e-05,0.0003279321360805,-4.1344901868564605,-2.330688874100842,at
data/transformers/runs_unified_vector_temp_jacobi/results.csv,unified_softmax_richardson,vector_temp_jacobi,row,weak_inverse,K16_cond10_at_H1_dh16_jacobi_tau0.5_softmax_vector_projected,128,0.02,softmax_vector_projected,0.5,,,,0,,,,,,,,16.0,correlated,10.0,1.0,32.0,1.0,16.0,16.0,coordinate,jacobi,none,context,7.363839449681109e-05,0.0046805129386484,0.023063336731866,4.753242501465138e-05,0.0230002081952989,-0.4664400927722454,-0.4678348675370216,0.947998046875,0.5924772247672081,0.948486328125,0.5924772247672081,0.7064613625407219,0.8007276058197021,16.0,0.6056157723069191,16.0,1.0,1.0,1.0,888.5552444458008,7.495726466178894,16.0,16.0,14.732977867126465,14.732977867126465,4.728634357452393,4.728634357452393,0.2266271114349365,7.363839449681109e-05,0.0003250255788758,-4.132895688782588,-2.3297065498708287,at
data/transformers/runs_unified_vector_temp_jacobi/results.csv,unified_softmax_richardson,vector_temp_jacobi,row,weak_inverse,K16_cond10_at_H1_dh16_jacobi_tau0.5_linear_richardson,128,0.02,linear_richardson,0.5,,,,0,,,,,,,,16.0,correlated,10.0,1.0,32.0,1.0,16.0,16.0,coordinate,jacobi,none,context,5.675713093955537e-10,0.004613199387677,0.0228485802654176,3.0852137337944447e-10,0.0228486363776028,-0.4710432216525078,-0.4710418954491615,0.950439453125,0.5925160348415375,0.950439453125,0.5925160497426987,0.706591971218586,0.7997753843665123,16.0,0.6045208871364594,16.0,1.0,1.0,1.0,3.729422048959208e-09,1.0803931194125482e-08,16.0,16.0,14.80284595489502,14.80284595489502,0.0,0.0,0.2269736137241125,5.675713093955537e-10,2.481802165080824e-09,-9.245979566149936,-2.3359977742890807,at
data/transformers/runs_unified_vector_temp_jacobi/results.csv,unified_softmax_richardson,vector_temp_jacobi,row,weak_inverse,K16_cond10_at_H1_dh16_jacobi_tau1.0_softmax_vector,128,0.02,softmax_vector,1.0,,,,0,,,,,,,,16.0,correlated,10.0,1.0,32.0,1.0,16.0,16.0,coordinate,jacobi,none,context,1.6481693364767125e-05,0.0046509918756783,0.0228525139391422,1.0452711308062136e-05,0.0228245083708316,-0.4706450402736664,-0.4712599962949753,0.9527587890625,0.5925089120864868,0.95263671875,0.5925089120864868,0.7070549577474594,0.7979176193475723,16.0,0.6049179881811142,16.0,1.0,1.0,1.0,141.54294395446777,1.6300602108240128,16.0,16.0,14.828808069229126,14.828808069229126,4.8210784792900085,4.8210784792900085,0.2277219239622354,1.6481693364767125e-05,7.238340154750632e-05,-4.7829981699936575,-2.332454419110536,at
data/transformers/runs_unified_vector_temp_jacobi/results.csv,unified_softmax_richardson,vector_temp_jacobi,row,weak_inverse,K16_cond10_at_H1_dh16_jacobi_tau1.0_softmax_vector_projected,128,0.02,softmax_vector_projected,1.0,,,,0,,,,,,,,16.0,correlated,10.0,1.0,32.0,1.0,16.0,16.0,coordinate,jacobi,none,context,1.6602432197032613e-05,0.0046467640204355,0.0226015094667673,1.0572777455308824e-05,0.0225755791179835,-0.4764602333307266,-0.4770112484693527,0.949951171875,0.5923095420002937,0.949951171875,0.5923095420002937,0.7070482447743416,0.7961624190211296,16.0,0.6050023287534714,16.0,1.0,1.0,1.0,139.16006469726562,1.6407347917556765,16.0,16.0,14.816145300865172,14.816145300865172,4.821067035198212,4.821067035198212,0.2259560953825712,1.6602432197032613e-05,7.349100132323505e-05,-4.779828284708436,-2.332849382013261,at
data/transformers/runs_unified_vector_temp_jacobi/results.csv,unified_softmax_richardson,vector_temp_jacobi,row,weak_inverse,K16_cond10_at_H1_dh16_jacobi_tau1.0_linear_richardson,128,0.02,linear_richardson,1.0,,,,0,,,,,,,,16.0,correlated,10.0,1.0,32.0,1.0,16.0,16.0,coordinate,jacobi,none,context,6.616550189686431e-10,0.004592461802531,0.0230789186898618,3.3480231260984983e-10,0.0230788942426443,-0.4670078493654728,-0.4670083597302437,0.950927734375,0.592814177274704,0.950927734375,0.5928141698241234,0.7078008130192757,0.8045943230390549,16.0,0.6041279211640358,16.0,1.0,1.0,1.0,3.723891722762218e-09,1.0799455441024008e-08,16.0,16.0,14.788977265357971,14.788977265357971,0.0,0.0,0.2252248246222734,6.616550189686431e-10,2.933829622433841e-09,-9.1793683888228,-2.3379544472200817,at
data/transformers/runs_unified_vector_temp_jacobi/results.csv,unified_softmax_richardson,vector_temp_jacobi,row,weak_inverse,K16_cond10_at_H1_dh16_jacobi_tau2.0_softmax_vector,128,0.02,softmax_vector,2.0,,,,0,,,,,,,,16.0,correlated,10.0,1.0,32.0,1.0,16.0,16.0,coordinate,jacobi,none,context,4.021493282380106e-06,0.0046391755458898,0.0226680426858365,2.5587843595076265e-06,0.0226637690793722,-0.4752822071313858,-0.4753765389323234,0.94873046875,0.592676654458046,0.9488525390625,0.592676654458046,0.7072917595505714,0.7995245903730392,16.0,0.605111226439476,16.0,1.0,1.0,1.0,31.13809084892273,0.3956151008605957,16.0,16.0,14.791480302810667,14.791480302810667,4.844279408454895,4.844279408454895,0.2268443834036588,4.021493282380106e-06,1.772943400480088e-05,-5.395612652419027,-2.3335591935151165,at
data/transformers/runs_unified_vector_temp_jacobi/results.csv,unified_softmax_richardson,vector_temp_jacobi,row,weak_inverse,K16_cond10_at_H1_dh16_jacobi_tau2.0_softmax_vector_projected,128,0.02,softmax_vector_projected,2.0,,,,0,,,,,,,,16.0,correlated,10.0,1.0,32.0,1.0,16.0,16.0,coordinate,jacobi,none,context,4.058945648921508e-06,0.0046592787257395,0.0226602940820157,2.6788378022502e-06,0.0226581492461264,-0.474720899015665,-0.4747778065502643,0.9515380859375,0.5927981287240982,0.951416015625,0.5927981287240982,0.7069004252552986,0.7950444370508194,16.0,0.6047353073954582,16.0,1.0,1.0,1.0,30.75676655769348,0.3962297700345516,16.0,16.0,14.827545523643494,14.827545523643494,4.844278931617737,4.844278931617737,0.2265876550227403,4.058945648921508e-06,1.7913758979118577e-05,-5.3915867640390855,-2.331681308562316,at
data/transformers/runs_unified_vector_temp_jacobi/results.csv,unified_softmax_richardson,vector_temp_jacobi,row,weak_inverse,K16_cond10_at_H1_dh16_jacobi_tau2.0_linear_richardson,128,0.02,linear_richardson,2.0,,,,0,,,,,,,,16.0,correlated,10.0,1.0,32.0,1.0,16.0,16.0,coordinate,jacobi,none,context,5.018246096444301e-10,0.0046170755522325,0.0228225011378526,3.5750201063389215e-10,0.0228225023020058,-0.4715798869729042,-0.4715799763798713,0.949951171875,0.5925782844424248,0.949951171875,0.5925782769918442,0.7075995355844498,0.801692470908165,16.0,0.6039620712399483,16.0,1.0,1.0,1.0,3.655792890633336e-09,1.0836358477206431e-08,16.0,16.0,14.73330807685852,14.73330807685852,0.0,0.0,0.2263697516173124,5.018246096444301e-10,2.216788280256483e-09,-9.299448044554476,-2.3356330187455376,at
data/transformers/runs_unified_vector_temp_jacobi/results.csv,unified_softmax_richardson,vector_temp_jacobi,row,weak_inverse,K16_cond10_at_H1_dh16_jacobi_tau5.0_softmax_vector,128,0.02,softmax_vector,5.0,,,,0,,,,,,,,16.0,correlated,10.0,1.0,32.0,1.0,16.0,16.0,coordinate,jacobi,none,context,6.442409770102131e-07,0.004593692952767,0.0223899921402335,4.19897322245788e-07,0.0223902110010385,-0.4810090288519859,-0.4810057207942009,0.951171875,0.592547170817852,0.950927734375,0.592547170817852,0.7072208151221275,0.7970246821641922,16.0,0.6046387553215027,16.0,1.0,1.0,1.0,4.715034604072571,0.0631455820985138,16.0,16.0,14.82329523563385,14.82329523563385,4.850789666175842,4.850789666175842,0.2269625905901193,6.442409770102131e-07,2.839230679926036e-06,-6.190951655294894,-2.337838036867476,at
data/transformers/runs_unified_vector_temp_jacobi/results.csv,unified_softmax_richardson,vector_temp_jacobi,row,weak_inverse,K16_cond10_at_H1_dh16_jacobi_tau5.0_softmax_vector_projected,128,0.02,softmax_vector_projected,5.0,,,,0,,,,,,,,16.0,correlated,10.0,1.0,32.0,1.0,16.0,16.0,coordinate,jacobi,none,context,6.388414703906165e-07,0.0046326745650731,0.0225693522952497,4.23373666791349e-07,0.0225672149099409,-0.4778249636292457,-0.4778684750199318,0.9517822265625,0.5927301570773125,0.9520263671875,0.5927301496267319,0.7073701992630959,0.7993902936577797,16.0,0.6044375598430634,16.0,1.0,1.0,1.0,4.739970028400421,0.0627881530672311,16.0,16.0,14.839433193206789,14.839433193206789,4.85079038143158,4.85079038143158,0.227056622505188,6.388414703906165e-07,2.8141347486278006e-06,-6.194606899394508,-2.334168206931978,at
data/transformers/runs_unified_vector_temp_jacobi/results.csv,unified_softmax_richardson,vector_temp_jacobi,row,weak_inverse,K16_cond10_at_H1_dh16_jacobi_tau5.0_linear_richardson,128,0.02,linear_richardson,5.0,,,,0,,,,,,,,16.0,correlated,10.0,1.0,32.0,1.0,16.0,16.0,coordinate,jacobi,none,context,5.938317233777911e-10,0.0046026968047954,0.0227160574868321,4.16739543915301e-10,0.0227160884533077,-0.4747667126357555,-0.4747661687433719,0.9488525390625,0.5928316414356232,0.9488525390625,0.5928316488862038,0.7071376740932465,0.8027331903576851,16.0,0.6039540395140648,16.0,1.0,1.0,1.0,3.709243329153011e-09,1.0863130395222242e-08,16.0,16.0,14.854612708091736,14.854612708091736,0.0,0.0,0.2271387390792369,5.938317233777911e-10,2.6150872952852644e-09,-9.226336605460228,-2.3369876326100814,at
data/transformers/runs_unified_vector_temp_jacobi/results.csv,unified_softmax_richardson,vector_temp_jacobi,row,weak_inverse,K16_cond1000_at_H1_dh16_jacobi_tau0.1_softmax_vector,128,0.02,softmax_vector,0.1,,,,0,,,,,,,,16.0,correlated,1000.0,1.0,32.0,1.0,16.0,16.0,coordinate,jacobi,none,context,8.222029125520624e+29,8.222029125520624e+29,2.4530521565560868e+29,2.4530521565560868e+29,0.0224687552545219,5.533672798270665e+30,-0.4786745719611645,0.82958984375,0.5862679779529572,0.9541015625,0.5901459902524948,0.6853524371981621,0.7810486182570457,16.0,0.6167157962918282,16.0,1.0,1.0,1.0,141746.9853515625,inf,16.0,16.0,10.30494511127472,10.30494511127472,3.5913861095905304,3.5913861095905304,3.733776241540909,8.222029125520624e+29,2.4536988383367357e+29,29.91497901088151,29.91497901088151,at
data/transformers/runs_unified_vector_temp_jacobi/results.csv,unified_softmax_richardson,vector_temp_jacobi,row,weak_inverse,K16_cond1000_at_H1_dh16_jacobi_tau0.1_softmax_vector_projected,128,0.02,softmax_vector_projected,0.1,,,,0,,,,,,,,16.0,correlated,1000.0,1.0,32.0,1.0,16.0,16.0,coordinate,jacobi,none,context,7.019177928982851e+25,7.019177928982851e+25,8.562523351933638e+24,8.562523351933638e+24,0.0224018532317131,1.8937215845447272e+26,-0.4808780066668987,0.82666015625,0.5855137407779694,0.9539794921875,0.5899524688720703,0.6850888282060623,0.7802515551447868,16.0,0.6173083931207657,16.0,1.0,1.0,1.0,146398.26171875,6.405798764232081e+30,16.0,16.0,10.255654096603394,10.255654096603394,3.590981185436249,3.590981185436249,3.8317798376083374,7.019177928982851e+25,1.8475919318975883e+25,25.846286251472765,25.846286251472765,at
data/transformers/runs_unified_vector_temp_jacobi/results.csv,unified_softmax_richardson,vector_temp_jacobi,row,weak_inverse,K16_cond1000_at_H1_dh16_jacobi_tau0.1_linear_richardson,128,0.02,linear_richardson,0.1,,,,0,,,,,,,,16.0,correlated,1000.0,1.0,32.0,1.0,16.0,16.0,coordinate,jacobi,none,context,1.3335884965770541e-09,0.0641010496765375,0.0224672376643866,1.1510745828724467e-10,0.0224672930780798,-0.4797547273337841,-0.4797536432743072,0.9537353515625,0.5903774201869965,0.9537353515625,0.5903774201869965,0.6849554553627968,0.7880715727806091,16.0,0.6175107806921005,16.0,1.0,1.0,1.0,8.135097373518363e-09,2.398194332009496e-08,16.0,16.0,10.26057755947113,10.26057755947113,0.0,0.0,1.0157080814242363,1.3335884965770541e-09,1.3188944655081514e-09,-8.874978159351809,-1.1931348587027817,at
data/transformers/runs_unified_vector_temp_jacobi/results.csv,unified_softmax_richardson,vector_temp_jacobi,row,weak_inverse,K16_cond1000_at_H1_dh16_jacobi_tau0.2_softmax_vector,128,0.02,softmax_vector,0.2,,,,0,,,,,,,,16.0,correlated,1000.0,1.0,32.0,1.0,16.0,16.0,coordinate,jacobi,none,context,2.10814941094981e+16,2.10814941094981e+16,5585463408548345.0,5585463408548341.0,0.0231288089416921,1.2974784488754547e+17,-0.4643707945942879,0.939208984375,0.5897189751267433,0.9488525390625,0.5900148004293442,0.6851634383201599,0.7866644561290741,16.0,0.6173708513379097,16.0,1.0,1.0,1.0,70573.77001953125,1.864344608853456e+22,16.0,16.0,10.252967238426208,10.252967238426208,4.264276206493378,4.264276206493378,2.18613663315773,2.10814941094981e+16,9703094859287412.0,16.323901387399886,16.323901387399886,at
data/transformers/runs_unified_vector_temp_jacobi/results.csv,unified_softmax_richardson,vector_temp_jacobi,row,weak_inverse,K16_cond1000_at_H1_dh16_jacobi_tau0.2_softmax_vector_projected,128,0.02,softmax_vector_projected,0.2,,,,0,,,,,,,,16.0,correlated,1000.0,1.0,32.0,1.0,16.0,16.0,coordinate,jacobi,none,context,7.124730635922746e+17,7.12473063592274e+17,1.8733164801735805e+17,1.8733164801735814e+17,0.0224403450265526,4.016532445014544e+18,-0.4800584018230438,0.940673828125,0.5903176814317703,0.951416015625,0.5904245749115944,0.6849217787384987,0.7818569764494896,16.0,0.6173662468791008,16.0,1.0,1.0,1.0,70259.21240234375,9.70222943104308e+22,16.0,16.0,10.31758999824524,10.31758999824524,4.266076028347015,4.266076028347015,2.119332566857338,7.124730635922746e+17,3.236757410130278e+17,17.852768449656864,17.852768449656864,at
data/transformers/runs_unified_vector_temp_jacobi/results.csv,unified_softmax_richardson,vector_temp_jacobi,row,weak_inverse,K16_cond1000_at_H1_dh16_jacobi_tau0.2_linear_richardson,128,0.02,linear_richardson,0.2,,,,0,,,,,,,,16.0,correlated,1000.0,1.0,32.0,1.0,16.0,16.0,coordinate,jacobi,none,context,8.090549688533065e-10,0.0638228873722255,0.0224272694904357,6.233479357686811e-11,0.0224272259511053,-0.4801074601709842,-0.4801084361970424,0.9486083984375,0.5902683287858963,0.9486083984375,0.5902683138847351,0.6854881346225739,0.7810529917478561,16.0,0.617411233484745,16.0,1.0,1.0,1.0,8.680161367458084e-09,2.4305980339534017e-08,16.0,16.0,10.259135961532593,10.259135961532593,0.0,0.0,1.037487342953682,8.090549688533065e-10,7.821383706152867e-10,-9.092021970527814,-1.1950235520469383,at
data/transformers/runs_unified_vector_temp_jacobi/results.csv,unified_softmax_richardson,vector_temp_jacobi,row,weak_inverse,K16_cond1000_at_H1_dh16_jacobi_tau0.5_softmax_vector,128,0.02,softmax_vector,0.5,,,,0,,,,,,,,16.0,correlated,1000.0,1.0,32.0,1.0,16.0,16.0,coordinate,jacobi,none,context,0.0009080865202122,0.0652975384145975,0.0223471347708255,5.225510994932847e-05,0.022304366575554,-0.4823681302368641,-0.4833230413496494,0.95263671875,0.5900754556059837,0.9527587890625,0.5900754481554031,0.6853286102414131,0.7837877720594406,16.0,0.6173680871725082,16.0,1.0,1.0,1.0,5735.9951171875,12.898510694503784,16.0,16.0,10.329256772994995,10.329256772994995,4.730445384979248,4.730445384979248,1.16549451649189,0.0009080865202122,0.0007799631979338,-3.041872771015641,-1.1851031904417308,at
data/transformers/runs_unified_vector_temp_jacobi/results.csv,unified_softmax_richardson,vector_temp_jacobi,row,weak_inverse,K16_cond1000_at_H1_dh16_jacobi_tau0.5_softmax_vector_projected,128,0.02,softmax_vector_projected,0.5,,,,0,,,,,,,,16.0,correlated,1000.0,1.0,32.0,1.0,16.0,16.0,coordinate,jacobi,none,context,0.0009171232231892,0.0645563947036862,0.0223877341486513,5.2774694722756976e-05,0.0223484537564218,-0.4812884293496609,-0.4821646399796009,0.9510498046875,0.5900783762335777,0.9510498046875,0.5900783687829971,0.6857661530375481,0.7855434343218803,16.0,0.6172512620687485,16.0,1.0,1.0,1.0,6101.096740722656,12.95971179008484,16.0,16.0,10.355147123336792,10.355147123336792,4.730233430862427,4.730233430862427,1.1754848957061768,0.0009171232231892,0.0007806009256163,-3.037572309307215,-1.1900607317558678,at
data/transformers/runs_unified_vector_temp_jacobi/results.csv,unified_softmax_richardson,vector_temp_jacobi,row,weak_inverse,K16_cond1000_at_H1_dh16_jacobi_tau0.5_linear_richardson,128,0.02,linear_richardson,0.5,,,,0,,,,,,,,16.0,correlated,1000.0,1.0,32.0,1.0,16.0,16.0,coordinate,jacobi,none,context,8.416218208462388e-10,0.0626361551694572,0.0226364198606461,5.228225101114314e-11,0.0226364121772348,-0.4760353676974773,-0.4760354980826378,0.948974609375,0.5901084095239639,0.948974609375,0.5901084020733833,0.6852953359484673,0.7770511209964752,16.0,0.6174236238002777,16.0,1.0,1.0,1.0,8.167745924048121e-09,2.4596488845674006e-08,16.0,16.0,10.299110174179075,10.299110174179075,0.0,0.0,1.0434174239635468,8.416218208462388e-10,8.061139487865944e-10,-9.074883013030806,-1.2031749086757888,at
data/transformers/runs_unified_vector_temp_jacobi/results.csv,unified_softmax_richardson,vector_temp_jacobi,row,weak_inverse,K16_cond1000_at_H1_dh16_jacobi_tau1.0_softmax_vector,128,0.02,softmax_vector,1.0,,,,0,,,,,,,,16.0,correlated,1000.0,1.0,32.0,1.0,16.0,16.0,coordinate,jacobi,none,context,0.0001843020563683,0.0642789723351597,0.0229190443642437,1.0573851341177942e-05,0.0229320065118372,-0.4691924378275871,-0.4689060039818287,0.9476318359375,0.590029239654541,0.947509765625,0.5900292322039604,0.6850136443972588,0.7815742120146751,16.0,0.6176895722746849,16.0,1.0,1.0,1.0,495.8794670104981,2.2955175042152405,16.0,16.0,10.386647820472716,10.386647820472716,4.821122527122498,4.821122527122498,1.067857265472412,0.0001843020563683,0.000172814080366,-3.734469819070489,-1.1919310751684478,at
data/transformers/runs_unified_vector_temp_jacobi/results.csv,unified_softmax_richardson,vector_temp_jacobi,row,weak_inverse,K16_cond1000_at_H1_dh16_jacobi_tau1.0_softmax_vector_projected,128,0.02,softmax_vector_projected,1.0,,,,0,,,,,,,,16.0,correlated,1000.0,1.0,32.0,1.0,16.0,16.0,coordinate,jacobi,none,context,0.0001838912940002,0.0638274583034217,0.0226163999177515,1.0436211368869408e-05,0.0226030356716364,-0.4758511930704117,-0.4761386588215828,0.9521484375,0.5903805643320084,0.9530029296875,0.5903805643320084,0.6855626776814461,0.7842833623290062,16.0,0.6167281568050385,16.0,1.0,1.0,1.0,495.7134475708008,2.2502424716949463,16.0,16.0,10.350163102149963,10.350163102149963,4.821146368980408,4.821146368980408,1.0743882805109024,0.0001838912940002,0.0001712914946392,-3.7354388311598057,-1.1949924494253823,at
data/transformers/runs_unified_vector_temp_jacobi/results.csv,unified_softmax_richardson,vector_temp_jacobi,row,weak_inverse,K16_cond1000_at_H1_dh16_jacobi_tau1.0_linear_richardson,128,0.02,linear_richardson,1.0,,,,0,,,,,,,,16.0,correlated,1000.0,1.0,32.0,1.0,16.0,16.0,coordinate,jacobi,none,context,7.772862492538835e-10,0.0637361388653516,0.0224221118260175,6.231291155810169e-11,0.0224221085663884,-0.4800900183618068,-0.4800901040434837,0.9512939453125,0.5902660042047501,0.9512939453125,0.5902660191059113,0.6854236125946045,0.7787681743502617,16.0,0.6173098683357239,16.0,1.0,1.0,1.0,8.366645820601093e-09,2.4448391977571763e-08,16.0,16.0,10.290484070777891,10.290484070777891,0.0,0.0,1.0338830947875977,7.772862492538835e-10,7.531949402797511e-10,-9.109419015204566,-1.1956142496207267,at
data/transformers/runs_unified_vector_temp_jacobi/results.csv,unified_softmax_richardson,vector_temp_jacobi,row,weak_inverse,K16_cond1000_at_H1_dh16_jacobi_tau2.0_softmax_vector,128,0.02,softmax_vector,2.0,,,,0,,,,,,,,16.0,correlated,1000.0,1.0,32.0,1.0,16.0,16.0,coordinate,jacobi,none,context,4.3015492337872274e-05,0.0641506751999259,0.0224548545666039,2.3528122881089075e-06,0.0224521060008555,-0.4793339520692825,-0.4793943166732788,0.9512939453125,0.5898522436618805,0.9510498046875,0.5898522362112999,0.684611439704895,0.7835208252072334,16.0,0.6178402751684189,16.0,1.0,1.0,1.0,68.46489524841309,0.5034959204494953,16.0,16.0,10.360416769981384,10.360416769981384,4.844282805919647,4.844282805919647,1.0476724430918694,4.3015492337872274e-05,4.111340354118953e-05,-4.366375101976393,-1.192798768220326,at
data/transformers/runs_unified_vector_temp_jacobi/results.csv,unified_softmax_richardson,vector_temp_jacobi,row,weak_inverse,K16_cond1000_at_H1_dh16_jacobi_tau2.0_softmax_vector_projected,128,0.02,softmax_vector_projected,2.0,,,,0,,,,,,,,16.0,correlated,1000.0,1.0,32.0,1.0,16.0,16.0,coordinate,jacobi,none,context,4.310075883040554e-05,0.0632391683757305,0.022593280300498,2.4261520366053446e-06,0.0225896702613681,-0.4765493273735046,-0.4766281954944134,0.948974609375,0.5899085178971291,0.94873046875,0.5899085178971291,0.6850785538554192,0.7877172082662582,16.0,0.617255225777626,16.0,1.0,1.0,1.0,66.67298746109009,0.518974207341671,16.0,16.0,10.308848977088928,10.308848977088928,4.844272136688232,4.844272136688232,1.0316926538944244,4.310075883040554e-05,4.180381045742603e-05,-4.365515083598973,-1.1990138498752811,at
data/transformers/runs_unified_vector_temp_jacobi/results.csv,unified_softmax_richardson,vector_temp_jacobi,row,weak_inverse,K16_cond1000_at_H1_dh16_jacobi_tau2.0_linear_richardson,128,0.02,linear_richardson,2.0,,,,0,,,,,,,,16.0,correlated,1000.0,1.0,32.0,1.0,16.0,16.0,coordinate,jacobi,none,context,1.4308518120342841e-09,0.063411109149456,0.0218915482982993,7.619921013612974e-11,0.0218915743753314,-0.4917244762182235,-0.4917239025235176,0.950439453125,0.5900822952389717,0.950439453125,0.5900823101401329,0.6852762475609779,0.7867320850491524,16.0,0.6173948720097542,16.0,1.0,1.0,1.0,8.595756828544411e-09,2.380101982168981e-08,16.0,16.0,10.307316899299622,10.307316899299622,0.0,0.0,1.0437899231910706,1.4308518120342841e-09,1.3573037573232362e-09,-8.84440534216496,-1.1978346503254884,at
data/transformers/runs_unified_vector_temp_jacobi/results.csv,unified_softmax_richardson,vector_temp_jacobi,row,weak_inverse,K16_cond1000_at_H1_dh16_jacobi_tau5.0_softmax_vector,128,0.02,softmax_vector,5.0,,,,0,,,,,,,,16.0,correlated,1000.0,1.0,32.0,1.0,16.0,16.0,coordinate,jacobi,none,context,6.798020990572695e-06,0.0647598761133849,0.0216499601956456,3.8022227144551845e-07,0.0216516540385782,-0.4977218322455883,-0.4976875595748424,0.9560546875,0.5901836976408958,0.9560546875,0.5901837050914764,0.6850415021181107,0.779787540435791,16.0,0.6173457279801369,16.0,1.0,1.0,1.0,7.766847431659698,0.0802525756880641,16.0,16.0,10.334800124168396,10.334800124168396,4.850789904594421,4.850789904594421,1.0285692438483238,6.798020990572695e-06,6.616629947368035e-06,-5.167617498759164,-1.1886939907297318,at
data/transformers/runs_unified_vector_temp_jacobi/results.csv,unified_softmax_richardson,vector_temp_jacobi,row,weak_inverse,K16_cond1000_at_H1_dh16_jacobi_tau5.0_softmax_vector_projected,128,0.02,softmax_vector_projected,5.0,,,,0,,,,,,,,16.0,correlated,1000.0,1.0,32.0,1.0,16.0,16.0,coordinate,jacobi,none,context,6.738850117926631e-06,0.0638565490953624,0.0227707710582762,3.6646887480173973e-07,0.0227708846796304,-0.4730414301156997,-0.4730385020375252,0.9505615234375,0.5901717320084572,0.95068359375,0.5901717469096184,0.6850928887724876,0.7756929025053978,16.0,0.6170790493488312,16.0,1.0,1.0,1.0,8.20855700969696,0.077031897380948,16.0,16.0,10.456108689308168,10.456108689308168,4.850789666175842,4.850789666175842,1.028080731630325,6.738850117926631e-06,6.56342703762866e-06,-5.171414202877634,-1.1947945550940555,at
data/transformers/runs_unified_vector_temp_jacobi/results.csv,unified_softmax_richardson,vector_temp_jacobi,row,weak_inverse,K16_cond1000_at_H1_dh16_jacobi_tau5.0_linear_richardson,128,0.02,linear_richardson,5.0,,,,0,,,,,,,,16.0,correlated,1000.0,1.0,32.0,1.0,16.0,16.0,coordinate,jacobi,none,context,9.389132318848856e-10,0.0640448546037077,0.0224289672914892,5.2350770853720745e-11,0.0224289686884731,-0.4809876568615436,-0.4809875823557377,0.948974609375,0.5899922847747803,0.948974609375,0.5899922847747803,0.6851314604282379,0.789817787706852,16.0,0.6176485568284988,16.0,1.0,1.0,1.0,8.18068757180157e-09,2.3748040645088512e-08,16.0,16.0,10.327887654304504,10.327887654304504,0.0,0.0,1.0188986212015152,9.389132318848856e-10,9.249181266678003e-10,-9.02737454048655,-1.1935157559580092,at
data/transformers/runs_unified_vector_temp_jacobi/results.csv,unified_softmax_richardson,vector_temp_jacobi,row,weak_inverse,K16_cond10_above_H1_dh32_jacobi_tau0.1_softmax_vector,128,0.02,softmax_vector,0.1,,,,0,,,,,,,,16.0,correlated,10.0,1.0,32.0,1.0,32.0,32.0,coordinate,jacobi,none,context,153233444240517.44,153233444240517.53,33060427035095.43,33060427035096.6,0.023758610477671,715374722220988.2,-0.4517199546098709,0.93798828125,0.5926492139697075,0.9439697265625,0.5927216336131096,0.7072407230734825,0.8060042709112167,16.0,0.6044232696294785,16.0,1.0,1.0,1.0,21042.5458984375,4.647315044323487e+19,16.0,16.0,14.78125286102295,14.78125286102295,3.875340402126312,3.875340402126312,0.2615311592817306,153233444240517.44,580343565830943.6,14.185353563364083,14.185353563364089,above
data/transformers/runs_unified_vector_temp_jacobi/results.csv,unified_softmax_richardson,vector_temp_jacobi,row,weak_inverse,K16_cond10_above_H1_dh32_jacobi_tau0.1_softmax_vector_projected,128,0.02,softmax_vector_projected,0.1,,,,0,,,,,,,,16.0,correlated,10.0,1.0,32.0,1.0,32.0,32.0,coordinate,jacobi,none,context,5.1068634868902976e+17,5.1068634868902976e+17,9.053203005523962e+17,9.053203005523962e+17,0.0230779089033603,2.1357801080254267e+19,-0.4660138227045536,0.9432373046875,0.5923561677336693,0.948974609375,0.5924986749887466,0.7068234011530876,0.7993112802505493,16.0,0.6046759188175201,16.0,1.0,1.0,1.0,20727.484375,3.7887907993777534e+23,16.0,16.0,14.806398630142212,14.806398630142212,3.87525737285614,3.87525737285614,0.2618617005646229,5.1068634868902976e+17,1.9163499136243983e+18,17.708154248753786,17.708154248753786,above
data/transformers/runs_unified_vector_temp_jacobi/results.csv,unified_softmax_richardson,vector_temp_jacobi,row,weak_inverse,K16_cond10_above_H1_dh32_jacobi_tau0.1_linear_richardson,128,0.02,linear_richardson,0.1,,,,0,,,,,,,,16.0,correlated,10.0,1.0,32.0,1.0,32.0,32.0,coordinate,jacobi,none,context,6.62298424436436e-10,0.0046032029786147,0.0228799798060208,7.224199068817104e-10,0.0228798233438283,-0.4699378386139869,-0.4699411019682884,0.9486083984375,0.5926013961434364,0.9486083984375,0.5926013961434364,0.7067460939288139,0.8034386783838272,16.0,0.6046972051262856,16.0,1.0,1.0,1.0,3.650296148682841e-09,1.0833245189800778e-08,16.0,16.0,14.784638166427612,14.784638166427612,0.0,0.0,0.2254222184419632,6.62298424436436e-10,2.930429973334373e-09,-9.178946278109349,-2.3369398744328254,above
data/transformers/runs_unified_vector_temp_jacobi/results.csv,unified_softmax_richardson,vector_temp_jacobi,row,weak_inverse,K16_cond10_above_H1_dh32_jacobi_tau0.2_softmax_vector,128,0.02,softmax_vector,0.2,,,,0,,,,,,,,16.0,correlated,10.0,1.0,32.0,1.0,32.0,32.0,coordinate,jacobi,none,context,0.0001921723687701,0.0047912059235386,0.0224137958139181,0.0001323180295003,0.0223384941928088,-0.4808677993714809,-0.48249327018857,0.9512939453125,0.5924426019191742,0.9505615234375,0.5924425944685936,0.7070614621043205,0.8022034019231796,16.0,0.6045306995511055,16.0,1.0,1.0,1.0,4533.350891113281,22.245423555374146,16.0,16.0,14.8185693025589,14.8185693025589,4.493980824947357,4.493980824947357,0.2272280715405941,0.0001921723687701,0.0008459252933423,-3.716309056591165,-2.319555162989768,above
data/transformers/runs_unified_vector_temp_jacobi/results.csv,unified_softmax_richardson,vector_temp_jacobi,row,weak_inverse,K16_cond10_above_H1_dh32_jacobi_tau0.2_softmax_vector_projected,128,0.02,softmax_vector_projected,0.2,,,,0,,,,,,,,16.0,correlated,10.0,1.0,32.0,1.0,32.0,32.0,coordinate,jacobi,none,context,0.0001910179889819,0.0047980741364881,0.0228891905862838,0.0001300006415476,0.0227462963666766,-0.4706500843167305,-0.4737320244312286,0.95068359375,0.5928081274032593,0.950927734375,0.5928081199526787,0.7071614041924477,0.8024816885590553,16.0,0.6044876202940941,16.0,1.0,1.0,1.0,4466.68798828125,22.025294542312626,16.0,16.0,14.792554020881653,14.792554020881653,4.494444966316223,4.494444966316223,0.2279462814331054,0.0001910179889819,0.0008380094456411,-3.71892573145542,-2.318933045901544,above
data/transformers/runs_unified_vector_temp_jacobi/results.csv,unified_softmax_richardson,vector_temp_jacobi,row,weak_inverse,K16_cond10_above_H1_dh32_jacobi_tau0.2_linear_richardson,128,0.02,linear_richardson,0.2,,,,0,,,,,,,,16.0,correlated,10.0,1.0,32.0,1.0,32.0,32.0,coordinate,jacobi,none,context,5.029302634074194e-10,0.004600993648637,0.0230516141746193,2.6592539108249986e-10,0.0230516144074499,-0.4670400731265545,-0.4670400097966194,0.9493408203125,0.5923533216118813,0.9493408203125,0.5923533216118813,0.7070799991488457,0.80010636895895,16.0,0.6047290340065956,16.0,1.0,1.0,1.0,3.670012266310252e-09,1.0752042256534368e-08,16.0,16.0,14.841904640197754,14.841904640197754,0.0,0.0,0.2276270687580108,5.029302634074194e-10,2.207686670310107e-09,-9.29849223028602,-2.3371483662491723,above
data/transformers/runs_unified_vector_temp_jacobi/results.csv,unified_softmax_richardson,vector_temp_jacobi,row,weak_inverse,K16_cond10_above_H1_dh32_jacobi_tau0.5_softmax_vector,128,0.02,softmax_vector,0.5,,,,0,,,,,,,,16.0,correlated,10.0,1.0,32.0,1.0,32.0,32.0,coordinate,jacobi,none,context,1.8543020360084483e-05,0.0046335568185895,0.0228453062009066,1.2201303889014524e-05,0.0228303931653499,-0.4705302864313125,-0.4708563275635242,0.9490966796875,0.592536948621273,0.9493408203125,0.5925369411706924,0.707426019012928,0.8009375184774399,16.0,0.6041819304227829,16.0,1.0,1.0,1.0,223.3920993804932,1.90778486430645,16.0,16.0,14.759052276611328,14.759052276611328,4.790392994880676,4.790392994880676,0.2250397056341171,1.8543020360084483e-05,8.241636593266858e-05,-4.7318195248364665,-2.334085507111709,above
data/transformers/runs_unified_vector_temp_jacobi/results.csv,unified_softmax_richardson,vector_temp_jacobi,row,weak_inverse,K16_cond10_above_H1_dh32_jacobi_tau0.5_softmax_vector_projected,128,0.02,softmax_vector_projected,0.5,,,,0,,,,,,,,16.0,correlated,10.0,1.0,32.0,1.0,32.0,32.0,coordinate,jacobi,none,context,1.8443380440658075e-05,0.0046438854187726,0.0233390496578067,1.1964856071244869e-05,0.023325185291469,-0.4599208906292915,-0.4602154456079006,0.9473876953125,0.5929520726203918,0.948486328125,0.5929520726203918,0.7070574685931206,0.8059649392962456,16.0,0.6048777848482132,16.0,1.0,1.0,1.0,218.2272834777832,1.9057923555374143,16.0,16.0,14.811830759048462,14.811830759048462,4.790413439273834,4.790413439273834,0.2256101779639721,1.8443380440658075e-05,8.176016250202557e-05,-4.734159475246967,-2.333118504396135,above
data/transformers/runs_unified_vector_temp_jacobi/results.csv,unified_softmax_richardson,vector_temp_jacobi,row,weak_inverse,K16_cond10_above_H1_dh32_jacobi_tau0.5_linear_richardson,128,0.02,linear_richardson,0.5,,,,0,,,,,,,,16.0,correlated,10.0,1.0,32.0,1.0,32.0,32.0,coordinate,jacobi,none,context,5.382876956672167e-10,0.0045972821535542,0.0229773754253983,3.6447795476179934e-10,0.0229774042963981,-0.4686148948967457,-0.4686142094433307,0.950927734375,0.5924612060189247,0.950927734375,0.5924612134695053,0.7075715139508247,0.7997371554374695,16.0,0.6043967455625534,16.0,1.0,1.0,1.0,3.778100027274078e-09,1.0862130861433172e-08,16.0,16.0,14.848430395126345,14.848430395126345,0.0,0.0,0.2258970998227596,5.382876956672167e-10,2.38189319306041e-09,-9.26898554729727,-2.33749884104602,above
data/transformers/runs_unified_vector_temp_jacobi/results.csv,unified_softmax_richardson,vector_temp_jacobi,row,weak_inverse,K16_cond10_above_H1_dh32_jacobi_tau1.0_softmax_vector,128,0.02,softmax_vector,1.0,,,,0,,,,,,,,16.0,correlated,10.0,1.0,32.0,1.0,32.0,32.0,coordinate,jacobi,none,context,4.165597601968329e-06,0.0046176928444765,0.022491700714454,2.7385225109810563e-06,0.0224967615213245,-0.478853240609169,-0.478739645332098,0.950439453125,0.5924095138907433,0.949951171875,0.5924095213413239,0.7072677761316299,0.803668737411499,16.0,0.6046385318040848,16.0,1.0,1.0,1.0,35.32602548599243,0.4147732034325599,16.0,16.0,14.814289212226868,14.814289212226868,4.836541593074799,4.836541593074799,0.2239235416054725,4.165597601968329e-06,1.860806039960437e-05,-5.3803226853449,-2.3355749584663474,above
data/transformers/runs_unified_vector_temp_jacobi/results.csv,unified_softmax_richardson,vector_temp_jacobi,row,weak_inverse,K16_cond10_above_H1_dh32_jacobi_tau1.0_softmax_vector_projected,128,0.02,softmax_vector_projected,1.0,,,,0,,,,,,,,16.0,correlated,10.0,1.0,32.0,1.0,32.0,32.0,coordinate,jacobi,none,context,4.134272046485421e-06,0.0046100668841972,0.0228973696939647,2.6389010088223586e-06,0.0228953552432358,-0.4697595126926899,-0.4698020331561565,0.9505615234375,0.5927335172891617,0.950927734375,0.5927335396409035,0.7073695957660675,0.8028592094779015,16.0,0.6044320240616798,16.0,1.0,1.0,1.0,35.5508017539978,0.4134467430412769,16.0,16.0,14.8465313911438,14.8465313911438,4.836546063423157,4.836546063423157,0.225987259298563,4.134272046485421e-06,1.8302939841975687e-05,-5.383600948995593,-2.336292773693412,above
data/transformers/runs_unified_vector_temp_jacobi/results.csv,unified_softmax_richardson,vector_temp_jacobi,row,weak_inverse,K16_cond10_above_H1_dh32_jacobi_tau1.0_linear_richardson,128,0.02,linear_richardson,1.0,,,,0,,,,,,,,16.0,correlated,10.0,1.0,32.0,1.0,32.0,32.0,coordinate,jacobi,none,context,5.778855449722896e-10,0.0046325058210641,0.0230028193909674,4.0226529746112405e-10,0.0230028093792498,-0.4681138768792152,-0.4681139923632145,0.946044921875,0.5929412171244621,0.946044921875,0.5929412096738815,0.7072497233748436,0.8083163276314735,16.0,0.6044140234589577,16.0,1.0,1.0,1.0,3.689963806730033e-09,1.0875682132649445e-08,16.0,16.0,14.834962964057922,14.834962964057922,0.0,0.0,0.2253183498978614,5.778855449722896e-10,2.572432922705813e-09,-9.238158168688631,-2.334184026287654,above
data/transformers/runs_unified_vector_temp_jacobi/results.csv,unified_softmax_richardson,vector_temp_jacobi,row,weak_inverse,K16_cond10_above_H1_dh32_jacobi_tau2.0_softmax_vector,128,0.02,softmax_vector,2.0,,,,0,,,,,,,,16.0,correlated,10.0,1.0,32.0,1.0,32.0,32.0,coordinate,jacobi,none,context,1.0075280272303644e-06,0.0046149505651555,0.0227088087704032,6.477910901026007e-07,0.0227096704766154,-0.4736531712114811,-0.4736324660480022,0.950927734375,0.592382900416851,0.950927734375,0.5923828929662704,0.7075587585568428,0.802516482770443,16.0,0.6039188578724861,16.0,1.0,1.0,1.0,7.849563956260681,0.1004202179610729,16.0,16.0,14.81313669681549,14.81313669681549,4.848153710365295,4.848153710365295,0.227129491046071,1.0075280272303644e-06,4.4372801188227e-06,-5.996742863894358,-2.3358329467280208,above
data/transformers/runs_unified_vector_temp_jacobi/results.csv,unified_softmax_richardson,vector_temp_jacobi,row,weak_inverse,K16_cond10_above_H1_dh32_jacobi_tau2.0_softmax_vector_projected,128,0.02,softmax_vector_projected,2.0,,,,0,,,,,,,,16.0,correlated,10.0,1.0,32.0,1.0,32.0,32.0,coordinate,jacobi,none,context,1.0086250341601044e-06,0.0045963679440319,0.0230548430699855,6.325153449893151e-07,0.0230600342620164,-0.4665157422423363,-0.4664040170609951,0.9517822265625,0.5925237387418747,0.951171875,0.5925237387418747,0.7070233598351479,0.7994542717933655,16.0,0.6046751663088799,16.0,1.0,1.0,1.0,7.774498820304871,0.0986327547580003,16.0,16.0,14.79518449306488,14.79518449306488,4.848154067993164,4.848154067993164,0.2279103249311447,1.0086250341601044e-06,4.426909340160502e-06,-5.996270256816716,-2.337585212867426,above
data/transformers/runs_unified_vector_temp_jacobi/results.csv,unified_softmax_richardson,vector_temp_jacobi,row,weak_inverse,K16_cond10_above_H1_dh32_jacobi_tau2.0_linear_richardson,128,0.02,linear_richardson,2.0,,,,0,,,,,,,,16.0,correlated,10.0,1.0,32.0,1.0,32.0,32.0,coordinate,jacobi,none,context,5.756683463253863e-10,0.0046208369312807,0.0232434251811355,3.7116435272488414e-10,0.023243464063853,-0.4626531638205051,-0.4626524113118648,0.9464111328125,0.5924282297492027,0.9464111328125,0.5924282148480415,0.7071346640586853,0.8015808686614037,16.0,0.6046556234359741,16.0,1.0,1.0,1.0,3.790487368426909e-09,1.0861021193520061e-08,16.0,16.0,14.80486822128296,14.80486822128296,0.0,0.0,0.2273303400725126,5.756683463253863e-10,2.5269971110015046e-09,-9.239827649985818,-2.3352793574052337,above
data/transformers/runs_unified_vector_temp_jacobi/results.csv,unified_softmax_richardson,vector_temp_jacobi,row,weak_inverse,K16_cond10_above_H1_dh32_jacobi_tau5.0_softmax_vector,128,0.02,softmax_vector,5.0,,,,0,,,,,,,,16.0,correlated,10.0,1.0,32.0,1.0,32.0,32.0,coordinate,jacobi,none,context,1.5961266619513029e-07,0.0046116061857901,0.022055156994611,1.0210147216582754e-07,0.0220562708564102,-0.4887477345764637,-0.4887253195047378,0.94970703125,0.5925623029470444,0.9498291015625,0.5925623029470444,0.7077369764447212,0.8008636087179184,16.0,0.6040981486439705,16.0,1.0,1.0,1.0,1.181708350777626,0.0157622698461636,16.0,16.0,14.819108963012695,14.819108963012695,4.851409912109375,4.851409912109375,0.225830640643835,1.5961266619513029e-07,7.069820056950717e-07,-6.79693264781998,-2.336147786945584,above
data/transformers/runs_unified_vector_temp_jacobi/results.csv,unified_softmax_richardson,vector_temp_jacobi,row,weak_inverse,K16_cond10_above_H1_dh32_jacobi_tau5.0_softmax_vector_projected,128,0.02,softmax_vector_projected,5.0,,,,0,,,,,,,,16.0,correlated,10.0,1.0,32.0,1.0,32.0,32.0,coordinate,jacobi,none,context,1.610831255050016e-07,0.0045969072962179,0.0233295122161507,1.0206046585636841e-07,0.0233295944053679,-0.4603122510015964,-0.4603106714785099,0.947265625,0.5925072878599167,0.947265625,0.5925072878599167,0.7072935774922371,0.8017296493053436,16.0,0.6042888015508652,16.0,1.0,1.0,1.0,1.168767362833023,0.0157938327174633,16.0,16.0,14.806412935256958,14.806412935256958,4.851410746574402,4.851410746574402,0.2256888728588819,1.610831255050016e-07,7.139393897078479e-07,-6.79294995234244,-2.337534254384765,above
data/transformers/runs_unified_vector_temp_jacobi/results.csv,unified_softmax_richardson,vector_temp_jacobi,row,weak_inverse,K16_cond10_above_H1_dh32_jacobi_tau5.0_linear_richardson,128,0.02,linear_richardson,5.0,,,,0,,,,,,,,16.0,correlated,10.0,1.0,32.0,1.0,32.0,32.0,coordinate,jacobi,none,context,5.045653166113605e-10,0.0046175132156349,0.0230798202101141,4.142604974333164e-10,0.0230798940174281,-0.4658411145210266,-0.4658396318554878,0.9493408203125,0.5927606895565987,0.9493408203125,0.5927606895565987,0.7077275961637497,0.7972980216145515,16.0,0.6040919423103333,16.0,1.0,1.0,1.0,3.6529058666801006e-09,1.087454759574058e-08,16.0,16.0,14.790076613426208,14.790076613426208,0.0,0.0,0.2260726168751716,5.045653166113605e-10,2.229553870071981e-09,-9.297082605823974,-2.335591852905776,above
data/transformers/runs_unified_vector_temp_jacobi/results.csv,unified_softmax_richardson,vector_temp_jacobi,row,weak_inverse,K16_cond1000_above_H1_dh32_jacobi_tau0.1_softmax_vector,128,0.02,softmax_vector,0.1,,,,0,,,,,,,,16.0,correlated,1000.0,1.0,32.0,1.0,32.0,32.0,coordinate,jacobi,none,context,172042.74016409565,172041.8737666104,1394.7647046602797,1394.6956225357644,0.0227544086519628,31380.261407747865,-0.4732605516910553,0.9483642578125,0.590084969997406,0.9510498046875,0.5900849103927612,0.6853595897555351,0.786620743572712,16.0,0.6172767728567123,16.0,1.0,1.0,1.0,36045.4716796875,17153574121.909592,16.0,16.0,10.308459758758543,10.308459758758543,4.22123521566391,4.22123521566391,1.8518112748861315,172042.74016409565,88527.91048819006,5.235636351044744,5.235634163956849,above
data/transformers/runs_unified_vector_temp_jacobi/results.csv,unified_softmax_richardson,vector_temp_jacobi,row,weak_inverse,K16_cond1000_above_H1_dh32_jacobi_tau0.1_softmax_vector_projected,128,0.02,softmax_vector_projected,0.1,,,,0,,,,,,,,16.0,correlated,1000.0,1.0,32.0,1.0,32.0,32.0,coordinate,jacobi,none,context,1130585513.865989,1130585369.4461842,88513856.4789494,88513872.21827891,0.0229671923443675,1821238737.7334144,-0.4685979075729847,0.942138671875,0.5899413451552391,0.9453125,0.5899380445480347,0.6850441545248032,0.7833314836025238,16.0,0.6177607253193855,16.0,1.0,1.0,1.0,37005.8173828125,154008759277273.16,16.0,16.0,10.34181272983551,10.34181272983551,4.221337199211121,4.221337199211121,1.8684017956256864,1130585513.865989,610226808.8100603,9.0533034165669,9.053303361090576,above
data/transformers/runs_unified_vector_temp_jacobi/results.csv,unified_softmax_richardson,vector_temp_jacobi,row,weak_inverse,K16_cond1000_above_H1_dh32_jacobi_tau0.1_linear_richardson,128,0.02,linear_richardson,0.1,,,,0,,,,,,,,16.0,correlated,1000.0,1.0,32.0,1.0,32.0,32.0,coordinate,jacobi,none,context,1.194042545393792e-09,0.0646640015766024,0.0231111017055809,6.056812473440032e-11,0.0231111007742583,-0.4649037458002567,-0.4649037346243858,0.9481201171875,0.5900233164429665,0.9481201171875,0.5900233238935471,0.685030423104763,0.7848943248391151,16.0,0.6172542199492455,16.0,1.0,1.0,1.0,8.266468176643116e-09,2.441242896722429e-08,16.0,16.0,10.30620801448822,10.30620801448822,0.0,0.0,1.028401404619217,1.194042545393792e-09,1.1634932860599252e-09,-8.922980198415557,-1.189337423620774,above
data/transformers/runs_unified_vector_temp_jacobi/results.csv,unified_softmax_richardson,vector_temp_jacobi,row,weak_inverse,K16_cond1000_above_H1_dh32_jacobi_tau0.2_softmax_vector,128,0.02,softmax_vector,0.2,,,,0,,,,,,,,16.0,correlated,1000.0,1.0,32.0,1.0,32.0,32.0,coordinate,jacobi,none,context,0.002117701282259,0.0663324259221553,0.0231143429409712,0.0001381177025905,0.0229060184210538,-0.465272307395935,-0.469800129532814,0.94970703125,0.5898874625563622,0.9503173828125,0.5898874625563622,0.6854178234934807,0.784767359495163,16.0,0.6173243075609207,16.0,1.0,1.0,1.0,17469.372924804688,37.43948698043823,16.0,16.0,10.313998222351074,10.313998222351074,4.558908939361572,4.558908939361572,1.414888620376587,0.002117701282259,0.0014972975125361,-2.674135300421121,-1.1782741193104012,above
data/transformers/runs_unified_vector_temp_jacobi/results.csv,unified_softmax_richardson,vector_temp_jacobi,row,weak_inverse,K16_cond1000_above_H1_dh32_jacobi_tau0.2_softmax_vector_projected,128,0.02,softmax_vector_projected,0.2,,,,0,,,,,,,,16.0,correlated,1000.0,1.0,32.0,1.0,32.0,32.0,coordinate,jacobi,none,context,0.0021123484184499,0.0672564674168825,0.0232948814518749,0.0001306127724092,0.0230814283713698,-0.4610270075500011,-0.4656210951507091,0.9466552734375,0.5901001691818237,0.9483642578125,0.5901001691818237,0.6854000389575958,0.7810434624552727,16.0,0.6173410564661026,16.0,1.0,1.0,1.0,16751.546630859375,37.41507530212402,16.0,16.0,10.36988651752472,10.36988651752472,4.558709263801575,4.558709263801575,1.3664442151784897,0.0021123484184499,0.0015468243940476,-2.6752344461144517,-1.1722659473342705,above
data/transformers/runs_unified_vector_temp_jacobi/results.csv,unified_softmax_richardson,vector_temp_jacobi,row,weak_inverse,K16_cond1000_above_H1_dh32_jacobi_tau0.2_linear_richardson,128,0.02,linear_richardson,0.2,,,,0,,,,,,,,16.0,correlated,1000.0,1.0,32.0,1.0,32.0,32.0,coordinate,jacobi,none,context,1.1302976332672188e-09,0.0636919536627829,0.0224512484855949,9.476424592952391e-11,0.0224511960987001,-0.4801681786775589,-0.4801693446934223,0.9495849609375,0.5899230539798737,0.9495849609375,0.5899230539798737,0.6857234686613083,0.7774257734417915,16.0,0.616621695458889,16.0,1.0,1.0,1.0,8.408884311084108e-09,2.418172062590429e-08,16.0,16.0,10.373647928237917,10.373647928237917,0.0,0.0,1.0359537452459335,1.1302976332672188e-09,1.0947396862809163e-09,-8.94680718176838,-1.1959154295261265,above
data/transformers/runs_unified_vector_temp_jacobi/results.csv,unified_softmax_richardson,vector_temp_jacobi,row,weak_inverse,K16_cond1000_above_H1_dh32_jacobi_tau0.5_softmax_vector,128,0.02,softmax_vector,0.5,,,,0,,,,,,,,16.0,correlated,1000.0,1.0,32.0,1.0,32.0,32.0,coordinate,jacobi,none,context,0.0002370027232245,0.0643772762268781,0.022790185874328,1.378517242756061e-05,0.0227606680709868,-0.4719687551259994,-0.4726110957562923,0.9478759765625,0.5901356488466263,0.9476318359375,0.5901356413960457,0.6850624680519104,0.7770342230796814,16.0,0.617515817284584,16.0,1.0,1.0,1.0,1422.7511138916016,3.7105168402194977,16.0,16.0,10.301169991493223,10.301169991493223,4.791201174259186,4.791201174259186,1.057221993803978,0.0002370027232245,0.0002243180760399,-3.6252466638016583,-1.1912674020626577,above
data/transformers/runs_unified_vector_temp_jacobi/results.csv,unified_softmax_richardson,vector_temp_jacobi,row,weak_inverse,K16_cond1000_above_H1_dh32_jacobi_tau0.5_softmax_vector_projected,128,0.02,softmax_vector_projected,0.5,,,,0,,,,,,,,16.0,correlated,1000.0,1.0,32.0,1.0,32.0,32.0,coordinate,jacobi,none,context,0.0002402272075414,0.0644526230171322,0.0220503935124725,1.372579129110818e-05,0.0220121559686958,-0.4883658215403557,-0.4892070777714252,0.954345703125,0.5902965813875198,0.9552001953125,0.5902965888381004,0.6849094182252884,0.7801759243011475,16.0,0.6172381788492203,16.0,1.0,1.0,1.0,1379.2056884765625,3.7156164348125458,16.0,16.0,10.390300869941711,10.390300869941711,4.791250944137573,4.791250944137573,1.0770459175109863,0.0002402272075414,0.0002234097403006,-3.619377807024832,-1.1907594035443092,above
data/transformers/runs_unified_vector_temp_jacobi/results.csv,unified_softmax_richardson,vector_temp_jacobi,row,weak_inverse,K16_cond1000_above_H1_dh32_jacobi_tau0.5_linear_richardson,128,0.02,linear_richardson,0.5,,,,0,,,,,,,,16.0,correlated,1000.0,1.0,32.0,1.0,32.0,32.0,coordinate,jacobi,none,context,8.189391248469845e-10,0.0647216909565031,0.0238792053423821,7.71566465232465e-11,0.0238792465534061,-0.4475757107138634,-0.4475748091936111,0.9456787109375,0.5902435854077339,0.9456787109375,0.5902435854077339,0.6847648769617081,0.7764497846364975,16.0,0.6172288507223129,16.0,1.0,1.0,1.0,8.516589655727103e-09,2.39435238302832e-08,16.0,16.0,10.402936339378355,10.402936339378355,0.0,0.0,1.0130490064620972,8.189391248469845e-10,8.053843127385581e-10,-9.086748379955855,-1.188950144617585,above
data/transformers/runs_unified_vector_temp_jacobi/results.csv,unified_softmax_richardson,vector_temp_jacobi,row,weak_inverse,K16_cond1000_above_H1_dh32_jacobi_tau1.0_softmax_vector,128,0.02,softmax_vector,1.0,,,,0,,,,,,,,16.0,correlated,1000.0,1.0,32.0,1.0,32.0,32.0,coordinate,jacobi,none,context,4.61279446426488e-05,0.064415737055242,0.0239307456649839,2.6442034766205325e-06,0.0239197888877242,-0.4470656365156173,-0.4472983554005623,0.942626953125,0.5902798995375633,0.9425048828125,0.5902798995375633,0.6849291771650314,0.7822523936629295,16.0,0.6175947561860085,16.0,1.0,1.0,1.0,123.02060222625732,0.5763440206646919,16.0,16.0,10.315791487693788,10.315791487693788,4.836584210395813,4.836584210395813,1.051176741719246,4.61279446426488e-05,4.3911654543521367e-05,-4.336035896144876,-1.1910080195760038,above
data/transformers/runs_unified_vector_temp_jacobi/results.csv,unified_softmax_richardson,vector_temp_jacobi,row,weak_inverse,K16_cond1000_above_H1_dh32_jacobi_tau1.0_softmax_vector_projected,128,0.02,softmax_vector_projected,1.0,,,,0,,,,,,,,16.0,correlated,1000.0,1.0,32.0,1.0,32.0,32.0,coordinate,jacobi,none,context,4.5197819417808205e-05,0.0636651515960693,0.0230500616598874,2.5702111088321544e-06,0.0230498574674129,-0.4661137461662292,-0.4661154970526695,0.9482421875,0.5898939371109009,0.9478759765625,0.5898939445614815,0.6848943755030632,0.7826306521892548,16.0,0.6171208620071411,16.0,1.0,1.0,1.0,123.87590312957764,0.581707164645195,16.0,16.0,10.345027804374697,10.345027804374697,4.836592674255371,4.836592674255371,1.0396327450871468,4.5197819417808205e-05,4.352335084335495e-05,-4.344882517349179,-1.196098222466112,above
data/transformers/runs_unified_vector_temp_jacobi/results.csv,unified_softmax_richardson,vector_temp_jacobi,row,weak_inverse,K16_cond1000_above_H1_dh32_jacobi_tau1.0_linear_richardson,128,0.02,linear_richardson,1.0,,,,0,,,,,,,,16.0,correlated,1000.0,1.0,32.0,1.0,32.0,32.0,coordinate,jacobi,none,context,8.848739761757595e-10,0.06428545108065,0.0229109397623687,6.420325469186361e-11,0.0229109751526266,-0.469078104943037,-0.4690772369503975,0.9482421875,0.5901665538549423,0.9482421875,0.5901665687561035,0.6848681196570396,0.7763424217700958,16.0,0.6177008673548698,16.0,1.0,1.0,1.0,8.33716196080303e-09,2.396341169941252e-08,16.0,16.0,10.327292442321776,10.327292442321776,0.0,0.0,1.0348192751407623,8.848739761757595e-10,8.522759029336805e-10,-9.053118577153812,-1.191887304374884,above
data/transformers/runs_unified_vector_temp_jacobi/results.csv,unified_softmax_richardson,vector_temp_jacobi,row,weak_inverse,K16_cond1000_above_H1_dh32_jacobi_tau2.0_softmax_vector,128,0.02,softmax_vector,2.0,,,,0,,,,,,,,16.0,correlated,1000.0,1.0,32.0,1.0,32.0,32.0,coordinate,jacobi,none,context,1.0764570333776646e-05,0.0642025275155901,0.0230832004453986,5.972550809474342e-07,0.0230804358143359,-0.4656358137726784,-0.4656974114477634,0.9462890625,0.5900241807103157,0.9466552734375,0.5900241807103157,0.6851188093423843,0.7835429385304451,16.0,0.6175239160656929,16.0,1.0,1.0,1.0,15.647990584373474,0.1262476248666644,16.0,16.0,10.355373978614807,10.355373978614807,4.8481568694114685,4.8481568694114685,1.0352134108543396,1.0764570333776646e-05,1.041177859374903e-05,-4.9680033002941775,-1.192447874353784,above
data/transformers/runs_unified_vector_temp_jacobi/results.csv,unified_softmax_richardson,vector_temp_jacobi,row,weak_inverse,K16_cond1000_above_H1_dh32_jacobi_tau2.0_softmax_vector_projected,128,0.02,softmax_vector_projected,2.0,,,,0,,,,,,,,16.0,correlated,1000.0,1.0,32.0,1.0,32.0,32.0,coordinate,jacobi,none,context,1.092038723982114e-05,0.0650796694681048,0.0229861598927527,6.072749840768665e-07,0.022986413212493,-0.4677719250321388,-0.4677655138075351,0.9486083984375,0.5900891795754433,0.9483642578125,0.5900891721248627,0.6858954429626465,0.7831018269062042,16.0,0.6169518232345581,16.0,1.0,1.0,1.0,16.26541554927826,0.1271230475977063,16.0,16.0,10.242941856384276,10.242941856384276,4.848157107830048,4.848157107830048,1.0205015242099762,1.092038723982114e-05,1.0716762552020657e-05,-4.961761961160982,-1.1865546614595597,above
data/transformers/runs_unified_vector_temp_jacobi/results.csv,unified_softmax_richardson,vector_temp_jacobi,row,weak_inverse,K16_cond1000_above_H1_dh32_jacobi_tau2.0_linear_richardson,128,0.02,linear_richardson,2.0,,,,0,,,,,,,,16.0,correlated,1000.0,1.0,32.0,1.0,32.0,32.0,coordinate,jacobi,none,context,1.0886018822486854e-09,0.0643091248348355,0.0226075805258005,5.325843282014131e-11,0.0226075355894863,-0.476358849555254,-0.4763598777353763,0.9505615234375,0.5900378376245499,0.9505615234375,0.5900378301739693,0.6853022649884224,0.7860486656427383,16.0,0.6173718348145485,16.0,1.0,1.0,1.0,7.964148174277597e-09,2.350033323494927e-08,16.0,16.0,10.311660170555117,10.311660170555117,0.0,0.0,1.0302622839808464,1.0886018822486854e-09,1.0604269464163935e-09,-8.963130919100783,-1.1917274005709857,above
data/transformers/runs_unified_vector_temp_jacobi/results.csv,unified_softmax_richardson,vector_temp_jacobi,row,weak_inverse,K16_cond1000_above_H1_dh32_jacobi_tau5.0_softmax_vector,128,0.02,softmax_vector,5.0,,,,0,,,,,,,,16.0,correlated,1000.0,1.0,32.0,1.0,32.0,32.0,coordinate,jacobi,none,context,1.6903206727647555e-06,0.0641513029113411,0.0229537854902446,9.413154966608772e-08,0.0229537726845592,-0.4687782526016235,-0.4687789529561996,0.9510498046875,0.590088352560997,0.95068359375,0.5900883451104164,0.6852448359131813,0.7787599563598633,16.0,0.6171674728393555,16.0,1.0,1.0,1.0,1.9954791963100436,0.0194702902808785,16.0,16.0,10.33479356765747,10.33479356765747,4.851410448551178,4.851410448551178,1.0458575040102005,1.6903206727647555e-06,1.6200242126696476e-06,-5.772030897042424,-1.1927945186895252,above
data/transformers/runs_unified_vector_temp_jacobi/results.csv,unified_softmax_richardson,vector_temp_jacobi,row,weak_inverse,K16_cond1000_above_H1_dh32_jacobi_tau5.0_softmax_vector_projected,128,0.02,softmax_vector_projected,5.0,,,,0,,,,,,,,16.0,correlated,1000.0,1.0,32.0,1.0,32.0,32.0,coordinate,jacobi,none,context,1.68505023623311e-06,0.0648321146145463,0.0227851683739572,9.354932473115697e-08,0.0227876286953687,-0.472459178417921,-0.4724043384194374,0.949951171875,0.5901376008987427,0.949951171875,0.5901375934481621,0.6857375651597977,0.7803312912583351,16.0,0.6168197765946388,16.0,1.0,1.0,1.0,1.9393682032823565,0.0195045939181,16.0,16.0,10.331920623779297,10.331920623779297,4.85140985250473,4.85140985250473,1.028150454163551,1.68505023623311e-06,1.6394408809523043e-06,-5.773387147021954,-1.1882098128803356,above
data/transformers/runs_unified_vector_temp_jacobi/results.csv,unified_softmax_richardson,vector_temp_jacobi,row,weak_inverse,K16_cond1000_above_H1_dh32_jacobi_tau5.0_linear_richardson,128,0.02,linear_richardson,5.0,,,,0,,,,,,,,16.0,correlated,1000.0,1.0,32.0,1.0,32.0,32.0,coordinate,jacobi,none,context,9.960750071980051e-10,0.0640926556661725,0.0224333223886787,5.380984113151355e-11,0.0224333084188401,-0.4799676798284054,-0.479968000203371,0.949462890625,0.5900404080748558,0.949462890625,0.5900404006242752,0.6851900368928909,0.7850966081023216,16.0,0.6171568781137466,16.0,1.0,1.0,1.0,8.182075572626957e-09,2.4840967949302243e-08,16.0,16.0,10.42682659626007,10.42682659626007,0.0,0.0,1.022525191307068,9.960750071980051e-10,9.718835009646471e-10,-9.001707956771417,-1.193191733139448,above
data/transformers/runs_unified_vector_temp_jacobi/results.csv,unified_softmax_richardson,vector_temp_jacobi,row,weak_inverse,K32_cond10_below_H1_dh16_jacobi_tau0.1_softmax_vector,128,0.02,softmax_vector,0.1,,,,0,,,,,,,,32.0,correlated,10.0,1.0,32.0,1.0,16.0,16.0,coordinate,jacobi,none,context,39712481.56305829,39712481.58319219,2202640.0179740074,2202647.312622725,0.0267403572797775,42709034.15921341,-0.3926436230540275,0.94287109375,0.639612689614296,0.9466552734375,0.6396131664514542,0.8588252663612366,0.9075408726930618,32.0,0.4838491417467594,16.0,1.0,1.0,0.0,2393.23681640625,5469085779722.525,16.0,16.0,15.498578667640686,15.498578667640686,4.159221708774567,4.159221708774567,0.3688092529773712,39712481.56305829,108059801.94617696,7.598927026209421,7.598927026429605,below
data/transformers/runs_unified_vector_temp_jacobi/results.csv,unified_softmax_richardson,vector_temp_jacobi,row,weak_inverse,K32_cond10_below_H1_dh16_jacobi_tau0.1_softmax_vector_projected,128,0.02,softmax_vector_projected,0.1,,,,0,,,,,,,,32.0,correlated,10.0,1.0,32.0,1.0,16.0,16.0,coordinate,jacobi,none,context,0.7893636450171471,0.7999582588672638,0.9059092700481416,0.8786409571766853,0.0258786038029938,15.910059094429016,-0.408816684037447,0.27099609375,0.6393004655838013,0.95654296875,0.6393004730343819,0.858643464744091,0.9032824710011482,32.0,0.4837845005095005,16.0,1.0,1.0,0.0,61501.69384765625,46450.08447265625,16.0,16.0,15.489713311195374,15.489713311195374,4.1602519154548645,4.1602519154548645,0.7078005373477936,0.7893636450171471,1.1151911795366616,-0.102722879374531,-0.0969326735287536,below
data/transformers/runs_unified_vector_temp_jacobi/results.csv,unified_softmax_richardson,vector_temp_jacobi,row,weak_inverse,K32_cond10_below_H1_dh16_jacobi_tau0.1_linear_richardson,128,0.02,linear_richardson,0.1,,,,0,,,,,,,,32.0,correlated,10.0,1.0,32.0,1.0,16.0,16.0,coordinate,jacobi,none,context,0.7484414577484131,0.7584581077098846,0.8908683583140373,0.8624066561460495,0.0266735618934035,15.596851348876951,-0.3935892134904861,0.2703857421875,0.6393029093742371,0.94921875,0.6393029093742371,0.8591222763061523,0.904417373239994,32.0,0.4835188388824463,16.0,1.0,1.0,0.0,60302.5927734375,45740.3544921875,16.0,16.0,15.532769918441772,15.532769918441772,0.0,0.0,0.694571889936924,0.7484414577484131,1.0775406737532482,-0.1258421640198432,-0.1200684018157739,below
data/transformers/runs_unified_vector_temp_jacobi/results.csv,unified_softmax_richardson,vector_temp_jacobi,row,weak_inverse,K32_cond10_below_H1_dh16_jacobi_tau0.2_softmax_vector,128,0.02,softmax_vector,0.2,,,,0,,,,,,,,32.0,correlated,10.0,1.0,32.0,1.0,16.0,16.0,coordinate,jacobi,none,context,0.0002108319822582,0.0106127266772091,0.0268041589297354,0.0001351984410575,0.0267131912987679,-0.3914122022688389,-0.3931077308952808,0.9510498046875,0.6395654082298279,0.950439453125,0.6395654082298279,0.8590679690241814,0.9027953445911407,32.0,0.4832902699708938,16.0,1.0,1.0,0.0,326.4909439086914,4.034793019294739,16.0,16.0,15.48782205581665,15.48782205581665,4.672092020511627,4.672092020511627,0.3543312102556228,0.0002108319822582,0.0005950092720806,-3.676063507953248,-1.9741730205539032,below
data/transformers/runs_unified_vector_temp_jacobi/results.csv,unified_softmax_richardson,vector_temp_jacobi,row,weak_inverse,K32_cond10_below_H1_dh16_jacobi_tau0.2_softmax_vector_projected,128,0.02,softmax_vector_projected,0.2,,,,0,,,,,,,,32.0,correlated,10.0,1.0,32.0,1.0,16.0,16.0,coordinate,jacobi,none,context,0.7584846541285515,0.7690754681825638,0.9183602854609488,0.8917366489768028,0.0265252334065735,16.077654004096985,-0.3980647064745426,0.27880859375,0.6397802904248238,0.9525146484375,0.6397802978754044,0.8589199930429459,0.9105048328638076,32.0,0.4834484755992889,16.0,1.0,1.0,0.0,60646.26171875,45827.380859375,16.0,16.0,15.483926057815552,15.483926057815552,4.672020494937897,4.672020494937897,0.6955219805240631,0.7584846541285515,1.0904980732622231,-0.1200532015545215,-0.1140310414637265,below
data/transformers/runs_unified_vector_temp_jacobi/results.csv,unified_softmax_richardson,vector_temp_jacobi,row,weak_inverse,K32_cond10_below_H1_dh16_jacobi_tau0.2_linear_richardson,128,0.02,linear_richardson,0.2,,,,0,,,,,,,,32.0,correlated,10.0,1.0,32.0,1.0,16.0,16.0,coordinate,jacobi,none,context,0.7526733428239822,0.7631935179233551,0.8843033760786057,0.8570175319910049,0.0260182481724768,15.468191623687744,-0.4073896668851375,0.275146484375,0.6397172883152962,0.9521484375,0.6397172808647156,0.858837679028511,0.9034104347229004,32.0,0.4838205017149448,16.0,1.0,1.0,0.0,60544.1123046875,45690.02294921875,16.0,16.0,15.499379992485046,15.499379992485046,0.0,0.0,0.6939911097288132,0.7526733428239822,1.084523968030441,-0.1233934649534455,-0.1173653269073065,below
data/transformers/runs_unified_vector_temp_jacobi/results.csv,unified_softmax_richardson,vector_temp_jacobi,row,weak_inverse,K32_cond10_below_H1_dh16_jacobi_tau0.5_softmax_vector,128,0.02,softmax_vector,0.5,,,,0,,,,,,,,32.0,correlated,10.0,1.0,32.0,1.0,16.0,16.0,coordinate,jacobi,none,context,3.516237666190136e-05,0.0104392402572557,0.0261584622785449,2.2099955458543263e-05,0.0261706635355949,-0.4046711027622223,-0.4044576101005077,0.951416015625,0.638990618288517,0.951904296875,0.6389906108379364,0.8589308634400368,0.9051751792430878,32.0,0.4835642240941524,16.0,1.0,1.0,0.0,42.36341953277588,0.5677735060453415,16.0,16.0,15.49416983127594,15.49416983127594,4.823090672492981,4.823090672492981,0.3515649922192096,3.516237666190136e-05,0.0001000216577794,-4.453921778186845,-1.98133110708929,below
data/transformers/runs_unified_vector_temp_jacobi/results.csv,unified_softmax_richardson,vector_temp_jacobi,row,weak_inverse,K32_cond10_below_H1_dh16_jacobi_tau0.5_softmax_vector_projected,128,0.02,softmax_vector_projected,0.5,,,,0,,,,,,,,32.0,correlated,10.0,1.0,32.0,1.0,16.0,16.0,coordinate,jacobi,none,context,0.7539903447031975,0.764758288860321,0.9044870808720588,0.874984048306942,0.0268772135023027,15.840006232261658,-0.3905192464590072,0.27587890625,0.6395885199308395,0.949462890625,0.6395885422825813,0.8589523136615753,0.902568019926548,32.0,0.4831578619778156,16.0,1.0,1.0,0.0,60591.8583984375,45853.365234375,16.0,16.0,15.507760167121887,15.507760167121887,4.823083996772766,4.823083996772766,0.6948785558342934,0.7539903447031975,1.0850817774063368,-0.1226342154949087,-0.1164758072013545,below
data/transformers/runs_unified_vector_temp_jacobi/results.csv,unified_softmax_richardson,vector_temp_jacobi,row,weak_inverse,K32_cond10_below_H1_dh16_jacobi_tau0.5_linear_richardson,128,0.02,linear_richardson,0.5,,,,0,,,,,,,,32.0,correlated,10.0,1.0,32.0,1.0,16.0,16.0,coordinate,jacobi,none,context,0.7556871175765991,0.7659334912896156,0.9042127877473832,0.8797741606831551,0.0269887936301529,15.882359743118286,-0.3880661986768245,0.28466796875,0.6393541619181633,0.9478759765625,0.6393541693687439,0.858824722468853,0.903477631509304,32.0,0.4835904613137245,16.0,1.0,1.0,0.0,60765.96142578125,46084.533203125,16.0,16.0,15.476365685462952,15.476365685462952,0.0,0.0,0.6981966719031334,0.7556871175765991,1.0823182555033186,-0.1216579812665226,-0.1158089400540121,below
data/transformers/runs_unified_vector_temp_jacobi/results.csv,unified_softmax_richardson,vector_temp_jacobi,row,weak_inverse,K32_cond10_below_H1_dh16_jacobi_tau1.0_softmax_vector,128,0.02,softmax_vector,1.0,,,,0,,,,,,,,32.0,correlated,10.0,1.0,32.0,1.0,16.0,16.0,coordinate,jacobi,none,context,1.3199799013818849e-05,0.0104174420703202,0.0274587990716099,8.414730530148518e-06,0.0274527641013264,-0.3793208189308643,-0.3794423155486583,0.949951171875,0.6388052329421043,0.9505615234375,0.6388052180409431,0.8586869612336159,0.9036605432629584,32.0,0.4834528677165508,16.0,1.0,1.0,0.0,10.29479694366455,0.1385834421962499,16.0,16.0,15.49554967880249,15.49554967880249,4.844788610935211,4.844788610935211,0.3510659672319889,1.3199799013818849e-05,3.759455542351119e-05,-4.879432681510358,-1.9822389059040613,below
data/transformers/runs_unified_vector_temp_jacobi/results.csv,unified_softmax_richardson,vector_temp_jacobi,row,weak_inverse,K32_cond10_below_H1_dh16_jacobi_tau1.0_softmax_vector_projected,128,0.02,softmax_vector_projected,1.0,,,,0,,,,,,,,32.0,correlated,10.0,1.0,32.0,1.0,16.0,16.0,coordinate,jacobi,none,context,0.7513326480984688,0.7613787576556206,0.8676391094923019,0.8418554812669754,0.026602413970977,15.14299702644348,-0.395724855363369,0.2772216796875,0.6398892551660538,0.9521484375,0.6398892402648926,0.8587523475289345,0.9090027138590812,32.0,0.4838401302695274,16.0,1.0,1.0,0.0,60463.01416015625,45711.48046875,16.0,16.0,15.468819737434387,15.468819737434387,4.844792008399963,4.844792008399963,0.6934070140123367,0.7513326480984688,1.0835210598792542,-0.1241677390972271,-0.1183992440985356,below
data/transformers/runs_unified_vector_temp_jacobi/results.csv,unified_softmax_richardson,vector_temp_jacobi,row,weak_inverse,K32_cond10_below_H1_dh16_jacobi_tau1.0_linear_richardson,128,0.02,linear_richardson,1.0,,,,0,,,,,,,,32.0,correlated,10.0,1.0,32.0,1.0,16.0,16.0,coordinate,jacobi,none,context,0.7486307248473167,0.7587019950151443,0.8741926327347755,0.847733236849308,0.026882002595812,15.254889726638794,-0.3908752016723156,0.27001953125,0.6394952014088631,0.9481201171875,0.6394952014088631,0.858846865594387,0.9048115834593772,32.0,0.4835769273340702,16.0,1.0,1.0,0.0,60188.21728515625,45494.1484375,16.0,16.0,15.481534004211426,15.481534004211426,0.0,0.0,0.6947524026036263,0.7486307248473167,1.0775258036231996,-0.1257323528055902,-0.1199287739523696,below
data/transformers/runs_unified_vector_temp_jacobi/results.csv,unified_softmax_richardson,vector_temp_jacobi,row,weak_inverse,K32_cond10_below_H1_dh16_jacobi_tau2.0_softmax_vector,128,0.02,softmax_vector,2.0,,,,0,,,,,,,,32.0,correlated,10.0,1.0,32.0,1.0,16.0,16.0,coordinate,jacobi,none,context,7.742253615106165e-06,0.0104706153506413,0.0269537265412509,5.044411238941393e-06,0.0269474950619041,-0.3903178088366985,-0.3904282599687576,0.9481201171875,0.6394762173295021,0.9481201171875,0.6394762098789215,0.858904629945755,0.902306281030178,32.0,0.4833261705935001,16.0,1.0,1.0,0.0,2.5537028908729558,0.0344288307242095,16.0,16.0,15.491697669029236,15.491697669029236,4.850220024585724,4.850220024585724,0.3532390780746937,7.742253615106165e-06,2.191760246439745e-05,-5.111132606481657,-1.980027794392318,below
data/transformers/runs_unified_vector_temp_jacobi/results.csv,unified_softmax_richardson,vector_temp_jacobi,row,weak_inverse,K32_cond10_below_H1_dh16_jacobi_tau2.0_softmax_vector_projected,128,0.02,softmax_vector_projected,2.0,,,,0,,,,,,,,32.0,correlated,10.0,1.0,32.0,1.0,16.0,16.0,coordinate,jacobi,none,context,0.7525459825992584,0.7617905214428902,0.9197987541556358,0.8974052742123604,0.0255978642962872,16.060529589653015,-0.4136103242635727,0.282470703125,0.639462910592556,0.95458984375,0.639462910592556,0.8587850481271744,0.9061663076281548,32.0,0.4836980439722538,16.0,1.0,1.0,0.0,60183.0244140625,45585.755859375,16.0,16.0,15.490229725837708,15.490229725837708,4.8502203822135925,4.8502203822135925,0.6953185796737671,0.7525459825992584,1.0823128761989993,-0.1234669583533896,-0.1181644353383158,below
data/transformers/runs_unified_vector_temp_jacobi/results.csv,unified_softmax_richardson,vector_temp_jacobi,row,weak_inverse,K32_cond10_below_H1_dh16_jacobi_tau2.0_linear_richardson,128,0.02,linear_richardson,2.0,,,,0,,,,,,,,32.0,correlated,10.0,1.0,32.0,1.0,16.0,16.0,coordinate,jacobi,none,context,0.7481997609138489,0.7589965835213661,0.9114210456609726,0.8842200562357903,0.026073326356709,15.954387068748474,-0.4057734124362468,0.277587890625,0.6391146555542946,0.951171875,0.639114648103714,0.8587012812495232,0.9052524715662004,32.0,0.4837734773755073,16.0,1.0,1.0,0.0,59946.58642578125,45426.1171875,16.0,16.0,15.549729228019714,15.549729228019714,0.0,0.0,0.692402184009552,0.7481997609138489,1.0805724058008734,-0.1259824349159649,-0.1197601789940554,below
data/transformers/runs_unified_vector_temp_jacobi/results.csv,unified_softmax_richardson,vector_temp_jacobi,row,weak_inverse,K32_cond10_below_H1_dh16_jacobi_tau5.0_softmax_vector,128,0.02,softmax_vector,5.0,,,,0,,,,,,,,32.0,correlated,10.0,1.0,32.0,1.0,16.0,16.0,coordinate,jacobi,none,context,6.125716197402653e-06,0.0103168240748345,0.0259932922199368,3.914843119900979e-06,0.0259713239502161,-0.4074680283665657,-0.4078536257147789,0.9541015625,0.6394514814019203,0.9541015625,0.6394514739513397,0.8585980236530304,0.9050574898719788,32.0,0.4834793880581856,16.0,1.0,1.0,0.0,0.412248644977808,0.0055180557537823,16.0,16.0,15.506520748138428,15.506520748138428,4.851740658283234,4.851740658283234,0.3509703129529953,6.125716197402653e-06,1.7454441829819285e-05,-5.212843127796683,-1.9864539750975592,below
data/transformers/runs_unified_vector_temp_jacobi/results.csv,unified_softmax_richardson,vector_temp_jacobi,row,weak_inverse,K32_cond10_below_H1_dh16_jacobi_tau5.0_softmax_vector_projected,128,0.02,softmax_vector_projected,5.0,,,,0,,,,,,,,32.0,correlated,10.0,1.0,32.0,1.0,16.0,16.0,coordinate,jacobi,none,context,0.7475636452436447,0.758335180580616,0.8721713200211525,0.8468933179974556,0.0271446318365633,15.272897005081177,-0.3844045810401439,0.2772216796875,0.639272041618824,0.945068359375,0.6392720267176628,0.8587678298354149,0.9067436307668686,32.0,0.4838235266506672,16.0,1.0,1.0,0.0,60079.24658203125,45488.6650390625,16.0,16.0,15.47737169265747,15.47737169265747,4.851740539073944,4.851740539073944,0.6918272525072098,0.7475636452436447,1.0805682560675436,-0.1263518269480733,-0.1201387958166528,below
data/transformers/runs_unified_vector_temp_jacobi/results.csv,unified_softmax_richardson,vector_temp_jacobi,row,weak_inverse,K32_cond10_below_H1_dh16_jacobi_tau5.0_linear_richardson,128,0.02,linear_richardson,5.0,,,,0,,,,,,,,32.0,correlated,10.0,1.0,32.0,1.0,16.0,16.0,coordinate,jacobi,none,context,0.7583085298538208,0.7687671631574631,0.8918851241469383,0.8693379312753677,0.0263959956355392,15.57581901550293,-0.3996870964765548,0.2823486328125,0.6393704488873482,0.950927734375,0.6393704414367676,0.8589121699333191,0.907301738858223,32.0,0.4833014644682407,16.0,1.0,1.0,0.0,61115.5341796875,46177.40625,16.0,16.0,15.51597285270691,15.51597285270691,0.0,0.0,0.7001520544290543,0.7583085298538208,1.083051785723061,-0.1201540588128429,-0.1142051752407586,below
data/transformers/runs_unified_vector_temp_jacobi/results.csv,unified_softmax_richardson,vector_temp_jacobi,row,weak_inverse,K32_cond1000_below_H1_dh16_jacobi_tau0.1_softmax_vector,128,0.02,softmax_vector,0.1,,,,0,,,,,,,,32.0,correlated,1000.0,1.0,32.0,1.0,16.0,16.0,coordinate,jacobi,none,context,0.0006886281771585,0.1076646940782666,0.0256347330287098,4.918789909424959e-05,0.0255951413419097,-0.4141120947897434,-0.4148906618356704,0.951904296875,0.6296453773975372,0.95263671875,0.629645362496376,0.8299653232097626,0.8816310465335846,32.0,0.5032517835497856,16.0,1.0,1.0,0.0,144.09845161437988,1.845021575689316,16.0,16.0,13.922363758087158,13.922363758087158,4.767149150371552,4.767149150371552,1.0551378577947617,0.0006886281771585,0.0006527683524155,-3.162015210887656,-0.9679266892811764,below
data/transformers/runs_unified_vector_temp_jacobi/results.csv,unified_softmax_richardson,vector_temp_jacobi,row,weak_inverse,K32_cond1000_below_H1_dh16_jacobi_tau0.1_softmax_vector_projected,128,0.02,softmax_vector_projected,0.1,,,,0,,,,,,,,32.0,correlated,1000.0,1.0,32.0,1.0,16.0,16.0,coordinate,jacobi,none,context,3.650708556175232,3.7580237090587616,1.0863613784313202,1.0586405843496325,0.0258723881561309,19.87055706977844,-0.4093174450099468,0.254150390625,0.6292999610304832,0.949462890625,0.6292999684810638,0.8298894464969635,0.8826227486133575,32.0,0.5033308044075966,16.0,1.0,1.0,0.0,153103.04296875,124180.1669921875,16.0,16.0,13.898330569267271,13.898330569267271,4.767147839069367,4.767147839069367,1.386009857058525,3.650708556175232,2.6339458090324808,0.56237716368185,0.5749595157008853,below
data/transformers/runs_unified_vector_temp_jacobi/results.csv,unified_softmax_richardson,vector_temp_jacobi,row,weak_inverse,K32_cond1000_below_H1_dh16_jacobi_tau0.1_linear_richardson,128,0.02,linear_richardson,0.1,,,,0,,,,,,,,32.0,correlated,1000.0,1.0,32.0,1.0,16.0,16.0,coordinate,jacobi,none,context,3.6218262016773215,3.7321423292160034,1.0718864649534223,1.0407066866755486,0.0254506880883127,19.62744688987732,-0.417380154132843,0.2559814453125,0.6290480941534042,0.94921875,0.6290480941534042,0.8298303112387657,0.8849619477987289,32.0,0.5033033490180969,16.0,1.0,1.0,0.0,152687.724609375,123630.48046875,16.0,16.0,13.82914423942566,13.82914423942566,0.0,0.0,1.3655683994293213,3.6218262016773215,2.652220434705097,0.5589276062586934,0.5719581976721206,below
data/transformers/runs_unified_vector_temp_jacobi/results.csv,unified_softmax_richardson,vector_temp_jacobi,row,weak_inverse,K32_cond1000_below_H1_dh16_jacobi_tau0.2_softmax_vector,128,0.02,softmax_vector,0.2,,,,0,,,,,,,,32.0,correlated,1000.0,1.0,32.0,1.0,16.0,16.0,coordinate,jacobi,none,context,0.0001642920415179,0.1056981235742569,0.0257031468208879,1.219908119765023e-05,0.025709070963785,-0.4126461297273636,-0.4125334024429321,0.947509765625,0.6294261142611504,0.947509765625,0.629426121711731,0.830000527203083,0.8787265121936798,32.0,0.5029848963022232,16.0,1.0,1.0,0.0,32.059245586395264,0.4240102618932724,16.0,16.0,13.916535019874573,13.916535019874573,4.830723762512207,4.830723762512207,1.0264241695404053,0.0001642920415179,0.0001601213129849,-3.784383473744296,-0.9759327225183012,below
data/transformers/runs_unified_vector_temp_jacobi/results.csv,unified_softmax_richardson,vector_temp_jacobi,row,weak_inverse,K32_cond1000_below_H1_dh16_jacobi_tau0.2_softmax_vector_projected,128,0.02,softmax_vector_projected,0.2,,,,0,,,,,,,,32.0,correlated,1000.0,1.0,32.0,1.0,16.0,16.0,coordinate,jacobi,none,context,3.612280696630478,3.715854048728943,1.0978793650865557,1.0742722898721695,0.0253066767472773,20.048959732055664,-0.4204903617501259,0.25537109375,0.6296869292855263,0.953857421875,0.6296869292855263,0.8298193588852882,0.8779556080698967,32.0,0.5029527693986893,16.0,1.0,1.0,0.0,153423.990234375,124279.43359375,16.0,16.0,13.93583607673645,13.93583607673645,4.830730140209198,4.830730140209198,1.3661416620016098,3.612280696630478,2.643852939097325,0.5577814903295067,0.5700586474431153,below
data/transformers/runs_unified_vector_temp_jacobi/results.csv,unified_softmax_richardson,vector_temp_jacobi,row,weak_inverse,K32_cond1000_below_H1_dh16_jacobi_tau0.2_linear_richardson,128,0.02,linear_richardson,0.2,,,,0,,,,,,,,32.0,correlated,1000.0,1.0,32.0,1.0,16.0,16.0,coordinate,jacobi,none,context,3.61278173327446,3.722664624452591,1.0769888907670977,1.055848464369774,0.0259995083324611,19.66490244865417,-0.4070983156561851,0.25146484375,0.6293855980038643,0.9505615234375,0.6293855831027031,0.8299707993865013,0.8802060708403587,32.0,0.5032754614949226,16.0,1.0,1.0,0.0,152564.03515625,123619.720703125,16.0,16.0,13.889464020729063,13.889464020729063,0.0,0.0,1.367685854434967,3.61278173327446,2.6415850472810942,0.5578417243972875,0.5708539123101719,below
data/transformers/runs_unified_vector_temp_jacobi/results.csv,unified_softmax_richardson,vector_temp_jacobi,row,weak_inverse,K32_cond1000_below_H1_dh16_jacobi_tau0.5_softmax_vector,128,0.02,softmax_vector,0.5,,,,0,,,,,,,,32.0,correlated,1000.0,1.0,32.0,1.0,16.0,16.0,coordinate,jacobi,none,context,3.004015161423013e-05,0.106486015021801,0.0256958047393709,2.385723121278716e-06,0.0257004804443568,-0.4131920002400875,-0.4131002128124237,0.950439453125,0.6290564388036728,0.95068359375,0.6290564462542534,0.8299303352832794,0.8803464695811272,32.0,0.5029593929648399,16.0,1.0,1.0,0.0,4.8960471749305725,0.0657843714579939,16.0,16.0,13.909413933753967,13.909413933753967,4.84861832857132,4.84861832857132,1.0406441986560822,3.004015161423013e-05,2.887067182994757e-05,-4.522297879755175,-0.9727074250672304,below
data/transformers/runs_unified_vector_temp_jacobi/results.csv,unified_softmax_richardson,vector_temp_jacobi,row,weak_inverse,K32_cond1000_below_H1_dh16_jacobi_tau0.5_softmax_vector_projected,128,0.02,softmax_vector_projected,0.5,,,,0,,,,,,,,32.0,correlated,1000.0,1.0,32.0,1.0,16.0,16.0,coordinate,jacobi,none,context,3.628782957792282,3.7294083535671234,1.0685380697250366,1.0441395491361618,0.0252447177190333,19.512980461120605,-0.4213244952261448,0.2569580078125,0.6292653307318687,0.95263671875,0.6292653307318687,0.8297148123383522,0.8796389102935791,32.0,0.5034151747822762,16.0,1.0,1.0,0.0,154531.521484375,125345.43359375,16.0,16.0,13.909684538841248,13.909684538841248,4.848617792129517,4.848617792129517,1.3743958175182345,3.628782957792282,2.640057814111964,0.5597609932620035,0.5716399392720692,below
data/transformers/runs_unified_vector_temp_jacobi/results.csv,unified_softmax_richardson,vector_temp_jacobi,row,weak_inverse,K32_cond1000_below_H1_dh16_jacobi_tau0.5_linear_richardson,128,0.02,linear_richardson,0.5,,,,0,,,,,,,,32.0,correlated,1000.0,1.0,32.0,1.0,16.0,16.0,coordinate,jacobi,none,context,3.695369631052017,3.795502781867981,1.0840467810630798,1.0611113160848618,0.0261822072789073,19.816712856292725,-0.4030289091169834,0.2508544921875,0.6294003948569298,0.9482421875,0.6294003948569298,0.8296688050031662,0.8804461658000946,32.0,0.5036240965127945,16.0,1.0,1.0,0.0,157326.3984375,127636.8291015625,16.0,16.0,13.993017315864565,13.993017315864565,0.0,0.0,1.3939826935529709,3.695369631052017,2.6508806394554902,0.5676578854094598,0.5792693140727898,below
data/transformers/runs_unified_vector_temp_jacobi/results.csv,unified_softmax_richardson,vector_temp_jacobi,row,weak_inverse,K32_cond1000_below_H1_dh16_jacobi_tau1.0_softmax_vector,128,0.02,softmax_vector,1.0,,,,0,,,,,,,,32.0,correlated,1000.0,1.0,32.0,1.0,16.0,16.0,coordinate,jacobi,none,context,1.17834213142487e-05,0.1062375884503126,0.0257584075443446,9.704429686507865e-07,0.0257530091330409,-0.4119098708033561,-0.412011731415987,0.94921875,0.6291876807808876,0.9486083984375,0.6291876807808876,0.8300653025507927,0.881049133837223,32.0,0.5027499422430992,16.0,1.0,1.0,0.0,1.2144214659929276,0.0163955071475356,16.0,16.0,13.87857472896576,13.87857472896576,4.851176679134369,4.851176679134369,1.0349539816379547,1.17834213142487e-05,1.1392494427731137e-05,-4.928728593914885,-0.9737217961707948,below
data/transformers/runs_unified_vector_temp_jacobi/results.csv,unified_softmax_richardson,vector_temp_jacobi,row,weak_inverse,K32_cond1000_below_H1_dh16_jacobi_tau1.0_softmax_vector_projected,128,0.02,softmax_vector_projected,1.0,,,,0,,,,,,,,32.0,correlated,1000.0,1.0,32.0,1.0,16.0,16.0,coordinate,jacobi,none,context,3.630178064107895,3.734723836183548,1.1043277382850647,1.083427011966705,0.0261658721137791,20.195879459381104,-0.4032398089766502,0.2510986328125,0.6294576227664948,0.9462890625,0.6294576227664948,0.8298214823007584,0.8834307938814163,32.0,0.5032835155725479,16.0,1.0,1.0,0.0,154890.3125,125656.751953125,16.0,16.0,13.892983436584473,13.892983436584473,4.851177752017975,4.851177752017975,1.3712894022464752,3.630178064107895,2.6473936652430665,0.5599279281663709,0.5722584934724828,below
data/transformers/runs_unified_vector_temp_jacobi/results.csv,unified_softmax_richardson,vector_temp_jacobi,row,weak_inverse,K32_cond1000_below_H1_dh16_jacobi_tau1.0_linear_richardson,128,0.02,linear_richardson,1.0,,,,0,,,,,,,,32.0,correlated,1000.0,1.0,32.0,1.0,16.0,16.0,coordinate,jacobi,none,context,3.667121052742005,3.770514994859696,1.101304531097412,1.0724026709794998,0.0261641063261777,20.136148929595947,-0.4046778902411461,0.2513427734375,0.6292669326066971,0.95068359375,0.6292669326066971,0.8297601267695427,0.8805172070860863,32.0,0.5033864453434944,16.0,1.0,1.0,0.0,154185.4921875,124714.46484375,16.0,16.0,13.902276635169985,13.902276635169985,0.0,0.0,1.377660408616066,3.667121052742005,2.6617835203203333,0.5643252463855126,0.5764006722617199,below
data/transformers/runs_unified_vector_temp_jacobi/results.csv,unified_softmax_richardson,vector_temp_jacobi,row,weak_inverse,K32_cond1000_below_H1_dh16_jacobi_tau2.0_softmax_vector,128,0.02,softmax_vector,2.0,,,,0,,,,,,,,32.0,correlated,1000.0,1.0,32.0,1.0,16.0,16.0,coordinate,jacobi,none,context,7.116542292351369e-06,0.1069608526304364,0.0256043653935194,7.4865372567956e-07,0.025603006593883,-0.4148086421191692,-0.414834201335907,0.952880859375,0.6294173002243042,0.952880859375,0.6294173151254654,0.8298744112253189,0.8816753700375557,32.0,0.5031883120536804,16.0,1.0,1.0,0.0,0.3028960190713405,0.0040862644673325,16.0,16.0,13.881262421607971,13.881262421607971,4.851817011833191,4.851817011833191,1.0385636240243912,7.116542292351369e-06,6.852991432031266e-06,-5.147730965365762,-0.9707751437862948,below
data/transformers/runs_unified_vector_temp_jacobi/results.csv,unified_softmax_richardson,vector_temp_jacobi,row,weak_inverse,K32_cond1000_below_H1_dh16_jacobi_tau2.0_softmax_vector_projected,128,0.02,softmax_vector_projected,2.0,,,,0,,,,,,,,32.0,correlated,1000.0,1.0,32.0,1.0,16.0,16.0,coordinate,jacobi,none,context,3.6206770539283752,3.721483558416367,1.0737731158733368,1.0482081770896912,0.0256462760735303,19.578680992126465,-0.4137448742985725,0.2520751953125,0.6293815299868584,0.9537353515625,0.6293815299868584,0.8296124190092087,0.8816082254052162,32.0,0.5033264234662056,16.0,1.0,1.0,0.0,152905.90625,123922.728515625,16.0,16.0,13.887576341629028,13.887576341629028,4.851816892623901,4.851816892623901,1.3709243535995483,3.6206770539283752,2.6411281740819885,0.5587897896743348,0.5707161046110237,below
data/transformers/runs_unified_vector_temp_jacobi/results.csv,unified_softmax_richardson,vector_temp_jacobi,row,weak_inverse,K32_cond1000_below_H1_dh16_jacobi_tau2.0_linear_richardson,128,0.02,linear_richardson,2.0,,,,0,,,,,,,,32.0,correlated,1000.0,1.0,32.0,1.0,16.0,16.0,coordinate,jacobi,none,context,3.629829466342926,3.741731345653534,1.1066424250602722,1.0869352668523788,0.0262324402574449,20.223605394363403,-0.403065126389265,0.254638671875,0.629447802901268,0.9483642578125,0.629447802901268,0.8297749161720276,0.8821386322379112,32.0,0.5031761899590492,16.0,1.0,1.0,0.0,153748.482421875,124570.8349609375,16.0,16.0,13.90907907485962,13.90907907485962,0.0,0.0,1.3723961114883425,3.629829466342926,2.644921882028271,0.5598862218498937,0.5730726021675414,below
data/transformers/runs_unified_vector_temp_jacobi/results.csv,unified_softmax_richardson,vector_temp_jacobi,row,weak_inverse,K32_cond1000_below_H1_dh16_jacobi_tau5.0_softmax_vector,128,0.02,softmax_vector,5.0,,,,0,,,,,,,,32.0,correlated,1000.0,1.0,32.0,1.0,16.0,16.0,coordinate,jacobi,none,context,5.7543519460523385e-06,0.1071812538430094,0.0253193709068,5.765586550410262e-07,0.0253115431405603,-0.4195334874093532,-0.41967998072505,0.9503173828125,0.629446379840374,0.949951171875,0.6294463872909546,0.8298211321234703,0.8839726224541664,32.0,0.5034613758325577,16.0,1.0,1.0,0.0,0.0490547753870487,0.0006629363269894,16.0,16.0,13.98422360420227,13.98422360420227,4.851996421813965,4.851996421813965,1.0427349656820295,5.7543519460523385e-06,5.523053170973384e-06,-5.240003579436633,-0.9698811667371252,below
data/transformers/runs_unified_vector_temp_jacobi/results.csv,unified_softmax_richardson,vector_temp_jacobi,row,weak_inverse,K32_cond1000_below_H1_dh16_jacobi_tau5.0_softmax_vector_projected,128,0.02,softmax_vector_projected,5.0,,,,0,,,,,,,,32.0,correlated,1000.0,1.0,32.0,1.0,16.0,16.0,coordinate,jacobi,none,context,3.6347652673721313,3.7417925596237183,1.1295285671949389,1.098146066069603,0.0262432515155524,20.69463348388672,-0.402554951608181,0.2454833984375,0.629284955561161,0.948974609375,0.629284955561161,0.8296665027737617,0.8795233443379402,32.0,0.503638319671154,16.0,1.0,1.0,0.0,153712.263671875,124579.4130859375,16.0,16.0,13.93296229839325,13.93296229839325,4.851996421813965,4.851996421813965,1.3790211230516434,3.6347652673721313,2.635636249144688,0.5604763694243082,0.5730797070795597,below
data/transformers/runs_unified_vector_temp_jacobi/results.csv,unified_softmax_richardson,vector_temp_jacobi,row,weak_inverse,K32_cond1000_below_H1_dh16_jacobi_tau5.0_linear_richardson,128,0.02,linear_richardson,5.0,,,,0,,,,,,,,32.0,correlated,1000.0,1.0,32.0,1.0,16.0,16.0,coordinate,jacobi,none,context,3.6402700543403625,3.747755169868469,1.06813083589077,1.0387932509183884,0.0252699218690395,19.52575135231018,-0.4206300117075443,0.2537841796875,0.6291547417640686,0.951904296875,0.6291547566652298,0.8298057019710541,0.8781113475561142,32.0,0.5036064684391022,16.0,1.0,1.0,0.0,154942.7890625,125713.4755859375,16.0,16.0,13.93269145488739,13.93269145488739,0.0,0.0,1.3775676488876345,3.6402700543403625,2.6424833650603845,0.5611336030884482,0.5737712119254215,below
data/transformers/runs_unified_vector_temp_jacobi/results.csv,unified_softmax_richardson,vector_temp_jacobi,row,weak_inverse,K32_cond10_at_H1_dh32_jacobi_tau0.1_softmax_vector,128,0.02,softmax_vector,0.1,,,,0,,,,,,,,32.0,correlated,10.0,1.0,32.0,1.0,32.0,32.0,coordinate,jacobi,none,context,580575.3254553763,580575.328323384,610609.281535184,610612.5740144412,0.026883453130722,12133278.5126552,-0.3896963074803352,0.9422607421875,0.6397999748587608,0.9476318359375,0.6397995576262474,0.8589826598763466,0.900786742568016,32.0,0.4837080612778663,32.0,0.9999999403953552,0.9999999403953552,1.0,6324.088317871094,80417651885.69113,32.0,32.0,29.11498188972473,29.11498188972473,3.5948211550712585,3.5948211550712585,0.3842993453145027,580575.3254553763,1524441.3195307278,5.763858574302602,5.763858576447991,at
data/transformers/runs_unified_vector_temp_jacobi/results.csv,unified_softmax_richardson,vector_temp_jacobi,row,weak_inverse,K32_cond10_at_H1_dh32_jacobi_tau0.1_softmax_vector_projected,128,0.02,softmax_vector_projected,0.1,,,,0,,,,,,,,32.0,correlated,10.0,1.0,32.0,1.0,32.0,32.0,coordinate,jacobi,none,context,12075358.956435924,12075358.717185516,561055.6921013449,561056.7932721339,0.0265473532490432,9823929.958085764,-0.3970445282757282,0.94091796875,0.6390480846166611,0.9498291015625,0.6390476673841476,0.8587257713079453,0.9036942794919014,32.0,0.4835382997989654,32.0,0.9999999403953552,0.9999999403953552,1.0,6285.279357910156,3282006805036.8774,32.0,32.0,29.186357498168945,29.186357498168945,3.595356047153473,3.595356047153473,0.3865792378783226,12075358.956435924,31516942.96047356,7.081900049608418,7.081900041003694,at
data/transformers/runs_unified_vector_temp_jacobi/results.csv,unified_softmax_richardson,vector_temp_jacobi,row,weak_inverse,K32_cond10_at_H1_dh32_jacobi_tau0.1_linear_richardson,128,0.02,linear_richardson,0.1,,,,0,,,,,,,,32.0,correlated,10.0,1.0,32.0,1.0,32.0,32.0,coordinate,jacobi,none,context,5.87939729257414e-06,0.0104191458085551,0.0256119419354945,4.036040166965904e-06,0.0256019942462444,-0.4138943143188953,-0.4140815436840057,0.9541015625,0.6392894610762596,0.954833984375,0.6392894610762596,0.8590829148888588,0.905998706817627,32.0,0.4835067801177501,32.0,0.9999999403953552,0.9999999403953552,1.0,2.434013657293121e-09,4.46298342726692e-09,32.0,32.0,29.093361854553223,29.093361854553223,0.0,0.0,0.3502804785966873,5.87939729257414e-06,1.6786969038073683e-05,-5.230667191938343,-1.982167884283824,at
data/transformers/runs_unified_vector_temp_jacobi/results.csv,unified_softmax_richardson,vector_temp_jacobi,row,weak_inverse,K32_cond10_at_H1_dh32_jacobi_tau0.2_softmax_vector,128,0.02,softmax_vector,0.2,,,,0,,,,,,,,32.0,correlated,10.0,1.0,32.0,1.0,32.0,32.0,coordinate,jacobi,none,context,0.0002804502400977,0.0106862264219671,0.0263717356137931,0.0001896112189569,0.0261487974785268,-0.3994132839143276,-0.4035654552280903,0.9527587890625,0.6394693106412888,0.95458984375,0.6394693106412888,0.8588526248931885,0.9040082171559334,32.0,0.4833762124180794,32.0,0.9999999403953552,0.9999999403953552,1.0,803.5077056884766,6.019134521484375,32.0,32.0,29.11914277076721,29.11914277076721,4.474192976951599,4.474192976951599,0.3546319045126438,0.0002804502400977,0.0007909595285063,-3.552144183848208,-1.9711756281346635,at
data/transformers/runs_unified_vector_temp_jacobi/results.csv,unified_softmax_richardson,vector_temp_jacobi,row,weak_inverse,K32_cond10_at_H1_dh32_jacobi_tau0.2_softmax_vector_projected,128,0.02,softmax_vector_projected,0.2,,,,0,,,,,,,,32.0,correlated,10.0,1.0,32.0,1.0,32.0,32.0,coordinate,jacobi,none,context,0.0002787624616757,0.0106176773551851,0.0265291919931769,0.0001838049010984,0.0262895314954221,-0.3972327709197998,-0.4017089791595936,0.9501953125,0.6397555693984032,0.9510498046875,0.6397555619478226,0.8587974607944489,0.902937799692154,32.0,0.4835319072008133,32.0,0.9999999403953552,0.9999999403953552,1.0,788.7365341186523,5.977398037910461,32.0,32.0,29.243820428848267,29.243820428848267,4.474360406398773,4.474360406398773,0.3544074483215809,0.0002787624616757,0.0007865926999245,-3.5547657089982643,-1.97397047592382,at
data/transformers/runs_unified_vector_temp_jacobi/results.csv,unified_softmax_richardson,vector_temp_jacobi,row,weak_inverse,K32_cond10_at_H1_dh32_jacobi_tau0.2_linear_richardson,128,0.02,linear_richardson,0.2,,,,0,,,,,,,,32.0,correlated,10.0,1.0,32.0,1.0,32.0,32.0,coordinate,jacobi,none,context,6.0693434420500125e-06,0.0103802768280729,0.0267954119481146,4.440897953372769e-06,0.0267850698437541,-0.3923380374908447,-0.3925107270479202,0.9495849609375,0.6395054161548615,0.9501953125,0.6395054087042809,0.8589128479361534,0.904535174369812,32.0,0.4831149391829967,32.0,0.9999999403953552,0.9999999403953552,1.0,2.420196376640149e-09,4.4553325473373215e-09,32.0,32.0,29.189685821533203,29.189685821533203,0.0,0.0,0.3526268638670444,6.0693434420500125e-06,1.7212890627092682e-05,-5.216858286670511,-1.983791064281261,at
data/transformers/runs_unified_vector_temp_jacobi/results.csv,unified_softmax_richardson,vector_temp_jacobi,row,weak_inverse,K32_cond10_at_H1_dh32_jacobi_tau0.5_softmax_vector,128,0.02,softmax_vector,0.5,,,,0,,,,,,,,32.0,correlated,10.0,1.0,32.0,1.0,32.0,32.0,coordinate,jacobi,none,context,3.789380434682244e-05,0.0104440227150917,0.0269151909742504,2.5079502165681333e-05,0.0268673207610845,-0.3894820623099804,-0.390358030796051,0.9490966796875,0.6393745467066765,0.9510498046875,0.6393745616078377,0.858922965824604,0.9034411534667016,32.0,0.4833810664713382,32.0,0.9999999403953552,0.9999999403953552,1.0,59.128432273864746,0.6783855184912682,32.0,32.0,29.12884020805359,29.12884020805359,4.790164411067963,4.790164411067963,0.352930799126625,3.789380434682244e-05,0.0001073808177533,-4.421431791560773,-1.981132192284917,at
data/transformers/runs_unified_vector_temp_jacobi/results.csv,unified_softmax_richardson,vector_temp_jacobi,row,weak_inverse,K32_cond10_at_H1_dh32_jacobi_tau0.5_softmax_vector_projected,128,0.02,softmax_vector_projected,0.5,,,,0,,,,,,,,32.0,correlated,10.0,1.0,32.0,1.0,32.0,32.0,coordinate,jacobi,none,context,3.764072289413889e-05,0.0104215347673743,0.0262404838576912,2.4324687956323032e-05,0.0261760731227695,-0.4026912301778793,-0.4039087556302547,0.9525146484375,0.638808935880661,0.952880859375,0.6388089433312416,0.8587711602449417,0.9045308902859688,32.0,0.4835279509425163,32.0,0.9999999403953552,0.9999999403953552,1.0,59.96033763885498,0.6749594733119011,32.0,32.0,29.120534896850582,29.120534896850582,4.790178656578064,4.790178656578064,0.3521611243486404,3.764072289413889e-05,0.0001069085519031,-4.424342044492368,-1.9820683182803585,at
data/transformers/runs_unified_vector_temp_jacobi/results.csv,unified_softmax_richardson,vector_temp_jacobi,row,weak_inverse,K32_cond10_at_H1_dh32_jacobi_tau0.5_linear_richardson,128,0.02,linear_richardson,0.5,,,,0,,,,,,,,32.0,correlated,10.0,1.0,32.0,1.0,32.0,32.0,coordinate,jacobi,none,context,5.67056912359476e-06,0.0103702612686902,0.0272720819339156,3.758119447638819e-06,0.0272774146869778,-0.3838751129806041,-0.3837730698287487,0.9508056640625,0.6397264748811722,0.95068359375,0.6397264748811722,0.8589170873165131,0.9051081538200378,32.0,0.4835138991475105,32.0,0.9999999403953552,0.9999999403953552,1.0,2.4090650307950767e-09,4.4512698527121586e-09,32.0,32.0,29.18644666671753,29.18644666671753,0.0,0.0,0.3496862761676311,5.67056912359476e-06,1.6217093947037836e-05,-5.246373351189473,-1.9842103018442188,at
data/transformers/runs_unified_vector_temp_jacobi/results.csv,unified_softmax_richardson,vector_temp_jacobi,row,weak_inverse,K32_cond10_at_H1_dh32_jacobi_tau1.0_softmax_vector,128,0.02,softmax_vector,1.0,,,,0,,,,,,,,32.0,correlated,10.0,1.0,32.0,1.0,32.0,32.0,coordinate,jacobi,none,context,1.3413050396593462e-05,0.0103545091114938,0.0265939475502818,8.752400049161224e-06,0.0265724384225904,-0.3958293721079826,-0.396258320659399,0.9495849609375,0.6392716839909554,0.9493408203125,0.6392716839909554,0.8587057217955589,0.9048731550574304,32.0,0.4838396459817886,32.0,0.9999999403953552,0.9999999403953552,1.0,12.842646837234495,0.1575958635658025,32.0,32.0,29.191453218460083,29.191453218460083,4.836540460586548,4.836540460586548,0.3515240289270878,1.3413050396593462e-05,3.815353022353226e-05,-4.872472443643027,-1.9848704853965893,at
data/transformers/runs_unified_vector_temp_jacobi/results.csv,unified_softmax_richardson,vector_temp_jacobi,row,weak_inverse,K32_cond10_at_H1_dh32_jacobi_tau1.0_softmax_vector_projected,128,0.02,softmax_vector_projected,1.0,,,,0,,,,,,,,32.0,correlated,10.0,1.0,32.0,1.0,32.0,32.0,coordinate,jacobi,none,context,1.32845073039789e-05,0.0104752881452441,0.026597533840686,9.051109032043314e-06,0.0265840936917811,-0.3974424935877323,-0.3977013789117336,0.9495849609375,0.6397567614912987,0.9493408203125,0.6397567540407181,0.8589524701237679,0.9017246589064598,32.0,0.483278390020132,32.0,0.9999999403953552,0.9999999403953552,1.0,12.709044098854063,0.1583206560462713,32.0,32.0,29.16492462158203,29.16492462158203,4.836535513401032,4.836535513401032,0.3498260416090488,1.32845073039789e-05,3.797993969983582e-05,-4.876654548075768,-1.9798340219971449,at
data/transformers/runs_unified_vector_temp_jacobi/results.csv,unified_softmax_richardson,vector_temp_jacobi,row,weak_inverse,K32_cond10_at_H1_dh32_jacobi_tau1.0_linear_richardson,128,0.02,linear_richardson,1.0,,,,0,,,,,,,,32.0,correlated,10.0,1.0,32.0,1.0,32.0,32.0,coordinate,jacobi,none,context,5.834473199683998e-06,0.0103885558201,0.0260253984015434,4.002101348987708e-06,0.0260142968036234,-0.4070918820798397,-0.4072988368570804,0.9498291015625,0.6390502899885178,0.9501953125,0.6390502825379372,0.8589094430208206,0.9039788469672204,32.0,0.4832192026078701,32.0,0.9999999403953552,0.9999999403953552,1.0,2.4137923604339302e-09,4.487871962943757e-09,32.0,32.0,29.106492280960083,29.106492280960083,0.0,0.0,0.3517609052360058,5.834473199683998e-06,1.6584589440205076e-05,-5.233998350723782,-1.9834448223133645,at
data/transformers/runs_unified_vector_temp_jacobi/results.csv,unified_softmax_richardson,vector_temp_jacobi,row,weak_inverse,K32_cond10_at_H1_dh32_jacobi_tau2.0_softmax_vector,128,0.02,softmax_vector,2.0,,,,0,,,,,,,,32.0,correlated,10.0,1.0,32.0,1.0,32.0,32.0,coordinate,jacobi,none,context,7.664758982173225e-06,0.0104336014483124,0.0263498763088136,5.059111288119311e-06,0.0263408389873802,-0.3998313136398792,-0.399981539696455,0.9522705078125,0.639291524887085,0.9525146484375,0.639291524887085,0.8587755933403969,0.9031811282038688,32.0,0.4841512888669967,32.0,0.9999999403953552,0.9999999403953552,1.0,3.056081175804138,0.0391895612701773,32.0,32.0,29.18589496612549,29.18589496612549,4.848155796527863,4.848155796527863,0.3489032313227653,7.664758982173225e-06,2.1969002044315e-05,-5.115501496955451,-1.981565756851188,at
data/transformers/runs_unified_vector_temp_jacobi/results.csv,unified_softmax_richardson,vector_temp_jacobi,row,weak_inverse,K32_cond10_at_H1_dh32_jacobi_tau2.0_softmax_vector_projected,128,0.02,softmax_vector_projected,2.0,,,,0,,,,,,,,32.0,correlated,10.0,1.0,32.0,1.0,32.0,32.0,coordinate,jacobi,none,context,7.86827081356023e-06,0.0103645499330013,0.0263556963764131,5.45042007615848e-06,0.0263498059939593,-0.3999608643352985,-0.400063507258892,0.9532470703125,0.6394588947296143,0.9530029296875,0.6394588798284531,0.859022282063961,0.9087788388133048,32.0,0.4835588969290256,32.0,0.9999999403953552,0.9999999403953552,1.0,3.066999077796936,0.0391652206890285,32.0,32.0,29.123896837234497,29.123896837234497,4.848156094551086,4.848156094551086,0.3484817929565906,7.86827081356023e-06,2.2578781120929667e-05,-5.104120700759465,-1.9844495518294305,at
data/transformers/runs_unified_vector_temp_jacobi/results.csv,unified_softmax_richardson,vector_temp_jacobi,row,weak_inverse,K32_cond10_at_H1_dh32_jacobi_tau2.0_linear_richardson,128,0.02,linear_richardson,2.0,,,,0,,,,,,,,32.0,correlated,10.0,1.0,32.0,1.0,32.0,32.0,coordinate,jacobi,none,context,5.892086107905925e-06,0.0103936227969825,0.025846492499113,3.884779687268747e-06,0.0258482915814965,-0.4086313284933567,-0.4085734151303768,0.9549560546875,0.6396800205111504,0.955078125,0.6396800354123116,0.8588167876005173,0.9016129076480864,32.0,0.4835527092218399,32.0,0.9999999403953552,0.9999999403953552,1.0,2.4497169570647515e-09,4.4625085293681366e-09,32.0,32.0,29.16313409805298,29.16313409805298,0.0,0.0,0.3513986431062221,5.892086107905925e-06,1.6768582628902866e-05,-5.229730914932745,-1.9832330485446792,at
data/transformers/runs_unified_vector_temp_jacobi/results.csv,unified_softmax_richardson,vector_temp_jacobi,row,weak_inverse,K32_cond10_at_H1_dh32_jacobi_tau5.0_softmax_vector,128,0.02,softmax_vector,5.0,,,,0,,,,,,,,32.0,correlated,10.0,1.0,32.0,1.0,32.0,32.0,coordinate,jacobi,none,context,6.152263495096122e-06,0.0103755801683291,0.0267569522839039,3.9883535123408365e-06,0.0267548442352563,-0.3931473940610885,-0.3931673131883144,0.947509765625,0.6392368450760841,0.9478759765625,0.6392368525266647,0.8589432314038277,0.904722236096859,32.0,0.4834850803017616,32.0,0.9999999403953552,0.9999999403953552,1.0,0.4917904771864414,0.0061904899193905,32.0,32.0,29.11215209960937,29.11215209960937,4.851409912109375,4.851409912109375,0.3535565845668316,6.152263495096122e-06,1.739752357597239e-05,-5.210965072423845,-1.983987609617382,at
data/transformers/runs_unified_vector_temp_jacobi/results.csv,unified_softmax_richardson,vector_temp_jacobi,row,weak_inverse,K32_cond10_at_H1_dh32_jacobi_tau5.0_softmax_vector_projected,128,0.02,softmax_vector_projected,5.0,,,,0,,,,,,,,32.0,correlated,10.0,1.0,32.0,1.0,32.0,32.0,coordinate,jacobi,none,context,6.124095307313837e-06,0.0102878542384132,0.0265633089002221,4.012900774341688e-06,0.0265495469793677,-0.3968477509915828,-0.3970951177179813,0.9510498046875,0.639375776052475,0.9505615234375,0.6393757984042168,0.8589056879281998,0.9014741107821465,32.0,0.4832585006952286,32.0,0.9999999403953552,0.9999999403953552,1.0,0.490691352635622,0.0062540450016967,32.0,32.0,29.21788644790649,29.21788644790649,4.85140997171402,4.85140997171402,0.3511894047260284,6.124095307313837e-06,1.7433032953067606e-05,-5.212958059136676,-1.987675197598434,at
data/transformers/runs_unified_vector_temp_jacobi/results.csv,unified_softmax_richardson,vector_temp_jacobi,row,weak_inverse,K32_cond10_at_H1_dh32_jacobi_tau5.0_linear_richardson,128,0.02,linear_richardson,5.0,,,,0,,,,,,,,32.0,correlated,10.0,1.0,32.0,1.0,32.0,32.0,coordinate,jacobi,none,context,5.879656669094402e-06,0.010359451174736,0.0272552033420652,4.1576618627914286e-06,0.0272612271364778,-0.3836808241903782,-0.3835844174027443,0.9488525390625,0.6392820626497269,0.94873046875,0.6392820775508881,0.8588714376091957,0.9062330052256584,32.0,0.4834996722638607,32.0,0.9999999403953552,0.9999999403953552,1.0,2.438222401757173e-09,4.474767778539501e-09,32.0,32.0,29.16387176513672,29.16387176513672,0.0,0.0,0.352029625326395,5.879656669094402e-06,1.6698057224305984e-05,-5.230648032949556,-1.984663252129134,at
data/transformers/runs_unified_vector_temp_jacobi/results.csv,unified_softmax_richardson,vector_temp_jacobi,row,weak_inverse,K32_cond1000_at_H1_dh32_jacobi_tau0.1_softmax_vector,128,0.02,softmax_vector,0.1,,,,0,,,,,,,,32.0,correlated,1000.0,1.0,32.0,1.0,32.0,32.0,coordinate,jacobi,none,context,38447765886632.586,38447765886604.55,2161479979371.377,2161479979368.096,0.0258254387881606,42345770813285.92,-0.4112662822008133,0.9451904296875,0.6290290728211403,0.95166015625,0.6291258409619331,0.8295465931296349,0.8822839260101318,32.0,0.5035496801137924,32.0,0.9999999403953552,0.9999999403953552,1.0,11712.706665039062,1.2247136289618514e+18,32.0,32.0,20.599982738494877,20.599982738494877,3.942924350500107,3.942924350500107,1.7133309543132782,38447765886632.586,22343801097595.125,13.584871108993193,13.584871108992871,at
data/transformers/runs_unified_vector_temp_jacobi/results.csv,unified_softmax_richardson,vector_temp_jacobi,row,weak_inverse,K32_cond1000_at_H1_dh32_jacobi_tau0.1_softmax_vector_projected,128,0.02,softmax_vector_projected,0.1,,,,0,,,,,,,,32.0,correlated,1000.0,1.0,32.0,1.0,32.0,32.0,coordinate,jacobi,none,context,7416010510993422.0,7416010510993427.0,370450492399540.3,370450492399538.2,0.0261036334559321,7123183935073806.0,-0.4045360535383224,0.9417724609375,0.6295709162950516,0.94970703125,0.6296479478478432,0.8300191760063171,0.8794688731431961,32.0,0.5033351257443428,32.0,0.9999999403953552,0.9999999403953552,1.0,11802.12353515625,2.453609985518035e+20,32.0,32.0,20.70454049110413,20.70454049110413,3.942994385957718,3.942994385957718,1.6963545680046082,7416010510993422.0,4431970476999373.0,15.870170336678944,15.870170336678944,at
data/transformers/runs_unified_vector_temp_jacobi/results.csv,unified_softmax_richardson,vector_temp_jacobi,row,weak_inverse,K32_cond1000_at_H1_dh32_jacobi_tau0.1_linear_richardson,128,0.02,linear_richardson,0.1,,,,0,,,,,,,,32.0,correlated,1000.0,1.0,32.0,1.0,32.0,32.0,coordinate,jacobi,none,context,5.535850846172252e-06,0.1056045880541205,0.0258249293547123,6.164657513352267e-07,0.0258282118011266,-0.4101807177066803,-0.4101209715008735,0.9505615234375,0.6295801028609276,0.9510498046875,0.629580095410347,0.8299787268042564,0.8776613175868988,32.0,0.5032236650586128,32.0,0.9999999403953552,0.9999999403953552,1.0,5.252885793005646e-09,9.137503642620004e-09,32.0,32.0,20.66439247131348,20.66439247131348,0.0,0.0,1.031717672944069,5.535850846172252e-06,5.369975505418297e-06,-5.256815619699598,-0.976317213210327,at
data/transformers/runs_unified_vector_temp_jacobi/results.csv,unified_softmax_richardson,vector_temp_jacobi,row,weak_inverse,K32_cond1000_at_H1_dh32_jacobi_tau0.2_softmax_vector,128,0.02,softmax_vector,0.2,,,,0,,,,,,,,32.0,correlated,1000.0,1.0,32.0,1.0,32.0,32.0,coordinate,jacobi,none,context,1.14068692951696,1.2482596253976226,0.1074135631788522,0.0811870636480307,0.0257783241104334,1.1660278961062431,-0.4112106971442699,0.947998046875,0.6295216903090477,0.9493408203125,0.6295216903090477,0.8298206925392151,0.8812161535024643,32.0,0.5030544698238373,32.0,0.9999999403953552,0.9999999403953552,1.0,3250.4832153320312,59450.52524518967,32.0,32.0,20.78376317024231,20.78376317024231,4.505422115325928,4.505422115325928,1.2359075248241425,1.14068692951696,0.9080007338674484,0.0571664652422063,0.0963049236083462,at
data/transformers/runs_unified_vector_temp_jacobi/results.csv,unified_softmax_richardson,vector_temp_jacobi,row,weak_inverse,K32_cond1000_at_H1_dh32_jacobi_tau0.2_softmax_vector_projected,128,0.02,softmax_vector_projected,0.2,,,,0,,,,,,,,32.0,correlated,1000.0,1.0,32.0,1.0,32.0,32.0,coordinate,jacobi,none,context,0.0023388570698443,0.1087829861789941,0.0255877987947314,0.0001839176602516,0.025432702852413,-0.4157177768647671,-0.4187950938940048,0.9517822265625,0.6291157528758049,0.950927734375,0.6291157603263855,0.8296626880764961,0.8786636963486671,32.0,0.5036513060331345,32.0,0.9999999403953552,0.9999999403953552,1.0,3202.039825439453,9.768054366111755,32.0,32.0,20.82057929039001,20.82057929039001,4.505329787731171,4.505329787731171,1.2403347194194794,0.0023388570698443,0.0018862679012617,-2.6309963175985183,-0.963439023630254,at
data/transformers/runs_unified_vector_temp_jacobi/results.csv,unified_softmax_richardson,vector_temp_jacobi,row,weak_inverse,K32_cond1000_at_H1_dh32_jacobi_tau0.2_linear_richardson,128,0.02,linear_richardson,0.2,,,,0,,,,,,,,32.0,correlated,1000.0,1.0,32.0,1.0,32.0,32.0,coordinate,jacobi,none,context,5.9760217823168205e-06,0.105944282375276,0.0266855880618095,5.871137318536057e-07,0.0266835649963468,-0.3933920376002788,-0.3934271186590194,0.9456787109375,0.6293274536728859,0.9456787109375,0.6293274536728859,0.8300614207983017,0.8814443349838257,32.0,0.5034773200750351,32.0,0.9999999403953552,0.9999999403953552,1.0,5.288003201986413e-09,9.612757700949714e-09,32.0,32.0,20.688249826431274,20.688249826431274,0.0,0.0,1.038392812013626,5.9760217823168205e-06,5.754769558231151e-06,-5.223587828206922,-0.9749224764224752,at
data/transformers/runs_unified_vector_temp_jacobi/results.csv,unified_softmax_richardson,vector_temp_jacobi,row,weak_inverse,K32_cond1000_at_H1_dh32_jacobi_tau0.5_softmax_vector,128,0.02,softmax_vector,0.5,,,,0,,,,,,,,32.0,correlated,1000.0,1.0,32.0,1.0,32.0,32.0,coordinate,jacobi,none,context,0.0002579815336503,0.1062726909294724,0.025792735395953,1.936602143359778e-05,0.0257704604882746,-0.4104606695473194,-0.4108989760279655,0.9493408203125,0.6295876652002335,0.94873046875,0.6295876652002335,0.8294196352362633,0.8779938817024231,32.0,0.503367193043232,32.0,0.9999999403953552,0.9999999403953552,1.0,166.78422355651855,0.93645191937685,32.0,32.0,20.802262783050537,20.802262783050537,4.790456533432007,4.790456533432007,1.0704965144395828,0.0002579815336503,0.0002410239079774,-3.588411379776286,-0.9735783225168768,at
data/transformers/runs_unified_vector_temp_jacobi/results.csv,unified_softmax_richardson,vector_temp_jacobi,row,weak_inverse,K32_cond1000_at_H1_dh32_jacobi_tau0.5_softmax_vector_projected,128,0.02,softmax_vector_projected,0.5,,,,0,,,,,,,,32.0,correlated,1000.0,1.0,32.0,1.0,32.0,32.0,coordinate,jacobi,none,context,0.0002562454392318,0.1065630530938506,0.0257275181356817,2.0210086404404137e-05,0.0257160731125623,-0.4116922877728939,-0.4119190163910389,0.9471435546875,0.62965127825737,0.94775390625,0.6296512857079506,0.829568400979042,0.8809561133384705,32.0,0.503547690808773,32.0,0.9999999403953552,0.9999999403953552,1.0,161.79131507873535,0.9400575160980223,32.0,32.0,20.61738085746765,20.61738085746765,4.790387332439423,4.790387332439423,1.0686524212360382,0.0002562454392318,0.0002398549347083,-3.591343855630092,-0.972393345204392,at
data/transformers/runs_unified_vector_temp_jacobi/results.csv,unified_softmax_richardson,vector_temp_jacobi,row,weak_inverse,K32_cond1000_at_H1_dh32_jacobi_tau0.5_linear_richardson,128,0.02,linear_richardson,0.5,,,,0,,,,,,,,32.0,correlated,1000.0,1.0,32.0,1.0,32.0,32.0,coordinate,jacobi,none,context,5.240171731202281e-06,0.1053238529711961,0.0254670006688684,6.020395204586748e-07,0.0254666262771934,-0.4178731851279735,-0.4178855419158935,0.9515380859375,0.6296175345778465,0.9515380859375,0.6296175345778465,0.8297341465950012,0.8803805410861969,32.0,0.5036024525761604,32.0,0.9999999403953552,0.9999999403953552,1.0,5.203036668177674e-09,9.37266231293421e-09,32.0,32.0,20.6454119682312,20.6454119682312,0.0,0.0,1.0352284461259842,5.240171731202281e-06,5.062808050284876e-06,-5.280654480059898,-0.9774732618568716,at
data/transformers/runs_unified_vector_temp_jacobi/results.csv,unified_softmax_richardson,vector_temp_jacobi,row,weak_inverse,K32_cond1000_at_H1_dh32_jacobi_tau1.0_softmax_vector,128,0.02,softmax_vector,1.0,,,,0,,,,,,,,32.0,correlated,1000.0,1.0,32.0,1.0,32.0,32.0,coordinate,jacobi,none,context,6.061960630177055e-05,0.1070081070065498,0.0263821512926369,4.6890073690519785e-06,0.0263734813779592,-0.3991374596953392,-0.3993100151419639,0.94921875,0.6295987069606781,0.94921875,0.6295987069606781,0.8298308849334717,0.8807953745126724,32.0,0.5033398941159248,32.0,0.9999999403953552,0.9999999403953552,1.0,22.398863315582275,0.1937268860638141,32.0,32.0,20.623268127441406,20.623268127441406,4.8365525007247925,4.8365525007247925,1.051357463002205,6.061960630177055e-05,5.767128459581698e-05,-4.217386888514814,-0.970583318624736,at
data/transformers/runs_unified_vector_temp_jacobi/results.csv,unified_softmax_richardson,vector_temp_jacobi,row,weak_inverse,K32_cond1000_at_H1_dh32_jacobi_tau1.0_softmax_vector_projected,128,0.02,softmax_vector_projected,1.0,,,,0,,,,,,,,32.0,correlated,1000.0,1.0,32.0,1.0,32.0,32.0,coordinate,jacobi,none,context,6.058579901946359e-05,0.1059408569708466,0.0256883888505399,4.911735857149324e-06,0.0256811087019741,-0.4130983017385006,-0.4132166989147663,0.952392578125,0.6297086104750633,0.951904296875,0.6297086030244827,0.8295934796333313,0.878988578915596,32.0,0.5032948702573776,32.0,0.9999999403953552,0.9999999403953552,1.0,21.494162797927856,0.1908924840390682,32.0,32.0,20.68755388259888,20.68755388259888,4.836553335189819,4.836553335189819,1.042965531349182,6.058579901946359e-05,5.810735716898737e-05,-4.217629160160965,-0.9749365183156132,at
data/transformers/runs_unified_vector_temp_jacobi/results.csv,unified_softmax_richardson,vector_temp_jacobi,row,weak_inverse,K32_cond1000_at_H1_dh32_jacobi_tau1.0_linear_richardson,128,0.02,linear_richardson,1.0,,,,0,,,,,,,,32.0,correlated,1000.0,1.0,32.0,1.0,32.0,32.0,coordinate,jacobi,none,context,5.534673732654483e-06,0.1056761071085929,0.0256339777261018,6.227905515743259e-07,0.0256380124483257,-0.4147465229034424,-0.414671640843153,0.951171875,0.629245325922966,0.950927734375,0.629245325922966,0.8298363462090492,0.8814607784152031,32.0,0.5028129145503044,32.0,0.9999999403953552,0.9999999403953552,1.0,5.152397841712286e-09,9.28479093609269e-09,32.0,32.0,20.46752381324768,20.46752381324768,0.0,0.0,1.041276827454567,5.534673732654483e-06,5.309972379246564e-06,-5.256907975559273,-0.9760231936183266,at
data/transformers/runs_unified_vector_temp_jacobi/results.csv,unified_softmax_richardson,vector_temp_jacobi,row,weak_inverse,K32_cond1000_at_H1_dh32_jacobi_tau2.0_softmax_vector,128,0.02,softmax_vector,2.0,,,,0,,,,,,,,32.0,correlated,1000.0,1.0,32.0,1.0,32.0,32.0,coordinate,jacobi,none,context,1.9211610833735904e-05,0.1059270529076457,0.0261544683016836,1.642731177753376e-06,0.0261582189705222,-0.4042396545410156,-0.4041650258004665,0.9488525390625,0.6293938308954239,0.94873046875,0.6293938308954239,0.8300733417272568,0.8819461464881897,32.0,0.5031893327832222,32.0,0.9999999403953552,0.9999999403953552,1.0,4.318263471126556,0.0456872326321899,32.0,32.0,20.63856863975525,20.63856863975525,4.84815639257431,4.84815639257431,1.036024570465088,1.9211610833735904e-05,1.85429466840498e-05,-4.716436219371867,-0.9749931104487772,at
data/transformers/runs_unified_vector_temp_jacobi/results.csv,unified_softmax_richardson,vector_temp_jacobi,row,weak_inverse,K32_cond1000_at_H1_dh32_jacobi_tau2.0_softmax_vector_projected,128,0.02,softmax_vector_projected,2.0,,,,0,,,,,,,,32.0,correlated,1000.0,1.0,32.0,1.0,32.0,32.0,coordinate,jacobi,none,context,1.906657939798606e-05,0.1060248976573348,0.0257458095438778,1.654209071944024e-06,0.0257457862608134,-0.4113670699298382,-0.4113645106554031,0.9500732421875,0.6298249885439873,0.9503173828125,0.6298249885439873,0.8300526961684227,0.8809375539422035,32.0,0.5028935968875885,32.0,0.9999999403953552,0.9999999403953552,1.0,4.367886900901794,0.045674021821469,32.0,32.0,20.723269939422607,20.723269939422607,4.848153412342072,4.848153412342072,1.0319742858409882,1.906657939798606e-05,1.8483053952738875e-05,-4.719727213709497,-0.974592138079535,at
data/transformers/runs_unified_vector_temp_jacobi/results.csv,unified_softmax_richardson,vector_temp_jacobi,row,weak_inverse,K32_cond1000_at_H1_dh32_jacobi_tau2.0_linear_richardson,128,0.02,linear_richardson,2.0,,,,0,,,,,,,,32.0,correlated,1000.0,1.0,32.0,1.0,32.0,32.0,coordinate,jacobi,none,context,5.67019088748566e-06,0.1062306324020028,0.0262229454237967,6.376842449640208e-07,0.0262264285702258,-0.4019971936941147,-0.4019306227564811,0.9449462890625,0.6293448507785797,0.94482421875,0.6293448582291603,0.8301466405391693,0.8819886893033981,32.0,0.503189355134964,32.0,0.9999999403953552,0.9999999403953552,1.0,5.314695850078266e-09,9.321621585733908e-09,32.0,32.0,20.731035470962524,20.731035470962524,0.0,0.0,1.0369065254926682,5.67019088748566e-06,5.469208539562512e-06,-5.246402320298235,-0.973750233114313,at
data/transformers/runs_unified_vector_temp_jacobi/results.csv,unified_softmax_richardson,vector_temp_jacobi,row,weak_inverse,K32_cond1000_at_H1_dh32_jacobi_tau5.0_softmax_vector,128,0.02,softmax_vector,5.0,,,,0,,,,,,,,32.0,correlated,1000.0,1.0,32.0,1.0,32.0,32.0,coordinate,jacobi,none,context,7.93281486721753e-06,0.1062412811443209,0.0260030834469944,7.337595206990954e-07,0.0260031928773969,-0.4067637100815773,-0.4067521877586841,0.9482421875,0.6289640069007874,0.9482421875,0.628964014351368,0.8299095034599304,0.878683477640152,32.0,0.5033049285411835,32.0,0.9999999403953552,0.9999999403953552,1.0,0.6364772990345955,0.0072136148810386,32.0,32.0,20.73471426963806,20.73471426963806,4.851410448551178,4.851410448551178,1.0303253382444382,7.93281486721753e-06,7.700132367000559e-06,-5.100572680982199,-0.9737067008661708,at
data/transformers/runs_unified_vector_temp_jacobi/results.csv,unified_softmax_richardson,vector_temp_jacobi,row,weak_inverse,K32_cond1000_at_H1_dh32_jacobi_tau5.0_softmax_vector_projected,128,0.02,softmax_vector_projected,5.0,,,,0,,,,,,,,32.0,correlated,1000.0,1.0,32.0,1.0,32.0,32.0,coordinate,jacobi,none,context,7.570456318717333e-06,0.1063429303467273,0.0254149914253503,7.911994970299929e-07,0.0254135008435696,-0.418449804186821,-0.4184740222990513,0.951171875,0.6293909549713135,0.950927734375,0.6293909624218941,0.8301127329468727,0.8799399435520172,32.0,0.5028173625469208,32.0,0.9999999403953552,0.9999999403953552,1.0,0.6471839547157288,0.0071616948698647,32.0,32.0,20.612159729003903,20.612159729003903,4.851410388946533,4.851410388946533,1.043354034423828,7.570456318717333e-06,7.26009312306948e-06,-5.120877942068206,-0.9732913765977336,at
data/transformers/runs_unified_vector_temp_jacobi/results.csv,unified_softmax_richardson,vector_temp_jacobi,row,weak_inverse,K32_cond1000_at_H1_dh32_jacobi_tau5.0_linear_richardson,128,0.02,linear_richardson,5.0,,,,0,,,,,,,,32.0,correlated,1000.0,1.0,32.0,1.0,32.0,32.0,coordinate,jacobi,none,context,5.715480540402496e-06,0.1058523170650005,0.0261199120432138,7.082099315880441e-07,0.0261156484484672,-0.4044601358473301,-0.4045359194278717,0.9478759765625,0.6294664219021797,0.947998046875,0.6294663995504379,0.8297708109021187,0.8822958394885063,32.0,0.5036637634038925,32.0,0.9999999403953552,0.9999999403953552,1.0,5.297368654844092e-09,9.507105769301916e-09,32.0,32.0,20.586332082748413,20.586332082748413,0.0,0.0,1.0400227308273315,5.715480540402496e-06,5.492944669373207e-06,-5.242947249560629,-0.9752996310075336,at
data/transformers/runs_unified_vector_temp_jacobi/results.csv,unified_softmax_richardson,vector_temp_jacobi,row,weak_inverse,K32_cond10_above_H1_dh64_jacobi_tau0.1_softmax_vector,128,0.02,softmax_vector,0.1,,,,0,,,,,,,,32.0,correlated,10.0,1.0,32.0,1.0,64.0,64.0,coordinate,jacobi,none,context,0.0004332240168878,0.0108030799310654,0.0269305952824652,0.0003000487522513,0.0266311184968799,-0.3905265517532825,-0.3960172832012176,0.9515380859375,0.6396227926015854,0.9510498046875,0.6396227926015854,0.8589564114809036,0.9034230932593346,32.0,0.4835060015320778,32.0,0.9999999403953552,0.9999999403953552,1.0,1570.7808380126953,9.83556032180786,32.0,32.0,29.2370548248291,29.2370548248291,4.222832500934601,4.222832500934601,0.3568361476063728,0.0004332240168878,0.0012141317909741,-3.3632874751475126,-1.9664524105893972,above
data/transformers/runs_unified_vector_temp_jacobi/results.csv,unified_softmax_richardson,vector_temp_jacobi,row,weak_inverse,K32_cond10_above_H1_dh64_jacobi_tau0.1_softmax_vector_projected,128,0.02,softmax_vector_projected,0.1,,,,0,,,,,,,,32.0,correlated,10.0,1.0,32.0,1.0,64.0,64.0,coordinate,jacobi,none,context,0.0004320146654208,0.0107816574163734,0.0264468668028712,0.0002907512534875,0.0260798481758683,-0.3984258063137531,-0.4052936471998691,0.9544677734375,0.6397629305720329,0.9554443359375,0.6397629305720329,0.8586058244109154,0.904207482933998,32.0,0.4838411957025528,32.0,0.9999999403953552,0.9999999403953552,1.0,1570.4288177490234,9.897087097167969,32.0,32.0,29.28134083747864,29.28134083747864,4.223000288009644,4.223000288009644,0.3588600121438503,0.0004320146654208,0.0012039561649087,-3.3645015101220075,-1.9673144718528015,above
data/transformers/runs_unified_vector_temp_jacobi/results.csv,unified_softmax_richardson,vector_temp_jacobi,row,weak_inverse,K32_cond10_above_H1_dh64_jacobi_tau0.1_linear_richardson,128,0.02,linear_richardson,0.1,,,,0,,,,,,,,32.0,correlated,10.0,1.0,32.0,1.0,64.0,64.0,coordinate,jacobi,none,context,5.842730502081395e-06,0.0103601498994976,0.0268386360257864,4.00215961349204e-06,0.0268266843631863,-0.3921343758702278,-0.3923513703048229,0.947509765625,0.6394451707601547,0.9473876953125,0.6394451707601547,0.8588605299592018,0.9063045009970664,32.0,0.4836560003459453,32.0,0.9999999403953552,0.9999999403953552,1.0,2.402063992157366e-09,4.3993892417937275e-09,32.0,32.0,29.146195888519287,29.146195888519287,0.0,0.0,0.3497851081192493,5.842730502081395e-06,1.6686834546192825e-05,-5.233384145207477,-1.9846339608018195,above
data/transformers/runs_unified_vector_temp_jacobi/results.csv,unified_softmax_richardson,vector_temp_jacobi,row,weak_inverse,K32_cond10_above_H1_dh64_jacobi_tau0.2_softmax_vector,128,0.02,softmax_vector,0.2,,,,0,,,,,,,,32.0,correlated,10.0,1.0,32.0,1.0,64.0,64.0,coordinate,jacobi,none,context,7.744182676105993e-05,0.0104759803507477,0.0271829352714121,5.328656425263034e-05,0.0271484330296516,-0.3838830441236496,-0.3845348358154297,0.950439453125,0.6394807770848274,0.9498291015625,0.6394807770848274,0.8591289967298508,0.9037434980273248,32.0,0.4834597557783127,32.0,0.9999999403953552,0.9999999403953552,1.0,200.9931240081787,1.6192676275968552,32.0,32.0,29.13792943954468,29.13792943954468,4.663086712360382,4.663086712360382,0.351693294942379,7.744182676105993e-05,0.0002202134361485,-4.111024411085886,-1.979805324829647,above
data/transformers/runs_unified_vector_temp_jacobi/results.csv,unified_softmax_richardson,vector_temp_jacobi,row,weak_inverse,K32_cond10_above_H1_dh64_jacobi_tau0.2_softmax_vector_projected,128,0.02,softmax_vector_projected,0.2,,,,0,,,,,,,,32.0,correlated,10.0,1.0,32.0,1.0,64.0,64.0,coordinate,jacobi,none,context,7.634078883711481e-05,0.0104489559307694,0.0269004250876605,5.127214399180957e-05,0.0268252906389534,-0.3894515484571457,-0.3908352330327034,0.9488525390625,0.6393263787031174,0.9481201171875,0.6393263638019562,0.8590035662055016,0.9020640775561332,32.0,0.4834713749587536,32.0,0.9999999403953552,0.9999999403953552,1.0,200.21872520446777,1.609926164150238,32.0,32.0,29.180262088775635,29.180262088775635,4.663256287574768,4.663256287574768,0.3518028780817985,7.634078883711481e-05,0.000217016054929,-4.117243356754799,-1.9809271024867596,above
data/transformers/runs_unified_vector_temp_jacobi/results.csv,unified_softmax_richardson,vector_temp_jacobi,row,weak_inverse,K32_cond10_above_H1_dh64_jacobi_tau0.2_linear_richardson,128,0.02,linear_richardson,0.2,,,,0,,,,,,,,32.0,correlated,10.0,1.0,32.0,1.0,64.0,64.0,coordinate,jacobi,none,context,5.976931788609363e-06,0.0103628184879198,0.0264563162345439,3.843264408942559e-06,0.0264540058560669,-0.3978960216045379,-0.3979385271668434,0.9483642578125,0.6398517787456512,0.948974609375,0.6398517787456512,0.8590719625353813,0.902016319334507,32.0,0.4834164194762707,32.0,0.9999999403953552,0.9999999403953552,1.0,2.435788321042409e-09,4.463839908819267e-09,32.0,32.0,29.12755012512207,29.12755012512207,0.0,0.0,0.3510706834495067,5.976931788609363e-06,1.701308485027234e-05,-5.223521700498859,-1.9845221087533107,above
data/transformers/runs_unified_vector_temp_jacobi/results.csv,unified_softmax_richardson,vector_temp_jacobi,row,weak_inverse,K32_cond10_above_H1_dh64_jacobi_tau0.5_softmax_vector,128,0.02,softmax_vector,0.5,,,,0,,,,,,,,32.0,correlated,10.0,1.0,32.0,1.0,64.0,64.0,coordinate,jacobi,none,context,1.3962725120109098e-05,0.0104154865257442,0.0264621267560869,9.207339189742925e-06,0.0264526091050356,-0.3981335461139679,-0.3983136974275112,0.9517822265625,0.6393609941005707,0.9522705078125,0.6393609941005707,0.8588860481977463,0.9074220880866052,32.0,0.4831512905657291,32.0,0.9999999403953552,0.9999999403953552,1.0,14.799229621887209,0.170701652765274,32.0,32.0,29.041810989379883,29.041810989379883,4.821095645427704,4.821095645427704,0.3498105742037296,1.3962725120109098e-05,3.991853364697812e-05,-4.855029811718198,-1.9823204385812436,above
data/transformers/runs_unified_vector_temp_jacobi/results.csv,unified_softmax_richardson,vector_temp_jacobi,row,weak_inverse,K32_cond10_above_H1_dh64_jacobi_tau0.5_softmax_vector_projected,128,0.02,softmax_vector_projected,0.5,,,,0,,,,,,,,32.0,correlated,10.0,1.0,32.0,1.0,64.0,64.0,coordinate,jacobi,none,context,1.3770197142548568e-05,0.0103645952185615,0.0263339166995137,9.154376357400906e-06,0.0263096510898321,-0.399121630936861,-0.3995732776820659,0.9532470703125,0.6392418444156647,0.9537353515625,0.6392418444156647,0.858740046620369,0.9024810940027236,32.0,0.4838709309697151,32.0,0.9999999403953552,0.9999999403953552,1.0,14.857981204986572,0.1690962463617324,32.0,32.0,29.14539361000061,29.14539361000061,4.821112155914307,4.821112155914307,0.3512798063457012,1.3770197142548568e-05,3.91939967022382e-05,-4.861059842073642,-1.9844476542819187,above
data/transformers/runs_unified_vector_temp_jacobi/results.csv,unified_softmax_richardson,vector_temp_jacobi,row,weak_inverse,K32_cond10_above_H1_dh64_jacobi_tau0.5_linear_richardson,128,0.02,linear_richardson,0.5,,,,0,,,,,,,,32.0,correlated,10.0,1.0,32.0,1.0,64.0,64.0,coordinate,jacobi,none,context,5.967844629140018e-06,0.0103839117800816,0.02675436809659,4.240883100692372e-06,0.0267457084264606,-0.3924116753041744,-0.3925411179661751,0.94677734375,0.6393461674451828,0.946533203125,0.6393461525440216,0.8586738407611847,0.9049766659736632,32.0,0.4835761860013008,32.0,0.9999999403953552,0.9999999403953552,1.0,2.4453355729203707e-09,4.516681195720906e-09,32.0,32.0,29.14252281188965,29.14252281188965,0.0,0.0,0.3537318408489227,5.967844629140018e-06,1.6866569276796124e-05,-5.224182492101322,-1.983639010218828,above
data/transformers/runs_unified_vector_temp_jacobi/results.csv,unified_softmax_richardson,vector_temp_jacobi,row,weak_inverse,K32_cond10_above_H1_dh64_jacobi_tau1.0_softmax_vector,128,0.02,softmax_vector,1.0,,,,0,,,,,,,,32.0,correlated,10.0,1.0,32.0,1.0,64.0,64.0,coordinate,jacobi,none,context,7.584769150525972e-06,0.0103753503644838,0.0278635364957153,5.058565875515342e-06,0.027843831339851,-0.3714305907487869,-0.3717799969017505,0.943603515625,0.6396594792604446,0.943603515625,0.639659471809864,0.8587563931941986,0.90287833660841,32.0,0.4837202206254005,32.0,0.9999999403953552,0.9999999403953552,1.0,3.200629234313965,0.0397268459200859,32.0,32.0,29.1170175075531,29.1170175075531,4.844280958175659,4.844280958175659,0.350263524800539,7.584769150525972e-06,2.1653981794231523e-05,-5.120057632830897,-1.983997228708128,above
data/transformers/runs_unified_vector_temp_jacobi/results.csv,unified_softmax_richardson,vector_temp_jacobi,row,weak_inverse,K32_cond10_above_H1_dh64_jacobi_tau1.0_softmax_vector_projected,128,0.02,softmax_vector_projected,1.0,,,,0,,,,,,,,32.0,correlated,10.0,1.0,32.0,1.0,64.0,64.0,coordinate,jacobi,none,context,7.77541504248802e-06,0.0103792671579867,0.0266829521860927,5.156660279226344e-06,0.0266750901937484,-0.3935130313038826,-0.3936635814607143,0.949951171875,0.6390194073319435,0.949951171875,0.6390194147825241,0.858795627951622,0.9063002690672874,32.0,0.4835489615797996,32.0,0.9999999403953552,0.9999999403953552,1.0,3.2105117440223694,0.039729724638164,32.0,32.0,29.216041803359985,29.216041803359985,4.844281792640686,4.844281792640686,0.3510077409446239,7.77541504248802e-06,2.214845999242253e-05,-5.10927641955496,-1.9838333093467235,above
data/transformers/runs_unified_vector_temp_jacobi/results.csv,unified_softmax_richardson,vector_temp_jacobi,row,weak_inverse,K32_cond10_above_H1_dh64_jacobi_tau1.0_linear_richardson,128,0.02,linear_richardson,1.0,,,,0,,,,,,,,32.0,correlated,10.0,1.0,32.0,1.0,64.0,64.0,coordinate,jacobi,none,context,5.772246993274166e-06,0.0104130249237641,0.0263293029274791,3.882392235254883e-06,0.026322228135541,-0.4008153975009918,-0.4009322300553322,0.9495849609375,0.6393692195415497,0.94970703125,0.6393692120909691,0.8587572202086449,0.9041465893387794,32.0,0.4835943840444088,32.0,0.9999999403953552,0.9999999403953552,1.0,2.448862918003058e-09,4.4840660629041915e-09,32.0,32.0,29.14286494255066,29.14286494255066,0.0,0.0,0.3517538346350193,5.772246993274166e-06,1.6414430431078315e-05,-5.238655093808442,-1.982423092115956,above
data/transformers/runs_unified_vector_temp_jacobi/results.csv,unified_softmax_richardson,vector_temp_jacobi,row,weak_inverse,K32_cond10_above_H1_dh64_jacobi_tau2.0_softmax_vector,128,0.02,softmax_vector,2.0,,,,0,,,,,,,,32.0,correlated,10.0,1.0,32.0,1.0,64.0,64.0,coordinate,jacobi,none,context,6.546676729612955e-06,0.0103034800849854,0.0271007532719522,4.337662460329739e-06,0.0270962149370461,-0.3867993168532848,-0.3868748992681503,0.9471435546875,0.6393990442156792,0.9473876953125,0.6393990442156792,0.8587999567389488,0.9047528058290482,32.0,0.483523491770029,32.0,0.9999999403953552,0.9999999403953552,1.0,0.7645819261670113,0.0097723341314122,32.0,32.0,29.24377942085266,29.24377942085266,4.850093185901642,4.850093185901642,0.3511008843779564,6.546676729612955e-06,1.8647390155907815e-05,-5.183979103710888,-1.98701606399034,above
data/transformers/runs_unified_vector_temp_jacobi/results.csv,unified_softmax_richardson,vector_temp_jacobi,row,weak_inverse,K32_cond10_above_H1_dh64_jacobi_tau2.0_softmax_vector_projected,128,0.02,softmax_vector_projected,2.0,,,,0,,,,,,,,32.0,correlated,10.0,1.0,32.0,1.0,64.0,64.0,coordinate,jacobi,none,context,6.083299126657948e-06,0.0104372409405186,0.026591818081215,3.8610377259828965e-06,0.0265843584202229,-0.396110039204359,-0.3962400518357754,0.94775390625,0.6395214647054672,0.9476318359375,0.6395214647054672,0.8586316183209419,0.905802808701992,32.0,0.4838005788624286,32.0,0.9999999403953552,0.9999999403953552,1.0,0.7600539475679398,0.009787191171199,32.0,32.0,29.19223642349243,29.19223642349243,4.850093185901642,4.850093185901642,0.35089872777462,6.083299126657948e-06,1.7336253759197176e-05,-5.215860827978478,-1.9814142908615848,above
data/transformers/runs_unified_vector_temp_jacobi/results.csv,unified_softmax_richardson,vector_temp_jacobi,row,weak_inverse,K32_cond10_above_H1_dh64_jacobi_tau2.0_linear_richardson,128,0.02,linear_richardson,2.0,,,,0,,,,,,,,32.0,correlated,10.0,1.0,32.0,1.0,64.0,64.0,coordinate,jacobi,none,context,5.852437823250512e-06,0.0104546307120472,0.0261768084019422,4.047356583214423e-06,0.0261786552146077,-0.4037520699203014,-0.4037154130637645,0.953125,0.639656201004982,0.953125,0.6396561861038208,0.8588768318295479,0.9066010862588882,32.0,0.4837637953460216,32.0,0.9999999403953552,0.9999999403953552,1.0,2.443899832504925e-09,4.435485367881853e-09,32.0,32.0,29.181362867355347,29.181362867355347,0.0,0.0,0.3505020290613174,5.852437823250512e-06,1.669260464164027e-05,-5.232663191584802,-1.980691303119158,above
data/transformers/runs_unified_vector_temp_jacobi/results.csv,unified_softmax_richardson,vector_temp_jacobi,row,weak_inverse,K32_cond10_above_H1_dh64_jacobi_tau5.0_softmax_vector,128,0.02,softmax_vector,5.0,,,,0,,,,,,,,32.0,correlated,10.0,1.0,32.0,1.0,64.0,64.0,coordinate,jacobi,none,context,5.925668347117608e-06,0.010347188450396,0.0265466053970158,4.000548386784431e-06,0.0265298592858016,-0.3974377736449241,-0.3977443873882293,0.9476318359375,0.6391040831804276,0.9476318359375,0.639104075729847,0.858904205262661,0.9055742472410202,32.0,0.4833681173622608,32.0,0.9999999403953552,0.9999999403953552,1.0,0.1212433548644185,0.0015558420564047,32.0,32.0,29.17708420753479,29.17708420753479,4.8517202734947205,4.8517202734947205,0.3509230054914951,5.925668347117608e-06,1.6883638051455557e-05,-5.227262659141386,-1.9851776411592184,above
data/transformers/runs_unified_vector_temp_jacobi/results.csv,unified_softmax_richardson,vector_temp_jacobi,row,weak_inverse,K32_cond10_above_H1_dh64_jacobi_tau5.0_softmax_vector_projected,128,0.02,softmax_vector_projected,5.0,,,,0,,,,,,,,32.0,correlated,10.0,1.0,32.0,1.0,64.0,64.0,coordinate,jacobi,none,context,6.129618725481123e-06,0.010341707849875,0.026485632173717,4.202955693699551e-06,0.026479257736355,-0.3981435447931289,-0.3982437364757061,0.9517822265625,0.6395951509475708,0.9521484375,0.6395951583981514,0.8586238250136375,0.9050993621349336,32.0,0.4838421568274498,32.0,0.9999999403953552,0.9999999403953552,1.0,0.1212943801656365,0.0015503588947467,32.0,32.0,29.08882021903992,29.08882021903992,4.8517202734947205,4.8517202734947205,0.3512901850044727,6.129618725481123e-06,1.7441459941472998e-05,-5.212566538625044,-1.9854077350786723,above
data/transformers/runs_unified_vector_temp_jacobi/results.csv,unified_softmax_richardson,vector_temp_jacobi,row,weak_inverse,K32_cond10_above_H1_dh64_jacobi_tau5.0_linear_richardson,128,0.02,linear_richardson,5.0,,,,0,,,,,,,,32.0,correlated,10.0,1.0,32.0,1.0,64.0,64.0,coordinate,jacobi,none,context,5.735611125601281e-06,0.0103853225009515,0.0265314662829041,4.00296048042037e-06,0.0265281081665307,-0.397004172205925,-0.3970738649368286,0.9521484375,0.6397814676165581,0.9525146484375,0.6397814750671387,0.8587566241621971,0.9061162695288658,32.0,0.4836356081068516,32.0,0.9999999403953552,0.9999999403953552,1.0,2.421166878097125e-09,4.455843694017858e-09,32.0,32.0,29.13811469078064,29.13811469078064,0.0,0.0,0.3519938997924328,5.735611125601281e-06,1.6293452702269715e-05,-5.241420301505288,-1.983580012541595,above
data/transformers/runs_unified_vector_temp_jacobi/results.csv,unified_softmax_richardson,vector_temp_jacobi,row,weak_inverse,K32_cond1000_above_H1_dh64_jacobi_tau0.1_softmax_vector,128,0.02,softmax_vector,0.1,,,,0,,,,,,,,32.0,correlated,1000.0,1.0,32.0,1.0,64.0,64.0,coordinate,jacobi,none,context,0.0026405726966913,0.1090413061901927,0.0262937622610479,0.0002062934563582,0.0261685205623507,-0.4004743881523609,-0.4028598144650459,0.94677734375,0.6291953772306442,0.947998046875,0.6291953772306442,0.8299647495150566,0.8845006003975868,32.0,0.5029275715351105,32.0,0.9999999403953552,0.9999999403953552,1.0,2888.867462158203,11.439196825027466,32.0,32.0,20.63768744468689,20.63768744468689,4.397379338741303,4.397379338741303,1.243290290236473,0.0026405726966913,0.0021245243263283,-2.578301871600096,-0.9624089547908136,above
data/transformers/runs_unified_vector_temp_jacobi/results.csv,unified_softmax_richardson,vector_temp_jacobi,row,weak_inverse,K32_cond1000_above_H1_dh64_jacobi_tau0.1_softmax_vector_projected,128,0.02,softmax_vector_projected,0.1,,,,0,,,,,,,,32.0,correlated,1000.0,1.0,32.0,1.0,64.0,64.0,coordinate,jacobi,none,context,0.0026180483109783,0.1080052694305777,0.0262325191870331,0.0002136753173545,0.026023686863482,-0.403304822742939,-0.4073063991963863,0.9488525390625,0.6296688988804817,0.94970703125,0.6296689063310623,0.8296545743942261,0.87991613894701,32.0,0.5034446716308594,32.0,0.9999999403953552,0.9999999403953552,1.0,2995.331329345703,11.45964288711548,32.0,32.0,20.53435850143433,20.53435850143433,4.397790312767029,4.397790312767029,1.2547432780265808,0.0026180483109783,0.0020868294464466,-2.582022343653207,-0.966555055357534,above
data/transformers/runs_unified_vector_temp_jacobi/results.csv,unified_softmax_richardson,vector_temp_jacobi,row,weak_inverse,K32_cond1000_above_H1_dh64_jacobi_tau0.1_linear_richardson,128,0.02,linear_richardson,0.1,,,,0,,,,,,,,32.0,correlated,1000.0,1.0,32.0,1.0,64.0,64.0,coordinate,jacobi,none,context,5.486923043918068e-06,0.106188453733921,0.0259582086000591,6.245830022066912e-07,0.0259563608560711,-0.4078345373272896,-0.4078741148114204,0.9498291015625,0.629640243947506,0.9500732421875,0.629640243947506,0.829925611615181,0.8830118477344513,32.0,0.503182902932167,32.0,0.9999999403953552,0.9999999403953552,1.0,5.212246245722696e-09,9.563936975709453e-09,32.0,32.0,20.70819997787476,20.70819997787476,0.0,0.0,1.041203424334526,5.486923043918068e-06,5.267943314780945e-06,-5.260671130898527,-0.9739227031439688,above
data/transformers/runs_unified_vector_temp_jacobi/results.csv,unified_softmax_richardson,vector_temp_jacobi,row,weak_inverse,K32_cond1000_above_H1_dh64_jacobi_tau0.2_softmax_vector,128,0.02,softmax_vector,0.2,,,,0,,,,,,,,32.0,correlated,1000.0,1.0,32.0,1.0,64.0,64.0,coordinate,jacobi,none,context,0.0006647099580732,0.1065647155046463,0.0252455840818583,5.5734724355716025e-05,0.0252208330202847,-0.421772588044405,-0.4222929552197456,0.951416015625,0.6297009140253067,0.952392578125,0.6297009140253067,0.8296895250678062,0.8790497407317162,32.0,0.5032084956765175,32.0,0.9999999403953552,0.9999999403953552,1.0,813.1284713745117,3.056112617254257,32.0,32.0,20.6401846408844,20.6401846408844,4.678890287876129,4.678890287876129,1.1197733283042908,0.0006647099580732,0.0005937063313531,-3.177367814976644,-0.9723865701526004,above
data/transformers/runs_unified_vector_temp_jacobi/results.csv,unified_softmax_richardson,vector_temp_jacobi,row,weak_inverse,K32_cond1000_above_H1_dh64_jacobi_tau0.2_softmax_vector_projected,128,0.02,softmax_vector_projected,0.2,,,,0,,,,,,,,32.0,correlated,1000.0,1.0,32.0,1.0,64.0,64.0,coordinate,jacobi,none,context,0.0006709030785714,0.10703965742141,0.0259256935678422,5.7297209878015565e-05,0.0258650286123156,-0.407986719161272,-0.4091452993452549,0.9483642578125,0.6293894499540329,0.94873046875,0.6293894425034523,0.8300786763429642,0.8793237954378128,32.0,0.5032136142253876,32.0,0.9999999403953552,0.9999999403953552,1.0,802.3839950561523,3.156601428985596,32.0,32.0,20.6086847782135,20.6086847782135,4.678285777568817,4.678285777568817,1.1024403721094131,0.0006709030785714,0.0006089299217615,-3.173340215273459,-0.9704552895260774,above
data/transformers/runs_unified_vector_temp_jacobi/results.csv,unified_softmax_richardson,vector_temp_jacobi,row,weak_inverse,K32_cond1000_above_H1_dh64_jacobi_tau0.2_linear_richardson,128,0.02,linear_richardson,0.2,,,,0,,,,,,,,32.0,correlated,1000.0,1.0,32.0,1.0,64.0,64.0,coordinate,jacobi,none,context,5.478071784636995e-06,0.1069275522604584,0.0252106841653585,5.82904110757454e-07,0.0252102757804095,-0.422726709395647,-0.4227352328598499,0.954833984375,0.6295896098017693,0.95458984375,0.6295896247029305,0.8296391516923904,0.8776824623346329,32.0,0.5031823068857193,32.0,0.9999999403953552,0.9999999403953552,1.0,5.133228009324142e-09,9.299233938442342e-09,32.0,32.0,20.68667984008789,20.68667984008789,0.0,0.0,1.0267279595136642,5.478071784636995e-06,5.3379264512091965e-06,-5.261372281051122,-0.9709103747451774,above
data/transformers/runs_unified_vector_temp_jacobi/results.csv,unified_softmax_richardson,vector_temp_jacobi,row,weak_inverse,K32_cond1000_above_H1_dh64_jacobi_tau0.5_softmax_vector,128,0.02,softmax_vector,0.5,,,,0,,,,,,,,32.0,correlated,1000.0,1.0,32.0,1.0,64.0,64.0,coordinate,jacobi,none,context,6.960446626180783e-05,0.1061108820140361,0.0259984617587178,5.449968625725887e-06,0.0259944098070263,-0.4068300127983093,-0.4069183468818664,0.9525146484375,0.6295937299728394,0.9527587890625,0.6295937299728394,0.829828605055809,0.8800505846738815,32.0,0.5032109245657921,32.0,0.9999999403953552,0.9999999403953552,1.0,41.71262073516846,0.2434548027813434,32.0,32.0,20.59789776802063,20.59789776802063,4.821253418922424,4.821253418922424,1.0539242327213287,6.960446626180783e-05,6.605064467047497e-05,-4.157362892420678,-0.9742400755114172,above
data/transformers/runs_unified_vector_temp_jacobi/results.csv,unified_softmax_richardson,vector_temp_jacobi,row,weak_inverse,K32_cond1000_above_H1_dh64_jacobi_tau0.5_softmax_vector_projected,128,0.02,softmax_vector_projected,0.5,,,,0,,,,,,,,32.0,correlated,1000.0,1.0,32.0,1.0,64.0,64.0,coordinate,jacobi,none,context,6.945998666196829e-05,0.1064171446487307,0.0257966767530888,5.610279288248421e-06,0.0257766090799123,-0.4105838872492313,-0.4109716787934303,0.9505615234375,0.6295654252171516,0.9508056640625,0.6295654326677322,0.8299800157546997,0.8795282244682312,32.0,0.5028322115540504,32.0,0.9999999403953552,0.9999999403953552,1.0,39.18226480484009,0.2422767002135515,32.0,32.0,20.67688488960266,20.67688488960266,4.8212316036224365,4.8212316036224365,1.03437502682209,6.945998666196829e-05,6.71829527819399e-05,-4.158265304420508,-0.9729883981075608,above
data/transformers/runs_unified_vector_temp_jacobi/results.csv,unified_softmax_richardson,vector_temp_jacobi,row,weak_inverse,K32_cond1000_above_H1_dh64_jacobi_tau0.5_linear_richardson,128,0.02,linear_richardson,0.5,,,,0,,,,,,,,32.0,correlated,1000.0,1.0,32.0,1.0,64.0,64.0,coordinate,jacobi,none,context,5.597480821961653e-06,0.1059555625542998,0.0255521247163414,5.645287117772568e-07,0.0255508553236722,-0.4154929332435131,-0.4155202247202396,0.951416015625,0.6294451430439949,0.9515380859375,0.6294451355934143,0.8299875259399414,0.8781992048025131,32.0,0.5031087473034859,32.0,0.9999999403953552,0.9999999403953552,1.0,5.268282754489206e-09,9.328938177510793e-09,32.0,32.0,20.704801321029663,20.704801321029663,0.0,0.0,1.039303719997406,5.597480821961653e-06,5.385713481769117e-06,-5.252007385722223,-0.9748762383564572,above
data/transformers/runs_unified_vector_temp_jacobi/results.csv,unified_softmax_richardson,vector_temp_jacobi,row,weak_inverse,K32_cond1000_above_H1_dh64_jacobi_tau1.0_softmax_vector,128,0.02,softmax_vector,1.0,,,,0,,,,,,,,32.0,correlated,1000.0,1.0,32.0,1.0,64.0,64.0,coordinate,jacobi,none,context,1.9306399963170406e-05,0.1070769028738141,0.0259471519384533,1.649327742825335e-06,0.0259442662354558,-0.4077219255268574,-0.4077629558742046,0.948974609375,0.6297001019120216,0.9488525390625,0.629700094461441,0.8298246040940285,0.8816139921545982,32.0,0.5035070553421974,32.0,0.9999999403953552,0.9999999403953552,1.0,5.431637704372406,0.0480098612606525,32.0,32.0,20.673848628997803,20.673848628997803,4.844297647476196,4.844297647476196,1.039560705423355,1.9306399963170406e-05,1.8576059961184844e-05,-4.714298700943043,-0.9703041989743152,above
data/transformers/runs_unified_vector_temp_jacobi/results.csv,unified_softmax_richardson,vector_temp_jacobi,row,weak_inverse,K32_cond1000_above_H1_dh64_jacobi_tau1.0_softmax_vector_projected,128,0.02,softmax_vector_projected,1.0,,,,0,,,,,,,,32.0,correlated,1000.0,1.0,32.0,1.0,64.0,64.0,coordinate,jacobi,none,context,1.9194728793081595e-05,0.1056870846077799,0.026150886202231,1.6689451882712092e-06,0.0261441480834037,-0.4037508741021156,-0.4038749895989895,0.95068359375,0.6297308728098869,0.950927734375,0.6297308802604675,0.8297514095902443,0.8810543790459633,32.0,0.5033172518014908,32.0,0.9999999403953552,0.9999999403953552,1.0,5.374105453491211,0.0482137552462518,32.0,32.0,20.700727224349976,20.700727224349976,4.8442928194999695,4.8442928194999695,1.0385550111532211,1.9194728793081595e-05,1.8488227539911985e-05,-4.716818019753933,-0.9759780820046384,above
data/transformers/runs_unified_vector_temp_jacobi/results.csv,unified_softmax_richardson,vector_temp_jacobi,row,weak_inverse,K32_cond1000_above_H1_dh64_jacobi_tau1.0_linear_richardson,128,0.02,linear_richardson,1.0,,,,0,,,,,,,,32.0,correlated,1000.0,1.0,32.0,1.0,64.0,64.0,coordinate,jacobi,none,context,5.615858128749096e-06,0.1064887484535574,0.0262408624403178,6.207893079590576e-07,0.0262373769655823,-0.4028710797429085,-0.4029294736683368,0.947021484375,0.6292064264416695,0.9468994140625,0.6292064264416695,0.8298763856291771,0.880919024348259,32.0,0.5031168088316917,32.0,0.9999999403953552,0.9999999403953552,1.0,5.284408632899584e-09,9.48243550347172e-09,32.0,32.0,20.707194089889526,20.707194089889526,0.0,0.0,1.0324983596801758,5.615858128749096e-06,5.440948568136796e-06,-5.25058387215312,-0.9726962771329946,above
data/transformers/runs_unified_vector_temp_jacobi/results.csv,unified_softmax_richardson,vector_temp_jacobi,row,weak_inverse,K32_cond1000_above_H1_dh64_jacobi_tau2.0_softmax_vector,128,0.02,softmax_vector,2.0,,,,0,,,,,,,,32.0,correlated,1000.0,1.0,32.0,1.0,64.0,64.0,coordinate,jacobi,none,context,9.261611239708143e-06,0.106542651541531,0.0255087371915578,9.124722240017036e-07,0.0255097059998661,-0.4162437058985233,-0.4162279702723026,0.9527587890625,0.6295398101210594,0.9530029296875,0.62953981757164,0.8300083950161934,0.8833988755941391,32.0,0.5031867325305939,32.0,0.9999999403953552,0.9999999403953552,1.0,1.0846459120512009,0.0115319453179836,32.0,32.0,20.66574788093567,20.66574788093567,4.850094139575958,4.850094139575958,1.042860507965088,9.261611239708143e-06,8.875424688245429e-06,-5.033313452665487,-0.9724764990705624,above
data/transformers/runs_unified_vector_temp_jacobi/results.csv,unified_softmax_richardson,vector_temp_jacobi,row,weak_inverse,K32_cond1000_above_H1_dh64_jacobi_tau2.0_softmax_vector_projected,128,0.02,softmax_vector_projected,2.0,,,,0,,,,,,,,32.0,correlated,1000.0,1.0,32.0,1.0,64.0,64.0,coordinate,jacobi,none,context,9.199509804602712e-06,0.1066077584400773,0.0259879438672214,9.118876675984212e-07,0.0259945874568074,-0.4061970189213753,-0.4060697704553604,0.9503173828125,0.6291645541787148,0.9503173828125,0.6291645392775536,0.8299950137734413,0.8811072111129761,32.0,0.5032546296715736,32.0,0.9999999403953552,0.9999999403953552,1.0,1.0931972414255142,0.0114370683440938,32.0,32.0,20.718547344207764,20.718547344207764,4.85009491443634,4.85009491443634,1.0447132885456083,9.199509804602712e-06,8.805735079912641e-06,-5.036235313396607,-0.9722111881321104,above
data/transformers/runs_unified_vector_temp_jacobi/results.csv,unified_softmax_richardson,vector_temp_jacobi,row,weak_inverse,K32_cond1000_above_H1_dh64_jacobi_tau2.0_linear_richardson,128,0.02,linear_richardson,2.0,,,,0,,,,,,,,32.0,correlated,1000.0,1.0,32.0,1.0,64.0,64.0,coordinate,jacobi,none,context,5.758885322393326e-06,0.1061231363564729,0.0259874963667243,6.329616013545092e-07,0.0259897531941533,-0.4073862619698047,-0.4073477424681186,0.9478759765625,0.6296671107411385,0.94775390625,0.6296671256422997,0.8300033807754517,0.8781985938549042,32.0,0.5028123557567596,32.0,0.9999999403953552,0.9999999403953552,1.0,5.2737271771796665e-09,9.425434543963718e-09,32.0,32.0,20.77708530426025,20.77708530426025,0.0,0.0,1.0369905978441238,5.758885322393326e-06,5.5557779912519945e-06,-5.239661569559631,-0.9741899233883368,above
data/transformers/runs_unified_vector_temp_jacobi/results.csv,unified_softmax_richardson,vector_temp_jacobi,row,weak_inverse,K32_cond1000_above_H1_dh64_jacobi_tau5.0_softmax_vector,128,0.02,softmax_vector,5.0,,,,0,,,,,,,,32.0,correlated,1000.0,1.0,32.0,1.0,64.0,64.0,coordinate,jacobi,none,context,5.933635691235395e-06,0.1064498843625187,0.0258402100298553,6.537693764130381e-07,0.0258442119229584,-0.4105655513703823,-0.4104889929294586,0.9481201171875,0.6297288611531258,0.9481201171875,0.6297288611531258,0.8298051953315735,0.8794383108615875,32.0,0.5034032464027405,32.0,0.9999999403953552,0.9999999403953552,1.0,0.1595841497182846,0.0017876858910312,32.0,32.0,20.697309494018555,20.697309494018555,4.85172039270401,4.85172039270401,1.0276192873716354,5.933635691235395e-06,5.774244843154234e-06,-5.226679121676597,-0.972854806003463,above
data/transformers/runs_unified_vector_temp_jacobi/results.csv,unified_softmax_richardson,vector_temp_jacobi,row,weak_inverse,K32_cond1000_above_H1_dh64_jacobi_tau5.0_softmax_vector_projected,128,0.02,softmax_vector_projected,5.0,,,,0,,,,,,,,32.0,correlated,1000.0,1.0,32.0,1.0,64.0,64.0,coordinate,jacobi,none,context,5.949806165972404e-06,0.1066620163619518,0.0260452267248183,5.628358508147357e-07,0.0260458283592015,-0.4063095524907112,-0.4063001833856106,0.9493408203125,0.6292819827795029,0.949462890625,0.6292819827795029,0.8297431096434593,0.8809580057859421,32.0,0.5028028935194016,32.0,0.9999999403953552,0.9999999403953552,1.0,0.1614932492375373,0.0018091261881636,32.0,32.0,20.69368934631348,20.69368934631348,4.851719975471497,4.851719975471497,1.0334762334823608,5.949806165972404e-06,5.7580296101070745e-06,-5.225497182577301,-0.9719902105782128,above
data/transformers/runs_unified_vector_temp_jacobi/results.csv,unified_softmax_richardson,vector_temp_jacobi,row,weak_inverse,K32_cond1000_above_H1_dh64_jacobi_tau5.0_linear_richardson,128,0.02,linear_richardson,5.0,,,,0,,,,,,,,32.0,correlated,1000.0,1.0,32.0,1.0,64.0,64.0,coordinate,jacobi,none,context,5.297882694321743e-06,0.106213254854083,0.0265273952390998,6.013928981474237e-07,0.0265287414658814,-0.3962013386189937,-0.3961781933903694,0.9466552734375,0.6294056996703148,0.9464111328125,0.6294056996703148,0.8295685052871704,0.8848810940980911,32.0,0.5035296827554703,32.0,0.9999999403953552,0.9999999403953552,1.0,5.215493981136632e-09,9.308578019506797e-09,32.0,32.0,20.665314197540283,20.665314197540283,0.0,0.0,1.0374070405960083,5.297882694321743e-06,5.106981915929594e-06,-5.275897662077439,-0.9738212822114168,above
