source_file,benchmark,experiment,record_kind,run_id,seed,norm,d_h,tau,eta,q_equals_k,use_mlp,residual,data_kind,steps,R_spike,S_token_var,C_col_imbalance,gap,H_attn,H_query,spike_col_load,max_col_load,K,n_ctx,task,depth,normalized,pred_mse,mean_mse,var_mse,exact_mse,kappa,resid_last,benchmark_family,step,loss,train_context,eval_context,d_model,heads,shared,normalize_attention,share_qk,rich_mse,rich_mean_mse,rich_var_mse,rich_kappa,rich_resid_last,trainctx_mse,trainctx_mean_mse,trainctx_var_mse,trainctx_nll,trainctx_exact_nll,trainctx_coverage,trainctx_width,trainctx_exact_coverage,trainctx_exact_width,evalctx_mse,evalctx_mean_mse,evalctx_var_mse,evalctx_nll,evalctx_exact_nll,evalctx_coverage,evalctx_width,evalctx_exact_coverage,evalctx_exact_width
retrieval_smoothing_runs_gpu_full/sweep_results.csv,retrieval_smoothing,gpu_sweep_final,row,0.0,0.0,softmax,4.0,0.1,1.0,False,True,True,linear,300.0,0.3393921256065368,7.78117036819458,0.0950724333524704,0.0126320309937,1.5497969388961792,1.583661675453186,1.1491003036499023,1.586210012435913,,,,,,,,,,,,,,,,,,,,,,,,,,,,,,,,,,,,,,,,,,,,
retrieval_smoothing_runs_gpu_full/sweep_results.csv,retrieval_smoothing,gpu_sweep_final,row,0.0,1.0,softmax,4.0,0.1,1.0,False,True,True,linear,300.0,0.2086503803730011,12.178192138671877,0.0746959149837493,0.0494883991777896,2.0961735248565674,2.1849164962768555,1.0862295627593994,1.6311984062194824,,,,,,,,,,,,,,,,,,,,,,,,,,,,,,,,,,,,,,,,,,,,
retrieval_smoothing_runs_gpu_full/sweep_results.csv,retrieval_smoothing,gpu_sweep_final,row,1.0,1000.0,softmax,4.0,0.2,1.0,False,True,True,linear,300.0,0.33955979347229,8.508459091186523,0.0854650288820266,0.015788547694683,1.614648461341858,1.6023422479629517,1.1518948078155518,1.5200495719909668,,,,,,,,,,,,,,,,,,,,,,,,,,,,,,,,,,,,,,,,,,,,
retrieval_smoothing_runs_gpu_full/sweep_results.csv,retrieval_smoothing,gpu_sweep_final,row,1.0,1001.0,softmax,4.0,0.2,1.0,False,True,True,linear,300.0,0.0825331062078476,8.577448844909668,0.0116304066032171,0.046557180583477,2.794684410095215,2.8300859928131104,1.0024406909942627,1.177781581878662,,,,,,,,,,,,,,,,,,,,,,,,,,,,,,,,,,,,,,,,,,,,
retrieval_smoothing_runs_gpu_full/sweep_results.csv,retrieval_smoothing,gpu_sweep_final,row,2.0,2000.0,softmax,4.0,0.4,1.0,False,True,True,linear,300.0,0.0810609608888626,8.515724182128906,0.0480759851634502,0.0590776391327381,2.829066753387451,2.877720594406128,1.0319697856903076,1.2583556175231934,,,,,,,,,,,,,,,,,,,,,,,,,,,,,,,,,,,,,,,,,,,,
retrieval_smoothing_runs_gpu_full/sweep_results.csv,retrieval_smoothing,gpu_sweep_final,row,2.0,2001.0,softmax,4.0,0.4,1.0,False,True,True,linear,300.0,0.087989255785942,9.16176986694336,0.0194373484700918,0.0375791080296039,2.6565330028533936,2.7007765769958496,1.0132352113723757,1.2093188762664795,,,,,,,,,,,,,,,,,,,,,,,,,,,,,,,,,,,,,,,,,,,,
retrieval_smoothing_runs_gpu_full/sweep_results.csv,retrieval_smoothing,gpu_sweep_final,row,3.0,3000.0,softmax,4.0,0.8,1.0,False,True,True,linear,300.0,0.2475132495164871,8.112632751464844,0.0453354530036449,0.0383462682366371,2.090256929397583,2.109808921813965,1.097337245941162,1.343432903289795,,,,,,,,,,,,,,,,,,,,,,,,,,,,,,,,,,,,,,,,,,,,
retrieval_smoothing_runs_gpu_full/sweep_results.csv,retrieval_smoothing,gpu_sweep_final,row,3.0,3001.0,softmax,4.0,0.8,1.0,False,True,True,linear,300.0,0.0863673537969589,7.208633422851562,0.051285047084093,0.0463683679699897,2.799232721328736,2.8474225997924805,1.0230202674865725,1.29193377494812,,,,,,,,,,,,,,,,,,,,,,,,,,,,,,,,,,,,,,,,,,,,
retrieval_smoothing_runs_gpu_full/sweep_results.csv,retrieval_smoothing,gpu_sweep_final,row,4.0,4000.0,softmax,8.0,0.1,1.0,False,True,True,linear,300.0,0.9235227108001708,4.310643672943115,0.4283314049243927,0.0009859539568424,0.7296295166015625,0.2378089129924774,1.6131956577301023,2.681968212127685,,,,,,,,,,,,,,,,,,,,,,,,,,,,,,,,,,,,,,,,,,,,
retrieval_smoothing_runs_gpu_full/sweep_results.csv,retrieval_smoothing,gpu_sweep_final,row,4.0,4001.0,softmax,8.0,0.1,1.0,False,True,True,linear,300.0,0.8638252019882202,4.864170074462891,0.4312790036201477,0.0005765110254287,0.6711603403091431,0.3274106383323669,1.557710886001587,2.680464744567871,,,,,,,,,,,,,,,,,,,,,,,,,,,,,,,,,,,,,,,,,,,,
retrieval_smoothing_runs_gpu_full/sweep_results.csv,retrieval_smoothing,gpu_sweep_final,row,5.0,5000.0,softmax,8.0,0.2,1.0,False,True,True,linear,300.0,0.6485282182693481,5.862753868103027,0.2937486469745636,0.0034108981490135,0.9414685964584352,0.822417676448822,1.4142932891845703,2.2884926795959477,,,,,,,,,,,,,,,,,,,,,,,,,,,,,,,,,,,,,,,,,,,,
retrieval_smoothing_runs_gpu_full/sweep_results.csv,retrieval_smoothing,gpu_sweep_final,row,5.0,5001.0,softmax,8.0,0.2,1.0,False,True,True,linear,300.0,0.8456189632415771,4.682071685791016,0.3951602578163147,0.0022817254066467,0.7520925402641296,0.4280798733234405,1.5335462093353271,2.5713553428649902,,,,,,,,,,,,,,,,,,,,,,,,,,,,,,,,,,,,,,,,,,,,
retrieval_smoothing_runs_gpu_full/sweep_results.csv,retrieval_smoothing,gpu_sweep_final,row,6.0,6000.0,softmax,8.0,0.4,1.0,False,True,True,linear,300.0,0.3595001697540283,6.637028694152832,0.1553388833999633,0.0085733458399772,1.442152738571167,1.484542965888977,1.2236158847808838,1.8202672004699707,,,,,,,,,,,,,,,,,,,,,,,,,,,,,,,,,,,,,,,,,,,,
retrieval_smoothing_runs_gpu_full/sweep_results.csv,retrieval_smoothing,gpu_sweep_final,row,6.0,6001.0,softmax,8.0,0.4,1.0,False,True,True,linear,300.0,0.7680597901344299,5.116536617279053,0.3253595232963562,0.0046148374676704,0.9130613207817078,0.576324462890625,1.573049545288086,2.4170889854431152,,,,,,,,,,,,,,,,,,,,,,,,,,,,,,,,,,,,,,,,,,,,
retrieval_smoothing_runs_gpu_full/sweep_results.csv,retrieval_smoothing,gpu_sweep_final,row,7.0,7000.0,softmax,8.0,0.8,1.0,False,True,True,linear,300.0,0.6359968185424805,5.58241605758667,0.2306274026632309,0.0065874867141246,1.1042896509170532,0.923937976360321,1.2934556007385254,2.070335149765014,,,,,,,,,,,,,,,,,,,,,,,,,,,,,,,,,,,,,,,,,,,,
retrieval_smoothing_runs_gpu_full/sweep_results.csv,retrieval_smoothing,gpu_sweep_final,row,7.0,7001.0,softmax,8.0,0.8,1.0,False,True,True,linear,300.0,0.6556060314178467,6.774181365966797,0.2303078323602676,0.0084773264825344,1.1072757244110107,0.903856098651886,1.3329060077667236,2.064743995666504,,,,,,,,,,,,,,,,,,,,,,,,,,,,,,,,,,,,,,,,,,,,
retrieval_smoothing_runs_gpu_full/sweep_results.csv,retrieval_smoothing,gpu_sweep_final,row,8.0,8000.0,softmax,16.0,0.1,1.0,False,True,True,linear,300.0,0.9882087707519532,3.033143997192383,0.5202129483222961,0.000824935734272,0.7168335914611816,0.0376897305250167,1.5661884546279907,3.019676685333252,,,,,,,,,,,,,,,,,,,,,,,,,,,,,,,,,,,,,,,,,,,,
retrieval_smoothing_runs_gpu_full/sweep_results.csv,retrieval_smoothing,gpu_sweep_final,row,8.0,8001.0,softmax,16.0,0.1,1.0,False,True,True,linear,300.0,0.9798719882965088,3.238643169403076,0.5187650322914124,0.0005770921707153,0.6787344217300415,0.0710190087556839,1.636458396911621,2.932696580886841,,,,,,,,,,,,,,,,,,,,,,,,,,,,,,,,,,,,,,,,,,,,
retrieval_smoothing_runs_gpu_full/sweep_results.csv,retrieval_smoothing,gpu_sweep_final,row,9.0,9000.0,softmax,16.0,0.2,1.0,False,True,True,linear,300.0,0.9710559844970704,3.480222463607788,0.5025638937950134,0.0005091540515422,0.6884687542915344,0.0951666831970214,1.60003924369812,2.901952743530273,,,,,,,,,,,,,,,,,,,,,,,,,,,,,,,,,,,,,,,,,,,,
retrieval_smoothing_runs_gpu_full/sweep_results.csv,retrieval_smoothing,gpu_sweep_final,row,9.0,9001.0,softmax,16.0,0.2,1.0,False,True,True,linear,300.0,0.9686340093612672,3.005113124847412,0.514331579208374,0.0007042028009891,0.6839109063148499,0.1067254692316055,1.6582133769989014,2.989199161529541,,,,,,,,,,,,,,,,,,,,,,,,,,,,,,,,,,,,,,,,,,,,
retrieval_smoothing_runs_gpu_full/sweep_results.csv,retrieval_smoothing,gpu_sweep_final,row,10.0,10000.0,softmax,16.0,0.4,1.0,False,True,True,linear,300.0,0.9503926634788512,3.3000383377075195,0.4447777867317199,0.0015144124627113,0.770473301410675,0.1625287681818008,1.6771612167358398,2.722649574279785,,,,,,,,,,,,,,,,,,,,,,,,,,,,,,,,,,,,,,,,,,,,
retrieval_smoothing_runs_gpu_full/sweep_results.csv,retrieval_smoothing,gpu_sweep_final,row,10.0,10001.0,softmax,16.0,0.4,1.0,False,True,True,linear,300.0,0.924669861793518,4.435581684112549,0.4705552160739898,0.0009808726608753,0.6450966000556946,0.2244411408901214,1.6731321811676023,2.818829298019409,,,,,,,,,,,,,,,,,,,,,,,,,,,,,,,,,,,,,,,,,,,,
retrieval_smoothing_runs_gpu_full/sweep_results.csv,retrieval_smoothing,gpu_sweep_final,row,11.0,11000.0,softmax,16.0,0.8,1.0,False,True,True,linear,300.0,0.9190045595169068,4.165067195892334,0.4220315814018249,0.0014923699200153,0.7741408348083496,0.2376600056886673,1.610271453857422,2.7056193351745605,,,,,,,,,,,,,,,,,,,,,,,,,,,,,,,,,,,,,,,,,,,,
retrieval_smoothing_runs_gpu_full/sweep_results.csv,retrieval_smoothing,gpu_sweep_final,row,11.0,11001.0,softmax,16.0,0.8,1.0,False,True,True,linear,300.0,0.9295710325241088,4.388493061065674,0.4061985611915588,0.0012233033776283,0.7357235550880432,0.214849978685379,1.5257997512817385,2.6815764904022217,,,,,,,,,,,,,,,,,,,,,,,,,,,,,,,,,,,,,,,,,,,,
retrieval_smoothing_runs_gpu_full/sweep_results.csv,retrieval_smoothing,gpu_sweep_final,row,12.0,12000.0,softmax,32.0,0.1,1.0,False,True,True,linear,300.0,0.9990030527114868,1.7196838855743408,0.5793023109436035,0.0001588873565196,0.7031691074371338,0.0068098213523626,1.6669833660125732,3.1911115646362305,,,,,,,,,,,,,,,,,,,,,,,,,,,,,,,,,,,,,,,,,,,,
retrieval_smoothing_runs_gpu_full/sweep_results.csv,retrieval_smoothing,gpu_sweep_final,row,12.0,12001.0,softmax,32.0,0.1,1.0,False,True,True,linear,300.0,0.9984499216079712,1.5684765577316284,0.5564221739768982,0.0001990236341953,0.7119906544685364,0.0085353180766105,1.7764862775802612,3.064720630645752,,,,,,,,,,,,,,,,,,,,,,,,,,,,,,,,,,,,,,,,,,,,
retrieval_smoothing_runs_gpu_full/sweep_results.csv,retrieval_smoothing,gpu_sweep_final,row,13.0,13000.0,softmax,32.0,0.2,1.0,False,True,True,linear,300.0,0.9970638751983644,1.7815197706222534,0.5027550458908081,0.0004163607954978,0.7966431975364685,0.0172344781458377,1.6703405380249023,2.967380285263061,,,,,,,,,,,,,,,,,,,,,,,,,,,,,,,,,,,,,,,,,,,,
retrieval_smoothing_runs_gpu_full/sweep_results.csv,retrieval_smoothing,gpu_sweep_final,row,13.0,13001.0,softmax,32.0,0.2,1.0,False,True,True,linear,300.0,0.9944549202919006,1.9004442691802976,0.5034916400909424,0.0002063326537609,0.7693243026733398,0.0260268375277519,1.673937201499939,2.9641361236572266,,,,,,,,,,,,,,,,,,,,,,,,,,,,,,,,,,,,,,,,,,,,
retrieval_smoothing_runs_gpu_full/sweep_results.csv,retrieval_smoothing,gpu_sweep_final,row,14.0,14000.0,softmax,32.0,0.4,1.0,False,True,True,linear,300.0,0.9926218390464784,2.248772621154785,0.4876481294631958,0.0005530156195163,0.7585859298706055,0.0331454500555992,1.616584062576294,2.9229536056518555,,,,,,,,,,,,,,,,,,,,,,,,,,,,,,,,,,,,,,,,,,,,
retrieval_smoothing_runs_gpu_full/sweep_results.csv,retrieval_smoothing,gpu_sweep_final,row,14.0,14001.0,softmax,32.0,0.4,1.0,False,True,True,linear,300.0,0.9938594102859496,1.904518723487854,0.4617920815944671,0.000494822859764,0.8627641797065735,0.0287431627511978,1.6812570095062256,2.880486011505127,,,,,,,,,,,,,,,,,,,,,,,,,,,,,,,,,,,,,,,,,,,,
retrieval_smoothing_runs_gpu_full/sweep_results.csv,retrieval_smoothing,gpu_sweep_final,row,15.0,15000.0,softmax,32.0,0.8,1.0,False,True,True,linear,300.0,0.9856271147727966,2.481663465499878,0.4292360842227936,0.0013867653906345,0.839228630065918,0.055394772440195,1.6378262042999268,2.753591299057007,,,,,,,,,,,,,,,,,,,,,,,,,,,,,,,,,,,,,,,,,,,,
retrieval_smoothing_runs_gpu_full/sweep_results.csv,retrieval_smoothing,gpu_sweep_final,row,15.0,15001.0,softmax,32.0,0.8,1.0,False,True,True,linear,300.0,0.9924824237823486,2.5920426845550537,0.4369885921478271,0.0015599280595779,0.8798428773880005,0.0397835224866867,1.6571836471557615,2.7976412773132324,,,,,,,,,,,,,,,,,,,,,,,,,,,,,,,,,,,,,,,,,,,,
retrieval_smoothing_runs_gpu_full/sweep_results.csv,retrieval_smoothing,gpu_sweep_final,row,16.0,16000.0,softmax,64.0,0.1,1.0,False,True,True,linear,300.0,0.9976617097854614,1.1004338264465332,0.7950064539909363,0.00034936144948,0.633234441280365,0.0087249502539634,1.676937460899353,3.873645544052124,,,,,,,,,,,,,,,,,,,,,,,,,,,,,,,,,,,,,,,,,,,,
retrieval_smoothing_runs_gpu_full/sweep_results.csv,retrieval_smoothing,gpu_sweep_final,row,16.0,16001.0,softmax,64.0,0.1,1.0,False,True,True,linear,300.0,0.9998106360435486,1.0223329067230225,0.6806452870368958,0.0001412071287631,0.5890302062034607,0.0013726322213187,1.731215000152588,3.5058512687683105,,,,,,,,,,,,,,,,,,,,,,,,,,,,,,,,,,,,,,,,,,,,
retrieval_smoothing_runs_gpu_full/sweep_results.csv,retrieval_smoothing,gpu_sweep_final,row,17.0,17000.0,softmax,64.0,0.2,1.0,False,True,True,linear,300.0,0.9997150301933287,1.1719231605529783,0.5337778925895691,0.0001086741685867,0.8117483258247375,0.0021744901314377,1.6481267213821411,3.0708024501800537,,,,,,,,,,,,,,,,,,,,,,,,,,,,,,,,,,,,,,,,,,,,
retrieval_smoothing_runs_gpu_full/sweep_results.csv,retrieval_smoothing,gpu_sweep_final,row,17.0,17001.0,softmax,64.0,0.2,1.0,False,True,True,linear,300.0,0.9995356798171996,1.1860361099243164,0.5402411818504333,0.0001811496913433,0.8216252326965332,0.0031285600271075,1.7188568115234375,3.133185863494873,,,,,,,,,,,,,,,,,,,,,,,,,,,,,,,,,,,,,,,,,,,,
retrieval_smoothing_runs_gpu_full/sweep_results.csv,retrieval_smoothing,gpu_sweep_final,row,18.0,18000.0,softmax,64.0,0.4,1.0,False,True,True,linear,300.0,0.9993380308151244,1.361644983291626,0.478372722864151,0.0002493821084499,0.8934464454650879,0.004950622562319,1.677828669548035,2.969789981842041,,,,,,,,,,,,,,,,,,,,,,,,,,,,,,,,,,,,,,,,,,,,
retrieval_smoothing_runs_gpu_full/sweep_results.csv,retrieval_smoothing,gpu_sweep_final,row,18.0,18001.0,softmax,64.0,0.4,1.0,False,True,True,linear,300.0,0.9988760352134703,1.3265892267227173,0.4945618808269501,0.0006129965186119,0.8713415265083313,0.0069404104724526,1.7318115234375,3.020336151123047,,,,,,,,,,,,,,,,,,,,,,,,,,,,,,,,,,,,,,,,,,,,
retrieval_smoothing_runs_gpu_full/sweep_results.csv,retrieval_smoothing,gpu_sweep_final,row,19.0,19000.0,softmax,64.0,0.8,1.0,False,True,True,linear,300.0,0.9993966221809388,1.3122769594192505,0.4024354219436645,0.0004377402365207,1.0399090051651,0.0050328038632869,1.6300567388534546,2.821934938430786,,,,,,,,,,,,,,,,,,,,,,,,,,,,,,,,,,,,,,,,,,,,
retrieval_smoothing_runs_gpu_full/sweep_results.csv,retrieval_smoothing,gpu_sweep_final,row,19.0,19001.0,softmax,64.0,0.8,1.0,False,True,True,linear,300.0,0.9962679147720336,1.75056791305542,0.4933854341506958,0.0007016919553279,0.8770912885665894,0.0199562199413776,1.669597625732422,2.9817512035369877,,,,,,,,,,,,,,,,,,,,,,,,,,,,,,,,,,,,,,,,,,,,
retrieval_smoothing_runs_gpu_full/sweep_results.csv,retrieval_smoothing,gpu_sweep_final,row,20.0,20000.0,sinkhorn,4.0,0.1,1.0,False,True,True,linear,300.0,0.2896671891212463,8.567559242248535,0.0007524693501181,0.0273254886269569,1.5167455673217771,1.622849702835083,1.0041671991348269,1.0559515953063965,,,,,,,,,,,,,,,,,,,,,,,,,,,,,,,,,,,,,,,,,,,,
retrieval_smoothing_runs_gpu_full/sweep_results.csv,retrieval_smoothing,gpu_sweep_final,row,20.0,20001.0,sinkhorn,4.0,0.1,1.0,False,True,True,linear,300.0,0.3047638833522796,9.78522491455078,0.0016738980775699,0.0240756496787071,1.57048499584198,1.649060606956482,0.999943733215332,1.0792148113250732,,,,,,,,,,,,,,,,,,,,,,,,,,,,,,,,,,,,,,,,,,,,
retrieval_smoothing_runs_gpu_full/sweep_results.csv,retrieval_smoothing,gpu_sweep_final,row,21.0,21000.0,sinkhorn,4.0,0.2,1.0,False,True,True,linear,300.0,0.2710907459259033,8.18059253692627,0.0011843108804896,0.0286762677133083,1.762194275856018,1.790887475013733,1.001384973526001,1.0652214288711548,,,,,,,,,,,,,,,,,,,,,,,,,,,,,,,,,,,,,,,,,,,,
retrieval_smoothing_runs_gpu_full/sweep_results.csv,retrieval_smoothing,gpu_sweep_final,row,21.0,21001.0,sinkhorn,4.0,0.2,1.0,False,True,True,linear,300.0,0.2416768074035644,9.67452907562256,0.0014100690605118,0.0403989143669605,2.0530452728271484,2.044067144393921,1.0032939910888672,1.0736676454544067,,,,,,,,,,,,,,,,,,,,,,,,,,,,,,,,,,,,,,,,,,,,
retrieval_smoothing_runs_gpu_full/sweep_results.csv,retrieval_smoothing,gpu_sweep_final,row,22.0,22000.0,sinkhorn,4.0,0.4,1.0,False,True,True,linear,300.0,0.2529981732368469,8.451568603515625,0.0005282588535919,0.036324705928564,1.7673184871673584,1.8282443284988403,1.0074702501296997,1.0450427532196045,,,,,,,,,,,,,,,,,,,,,,,,,,,,,,,,,,,,,,,,,,,,
retrieval_smoothing_runs_gpu_full/sweep_results.csv,retrieval_smoothing,gpu_sweep_final,row,22.0,22001.0,sinkhorn,4.0,0.4,1.0,False,True,True,linear,300.0,0.2405086457729339,8.259313583374023,0.0001997452782234,0.0506379976868629,1.9230581521987915,2.017817974090576,1.0013667345046997,1.0248008966445925,,,,,,,,,,,,,,,,,,,,,,,,,,,,,,,,,,,,,,,,,,,,
retrieval_smoothing_runs_gpu_full/sweep_results.csv,retrieval_smoothing,gpu_sweep_final,row,23.0,23000.0,sinkhorn,4.0,0.8,1.0,False,True,True,linear,300.0,0.0894262641668319,8.308708190917969,0.0003534276329446,0.085447322577238,2.7870540618896484,2.833477735519409,0.998780369758606,1.023942232131958,,,,,,,,,,,,,,,,,,,,,,,,,,,,,,,,,,,,,,,,,,,,
retrieval_smoothing_runs_gpu_full/sweep_results.csv,retrieval_smoothing,gpu_sweep_final,row,23.0,23001.0,sinkhorn,4.0,0.8,1.0,False,True,True,linear,300.0,0.078343741595745,8.85918140411377,6.466465856647119e-05,0.0723481327295303,2.8373825550079346,2.8849592208862305,0.998654305934906,1.0100147724151611,,,,,,,,,,,,,,,,,,,,,,,,,,,,,,,,,,,,,,,,,,,,
retrieval_smoothing_runs_gpu_full/sweep_results.csv,retrieval_smoothing,gpu_sweep_final,row,24.0,24000.0,sinkhorn,8.0,0.1,1.0,False,True,True,linear,300.0,0.7172490954399109,4.762630462646484,0.001996441045776,0.0199832022190094,0.9512442350387572,0.6643558740615845,1.0141900777816772,1.1271588802337646,,,,,,,,,,,,,,,,,,,,,,,,,,,,,,,,,,,,,,,,,,,,
retrieval_smoothing_runs_gpu_full/sweep_results.csv,retrieval_smoothing,gpu_sweep_final,row,24.0,24001.0,sinkhorn,8.0,0.1,1.0,False,True,True,linear,300.0,0.6564061641693115,5.297872543334961,0.0023351875133812,0.0062250681221485,0.953484296798706,0.768036961555481,1.0272186994552612,1.1400853395462036,,,,,,,,,,,,,,,,,,,,,,,,,,,,,,,,,,,,,,,,,,,,
retrieval_smoothing_runs_gpu_full/sweep_results.csv,retrieval_smoothing,gpu_sweep_final,row,25.0,25000.0,sinkhorn,8.0,0.2,1.0,False,True,True,linear,300.0,0.6607216000556946,4.872071266174316,0.0016044708900153,0.0213897787034511,1.0453174114227295,0.8353174924850464,1.0162657499313354,1.1020238399505615,,,,,,,,,,,,,,,,,,,,,,,,,,,,,,,,,,,,,,,,,,,,
retrieval_smoothing_runs_gpu_full/sweep_results.csv,retrieval_smoothing,gpu_sweep_final,row,25.0,25001.0,sinkhorn,8.0,0.2,1.0,False,True,True,linear,300.0,0.6325355768203735,5.633145809173584,0.0007739384309388,0.0249028839170932,1.1031864881515503,0.8867799043655396,1.0111743211746216,1.0731799602508545,,,,,,,,,,,,,,,,,,,,,,,,,,,,,,,,,,,,,,,,,,,,
retrieval_smoothing_runs_gpu_full/sweep_results.csv,retrieval_smoothing,gpu_sweep_final,row,26.0,26000.0,sinkhorn,8.0,0.4,1.0,False,True,True,linear,300.0,0.501747190952301,4.511194705963135,0.0007734451792202,0.0297593772411346,1.264838933944702,1.1963988542556765,1.0017592906951904,1.0671100616455078,,,,,,,,,,,,,,,,,,,,,,,,,,,,,,,,,,,,,,,,,,,,
retrieval_smoothing_runs_gpu_full/sweep_results.csv,retrieval_smoothing,gpu_sweep_final,row,26.0,26001.0,sinkhorn,8.0,0.4,1.0,False,True,True,linear,300.0,0.6271556615829468,5.032947063446045,0.0004288310010451,0.0261295735836029,1.127005696296692,0.9125633239746094,1.0097490549087524,1.0508499145507812,,,,,,,,,,,,,,,,,,,,,,,,,,,,,,,,,,,,,,,,,,,,
retrieval_smoothing_runs_gpu_full/sweep_results.csv,retrieval_smoothing,gpu_sweep_final,row,27.0,27000.0,sinkhorn,8.0,0.8,1.0,False,True,True,linear,300.0,0.4747751951217651,3.982802629470825,0.0001908849662868,0.0552562773227691,1.4242016077041626,1.3572876453399658,1.003325581550598,1.0294829607009888,,,,,,,,,,,,,,,,,,,,,,,,,,,,,,,,,,,,,,,,,,,,
retrieval_smoothing_runs_gpu_full/sweep_results.csv,retrieval_smoothing,gpu_sweep_final,row,27.0,27001.0,sinkhorn,8.0,0.8,1.0,False,True,True,linear,300.0,0.4899496138095855,4.868227005004883,0.0007668810430914,0.0303674787282943,1.3071911334991455,1.214738845825195,1.0061376094818115,1.0557271242141724,,,,,,,,,,,,,,,,,,,,,,,,,,,,,,,,,,,,,,,,,,,,
retrieval_smoothing_runs_gpu_full/sweep_results.csv,retrieval_smoothing,gpu_sweep_final,row,28.0,28000.0,sinkhorn,16.0,0.1,1.0,False,True,True,linear,300.0,0.9338617324829102,3.0465478897094727,0.0043377061374485,0.0057776495814323,0.7737364172935486,0.173662006855011,1.0998131036758425,1.2173197269439695,,,,,,,,,,,,,,,,,,,,,,,,,,,,,,,,,,,,,,,,,,,,
retrieval_smoothing_runs_gpu_full/sweep_results.csv,retrieval_smoothing,gpu_sweep_final,row,28.0,28001.0,sinkhorn,16.0,0.1,1.0,False,True,True,linear,300.0,0.9324284195899964,2.797426223754883,0.0031497392337769,0.0058968625962734,0.7928947806358337,0.1818123161792755,1.0962800979614258,1.176891803741455,,,,,,,,,,,,,,,,,,,,,,,,,,,,,,,,,,,,,,,,,,,,
retrieval_smoothing_runs_gpu_full/sweep_results.csv,retrieval_smoothing,gpu_sweep_final,row,29.0,29000.0,sinkhorn,16.0,0.2,1.0,False,True,True,linear,300.0,0.8429334163665771,2.6451191902160645,0.0017854142934083,0.0079486332833766,0.8481107354164124,0.3509106636047363,1.0691317319869995,1.123121976852417,,,,,,,,,,,,,,,,,,,,,,,,,,,,,,,,,,,,,,,,,,,,
retrieval_smoothing_runs_gpu_full/sweep_results.csv,retrieval_smoothing,gpu_sweep_final,row,29.0,29001.0,sinkhorn,16.0,0.2,1.0,False,True,True,linear,300.0,0.9079204797744752,3.3349173069000244,0.0012626420939341,0.013984028249979,0.9268719553947448,0.2554700374603271,1.0652039051055908,1.1128692626953125,,,,,,,,,,,,,,,,,,,,,,,,,,,,,,,,,,,,,,,,,,,,
retrieval_smoothing_runs_gpu_full/sweep_results.csv,retrieval_smoothing,gpu_sweep_final,row,30.0,30000.0,sinkhorn,16.0,0.4,1.0,False,True,True,linear,300.0,0.8624730110168457,2.879624605178833,0.0009331134497188,0.0186694338917732,0.9597827792167664,0.3660177290439605,1.0503586530685425,1.0914825201034546,,,,,,,,,,,,,,,,,,,,,,,,,,,,,,,,,,,,,,,,,,,,
retrieval_smoothing_runs_gpu_full/sweep_results.csv,retrieval_smoothing,gpu_sweep_final,row,30.0,30001.0,sinkhorn,16.0,0.4,1.0,False,True,True,linear,300.0,0.7224026918411255,4.146681785583496,0.0009914907859638,0.0106525421142578,0.9196889400482178,0.6293790340423584,1.0291130542755127,1.0835719108581543,,,,,,,,,,,,,,,,,,,,,,,,,,,,,,,,,,,,,,,,,,,,
retrieval_smoothing_runs_gpu_full/sweep_results.csv,retrieval_smoothing,gpu_sweep_final,row,31.0,31000.0,sinkhorn,16.0,0.8,1.0,False,True,True,linear,300.0,0.8395313024520874,2.769065618515014,0.0004911084542982,0.0192363485693931,1.0537424087524414,0.4134455025196075,1.0384782552719116,1.074150562286377,,,,,,,,,,,,,,,,,,,,,,,,,,,,,,,,,,,,,,,,,,,,
retrieval_smoothing_runs_gpu_full/sweep_results.csv,retrieval_smoothing,gpu_sweep_final,row,31.0,31001.0,sinkhorn,16.0,0.8,1.0,False,True,True,linear,300.0,0.7966501712799072,3.265835285186768,0.0009620831697247,0.0167883448302745,1.0357705354690552,0.5393575429916382,1.0279455184936523,1.0924657583236694,,,,,,,,,,,,,,,,,,,,,,,,,,,,,,,,,,,,,,,,,,,,
retrieval_smoothing_runs_gpu_full/sweep_results.csv,retrieval_smoothing,gpu_sweep_final,row,32.0,32000.0,sinkhorn,32.0,0.1,1.0,False,True,True,linear,300.0,0.9858188629150392,1.5044059753417969,0.0055165588855743,0.0009356774389743,0.7441635727882385,0.039677370339632,1.1637439727783203,1.2649312019348145,,,,,,,,,,,,,,,,,,,,,,,,,,,,,,,,,,,,,,,,,,,,
retrieval_smoothing_runs_gpu_full/sweep_results.csv,retrieval_smoothing,gpu_sweep_final,row,32.0,32001.0,sinkhorn,32.0,0.1,1.0,False,True,True,linear,300.0,0.9922504425048828,1.6128085851669312,0.0038038070779293,0.0002378188073635,0.7750635743141174,0.0239362530410289,1.12603497505188,1.2091069221496582,,,,,,,,,,,,,,,,,,,,,,,,,,,,,,,,,,,,,,,,,,,,
retrieval_smoothing_runs_gpu_full/sweep_results.csv,retrieval_smoothing,gpu_sweep_final,row,33.0,33000.0,sinkhorn,32.0,0.2,1.0,False,True,True,linear,300.0,0.977789580821991,1.879728436470032,0.0027305663097649,0.0014922060072422,0.812431275844574,0.0586196966469287,1.107770562171936,1.174986720085144,,,,,,,,,,,,,,,,,,,,,,,,,,,,,,,,,,,,,,,,,,,,
retrieval_smoothing_runs_gpu_full/sweep_results.csv,retrieval_smoothing,gpu_sweep_final,row,33.0,33001.0,sinkhorn,32.0,0.2,1.0,False,True,True,linear,300.0,0.9882470369338988,1.900604248046875,0.0021895698737353,0.0047999322414398,0.8688377141952515,0.039827175438404,1.1177089214324951,1.161549687385559,,,,,,,,,,,,,,,,,,,,,,,,,,,,,,,,,,,,,,,,,,,,
retrieval_smoothing_runs_gpu_full/sweep_results.csv,retrieval_smoothing,gpu_sweep_final,row,34.0,34000.0,sinkhorn,32.0,0.4,1.0,False,True,True,linear,300.0,0.9794595241546632,1.3745225667953491,0.0007046886603347,0.0134471096098423,1.0888561010360718,0.0739215686917305,1.0956964492797852,1.1096667051315308,,,,,,,,,,,,,,,,,,,,,,,,,,,,,,,,,,,,,,,,,,,,
retrieval_smoothing_runs_gpu_full/sweep_results.csv,retrieval_smoothing,gpu_sweep_final,row,34.0,34001.0,sinkhorn,32.0,0.4,1.0,False,True,True,linear,300.0,0.9865380525588988,1.6316189765930176,0.0009028677595779,0.0034046880900859,1.0929930210113523,0.0492256060242652,1.108592510223389,1.129807949066162,,,,,,,,,,,,,,,,,,,,,,,,,,,,,,,,,,,,,,,,,,,,
retrieval_smoothing_runs_gpu_full/sweep_results.csv,retrieval_smoothing,gpu_sweep_final,row,35.0,35000.0,sinkhorn,32.0,0.8,1.0,False,True,True,linear,300.0,0.9642634391784668,2.333951473236084,0.0007384234922938,0.0121199488639831,1.055372714996338,0.1125253215432167,1.085014581680298,1.1064867973327637,,,,,,,,,,,,,,,,,,,,,,,,,,,,,,,,,,,,,,,,,,,,
retrieval_smoothing_runs_gpu_full/sweep_results.csv,retrieval_smoothing,gpu_sweep_final,row,35.0,35001.0,sinkhorn,32.0,0.8,1.0,False,True,True,linear,300.0,0.9601935148239136,1.8895260095596316,0.0006519245798699,0.015616450458765,1.0582098960876465,0.1102784126996994,1.0857479572296145,1.105233669281006,,,,,,,,,,,,,,,,,,,,,,,,,,,,,,,,,,,,,,,,,,,,
retrieval_smoothing_runs_gpu_full/sweep_results.csv,retrieval_smoothing,gpu_sweep_final,row,36.0,36000.0,sinkhorn,64.0,0.1,1.0,False,True,True,linear,300.0,0.999123513698578,1.0680614709854126,0.007264754269272,0.0001341477036476,0.7055987119674683,0.0039348173886537,1.1278644800186155,1.3094134330749512,,,,,,,,,,,,,,,,,,,,,,,,,,,,,,,,,,,,,,,,,,,,
retrieval_smoothing_runs_gpu_full/sweep_results.csv,retrieval_smoothing,gpu_sweep_final,row,36.0,36001.0,sinkhorn,64.0,0.1,1.0,False,True,True,linear,300.0,0.9994103908538818,1.0426762104034424,0.0060944478027522,0.0010046251118183,0.7342754602432251,0.0031122057698667,1.132076859474182,1.256168246269226,,,,,,,,,,,,,,,,,,,,,,,,,,,,,,,,,,,,,,,,,,,,
retrieval_smoothing_runs_gpu_full/sweep_results.csv,retrieval_smoothing,gpu_sweep_final,row,37.0,37000.0,sinkhorn,64.0,0.2,1.0,False,True,True,linear,300.0,0.9933278560638428,1.1393684148788452,0.0033334835898131,0.0041803121566772,0.8156571984291077,0.0224928148090839,1.129285216331482,1.1973514556884766,,,,,,,,,,,,,,,,,,,,,,,,,,,,,,,,,,,,,,,,,,,,
retrieval_smoothing_runs_gpu_full/sweep_results.csv,retrieval_smoothing,gpu_sweep_final,row,37.0,37001.0,sinkhorn,64.0,0.2,1.0,False,True,True,linear,300.0,0.995347023010254,1.165147304534912,0.002864975715056,0.0002002082765102,0.8456398844718933,0.0135646201670169,1.1223208904266355,1.1891474723815918,,,,,,,,,,,,,,,,,,,,,,,,,,,,,,,,,,,,,,,,,,,,
retrieval_smoothing_runs_gpu_full/sweep_results.csv,retrieval_smoothing,gpu_sweep_final,row,38.0,38000.0,sinkhorn,64.0,0.4,1.0,False,True,True,linear,300.0,0.9934104681015016,1.1609448194503784,0.0014782580547034,0.0041190348565578,0.9757156372070312,0.0236387699842453,1.118391990661621,1.148322820663452,,,,,,,,,,,,,,,,,,,,,,,,,,,,,,,,,,,,,,,,,,,,
retrieval_smoothing_runs_gpu_full/sweep_results.csv,retrieval_smoothing,gpu_sweep_final,row,38.0,38001.0,sinkhorn,64.0,0.4,1.0,False,True,True,linear,300.0,0.994908094406128,1.2072190046310425,0.0011978149414062,0.0017614662647247,1.0274713039398191,0.0190330445766448,1.1178920269012451,1.1400048732757568,,,,,,,,,,,,,,,,,,,,,,,,,,,,,,,,,,,,,,,,,,,,
retrieval_smoothing_runs_gpu_full/sweep_results.csv,retrieval_smoothing,gpu_sweep_final,row,39.0,39000.0,sinkhorn,64.0,0.8,1.0,False,True,True,linear,300.0,0.9943594932556152,1.4040374755859375,0.0008330268319696,0.0023565888404846,1.1036466360092163,0.0194209590554237,1.1044819355010986,1.126918077468872,,,,,,,,,,,,,,,,,,,,,,,,,,,,,,,,,,,,,,,,,,,,
retrieval_smoothing_runs_gpu_full/sweep_results.csv,retrieval_smoothing,gpu_sweep_final,row,39.0,39001.0,sinkhorn,64.0,0.8,1.0,False,True,True,linear,300.0,0.9735971689224244,1.4643820524215698,0.0011691770050674,0.008709542453289,1.116186499595642,0.0837077796459198,1.096625566482544,1.1163544654846191,,,,,,,,,,,,,,,,,,,,,,,,,,,,,,,,,,,,,,,,,,,,
retrieval_smoothing_runs_gpu_full/sweep_results.csv,retrieval_smoothing,gpu_sweep_final,row,40.0,40000.0,unbalanced_sinkhorn,4.0,0.1,0.05,False,True,True,linear,300.0,0.0949053019285202,8.575325012207031,0.0420871302485466,0.0369423069059848,2.6293833255767822,2.647266626358032,0.9692187309265136,1.4615472555160522,,,,,,,,,,,,,,,,,,,,,,,,,,,,,,,,,,,,,,,,,,,,
retrieval_smoothing_runs_gpu_full/sweep_results.csv,retrieval_smoothing,gpu_sweep_final,row,40.0,40001.0,unbalanced_sinkhorn,4.0,0.1,0.05,False,True,True,linear,300.0,0.3279299139976501,8.057558059692383,0.0521750897169113,0.0154973901808261,1.62340247631073,1.7025389671325684,1.0932652950286863,1.4250404834747314,,,,,,,,,,,,,,,,,,,,,,,,,,,,,,,,,,,,,,,,,,,,
retrieval_smoothing_runs_gpu_full/sweep_results.csv,retrieval_smoothing,gpu_sweep_final,row,41.0,41000.0,unbalanced_sinkhorn,4.0,0.1,0.2,False,True,True,linear,300.0,0.1157780662178993,5.9034342765808105,0.0476924516260623,0.062675554305315,2.526235818862915,2.609612464904785,1.0135577917099,1.5505588054656982,,,,,,,,,,,,,,,,,,,,,,,,,,,,,,,,,,,,,,,,,,,,
retrieval_smoothing_runs_gpu_full/sweep_results.csv,retrieval_smoothing,gpu_sweep_final,row,41.0,41001.0,unbalanced_sinkhorn,4.0,0.1,0.2,False,True,True,linear,300.0,0.3016611039638519,8.841562271118164,0.0500718355178833,0.0141959525644779,1.6830925941467283,1.7699401378631592,1.0622642040252686,1.5826798677444458,,,,,,,,,,,,,,,,,,,,,,,,,,,,,,,,,,,,,,,,,,,,
retrieval_smoothing_runs_gpu_full/sweep_results.csv,retrieval_smoothing,gpu_sweep_final,row,42.0,42000.0,unbalanced_sinkhorn,4.0,0.1,1.0,False,True,True,linear,300.0,0.3021183609962463,7.902401924133301,0.0151742277666926,0.0136875733733177,1.556479573249817,1.6171066761016846,0.9881300330162048,1.3685922622680664,,,,,,,,,,,,,,,,,,,,,,,,,,,,,,,,,,,,,,,,,,,,
retrieval_smoothing_runs_gpu_full/sweep_results.csv,retrieval_smoothing,gpu_sweep_final,row,42.0,42001.0,unbalanced_sinkhorn,4.0,0.1,1.0,False,True,True,linear,300.0,0.3168297410011291,9.403328895568848,0.0063863955438137,0.0217479914426803,1.6210415363311768,1.7178175449371338,1.007628321647644,1.199812889099121,,,,,,,,,,,,,,,,,,,,,,,,,,,,,,,,,,,,,,,,,,,,
retrieval_smoothing_runs_gpu_full/sweep_results.csv,retrieval_smoothing,gpu_sweep_final,row,43.0,43000.0,unbalanced_sinkhorn,4.0,0.1,5.0,False,True,True,linear,300.0,0.2963255643844604,7.830145835876465,0.0011981797870248,0.0279979817569255,1.619692087173462,1.715064525604248,1.0062633752822876,1.090759515762329,,,,,,,,,,,,,,,,,,,,,,,,,,,,,,,,,,,,,,,,,,,,
retrieval_smoothing_runs_gpu_full/sweep_results.csv,retrieval_smoothing,gpu_sweep_final,row,43.0,43001.0,unbalanced_sinkhorn,4.0,0.1,5.0,False,True,True,linear,300.0,0.2992655634880066,6.806778430938721,0.0011512653436511,0.0246330015361309,1.5798972845077517,1.7248711585998535,1.0054819583892822,1.0824180841445925,,,,,,,,,,,,,,,,,,,,,,,,,,,,,,,,,,,,,,,,,,,,
retrieval_smoothing_runs_gpu_full/sweep_results.csv,retrieval_smoothing,gpu_sweep_final,row,44.0,44000.0,unbalanced_sinkhorn,4.0,0.2,0.05,False,True,True,linear,300.0,0.1080913245677948,6.824057579040527,0.1098588928580284,0.0529484972357749,2.679666042327881,2.7101798057556152,1.0383753776550293,1.6531329154968262,,,,,,,,,,,,,,,,,,,,,,,,,,,,,,,,,,,,,,,,,,,,
retrieval_smoothing_runs_gpu_full/sweep_results.csv,retrieval_smoothing,gpu_sweep_final,row,44.0,44001.0,unbalanced_sinkhorn,4.0,0.2,0.05,False,True,True,linear,300.0,0.2845042049884796,9.495607376098633,0.0537935644388198,0.0247799605131149,1.755628228187561,1.7912678718566897,1.0940072536468506,1.4246835708618164,,,,,,,,,,,,,,,,,,,,,,,,,,,,,,,,,,,,,,,,,,,,
retrieval_smoothing_runs_gpu_full/sweep_results.csv,retrieval_smoothing,gpu_sweep_final,row,45.0,45000.0,unbalanced_sinkhorn,4.0,0.2,0.2,False,True,True,linear,300.0,0.3003615736961365,8.539728164672852,0.0288204289972782,0.0244320854544639,1.7499781847000122,1.7934203147888184,1.0667014122009275,1.3235397338867188,,,,,,,,,,,,,,,,,,,,,,,,,,,,,,,,,,,,,,,,,,,,
retrieval_smoothing_runs_gpu_full/sweep_results.csv,retrieval_smoothing,gpu_sweep_final,row,45.0,45001.0,unbalanced_sinkhorn,4.0,0.2,0.2,False,True,True,linear,300.0,0.1052816361188888,7.306069374084473,0.1080588772892952,0.0487522669136524,2.6477956771850586,2.6811306476593018,0.997040033340454,1.6372475624084473,,,,,,,,,,,,,,,,,,,,,,,,,,,,,,,,,,,,,,,,,,,,
retrieval_smoothing_runs_gpu_full/sweep_results.csv,retrieval_smoothing,gpu_sweep_final,row,46.0,46000.0,unbalanced_sinkhorn,4.0,0.2,1.0,False,True,True,linear,300.0,0.1219457685947418,6.457413196563721,0.0325389392673969,0.0548532269895076,2.603536367416382,2.652194023132324,0.9985421299934388,1.3647745847702026,,,,,,,,,,,,,,,,,,,,,,,,,,,,,,,,,,,,,,,,,,,,
retrieval_smoothing_runs_gpu_full/sweep_results.csv,retrieval_smoothing,gpu_sweep_final,row,46.0,46001.0,unbalanced_sinkhorn,4.0,0.2,1.0,False,True,True,linear,300.0,0.1206412613391876,7.0231757164001465,0.0280715953558683,0.0564745441079139,2.529304027557373,2.571089267730713,1.0056997537612915,1.4062998294830322,,,,,,,,,,,,,,,,,,,,,,,,,,,,,,,,,,,,,,,,,,,,
retrieval_smoothing_runs_gpu_full/sweep_results.csv,retrieval_smoothing,gpu_sweep_final,row,47.0,47000.0,unbalanced_sinkhorn,4.0,0.2,5.0,False,True,True,linear,300.0,0.1935349553823471,5.542191028594971,0.005742885172367,0.0236336551606655,2.0976994037628174,2.158215284347534,1.0029350519180298,1.212859869003296,,,,,,,,,,,,,,,,,,,,,,,,,,,,,,,,,,,,,,,,,,,,
retrieval_smoothing_runs_gpu_full/sweep_results.csv,retrieval_smoothing,gpu_sweep_final,row,47.0,47001.0,unbalanced_sinkhorn,4.0,0.2,5.0,False,True,True,linear,300.0,0.099564328789711,6.191341876983643,0.0032300981692969,0.0882545001804828,2.773636102676392,2.8174664974212646,1.00458562374115,1.1020276546478271,,,,,,,,,,,,,,,,,,,,,,,,,,,,,,,,,,,,,,,,,,,,
retrieval_smoothing_runs_gpu_full/sweep_results.csv,retrieval_smoothing,gpu_sweep_final,row,48.0,48000.0,unbalanced_sinkhorn,4.0,0.4,0.05,False,True,True,linear,300.0,0.0909878984093666,8.415820121765137,0.0402901694178581,0.0419946052134037,2.683891773223877,2.726407766342163,1.041225552558899,1.3048360347747805,,,,,,,,,,,,,,,,,,,,,,,,,,,,,,,,,,,,,,,,,,,,
retrieval_smoothing_runs_gpu_full/sweep_results.csv,retrieval_smoothing,gpu_sweep_final,row,48.0,48001.0,unbalanced_sinkhorn,4.0,0.4,0.05,False,True,True,linear,300.0,0.0918558686971664,10.742584228515623,0.0514205917716026,0.04268604144454,2.673773288726806,2.7107179164886475,0.986968755722046,1.3159689903259275,,,,,,,,,,,,,,,,,,,,,,,,,,,,,,,,,,,,,,,,,,,,
retrieval_smoothing_runs_gpu_full/sweep_results.csv,retrieval_smoothing,gpu_sweep_final,row,49.0,49000.0,unbalanced_sinkhorn,4.0,0.4,0.2,False,True,True,linear,300.0,0.2593352198600769,6.5550971031188965,0.0314086712896823,0.041776318103075,2.0783417224884038,2.047567844390869,1.0525386333465576,1.3551325798034668,,,,,,,,,,,,,,,,,,,,,,,,,,,,,,,,,,,,,,,,,,,,
retrieval_smoothing_runs_gpu_full/sweep_results.csv,retrieval_smoothing,gpu_sweep_final,row,49.0,49001.0,unbalanced_sinkhorn,4.0,0.4,0.2,False,True,True,linear,300.0,0.2922939658164978,8.279605865478516,0.0418644249439239,0.0219359919428825,1.7538124322891235,1.806002616882324,1.1013039350509644,1.377427577972412,,,,,,,,,,,,,,,,,,,,,,,,,,,,,,,,,,,,,,,,,,,,
retrieval_smoothing_runs_gpu_full/sweep_results.csv,retrieval_smoothing,gpu_sweep_final,row,50.0,50000.0,unbalanced_sinkhorn,4.0,0.4,1.0,False,True,True,linear,300.0,0.0901567786931991,8.811711311340332,0.0396984331309795,0.0446357391774654,2.8009541034698486,2.830029964447021,1.0060560703277588,1.3886408805847168,,,,,,,,,,,,,,,,,,,,,,,,,,,,,,,,,,,,,,,,,,,,
retrieval_smoothing_runs_gpu_full/sweep_results.csv,retrieval_smoothing,gpu_sweep_final,row,50.0,50001.0,unbalanced_sinkhorn,4.0,0.4,1.0,False,True,True,linear,300.0,0.0934934839606285,12.630144119262695,0.0045538549311459,0.0492519475519657,2.740727186203003,2.7573084831237797,1.0047508478164673,1.1417341232299805,,,,,,,,,,,,,,,,,,,,,,,,,,,,,,,,,,,,,,,,,,,,
retrieval_smoothing_runs_gpu_full/sweep_results.csv,retrieval_smoothing,gpu_sweep_final,row,51.0,51000.0,unbalanced_sinkhorn,4.0,0.4,5.0,False,True,True,linear,300.0,0.1563160717487335,5.626305103302002,0.0111006777733564,0.0473971702158451,2.3483660221099854,2.386441230773926,1.004714846611023,1.252145528793335,,,,,,,,,,,,,,,,,,,,,,,,,,,,,,,,,,,,,,,,,,,,
retrieval_smoothing_runs_gpu_full/sweep_results.csv,retrieval_smoothing,gpu_sweep_final,row,51.0,51001.0,unbalanced_sinkhorn,4.0,0.4,5.0,False,True,True,linear,300.0,0.1164341866970062,6.353436470031738,0.0056701977737247,0.0574512183666229,2.658375740051269,2.716059446334839,1.002587080001831,1.2068183422088623,,,,,,,,,,,,,,,,,,,,,,,,,,,,,,,,,,,,,,,,,,,,
retrieval_smoothing_runs_gpu_full/sweep_results.csv,retrieval_smoothing,gpu_sweep_final,row,52.0,52000.0,unbalanced_sinkhorn,4.0,0.8,0.05,False,True,True,linear,300.0,0.229402869939804,7.321192741394043,0.0440399311482906,0.0311983823776245,2.048980236053467,2.0786702632904053,1.1067129373550415,1.3249061107635498,,,,,,,,,,,,,,,,,,,,,,,,,,,,,,,,,,,,,,,,,,,,
retrieval_smoothing_runs_gpu_full/sweep_results.csv,retrieval_smoothing,gpu_sweep_final,row,52.0,52001.0,unbalanced_sinkhorn,4.0,0.8,0.05,False,True,True,linear,300.0,0.0933990478515625,9.75754165649414,0.0688239485025405,0.0418544746935367,2.686030387878418,2.7399230003356934,1.00693941116333,1.3408119678497314,,,,,,,,,,,,,,,,,,,,,,,,,,,,,,,,,,,,,,,,,,,,
retrieval_smoothing_runs_gpu_full/sweep_results.csv,retrieval_smoothing,gpu_sweep_final,row,53.0,53000.0,unbalanced_sinkhorn,4.0,0.8,0.2,False,True,True,linear,300.0,0.2179614305496215,8.575820922851562,0.0361029356718063,0.036267053335905,2.049354076385498,2.0892014503479004,1.0946100950241089,1.322150707244873,,,,,,,,,,,,,,,,,,,,,,,,,,,,,,,,,,,,,,,,,,,,
retrieval_smoothing_runs_gpu_full/sweep_results.csv,retrieval_smoothing,gpu_sweep_final,row,53.0,53001.0,unbalanced_sinkhorn,4.0,0.8,0.2,False,True,True,linear,300.0,0.2329496443271637,8.8496732711792,0.0346556901931762,0.0426258966326713,2.016587495803833,2.0468859672546387,1.0800330638885498,1.3124759197235107,,,,,,,,,,,,,,,,,,,,,,,,,,,,,,,,,,,,,,,,,,,,
retrieval_smoothing_runs_gpu_full/sweep_results.csv,retrieval_smoothing,gpu_sweep_final,row,54.0,54000.0,unbalanced_sinkhorn,4.0,0.8,1.0,False,True,True,linear,300.0,0.097163438796997,9.992466926574709,0.0122981145977973,0.0501181595027446,2.716630697250366,2.736668348312378,1.0153194665908811,1.2547038793563845,,,,,,,,,,,,,,,,,,,,,,,,,,,,,,,,,,,,,,,,,,,,
retrieval_smoothing_runs_gpu_full/sweep_results.csv,retrieval_smoothing,gpu_sweep_final,row,54.0,54001.0,unbalanced_sinkhorn,4.0,0.8,1.0,False,True,True,linear,300.0,0.1961180716753006,7.779271602630615,0.0224974695593118,0.0647091045975685,2.3283822536468506,2.352771759033203,1.0242873430252075,1.3225998878479004,,,,,,,,,,,,,,,,,,,,,,,,,,,,,,,,,,,,,,,,,,,,
retrieval_smoothing_runs_gpu_full/sweep_results.csv,retrieval_smoothing,gpu_sweep_final,row,55.0,55000.0,unbalanced_sinkhorn,4.0,0.8,5.0,False,True,True,linear,300.0,0.1280707716941833,6.9790544509887695,0.0204184241592884,0.050535287708044,2.5616602897644043,2.5927271842956543,0.9752995371818542,1.2889306545257568,,,,,,,,,,,,,,,,,,,,,,,,,,,,,,,,,,,,,,,,,,,,
retrieval_smoothing_runs_gpu_full/sweep_results.csv,retrieval_smoothing,gpu_sweep_final,row,55.0,55001.0,unbalanced_sinkhorn,4.0,0.8,5.0,False,True,True,linear,300.0,0.115572765469551,7.653775215148926,0.0161415878683328,0.0523756146430969,2.6429431438446045,2.6901743412017822,1.00246262550354,1.1937270164489746,,,,,,,,,,,,,,,,,,,,,,,,,,,,,,,,,,,,,,,,,,,,
retrieval_smoothing_runs_gpu_full/sweep_results.csv,retrieval_smoothing,gpu_sweep_final,row,56.0,56000.0,unbalanced_sinkhorn,8.0,0.1,0.05,False,True,True,linear,300.0,0.8929895758628845,4.820586681365967,0.3291102945804596,0.0021909587085247,0.6783857941627502,0.2719357013702392,1.3611080646514893,2.49253511428833,,,,,,,,,,,,,,,,,,,,,,,,,,,,,,,,,,,,,,,,,,,,
retrieval_smoothing_runs_gpu_full/sweep_results.csv,retrieval_smoothing,gpu_sweep_final,row,56.0,56001.0,unbalanced_sinkhorn,8.0,0.1,0.05,False,True,True,linear,300.0,0.8244568109512329,4.26029634475708,0.3006014823913574,0.0021590143442153,0.6953775882720947,0.4463365077972412,1.3557589054107666,2.361724853515625,,,,,,,,,,,,,,,,,,,,,,,,,,,,,,,,,,,,,,,,,,,,
retrieval_smoothing_runs_gpu_full/sweep_results.csv,retrieval_smoothing,gpu_sweep_final,row,57.0,57000.0,unbalanced_sinkhorn,8.0,0.1,0.2,False,True,True,linear,300.0,0.7627208232879639,4.946227073669434,0.1663895696401596,0.0058424286544322,0.7692784070968628,0.5715075135231018,1.1906781196594238,2.0588526725769043,,,,,,,,,,,,,,,,,,,,,,,,,,,,,,,,,,,,,,,,,,,,
retrieval_smoothing_runs_gpu_full/sweep_results.csv,retrieval_smoothing,gpu_sweep_final,row,57.0,57001.0,unbalanced_sinkhorn,8.0,0.1,0.2,False,True,True,linear,300.0,0.7496505975723267,5.560173034667969,0.1664306670427322,0.004837941378355,0.7467544674873352,0.5794508457183838,1.2081210613250732,2.0209341049194336,,,,,,,,,,,,,,,,,,,,,,,,,,,,,,,,,,,,,,,,,,,,
retrieval_smoothing_runs_gpu_full/sweep_results.csv,retrieval_smoothing,gpu_sweep_final,row,58.0,58000.0,unbalanced_sinkhorn,8.0,0.1,1.0,False,True,True,linear,300.0,0.8059626817703247,4.859333515167236,0.0427822843194007,0.0115040950477123,0.8024147152900696,0.4850575923919678,1.083297848701477,1.5557817220687866,,,,,,,,,,,,,,,,,,,,,,,,,,,,,,,,,,,,,,,,,,,,
retrieval_smoothing_runs_gpu_full/sweep_results.csv,retrieval_smoothing,gpu_sweep_final,row,58.0,58001.0,unbalanced_sinkhorn,8.0,0.1,1.0,False,True,True,linear,300.0,0.7270302772521973,4.944436550140381,0.0410342440009117,0.0078799352049827,0.8064518570899963,0.6101332306861877,1.0682079792022705,1.5455141067504885,,,,,,,,,,,,,,,,,,,,,,,,,,,,,,,,,,,,,,,,,,,,
retrieval_smoothing_runs_gpu_full/sweep_results.csv,retrieval_smoothing,gpu_sweep_final,row,59.0,59000.0,unbalanced_sinkhorn,8.0,0.1,5.0,False,True,True,linear,300.0,0.6752761602401733,5.168264389038086,0.0048118405975401,0.0081175677478313,0.9214572310447692,0.7621132135391235,1.0165764093399048,1.1973559856414795,,,,,,,,,,,,,,,,,,,,,,,,,,,,,,,,,,,,,,,,,,,,
retrieval_smoothing_runs_gpu_full/sweep_results.csv,retrieval_smoothing,gpu_sweep_final,row,59.0,59001.0,unbalanced_sinkhorn,8.0,0.1,5.0,False,True,True,linear,300.0,0.637515127658844,4.908096790313721,0.0051126964390277,0.0158701203763484,0.9458587765693665,0.7744629383087158,1.0291736125946045,1.217045545578003,,,,,,,,,,,,,,,,,,,,,,,,,,,,,,,,,,,,,,,,,,,,
retrieval_smoothing_runs_gpu_full/sweep_results.csv,retrieval_smoothing,gpu_sweep_final,row,60.0,60000.0,unbalanced_sinkhorn,8.0,0.2,0.05,False,True,True,linear,300.0,0.8141390085220337,4.772132396697998,0.319818764925003,0.0027186013758182,0.7889607548713684,0.4965642690658569,1.422741174697876,2.389599561691284,,,,,,,,,,,,,,,,,,,,,,,,,,,,,,,,,,,,,,,,,,,,
retrieval_smoothing_runs_gpu_full/sweep_results.csv,retrieval_smoothing,gpu_sweep_final,row,60.0,60001.0,unbalanced_sinkhorn,8.0,0.2,0.05,False,True,True,linear,300.0,0.8277777433395386,4.434505462646484,0.3122269213199615,0.0018770135939121,0.7568368911743164,0.4725983738899231,1.4140394926071167,2.396063327789306,,,,,,,,,,,,,,,,,,,,,,,,,,,,,,,,,,,,,,,,,,,,
retrieval_smoothing_runs_gpu_full/sweep_results.csv,retrieval_smoothing,gpu_sweep_final,row,61.0,61000.0,unbalanced_sinkhorn,8.0,0.2,0.2,False,True,True,linear,300.0,0.773644208908081,4.755541801452637,0.2072218954563141,0.0061208792030811,0.8231033086776733,0.5961303114891052,1.3177390098571775,2.107388973236084,,,,,,,,,,,,,,,,,,,,,,,,,,,,,,,,,,,,,,,,,,,,
retrieval_smoothing_runs_gpu_full/sweep_results.csv,retrieval_smoothing,gpu_sweep_final,row,61.0,61001.0,unbalanced_sinkhorn,8.0,0.2,0.2,False,True,True,linear,300.0,0.7824668288230896,5.103404998779297,0.2095016241073608,0.0037291087210178,0.8029971718788147,0.5372734069824219,1.2550172805786133,2.141265869140625,,,,,,,,,,,,,,,,,,,,,,,,,,,,,,,,,,,,,,,,,,,,
retrieval_smoothing_runs_gpu_full/sweep_results.csv,retrieval_smoothing,gpu_sweep_final,row,62.0,62000.0,unbalanced_sinkhorn,8.0,0.2,1.0,False,True,True,linear,300.0,0.7037272453308105,4.720488548278809,0.0763223096728324,0.0078160129487514,0.8786606192588806,0.6988672018051147,1.0827302932739258,1.721838355064392,,,,,,,,,,,,,,,,,,,,,,,,,,,,,,,,,,,,,,,,,,,,
retrieval_smoothing_runs_gpu_full/sweep_results.csv,retrieval_smoothing,gpu_sweep_final,row,62.0,62001.0,unbalanced_sinkhorn,8.0,0.2,1.0,False,True,True,linear,300.0,0.7278299331665039,5.350554466247559,0.0574024431407451,0.0176521055400371,1.0050379037857056,0.7339766025543213,1.1026650667190552,1.616348147392273,,,,,,,,,,,,,,,,,,,,,,,,,,,,,,,,,,,,,,,,,,,,
retrieval_smoothing_runs_gpu_full/sweep_results.csv,retrieval_smoothing,gpu_sweep_final,row,63.0,63000.0,unbalanced_sinkhorn,8.0,0.2,5.0,False,True,True,linear,300.0,0.5958844423294067,5.758663177490234,0.0084392083808779,0.0252014100551605,1.0726206302642822,0.9478648900985718,1.0252716541290283,1.237890124320984,,,,,,,,,,,,,,,,,,,,,,,,,,,,,,,,,,,,,,,,,,,,
retrieval_smoothing_runs_gpu_full/sweep_results.csv,retrieval_smoothing,gpu_sweep_final,row,63.0,63001.0,unbalanced_sinkhorn,8.0,0.2,5.0,False,True,True,linear,300.0,0.6553400754928589,5.145768642425537,0.0069764698855578,0.0202412232756614,1.0306936502456665,0.8334048986434937,1.023834228515625,1.213068604469299,,,,,,,,,,,,,,,,,,,,,,,,,,,,,,,,,,,,,,,,,,,,
retrieval_smoothing_runs_gpu_full/sweep_results.csv,retrieval_smoothing,gpu_sweep_final,row,64.0,64000.0,unbalanced_sinkhorn,8.0,0.4,0.05,False,True,True,linear,300.0,0.5886125564575195,5.182036876678467,0.2026373296976089,0.0109129697084426,1.1555215120315552,1.028780460357666,1.2928578853607178,2.0243239402771,,,,,,,,,,,,,,,,,,,,,,,,,,,,,,,,,,,,,,,,,,,,
retrieval_smoothing_runs_gpu_full/sweep_results.csv,retrieval_smoothing,gpu_sweep_final,row,64.0,64001.0,unbalanced_sinkhorn,8.0,0.4,0.05,False,True,True,linear,300.0,0.7954913377761841,4.952337741851807,0.3033708930015564,0.0040339678525924,0.881595253944397,0.5490641593933105,1.482003927230835,2.3575599193573,,,,,,,,,,,,,,,,,,,,,,,,,,,,,,,,,,,,,,,,,,,,
retrieval_smoothing_runs_gpu_full/sweep_results.csv,retrieval_smoothing,gpu_sweep_final,row,65.0,65000.0,unbalanced_sinkhorn,8.0,0.4,0.2,False,True,True,linear,300.0,0.6580382585525513,4.408945083618164,0.2049819678068161,0.0070384703576564,0.9940023422241212,0.8598474264144897,1.26111102104187,2.073164939880371,,,,,,,,,,,,,,,,,,,,,,,,,,,,,,,,,,,,,,,,,,,,
retrieval_smoothing_runs_gpu_full/sweep_results.csv,retrieval_smoothing,gpu_sweep_final,row,65.0,65001.0,unbalanced_sinkhorn,8.0,0.4,0.2,False,True,True,linear,300.0,0.7545086145401001,5.278491973876953,0.2312569469213485,0.0071236565709114,0.9472357034683228,0.6695247888565063,1.316049337387085,2.2138381004333496,,,,,,,,,,,,,,,,,,,,,,,,,,,,,,,,,,,,,,,,,,,,
retrieval_smoothing_runs_gpu_full/sweep_results.csv,retrieval_smoothing,gpu_sweep_final,row,66.0,66000.0,unbalanced_sinkhorn,8.0,0.4,1.0,False,True,True,linear,300.0,0.557725727558136,5.489169120788574,0.0796772316098213,0.0100131332874298,1.0405104160308838,0.9989964962005616,1.1185739040374756,1.6791372299194336,,,,,,,,,,,,,,,,,,,,,,,,,,,,,,,,,,,,,,,,,,,,
retrieval_smoothing_runs_gpu_full/sweep_results.csv,retrieval_smoothing,gpu_sweep_final,row,66.0,66001.0,unbalanced_sinkhorn,8.0,0.4,1.0,False,True,True,linear,300.0,0.5556570291519165,6.904978752136231,0.0773915350437164,0.0107977576553821,1.0437194108963013,1.007641315460205,1.1209628582000732,1.6920654773712158,,,,,,,,,,,,,,,,,,,,,,,,,,,,,,,,,,,,,,,,,,,,
retrieval_smoothing_runs_gpu_full/sweep_results.csv,retrieval_smoothing,gpu_sweep_final,row,67.0,67000.0,unbalanced_sinkhorn,8.0,0.4,5.0,False,True,True,linear,300.0,0.6603871583938599,5.677173614501953,0.0140249067917466,0.0273482427000999,1.0820022821426392,0.8857040405273438,1.0483343601226809,1.301585674285889,,,,,,,,,,,,,,,,,,,,,,,,,,,,,,,,,,,,,,,,,,,,
retrieval_smoothing_runs_gpu_full/sweep_results.csv,retrieval_smoothing,gpu_sweep_final,row,67.0,67001.0,unbalanced_sinkhorn,8.0,0.4,5.0,False,True,True,linear,300.0,0.6358631253242493,5.746972560882568,0.0146902445703744,0.0299956798553466,1.070583701133728,0.8841546773910522,1.0406930446624756,1.2971796989440918,,,,,,,,,,,,,,,,,,,,,,,,,,,,,,,,,,,,,,,,,,,,
retrieval_smoothing_runs_gpu_full/sweep_results.csv,retrieval_smoothing,gpu_sweep_final,row,68.0,68000.0,unbalanced_sinkhorn,8.0,0.8,0.05,False,True,True,linear,300.0,0.6233862638473511,5.540050029754639,0.2287058532238006,0.0065405443310737,1.0807435512542725,0.9602116346359252,1.351231813430786,2.097435474395752,,,,,,,,,,,,,,,,,,,,,,,,,,,,,,,,,,,,,,,,,,,,
retrieval_smoothing_runs_gpu_full/sweep_results.csv,retrieval_smoothing,gpu_sweep_final,row,68.0,68001.0,unbalanced_sinkhorn,8.0,0.8,0.05,False,True,True,linear,300.0,0.6167287826538086,5.499862194061279,0.2127796113491058,0.0102866515517234,1.1767714023590088,0.975283145904541,1.3540728092193604,2.0313262939453125,,,,,,,,,,,,,,,,,,,,,,,,,,,,,,,,,,,,,,,,,,,,
retrieval_smoothing_runs_gpu_full/sweep_results.csv,retrieval_smoothing,gpu_sweep_final,row,69.0,69000.0,unbalanced_sinkhorn,8.0,0.8,0.2,False,True,True,linear,300.0,0.3722673058509826,9.338834762573242,0.2364571839570999,0.0184110924601554,1.5466467142105105,1.601009488105774,1.1531469821929932,2.0399389266967773,,,,,,,,,,,,,,,,,,,,,,,,,,,,,,,,,,,,,,,,,,,,
retrieval_smoothing_runs_gpu_full/sweep_results.csv,retrieval_smoothing,gpu_sweep_final,row,69.0,69001.0,unbalanced_sinkhorn,8.0,0.8,0.2,False,True,True,linear,300.0,0.604938268661499,5.067007541656494,0.1987275630235672,0.0077903941273689,1.0663741827011108,0.976588249206543,1.3190457820892334,2.0069539546966557,,,,,,,,,,,,,,,,,,,,,,,,,,,,,,,,,,,,,,,,,,,,
retrieval_smoothing_runs_gpu_full/sweep_results.csv,retrieval_smoothing,gpu_sweep_final,row,70.0,70000.0,unbalanced_sinkhorn,8.0,0.8,1.0,False,True,True,linear,300.0,0.5559022426605225,5.199472427368164,0.1151826828718185,0.0130053833127021,1.1255182027816772,1.050943374633789,1.1546998023986816,1.8100450038909912,,,,,,,,,,,,,,,,,,,,,,,,,,,,,,,,,,,,,,,,,,,,
retrieval_smoothing_runs_gpu_full/sweep_results.csv,retrieval_smoothing,gpu_sweep_final,row,70.0,70001.0,unbalanced_sinkhorn,8.0,0.8,1.0,False,True,True,linear,300.0,0.7020299434661865,5.166342258453369,0.1446954011917114,0.0165162980556488,1.1279736757278442,0.8390262722969055,1.2107439041137695,1.9185072183609009,,,,,,,,,,,,,,,,,,,,,,,,,,,,,,,,,,,,,,,,,,,,
retrieval_smoothing_runs_gpu_full/sweep_results.csv,retrieval_smoothing,gpu_sweep_final,row,71.0,71000.0,unbalanced_sinkhorn,8.0,0.8,5.0,False,True,True,linear,300.0,0.5133051872253418,5.357191562652588,0.0188289135694503,0.0258108675479888,1.2525442838668823,1.207735538482666,1.0586166381835938,1.331636667251587,,,,,,,,,,,,,,,,,,,,,,,,,,,,,,,,,,,,,,,,,,,,
retrieval_smoothing_runs_gpu_full/sweep_results.csv,retrieval_smoothing,gpu_sweep_final,row,71.0,71001.0,unbalanced_sinkhorn,8.0,0.8,5.0,False,True,True,linear,300.0,0.6179651618003845,4.941384315490723,0.0247825924307107,0.0342143587768077,1.243505835533142,1.018887281417847,1.062186598777771,1.3924131393432615,,,,,,,,,,,,,,,,,,,,,,,,,,,,,,,,,,,,,,,,,,,,
retrieval_smoothing_runs_gpu_full/sweep_results.csv,retrieval_smoothing,gpu_sweep_final,row,72.0,72000.0,unbalanced_sinkhorn,16.0,0.1,0.05,False,True,True,linear,300.0,0.9794375896453856,2.7656984329223637,0.3794129490852356,0.0008954294025897,0.6326918601989746,0.0716349631547927,1.333238124847412,2.6687588691711426,,,,,,,,,,,,,,,,,,,,,,,,,,,,,,,,,,,,,,,,,,,,
retrieval_smoothing_runs_gpu_full/sweep_results.csv,retrieval_smoothing,gpu_sweep_final,row,72.0,72001.0,unbalanced_sinkhorn,16.0,0.1,0.05,False,True,True,linear,300.0,0.9816275835037231,2.906219482421875,0.4041490852832794,0.0003470629453659,0.5826941728591919,0.0753941610455513,1.345773696899414,2.727169990539551,,,,,,,,,,,,,,,,,,,,,,,,,,,,,,,,,,,,,,,,,,,,
retrieval_smoothing_runs_gpu_full/sweep_results.csv,retrieval_smoothing,gpu_sweep_final,row,73.0,73000.0,unbalanced_sinkhorn,16.0,0.1,0.2,False,True,True,linear,300.0,0.9580851793289183,2.605712652206421,0.2602449059486389,0.0024747550487518,0.604099690914154,0.1461588144302368,1.1477705240249634,2.4268157482147217,,,,,,,,,,,,,,,,,,,,,,,,,,,,,,,,,,,,,,,,,,,,
retrieval_smoothing_runs_gpu_full/sweep_results.csv,retrieval_smoothing,gpu_sweep_final,row,73.0,73001.0,unbalanced_sinkhorn,16.0,0.1,0.2,False,True,True,linear,300.0,0.965119481086731,2.7839691638946533,0.2335823625326156,0.0023113153874874,0.6182646751403809,0.12037293612957,1.1487267017364502,2.3415067195892334,,,,,,,,,,,,,,,,,,,,,,,,,,,,,,,,,,,,,,,,,,,,
retrieval_smoothing_runs_gpu_full/sweep_results.csv,retrieval_smoothing,gpu_sweep_final,row,74.0,74000.0,unbalanced_sinkhorn,16.0,0.1,1.0,False,True,True,linear,300.0,0.9393248558044434,2.829047679901123,0.0644716545939445,0.0025858953595161,0.6813384890556335,0.1776601076126098,1.0707628726959229,1.7229788303375244,,,,,,,,,,,,,,,,,,,,,,,,,,,,,,,,,,,,,,,,,,,,
retrieval_smoothing_runs_gpu_full/sweep_results.csv,retrieval_smoothing,gpu_sweep_final,row,74.0,74001.0,unbalanced_sinkhorn,16.0,0.1,1.0,False,True,True,linear,300.0,0.9448028206825256,2.733530282974243,0.0581634193658828,0.0057747103273868,0.7527180910110474,0.170452207326889,1.0573031902313232,1.6896965503692627,,,,,,,,,,,,,,,,,,,,,,,,,,,,,,,,,,,,,,,,,,,,
retrieval_smoothing_runs_gpu_full/sweep_results.csv,retrieval_smoothing,gpu_sweep_final,row,75.0,75000.0,unbalanced_sinkhorn,16.0,0.1,5.0,False,True,True,linear,300.0,0.8976073265075684,2.9878525733947754,0.0089641520753502,0.0032859444618225,0.7175632119178772,0.2497569769620895,1.0671546459197998,1.2781155109405518,,,,,,,,,,,,,,,,,,,,,,,,,,,,,,,,,,,,,,,,,,,,
retrieval_smoothing_runs_gpu_full/sweep_results.csv,retrieval_smoothing,gpu_sweep_final,row,75.0,75001.0,unbalanced_sinkhorn,16.0,0.1,5.0,False,True,True,linear,300.0,0.9188845157623292,2.6050353050231934,0.0072814659215509,0.0059269480407238,0.7904177308082581,0.2133649140596389,1.0730129480361938,1.247976303100586,,,,,,,,,,,,,,,,,,,,,,,,,,,,,,,,,,,,,,,,,,,,
retrieval_smoothing_runs_gpu_full/sweep_results.csv,retrieval_smoothing,gpu_sweep_final,row,76.0,76000.0,unbalanced_sinkhorn,16.0,0.2,0.05,False,True,True,linear,300.0,0.9728793501853944,3.098952293395996,0.397735059261322,0.0007075779139995,0.6901882290840149,0.1002511233091354,1.430109620094299,2.7210946083068848,,,,,,,,,,,,,,,,,,,,,,,,,,,,,,,,,,,,,,,,,,,,
retrieval_smoothing_runs_gpu_full/sweep_results.csv,retrieval_smoothing,gpu_sweep_final,row,76.0,76001.0,unbalanced_sinkhorn,16.0,0.2,0.05,False,True,True,linear,300.0,0.980269193649292,3.488192081451416,0.4310326874256134,0.0007910765707492,0.6499866843223572,0.0817427933216095,1.417160153388977,2.775195360183716,,,,,,,,,,,,,,,,,,,,,,,,,,,,,,,,,,,,,,,,,,,,
retrieval_smoothing_runs_gpu_full/sweep_results.csv,retrieval_smoothing,gpu_sweep_final,row,77.0,77000.0,unbalanced_sinkhorn,16.0,0.2,0.2,False,True,True,linear,300.0,0.9536665678024292,3.305694103240967,0.3028007447719574,0.0027473233640193,0.667984664440155,0.1539249122142791,1.2826299667358398,2.4885830879211426,,,,,,,,,,,,,,,,,,,,,,,,,,,,,,,,,,,,,,,,,,,,
retrieval_smoothing_runs_gpu_full/sweep_results.csv,retrieval_smoothing,gpu_sweep_final,row,77.0,77001.0,unbalanced_sinkhorn,16.0,0.2,0.2,False,True,True,linear,300.0,0.958460569381714,3.0359456539154053,0.2807972133159637,0.003148790448904,0.6846304535865784,0.1523047834634781,1.2756747007369995,2.443042755126953,,,,,,,,,,,,,,,,,,,,,,,,,,,,,,,,,,,,,,,,,,,,
retrieval_smoothing_runs_gpu_full/sweep_results.csv,retrieval_smoothing,gpu_sweep_final,row,78.0,78000.0,unbalanced_sinkhorn,16.0,0.2,1.0,False,True,True,linear,300.0,0.9159632921218872,3.112429618835449,0.1026618108153343,0.008204948157072,0.7701624035835266,0.2585687935352325,1.0835363864898682,1.8811211585998533,,,,,,,,,,,,,,,,,,,,,,,,,,,,,,,,,,,,,,,,,,,,
retrieval_smoothing_runs_gpu_full/sweep_results.csv,retrieval_smoothing,gpu_sweep_final,row,78.0,78001.0,unbalanced_sinkhorn,16.0,0.2,1.0,False,True,True,linear,300.0,0.9351330399513244,2.942701578140259,0.0969075262546539,0.0066909231245517,0.8010591268539429,0.2103740125894546,1.1083850860595703,1.8602920770645144,,,,,,,,,,,,,,,,,,,,,,,,,,,,,,,,,,,,,,,,,,,,
retrieval_smoothing_runs_gpu_full/sweep_results.csv,retrieval_smoothing,gpu_sweep_final,row,79.0,79000.0,unbalanced_sinkhorn,16.0,0.2,5.0,False,True,True,linear,300.0,0.9025139212608336,3.32361388206482,0.0109716840088367,0.0139529779553413,0.84360271692276,0.2543520331382751,1.0575000047683716,1.2893733978271484,,,,,,,,,,,,,,,,,,,,,,,,,,,,,,,,,,,,,,,,,,,,
retrieval_smoothing_runs_gpu_full/sweep_results.csv,retrieval_smoothing,gpu_sweep_final,row,79.0,79001.0,unbalanced_sinkhorn,16.0,0.2,5.0,False,True,True,linear,300.0,0.8913776874542236,3.099802255630493,0.0113943377509713,0.0082511864602565,0.8512869477272034,0.2971777021884918,1.0467312335968018,1.2888176441192627,,,,,,,,,,,,,,,,,,,,,,,,,,,,,,,,,,,,,,,,,,,,
retrieval_smoothing_runs_gpu_full/sweep_results.csv,retrieval_smoothing,gpu_sweep_final,row,80.0,80000.0,unbalanced_sinkhorn,16.0,0.4,0.05,False,True,True,linear,300.0,0.9576388597488404,3.4966366291046143,0.4204777777194977,0.001660268753767,0.7295172810554504,0.1434224992990493,1.565463304519653,2.7188117504119877,,,,,,,,,,,,,,,,,,,,,,,,,,,,,,,,,,,,,,,,,,,,
retrieval_smoothing_runs_gpu_full/sweep_results.csv,retrieval_smoothing,gpu_sweep_final,row,80.0,80001.0,unbalanced_sinkhorn,16.0,0.4,0.05,False,True,True,linear,300.0,0.9496746063232422,3.7259154319763184,0.3993876278400421,0.0018810294568538,0.7475786209106445,0.158816248178482,1.5139394998550415,2.677960157394409,,,,,,,,,,,,,,,,,,,,,,,,,,,,,,,,,,,,,,,,,,,,
retrieval_smoothing_runs_gpu_full/sweep_results.csv,retrieval_smoothing,gpu_sweep_final,row,81.0,81000.0,unbalanced_sinkhorn,16.0,0.4,0.2,False,True,True,linear,300.0,0.9489175081253052,3.5571484565734863,0.3228083252906799,0.0023535043001174,0.7149206399917603,0.1782946586608886,1.3737149238586426,2.497020721435547,,,,,,,,,,,,,,,,,,,,,,,,,,,,,,,,,,,,,,,,,,,,
retrieval_smoothing_runs_gpu_full/sweep_results.csv,retrieval_smoothing,gpu_sweep_final,row,81.0,81001.0,unbalanced_sinkhorn,16.0,0.4,0.2,False,True,True,linear,300.0,0.9487155675888062,3.333366632461548,0.3438425362110138,0.0014780536293983,0.6868242621421814,0.1582204699516296,1.4079793691635132,2.543102741241455,,,,,,,,,,,,,,,,,,,,,,,,,,,,,,,,,,,,,,,,,,,,
retrieval_smoothing_runs_gpu_full/sweep_results.csv,retrieval_smoothing,gpu_sweep_final,row,82.0,82000.0,unbalanced_sinkhorn,16.0,0.4,1.0,False,True,True,linear,300.0,0.910390555858612,3.4938910007476807,0.1598463058471679,0.0047912783920764,0.7295787930488586,0.2665711641311645,1.1681605577468872,2.060844898223877,,,,,,,,,,,,,,,,,,,,,,,,,,,,,,,,,,,,,,,,,,,,
retrieval_smoothing_runs_gpu_full/sweep_results.csv,retrieval_smoothing,gpu_sweep_final,row,82.0,82001.0,unbalanced_sinkhorn,16.0,0.4,1.0,False,True,True,linear,300.0,0.8953611850738525,3.378157377243042,0.1588590145111084,0.0065881758928298,0.7208765149116516,0.3176994025707245,1.2157189846038818,2.056002616882324,,,,,,,,,,,,,,,,,,,,,,,,,,,,,,,,,,,,,,,,,,,,
retrieval_smoothing_runs_gpu_full/sweep_results.csv,retrieval_smoothing,gpu_sweep_final,row,83.0,83000.0,unbalanced_sinkhorn,16.0,0.4,5.0,False,True,True,linear,300.0,0.8848311901092529,2.627721309661865,0.0226135142147541,0.0195319950580596,0.9406272768974304,0.3324384689331054,1.056206464767456,1.3942328691482544,,,,,,,,,,,,,,,,,,,,,,,,,,,,,,,,,,,,,,,,,,,,
retrieval_smoothing_runs_gpu_full/sweep_results.csv,retrieval_smoothing,gpu_sweep_final,row,83.0,83001.0,unbalanced_sinkhorn,16.0,0.4,5.0,False,True,True,linear,300.0,0.8465750813484192,4.6285834312438965,0.0282696019858121,0.0127825662493705,0.84475177526474,0.4122083783149719,1.0751729011535645,1.4395649433135986,,,,,,,,,,,,,,,,,,,,,,,,,,,,,,,,,,,,,,,,,,,,
retrieval_smoothing_runs_gpu_full/sweep_results.csv,retrieval_smoothing,gpu_sweep_final,row,84.0,84000.0,unbalanced_sinkhorn,16.0,0.8,0.05,False,True,True,linear,300.0,0.9175050258636476,3.769134521484375,0.385176807641983,0.0018685981631278,0.753108561038971,0.2385105788707733,1.577829360961914,2.643650531768799,,,,,,,,,,,,,,,,,,,,,,,,,,,,,,,,,,,,,,,,,,,,
retrieval_smoothing_runs_gpu_full/sweep_results.csv,retrieval_smoothing,gpu_sweep_final,row,84.0,84001.0,unbalanced_sinkhorn,16.0,0.8,0.05,False,True,True,linear,300.0,0.8739434480667114,4.445287227630615,0.4180025160312652,0.0017135106027126,0.7513808012008667,0.3445340096950531,1.563086986541748,2.657233238220215,,,,,,,,,,,,,,,,,,,,,,,,,,,,,,,,,,,,,,,,,,,,
retrieval_smoothing_runs_gpu_full/sweep_results.csv,retrieval_smoothing,gpu_sweep_final,row,85.0,85000.0,unbalanced_sinkhorn,16.0,0.8,0.2,False,True,True,linear,300.0,0.9179116487503052,4.4664692878723145,0.3385527431964874,0.002277947962284,0.7214200496673584,0.2483135461807251,1.4487494230270386,2.5149331092834477,,,,,,,,,,,,,,,,,,,,,,,,,,,,,,,,,,,,,,,,,,,,
retrieval_smoothing_runs_gpu_full/sweep_results.csv,retrieval_smoothing,gpu_sweep_final,row,85.0,85001.0,unbalanced_sinkhorn,16.0,0.8,0.2,False,True,True,linear,300.0,0.921638011932373,3.8500514030456543,0.3521288633346557,0.0021524429321289,0.7376917004585266,0.2519357204437256,1.508532166481018,2.5130977630615234,,,,,,,,,,,,,,,,,,,,,,,,,,,,,,,,,,,,,,,,,,,,
retrieval_smoothing_runs_gpu_full/sweep_results.csv,retrieval_smoothing,gpu_sweep_final,row,86.0,86000.0,unbalanced_sinkhorn,16.0,0.8,1.0,False,True,True,linear,300.0,0.849393367767334,4.27058744430542,0.2367816567420959,0.0052464418113231,0.7557680606842041,0.3932236731052398,1.2689242362976074,2.2565274238586426,,,,,,,,,,,,,,,,,,,,,,,,,,,,,,,,,,,,,,,,,,,,
retrieval_smoothing_runs_gpu_full/sweep_results.csv,retrieval_smoothing,gpu_sweep_final,row,86.0,86001.0,unbalanced_sinkhorn,16.0,0.8,1.0,False,True,True,linear,300.0,0.909165620803833,3.245932340621948,0.2339733392000198,0.005103375762701,0.7928873896598816,0.2744130492210388,1.2570278644561768,2.293453931808472,,,,,,,,,,,,,,,,,,,,,,,,,,,,,,,,,,,,,,,,,,,,
retrieval_smoothing_runs_gpu_full/sweep_results.csv,retrieval_smoothing,gpu_sweep_final,row,87.0,87000.0,unbalanced_sinkhorn,16.0,0.8,5.0,False,True,True,linear,300.0,0.8508221507072449,2.450031518936157,0.0467509366571903,0.0249542742967605,0.9721115827560424,0.4101468920707702,1.0478980541229248,1.5846773386001587,,,,,,,,,,,,,,,,,,,,,,,,,,,,,,,,,,,,,,,,,,,,
retrieval_smoothing_runs_gpu_full/sweep_results.csv,retrieval_smoothing,gpu_sweep_final,row,87.0,87001.0,unbalanced_sinkhorn,16.0,0.8,5.0,False,True,True,linear,300.0,0.8571770787239075,3.571104049682617,0.0660823136568069,0.0161835774779319,0.9029000401496888,0.4095786511898041,1.0811350345611572,1.6767001152038574,,,,,,,,,,,,,,,,,,,,,,,,,,,,,,,,,,,,,,,,,,,,
retrieval_smoothing_runs_gpu_full/sweep_results.csv,retrieval_smoothing,gpu_sweep_final,row,88.0,88000.0,unbalanced_sinkhorn,32.0,0.1,0.05,False,True,True,linear,300.0,0.9962750673294068,1.6903862953186035,0.3822401165962219,0.0009883232414722,0.689948320388794,0.0186126381158828,1.2693942785263062,2.7396931648254395,,,,,,,,,,,,,,,,,,,,,,,,,,,,,,,,,,,,,,,,,,,,
retrieval_smoothing_runs_gpu_full/sweep_results.csv,retrieval_smoothing,gpu_sweep_final,row,88.0,88001.0,unbalanced_sinkhorn,32.0,0.1,0.05,False,True,True,linear,300.0,0.9972679615020752,1.8110352754592896,0.4104782342910766,0.0003567747771739,0.6422948837280273,0.0127599630504846,1.2484205961227417,2.8228182792663574,,,,,,,,,,,,,,,,,,,,,,,,,,,,,,,,,,,,,,,,,,,,
retrieval_smoothing_runs_gpu_full/sweep_results.csv,retrieval_smoothing,gpu_sweep_final,row,89.0,89000.0,unbalanced_sinkhorn,32.0,0.1,0.2,False,True,True,linear,300.0,0.9940953850746156,1.707010269165039,0.25004643201828,0.0008290074765682,0.6176756024360657,0.0234441198408603,1.0997862815856934,2.416797637939453,,,,,,,,,,,,,,,,,,,,,,,,,,,,,,,,,,,,,,,,,,,,
retrieval_smoothing_runs_gpu_full/sweep_results.csv,retrieval_smoothing,gpu_sweep_final,row,89.0,89001.0,unbalanced_sinkhorn,32.0,0.1,0.2,False,True,True,linear,300.0,0.9955340623855592,1.597411870956421,0.2580372393131256,0.0007047653198242,0.6421833038330078,0.0219619125127792,1.0863500833511353,2.4575109481811523,,,,,,,,,,,,,,,,,,,,,,,,,,,,,,,,,,,,,,,,,,,,
retrieval_smoothing_runs_gpu_full/sweep_results.csv,retrieval_smoothing,gpu_sweep_final,row,90.0,90000.0,unbalanced_sinkhorn,32.0,0.1,1.0,False,True,True,linear,300.0,0.9746322631835938,1.6985294818878174,0.0694576799869537,0.0024825148284435,0.6926892995834351,0.077153280377388,1.064794659614563,1.7532148361206057,,,,,,,,,,,,,,,,,,,,,,,,,,,,,,,,,,,,,,,,,,,,
retrieval_smoothing_runs_gpu_full/sweep_results.csv,retrieval_smoothing,gpu_sweep_final,row,90.0,90001.0,unbalanced_sinkhorn,32.0,0.1,1.0,False,True,True,linear,300.0,0.9763423204421996,1.6893662214279177,0.0800767317414283,0.0047750324010849,0.6553390622138977,0.0733020603656768,1.0394517183303833,1.8079441785812376,,,,,,,,,,,,,,,,,,,,,,,,,,,,,,,,,,,,,,,,,,,,
retrieval_smoothing_runs_gpu_full/sweep_results.csv,retrieval_smoothing,gpu_sweep_final,row,91.0,91000.0,unbalanced_sinkhorn,32.0,0.1,5.0,False,True,True,linear,300.0,0.9796369671821594,1.7010284662246704,0.009043438360095,0.0008327402174472,0.7270787954330444,0.0586199313402175,1.078804612159729,1.2877873182296753,,,,,,,,,,,,,,,,,,,,,,,,,,,,,,,,,,,,,,,,,,,,
retrieval_smoothing_runs_gpu_full/sweep_results.csv,retrieval_smoothing,gpu_sweep_final,row,91.0,91001.0,unbalanced_sinkhorn,32.0,0.1,5.0,False,True,True,linear,300.0,0.9752196669578552,1.6386348009109497,0.0077584329992532,0.0002118125557899,0.7755007147789001,0.054687425494194,1.0740002393722534,1.2691693305969238,,,,,,,,,,,,,,,,,,,,,,,,,,,,,,,,,,,,,,,,,,,,
retrieval_smoothing_runs_gpu_full/sweep_results.csv,retrieval_smoothing,gpu_sweep_final,row,92.0,92000.0,unbalanced_sinkhorn,32.0,0.2,0.05,False,True,True,linear,300.0,0.9879171252250672,1.9029287099838257,0.4262397289276123,0.0008549951016902,0.7279239296913147,0.0417844243347644,1.4143500328063965,2.8322787284851074,,,,,,,,,,,,,,,,,,,,,,,,,,,,,,,,,,,,,,,,,,,,
retrieval_smoothing_runs_gpu_full/sweep_results.csv,retrieval_smoothing,gpu_sweep_final,row,92.0,92001.0,unbalanced_sinkhorn,32.0,0.2,0.05,False,True,True,linear,300.0,0.9903991222381592,1.9637256860733032,0.4417665302753448,0.0003409311175346,0.716022253036499,0.0300390720367431,1.3674077987670898,2.900840759277344,,,,,,,,,,,,,,,,,,,,,,,,,,,,,,,,,,,,,,,,,,,,
retrieval_smoothing_runs_gpu_full/sweep_results.csv,retrieval_smoothing,gpu_sweep_final,row,93.0,93000.0,unbalanced_sinkhorn,32.0,0.2,0.2,False,True,True,linear,300.0,0.9902281761169434,1.877339601516724,0.3102137148380279,0.0014246329665184,0.6743807196617126,0.0418942049145698,1.2061123847961426,2.596027374267578,,,,,,,,,,,,,,,,,,,,,,,,,,,,,,,,,,,,,,,,,,,,
retrieval_smoothing_runs_gpu_full/sweep_results.csv,retrieval_smoothing,gpu_sweep_final,row,93.0,93001.0,unbalanced_sinkhorn,32.0,0.2,0.2,False,True,True,linear,300.0,0.9908154606819152,1.8366897106170652,0.2916967868804931,0.0012685507535934,0.7057626247406006,0.0398928597569465,1.180856466293335,2.535688161849976,,,,,,,,,,,,,,,,,,,,,,,,,,,,,,,,,,,,,,,,,,,,
retrieval_smoothing_runs_gpu_full/sweep_results.csv,retrieval_smoothing,gpu_sweep_final,row,94.0,94000.0,unbalanced_sinkhorn,32.0,0.2,1.0,False,True,True,linear,300.0,0.982214331626892,1.798494577407837,0.1176997125148773,0.0016202628612518,0.7256295084953308,0.0674575790762901,1.0919030904769895,1.9919509887695312,,,,,,,,,,,,,,,,,,,,,,,,,,,,,,,,,,,,,,,,,,,,
retrieval_smoothing_runs_gpu_full/sweep_results.csv,retrieval_smoothing,gpu_sweep_final,row,94.0,94001.0,unbalanced_sinkhorn,32.0,0.2,1.0,False,True,True,linear,300.0,0.9905396699905396,1.8958684206008911,0.1229620426893234,0.0033871047198772,0.7536801695823669,0.0431842505931854,1.0772767066955566,1.9788227081298828,,,,,,,,,,,,,,,,,,,,,,,,,,,,,,,,,,,,,,,,,,,,
retrieval_smoothing_runs_gpu_full/sweep_results.csv,retrieval_smoothing,gpu_sweep_final,row,95.0,95000.0,unbalanced_sinkhorn,32.0,0.2,5.0,False,True,True,linear,300.0,0.9696815013885498,1.9698619842529297,0.0125686936080455,0.0064821131527423,0.83870929479599,0.0974205583333969,1.0553617477416992,1.313888430595398,,,,,,,,,,,,,,,,,,,,,,,,,,,,,,,,,,,,,,,,,,,,
retrieval_smoothing_runs_gpu_full/sweep_results.csv,retrieval_smoothing,gpu_sweep_final,row,95.0,95001.0,unbalanced_sinkhorn,32.0,0.2,5.0,False,True,True,linear,300.0,0.9617071747779846,1.6729775667190552,0.0126623697578907,0.0031551904976367,0.8383503556251526,0.1069381237030029,1.0520379543304443,1.320198893547058,,,,,,,,,,,,,,,,,,,,,,,,,,,,,,,,,,,,,,,,,,,,
retrieval_smoothing_runs_gpu_full/sweep_results.csv,retrieval_smoothing,gpu_sweep_final,row,96.0,96000.0,unbalanced_sinkhorn,32.0,0.4,0.05,False,True,True,linear,300.0,0.9903669357299804,2.2598471641540527,0.4255783557891845,0.0005301721394062,0.7372371554374695,0.041143998503685,1.502243995666504,2.747788667678833,,,,,,,,,,,,,,,,,,,,,,,,,,,,,,,,,,,,,,,,,,,,
retrieval_smoothing_runs_gpu_full/sweep_results.csv,retrieval_smoothing,gpu_sweep_final,row,96.0,96001.0,unbalanced_sinkhorn,32.0,0.4,0.05,False,True,True,linear,300.0,0.9896990060806274,2.059983253479004,0.4130027294158935,0.0007599405944347,0.8290103077888489,0.0367993041872978,1.4246478080749512,2.772534847259521,,,,,,,,,,,,,,,,,,,,,,,,,,,,,,,,,,,,,,,,,,,,
retrieval_smoothing_runs_gpu_full/sweep_results.csv,retrieval_smoothing,gpu_sweep_final,row,97.0,97000.0,unbalanced_sinkhorn,32.0,0.4,0.2,False,True,True,linear,300.0,0.9886963367462158,2.36275315284729,0.3880036175251007,0.0011397562921047,0.6402084231376648,0.0487732961773872,1.3256354331970217,2.724562168121338,,,,,,,,,,,,,,,,,,,,,,,,,,,,,,,,,,,,,,,,,,,,
retrieval_smoothing_runs_gpu_full/sweep_results.csv,retrieval_smoothing,gpu_sweep_final,row,97.0,97001.0,unbalanced_sinkhorn,32.0,0.4,0.2,False,True,True,linear,300.0,0.9915440082550048,2.414459705352783,0.3670220077037811,0.0008391514420509,0.7001944780349731,0.0387961380183696,1.291411519050598,2.694796085357666,,,,,,,,,,,,,,,,,,,,,,,,,,,,,,,,,,,,,,,,,,,,
retrieval_smoothing_runs_gpu_full/sweep_results.csv,retrieval_smoothing,gpu_sweep_final,row,98.0,98000.0,unbalanced_sinkhorn,32.0,0.4,1.0,False,True,True,linear,300.0,0.9735175371170044,1.7301998138427734,0.173098623752594,0.0031915381550788,0.826209306716919,0.0877272635698318,1.0793054103851318,2.1829869747161865,,,,,,,,,,,,,,,,,,,,,,,,,,,,,,,,,,,,,,,,,,,,
retrieval_smoothing_runs_gpu_full/sweep_results.csv,retrieval_smoothing,gpu_sweep_final,row,98.0,98001.0,unbalanced_sinkhorn,32.0,0.4,1.0,False,True,True,linear,300.0,0.9755032062530518,1.982476592063904,0.2216320931911468,0.006649013608694,0.7575687766075134,0.0921796113252639,1.1548829078674316,2.341448307037353,,,,,,,,,,,,,,,,,,,,,,,,,,,,,,,,,,,,,,,,,,,,
retrieval_smoothing_runs_gpu_full/sweep_results.csv,retrieval_smoothing,gpu_sweep_final,row,99.0,99000.0,unbalanced_sinkhorn,32.0,0.4,5.0,False,True,True,linear,300.0,0.9725115299224854,1.532320261001587,0.0261682979762554,0.0071479603648185,0.9463521838188172,0.0914970561861991,1.0426256656646729,1.4570653438568115,,,,,,,,,,,,,,,,,,,,,,,,,,,,,,,,,,,,,,,,,,,,
retrieval_smoothing_runs_gpu_full/sweep_results.csv,retrieval_smoothing,gpu_sweep_final,row,99.0,99001.0,unbalanced_sinkhorn,32.0,0.4,5.0,False,True,True,linear,300.0,0.9905275106430054,1.545432209968567,0.0169582720845937,0.0088743157684803,1.0620591640472412,0.0493376925587654,1.0320764780044556,1.3524941205978394,,,,,,,,,,,,,,,,,,,,,,,,,,,,,,,,,,,,,,,,,,,,
retrieval_smoothing_runs_gpu_full/sweep_results.csv,retrieval_smoothing,gpu_sweep_final,row,100.0,100000.0,unbalanced_sinkhorn,32.0,0.8,0.05,False,True,True,linear,300.0,0.9846658110618592,3.112133264541626,0.4543638527393341,0.0007343217730522,0.7670832872390747,0.0643718317151069,1.5809762477874756,2.8041908740997314,,,,,,,,,,,,,,,,,,,,,,,,,,,,,,,,,,,,,,,,,,,,
retrieval_smoothing_runs_gpu_full/sweep_results.csv,retrieval_smoothing,gpu_sweep_final,row,100.0,100001.0,unbalanced_sinkhorn,32.0,0.8,0.05,False,True,True,linear,300.0,0.9931644201278688,2.3802998065948486,0.4093008637428283,0.0010240450501441,0.833747386932373,0.0355996266007423,1.518375039100647,2.7478344440460205,,,,,,,,,,,,,,,,,,,,,,,,,,,,,,,,,,,,,,,,,,,,
retrieval_smoothing_runs_gpu_full/sweep_results.csv,retrieval_smoothing,gpu_sweep_final,row,101.0,101000.0,unbalanced_sinkhorn,32.0,0.8,0.2,False,True,True,linear,300.0,0.982213020324707,2.920022964477539,0.3751696050167084,0.0017147995531558,0.7316106557846069,0.0635774731636047,1.3804798126220703,2.6864027976989746,,,,,,,,,,,,,,,,,,,,,,,,,,,,,,,,,,,,,,,,,,,,
retrieval_smoothing_runs_gpu_full/sweep_results.csv,retrieval_smoothing,gpu_sweep_final,row,101.0,101001.0,unbalanced_sinkhorn,32.0,0.8,0.2,False,True,True,linear,300.0,0.9752604961395264,2.794019937515259,0.3769060671329498,0.0016697198152542,0.764817476272583,0.0952441841363906,1.4232971668243408,2.6985950469970703,,,,,,,,,,,,,,,,,,,,,,,,,,,,,,,,,,,,,,,,,,,,
retrieval_smoothing_runs_gpu_full/sweep_results.csv,retrieval_smoothing,gpu_sweep_final,row,102.0,102000.0,unbalanced_sinkhorn,32.0,0.8,1.0,False,True,True,linear,300.0,0.9778855443000792,2.684621810913086,0.2486804127693176,0.0032639354467391,0.7006281614303589,0.0842221528291702,1.1995295286178589,2.35554575920105,,,,,,,,,,,,,,,,,,,,,,,,,,,,,,,,,,,,,,,,,,,,
retrieval_smoothing_runs_gpu_full/sweep_results.csv,retrieval_smoothing,gpu_sweep_final,row,102.0,102001.0,unbalanced_sinkhorn,32.0,0.8,1.0,False,True,True,linear,300.0,0.984338879585266,2.142794609069824,0.2096379250288009,0.0042476840317249,0.8323369026184082,0.0681419670581817,1.1744097471237185,2.316733360290528,,,,,,,,,,,,,,,,,,,,,,,,,,,,,,,,,,,,,,,,,,,,
retrieval_smoothing_runs_gpu_full/sweep_results.csv,retrieval_smoothing,gpu_sweep_final,row,103.0,103000.0,unbalanced_sinkhorn,32.0,0.8,5.0,False,True,True,linear,300.0,0.9639391899108888,2.317786693572998,0.0641810148954391,0.009215734899044,0.9007089138031006,0.1335867643356323,1.0634019374847412,1.6800251007080078,,,,,,,,,,,,,,,,,,,,,,,,,,,,,,,,,,,,,,,,,,,,
retrieval_smoothing_runs_gpu_full/sweep_results.csv,retrieval_smoothing,gpu_sweep_final,row,103.0,103001.0,unbalanced_sinkhorn,32.0,0.8,5.0,False,True,True,linear,300.0,0.9746310710906982,1.984212040901184,0.0569216348230838,0.0119307599961757,0.9800830483436584,0.1070628017187118,1.042579174041748,1.657478094100952,,,,,,,,,,,,,,,,,,,,,,,,,,,,,,,,,,,,,,,,,,,,
retrieval_smoothing_runs_gpu_full/sweep_results.csv,retrieval_smoothing,gpu_sweep_final,row,104.0,104000.0,unbalanced_sinkhorn,64.0,0.1,0.05,False,True,True,linear,300.0,0.9995854496955872,1.102458357810974,0.4647314846515655,4.098936915397644e-05,0.5557649731636047,0.0022693851497024,1.1574634313583374,2.962913990020752,,,,,,,,,,,,,,,,,,,,,,,,,,,,,,,,,,,,,,,,,,,,
retrieval_smoothing_runs_gpu_full/sweep_results.csv,retrieval_smoothing,gpu_sweep_final,row,104.0,104001.0,unbalanced_sinkhorn,64.0,0.1,0.05,False,True,True,linear,300.0,0.9996124505996704,1.0657415390014648,0.4414045512676239,5.378201603889465e-05,0.5661265254020691,0.0023256596177816,1.217465877532959,2.891110897064209,,,,,,,,,,,,,,,,,,,,,,,,,,,,,,,,,,,,,,,,,,,,
retrieval_smoothing_runs_gpu_full/sweep_results.csv,retrieval_smoothing,gpu_sweep_final,row,105.0,105000.0,unbalanced_sinkhorn,64.0,0.1,0.2,False,True,True,linear,300.0,0.999196231365204,1.1001429557800293,0.2960044741630554,0.000197984278202,0.5433459281921387,0.0045869327150285,1.0430219173431396,2.579812526702881,,,,,,,,,,,,,,,,,,,,,,,,,,,,,,,,,,,,,,,,,,,,
retrieval_smoothing_runs_gpu_full/sweep_results.csv,retrieval_smoothing,gpu_sweep_final,row,105.0,105001.0,unbalanced_sinkhorn,64.0,0.1,0.2,False,True,True,linear,300.0,0.9993586540222168,1.0885634422302246,0.2905767261981964,6.541237235069275e-05,0.5687444806098938,0.0041744508780539,1.082366108894348,2.569841861724853,,,,,,,,,,,,,,,,,,,,,,,,,,,,,,,,,,,,,,,,,,,,
retrieval_smoothing_runs_gpu_full/sweep_results.csv,retrieval_smoothing,gpu_sweep_final,row,106.0,106000.0,unbalanced_sinkhorn,64.0,0.1,1.0,False,True,True,linear,300.0,0.994640588760376,1.0276768207550049,0.0781910642981529,0.0002419427037239,0.6424166560173035,0.0163984596729278,1.0181477069854736,1.8151724338531492,,,,,,,,,,,,,,,,,,,,,,,,,,,,,,,,,,,,,,,,,,,,
retrieval_smoothing_runs_gpu_full/sweep_results.csv,retrieval_smoothing,gpu_sweep_final,row,106.0,106001.0,unbalanced_sinkhorn,64.0,0.1,1.0,False,True,True,linear,300.0,0.9953317642211914,1.0715759992599487,0.0774144679307937,0.0002191662788391,0.6381353735923767,0.0159998424351215,1.024726390838623,1.8109065294265747,,,,,,,,,,,,,,,,,,,,,,,,,,,,,,,,,,,,,,,,,,,,
retrieval_smoothing_runs_gpu_full/sweep_results.csv,retrieval_smoothing,gpu_sweep_final,row,107.0,107000.0,unbalanced_sinkhorn,64.0,0.1,5.0,False,True,True,linear,300.0,0.9923256635665894,1.0772649049758911,0.0128467781469225,0.0009823888540267,0.7094860672950745,0.0216746143996715,1.075720191001892,1.3639534711837769,,,,,,,,,,,,,,,,,,,,,,,,,,,,,,,,,,,,,,,,,,,,
retrieval_smoothing_runs_gpu_full/sweep_results.csv,retrieval_smoothing,gpu_sweep_final,row,107.0,107001.0,unbalanced_sinkhorn,64.0,0.1,5.0,False,True,True,linear,300.0,0.9984994530677797,1.0297839641571045,0.0113996174186468,0.000398650765419,0.7205182313919067,0.0069190585054457,1.060330510139465,1.3313486576080322,,,,,,,,,,,,,,,,,,,,,,,,,,,,,,,,,,,,,,,,,,,,
retrieval_smoothing_runs_gpu_full/sweep_results.csv,retrieval_smoothing,gpu_sweep_final,row,108.0,108000.0,unbalanced_sinkhorn,64.0,0.2,0.05,False,True,True,linear,300.0,0.9992289543151855,1.1520439386367798,0.4237739443778991,0.0001796968281269,0.748619556427002,0.0054071047343313,1.4204232692718506,2.9087934494018555,,,,,,,,,,,,,,,,,,,,,,,,,,,,,,,,,,,,,,,,,,,,
retrieval_smoothing_runs_gpu_full/sweep_results.csv,retrieval_smoothing,gpu_sweep_final,row,108.0,108001.0,unbalanced_sinkhorn,64.0,0.2,0.05,False,True,True,linear,300.0,0.9991779923439026,1.1692546606063845,0.4282319843769073,0.0003241263329982,0.75193852186203,0.0049169780686497,1.354288101196289,2.8600854873657227,,,,,,,,,,,,,,,,,,,,,,,,,,,,,,,,,,,,,,,,,,,,
retrieval_smoothing_runs_gpu_full/sweep_results.csv,retrieval_smoothing,gpu_sweep_final,row,109.0,109000.0,unbalanced_sinkhorn,64.0,0.2,0.2,False,True,True,linear,300.0,0.998056173324585,1.126609206199646,0.3085798025131225,8.453428745269775e-05,0.6799570322036743,0.0093447901308536,1.105757713317871,2.6186656951904297,,,,,,,,,,,,,,,,,,,,,,,,,,,,,,,,,,,,,,,,,,,,
retrieval_smoothing_runs_gpu_full/sweep_results.csv,retrieval_smoothing,gpu_sweep_final,row,109.0,109001.0,unbalanced_sinkhorn,64.0,0.2,0.2,False,True,True,linear,300.0,0.9979296922683716,1.1862530708312988,0.317920058965683,0.0003541819751262,0.684909999370575,0.011666839942336,1.132587432861328,2.619791984558105,,,,,,,,,,,,,,,,,,,,,,,,,,,,,,,,,,,,,,,,,,,,
retrieval_smoothing_runs_gpu_full/sweep_results.csv,retrieval_smoothing,gpu_sweep_final,row,110.0,110000.0,unbalanced_sinkhorn,64.0,0.2,1.0,False,True,True,linear,300.0,0.9944300651550292,1.1262439489364624,0.1238511577248573,0.0009679533541202,0.7382910847663879,0.0233385059982538,1.027280330657959,2.0134265422821045,,,,,,,,,,,,,,,,,,,,,,,,,,,,,,,,,,,,,,,,,,,,
retrieval_smoothing_runs_gpu_full/sweep_results.csv,retrieval_smoothing,gpu_sweep_final,row,110.0,110001.0,unbalanced_sinkhorn,64.0,0.2,1.0,False,True,True,linear,300.0,0.9934648275375366,1.165880560874939,0.1422992199659347,0.0017895139753818,0.6861786842346191,0.0275562517344951,1.0566165447235107,2.062453508377075,,,,,,,,,,,,,,,,,,,,,,,,,,,,,,,,,,,,,,,,,,,,
retrieval_smoothing_runs_gpu_full/sweep_results.csv,retrieval_smoothing,gpu_sweep_final,row,111.0,111000.0,unbalanced_sinkhorn,64.0,0.2,5.0,False,True,True,linear,300.0,0.9981585741043092,1.172468662261963,0.0139000006020069,0.0003817714750766,0.8101726174354553,0.0095701841637492,1.036918878555298,1.338390588760376,,,,,,,,,,,,,,,,,,,,,,,,,,,,,,,,,,,,,,,,,,,,
retrieval_smoothing_runs_gpu_full/sweep_results.csv,retrieval_smoothing,gpu_sweep_final,row,111.0,111001.0,unbalanced_sinkhorn,64.0,0.2,5.0,False,True,True,linear,300.0,0.9928823113441468,1.0677350759506226,0.0137009546160697,0.001063909381628,0.8297441601753235,0.0238002724945545,1.04952073097229,1.3441412448883057,,,,,,,,,,,,,,,,,,,,,,,,,,,,,,,,,,,,,,,,,,,,
retrieval_smoothing_runs_gpu_full/sweep_results.csv,retrieval_smoothing,gpu_sweep_final,row,112.0,112000.0,unbalanced_sinkhorn,64.0,0.4,0.05,False,True,True,linear,300.0,0.99905264377594,1.3124457597732544,0.4209696650505066,0.0002878159284591,0.8389028906822205,0.0070109474472701,1.5046241283416748,2.844520568847656,,,,,,,,,,,,,,,,,,,,,,,,,,,,,,,,,,,,,,,,,,,,
retrieval_smoothing_runs_gpu_full/sweep_results.csv,retrieval_smoothing,gpu_sweep_final,row,112.0,112001.0,unbalanced_sinkhorn,64.0,0.4,0.05,False,True,True,linear,300.0,0.9980586171150208,1.3797341585159302,0.4476682841777801,0.0004774630069732,0.8083652257919312,0.011611177586019,1.4396129846572876,2.926915645599365,,,,,,,,,,,,,,,,,,,,,,,,,,,,,,,,,,,,,,,,,,,,
retrieval_smoothing_runs_gpu_full/sweep_results.csv,retrieval_smoothing,gpu_sweep_final,row,113.0,113000.0,unbalanced_sinkhorn,64.0,0.4,0.2,False,True,True,linear,300.0,0.9979223012924194,1.2474101781845093,0.3376950919628143,0.0004325471818447,0.7829893827438354,0.0123687610030174,1.243510127067566,2.642918348312378,,,,,,,,,,,,,,,,,,,,,,,,,,,,,,,,,,,,,,,,,,,,
retrieval_smoothing_runs_gpu_full/sweep_results.csv,retrieval_smoothing,gpu_sweep_final,row,113.0,113001.0,unbalanced_sinkhorn,64.0,0.4,0.2,False,True,True,linear,300.0,0.9974797368049622,1.4372659921646118,0.342683345079422,0.0004112981259822,0.7682007551193237,0.0127882119268178,1.2307322025299072,2.6787045001983643,,,,,,,,,,,,,,,,,,,,,,,,,,,,,,,,,,,,,,,,,,,,
retrieval_smoothing_runs_gpu_full/sweep_results.csv,retrieval_smoothing,gpu_sweep_final,row,114.0,114000.0,unbalanced_sinkhorn,64.0,0.4,1.0,False,True,True,linear,300.0,0.9962364435195924,1.1940748691558838,0.158380925655365,0.0014742203056812,0.8767268061637878,0.0174817014485597,1.0459846258163452,2.14188003540039,,,,,,,,,,,,,,,,,,,,,,,,,,,,,,,,,,,,,,,,,,,,
retrieval_smoothing_runs_gpu_full/sweep_results.csv,retrieval_smoothing,gpu_sweep_final,row,114.0,114001.0,unbalanced_sinkhorn,64.0,0.4,1.0,False,True,True,linear,300.0,0.9963560104370116,1.105091214179993,0.1480794250965118,0.0012731738388538,0.9224436283111572,0.0185625962913036,1.0442898273468018,2.1265668869018555,,,,,,,,,,,,,,,,,,,,,,,,,,,,,,,,,,,,,,,,,,,,
retrieval_smoothing_runs_gpu_full/sweep_results.csv,retrieval_smoothing,gpu_sweep_final,row,115.0,115000.0,unbalanced_sinkhorn,64.0,0.4,5.0,False,True,True,linear,300.0,0.9949655532836914,1.0665922164916992,0.0226323045790195,0.0053968466818332,1.000146508216858,0.0221265833824872,1.0209439992904663,1.4144757986068726,,,,,,,,,,,,,,,,,,,,,,,,,,,,,,,,,,,,,,,,,,,,
retrieval_smoothing_runs_gpu_full/sweep_results.csv,retrieval_smoothing,gpu_sweep_final,row,115.0,115001.0,unbalanced_sinkhorn,64.0,0.4,5.0,False,True,True,linear,300.0,0.99699205160141,1.038950800895691,0.0228519942611455,0.0036697313189506,1.0047860145568848,0.0172940790653228,1.0219578742980957,1.4152015447616575,,,,,,,,,,,,,,,,,,,,,,,,,,,,,,,,,,,,,,,,,,,,
retrieval_smoothing_runs_gpu_full/sweep_results.csv,retrieval_smoothing,gpu_sweep_final,row,116.0,116000.0,unbalanced_sinkhorn,64.0,0.8,0.05,False,True,True,linear,300.0,0.9980177879333496,1.8233274221420288,0.4564262330532074,0.0005696304142475,0.8462861180305481,0.0111958794295787,1.4516395330429075,2.9635567665100098,,,,,,,,,,,,,,,,,,,,,,,,,,,,,,,,,,,,,,,,,,,,
retrieval_smoothing_runs_gpu_full/sweep_results.csv,retrieval_smoothing,gpu_sweep_final,row,116.0,116001.0,unbalanced_sinkhorn,64.0,0.8,0.05,False,True,True,linear,300.0,0.997867226600647,1.7807263135910034,0.4467154443264007,0.0009086392819881,0.9068750739097596,0.0135591384023427,1.518055438995361,2.890453100204468,,,,,,,,,,,,,,,,,,,,,,,,,,,,,,,,,,,,,,,,,,,,
retrieval_smoothing_runs_gpu_full/sweep_results.csv,retrieval_smoothing,gpu_sweep_final,row,117.0,117000.0,unbalanced_sinkhorn,64.0,0.8,0.2,False,True,True,linear,300.0,0.995353102684021,1.62486732006073,0.3489135801792145,0.0007976405322551,0.902946710586548,0.017562486231327,1.334223747253418,2.652914047241211,,,,,,,,,,,,,,,,,,,,,,,,,,,,,,,,,,,,,,,,,,,,
retrieval_smoothing_runs_gpu_full/sweep_results.csv,retrieval_smoothing,gpu_sweep_final,row,117.0,117001.0,unbalanced_sinkhorn,64.0,0.8,0.2,False,True,True,linear,300.0,0.9968076944351196,1.9137895107269287,0.3807932734489441,0.0012155324220657,0.8792750239372253,0.0188757739961147,1.3623099327087402,2.747976779937744,,,,,,,,,,,,,,,,,,,,,,,,,,,,,,,,,,,,,,,,,,,,
retrieval_smoothing_runs_gpu_full/sweep_results.csv,retrieval_smoothing,gpu_sweep_final,row,118.0,118000.0,unbalanced_sinkhorn,64.0,0.8,1.0,False,True,True,linear,300.0,0.9938763976097108,1.7977142333984375,0.2456048280000686,0.002843651920557,0.7752673029899597,0.027077542617917,1.104110836982727,2.4196579456329346,,,,,,,,,,,,,,,,,,,,,,,,,,,,,,,,,,,,,,,,,,,,
retrieval_smoothing_runs_gpu_full/sweep_results.csv,retrieval_smoothing,gpu_sweep_final,row,118.0,118001.0,unbalanced_sinkhorn,64.0,0.8,1.0,False,True,True,linear,300.0,0.994247555732727,1.8172394037246704,0.2363210320472717,0.0016258396208286,0.8225171566009521,0.028677923604846,1.116437911987305,2.373703718185425,,,,,,,,,,,,,,,,,,,,,,,,,,,,,,,,,,,,,,,,,,,,
retrieval_smoothing_runs_gpu_full/sweep_results.csv,retrieval_smoothing,gpu_sweep_final,row,119.0,119000.0,unbalanced_sinkhorn,64.0,0.8,5.0,False,True,True,linear,300.0,0.9924522638320924,1.4178478717803955,0.0594378225505352,0.0051228255033493,1.030157208442688,0.0330176912248134,1.0303137302398682,1.6809638738632202,,,,,,,,,,,,,,,,,,,,,,,,,,,,,,,,,,,,,,,,,,,,
retrieval_smoothing_runs_gpu_full/sweep_results.csv,retrieval_smoothing,gpu_sweep_final,row,119.0,119001.0,unbalanced_sinkhorn,64.0,0.8,5.0,False,True,True,linear,300.0,0.9876176118850708,1.4003431797027588,0.0593873336911201,0.0032401569187641,1.0262094736099243,0.0446370691061019,1.0291194915771484,1.672122836112976,,,,,,,,,,,,,,,,,,,,,,,,,,,,,,,,,,,,,,,,,,,,
runs_bayes_richardson_inverse/richardson_weak_inverse_1780349464/richardson.csv,bayes_weakform,richardson_sweep,row,,,,,,,,,,,,,,,,,,,,,16.0,weak_inverse,1,0.0,0.5438023880124092,0.4074371661990881,0.0,0.1539018107578158,155.108154296875,274.6894588470459,bayes_weakform,,,,,,,,,,,,,,,,,,,,,,,,,,,,,,,,
runs_bayes_richardson_inverse/richardson_weak_inverse_1780349464/richardson.csv,bayes_weakform,richardson_sweep,row,,,,,,,,,,,,,,,,,,,,,16.0,weak_inverse,1,1.0,0.995332546532154,0.8705412521958351,0.0,0.1539018107578158,155.108154296875,274.6894588470459,bayes_weakform,,,,,,,,,,,,,,,,,,,,,,,,,,,,,,,,
runs_bayes_richardson_inverse/richardson_weak_inverse_1780349464/richardson.csv,bayes_weakform,richardson_sweep,row,,,,,,,,,,,,,,,,,,,,,16.0,weak_inverse,2,0.0,0.4546598792076111,0.2783282268792391,0.0,0.1637858129106462,155.66847705841064,104.9394989013672,bayes_weakform,,,,,,,,,,,,,,,,,,,,,,,,,,,,,,,,
runs_bayes_richardson_inverse/richardson_weak_inverse_1780349464/richardson.csv,bayes_weakform,richardson_sweep,row,,,,,,,,,,,,,,,,,,,,,16.0,weak_inverse,2,1.0,0.9870944656431676,0.8156596384942532,0.0,0.1637858129106462,155.66847705841064,268.1619205474853,bayes_weakform,,,,,,,,,,,,,,,,,,,,,,,,,,,,,,,,
runs_bayes_richardson_inverse/richardson_weak_inverse_1780349464/richardson.csv,bayes_weakform,richardson_sweep,row,,,,,,,,,,,,,,,,,,,,,16.0,weak_inverse,4,0.0,0.3454981911927461,0.1686635408550501,0.0,0.1657934049144387,154.43843269348145,41.90489888191223,bayes_weakform,,,,,,,,,,,,,,,,,,,,,,,,,,,,,,,,
runs_bayes_richardson_inverse/richardson_weak_inverse_1780349464/richardson.csv,bayes_weakform,richardson_sweep,row,,,,,,,,,,,,,,,,,,,,,16.0,weak_inverse,4,1.0,0.9817589372396468,0.8150142878293991,0.0,0.1657934049144387,154.43843269348145,258.39569664001465,bayes_weakform,,,,,,,,,,,,,,,,,,,,,,,,,,,,,,,,
runs_bayes_richardson_inverse/richardson_weak_inverse_1780349464/richardson.csv,bayes_weakform,richardson_sweep,row,,,,,,,,,,,,,,,,,,,,,16.0,weak_inverse,8,0.0,0.2943069655448198,0.1059931181371212,0.0,0.1685449052602052,154.99332523345947,15.548773169517515,bayes_weakform,,,,,,,,,,,,,,,,,,,,,,,,,,,,,,,,
runs_bayes_richardson_inverse/richardson_weak_inverse_1780349464/richardson.csv,bayes_weakform,richardson_sweep,row,,,,,,,,,,,,,,,,,,,,,16.0,weak_inverse,8,1.0,0.970775566995144,0.7704476937651634,0.0,0.1685449052602052,154.99332523345947,238.13419914245603,bayes_weakform,,,,,,,,,,,,,,,,,,,,,,,,,,,,,,,,
runs_bayes_richardson_inverse/richardson_weak_inverse_1780349464/richardson.csv,bayes_weakform,richardson_sweep,row,,,,,,,,,,,,,,,,,,,,,16.0,weak_inverse,16,0.0,0.2052477458491921,0.0539242378436028,0.0,0.1536400183103978,154.50379943847656,7.94571253657341,bayes_weakform,,,,,,,,,,,,,,,,,,,,,,,,,,,,,,,,
runs_bayes_richardson_inverse/richardson_weak_inverse_1780349464/richardson.csv,bayes_weakform,richardson_sweep,row,,,,,,,,,,,,,,,,,,,,,16.0,weak_inverse,16,1.0,0.7973849140107632,0.6284539718180895,0.0,0.1536400183103978,154.50379943847656,211.6700839996338,bayes_weakform,,,,,,,,,,,,,,,,,,,,,,,,,,,,,,,,
runs_bayes_richardson_inverse/richardson_weak_inverse_1780349464/richardson.csv,bayes_weakform,richardson_sweep,row,,,,,,,,,,,,,,,,,,,,,16.0,weak_inverse,32,0.0,0.1882340731099248,0.0231383758364245,0.0,0.1658801324665546,155.6466417312622,3.4472482204437256,bayes_weakform,,,,,,,,,,,,,,,,,,,,,,,,,,,,,,,,
runs_bayes_richardson_inverse/richardson_weak_inverse_1780349464/richardson.csv,bayes_weakform,richardson_sweep,row,,,,,,,,,,,,,,,,,,,,,16.0,weak_inverse,32,1.0,0.6511622406542301,0.5011122096329927,0.0,0.1658801324665546,155.6466417312622,157.3625555038452,bayes_weakform,,,,,,,,,,,,,,,,,,,,,,,,,,,,,,,,
runs_bayes_richardson_inverse/richardson_weak_inverse_1780349464/richardson.csv,bayes_weakform,richardson_sweep,row,,,,,,,,,,,,,,,,,,,,,16.0,weak_inverse,64,0.0,0.1739897085353732,0.0065220502146985,0.0,0.1658566007390618,155.13220882415771,1.5899527929723265,bayes_weakform,,,,,,,,,,,,,,,,,,,,,,,,,,,,,,,,
runs_bayes_richardson_inverse/richardson_weak_inverse_1780349464/richardson.csv,bayes_weakform,richardson_sweep,row,,,,,,,,,,,,,,,,,,,,,16.0,weak_inverse,64,1.0,0.5441888011991978,0.3719407562166452,0.0,0.1658566007390618,155.13220882415771,98.36259269714355,bayes_weakform,,,,,,,,,,,,,,,,,,,,,,,,,,,,,,,,
runs_bayes_richardson_inverse/richardson_weak_inverse_1780349464/richardson.csv,bayes_weakform,richardson_sweep,row,,,,,,,,,,,,,,,,,,,,,32.0,weak_inverse,1,0.0,0.3976691290736198,0.3566177058964968,0.0,0.0391404656693339,21.036116242408752,477.42166328430176,bayes_weakform,,,,,,,,,,,,,,,,,,,,,,,,,,,,,,,,
runs_bayes_richardson_inverse/richardson_weak_inverse_1780349464/richardson.csv,bayes_weakform,richardson_sweep,row,,,,,,,,,,,,,,,,,,,,,32.0,weak_inverse,1,1.0,1.0410216338932514,0.9943328388035296,0.0,0.0391404656693339,21.036116242408752,477.42166328430176,bayes_weakform,,,,,,,,,,,,,,,,,,,,,,,,,,,,,,,,
runs_bayes_richardson_inverse/richardson_weak_inverse_1780349464/richardson.csv,bayes_weakform,richardson_sweep,row,,,,,,,,,,,,,,,,,,,,,32.0,weak_inverse,2,0.0,0.2226099465042352,0.1807511197403073,0.0,0.0393972594756633,20.93666958808899,184.6799278259277,bayes_weakform,,,,,,,,,,,,,,,,,,,,,,,,,,,,,,,,
runs_bayes_richardson_inverse/richardson_weak_inverse_1780349464/richardson.csv,bayes_weakform,richardson_sweep,row,,,,,,,,,,,,,,,,,,,,,32.0,weak_inverse,2,1.0,0.9862701445817948,0.9481903947889804,0.0,0.0393972594756633,20.93666958808899,475.02525901794434,bayes_weakform,,,,,,,,,,,,,,,,,,,,,,,,,,,,,,,,
runs_bayes_richardson_inverse/richardson_weak_inverse_1780349464/richardson.csv,bayes_weakform,richardson_sweep,row,,,,,,,,,,,,,,,,,,,,,32.0,weak_inverse,4,0.0,0.136255148332566,0.0961876211222261,0.0,0.0416688879486173,21.227770805358887,65.11727166175842,bayes_weakform,,,,,,,,,,,,,,,,,,,,,,,,,,,,,,,,
runs_bayes_richardson_inverse/richardson_weak_inverse_1780349464/richardson.csv,bayes_weakform,richardson_sweep,row,,,,,,,,,,,,,,,,,,,,,32.0,weak_inverse,4,1.0,0.9938019774854184,0.93345757573843,0.0,0.0416688879486173,21.227770805358887,459.9104290008545,bayes_weakform,,,,,,,,,,,,,,,,,,,,,,,,,,,,,,,,
runs_bayes_richardson_inverse/richardson_weak_inverse_1780349464/richardson.csv,bayes_weakform,richardson_sweep,row,,,,,,,,,,,,,,,,,,,,,32.0,weak_inverse,8,0.0,0.0730375875718891,0.032752429950051,0.0,0.0398831632919609,21.10305595397949,22.090890765190125,bayes_weakform,,,,,,,,,,,,,,,,,,,,,,,,,,,,,,,,
runs_bayes_richardson_inverse/richardson_weak_inverse_1780349464/richardson.csv,bayes_weakform,richardson_sweep,row,,,,,,,,,,,,,,,,,,,,,32.0,weak_inverse,8,1.0,0.9395567290484904,0.8886941559612751,0.0,0.0398831632919609,21.10305595397949,444.686164855957,bayes_weakform,,,,,,,,,,,,,,,,,,,,,,,,,,,,,,,,
runs_bayes_richardson_inverse/richardson_weak_inverse_1780349464/richardson.csv,bayes_weakform,richardson_sweep,row,,,,,,,,,,,,,,,,,,,,,32.0,weak_inverse,16,0.0,0.0462646940723061,0.006667827401543,0.0,0.0398346320725977,21.05928218364716,7.3476057052612305,bayes_weakform,,,,,,,,,,,,,,,,,,,,,,,,,,,,,,,,
runs_bayes_richardson_inverse/richardson_weak_inverse_1780349464/richardson.csv,bayes_weakform,richardson_sweep,row,,,,,,,,,,,,,,,,,,,,,32.0,weak_inverse,16,1.0,0.8248352520167828,0.7793397456407547,0.0,0.0398346320725977,21.05928218364716,411.21082878112793,bayes_weakform,,,,,,,,,,,,,,,,,,,,,,,,,,,,,,,,
runs_bayes_richardson_inverse/richardson_weak_inverse_1780349464/richardson.csv,bayes_weakform,richardson_sweep,row,,,,,,,,,,,,,,,,,,,,,32.0,weak_inverse,32,0.0,0.0421340919565409,0.0008728034954401,0.0,0.0412832607980817,21.006497979164124,2.0070768892765045,bayes_weakform,,,,,,,,,,,,,,,,,,,,,,,,,,,,,,,,
runs_bayes_richardson_inverse/richardson_weak_inverse_1780349464/richardson.csv,bayes_weakform,richardson_sweep,row,,,,,,,,,,,,,,,,,,,,,32.0,weak_inverse,32,1.0,0.6928870342671871,0.6527497321367264,0.0,0.0412832607980817,21.006497979164124,355.6068420410156,bayes_weakform,,,,,,,,,,,,,,,,,,,,,,,,,,,,,,,,
runs_bayes_richardson_inverse/richardson_weak_inverse_1780349464/richardson.csv,bayes_weakform,richardson_sweep,row,,,,,,,,,,,,,,,,,,,,,32.0,weak_inverse,64,0.0,0.0407118084840476,6.484883800794705e-05,0.0,0.0408717029495164,21.171721935272217,0.4180074888281524,bayes_weakform,,,,,,,,,,,,,,,,,,,,,,,,,,,,,,,,
runs_bayes_richardson_inverse/richardson_weak_inverse_1780349464/richardson.csv,bayes_weakform,richardson_sweep,row,,,,,,,,,,,,,,,,,,,,,32.0,weak_inverse,64,1.0,0.5588866397738457,0.518366601318121,0.0,0.0408717029495164,21.171721935272217,268.73936462402344,bayes_weakform,,,,,,,,,,,,,,,,,,,,,,,,,,,,,,,,
runs_bayes_richardson_inverse/richardson_weak_inverse_1780349464/richardson.csv,bayes_weakform,richardson_sweep,row,,,,,,,,,,,,,,,,,,,,,64.0,weak_inverse,1,0.0,0.2468942254781723,0.2171404482796788,0.0,0.0270910584367811,6.933987677097321,875.7348251342773,bayes_weakform,,,,,,,,,,,,,,,,,,,,,,,,,,,,,,,,
runs_bayes_richardson_inverse/richardson_weak_inverse_1780349464/richardson.csv,bayes_weakform,richardson_sweep,row,,,,,,,,,,,,,,,,,,,,,64.0,weak_inverse,1,1.0,1.0216379277408123,0.9966677725315094,0.0,0.0270910584367811,6.933987677097321,875.7348251342773,bayes_weakform,,,,,,,,,,,,,,,,,,,,,,,,,,,,,,,,
runs_bayes_richardson_inverse/richardson_weak_inverse_1780349464/richardson.csv,bayes_weakform,richardson_sweep,row,,,,,,,,,,,,,,,,,,,,,64.0,weak_inverse,2,0.0,0.1093969102948904,0.081062858691439,0.0,0.026724613038823,6.911797016859055,307.5709457397461,bayes_weakform,,,,,,,,,,,,,,,,,,,,,,,,,,,,,,,,
runs_bayes_richardson_inverse/richardson_weak_inverse_1780349464/richardson.csv,bayes_weakform,richardson_sweep,row,,,,,,,,,,,,,,,,,,,,,64.0,weak_inverse,2,1.0,0.9767498895525932,0.9436968192458152,0.0,0.026724613038823,6.911797016859055,869.0458641052246,bayes_weakform,,,,,,,,,,,,,,,,,,,,,,,,,,,,,,,,
runs_bayes_richardson_inverse/richardson_weak_inverse_1780349464/richardson.csv,bayes_weakform,richardson_sweep,row,,,,,,,,,,,,,,,,,,,,,64.0,weak_inverse,4,0.0,0.0462937469128519,0.0216381805948913,0.0,0.0254201110219582,6.934975445270538,88.66001081466675,bayes_weakform,,,,,,,,,,,,,,,,,,,,,,,,,,,,,,,,
runs_bayes_richardson_inverse/richardson_weak_inverse_1780349464/richardson.csv,bayes_weakform,richardson_sweep,row,,,,,,,,,,,,,,,,,,,,,64.0,weak_inverse,4,1.0,1.0136739946901798,0.9877180866897106,0.0,0.0254201110219582,6.934975445270538,859.4364395141602,bayes_weakform,,,,,,,,,,,,,,,,,,,,,,,,,,,,,,,,
runs_bayes_richardson_inverse/richardson_weak_inverse_1780349464/richardson.csv,bayes_weakform,richardson_sweep,row,,,,,,,,,,,,,,,,,,,,,64.0,weak_inverse,8,0.0,0.0296361842192709,0.0020074034837307,0.0,0.02735730051063,6.967707455158234,19.104800939559937,bayes_weakform,,,,,,,,,,,,,,,,,,,,,,,,,,,,,,,,
runs_bayes_richardson_inverse/richardson_weak_inverse_1780349464/richardson.csv,bayes_weakform,richardson_sweep,row,,,,,,,,,,,,,,,,,,,,,64.0,weak_inverse,8,1.0,1.0067073963582516,0.9865031652152538,0.0,0.02735730051063,6.967707455158234,849.0068130493164,bayes_weakform,,,,,,,,,,,,,,,,,,,,,,,,,,,,,,,,
runs_bayes_richardson_inverse/richardson_weak_inverse_1780349464/richardson.csv,bayes_weakform,richardson_sweep,row,,,,,,,,,,,,,,,,,,,,,64.0,weak_inverse,16,0.0,0.0283765111817047,6.399171093107725e-05,0.0,0.0283089330187067,7.006980419158936,2.352487675845623,bayes_weakform,,,,,,,,,,,,,,,,,,,,,,,,,,,,,,,,
runs_bayes_richardson_inverse/richardson_weak_inverse_1780349464/richardson.csv,bayes_weakform,richardson_sweep,row,,,,,,,,,,,,,,,,,,,,,64.0,weak_inverse,16,1.0,0.8873542100191116,0.8615307472646236,0.0,0.0283089330187067,7.006980419158936,813.5316162109375,bayes_weakform,,,,,,,,,,,,,,,,,,,,,,,,,,,,,,,,
runs_bayes_richardson_inverse/richardson_weak_inverse_1780349464/richardson.csv,bayes_weakform,richardson_sweep,row,,,,,,,,,,,,,,,,,,,,,64.0,weak_inverse,32,0.0,0.025909470859915,9.030685310662535e-08,0.0,0.025910498923622,6.925015479326248,0.0900712180882692,bayes_weakform,,,,,,,,,,,,,,,,,,,,,,,,,,,,,,,,
runs_bayes_richardson_inverse/richardson_weak_inverse_1780349464/richardson.csv,bayes_weakform,richardson_sweep,row,,,,,,,,,,,,,,,,,,,,,64.0,weak_inverse,32,1.0,0.8382236324250698,0.8125002905726433,0.0,0.025910498923622,6.925015479326248,751.962459564209,bayes_weakform,,,,,,,,,,,,,,,,,,,,,,,,,,,,,,,,
runs_bayes_richardson_inverse/richardson_weak_inverse_1780349464/richardson.csv,bayes_weakform,richardson_sweep,row,,,,,,,,,,,,,,,,,,,,,64.0,weak_inverse,64,0.0,0.0283661347348243,5.7262354105917955e-12,0.0,0.0283661219291389,6.9425879418849945,0.000485805001972,bayes_weakform,,,,,,,,,,,,,,,,,,,,,,,,,,,,,,,,
runs_bayes_richardson_inverse/richardson_weak_inverse_1780349464/richardson.csv,bayes_weakform,richardson_sweep,row,,,,,,,,,,,,,,,,,,,,,64.0,weak_inverse,64,1.0,0.6530588008463383,0.6255719866603613,0.0,0.0283661219291389,6.9425879418849945,636.5197257995605,bayes_weakform,,,,,,,,,,,,,,,,,,,,,,,,,,,,,,,,
runs_bayes_richardson_inverse/richardson_weak_inverse_1780349464/richardson.csv,bayes_weakform,richardson_sweep,row,,,,,,,,,,,,,,,,,,,,,128.0,weak_inverse,1,0.0,0.1470841825939715,0.1232970939017832,0.0,0.0221412467071786,3.710256189107895,1655.5126571655271,bayes_weakform,,,,,,,,,,,,,,,,,,,,,,,,,,,,,,,,
runs_bayes_richardson_inverse/richardson_weak_inverse_1780349464/richardson.csv,bayes_weakform,richardson_sweep,row,,,,,,,,,,,,,,,,,,,,,128.0,weak_inverse,1,1.0,0.9968851432204248,0.9814817905426024,0.0,0.0221412467071786,3.710256189107895,1655.5126571655271,bayes_weakform,,,,,,,,,,,,,,,,,,,,,,,,,,,,,,,,
runs_bayes_richardson_inverse/richardson_weak_inverse_1780349464/richardson.csv,bayes_weakform,richardson_sweep,row,,,,,,,,,,,,,,,,,,,,,128.0,weak_inverse,2,0.0,0.0482603006530553,0.0252575910417363,0.0,0.0230179780628532,3.715394735336304,483.5272846221924,bayes_weakform,,,,,,,,,,,,,,,,,,,,,,,,,,,,,,,,
runs_bayes_richardson_inverse/richardson_weak_inverse_1780349464/richardson.csv,bayes_weakform,richardson_sweep,row,,,,,,,,,,,,,,,,,,,,,128.0,weak_inverse,2,1.0,0.978997003287077,0.9490821920335292,0.0,0.0230179780628532,3.715394735336304,1665.6376190185547,bayes_weakform,,,,,,,,,,,,,,,,,,,,,,,,,,,,,,,,
runs_bayes_richardson_inverse/richardson_weak_inverse_1780349464/richardson.csv,bayes_weakform,richardson_sweep,row,,,,,,,,,,,,,,,,,,,,,128.0,weak_inverse,4,0.0,0.0254036145051941,0.0025198894654749,0.0,0.0221301259007304,3.710741445422173,104.4006690979004,bayes_weakform,,,,,,,,,,,,,,,,,,,,,,,,,,,,,,,,
runs_bayes_richardson_inverse/richardson_weak_inverse_1780349464/richardson.csv,bayes_weakform,richardson_sweep,row,,,,,,,,,,,,,,,,,,,,,128.0,weak_inverse,4,1.0,1.0882796496152878,1.0460723228752613,0.0,0.0221301259007304,3.710741445422173,1672.547508239746,bayes_weakform,,,,,,,,,,,,,,,,,,,,,,,,,,,,,,,,
runs_bayes_richardson_inverse/richardson_weak_inverse_1780349464/richardson.csv,bayes_weakform,richardson_sweep,row,,,,,,,,,,,,,,,,,,,,,128.0,weak_inverse,8,0.0,0.022809101967141,4.5763487264594005e-05,0.0,0.0228674077661708,3.6847872138023376,8.963504195213318,bayes_weakform,,,,,,,,,,,,,,,,,,,,,,,,,,,,,,,,
runs_bayes_richardson_inverse/richardson_weak_inverse_1780349464/richardson.csv,bayes_weakform,richardson_sweep,row,,,,,,,,,,,,,,,,,,,,,128.0,weak_inverse,8,1.0,1.0125405676662922,0.9922867380082608,0.0,0.0228674077661708,3.6847872138023376,1633.7805099487305,bayes_weakform,,,,,,,,,,,,,,,,,,,,,,,,,,,,,,,,
runs_bayes_richardson_inverse/richardson_weak_inverse_1780349464/richardson.csv,bayes_weakform,richardson_sweep,row,,,,,,,,,,,,,,,,,,,,,128.0,weak_inverse,16,0.0,0.0223893161164596,6.401412711021237e-08,0.0,0.0223906505852937,3.719273805618286,0.2141281962394714,bayes_weakform,,,,,,,,,,,,,,,,,,,,,,,,,,,,,,,,
runs_bayes_richardson_inverse/richardson_weak_inverse_1780349464/richardson.csv,bayes_weakform,richardson_sweep,row,,,,,,,,,,,,,,,,,,,,,128.0,weak_inverse,16,1.0,0.9052926898002625,0.8905619382858276,0.0,0.0223906505852937,3.719273805618286,1589.0847778320312,bayes_weakform,,,,,,,,,,,,,,,,,,,,,,,,,,,,,,,,
runs_bayes_richardson_inverse/richardson_weak_inverse_1780349464/richardson.csv,bayes_weakform,richardson_sweep,row,,,,,,,,,,,,,,,,,,,,,128.0,weak_inverse,32,0.0,0.0222888571443036,1.6385867272414314e-13,0.0,0.0222888520220294,3.716727882623673,0.0002769616421574,bayes_weakform,,,,,,,,,,,,,,,,,,,,,,,,,,,,,,,,
runs_bayes_richardson_inverse/richardson_weak_inverse_1780349464/richardson.csv,bayes_weakform,richardson_sweep,row,,,,,,,,,,,,,,,,,,,,,128.0,weak_inverse,32,1.0,0.8740895055234432,0.8553343825042248,0.0,0.0222888520220294,3.716727882623673,1542.851203918457,bayes_weakform,,,,,,,,,,,,,,,,,,,,,,,,,,,,,,,,
runs_bayes_richardson_inverse/richardson_weak_inverse_1780349464/richardson.csv,bayes_weakform,richardson_sweep,row,,,,,,,,,,,,,,,,,,,,,128.0,weak_inverse,64,0.0,0.0222878055647015,3.0039325519225224e-14,0.0,0.0222878063796088,3.707105308771133,6.6312462422502e-05,bayes_weakform,,,,,,,,,,,,,,,,,,,,,,,,,,,,,,,,
runs_bayes_richardson_inverse/richardson_weak_inverse_1780349464/richardson.csv,bayes_weakform,richardson_sweep,row,,,,,,,,,,,,,,,,,,,,,128.0,weak_inverse,64,1.0,0.8092648163437843,0.7829722724854946,0.0,0.0222878063796088,3.707105308771133,1427.968978881836,bayes_weakform,,,,,,,,,,,,,,,,,,,,,,,,,,,,,,,,
runs_bayes_richardson_inverse/richardson_weak_inverse_1780349464/richardson.csv,bayes_weakform,richardson_sweep,row,,,,,,,,,,,,,,,,,,,,,256.0,weak_inverse,1,0.0,0.0863416115753352,0.0596670764498412,0.0,0.0233619508799165,2.475646495819092,3216.113647460937,bayes_weakform,,,,,,,,,,,,,,,,,,,,,,,,,,,,,,,,
runs_bayes_richardson_inverse/richardson_weak_inverse_1780349464/richardson.csv,bayes_weakform,richardson_sweep,row,,,,,,,,,,,,,,,,,,,,,256.0,weak_inverse,1,1.0,0.9754022918641568,0.9410102553665638,0.0,0.0233619508799165,2.475646495819092,3216.113647460937,bayes_weakform,,,,,,,,,,,,,,,,,,,,,,,,,,,,,,,,
runs_bayes_richardson_inverse/richardson_weak_inverse_1780349464/richardson.csv,bayes_weakform,richardson_sweep,row,,,,,,,,,,,,,,,,,,,,,256.0,weak_inverse,2,0.0,0.0301180108217522,0.0082927033363375,0.0,0.0223449289333075,2.4868013709783554,737.6748313903809,bayes_weakform,,,,,,,,,,,,,,,,,,,,,,,,,,,,,,,,
runs_bayes_richardson_inverse/richardson_weak_inverse_1780349464/richardson.csv,bayes_weakform,richardson_sweep,row,,,,,,,,,,,,,,,,,,,,,256.0,weak_inverse,2,1.0,0.9977443143725396,0.9807100631296636,0.0,0.0223449289333075,2.4868013709783554,3231.734909057617,bayes_weakform,,,,,,,,,,,,,,,,,,,,,,,,,,,,,,,,
runs_bayes_richardson_inverse/richardson_weak_inverse_1780349464/richardson.csv,bayes_weakform,richardson_sweep,row,,,,,,,,,,,,,,,,,,,,,256.0,weak_inverse,4,0.0,0.0217245795647613,0.0002163251019737,0.0,0.02159351791488,2.47942766547203,89.68303918838501,bayes_weakform,,,,,,,,,,,,,,,,,,,,,,,,,,,,,,,,
runs_bayes_richardson_inverse/richardson_weak_inverse_1780349464/richardson.csv,bayes_weakform,richardson_sweep,row,,,,,,,,,,,,,,,,,,,,,256.0,weak_inverse,4,1.0,0.9402771145105362,0.9240708202123642,0.0,0.02159351791488,2.47942766547203,3200.447525024414,bayes_weakform,,,,,,,,,,,,,,,,,,,,,,,,,,,,,,,,
runs_bayes_richardson_inverse/richardson_weak_inverse_1780349464/richardson.csv,bayes_weakform,richardson_sweep,row,,,,,,,,,,,,,,,,,,,,,256.0,weak_inverse,8,0.0,0.0213292139815166,5.195895731446853e-07,0.0,0.0213341728085652,2.47503562271595,3.1434264928102493,bayes_weakform,,,,,,,,,,,,,,,,,,,,,,,,,,,,,,,,
runs_bayes_richardson_inverse/richardson_weak_inverse_1780349464/richardson.csv,bayes_weakform,richardson_sweep,row,,,,,,,,,,,,,,,,,,,,,256.0,weak_inverse,8,1.0,1.0239455215632915,1.0059738345444202,0.0,0.0213341728085652,2.47503562271595,3239.029083251953,bayes_weakform,,,,,,,,,,,,,,,,,,,,,,,,,,,,,,,,
runs_bayes_richardson_inverse/richardson_weak_inverse_1780349464/richardson.csv,bayes_weakform,richardson_sweep,row,,,,,,,,,,,,,,,,,,,,,256.0,weak_inverse,16,0.0,0.0214685110840946,9.772175581755638e-12,0.0,0.0214685467071831,2.4763779044151306,0.0067164617648813,bayes_weakform,,,,,,,,,,,,,,,,,,,,,,,,,,,,,,,,
runs_bayes_richardson_inverse/richardson_weak_inverse_1780349464/richardson.csv,bayes_weakform,richardson_sweep,row,,,,,,,,,,,,,,,,,,,,,256.0,weak_inverse,16,1.0,1.0343181304633615,1.0163697488605976,0.0,0.0214685467071831,2.4763779044151306,3175.403381347656,bayes_weakform,,,,,,,,,,,,,,,,,,,,,,,,,,,,,,,,
runs_bayes_richardson_inverse/richardson_weak_inverse_1780349464/richardson.csv,bayes_weakform,richardson_sweep,row,,,,,,,,,,,,,,,,,,,,,256.0,weak_inverse,32,0.0,0.0210020683007314,2.6385638736848432e-14,0.0,0.021002068882808,2.4717619866132736,0.0001110216012421,bayes_weakform,,,,,,,,,,,,,,,,,,,,,,,,,,,,,,,,
runs_bayes_richardson_inverse/richardson_weak_inverse_1780349464/richardson.csv,bayes_weakform,richardson_sweep,row,,,,,,,,,,,,,,,,,,,,,256.0,weak_inverse,32,1.0,0.9580184780061244,0.9336101226508616,0.0,0.021002068882808,2.4717619866132736,3115.550811767578,bayes_weakform,,,,,,,,,,,,,,,,,,,,,,,,,,,,,,,,
runs_bayes_richardson_inverse/richardson_weak_inverse_1780349464/richardson.csv,bayes_weakform,richardson_sweep,row,,,,,,,,,,,,,,,,,,,,,256.0,weak_inverse,64,0.0,0.0199957316508516,2.5788258586401973e-14,0.0,0.0199957318254746,2.469742015004158,0.0001098597308555,bayes_weakform,,,,,,,,,,,,,,,,,,,,,,,,,,,,,,,,
runs_bayes_richardson_inverse/richardson_weak_inverse_1780349464/richardson.csv,bayes_weakform,richardson_sweep,row,,,,,,,,,,,,,,,,,,,,,256.0,weak_inverse,64,1.0,0.9009476713836192,0.8847362883388996,0.0,0.0199957318254746,2.469742015004158,3010.059310913086,bayes_weakform,,,,,,,,,,,,,,,,,,,,,,,,,,,,,,,,
runs_bayes_richardson_inverse/richardson_weak_inverse_1780349464/richardson.csv,bayes_weakform,richardson_sweep,row,,,,,,,,,,,,,,,,,,,,,512.0,weak_inverse,1,0.0,0.0521806608885526,0.0322461170144379,0.0,0.0213110242038965,1.88395132124424,6354.6175537109375,bayes_weakform,,,,,,,,,,,,,,,,,,,,,,,,,,,,,,,,
runs_bayes_richardson_inverse/richardson_weak_inverse_1780349464/richardson.csv,bayes_weakform,richardson_sweep,row,,,,,,,,,,,,,,,,,,,,,512.0,weak_inverse,1,1.0,0.9955985844135284,0.973383292555809,0.0,0.0213110242038965,1.88395132124424,6354.6175537109375,bayes_weakform,,,,,,,,,,,,,,,,,,,,,,,,,,,,,,,,
runs_bayes_richardson_inverse/richardson_weak_inverse_1780349464/richardson.csv,bayes_weakform,richardson_sweep,row,,,,,,,,,,,,,,,,,,,,,512.0,weak_inverse,2,0.0,0.0233385293395258,0.0020333634456619,0.0,0.0209872354753315,1.8867766708135605,1090.2903175354004,bayes_weakform,,,,,,,,,,,,,,,,,,,,,,,,,,,,,,,,
runs_bayes_richardson_inverse/richardson_weak_inverse_1780349464/richardson.csv,bayes_weakform,richardson_sweep,row,,,,,,,,,,,,,,,,,,,,,512.0,weak_inverse,2,1.0,1.0194765217602253,0.9897652864456176,0.0,0.0209872354753315,1.8867766708135605,6403.2618408203125,bayes_weakform,,,,,,,,,,,,,,,,,,,,,,,,,,,,,,,,
runs_bayes_richardson_inverse/richardson_weak_inverse_1780349464/richardson.csv,bayes_weakform,richardson_sweep,row,,,,,,,,,,,,,,,,,,,,,512.0,weak_inverse,4,0.0,0.0206110595026984,1.741657229104021e-05,0.0,0.0206179791130125,1.8868631646037104,74.63898754119873,bayes_weakform,,,,,,,,,,,,,,,,,,,,,,,,,,,,,,,,
runs_bayes_richardson_inverse/richardson_weak_inverse_1780349464/richardson.csv,bayes_weakform,richardson_sweep,row,,,,,,,,,,,,,,,,,,,,,512.0,weak_inverse,4,1.0,1.0710663944482803,1.051280748099089,0.0,0.0206179791130125,1.8868631646037104,6398.545166015625,bayes_weakform,,,,,,,,,,,,,,,,,,,,,,,,,,,,,,,,
runs_bayes_richardson_inverse/richardson_weak_inverse_1780349464/richardson.csv,bayes_weakform,richardson_sweep,row,,,,,,,,,,,,,,,,,,,,,512.0,weak_inverse,8,0.0,0.020298529183492,2.916427904731122e-09,0.0,0.020298718707636,1.8856625258922577,0.6667730882763863,bayes_weakform,,,,,,,,,,,,,,,,,,,,,,,,,,,,,,,,
runs_bayes_richardson_inverse/richardson_weak_inverse_1780349464/richardson.csv,bayes_weakform,richardson_sweep,row,,,,,,,,,,,,,,,,,,,,,512.0,weak_inverse,8,1.0,0.9587026573717594,0.940496612340212,0.0,0.020298718707636,1.8856625258922577,6352.585968017578,bayes_weakform,,,,,,,,,,,,,,,,,,,,,,,,,,,,,,,,
runs_bayes_richardson_inverse/richardson_weak_inverse_1780349464/richardson.csv,bayes_weakform,richardson_sweep,row,,,,,,,,,,,,,,,,,,,,,512.0,weak_inverse,16,0.0,0.0203629593597725,2.303828650204384e-14,0.0,0.0203629594761878,1.884931728243828,0.000302870712403,bayes_weakform,,,,,,,,,,,,,,,,,,,,,,,,,,,,,,,,
runs_bayes_richardson_inverse/richardson_weak_inverse_1780349464/richardson.csv,bayes_weakform,richardson_sweep,row,,,,,,,,,,,,,,,,,,,,,512.0,weak_inverse,16,1.0,0.9635073803365232,0.950606781989336,0.0,0.0203629594761878,1.884931728243828,6359.491668701172,bayes_weakform,,,,,,,,,,,,,,,,,,,,,,,,,,,,,,,,
runs_bayes_richardson_inverse/richardson_weak_inverse_1780349464/richardson.csv,bayes_weakform,richardson_sweep,row,,,,,,,,,,,,,,,,,,,,,512.0,weak_inverse,32,0.0,0.0207978202379308,2.3213981464095118e-14,0.0,0.0207978209946304,1.8838870227336884,0.0001933733574333,bayes_weakform,,,,,,,,,,,,,,,,,,,,,,,,,,,,,,,,
runs_bayes_richardson_inverse/richardson_weak_inverse_1780349464/richardson.csv,bayes_weakform,richardson_sweep,row,,,,,,,,,,,,,,,,,,,,,512.0,weak_inverse,32,1.0,0.9446003548800944,0.9345398396253586,0.0,0.0207978209946304,1.8838870227336884,6274.956329345703,bayes_weakform,,,,,,,,,,,,,,,,,,,,,,,,,,,,,,,,
runs_bayes_richardson_inverse/richardson_weak_inverse_1780349464/richardson.csv,bayes_weakform,richardson_sweep,row,,,,,,,,,,,,,,,,,,,,,512.0,weak_inverse,64,0.0,0.0202340607065707,2.3033719300392247e-14,0.0,0.0202340598334558,1.891962967813015,0.000194786332031,bayes_weakform,,,,,,,,,,,,,,,,,,,,,,,,,,,,,,,,
runs_bayes_richardson_inverse/richardson_weak_inverse_1780349464/richardson.csv,bayes_weakform,richardson_sweep,row,,,,,,,,,,,,,,,,,,,,,512.0,weak_inverse,64,1.0,0.9457481242716312,0.917158719152212,0.0,0.0202340598334558,1.891962967813015,6139.181274414063,bayes_weakform,,,,,,,,,,,,,,,,,,,,,,,,,,,,,,,,
runs_looping_inverse/weak_inverse_L16_D128_H4_shared1_norm0_1780349464/log.csv,bayes_weakform,train_looping_L16,training_step,,,,,,,,,,,,,,,,,,,,,,weak_inverse,16,,,,,,,,,1,1.712209939956665,128,128,128,4,1,0,0,0.0240520350635051,1.4623533495239373e-08,0.0,3.734552383422852,0.1579117327928543,2.079278998076916,2.068214274942875,0.8817389979958534,1.9801644831895828,-0.4712087661027908,0.82666015625,3.84430330991745,0.94482421875,0.5926134698092937,2.0921231508255005,2.070717871189117,0.881795909255743,1.98696993291378,-0.4762640912085771,0.82275390625,3.844291642308235,0.9541015625,0.5921507403254509
runs_looping_inverse/weak_inverse_L16_D128_H4_shared1_norm0_1780349464/log.csv,bayes_weakform,train_looping_L16,training_step,,,,,,,,,,,,,,,,,,,,,,weak_inverse,16,,,,,,,,,200,1.4258770942687988,128,128,128,4,1,0,0,0.0218215975910425,5.005657044421241e-08,0.0,3.654024600982666,0.2012889087200164,1.0161696523427963,1.0014775283634665,1.0590988025069237,1.4075191766023636,-0.4856553021818399,0.94873046875,3.927611529827118,0.9501953125,0.5928471647202969,1.0778368636965752,1.0633320435881617,1.0657943226397038,1.4385910406708715,-0.4840309433639049,0.94970703125,3.932265549898148,0.9482421875,0.5930248647928238
runs_looping_inverse/weak_inverse_L16_D128_H4_shared1_norm0_1780349464/log.csv,bayes_weakform,train_looping_L16,training_step,,,,,,,,,,,,,,,,,,,,,,weak_inverse,16,,,,,,,,,400,1.3213491439819336,128,128,128,4,1,0,0,0.0240748114883899,1.247831171724556e-08,0.0,3.674855709075928,0.1383311450481414,1.0284125730395317,0.9985055103898048,1.6697996631264689,1.422004871070385,-0.454141242429614,0.96923828125,4.40984907746315,0.94677734375,0.5929549336433411,1.061481490731239,1.042098842561245,1.6564339399337769,1.4396976307034492,-0.4789913948625326,0.97265625,4.403711497783661,0.95703125,0.5927400663495064
runs_looping_inverse/weak_inverse_L16_D128_H4_shared1_norm0_1780349464/log.csv,bayes_weakform,train_looping_L16,training_step,,,,,,,,,,,,,,,,,,,,,,weak_inverse,16,,,,,,,,,600,1.0158103704452517,128,128,128,4,1,0,0,0.0197036154568195,4.3381444214674054e-08,0.0,3.753617286682129,0.2208849340677261,0.440397972241044,0.4174042660742998,0.2049636868759989,0.9855615980923176,-0.4675231594592333,0.94873046875,2.6083572804927826,0.953125,0.5930151715874672,0.4266175832599401,0.4011003226041794,0.2054789178073406,0.9667937718331814,-0.4645123314112425,0.95654296875,2.6117493957281117,0.95263671875,0.5923259742558002
runs_looping_inverse/weak_inverse_L16_D128_H4_shared1_norm0_1780349464/log.csv,bayes_weakform,train_looping_L16,training_step,,,,,,,,,,,,,,,,,,,,,,weak_inverse,16,,,,,,,,,800,0.6165262460708618,128,128,128,4,1,0,0,0.0251239202916622,2.4929867947776078e-08,0.0,3.719827651977539,0.1952163875102996,0.1917950715869665,0.1693515432998538,0.021450676373206,0.5838191658258438,-0.4697019141167402,0.92822265625,1.551571935415268,0.94677734375,0.5922326520085335,0.1975655825808644,0.1743862610310316,0.0203916943864896,0.5889953747391701,-0.4775165803730488,0.919921875,1.5373067408800123,0.94873046875,0.5921670719981194
runs_looping_inverse/weak_inverse_L16_D128_H4_shared1_norm0_1780349464/log.csv,bayes_weakform,train_looping_L16,training_step,,,,,,,,,,,,,,,,,,,,,,weak_inverse,16,,,,,,,,,1000,0.500961422920227,128,128,128,4,1,0,0,0.0204705353826284,2.7312099248888444e-08,0.0,3.654926300048828,0.1680622845888137,0.1948031801730394,0.1716275317594409,0.0298901115311309,0.5808449238538742,-0.4475947991013527,0.94091796875,1.7001722902059555,0.9482421875,0.5928152017295361,0.1879482194781303,0.1672473577782511,0.0290276118321344,0.5615549460053444,-0.4499447457492351,0.9453125,1.691289059817791,0.9521484375,0.5927285067737103
runs_looping_inverse/weak_inverse_L16_D128_H4_shared1_norm0_1780349464/log.csv,bayes_weakform,train_looping_L16,training_step,,,,,,,,,,,,,,,,,,,,,,weak_inverse,16,,,,,,,,,1200,0.4917639791965484,128,128,128,4,1,0,0,0.025601215660572,1.9504517112522993e-08,0.0,3.693013668060303,0.2686302363872528,0.1696917088702321,0.1442865636199712,0.0163049639086239,0.5175527278333902,-0.463051414117217,0.93115234375,1.4833255410194397,0.951171875,0.5926910601556301,0.1544430358335375,0.1281876387074589,0.015301885548979,0.4701143037527799,-0.4563144575804472,0.9375,1.4660788178443909,0.94384765625,0.592227641493082
runs_looping_inverse/weak_inverse_L16_D128_H4_shared1_norm0_1780349464/log.csv,bayes_weakform,train_looping_L16,training_step,,,,,,,,,,,,,,,,,,,,,,weak_inverse,16,,,,,,,,,1400,0.62372887134552,128,128,128,4,1,0,0,0.0295512080192565,7.45867652085508e-08,0.0,3.721374988555908,0.1816842555999755,0.1877234745770692,0.1685525854118168,0.0231332937255501,0.58013697527349,-0.4791957475244999,0.93701171875,1.595959521830082,0.9521484375,0.5928387530148029,0.1818067096173763,0.1613752022385597,0.0236471397802233,0.5569410137832165,-0.4720778446644544,0.94091796875,1.6004674062132835,0.947265625,0.5927404761314392
runs_looping_inverse/weak_inverse_L16_D128_H4_shared1_norm0_1780349464/log.csv,bayes_weakform,train_looping_L16,training_step,,,,,,,,,,,,,,,,,,,,,,weak_inverse,16,,,,,,,,,1600,0.4059075117111206,128,128,128,4,1,0,0,0.0220415480434894,7.511598454357228e-08,0.0,3.678445816040039,0.1764126121997833,0.1627244958654046,0.1404913142323494,0.0184311128687113,0.4930197410285473,-0.4875172078609466,0.93505859375,1.502490982413292,0.95703125,0.5924850292503834,0.1634927745908498,0.1388868056237697,0.0187114829896017,0.4969508741050958,-0.4592689014971256,0.94091796875,1.5073379576206207,0.94384765625,0.5928119570016861
runs_looping_inverse/weak_inverse_L16_D128_H4_shared1_norm0_1780349464/log.csv,bayes_weakform,train_looping_L16,training_step,,,,,,,,,,,,,,,,,,,,,,weak_inverse,16,,,,,,,,,1800,0.532874345779419,128,128,128,4,1,0,0,0.0217748805880546,1.6173316907952543e-08,0.0,3.696778059005737,0.2305537164211273,0.1470458242110908,0.1284424550831318,0.0370167104993015,0.4625845812261104,-0.4639313984662294,0.97900390625,1.7676268070936203,0.94921875,0.5926468633115292,0.152536794077605,0.1307869590818882,0.0373048232868313,0.4804653506726026,-0.4787907004356384,0.970703125,1.77227184176445,0.9501953125,0.5929762348532677
runs_looping_inverse/weak_inverse_L16_D128_H4_shared1_norm0_1780349464/log.csv,bayes_weakform,train_looping_L16,training_step,,,,,,,,,,,,,,,,,,,,,,weak_inverse,16,,,,,,,,,2000,0.5217604041099548,128,128,128,4,1,0,0,0.019829161465168,4.4590439784997216e-08,0.0,3.755411148071289,0.1857952773571014,0.1574888532049954,0.1378626069054007,0.0204394883476197,0.4745723512023687,-0.484264051541686,0.95263671875,1.5481697022914886,0.951171875,0.5924561396241188,0.1539892759174108,0.1337101929821074,0.0202900153817608,0.4631028994917869,-0.4792812056839466,0.9599609375,1.5438661649823189,0.95068359375,0.592995785176754
runs_looping_inverse/weak_inverse_L16_D128_H4_shared1_norm0_1780349464/log.csv,bayes_weakform,train_looping_L16,training_step,,,,,,,,,,,,,,,,,,,,,,weak_inverse,16,,,,,,,,,2200,0.49905925989151,128,128,128,4,1,0,0,0.0291624572128057,1.42770545608073e-07,0.0,3.730748653411865,0.2390854954719543,0.1556128947995603,0.1303848745301365,0.0226741812657564,0.4688340649008751,-0.4550407864153385,0.9580078125,1.5630434602499008,0.94482421875,0.5926671177148819,0.152257161680609,0.1287424666807055,0.0233609350398182,0.45506970025599,-0.4838788583874702,0.95751953125,1.5770617350935936,0.95361328125,0.5922671742737293
runs_looping_inverse/weak_inverse_L16_D128_H4_shared1_norm0_1780349464/log.csv,bayes_weakform,train_looping_L16,training_step,,,,,,,,,,,,,,,,,,,,,,weak_inverse,16,,,,,,,,,2400,0.4811428785324096,128,128,128,4,1,0,0,0.0268726013600826,2.388722464274906e-08,0.0,3.681553840637207,0.1549277901649475,0.1555160079151392,0.1331899259239435,0.0104799749678932,0.4763839822262525,-0.464953476563096,0.9169921875,1.3257197961211205,0.9453125,0.5937214903533459,0.1520099989138543,0.1277670990675687,0.0103520777192898,0.4598056375980377,-0.4689713027328253,0.91357421875,1.3230811953544617,0.95068359375,0.592746626585722
runs_looping_inverse/weak_inverse_L16_D128_H4_shared1_norm0_1780349464/log.csv,bayes_weakform,train_looping_L16,training_step,,,,,,,,,,,,,,,,,,,,,,weak_inverse,16,,,,,,,,,2600,0.4537889361381531,128,128,128,4,1,0,0,0.028272284194827,5.1257373456792266e-08,0.0,3.69306230545044,0.1763331592082977,0.1463209865614771,0.1229945723898708,0.0181473838165402,0.4299326259642839,-0.4944323655217886,0.94677734375,1.4936499297618866,0.95947265625,0.5929989479482174,0.1559486943297088,0.1289375028572976,0.0186862219125032,0.4523859992623329,-0.4632587637752294,0.9453125,1.499028779566288,0.951171875,0.5928915664553642
runs_looping_inverse/weak_inverse_L16_D128_H4_shared1_norm0_1780349464/log.csv,bayes_weakform,train_looping_L16,training_step,,,,,,,,,,,,,,,,,,,,,,weak_inverse,16,,,,,,,,,2800,0.4250589311122894,128,128,128,4,1,0,0,0.0219033993780612,6.075838143715373e-08,0.0,3.686509132385254,0.1872774064540863,0.1436029598116874,0.1226300499401986,0.0119666079990565,0.4306513350456953,-0.4726377390325069,0.93701171875,1.3801878988742828,0.94873046875,0.5927065573632717,0.1462068278342485,0.1254721032455563,0.0116014503873884,0.4380230903625488,-0.4591392930597067,0.92919921875,1.3688563033938408,0.9541015625,0.5925408601760864
runs_looping_inverse/weak_inverse_L16_D128_H4_shared1_norm0_1780349464/log.csv,bayes_weakform,train_looping_L16,training_step,,,,,,,,,,,,,,,,,,,,,,weak_inverse,16,,,,,,,,,3000,0.4722949266433716,128,128,128,4,1,0,0,0.0213093608617782,2.7595053353479674e-08,0.0,3.724771738052368,0.1759081482887268,0.1585129629820585,0.1313901948742568,0.0163843107875436,0.4723977539688349,-0.4579803235828876,0.9384765625,1.4802794978022575,0.94775390625,0.5921514146029949,0.1457887701690197,0.1232183082029223,0.0161731514963321,0.4340610466897487,-0.501603253185749,0.9521484375,1.4766320884227753,0.95556640625,0.5924554876983166
runs_looping_inverse/weak_inverse_L16_D128_H4_shared1_norm0_1780349464/log.csv,bayes_weakform,train_looping_L16,training_step,,,,,,,,,,,,,,,,,,,,,,weak_inverse,16,,,,,,,,,3200,0.4630898833274841,128,128,128,4,1,0,0,0.0183928925544023,3.277597571127444e-08,0.0,3.7509398460388175,0.1536064594984054,0.1401944630779326,0.1180804395116865,0.0189345369581133,0.4127028547227382,-0.4907838609069586,0.953125,1.494244962930679,0.95556640625,0.5929729528725147,0.1488228375092148,0.1211169390007853,0.0192228072555735,0.4278001710772514,-0.4507191870361566,0.9501953125,1.4941041991114616,0.94580078125,0.5927915163338184
runs_looping_inverse/weak_inverse_L16_D128_H4_shared1_norm0_1780349464/log.csv,bayes_weakform,train_looping_L16,training_step,,,,,,,,,,,,,,,,,,,,,,weak_inverse,16,,,,,,,,,3400,0.407351404428482,128,128,128,4,1,0,0,0.0245296843349933,8.359467074114947e-08,0.0,3.655505895614624,0.1497257053852081,0.1479688794352114,0.1249578697606921,0.0132327248575165,0.4407205488532781,-0.4565693791955709,0.9287109375,1.3782211542129517,0.94384765625,0.5923039056360722,0.1500725131481886,0.128329184371978,0.0133455684990622,0.4470207188278436,-0.4625172540545463,0.9287109375,1.3736250326037407,0.951171875,0.5926944315433502
runs_looping_inverse/weak_inverse_L16_D128_H4_shared1_norm0_1780349464/log.csv,bayes_weakform,train_looping_L16,training_step,,,,,,,,,,,,,,,,,,,,,,weak_inverse,16,,,,,,,,,3600,0.493047297000885,128,128,128,4,1,0,0,0.0264197178184986,1.5340670955765745e-08,0.0,3.682932376861572,0.1649431586265564,0.1440569288097322,0.1209138515405356,0.0126658536028116,0.4198992382735014,-0.4859295338392257,0.93115234375,1.3750412985682487,0.951171875,0.5922883488237858,0.1406551911495626,0.1146615003235638,0.012419372680597,0.4092959491536021,-0.4733981508761644,0.93359375,1.369179584085941,0.94677734375,0.592974066734314
runs_looping_inverse/weak_inverse_L16_D128_H4_shared1_norm0_1780349464/log.csv,bayes_weakform,train_looping_L16,training_step,,,,,,,,,,,,,,,,,,,,,,weak_inverse,16,,,,,,,,,3800,0.4432573914527893,128,128,128,4,1,0,0,0.0218359027057886,9.554607771633528e-09,0.0,3.699805498123169,0.1240433454513549,0.147178107406944,0.1220438629388809,0.0175574852037243,0.4237537384033203,-0.4554424434900284,0.9501953125,1.456412896513939,0.94775390625,0.5925415381789207,0.1254652864299714,0.1068081622943282,0.0176482283859513,0.3715271223336458,-0.4838369116187095,0.96142578125,1.4645759835839272,0.953125,0.5926775150001049
runs_looping_inverse/weak_inverse_L16_D128_H4_shared1_norm0_1780349464/log.csv,bayes_weakform,train_looping_L16,training_step,,,,,,,,,,,,,,,,,,,,,,weak_inverse,16,,,,,,,,,4000,0.4952005743980407,128,128,128,4,1,0,0,0.0257995016872882,1.642057156914234e-07,0.0,3.736654043197632,0.231874480843544,0.144532710313797,0.1218841061927378,0.0120090824784711,0.4225620273500681,-0.4801192879676819,0.93115234375,1.3609588369727137,0.94921875,0.5924872495234013,0.1465668906457722,0.1255306503735482,0.0123370026121847,0.4252393469214439,-0.4816862680017948,0.93408203125,1.3697320446372032,0.95556640625,0.5927885584533215
runs_looping_inverse/weak_inverse_L16_D128_H4_shared1_norm0_1780349464/log.csv,bayes_weakform,train_looping_L16,training_step,,,,,,,,,,,,,,,,,,,,,,weak_inverse,16,,,,,,,,,4200,0.3829145431518554,128,128,128,4,1,0,0,0.0219847187399864,1.886917289084522e-08,0.0,3.687775850296021,0.1602908670902252,0.1531646740622818,0.1293551949784159,0.0132112490828149,0.4541054219007492,-0.4925144836306572,0.93310546875,1.400417111814022,0.9560546875,0.5925504304468632,0.1422815299592912,0.1233127112500369,0.0130491550662554,0.404564457014203,-0.4822189658880234,0.9462890625,1.3981952741742134,0.95458984375,0.5927565917372704
runs_looping_inverse/weak_inverse_L16_D128_H4_shared1_norm0_1780349464/log.csv,bayes_weakform,train_looping_L16,training_step,,,,,,,,,,,,,,,,,,,,,,weak_inverse,16,,,,,,,,,4400,0.5066951513290405,128,128,128,4,1,0,0,0.0255073811858892,1.78540787487691e-07,0.0,3.707228183746338,0.2207962572574615,0.137316835578531,0.1122962622903287,0.0136232385993935,0.3927549943327904,-0.469596829265356,0.9423828125,1.3991919830441475,0.951171875,0.5925424881279469,0.1431463239714503,0.1208004732616245,0.0136401953641325,0.4135779906064272,-0.4661849029362201,0.9384765625,1.3989408239722252,0.95263671875,0.5925343073904514
runs_looping_inverse/weak_inverse_L16_D128_H4_shared1_norm0_1780349464/log.csv,bayes_weakform,train_looping_L16,training_step,,,,,,,,,,,,,,,,,,,,,,weak_inverse,16,,,,,,,,,4600,0.4214895069599151,128,128,128,4,1,0,0,0.0232278797775506,3.401612147513333e-08,0.0,3.689079761505127,0.1824015080928802,0.1374500868842005,0.1172142061404883,0.0161998922703787,0.39722341299057,-0.479972431436181,0.94921875,1.4454293996095655,0.951171875,0.5919425189495087,0.1483733048662543,0.1271823095157742,0.0169455515570007,0.4402064587920904,-0.4754799026995897,0.94384765625,1.458018146455288,0.94677734375,0.5927206128835678
runs_looping_inverse/weak_inverse_L16_D128_H4_shared1_norm0_1780349464/log.csv,bayes_weakform,train_looping_L16,training_step,,,,,,,,,,,,,,,,,,,,,,weak_inverse,16,,,,,,,,,4800,0.3833343982696533,128,128,128,4,1,0,0,0.0264808442443609,3.993566011217808e-08,0.0,3.7302730083465576,0.1849773526191711,0.1431152401491999,0.1187463919632136,0.0109221085440367,0.4204390347003937,-0.4635210931301117,0.931640625,1.347527042031288,0.94873046875,0.5927905440330505,0.1472840514034032,0.1206679353490471,0.0105848921230062,0.4307942353188991,-0.4735597521066665,0.92431640625,1.3394919112324717,0.95166015625,0.5926395282149315
runs_looping_inverse/weak_inverse_L16_D128_H4_shared1_norm0_1780349464/log.csv,bayes_weakform,train_looping_L16,training_step,,,,,,,,,,,,,,,,,,,,,,weak_inverse,16,,,,,,,,,5000,0.4653874635696411,128,128,128,4,1,0,0,0.023058246821165,2.670398480120184e-08,0.0,3.661442279815674,0.171175479888916,0.1405961741693318,0.1191302346996963,0.0133129041059874,0.4034307580441236,-0.4597979597747326,0.94775390625,1.410930834710598,0.95166015625,0.5926844738423824,0.1414771536365151,0.121402992401272,0.0138750740443356,0.4028427749872207,-0.456239964812994,0.94580078125,1.4190401434898376,0.9482421875,0.5925281569361687
runs_looping_inverse/weak_inverse_L16_D128_H4_shared1_norm0_1780349464/log.csv,bayes_weakform,train_looping_L16,training_step,,,,,,,,,,,,,,,,,,,,,,weak_inverse,16,,,,,,,,,5200,0.339979350566864,128,128,128,4,1,0,0,0.0242715887725353,5.360531218912001e-08,0.0,3.6845316886901855,0.2289059311151504,0.1332885092124343,0.1141811050474643,0.0157964520622044,0.3808847386389971,-0.4596324171870947,0.953125,1.4433861672878263,0.94580078125,0.5930179432034492,0.1393941771239042,0.1172768380492925,0.0160947332624346,0.4027949701994657,-0.4856394231319427,0.9521484375,1.449356988072395,0.95654296875,0.5926660224795341
runs_looping_inverse/weak_inverse_L16_D128_H4_shared1_norm0_1780349464/log.csv,bayes_weakform,train_looping_L16,training_step,,,,,,,,,,,,,,,,,,,,,,weak_inverse,16,,,,,,,,,5400,0.3521719574928283,128,128,128,4,1,0,0,0.021313153207302,3.8917455924547546e-08,0.0,3.7427711486816406,0.161658227443695,0.1414299444295466,0.1190720009617507,0.016539909353014,0.422841377556324,-0.4881387129426002,0.94189453125,1.4376685544848442,0.9560546875,0.592944797128439,0.1392659833654761,0.1156161692924797,0.0166611640015617,0.4082085154950619,-0.4729640446603298,0.94970703125,1.4351379573345184,0.94677734375,0.5923827439546585
runs_looping_inverse/weak_inverse_L16_D128_H4_shared1_norm0_1780349464/log.csv,bayes_weakform,train_looping_L16,training_step,,,,,,,,,,,,,,,,,,,,,,weak_inverse,16,,,,,,,,,5600,0.4639627635478973,128,128,128,4,1,0,0,0.023978404700756,2.0365071407013602e-08,0.0,3.673374176025391,0.1451433897018432,0.1403063721954822,0.1179181826300919,0.0193544757785275,0.4153601955622434,-0.4683294035494327,0.9580078125,1.4933836460113523,0.94580078125,0.592665109783411,0.140622787643224,0.1192221995443105,0.0204580117715522,0.4150592051446438,-0.4739752039313316,0.9560546875,1.508615717291832,0.9541015625,0.5928905643522739
runs_looping_inverse/weak_inverse_L16_D128_H4_shared1_norm0_1780349464/log.csv,bayes_weakform,train_looping_L16,training_step,,,,,,,,,,,,,,,,,,,,,,weak_inverse,16,,,,,,,,,5800,0.3495054244995117,128,128,128,4,1,0,0,0.0191116333007812,4.581406898296336e-08,0.0,3.653933763504028,0.1995053887367248,0.1465020598843693,0.1192701151594519,0.0155915252398699,0.4249948319047689,-0.468728344887495,0.9462890625,1.4436304718255997,0.94677734375,0.5926909558475018,0.1367287123575806,0.1143446820788085,0.0157755935797467,0.3952038139104843,-0.4738569911569357,0.9501953125,1.4499069675803185,0.95263671875,0.5929432064294815
runs_looping_inverse/weak_inverse_L16_D128_H4_shared1_norm0_1780349464/log.csv,bayes_weakform,train_looping_L16,training_step,,,,,,,,,,,,,,,,,,,,,,weak_inverse,16,,,,,,,,,6000,0.512120246887207,128,128,128,4,1,0,0,0.0201347433030605,8.975950294143331e-08,0.0,3.749441623687744,0.2511850595474243,0.1383884772658348,0.1161806611344218,0.0184803988086059,0.404222784563899,-0.4688772913068533,0.95947265625,1.4930849596858025,0.9482421875,0.5928306356072426,0.1418775655329227,0.1187427230179309,0.0190516407601535,0.4014123920351267,-0.4611931163817644,0.9609375,1.4958975613117218,0.94775390625,0.593137551099062
runs_looping_inverse/weak_inverse_L16_D128_H4_shared1_norm0_1780349464/log.csv,bayes_weakform,train_looping_L16,training_step,,,,,,,,,,,,,,,,,,,,,,weak_inverse,16,,,,,,,,,6200,0.554698646068573,128,128,128,4,1,0,0,0.0202947035431861,2.785449204623092e-08,0.0,3.719295501708984,0.1919081509113311,0.1348981261253357,0.1186261223629117,0.0192529513733461,0.3848998062312603,-0.4985565282404423,0.962890625,1.4999886825680733,0.96044921875,0.5928661040961742,0.1364490711130201,0.1165507463738322,0.0194773281691595,0.3914055116474628,-0.4478864856064319,0.96142578125,1.5014026165008545,0.94970703125,0.5929895900189877
runs_looping_inverse/weak_inverse_L16_D128_H4_shared1_norm0_1780349464/log.csv,bayes_weakform,train_looping_L16,training_step,,,,,,,,,,,,,,,,,,,,,,weak_inverse,16,,,,,,,,,6400,0.3770211935043335,128,128,128,4,1,0,0,0.0198687128722667,2.0242369558332033e-08,0.0,3.666325092315674,0.1452496349811554,0.1355738150887191,0.1121132997795939,0.0125549626536667,0.3893977645784616,-0.4755772016942501,0.9384765625,1.3590138852596283,0.953125,0.592571459710598,0.1356939622201025,0.114521556533873,0.0127883033710531,0.394794013351202,-0.4633555933833122,0.93359375,1.3621067181229591,0.94091796875,0.5933661162853241
runs_looping_inverse/weak_inverse_L16_D128_H4_shared1_norm0_1780349464/log.csv,bayes_weakform,train_looping_L16,training_step,,,,,,,,,,,,,,,,,,,,,,weak_inverse,16,,,,,,,,,6600,0.3476806282997131,128,128,128,4,1,0,0,0.0218464992940425,1.7118793493864363e-08,0.0,3.717528343200684,0.1803427934646606,0.1356909601017832,0.1106229042634368,0.0131589692900888,0.3866607621312141,-0.4472937285900116,0.94921875,1.3850832656025889,0.9521484375,0.5925072990357876,0.1305572791025042,0.1061364659108221,0.0125897252582944,0.3699052650481462,-0.457198191434145,0.943359375,1.3741246312856674,0.9453125,0.593003299087286
runs_looping_inverse/weak_inverse_L16_D128_H4_shared1_norm0_1780349464/log.csv,bayes_weakform,train_looping_L16,training_step,,,,,,,,,,,,,,,,,,,,,,weak_inverse,16,,,,,,,,,6800,0.4525429308414459,128,128,128,4,1,0,0,0.0238652639091014,5.4492161893904274e-08,0.0,3.707642078399658,0.2287897914648056,0.1330687995068729,0.1118284584954381,0.0124430965515784,0.3749903086572885,-0.4735287297517061,0.9482421875,1.3673555254936218,0.94970703125,0.593193382024765,0.1329047703184187,0.1113095441833138,0.0119797599036246,0.3728870693594217,-0.4697433207184076,0.94580078125,1.3544901981949806,0.9501953125,0.5924531146883965
runs_looping_inverse/weak_inverse_L16_D128_H4_shared1_norm0_1780349464/log.csv,bayes_weakform,train_looping_L16,training_step,,,,,,,,,,,,,,,,,,,,,,weak_inverse,16,,,,,,,,,7000,0.4220556020736694,128,128,128,4,1,0,0,0.0233393870294094,5.9510483652047697e-08,0.0,3.738078594207764,0.2309359163045883,0.1286641745828092,0.1039854623377323,0.0132986587123014,0.3558603823184967,-0.4512204229831695,0.95556640625,1.4005755633115768,0.94384765625,0.5928510092198849,0.1394448154605925,0.1122097885236144,0.0137301838258281,0.3920467756688595,-0.4603160079568624,0.94580078125,1.4080606400966644,0.9423828125,0.5925283171236515
runs_looping_inverse/weak_inverse_L16_D128_H4_shared1_norm0_1780349464/log.csv,bayes_weakform,train_looping_L16,training_step,,,,,,,,,,,,,,,,,,,,,,weak_inverse,16,,,,,,,,,7200,0.5169327259063721,128,128,128,4,1,0,0,0.0211259759962558,2.1543339556728824e-08,0.0,3.6805498600006095,0.1519156247377395,0.1334885386750102,0.1137438490986824,0.0139049888821318,0.3821727931499481,-0.4781158845871687,0.9501953125,1.4189540967345238,0.95751953125,0.5925982519984245,0.1384076131507754,0.1169892624020576,0.0135556149762123,0.3964328859001398,-0.4474205262959003,0.94287109375,1.4129434004426005,0.9453125,0.5924563221633434
runs_looping_inverse/weak_inverse_L16_D128_H4_shared1_norm0_1780349464/log.csv,bayes_weakform,train_looping_L16,training_step,,,,,,,,,,,,,,,,,,,,,,weak_inverse,16,,,,,,,,,7400,0.40779510140419,128,128,128,4,1,0,0,0.0249447263777256,1.6526115587112145e-08,0.0,3.6849846839904794,0.1572556495666504,0.1381727769039571,0.1132870665751397,0.0213629213394597,0.4034994263201952,-0.4826442655175924,0.96484375,1.5422075018286705,0.95166015625,0.5928999073803425,0.1319122845306992,0.1085976492613554,0.020829502493143,0.3845416437834501,-0.4708733670413494,0.9658203125,1.5354487001895905,0.95068359375,0.5925981253385544
runs_looping_inverse/weak_inverse_L16_D128_H4_shared1_norm0_1780349464/log.csv,bayes_weakform,train_looping_L16,training_step,,,,,,,,,,,,,,,,,,,,,,weak_inverse,16,,,,,,,,,7600,0.4282157719135284,128,128,128,4,1,0,0,0.0257892906665802,8.415801033834215e-08,0.0,3.7406325340271,0.1679270714521408,0.1359283593483269,0.1107187704183161,0.0200217588571831,0.3872136604040861,-0.4672136735171079,0.9619140625,1.4957959055900574,0.94580078125,0.5923834666609764,0.1416751435026526,0.115336924791336,0.0200148761505261,0.4120602682232857,-0.4574340581893921,0.958984375,1.5002816244959831,0.9501953125,0.5926959030330181
runs_looping_inverse/weak_inverse_L16_D128_H4_shared1_norm0_1780349464/log.csv,bayes_weakform,train_looping_L16,training_step,,,,,,,,,,,,,,,,,,,,,,weak_inverse,16,,,,,,,,,7800,0.427336037158966,128,128,128,4,1,0,0,0.0202185772359371,4.5380801338978927e-08,0.0,3.7262024879455566,0.1774627864360809,0.1374731012620031,0.1139055360108614,0.0130848895059898,0.3899836987257004,-0.4934171233326196,0.94677734375,1.406606249511242,0.95556640625,0.5927444882690907,0.1329047665931284,0.1091469442471861,0.0132613221067003,0.3807856887578964,-0.462277365848422,0.9501953125,1.4129000902175903,0.94873046875,0.5926331058144569
runs_looping_inverse/weak_inverse_L16_D128_H4_shared1_norm0_1780349464/log.csv,bayes_weakform,train_looping_L16,training_step,,,,,,,,,,,,,,,,,,,,,,weak_inverse,16,,,,,,,,,8000,0.3679653704166412,128,128,128,4,1,0,0,0.0258067455142736,1.9409622353805392e-08,0.0,3.6805477142333984,0.1655418425798416,0.1436450639739632,0.123346378095448,0.012328713433817,0.4269021917134523,-0.4764287080615759,0.9296875,1.353303961455822,0.94921875,0.5927777364850044,0.1419241367839276,0.1167217087931931,0.0120716273086145,0.4197063893079757,-0.4919041972607374,0.92822265625,1.3523075878620148,0.9501953125,0.5932124704122543
runs_looping_inverse/weak_inverse_L16_D128_H4_shared1_norm0_1780349464/log.csv,bayes_weakform,train_looping_L16,training_step,,,,,,,,,,,,,,,,,,,,,,weak_inverse,16,,,,,,,,,8200,0.5057885646820068,128,128,128,4,1,0,0,0.0223463848233222,6.046710154805623e-08,0.0,3.780620574951172,0.1702652275562286,0.1410352475941181,0.1164021212607622,0.0140035845106467,0.3983006384223699,-0.4873179998248815,0.94775390625,1.4005053788423538,0.95361328125,0.5922328718006611,0.1389397578313946,0.1173749854788184,0.013612919661682,0.4108815267682075,-0.4937549419701099,0.9423828125,1.3943719565868378,0.951171875,0.592528834939003
runs_looping_inverse/weak_inverse_L16_D128_H4_shared1_norm0_1780349464/log.csv,bayes_weakform,train_looping_L16,training_step,,,,,,,,,,,,,,,,,,,,,,weak_inverse,16,,,,,,,,,8400,0.3839104771614074,128,128,128,4,1,0,0,0.0197381116449832,5.7824870225431375e-08,0.0,3.709310531616211,0.1966984272003173,0.1293372549116611,0.1066504349000752,0.0160022907657548,0.3665046468377113,-0.4757246598601341,0.9560546875,1.4394866526126862,0.95068359375,0.5923027507960796,0.1382179255597293,0.1179427299648523,0.0159277176135219,0.3898785654455423,-0.4601543173193931,0.9521484375,1.4369322136044502,0.94482421875,0.5924318768084049
runs_looping_inverse/weak_inverse_L16_D128_H4_shared1_norm0_1780349464/log.csv,bayes_weakform,train_looping_L16,training_step,,,,,,,,,,,,,,,,,,,,,,weak_inverse,16,,,,,,,,,8600,0.4267054796218872,128,128,128,4,1,0,0,0.0237741097807884,2.670466514587133e-08,0.0,3.7221951484680176,0.1903499960899353,0.1377858901396393,0.1135922060348093,0.0173501854296773,0.3955736123025417,-0.470590403303504,0.9599609375,1.463494822382927,0.94921875,0.5931606441736221,0.1283965790644288,0.104401599150151,0.0167683770414441,0.3728393130004406,-0.4925911519676447,0.9599609375,1.4537804499268532,0.95947265625,0.592418909072876
runs_looping_inverse/weak_inverse_L16_D128_H4_shared1_norm0_1780349464/log.csv,bayes_weakform,train_looping_L16,training_step,,,,,,,,,,,,,,,,,,,,,,weak_inverse,16,,,,,,,,,8800,0.3131638765335083,128,128,128,4,1,0,0,0.0226458460092544,5.348875831145961e-08,0.0,3.694365978240967,0.1593735516071319,0.1266469056718051,0.1023197583854198,0.0141816236427985,0.363502187654376,-0.4704123586416244,0.9541015625,1.418596290051937,0.95361328125,0.5927324593067169,0.1350435237400233,0.1139590325765311,0.0145020498312078,0.3803593758493662,-0.4644359927624464,0.95166015625,1.424895353615284,0.94970703125,0.5928924344480038
runs_looping_inverse/weak_inverse_L16_D128_H4_shared1_norm0_1780349464/log.csv,bayes_weakform,train_looping_L16,training_step,,,,,,,,,,,,,,,,,,,,,,weak_inverse,16,,,,,,,,,9000,0.4639135003089905,128,128,128,4,1,0,0,0.0243610404431819,3.85669416402834e-08,0.0,3.7402071952819824,0.2038968354463577,0.132328393869102,0.1109140776097774,0.0137427387526258,0.3830343540757894,-0.5004808511584997,0.94189453125,1.3803146705031395,0.94580078125,0.5925808139145374,0.1328429211862385,0.1078025195747613,0.0131411686306819,0.3825700338929891,-0.4815483838319778,0.94189453125,1.3785815089941025,0.95166015625,0.5922838971018791
runs_looping_inverse/weak_inverse_L16_D128_H4_shared1_norm0_1780349464/log.csv,bayes_weakform,train_looping_L16,training_step,,,,,,,,,,,,,,,,,,,,,,weak_inverse,16,,,,,,,,,9200,0.3174063563346863,128,128,128,4,1,0,0,0.024867258965969,5.440077899265817e-08,0.0,3.710446834564209,0.197993978857994,0.1262316177599132,0.1051110886037349,0.0180647149682045,0.3546310942620039,-0.4772436767816543,0.96630859375,1.4756873324513435,0.94970703125,0.5922773480415344,0.1313150147907436,0.1096481359563767,0.018232004600577,0.3766826950013637,-0.4741162061691284,0.95947265625,1.4781801477074623,0.94580078125,0.5928460694849491
runs_looping_inverse/weak_inverse_L16_D128_H4_shared1_norm0_1780349464/log.csv,bayes_weakform,train_looping_L16,training_step,,,,,,,,,,,,,,,,,,,,,,weak_inverse,16,,,,,,,,,9400,0.3553715348243713,128,128,128,4,1,0,0,0.024112707003951,5.7920445328818466e-08,0.0,3.690530776977539,0.2037399560213089,0.1245117080397903,0.0998373031616211,0.0170732998521998,0.3538540657609701,-0.4694047514349222,0.96484375,1.4596132636070251,0.95068359375,0.5922404639422894,0.1379907871596515,0.1125077260658145,0.01790717698168,0.3954754117876291,-0.4553662315011024,0.95751953125,1.4812170043587685,0.9482421875,0.5933168455958366
runs_looping_inverse/weak_inverse_L16_D128_H4_shared1_norm0_1780349464/log.csv,bayes_weakform,train_looping_L16,training_step,,,,,,,,,,,,,,,,,,,,,,weak_inverse,16,,,,,,,,,9600,0.4241243600845337,128,128,128,4,1,0,0,0.0236508306115865,3.5840741929860094e-08,0.0,3.688264846801758,0.1534725725650787,0.1214404609054327,0.1017222162336111,0.0088188427325803,0.3298234445974231,-0.4724605996161699,0.9365234375,1.2724961414933205,0.95458984375,0.5921460948884487,0.1390195139683783,0.1148396525532007,0.0094043539720587,0.4051986429840326,-0.4737510457634926,0.9228515625,1.284455120563507,0.94775390625,0.592819407582283
runs_looping_inverse/weak_inverse_L16_D128_H4_shared1_norm0_1780349464/log.csv,bayes_weakform,train_looping_L16,training_step,,,,,,,,,,,,,,,,,,,,,,weak_inverse,16,,,,,,,,,9800,0.4673040509223938,128,128,128,4,1,0,0,0.0217295158654451,2.5788500224166452e-08,0.0,3.67930269241333,0.1618017703294754,0.1316138952970504,0.1078341980464756,0.0177658628672361,0.3736317418515682,-0.4864283017814159,0.955078125,1.4559650868177414,0.9560546875,0.5926532931625843,0.1341973417438566,0.1124106501229107,0.0174967174534685,0.3874177187681198,-0.4661608822643757,0.953125,1.45886642485857,0.95166015625,0.592853233218193
runs_looping_inverse/weak_inverse_L16_D128_H4_shared1_norm0_1780349464/log.csv,bayes_weakform,train_looping_L16,training_step,,,,,,,,,,,,,,,,,,,,,,weak_inverse,16,,,,,,,,,10000,0.3318375051021576,128,128,128,4,1,0,0,0.0233113281428813,2.2598182169986106e-07,0.0,3.7602148056030273,0.3029646873474121,0.13893071282655,0.1144809578545391,0.0154743538005277,0.4034498073160648,-0.4803498834371567,0.943359375,1.4105509966611862,0.95166015625,0.5927967764437199,0.1304426486603915,0.1082232315093278,0.0158456900971941,0.3720874842256307,-0.4765304047614336,0.95263671875,1.4180905893445015,0.95166015625,0.593010563403368
runs_looping_inverse/weak_inverse_L16_D128_H4_shared1_norm0_1780349464/log.csv,bayes_weakform,train_looping_L16,best_eval,,,,,,,,,,,,,,,,,,,,,,weak_inverse,16,,,,,,,,,8600,0.4267054796218872,128,128,128,4,1,0,0,0.0237741097807884,2.670466514587133e-08,0.0,3.7221951484680176,0.1903499960899353,0.1377858901396393,0.1135922060348093,0.0173501854296773,0.3955736123025417,-0.470590403303504,0.9599609375,1.463494822382927,0.94921875,0.5931606441736221,0.1283965790644288,0.104401599150151,0.0167683770414441,0.3728393130004406,-0.4925911519676447,0.9599609375,1.4537804499268532,0.95947265625,0.592418909072876
runs_looping_inverse/weak_inverse_L16_D128_H4_shared1_norm0_1780349464/log.csv,bayes_weakform,train_looping_L16,final,,,,,,,,,,,,,,,,,,,,,,weak_inverse,16,,,,,,,,,10000,0.3318375051021576,128,128,128,4,1,0,0,0.0233113281428813,2.2598182169986106e-07,0.0,3.7602148056030273,0.3029646873474121,0.13893071282655,0.1144809578545391,0.0154743538005277,0.4034498073160648,-0.4803498834371567,0.943359375,1.4105509966611862,0.95166015625,0.5927967764437199,0.1304426486603915,0.1082232315093278,0.0158456900971941,0.3720874842256307,-0.4765304047614336,0.95263671875,1.4180905893445015,0.95166015625,0.593010563403368
runs_bayes_looping/smoke/weak_inverse_L8_D128_H4_shared1_norm0_1780349435/log.csv,bayes_weakform,smoke,training_step,,,,,,,,,,,,,,,,,,,,,,weak_inverse,8,,,,,,,,,1,1.8156321048736568,32,32,128,4,1,0,0,0.0202390253543853,0.001790712820366,0.0,6.473857879638672,19.98733901977539,4.562451392412186,4.551935017108917,0.6835685409605503,3.516708478331566,-0.4217828232795,0.4765625,3.617503479123116,0.953125,0.6385733410716057,5.083713918924332,5.005817532539368,0.6816789209842682,3.827951550483704,-0.4537988798692822,0.4296875,3.616207465529442,0.96875,0.6440669521689415
runs_bayes_looping/smoke/weak_inverse_L8_D128_H4_shared1_norm0_1780349435/log.csv,bayes_weakform,smoke,training_step,,,,,,,,,,,,,,,,,,,,,,weak_inverse,8,,,,,,,,,5,1.9531192779541016,32,32,128,4,1,0,0,0.0331592001020908,0.0016440330073237,0.0,5.782675743103027,23.347923278808597,1.6804855484515429,1.6426889523863792,5.973463833332062,1.711416944861412,-0.4482343215495348,0.9765625,6.161593556404114,0.96875,0.6414236947894096,1.701494216918945,1.686647742986679,5.950091332197189,1.715877287089825,-0.3064008969813585,0.98828125,6.156624466180801,0.9453125,0.6511383540928364
runs_bayes_looping/smoke/weak_inverse_L8_D128_H4_shared1_norm0_1780349435/log.csv,bayes_weakform,smoke,training_step,,,,,,,,,,,,,,,,,,,,,,weak_inverse,8,,,,,,,,,10,1.6852092742919922,32,32,128,4,1,0,0,0.0240208357572555,0.0019743470475077,0.0,5.694305419921875,13.896719932556152,1.1885997094213965,1.153781108558178,2.0158451348543167,1.5141585767269137,-0.3636545571498573,0.9609375,4.714720129966736,0.93359375,0.6415184624493122,1.19118869677186,1.1709545478224754,2.011001370847225,1.515326052904129,-0.3404643451794982,0.98046875,4.711247533559799,0.9296875,0.636532362550497
runs_bayes_looping/smoke/weak_inverse_L8_D128_H4_shared1_norm0_1780349435/log.csv,bayes_weakform,smoke,final,,,,,,,,,,,,,,,,,,,,,,weak_inverse,8,,,,,,,,,10,1.6852092742919922,32,32,128,4,1,0,0,0.0240208357572555,0.0019743470475077,0.0,5.694305419921875,13.896719932556152,1.1885997094213965,1.153781108558178,2.0158451348543167,1.5141585767269137,-0.3636545571498573,0.9609375,4.714720129966736,0.93359375,0.6415184624493122,1.19118869677186,1.1709545478224754,2.011001370847225,1.515326052904129,-0.3404643451794982,0.98046875,4.711247533559799,0.9296875,0.636532362550497
runs_depth_inverse/depth_sweep_weak_inverse_1780351993/summary.csv,bayes_weakform,depth_sweep,final,,,,,,,,,,,,,,,,,,,,,,weak_inverse,2,,,,,,,,,3000,1.1456223726272583,16,128,128,4,1,0,0,0.0534022226929664,0.0257767885923385,0.0,3.6931345462799072,498.4279174804688,0.4234217219054699,0.2567185629159212,0.0568886795081198,0.9609728567302228,0.4296782985329628,0.92578125,2.323138266801834,0.953125,1.516373910009861,0.1630246071144938,0.1391085973009467,0.1189862145110964,0.6252804733812809,-0.4681805409491062,0.99365234375,2.3578906506299973,0.951171875,0.5926375798881054
runs_depth_inverse/depth_sweep_weak_inverse_1780351993/summary.csv,bayes_weakform,depth_sweep,final,,,,,,,,,,,,,,,,,,,,,,weak_inverse,4,,,,,,,,,3000,1.1491379737854004,16,128,128,4,1,0,0,0.0267696119844913,0.0023661009036004,0.0,3.6931345462799072,95.88758850097656,0.4546205848455429,0.2907148925587535,0.0799414278008043,0.9880417957901956,0.4296782985329628,0.93212890625,2.4561766237020493,0.953125,1.516373910009861,0.1857872772961855,0.1627786653116345,0.0774300647899508,0.6057725250720978,-0.4681805409491062,0.9833984375,2.1247722059488297,0.951171875,0.5926375798881054
runs_depth_inverse/depth_sweep_weak_inverse_1780351993/summary.csv,bayes_weakform,depth_sweep,final,,,,,,,,,,,,,,,,,,,,,,weak_inverse,8,,,,,,,,,3000,1.0884343385696411,16,128,128,4,1,0,0,0.0233037192374467,4.136068309890106e-05,0.0,3.6931345462799072,8.078041076660156,0.4231921173632145,0.2621630458161235,0.0632609778549522,0.951430443674326,0.4296782985329628,0.9365234375,2.382699564099312,0.953125,1.516373910009861,0.199210025370121,0.1741382218897342,0.1447431314736604,0.6939397640526295,-0.4681805409491062,0.99462890625,2.46140556037426,0.951171875,0.5926375798881054
runs_depth_inverse/depth_sweep_weak_inverse_1780351993/summary.csv,bayes_weakform,depth_sweep,final,,,,,,,,,,,,,,,,,,,,,,weak_inverse,16,,,,,,,,,3000,1.068679690361023,16,128,128,4,1,0,0,0.0231834612786769,3.1259318689080835e-08,0.0,3.6931345462799072,0.1562537848949432,0.4190186336636543,0.2528715161606669,0.0640765293501317,0.941477421671152,0.4296782985329628,0.93994140625,2.3608403354883194,0.953125,1.516373910009861,0.19087924528867,0.1653227834030985,0.3051783740520477,0.7796272188425064,-0.4681805409491062,1.0,2.908925771713257,0.951171875,0.5926375798881054
runs_depth_inverse/depth_sweep_weak_inverse_1780351993/summary.csv,bayes_weakform,depth_sweep,final,,,,,,,,,,,,,,,,,,,,,,weak_inverse,2,,,,,,,,,3000,0.8371862173080444,32,128,128,4,1,0,0,0.0534022226929664,0.0257767885923385,0.0,3.6931345462799072,498.4279174804688,0.2061930317431688,0.1645435173995793,0.0307608229340985,0.5821087285876274,-0.1871288479305803,0.9462890625,1.6923946514725683,0.94482421875,0.782074086368084,0.1409871601499617,0.1139430389739573,0.0178498435998335,0.4150929003953933,-0.4681805409491062,0.9599609375,1.5052212998270988,0.951171875,0.5926375798881054
runs_depth_inverse/depth_sweep_weak_inverse_1780351993/summary.csv,bayes_weakform,depth_sweep,final,,,,,,,,,,,,,,,,,,,,,,weak_inverse,4,,,,,,,,,3000,0.4548432528972626,32,128,128,4,1,0,0,0.0267696119844913,0.0023661009036004,0.0,3.6931345462799072,95.88758850097656,0.1093934150412678,0.0714675481431186,0.0069863932731095,0.2630461696535349,-0.1871288479305803,0.94580078125,1.2521280348300934,0.94482421875,0.782074086368084,0.0469298011157661,0.022022085962817,0.0019502962968545,-0.1093229111284017,-0.4681805409491062,0.98095703125,0.9881504699587822,0.951171875,0.5926375798881054
runs_depth_inverse/depth_sweep_weak_inverse_1780351993/summary.csv,bayes_weakform,depth_sweep,final,,,,,,,,,,,,,,,,,,,,,,weak_inverse,8,,,,,,,,,3000,0.6331839561462402,32,128,128,4,1,0,0,0.0233037192374467,4.136068309890106e-05,0.0,3.6931345462799072,8.078041076660156,0.1553286993876099,0.1092907576821744,0.0219562423881143,0.4471626188606024,-0.1871288479305803,0.96044921875,1.599441580474377,0.94482421875,0.782074086368084,0.0812150980345904,0.0567443305626511,0.0091345904511399,0.1613653027452528,-0.4681805409491062,0.98193359375,1.324128694832325,0.951171875,0.5926375798881054
runs_depth_inverse/depth_sweep_weak_inverse_1780351993/summary.csv,bayes_weakform,depth_sweep,final,,,,,,,,,,,,,,,,,,,,,,weak_inverse,16,,,,,,,,,3000,1.048563003540039,32,128,128,4,1,0,0,0.0231834612786769,3.1259318689080835e-08,0.0,3.6931345462799072,0.1562537848949432,0.3700703047215938,0.3252063672989607,0.121232908219099,0.8780047185719013,-0.1871288479305803,0.93701171875,2.23864483833313,0.94482421875,0.782074086368084,0.1781428921967744,0.1492199935019016,0.0553347547538578,0.5378111656755209,-0.4681805409491062,0.9755859375,1.8574809953570368,0.951171875,0.5926375798881054
runs_depth_inverse/depth_sweep_weak_inverse_1780351993/summary.csv,bayes_weakform,depth_sweep,final,,,,,,,,,,,,,,,,,,,,,,weak_inverse,2,,,,,,,,,3000,0.6728663444519043,64,128,128,4,1,0,0,0.0534022226929664,0.0257767885923385,0.0,3.6931345462799072,498.4279174804688,0.1936828242614865,0.1639002454467117,0.0315189134562388,0.564344123005867,-0.4113656524568796,0.93896484375,1.6349902302026749,0.95751953125,0.6404425203800201,0.1386343752965331,0.1100192070007324,0.0154669909970834,0.410443652421236,-0.4681805409491062,0.94287109375,1.4095849320292473,0.951171875,0.5926375798881054
runs_depth_inverse/depth_sweep_weak_inverse_1780351993/summary.csv,bayes_weakform,depth_sweep,final,,,,,,,,,,,,,,,,,,,,,,weak_inverse,4,,,,,,,,,3000,0.1288646757602691,64,128,128,4,1,0,0,0.0267696119844913,0.0023661009036004,0.0,3.6931345462799072,95.88758850097656,0.0757674202322959,0.0500940175261348,0.0051275391160743,0.1031943105626851,-0.4113656524568796,0.96044921875,1.1396333649754524,0.95751953125,0.6404425203800201,0.0539043380413204,0.0282403047895059,0.0030383796984096,-0.0391585070174187,-0.4681805409491062,0.974609375,1.0379146710038183,0.951171875,0.5926375798881054
runs_depth_inverse/depth_sweep_weak_inverse_1780351993/summary.csv,bayes_weakform,depth_sweep,final,,,,,,,,,,,,,,,,,,,,,,weak_inverse,8,,,,,,,,,3000,0.6034035682678223,64,128,128,4,1,0,0,0.0233037192374467,4.136068309890106e-05,0.0,3.6931345462799072,8.078041076660156,0.1904096454381942,0.1608467744663357,0.035841587698087,0.557571541517973,-0.4113656524568796,0.9501953125,1.719079650938511,0.95751953125,0.6404425203800201,0.1378120277076959,0.1085405396297574,0.0247317595640197,0.4122257009148597,-0.4681805409491062,0.96875,1.5734248161315918,0.951171875,0.5926375798881054
runs_depth_inverse/depth_sweep_weak_inverse_1780351993/summary.csv,bayes_weakform,depth_sweep,final,,,,,,,,,,,,,,,,,,,,,,weak_inverse,16,,,,,,,,,3000,0.6526994109153748,64,128,128,4,1,0,0,0.0231834612786769,3.1259318689080835e-08,0.0,3.6931345462799072,0.1562537848949432,0.2289945799857378,0.1979002300649881,0.0439111180603504,0.6408649608492851,-0.4113656524568796,0.943359375,1.7745629101991651,0.95751953125,0.6404425203800201,0.1659827698022127,0.1374107021838426,0.0306450350908562,0.4884668588638305,-0.4681805409491062,0.9599609375,1.6408878788352013,0.951171875,0.5926375798881054
runs_depth_inverse/depth_sweep_weak_inverse_1780351993/summary.csv,bayes_weakform,depth_sweep,final,,,,,,,,,,,,,,,,,,,,,,weak_inverse,2,,,,,,,,,3000,0.5555046796798706,128,128,128,4,1,0,0,0.0529583543539047,0.0263490714132785,0.0,3.724771738052368,495.8179016113281,0.1488767815753817,0.1211394052952528,0.01520214084303,0.4346401244401932,-0.4579803235828876,0.935546875,1.4222629144787788,0.94775390625,0.5921514146029949,0.1382712218910455,0.1166256093420088,0.0149568219785578,0.3947594426572323,-0.501603253185749,0.947265625,1.4209054931998253,0.95556640625,0.5924554876983166
runs_depth_inverse/depth_sweep_weak_inverse_1780351993/summary.csv,bayes_weakform,depth_sweep,final,,,,,,,,,,,,,,,,,,,,,,weak_inverse,4,,,,,,,,,3000,0.4959871768951416,128,128,128,4,1,0,0,0.0257609002292156,0.0023796423338353,0.0,3.724771738052368,100.7328643798828,0.1517517324537038,0.124853755813092,0.0146142077865079,0.4516007900238037,-0.4579803235828876,0.93505859375,1.4396297857165337,0.94775390625,0.5921514146029949,0.140985544770956,0.1192599679343402,0.0144898015423677,0.4124417658895254,-0.501603253185749,0.94189453125,1.4374492689967155,0.95556640625,0.5924554876983166
runs_depth_inverse/depth_sweep_weak_inverse_1780351993/summary.csv,bayes_weakform,depth_sweep,final,,,,,,,,,,,,,,,,,,,,,,weak_inverse,8,,,,,,,,,3000,0.4630500674247741,128,128,128,4,1,0,0,0.0216473545879125,4.118930519325659e-05,0.0,3.724771738052368,9.263999938964844,0.156703102402389,0.1308183004148304,0.015359693323262,0.4665110930800438,-0.4579803235828876,0.93212890625,1.4626850634813309,0.94775390625,0.5921514146029949,0.1441910462453961,0.1225989963859319,0.0151044829399324,0.4266149438917637,-0.501603253185749,0.94775390625,1.4600236788392067,0.95556640625,0.5924554876983166
runs_depth_inverse/depth_sweep_weak_inverse_1780351993/summary.csv,bayes_weakform,depth_sweep,final,,,,,,,,,,,,,,,,,,,,,,weak_inverse,16,,,,,,,,,3000,0.4722949266433716,128,128,128,4,1,0,0,0.0213093608617782,2.7595053353479677e-08,0.0,3.724771738052368,0.1759081482887268,0.1585129629820585,0.1313901948742568,0.0163843107875436,0.4723977539688349,-0.4579803235828876,0.9384765625,1.4802794978022575,0.94775390625,0.5921514146029949,0.1457887701690197,0.1232183082029223,0.0161731514963321,0.4340610466897487,-0.501603253185749,0.9521484375,1.4766320884227753,0.95556640625,0.5924554876983166
runs_depth_inverse/depth_sweep_weak_inverse_1780351993/summary.csv,bayes_weakform,depth_sweep,final,,,,,,,,,,,,,,,,,,,,,,weak_inverse,2,,,,,,,,,3000,0.3445770144462585,256,128,128,4,1,0,0,0.0394256711006164,0.0252238381654024,0.0,3.735199689865112,540.989990234375,0.0992064387537539,0.0785344000905752,0.0075714249687734,0.2356837689876556,-0.481631688773632,0.95654296875,1.244242541491985,0.9423828125,0.572687316685915,0.1473974301479756,0.1238030116073787,0.0070716153422836,0.4644354600459337,-0.480055334046483,0.90283203125,1.2367502003908155,0.94677734375,0.5925735905766487
retrieval_smoothing_runs_analysis/sweep_results.csv,retrieval_smoothing,compact_sweep,row,0.0,0.0,softmax,,0.1,1.0,False,True,True,linear,60.0,0.2795679271221161,4.336825847625732,0.2455849647521972,0.0544251054525375,2.288353443145752,2.162975311279297,1.2361422777175903,2.320389986038208,,,,,,,,,,,,,,,,,8,,,,,,,,,,,,,,,,,,,,,,,,,,,
retrieval_smoothing_runs_analysis/sweep_results.csv,retrieval_smoothing,compact_sweep,row,1.0,1000.0,softmax,,0.3,1.0,False,True,True,linear,60.0,0.1851304620504379,4.7823333740234375,0.1422166526317596,0.1355373673141002,2.8279707431793213,2.745443105697632,1.1438268423080444,1.8600444793701167,,,,,,,,,,,,,,,,,8,,,,,,,,,,,,,,,,,,,,,,,,,,,
retrieval_smoothing_runs_analysis/sweep_results.csv,retrieval_smoothing,compact_sweep,row,2.0,2000.0,softmax,,0.8,1.0,False,True,True,linear,60.0,0.0791063085198402,4.983187675476074,0.1351004540920257,0.1557045914232731,3.215101718902588,3.2448761463165283,1.029626727104187,1.756580829620361,,,,,,,,,,,,,,,,,8,,,,,,,,,,,,,,,,,,,,,,,,,,,
retrieval_smoothing_runs_analysis/sweep_results.csv,retrieval_smoothing,compact_sweep,row,3.0,3000.0,softmax,,0.1,1.0,False,True,True,linear,60.0,0.977488100528717,1.7376158237457275,0.5288370251655579,0.0020162835717201,0.9558377861976624,0.0899422764778137,1.7410125732421875,3.1790812015533447,,,,,,,,,,,,,,,,,32,,,,,,,,,,,,,,,,,,,,,,,,,,,
retrieval_smoothing_runs_analysis/sweep_results.csv,retrieval_smoothing,compact_sweep,row,4.0,4000.0,softmax,,0.3,1.0,False,True,True,linear,60.0,0.9461330771446228,1.835267424583435,0.3883319497108459,0.0113747380673885,1.2142683267593384,0.2236071079969406,1.6482195854187012,2.718556404113769,,,,,,,,,,,,,,,,,32,,,,,,,,,,,,,,,,,,,,,,,,,,,
retrieval_smoothing_runs_analysis/sweep_results.csv,retrieval_smoothing,compact_sweep,row,5.0,5000.0,softmax,,0.8,1.0,False,True,True,linear,60.0,0.8719038963317871,2.4142441749572754,0.2836626768112182,0.0304356850683689,1.595191478729248,0.5347751975059509,1.6310009956359863,2.393414258956909,,,,,,,,,,,,,,,,,32,,,,,,,,,,,,,,,,,,,,,,,,,,,
retrieval_smoothing_runs_analysis/sweep_results.csv,retrieval_smoothing,compact_sweep,row,6.0,6000.0,softmax,,0.1,1.0,False,True,True,linear,60.0,0.9992215633392334,0.9944218397140504,0.7205380797386169,0.0003333017230033,0.7458438873291016,0.0056581669487059,1.654039978981018,3.726792097091675,,,,,,,,,,,,,,,,,64,,,,,,,,,,,,,,,,,,,,,,,,,,,
retrieval_smoothing_runs_analysis/sweep_results.csv,retrieval_smoothing,compact_sweep,row,7.0,7000.0,softmax,,0.3,1.0,False,True,True,linear,60.0,0.9873754382133484,1.236750602722168,0.47090545296669,0.003060296177864,1.0730005502700806,0.057229209691286,1.7205495834350586,2.994689702987671,,,,,,,,,,,,,,,,,64,,,,,,,,,,,,,,,,,,,,,,,,,,,
retrieval_smoothing_runs_analysis/sweep_results.csv,retrieval_smoothing,compact_sweep,row,8.0,8000.0,softmax,,0.8,1.0,False,True,True,linear,60.0,0.97646826505661,1.6202032566070557,0.4159672260284424,0.0063041821122169,1.1545802354812622,0.1213939264416694,1.7173999547958374,2.7755825519561768,,,,,,,,,,,,,,,,,64,,,,,,,,,,,,,,,,,,,,,,,,,,,
retrieval_smoothing_runs_analysis/sweep_results.csv,retrieval_smoothing,compact_sweep,row,9.0,9000.0,softmax_entropy,,0.1,1.0,False,True,True,linear,60.0,0.3764763176441192,5.161850929260254,0.2181729227304458,0.0640804842114448,2.1131553649902344,1.9082040786743164,1.2287814617156982,2.193178176879883,,,,,,,,,,,,,,,,,8,,,,,,,,,,,,,,,,,,,,,,,,,,,
retrieval_smoothing_runs_analysis/sweep_results.csv,retrieval_smoothing,compact_sweep,row,10.0,10000.0,softmax_entropy,,0.3,1.0,False,True,True,linear,60.0,0.0905425772070884,5.43637752532959,0.1478121280670166,0.172518890351057,3.22486424446106,3.2759387493133545,1.0933319330215454,1.959781050682068,,,,,,,,,,,,,,,,,8,,,,,,,,,,,,,,,,,,,,,,,,,,,
retrieval_smoothing_runs_analysis/sweep_results.csv,retrieval_smoothing,compact_sweep,row,11.0,11000.0,softmax_entropy,,0.8,1.0,False,True,True,linear,60.0,0.0743853524327278,4.354222774505615,0.1040757223963737,0.1602052040398121,3.3978734016418457,3.365105390548706,1.0093413591384888,1.7729600667953491,,,,,,,,,,,,,,,,,8,,,,,,,,,,,,,,,,,,,,,,,,,,,
retrieval_smoothing_runs_analysis/sweep_results.csv,retrieval_smoothing,compact_sweep,row,12.0,12000.0,softmax_entropy,,0.1,1.0,False,True,True,linear,60.0,0.9762045741081238,1.6333683729171753,0.5336868166923523,0.0031146891415119,0.9363353252410888,0.0947787538170814,1.6444603204727173,3.089736223220825,,,,,,,,,,,,,,,,,32,,,,,,,,,,,,,,,,,,,,,,,,,,,
retrieval_smoothing_runs_analysis/sweep_results.csv,retrieval_smoothing,compact_sweep,row,13.0,13000.0,softmax_entropy,,0.3,1.0,False,True,True,linear,60.0,0.9316270351409912,1.6848355531692505,0.3423594832420349,0.0159313455224037,1.4104750156402588,0.2526460587978363,1.6516224145889282,2.658029794692993,,,,,,,,,,,,,,,,,32,,,,,,,,,,,,,,,,,,,,,,,,,,,
retrieval_smoothing_runs_analysis/sweep_results.csv,retrieval_smoothing,compact_sweep,row,14.0,14000.0,softmax_entropy,,0.8,1.0,False,True,True,linear,60.0,0.8067924976348877,2.510009527206421,0.2696848213672638,0.0418632887303829,1.6890789270401,0.7568085193634033,1.558736801147461,2.350713968276977,,,,,,,,,,,,,,,,,32,,,,,,,,,,,,,,,,,,,,,,,,,,,
retrieval_smoothing_runs_analysis/sweep_results.csv,retrieval_smoothing,compact_sweep,row,15.0,15000.0,softmax_entropy,,0.1,1.0,False,True,True,linear,60.0,0.9976391196250916,1.0117698907852173,0.6885010600090027,0.0004744045436382,0.7440178990364075,0.0103963902220129,1.546028733253479,3.541144132614136,,,,,,,,,,,,,,,,,64,,,,,,,,,,,,,,,,,,,,,,,,,,,
retrieval_smoothing_runs_analysis/sweep_results.csv,retrieval_smoothing,compact_sweep,row,16.0,16000.0,softmax_entropy,,0.3,1.0,False,True,True,linear,60.0,0.9875590205192566,1.2125489711761477,0.4846453070640564,0.0035666674375534,1.1130168437957764,0.0647782608866691,1.7496923208236694,3.02099609375,,,,,,,,,,,,,,,,,64,,,,,,,,,,,,,,,,,,,,,,,,,,,
retrieval_smoothing_runs_analysis/sweep_results.csv,retrieval_smoothing,compact_sweep,row,17.0,17000.0,softmax_entropy,,0.8,1.0,False,True,True,linear,60.0,0.975106418132782,1.6519534587860107,0.3969451189041137,0.0043439045548439,1.1870523691177368,0.1173521280288696,1.6828241348266602,2.814428329467773,,,,,,,,,,,,,,,,,64,,,,,,,,,,,,,,,,,,,,,,,,,,,
retrieval_smoothing_runs_analysis/sweep_results.csv,retrieval_smoothing,compact_sweep,row,18.0,18000.0,sinkhorn,,0.1,1.0,False,True,True,linear,60.0,0.2528183758258819,4.880527496337891,7.142272806959227e-05,0.1058942452073097,2.286325216293335,2.2286291122436523,0.9998614192008972,1.0118519067764282,,,,,,,,,,,,,,,,,8,,,,,,,,,,,,,,,,,,,,,,,,,,,
retrieval_smoothing_runs_analysis/sweep_results.csv,retrieval_smoothing,compact_sweep,row,19.0,19000.0,sinkhorn,,0.3,1.0,False,True,True,linear,60.0,0.1454711705446243,5.377765655517578,1.317363285124884e-06,0.1631532870233059,2.9563405513763428,2.9529082775115967,0.9998586773872375,1.0014972686767578,,,,,,,,,,,,,,,,,8,,,,,,,,,,,,,,,,,,,,,,,,,,,
retrieval_smoothing_runs_analysis/sweep_results.csv,retrieval_smoothing,compact_sweep,row,20.0,20000.0,sinkhorn,,0.8,1.0,False,True,True,linear,60.0,0.0807638689875602,5.116844654083252,5.505260602944873e-08,0.2404770702123642,3.36019229888916,3.3705670833587646,1.00002920627594,1.0001981258392334,,,,,,,,,,,,,,,,,8,,,,,,,,,,,,,,,,,,,,,,,,,,,
retrieval_smoothing_runs_analysis/sweep_results.csv,retrieval_smoothing,compact_sweep,row,21.0,21000.0,sinkhorn,,0.1,1.0,False,True,True,linear,60.0,0.8816378116607666,1.5078964233398438,0.0008063950808718,0.0198670476675033,1.0651894807815552,0.342505931854248,1.0650129318237305,1.0993512868881226,,,,,,,,,,,,,,,,,32,,,,,,,,,,,,,,,,,,,,,,,,,,,
retrieval_smoothing_runs_analysis/sweep_results.csv,retrieval_smoothing,compact_sweep,row,22.0,22000.0,sinkhorn,,0.3,1.0,False,True,True,linear,60.0,0.7967526912689209,1.942082762718201,0.0001236297830473,0.0561747699975967,1.4274712800979614,0.6500906348228455,1.0265406370162964,1.0408411026000977,,,,,,,,,,,,,,,,,32,,,,,,,,,,,,,,,,,,,,,,,,,,,
retrieval_smoothing_runs_analysis/sweep_results.csv,retrieval_smoothing,compact_sweep,row,23.0,23000.0,sinkhorn,,0.8,1.0,False,True,True,linear,60.0,0.6290623545646667,2.513493537902832,1.9991854060208425e-05,0.0962446145713329,1.693257212638855,1.164156794548035,1.0031745433807373,1.0105605125427246,,,,,,,,,,,,,,,,,32,,,,,,,,,,,,,,,,,,,,,,,,,,,
retrieval_smoothing_runs_analysis/sweep_results.csv,retrieval_smoothing,compact_sweep,row,24.0,24000.0,sinkhorn,,0.1,1.0,False,True,True,linear,60.0,0.9782304763793944,0.9944586157798768,0.0031450821552425,0.0023100227117538,0.8628215789794922,0.0645342394709587,1.1428240537643433,1.1900572776794434,,,,,,,,,,,,,,,,,64,,,,,,,,,,,,,,,,,,,,,,,,,,,
retrieval_smoothing_runs_analysis/sweep_results.csv,retrieval_smoothing,compact_sweep,row,25.0,25000.0,sinkhorn,,0.3,1.0,False,True,True,linear,60.0,0.954214870929718,1.2035983800888062,0.0004416127922013,0.0204982534050941,1.2055175304412842,0.1779857724905014,1.0723460912704468,1.0864678621292114,,,,,,,,,,,,,,,,,64,,,,,,,,,,,,,,,,,,,,,,,,,,,
retrieval_smoothing_runs_analysis/sweep_results.csv,retrieval_smoothing,compact_sweep,row,26.0,26000.0,sinkhorn,,0.8,1.0,False,True,True,linear,60.0,0.8145067691802979,1.608466625213623,0.0001727113703964,0.0392832793295383,1.3179668188095093,0.5176755785942078,1.0408390760421753,1.0519486665725708,,,,,,,,,,,,,,,,,64,,,,,,,,,,,,,,,,,,,,,,,,,,,
retrieval_smoothing_runs_analysis/sweep_results.csv,retrieval_smoothing,compact_sweep,row,27.0,27000.0,unbalanced_sinkhorn,,0.1,0.05,False,True,True,linear,60.0,0.2783152461051941,5.421115875244141,0.1769473105669021,0.0665842741727829,2.31497573852539,2.1904189586639404,1.1507903337478638,2.115053415298462,,,,,,,,,,,,,,,,,8,,,,,,,,,,,,,,,,,,,,,,,,,,,
retrieval_smoothing_runs_analysis/sweep_results.csv,retrieval_smoothing,compact_sweep,row,28.0,28000.0,unbalanced_sinkhorn,,0.1,1.0,False,True,True,linear,60.0,0.3996547758579254,4.900467395782471,0.0096245091408491,0.0875921845436096,1.9010761976242063,1.833995461463928,1.0391682386398315,1.228192925453186,,,,,,,,,,,,,,,,,8,,,,,,,,,,,,,,,,,,,,,,,,,,,
retrieval_smoothing_runs_analysis/sweep_results.csv,retrieval_smoothing,compact_sweep,row,29.0,29000.0,unbalanced_sinkhorn,,0.1,5.0,False,True,True,linear,60.0,0.3713506758213043,4.714559078216553,0.0007243973086588,0.0965429209172725,1.8583937883377075,1.766591191291809,1.0017849206924438,1.0578455924987793,,,,,,,,,,,,,,,,,8,,,,,,,,,,,,,,,,,,,,,,,,,,,
retrieval_smoothing_runs_analysis/sweep_results.csv,retrieval_smoothing,compact_sweep,row,30.0,30000.0,unbalanced_sinkhorn,,0.3,0.05,False,True,True,linear,60.0,0.1001856699585914,5.006296157836914,0.1516569405794143,0.1244921721518039,3.067021608352661,3.12530779838562,0.9745185375213624,2.074146270751953,,,,,,,,,,,,,,,,,8,,,,,,,,,,,,,,,,,,,,,,,,,,,
retrieval_smoothing_runs_analysis/sweep_results.csv,retrieval_smoothing,compact_sweep,row,31.0,31000.0,unbalanced_sinkhorn,,0.3,1.0,False,True,True,linear,60.0,0.1440616399049759,4.642433166503906,0.0101413857191801,0.1600836999714374,3.009807586669922,2.9784460067749023,1.011597752571106,1.191404938697815,,,,,,,,,,,,,,,,,8,,,,,,,,,,,,,,,,,,,,,,,,,,,
retrieval_smoothing_runs_analysis/sweep_results.csv,retrieval_smoothing,compact_sweep,row,32.0,32000.0,unbalanced_sinkhorn,,0.3,5.0,False,True,True,linear,60.0,0.0992812737822532,5.50028657913208,0.0010839443420991,0.1735439896583557,3.1180496215820312,3.0873420238494877,1.0067024230957031,1.0604108572006226,,,,,,,,,,,,,,,,,8,,,,,,,,,,,,,,,,,,,,,,,,,,,
retrieval_smoothing_runs_analysis/sweep_results.csv,retrieval_smoothing,compact_sweep,row,33.0,33000.0,unbalanced_sinkhorn,,0.8,0.05,False,True,True,linear,60.0,0.081447497010231,5.787799835205078,0.0806070640683174,0.1914970725774765,3.302175045013428,3.3099184036254883,0.9634577631950378,1.6832081079483032,,,,,,,,,,,,,,,,,8,,,,,,,,,,,,,,,,,,,,,,,,,,,
retrieval_smoothing_runs_analysis/sweep_results.csv,retrieval_smoothing,compact_sweep,row,34.0,34000.0,unbalanced_sinkhorn,,0.8,1.0,False,True,True,linear,60.0,0.0696768835186958,5.549164772033691,0.0091176591813564,0.2934743165969848,3.552361249923706,3.53501296043396,1.029993176460266,1.1708123683929443,,,,,,,,,,,,,,,,,8,,,,,,,,,,,,,,,,,,,,,,,,,,,
retrieval_smoothing_runs_analysis/sweep_results.csv,retrieval_smoothing,compact_sweep,row,35.0,35000.0,unbalanced_sinkhorn,,0.8,5.0,False,True,True,linear,60.0,0.0946459099650383,5.623817443847656,0.0016629948513582,0.2120986878871917,3.311897754669189,3.292633056640625,1.007823824882507,1.0841604471206665,,,,,,,,,,,,,,,,,8,,,,,,,,,,,,,,,,,,,,,,,,,,,
retrieval_smoothing_runs_analysis/sweep_results.csv,retrieval_smoothing,compact_sweep,row,36.0,36000.0,unbalanced_sinkhorn,,0.1,0.05,False,True,True,linear,60.0,0.973999559879303,1.6946752071380615,0.3508069515228271,0.0051591768860816,0.9001024961471558,0.1053765937685966,1.304125428199768,2.7050704956054688,,,,,,,,,,,,,,,,,32,,,,,,,,,,,,,,,,,,,,,,,,,,,
retrieval_smoothing_runs_analysis/sweep_results.csv,retrieval_smoothing,compact_sweep,row,37.0,37000.0,unbalanced_sinkhorn,,0.1,1.0,False,True,True,linear,60.0,0.9474117755889891,1.5269426107406616,0.0327326208353042,0.0208445638418197,0.9853992462158204,0.2113923579454422,1.0452691316604614,1.5038529634475708,,,,,,,,,,,,,,,,,32,,,,,,,,,,,,,,,,,,,,,,,,,,,
retrieval_smoothing_runs_analysis/sweep_results.csv,retrieval_smoothing,compact_sweep,row,38.0,38000.0,unbalanced_sinkhorn,,0.1,5.0,False,True,True,linear,60.0,0.926098108291626,1.5517656803131104,0.0030118490103632,0.0281650684773921,1.0385451316833496,0.2505350708961487,1.0573232173919678,1.1508256196975708,,,,,,,,,,,,,,,,,32,,,,,,,,,,,,,,,,,,,,,,,,,,,
retrieval_smoothing_runs_analysis/sweep_results.csv,retrieval_smoothing,compact_sweep,row,39.0,39000.0,unbalanced_sinkhorn,,0.3,0.05,False,True,True,linear,60.0,0.9234997630119324,1.831066608428955,0.3212170004844665,0.0160133615136146,1.2929178476333618,0.2987082898616791,1.4759896993637085,2.5659773349761963,,,,,,,,,,,,,,,,,32,,,,,,,,,,,,,,,,,,,,,,,,,,,
retrieval_smoothing_runs_analysis/sweep_results.csv,retrieval_smoothing,compact_sweep,row,40.0,40000.0,unbalanced_sinkhorn,,0.3,1.0,False,True,True,linear,60.0,0.8414991497993469,1.9663140773773196,0.0670618265867233,0.0408295355737209,1.2899513244628906,0.53764408826828,1.0933725833892822,1.6419082880020142,,,,,,,,,,,,,,,,,32,,,,,,,,,,,,,,,,,,,,,,,,,,,
retrieval_smoothing_runs_analysis/sweep_results.csv,retrieval_smoothing,compact_sweep,row,41.0,41000.0,unbalanced_sinkhorn,,0.3,5.0,False,True,True,linear,60.0,0.8128259778022766,1.989576816558838,0.0054155681282281,0.0563049279153347,1.4003515243530271,0.6432307958602905,1.0369068384170532,1.1749392747879028,,,,,,,,,,,,,,,,,32,,,,,,,,,,,,,,,,,,,,,,,,,,,
retrieval_smoothing_runs_analysis/sweep_results.csv,retrieval_smoothing,compact_sweep,row,42.0,42000.0,unbalanced_sinkhorn,,0.8,0.05,False,True,True,linear,60.0,0.7293775677680969,2.7760627269744877,0.2482341527938842,0.0334505960345268,1.549069881439209,0.908841609954834,1.4107251167297363,2.2684504985809326,,,,,,,,,,,,,,,,,32,,,,,,,,,,,,,,,,,,,,,,,,,,,
retrieval_smoothing_runs_analysis/sweep_results.csv,retrieval_smoothing,compact_sweep,row,43.0,43000.0,unbalanced_sinkhorn,,0.8,1.0,False,True,True,linear,60.0,0.6847842335700989,2.7412772178649902,0.0951786041259765,0.049121830612421,1.4928032159805298,0.968050181865692,1.1747440099716189,1.7707433700561523,,,,,,,,,,,,,,,,,32,,,,,,,,,,,,,,,,,,,,,,,,,,,
retrieval_smoothing_runs_analysis/sweep_results.csv,retrieval_smoothing,compact_sweep,row,44.0,44000.0,unbalanced_sinkhorn,,0.8,5.0,False,True,True,linear,60.0,0.7028778195381165,2.540135383605957,0.0107341585680842,0.112166129052639,1.823165774345398,1.0824122428894043,1.0664125680923462,1.2376002073287964,,,,,,,,,,,,,,,,,32,,,,,,,,,,,,,,,,,,,,,,,,,,,
retrieval_smoothing_runs_analysis/sweep_results.csv,retrieval_smoothing,compact_sweep,row,45.0,45000.0,unbalanced_sinkhorn,,0.1,0.05,False,True,True,linear,60.0,0.9983219504356384,1.08218252658844,0.4639219343662262,0.0003929995000362,0.6838755011558533,0.0102879265323281,1.1903256177902222,3.070475816726685,,,,,,,,,,,,,,,,,64,,,,,,,,,,,,,,,,,,,,,,,,,,,
retrieval_smoothing_runs_analysis/sweep_results.csv,retrieval_smoothing,compact_sweep,row,46.0,46000.0,unbalanced_sinkhorn,,0.1,1.0,False,True,True,linear,60.0,0.9772553443908693,1.0388799905776978,0.0609881021082401,0.0050485618412494,0.780728280544281,0.0833914503455162,1.0813612937927246,1.7017923593521118,,,,,,,,,,,,,,,,,64,,,,,,,,,,,,,,,,,,,,,,,,,,,
retrieval_smoothing_runs_analysis/sweep_results.csv,retrieval_smoothing,compact_sweep,row,47.0,47000.0,unbalanced_sinkhorn,,0.1,5.0,False,True,True,linear,60.0,0.987922430038452,1.0323437452316284,0.0063759582117199,0.0007058195769786,0.8547348976135254,0.0449493713676929,1.081831932067871,1.2363892793655396,,,,,,,,,,,,,,,,,64,,,,,,,,,,,,,,,,,,,,,,,,,,,
retrieval_smoothing_runs_analysis/sweep_results.csv,retrieval_smoothing,compact_sweep,row,48.0,48000.0,unbalanced_sinkhorn,,0.3,0.05,False,True,True,linear,60.0,0.9862322807312012,1.2780718803405762,0.4103874862194061,0.0026995614171028,0.9694146513938904,0.0592405907809734,1.463218092918396,2.8172645568847656,,,,,,,,,,,,,,,,,64,,,,,,,,,,,,,,,,,,,,,,,,,,,
retrieval_smoothing_runs_analysis/sweep_results.csv,retrieval_smoothing,compact_sweep,row,49.0,49000.0,unbalanced_sinkhorn,,0.3,1.0,False,True,True,linear,60.0,0.9636045098304749,1.1706526279449463,0.089454784989357,0.0130978114902973,1.0820947885513306,0.1424320787191391,1.0542302131652832,1.8288086652755735,,,,,,,,,,,,,,,,,64,,,,,,,,,,,,,,,,,,,,,,,,,,,
retrieval_smoothing_runs_analysis/sweep_results.csv,retrieval_smoothing,compact_sweep,row,50.0,50000.0,unbalanced_sinkhorn,,0.3,5.0,False,True,True,linear,60.0,0.9521469473838806,1.2454954385757446,0.0094844829291105,0.0192676857113838,1.1406235694885254,0.1700159907341003,1.040977954864502,1.255773425102234,,,,,,,,,,,,,,,,,64,,,,,,,,,,,,,,,,,,,,,,,,,,,
retrieval_smoothing_runs_analysis/sweep_results.csv,retrieval_smoothing,compact_sweep,row,51.0,51000.0,unbalanced_sinkhorn,,0.8,0.05,False,True,True,linear,60.0,0.9699377417564392,1.660279631614685,0.3966297507286072,0.0049654282629489,1.120524525642395,0.1286632269620895,1.5619250535964966,2.7552623748779297,,,,,,,,,,,,,,,,,64,,,,,,,,,,,,,,,,,,,,,,,,,,,
retrieval_smoothing_runs_analysis/sweep_results.csv,retrieval_smoothing,compact_sweep,row,52.0,52000.0,unbalanced_sinkhorn,,0.8,1.0,False,True,True,linear,60.0,0.9321979880332948,1.5823545455932615,0.17815962433815,0.0201343148946762,1.133997678756714,0.2721697986125946,1.215331792831421,2.169408082962036,,,,,,,,,,,,,,,,,64,,,,,,,,,,,,,,,,,,,,,,,,,,,
retrieval_smoothing_runs_analysis/sweep_results.csv,retrieval_smoothing,compact_sweep,row,53.0,53000.0,unbalanced_sinkhorn,,0.8,5.0,False,True,True,linear,60.0,0.9008901715278624,1.5754491090774536,0.0291286427527666,0.0405410155653953,1.2937601804733276,0.3726723492145538,1.0639023780822754,1.4519482851028442,,,,,,,,,,,,,,,,,64,,,,,,,,,,,,,,,,,,,,,,,,,,,
