seed,depth,task,auc,average_precision,iou_top7,centroid_error,relative_residual
17,1,0,0.99778410889522,0.9629807035417057,0.7222222222222222,0.010273205116391182,3.2096290588378906
17,1,1,0.999570652240582,0.9953786129644552,0.8275862068965517,0.008446934632956982,2.710106611251831
17,1,2,0.9982201046030834,0.9567182977089443,0.5138888888888888,0.047246478497982025,3.748110294342041
17,1,3,0.9999066990110095,0.999039781224396,0.782608695652174,0.008839689195156097,2.656315803527832
17,1,4,0.997735142315817,0.9552304774811309,0.6527777777777778,0.0206721480935812,3.3528075218200684
17,1,5,0.9991025383430446,0.9893268914248579,0.8414634146341463,0.0068488530814647675,2.874211311340332
17,1,6,0.9982925227507271,0.9708542031873084,0.7638888888888888,0.011003831401467323,3.1587116718292236
17,1,7,0.9983736838575549,0.9755571663811478,0.8356164383561644,0.00781860388815403,2.9984326362609863
17,1,8,0.9989189189189189,0.985979868188118,0.8717948717948718,0.00795975886285305,2.85701322555542
17,1,9,0.9986652616789603,0.9835941531531387,0.8607594936708861,0.010756527073681355,2.869931221008301
17,1,10,0.9999280634685741,0.9993647867893624,0.6792452830188679,0.007715490180999041,2.514986038208008
17,1,11,0.9994850111129181,0.9939938238406175,0.875,0.009390667080879211,2.8105459213256836
17,1,12,0.9977479079249935,0.950703365175364,0.5972222222222222,0.02884487248957157,3.466438055038452
17,1,13,1.0,1.0,0.6605504587155964,0.019394859671592712,2.478320837020874
17,1,14,0.9984301412872841,0.9710161007292271,0.6805555555555556,0.00954928807914257,3.3669843673706055
17,1,15,0.998682708351629,0.9784493068971118,0.8194444444444444,0.0021433744113892317,3.1021244525909424
17,1,16,0.9999313658201785,0.9993277831243264,0.7659574468085106,0.008357822895050049,2.723879814147949
17,1,17,0.998046875,0.9717964768474906,0.8133333333333334,0.008008578792214394,2.9377622604370117
17,1,18,0.9996906971211039,0.996771881056864,0.8,0.014850955456495285,2.6526167392730713
17,1,19,0.9998331831982117,0.9984110389340866,0.7422680412371134,0.008245318196713924,2.621263027191162
17,1,20,0.9998847675505422,0.9986874791810019,0.8674698795180723,0.010535946115851402,2.7807369232177734
17,1,21,0.999651505137295,0.996266222644131,0.8089887640449438,0.011295650154352188,2.666808605194092
17,1,22,0.9980831895725513,0.9530848583397531,0.5138888888888888,0.04565369337797165,3.8105502128601074
17,1,23,0.9984253229422441,0.9638264135176935,0.5277777777777778,0.036189086735248566,3.7700634002685547
17,1,24,0.9993871297242084,0.9935049466396221,0.8089887640449438,0.01096633356064558,2.6457266807556152
17,1,25,0.9982161438977256,0.9728412475059679,0.8243243243243243,0.007917826063930988,3.1245079040527344
17,1,26,0.9999686454849498,0.99972261603843,0.6923076923076923,0.013192705810070038,2.5897185802459717
17,1,27,0.9984941671655871,0.9750736751323698,0.7671232876712328,0.011545871384441853,3.1134164333343506
17,1,28,0.9996157088312589,0.9956960546081847,0.8160919540229885,0.005719893146306276,2.7788829803466797
17,1,29,0.9976780185758514,0.9448579812598303,0.5277777777777778,0.016136137768626213,3.74910569190979
17,1,30,0.9986933614330874,0.9848835562123717,0.8375,0.019369173794984818,2.8359336853027344
17,1,31,0.9979105539254913,0.9606181335139992,0.6388888888888888,0.027533618733286858,3.3838515281677246
17,1,32,0.9986699715857567,0.9764737011078488,0.7083333333333334,0.008883042261004448,3.2490618228912354
17,1,33,0.9995339443840299,0.9951060781434234,0.8780487804878049,0.011469719931483269,2.7975971698760986
17,1,34,0.9978912601626015,0.9504919209311492,0.5555555555555556,0.021755386143922806,3.5974438190460205
17,1,35,0.9982651862923028,0.9586790916837185,0.5277777777777778,0.005131527781486511,3.7265326976776123
17,1,36,0.9980610952833175,0.9638276881697221,0.7222222222222222,0.003354224842041731,3.254484176635742
17,1,37,0.9993929681429682,0.9936680492117191,0.8181818181818182,0.014575405046343803,2.690455913543701
17,1,38,0.9974634331365717,0.9490151255871696,0.5972222222222222,0.020948216319084167,3.559792995452881
17,1,39,0.9994985634520518,0.993840564443751,0.8987341772151899,0.0067449347116053104,2.7690675258636475
17,1,40,0.9998963676874449,0.9991302275705947,0.6857142857142857,0.017230121418833733,2.6161231994628906
17,1,41,0.999917094149956,0.9992750496019651,0.6857142857142857,0.015967942774295807,2.536649227142334
17,1,42,0.998689195223485,0.9842973872386929,0.8354430379746836,0.006059232167899609,2.8643698692321777
17,1,43,0.9986364000962541,0.9811891034775729,0.8266666666666667,0.0034423067700117826,2.987593412399292
17,1,44,0.9990043382405235,0.9793462096039549,0.5972222222222222,0.04782538861036301,3.594916343688965
17,1,45,0.997564935064935,0.9534726959745279,0.6111111111111112,0.021628228947520256,3.5431904792785645
17,1,46,0.9976311336717427,0.9414453754560077,0.5416666666666666,0.021679289638996124,3.6542654037475586
17,1,47,0.9997272772350869,0.9970086597779205,0.8372093023255814,0.006973331794142723,2.7330210208892822
17,1,48,0.9982174688057042,0.9694633654926086,0.7638888888888888,0.007830752059817314,3.1520726680755615
17,1,49,0.9985339758885822,0.9789835897180081,0.8289473684210527,0.011691373772919178,2.9449565410614014
17,1,50,0.99974108021335,0.996926989499918,0.8554216867469879,0.011654256843030453,2.7409279346466064
17,1,51,0.9998034398034398,0.9982091541222027,0.7272727272727273,0.014352387748658657,2.662886619567871
17,1,52,0.9985010162601625,0.9650511429648667,0.5555555555555556,0.03885330632328987,3.6645867824554443
17,1,53,0.998709773465995,0.971941533507884,0.5694444444444444,0.016188962385058403,3.6239922046661377
17,1,54,1.0,1.0,0.6728971962616822,0.006341242231428623,2.4994096755981445
17,1,55,0.9998580398580399,0.9986821628209661,0.7272727272727273,0.015510437078773975,2.583889961242676
17,1,56,0.9990674584127593,0.9882393415802839,0.8395061728395061,0.012319304049015045,2.7759318351745605
17,1,57,0.9994570974576271,0.9942295863770478,0.8765432098765432,0.007747212424874306,2.8880536556243896
17,1,58,0.9984791737600726,0.96936767324959,0.625,0.03690608963370323,3.4284958839416504
17,1,59,0.9982123078716748,0.9693493562263185,0.7361111111111112,0.021862322464585304,3.2240281105041504
17,1,60,0.9994909918960552,0.9940737320073688,0.8875,0.006648876238614321,2.7824859619140625
17,1,61,0.9999228633137921,0.9992825188391392,0.7346938775510204,0.005741197615861893,2.6693551540374756
17,1,62,0.9992413066385669,0.990211479757795,0.8846153846153846,0.013728300109505653,2.8149936199188232
17,1,63,0.9982549957782156,0.9681884309602923,0.7638888888888888,0.007143417838960886,3.1335110664367676
17,1,64,0.9998766802318412,0.9989425051542749,0.6792452830188679,0.01114081870764494,2.647146701812744
17,1,65,0.9983983572895277,0.9709634592429969,0.6944444444444444,0.01674722507596016,3.2997004985809326
17,1,66,0.9979449129924202,0.9527302326939773,0.5277777777777778,0.03414070978760719,3.6898000240325928
17,1,67,0.9983487394242718,0.9737302743321283,0.8472222222222222,0.0033155607525259256,3.0099353790283203
17,1,68,0.9984319657615112,0.9737817677199463,0.7777777777777778,0.009736714884638786,3.1119582653045654
17,1,69,0.9998408593594589,0.9986753253528804,0.6545454545454545,0.009292558766901493,2.4742579460144043
17,1,70,0.9997619495082378,0.9972636534133986,0.8255813953488372,0.008703216910362244,2.704660177230835
17,1,71,0.9983974358974359,0.9717625482719581,0.7222222222222222,0.0061337146908044815,3.288231134414673
17,1,72,0.9997408807698197,0.9975590044263125,0.7912087912087912,0.01022342313081026,2.6354153156280518
17,1,73,0.9984567901234568,0.9726082182850825,0.7222222222222222,0.013045376166701317,3.204878091812134
17,1,74,0.9999502685498308,0.9995983761055531,0.6545454545454545,0.013216640800237656,2.5559749603271484
17,1,75,0.9984578820370471,0.9733892726863314,0.7916666666666666,0.012704535387456417,3.1674563884735107
17,1,76,0.9999706296992482,0.9997636390082348,0.6428571428571429,0.018405290320515633,2.5215396881103516
17,1,77,0.9985916437529341,0.9791421158755235,0.8356164383561644,0.0023611884098500013,3.0384371280670166
17,1,78,0.9983027834351663,0.9626866685269748,0.5833333333333334,0.015934668481349945,3.5781090259552
17,1,79,0.9981798037353593,0.9663438620754027,0.7222222222222222,0.0077200536616146564,3.20737361907959
17,1,80,0.9998034398034399,0.998172781833792,0.7272727272727273,0.015497534535825253,2.6117899417877197
17,1,81,0.9989331781592474,0.9759499773087847,0.5833333333333334,0.030548274517059326,3.6333119869232178
17,1,82,0.9977429820849203,0.9608528312324071,0.7083333333333334,0.0069282869808375835,3.2198712825775146
17,1,83,0.9985916437529341,0.9790473802919847,0.8356164383561644,0.007690171245485544,3.0146288871765137
17,1,84,0.9998284145504461,0.9982904062409119,0.7659574468085106,0.007560545578598976,2.6055517196655273
17,1,85,0.9985304522941272,0.9764266287463774,0.7916666666666666,0.009187942370772362,3.1395344734191895
17,1,86,0.9976306352459017,0.9554655991775372,0.6666666666666666,0.009138086810708046,3.374622106552124
17,1,87,0.9989368074273735,0.9855004222086308,0.868421052631579,0.01166098564863205,2.872873306274414
17,1,88,0.9998665465585693,0.9987081274664693,0.7422680412371134,0.008399100042879581,2.57027268409729
17,1,89,0.9982785374842401,0.9605018840522199,0.5833333333333334,0.028581688180565834,3.5853567123413086
17,1,90,0.9993806087319764,0.9927674055743096,0.9078947368421053,0.011100556701421738,2.8734161853790283
17,1,91,0.998876953125,0.9838891716089493,0.8378378378378378,0.013648363761603832,3.0467944145202637
17,1,92,0.9981257321358844,0.9532431248208646,0.5416666666666666,0.0130150830373168,3.6766085624694824
17,1,93,0.998191094619666,0.9609477190985976,0.6111111111111112,0.023287804797291756,3.468207836151123
17,1,94,0.9989641690009338,0.9870494115541475,0.8701298701298701,0.013918621465563774,2.874152183532715
17,1,95,0.9998820033682675,0.9989708809068609,0.7128712871287128,0.01697414182126522,2.620793342590332
17,1,96,0.9986577964519141,0.9836578977249741,0.8701298701298701,0.006608972325921059,2.8536033630371094
17,1,97,0.9987347377744038,0.9824941783872332,0.8648648648648649,0.008250615559518337,2.927198648452759
17,1,98,0.9992799444902661,0.9914928987645961,0.8433734939759037,0.0061086202040314674,2.8533170223236084
17,1,99,0.9988188352563272,0.9853542643982662,0.8831168831168831,0.010733638890087605,2.872546672821045
17,1,100,0.9994622485691971,0.9937086321531282,0.8452380952380952,0.01603265292942524,2.7115511894226074
17,1,101,0.9999150155400156,0.9991117475476515,0.8181818181818182,0.008112276904284954,2.690763235092163
17,1,102,0.9999102011494253,0.9991081986024108,0.75,0.007554549723863602,2.5999698638916016
17,1,103,0.9979721653005464,0.9605503442489258,0.6666666666666666,0.00932588241994381,3.3316006660461426
17,1,104,0.9997998198378542,0.9981613121365749,0.7422680412371134,0.010897853411734104,2.582038402557373
17,1,105,0.9982747395833333,0.975296506351119,0.8378378378378378,0.00209187064319849,2.956449270248413
17,1,106,0.9999362000765599,0.999414522144457,0.7058823529411765,0.009319792501628399,2.567251205444336
17,1,107,0.9987590683466973,0.9778388701637064,0.75,0.0027244058437645435,3.2668497562408447
17,1,108,0.9978660976260336,0.9550459569766778,0.6388888888888888,0.0044017392210662365,3.3983869552612305
17,1,109,0.9978028747433265,0.9601810931203238,0.6944444444444444,0.002158721908926964,3.260204315185547
17,1,110,0.9988764530487014,0.9863370222836003,0.8831168831168831,0.00495137320831418,2.8535842895507812
17,1,111,0.9999428048501487,0.9994627122286697,0.7659574468085106,0.0009273795876652002,2.6073434352874756
17,1,112,0.9998691410896978,0.9986405198075469,0.8,0.010929913260042667,2.641396999359131
17,1,113,0.9985449484405643,0.9790685801057424,0.8157894736842105,0.008911109529435635,2.9761109352111816
17,1,114,0.9979935109289617,0.957996770168423,0.6666666666666666,0.00827493891119957,3.3269617557525635
17,1,115,0.9976138147566719,0.9523803627892384,0.6805555555555556,0.003266318468376994,3.280574083328247
17,1,116,0.9979475933423302,0.9490295985051009,0.5,0.04010472819209099,3.9532556533813477
17,1,117,0.999645390070922,0.9958803176521824,0.8352941176470589,0.0074193282052874565,2.7866427898406982
17,1,118,0.9998614046637331,0.9985397840302126,0.7741935483870968,0.014202889055013657,2.622648000717163
17,1,119,1.0,1.0,0.72,0.004530808422714472,2.6183958053588867
17,1,120,0.9993373953876957,0.9912352412663019,0.9078947368421053,0.003634259570389986,2.909134864807129
17,1,121,0.9994725156098578,0.9944446421831766,0.8275862068965517,0.007244159001857042,2.743788003921509
17,1,122,0.9998398535804164,0.9984540649700239,0.7659574468085106,0.00891170185059309,2.6223480701446533
17,1,123,0.9996348774483822,0.9962876260356135,0.7912087912087912,0.006799777969717979,2.628074884414673
17,1,124,0.9987505535522238,0.9822917489284841,0.84,0.010876788757741451,2.954745054244995
17,1,125,0.9992632777442905,0.9917678131569054,0.8875,0.014268534258008003,2.8154990673065186
17,1,126,0.9974634331365716,0.9459307031896951,0.5972222222222222,0.012954803183674812,3.5392258167266846
17,1,127,0.9996822033898306,0.9965232696779294,0.8765432098765432,0.01269140001386404,2.7851078510284424
17,1,128,0.9980400270040723,0.9617644388898945,0.6527777777777778,0.017106331884860992,3.37923264503479
17,1,129,0.9997858672376874,0.9977584539746633,0.8,0.012416952289640903,2.678304433822632
17,1,130,0.9995794027519077,0.9956924762436707,0.8089887640449438,0.009222312830388546,2.679523229598999
17,1,131,0.998572230689019,0.9794917858676546,0.8513513513513513,0.013085552491247654,2.945547580718994
17,1,132,0.9984143501313116,0.9776455761968499,0.7763157894736842,0.011162295937538147,3.0017600059509277
17,1,133,0.9986922406277245,0.9809759008240879,0.8356164383561644,0.004354744218289852,3.015599489212036
17,1,134,0.9998016485211796,0.9981523483552605,0.7346938775510204,0.005451430566608906,2.5951569080352783
17,1,135,0.9973009446693657,0.9282060529383149,0.5,0.024842681363224983,3.759855270385742
17,1,136,0.998987790219523,0.985460074608574,0.8904109589041096,0.0015002695145085454,2.979097843170166
17,1,137,0.9997906289945784,0.9980467666056143,0.7346938775510204,0.014665762893855572,2.576143741607666
17,1,138,0.9981035014105208,0.9597095814983099,0.5972222222222222,0.015444478951394558,3.5002129077911377
17,1,139,0.9983027834351663,0.9616831245002017,0.5833333333333334,0.03893665224313736,3.575394868850708
17,1,140,0.9998830334736932,0.9989104771440092,0.7058823529411765,0.0053137531504035,2.58725643157959
17,1,141,0.9999300242582572,0.9993098495545061,0.782608695652174,0.00981790479272604,2.6322855949401855
17,1,142,0.998066150973593,0.9606523053252232,0.6388888888888888,0.016491886228322983,3.3910927772521973
17,1,143,0.9995209983946973,0.9945281990879844,0.8554216867469879,0.007739328313618898,2.733072280883789
17,1,144,0.9995885845938643,0.9949894210906503,0.8860759493670886,0.005758399609476328,2.7879691123962402
17,1,145,0.9982192254495159,0.9719616911719987,0.8082191780821918,0.007987645454704762,3.033874273300171
17,1,146,0.9979831512815021,0.9689259262840186,0.7808219178082192,0.00883735902607441,3.144257068634033
17,1,147,0.9988554273383994,0.9800124679938377,0.7638888888888888,0.008563240058720112,3.281569242477417
17,1,148,0.9974608548455354,0.954317295549509,0.7083333333333334,0.008755965158343315,3.2031497955322266
17,1,149,0.998806907378336,0.9773098522390941,0.6805555555555556,0.010967384092509747,3.3521668910980225
17,1,150,0.9973202987370667,0.9399696663293485,0.5694444444444444,0.011739455163478851,3.6156883239746094
17,1,151,0.998425430778372,0.9581659118550762,0.4722222222222222,0.011307780630886555,3.9198999404907227
17,1,152,0.9985213176702539,0.9617054885949733,0.5138888888888888,0.03274548053741455,3.8160133361816406
17,1,153,0.9976660442784743,0.9516029596391222,0.6388888888888888,0.013415752910077572,3.366081714630127
17,1,154,0.9997997111624132,0.9982319263619128,0.6990291262135923,0.0021329380106180906,2.6323907375335693
17,1,155,0.9994725738396625,0.9928730808322508,0.922077922077922,0.010286380536854267,2.7915730476379395
17,1,156,0.9985583124668033,0.9809075769103579,0.8552631578947368,0.008091799914836884,2.894911050796509
17,1,157,0.9980600539811066,0.9504391236067522,0.5,0.015786971896886826,3.801060676574707
17,1,158,0.9991190979563073,0.9893248771813548,0.875,0.007824894972145557,2.7761590480804443
17,1,159,0.9988921769481751,0.9856327817531007,0.8552631578947368,0.010526680387556553,2.890976905822754
17,1,160,0.9997733839442524,0.9977717832486634,0.7578947368421053,0.012420802377164364,2.6367907524108887
17,1,161,0.9986645420745125,0.9818708340088723,0.8552631578947368,0.007966933771967888,2.8928585052490234
17,1,162,0.9998361998361998,0.998529669692181,0.7272727272727273,0.01623310148715973,2.6951515674591064
17,1,163,0.9999555155195232,0.9995844404293761,0.7422680412371134,0.0036819190718233585,2.697800636291504
17,1,164,0.9994632313472893,0.9944383071967732,0.8888888888888888,0.012112222611904144,2.850438117980957
17,1,165,0.9978649921507065,0.9585723508944408,0.6805555555555556,0.003610958345234394,3.3710596561431885
17,1,166,0.9999551005747126,0.9995636400137604,0.75,0.010790000669658184,2.5926873683929443
17,1,167,0.998627551895694,0.9808187802901677,0.8289473684210527,0.0026515338104218245,2.9685287475585938
17,1,168,0.9999801074199324,0.9998354552900003,0.6545454545454545,0.010432261042296886,2.468900442123413
17,1,169,0.9985359290914846,0.973914949850907,0.7222222222222222,0.0029694961849600077,3.2417259216308594
17,1,170,0.9992620786080473,0.9923590023699435,0.8554216867469879,0.012936181388795376,2.709477186203003
17,1,171,0.9998833737637619,0.9987705044071,0.782608695652174,0.00465067895129323,2.6623473167419434
17,1,172,0.9995280923828559,0.994273593006261,0.8974358974358975,0.008747930638492107,2.806469678878784
17,1,173,0.9999292414685428,0.999426936683272,0.6666666666666666,0.012510010041296482,2.494488000869751
17,1,174,0.9977953203897305,0.9522437375187746,0.5972222222222222,0.020866014063358307,3.59311580657959
17,1,175,0.9996453900709219,0.9960254532330097,0.8571428571428571,0.006656402722001076,2.778294563293457
17,1,176,1.0,1.0,0.6728971962616822,0.005048511084169149,2.5302696228027344
17,1,177,0.9999255667559865,0.9993515054147963,0.7058823529411765,0.011093908920884132,2.572373628616333
17,1,178,0.9984117856458282,0.9635076733274076,0.5138888888888888,0.03399757295846939,3.8712079524993896
17,1,179,0.9979674796747967,0.9528013023414974,0.5555555555555556,0.031572818756103516,3.5676631927490234
17,1,180,0.9983867906623648,0.9759988420649988,0.8648648648648649,0.002802222967147827,2.9699206352233887
17,1,181,0.999839095502183,0.9985090855938488,0.7128712871287128,0.005668941885232925,2.532026529312134
17,1,182,0.9977105005779319,0.9518951444815338,0.6388888888888888,0.014204204082489014,3.37058424949646
17,1,183,0.9979508196721311,0.9602309794318078,0.6666666666666666,0.012544851750135422,3.3348774909973145
17,1,184,0.9991749644381224,0.9891448224454331,0.8717948717948718,0.008196919225156307,2.818347692489624
17,1,185,0.9995740149094782,0.9952757424381637,0.8255813953488372,0.015808293595910072,2.7141952514648438
17,1,186,0.9986309377307409,0.9819706353539155,0.8421052631578947,0.01284029334783554,2.915445566177368
17,1,187,0.9999177868212275,0.9993026117955001,0.6792452830188679,0.002056450815871358,2.653546094894409
17,1,188,0.9988620073008883,0.984932260282091,0.881578947368421,0.014352641068398952,2.858062744140625
17,1,189,0.9998037267385518,0.9977922916902118,0.8275862068965517,0.008390422910451889,2.713132858276367
17,1,190,0.9980043179302962,0.9675093884411017,0.7671232876712328,0.006945778150111437,3.1031315326690674
17,1,191,0.9988198103266597,0.9856859285354563,0.8607594936708861,0.00826652068644762,2.8116354942321777
17,2,0,0.9984567901234568,0.9737751210117671,0.7222222222222222,0.0074548362754285336,5.87860107421875
17,2,1,0.9998159938173923,0.9979790432289881,0.8275862068965517,0.011535502970218658,6.309182643890381
17,2,2,0.9985213176702538,0.9619200489860472,0.5138888888888888,0.009032187052071095,5.1544671058654785
17,2,3,0.9999066990110095,0.999039781224396,0.782608695652174,0.010989479720592499,6.330780506134033
17,2,4,0.9982578017813977,0.9637757618455595,0.6527777777777778,0.011456966400146484,5.49301815032959
17,2,5,0.9994240171455361,0.993029139179503,0.8641975308641975,0.006680072285234928,7.164453029632568
17,2,6,0.9987616099071207,0.9782338572545488,0.7638888888888888,0.0059872036799788475,6.131316184997559
17,2,7,0.9988934343773054,0.9823835688092212,0.8611111111111112,0.00011564046144485474,6.442109107971191
17,2,8,0.9993741109530583,0.9920166563454538,0.8961038961038961,0.010177332907915115,7.342906475067139
17,2,9,0.9994099051633298,0.992748527053265,0.8846153846153846,0.009122832678258419,6.733670711517334
17,2,10,0.9998972335265344,0.9991071857517717,0.6792452830188679,0.005491891410201788,5.039888858795166
17,2,11,0.9996882961999242,0.9962391324034239,0.8987341772151899,0.007126773241907358,7.203596115112305
17,2,12,0.9983405637342058,0.9626756803387596,0.5972222222222222,0.012762697413563728,5.505168914794922
17,2,13,0.9999398405775305,0.9995134498986292,0.6605504587155964,0.002775751054286957,5.039956092834473
17,2,14,0.998953427524856,0.9799848024352995,0.6805555555555556,0.006325464695692062,5.7459282875061035
17,2,15,0.998700272240274,0.9806329578218465,0.7945205479452054,0.012471593916416168,6.2401204109191895
17,2,16,1.0,1.0,0.7659574468085106,0.009729362092912197,5.939083099365234
17,2,17,0.9987304687499999,0.9815592256888626,0.8133333333333334,0.005307222716510296,6.632625102996826
17,2,18,0.9997382821793956,0.9973721102752944,0.8,0.012811250984668732,6.602846622467041
17,2,19,0.9998331831982118,0.9984217205128605,0.7422680412371134,0.010255420580506325,5.670339584350586
17,2,20,1.0,1.0,0.8674698795180723,0.0052611203864216805,7.094603061676025
17,2,21,0.9997957099080695,0.9978196949786331,0.8089887640449438,0.013559620827436447,6.398642539978027
17,2,22,0.9984117856458282,0.9602278292392742,0.5138888888888888,0.00960924755781889,5.1859869956970215
17,2,23,0.998665527917156,0.968959681370027,0.5277777777777778,0.012662766501307487,5.0560221672058105
17,2,24,0.9996274710088325,0.9959952225653373,0.8089887640449438,0.007355166133493185,6.4190473556518555
17,2,25,0.9987612110400872,0.9810442537151967,0.8493150684931506,0.003584241960197687,6.548304557800293
17,2,26,0.9999581939799331,0.9996327687787714,0.6923076923076923,0.007043688558042049,5.459978103637695
17,2,27,0.9989840164008781,0.9828886305356077,0.7916666666666666,0.016080502420663834,5.872865676879883
17,2,28,0.9997768631923438,0.9974170410064697,0.8160919540229885,0.006725252140313387,6.972553730010986
17,2,29,0.9982918757339596,0.957083514886213,0.5277777777777778,0.01467563770711422,5.311841011047363
17,2,30,0.9993256059009483,0.9923546404080482,0.9090909090909091,0.011690547689795494,6.991164684295654
17,2,31,0.9983773450697964,0.9686662390241736,0.6388888888888888,0.016987638548016548,5.718968868255615
17,2,32,0.9992140741188562,0.9855867866947716,0.7083333333333334,0.0021608169190585613,5.808011531829834
17,2,33,0.9998317021386774,0.9981647660818109,0.8780487804878049,0.006980061996728182,7.075336933135986
17,2,34,0.9984756097560975,0.9642427072876913,0.5555555555555556,0.010457993485033512,5.339082717895508
17,2,35,0.9987989751254404,0.9691312942058207,0.5277777777777778,0.014903655275702477,5.263175964355469
17,2,36,0.9985161443494778,0.9722755539497285,0.7222222222222222,0.0011698195012286305,6.31275749206543
17,2,37,0.9997814685314685,0.997671945113817,0.8181818181818182,0.0064827557653188705,5.779410362243652
17,2,38,0.9981509138752578,0.9620835069738107,0.5972222222222222,0.009368613362312317,5.486856460571289
17,2,39,0.9997696102347265,0.9971770862093269,0.8987341772151899,0.0009518861188553274,7.0147199630737305
17,2,40,0.9998652779936785,0.9989146020919419,0.6857142857142857,0.008491799235343933,5.459754467010498
17,2,41,0.9998238250686564,0.9984973814203006,0.6857142857142857,0.01322664599865675,4.828502655029297
17,2,42,0.9994382265243507,0.9928594531827443,0.9078947368421053,0.012994969263672829,6.979795932769775
17,2,43,0.9990214165396647,0.9863927648301285,0.8513513513513513,0.0037288942839950323,6.575347423553467
17,2,44,0.9994073441907878,0.9879147216955948,0.5972222222222222,0.012771548703312874,5.259865760803223
17,2,45,0.9984693877551021,0.9697285951469304,0.6111111111111112,0.002967732958495617,5.500932693481445
17,2,46,0.9981257321358844,0.9517026046658852,0.5416666666666666,0.011635483242571354,5.257072448730469
17,2,47,0.9998016561709724,0.9978714793002081,0.8372093023255814,0.007897417061030865,6.869065761566162
17,2,48,0.9988366638521436,0.9796605917805808,0.7638888888888888,0.005916223861277103,6.064172744750977
17,2,49,0.9990642399288823,0.9860473824597957,0.8533333333333334,0.012830780819058418,6.805315017700195
17,2,50,0.9999093780746725,0.9989322591781673,0.8780487804878049,0.014085023663938046,7.348309516906738
17,2,51,0.9998798798798799,0.9989113142083439,0.7272727272727273,0.01275486871600151,5.785555362701416
17,2,52,0.9988313008130082,0.9719031097996701,0.5555555555555556,0.007952787913382053,5.143669605255127
17,2,53,0.999106766245689,0.9797646090874834,0.5694444444444444,0.008644857443869114,5.186293125152588
17,2,54,1.0,1.0,0.6728971962616822,0.007610425353050232,5.259029865264893
17,2,55,0.9998034398034398,0.9982138542561423,0.7272727272727273,0.006881857756525278,5.636099815368652
17,2,56,0.9994651599720238,0.9932176474858874,0.8860759493670886,0.010164043866097927,6.810384273529053
17,2,57,0.9998146186440677,0.9980142767306533,0.9,0.0035841919016093016,6.683456897735596
17,2,58,0.9989331517421406,0.9776103051033291,0.625,0.008661712519824505,5.3302412033081055
17,2,59,0.9988146823931756,0.9794261928244794,0.7361111111111112,0.009801516309380531,5.875654697418213
17,2,60,0.9998660504989618,0.99844581285194,0.9113924050632911,0.004448470659554005,6.794290065765381
17,2,61,0.9999008242605898,0.9990682619736106,0.7346938775510204,0.004213687032461166,5.43300724029541
17,2,62,0.9995925535651563,0.9946762943790772,0.9090909090909091,0.009863338433206081,6.633734226226807
17,2,63,0.998817900365888,0.9775978186893752,0.7638888888888888,0.007721654139459133,5.881288051605225
17,2,64,0.9999486167632672,0.9995679471827567,0.6792452830188679,0.005661181639879942,5.421257972717285
17,2,65,0.998952772073922,0.9809364362362958,0.6944444444444444,0.007516986224800348,5.638535022735596
17,2,66,0.998425322942244,0.9617496372448293,0.5277777777777778,0.006563717033714056,5.042374610900879
17,2,67,0.9987572987419777,0.9806539056064352,0.821917808219178,0.0074525075033307076,6.354410648345947
17,2,68,0.9988009149940968,0.979359882524367,0.7777777777777778,0.008295572362840176,6.017733573913574
17,2,69,0.9997314501690869,0.9977789102350201,0.6545454545454545,0.01314936950802803,5.155126094818115
17,2,70,0.9999122971872455,0.9990510414025537,0.8470588235294118,0.002537839114665985,6.886012554168701
17,2,71,0.9987733459955682,0.9778784427087005,0.7222222222222222,0.0060166288167238235,6.05135440826416
17,2,72,0.9998822185317362,0.9988123732944509,0.7912087912087912,0.003266809042543173,5.892512321472168
17,2,73,0.9989909781576448,0.9818014545990161,0.7222222222222222,0.014960681088268757,5.828860282897949
17,2,74,0.9999801074199324,0.9998354552900006,0.6545454545454545,0.004454074893146753,5.2881951332092285
17,2,75,0.9988025907581778,0.9795301811453012,0.7916666666666666,0.01218736357986927,6.0804314613342285
17,2,76,0.9999608395989975,0.9996832014277972,0.6428571428571429,0.00802187155932188,5.025428295135498
17,2,77,0.9989102005231038,0.9836212189888072,0.8108108108108109,0.007132888771593571,6.36802339553833
17,2,78,0.9986907186499855,0.9701042401095192,0.5833333333333334,0.0069229137152433395,5.316144943237305
17,2,79,0.9986942070275403,0.9750558602921418,0.7222222222222222,0.003970213234424591,5.853010654449463
17,2,80,0.9999017199017199,0.9990946865297429,0.7272727272727273,0.009525369852781296,5.246603965759277
17,2,81,0.999127145766657,0.9801489560010015,0.5833333333333334,0.012425502762198448,5.3312087059021
17,2,82,0.9984281482377124,0.9718386424264194,0.7083333333333334,0.009229358285665512,5.821885108947754
17,2,83,0.9987928375025149,0.9828010981735601,0.8356164383561644,0.010906253941357136,6.260354042053223
17,2,84,0.9998741706703272,0.9988224263424383,0.7659574468085106,0.00236412207596004,5.668868064880371
17,2,85,0.9990021589651481,0.9836498200173477,0.7916666666666666,0.001287755323573947,6.308483600616455
17,2,86,0.9985484972677596,0.9712757993900502,0.6666666666666666,0.004086698405444622,5.656069755554199
17,2,87,0.999445941898772,0.992280514406307,0.8933333333333333,0.011480819433927536,6.887086391448975
17,2,88,0.9998554254384501,0.9985935799292414,0.7422680412371134,0.0056624277494847775,5.639679431915283
17,2,89,0.9985694888953545,0.9670758698614883,0.5833333333333334,0.005729265511035919,5.268059730529785
17,2,90,0.99979833772669,0.9974569191107063,0.9333333333333333,0.004124789033085108,7.020853519439697
17,2,91,0.9992513020833333,0.9891058132224373,0.863013698630137,0.008436289615929127,6.519621849060059
17,2,92,0.9985942991019133,0.963626663720908,0.5416666666666666,0.0045045181177556515,5.255963325500488
17,2,93,0.9986317254174397,0.9703239044260532,0.6111111111111112,0.00971202738583088,5.449931621551514
17,2,94,0.9994310224089636,0.9926178295561838,0.8947368421052632,0.007380374241620302,7.058148384094238
17,2,95,0.9999356382008732,0.9994260161639763,0.7128712871287128,0.01851005107164383,5.643944263458252
17,2,96,0.9992121848739495,0.990326490291305,0.8947368421052632,0.002955634379759431,6.6116862297058105
17,2,97,0.9992250268868222,0.988788414284182,0.8904109589041096,0.0016486214008182287,6.4165754318237305
17,2,98,0.9995810586125184,0.9948983798400121,0.8658536585365854,0.010262402705848217,6.34756326675415
17,2,99,0.9992221598029472,0.990096972387958,0.8831168831168831,0.013264450244605541,6.977579593658447
17,2,100,0.9996158918351408,0.995523574003394,0.8452380952380952,0.013826482929289341,6.724792957305908
17,2,101,0.9999392968142968,0.9993656258840428,0.8181818181818182,0.007398472633212805,6.955800533294678
17,2,102,0.9999775502873564,0.9997841047394043,0.75,0.004027260933071375,5.611448287963867
17,2,103,0.9985271516393442,0.9700529056269207,0.6666666666666666,0.005424035247415304,5.741138458251953
17,2,104,0.9998220620780925,0.9982816116705526,0.7422680412371134,0.011046568863093853,5.721593379974365
17,2,105,0.998681640625,0.9813755216354029,0.863013698630137,0.007169017102569342,6.423871040344238
17,2,106,0.9998724001531197,0.9988546332769328,0.7058823529411765,0.007078315131366253,5.506689071655273
17,2,107,0.9991981672394044,0.9856894624936683,0.75,0.0038897795602679253,5.935436248779297
17,2,108,0.9983106606206099,0.9627832098554618,0.6388888888888888,0.0009354889043606818,5.665677070617676
17,2,109,0.9983572895277207,0.9688510205601306,0.6944444444444444,0.010709255933761597,5.8390116691589355
17,2,110,0.9993229909396021,0.9914604532846871,0.8831168831168831,0.00495137320831418,6.646241188049316
17,2,111,0.9999428048501487,0.9994526103786919,0.7659574468085106,0.003106508869677782,5.496928691864014
17,2,112,0.9998929336188437,0.9988899384708784,0.8,0.016221603378653526,6.688702583312988
17,2,113,0.9990194217751629,0.985927920122528,0.8648648648648649,0.00520895142108202,7.024298667907715
17,2,114,0.9985911885245902,0.9708358139014062,0.6666666666666666,0.009380878880620003,5.560774803161621
17,2,115,0.998304552590267,0.9652304554622446,0.6805555555555556,0.00983763113617897,5.6284003257751465
17,2,116,0.9983130904183536,0.9567384457135004,0.5,0.012186199426651001,5.08992862701416
17,2,117,0.9998733535967578,0.9985192605962592,0.8571428571428571,0.0075953248888254166,6.602335453033447
17,2,118,0.999919152720511,0.9991724702711644,0.7741935483870968,0.013333638198673725,6.068505764007568
17,2,119,0.9999458874458874,0.9995107180620975,0.72,0.00023643196618650109,5.171047210693359
17,2,120,0.9995390576610057,0.993770582250662,0.9333333333333333,0.007960964925587177,7.427983283996582
17,2,121,0.9997546584231897,0.9973907351912461,0.8275862068965517,0.009334679692983627,6.389939785003662
17,2,122,0.9998512926103866,0.9985798432529458,0.7659574468085106,0.009525449015200138,6.233617305755615
17,2,123,0.9996584337420351,0.996402044598982,0.7912087912087912,0.011809405870735645,6.190148830413818
17,2,124,0.9990985006642626,0.9868989003679796,0.8904109589041096,0.00655739288777113,6.32334566116333
17,2,125,0.9997722858482352,0.9972486298349471,0.8875,0.006818925496190786,6.656468868255615
17,2,126,0.9981746201076264,0.9588406351324494,0.5972222222222222,0.010552218183875084,5.646308422088623
17,2,127,0.9998675847457626,0.9985797050561798,0.9,0.005728012882173061,7.04646110534668
17,2,128,0.9986280189028506,0.9734745561326303,0.6527777777777778,0.011149323545396328,5.48052978515625
17,2,129,0.9998810373542707,0.9987432403169991,0.8,0.009489498101174831,6.175929546356201
17,2,130,0.9997836928438383,0.9977643294832306,0.8089887640449438,0.0034875795245170593,6.095143795013428
17,2,131,0.9990855859468998,0.9868055334002116,0.8767123287671232,0.011024011299014091,6.682133197784424
17,2,132,0.9988933485291446,0.9844519938046234,0.8493150684931506,0.008662884123623371,6.237782955169678
17,2,133,0.9989940312520957,0.9854400133623107,0.8356164383561644,0.011931395158171654,6.675980567932129
17,2,134,0.9999008242605898,0.9990721254034145,0.7346938775510204,0.01252449955791235,6.000412940979004
17,2,135,0.9978070175438597,0.939438767786559,0.5,0.013081316836178303,5.3459930419921875
17,2,136,0.9992408426646422,0.9892295871236383,0.8904109589041096,0.006828608922660351,6.4227728843688965
17,2,137,0.9997796094679772,0.9979234603689006,0.7346938775510204,0.004924536682665348,5.329032897949219
17,2,138,0.9986013322902592,0.9694176734825294,0.5972222222222222,0.0049329111352562904,5.326211452484131
17,2,139,0.9989089322083212,0.9743348159829457,0.5833333333333334,0.011688691563904285,5.194022178649902
17,2,140,0.9999149334354132,0.9992448487690702,0.7058823529411765,0.0018409251933917403,5.575721740722656
17,2,141,1.0,1.0,0.782608695652174,0.008216002956032753,5.9760355949401855
17,2,142,0.9985996265670846,0.9706045990557252,0.6388888888888888,0.003569931024685502,5.441586017608643
17,2,143,0.9997799181813474,0.9973017572216223,0.8554216867469879,0.005071364808827639,6.663473606109619
17,2,144,0.999849147684417,0.9982147163918667,0.935064935064935,0.002257557353004813,7.221200942993164
17,2,145,0.998789764868603,0.9812777386509283,0.8333333333333334,0.013209451921284199,6.1778740882873535
17,2,146,0.9986435353751695,0.9785719336998363,0.8055555555555556,0.006601554341614246,6.813438415527344
17,2,147,0.9992494605497702,0.9865047718479985,0.7638888888888888,0.008071192540228367,5.862450122833252
17,2,148,0.9985490599117345,0.9730793059450485,0.7083333333333334,0.007238295394927263,5.971896171569824
17,2,149,0.9992464678178964,0.9858946841914806,0.6805555555555556,0.005898529663681984,5.369399070739746
17,2,150,0.9977669156142223,0.9480456132437778,0.5694444444444444,0.007121683564037085,5.496918678283691
17,2,151,0.9985739750445634,0.9619206992613475,0.4722222222222222,0.017302559688687325,4.999567985534668
17,2,152,0.9986856157068923,0.9656920118913097,0.5138888888888888,0.003492324147373438,5.080140590667725
17,2,153,0.998177291722237,0.9615202789970567,0.6388888888888888,0.0122446957975626,5.607781887054443
17,2,154,0.9997786281268777,0.9981375576744701,0.6990291262135923,0.009549752809107304,5.430947780609131
17,2,155,0.9996391294692427,0.9951542970200793,0.922077922077922,0.007368007209151983,6.615525722503662
17,2,156,0.9991805144548145,0.9889332999289291,0.88,0.0022253631614148617,6.659110069274902
17,2,157,0.9985098965362122,0.9616571734291881,0.5,0.014760815538465977,5.070214748382568
17,2,158,0.9994579064346506,0.9935117256776415,0.8987341772151899,0.0050297146663069725,6.966317653656006
17,2,159,0.9992108657713029,0.9899918637172466,0.88,0.01002776250243187,6.757711410522461
17,2,160,0.9998187071554019,0.998222064817211,0.7578947368421053,0.011053713969886303,5.657145023345947
17,2,161,0.9990591091888611,0.9870957074745579,0.88,0.01130563486367464,6.721743583679199
17,2,162,0.9998907998908,0.9990071388549786,0.7272727272727273,0.012329044751822948,5.507908821105957
17,2,163,0.9999666366396422,0.9996854505303862,0.7422680412371134,0.008041264489293098,5.331722736358643
17,2,164,0.9997774373879004,0.9976807927472064,0.8888888888888888,0.0017631492810323834,6.620580673217773
17,2,165,0.9985766614338043,0.9702535175511433,0.6805555555555556,0.001099859131500125,5.905513763427734
17,2,166,0.9999214260057471,0.9992332114897582,0.75,0.006474022753536701,5.994777202606201
17,2,167,0.9991266239336234,0.9881859806347042,0.8533333333333334,0.0057077123783528805,6.9315409660339355
17,2,168,0.9999104833896957,0.9992568054790663,0.6545454545454545,0.008737643249332905,4.832526206970215
17,2,169,0.9989909781576448,0.981623370035122,0.7222222222222222,0.010151531547307968,5.869271755218506
17,2,170,0.9995986743306924,0.9956486074568904,0.8780487804878049,0.006862035021185875,6.809668064117432
17,2,171,0.999930024258257,0.9992882365421916,0.782608695652174,0.007076025940477848,6.314552307128906
17,2,172,0.9997362869198312,0.9968205101022817,0.922077922077922,0.010740754194557667,7.084437847137451
17,2,173,0.9997776160439916,0.9982542435166204,0.6666666666666666,0.011489378288388252,4.669283866882324
17,2,174,0.9984116824313113,0.9635786267714703,0.5972222222222222,0.0052175684832036495,5.3826470375061035
17,2,175,0.9998226950354611,0.9979965825677602,0.8571428571428571,0.006868113297969103,6.799441814422607
17,2,176,1.0,1.0,0.6728971962616822,0.004211449529975653,4.563013076782227
17,2,177,0.9998830334736931,0.9989542729586173,0.7058823529411765,0.006863932125270367,5.098483562469482
17,2,178,0.9986856157068923,0.9684549410974875,0.5138888888888888,0.0061530680395662785,5.139470100402832
17,2,179,0.9984756097560975,0.963792394610216,0.5555555555555556,0.0058799912221729755,5.308122634887695
17,2,180,0.9987189219965837,0.9812819037808947,0.8904109589041096,0.006738846655935049,6.917400360107422
17,2,181,0.999849822468704,0.9985913673189555,0.7128712871287128,0.005608037579804659,5.669130802154541
17,2,182,0.9981995198719659,0.9607098576134923,0.6388888888888888,0.006132927723228931,5.651159763336182
17,2,183,0.9985271516393442,0.9703327405246923,0.6666666666666666,0.010319842956960201,5.90958833694458
17,2,184,0.9994736842105264,0.9931839647491916,0.8961038961038961,0.009710798971354961,6.977932453155518
17,2,185,0.9997619495082377,0.9973552113738684,0.8470588235294118,0.00911332294344902,6.663649559020996
17,2,186,0.9990616539502831,0.987326710119305,0.8666666666666667,0.005853221286088228,6.723751068115234
17,2,187,0.9997739137583754,0.998077099824258,0.6792452830188679,0.004145109094679356,5.456585884094238
17,2,188,0.9993940558355379,0.9919190688856209,0.881578947368421,0.012160019017755985,6.826638698577881
17,2,189,0.9999018633692759,0.9989405384627374,0.8275862068965517,0.0025845656637102365,6.805461883544922
17,2,190,0.9986393076797474,0.9772326598871488,0.7916666666666666,0.007633987348526716,5.890439987182617
17,2,191,0.9992413066385668,0.9907232896243938,0.8846153846153846,0.0035714730620384216,6.8845438957214355
17,3,0,0.9986942070275403,0.9778252767836539,0.7222222222222222,0.005330880172550678,4.690893173217773
17,3,1,0.9998282608962328,0.9981227213899077,0.8275862068965517,0.011535502970218658,2.708223342895508
17,3,2,0.9986856157068923,0.9672584511484058,0.5138888888888888,0.015064754523336887,6.715679168701172
17,3,3,0.9998717111401381,0.9986917597254967,0.782608695652174,0.010989479720592499,2.642483711242676
17,3,4,0.9984320216032578,0.9680618436669166,0.6527777777777778,0.008434438146650791,5.457478046417236
17,3,5,0.9994775969459514,0.9936274608835123,0.8641975308641975,0.0030544130131602287,3.701298713684082
17,3,6,0.9989304812834224,0.9813157209616723,0.7638888888888888,0.00972744356840849,4.63608455657959
17,3,7,0.998960498960499,0.983553027843676,0.8611111111111112,0.006308442912995815,4.715479850769043
17,3,8,0.9994879089615932,0.9934398681115253,0.9210526315789473,0.0075927372090518475,3.723132610321045
17,3,9,0.9996066034422199,0.9951527562134732,0.9090909090909091,0.009225904941558838,3.905409097671509
17,3,10,0.999856126937148,0.9987559952632789,0.6792452830188679,0.002715920563787222,2.9590976238250732
17,3,11,0.9997696102347265,0.9972471453481399,0.8987341772151899,0.007126773241907358,3.6464011669158936
17,3,12,0.9985539198255221,0.9678860943386798,0.5972222222222222,0.011207183822989464,6.987377166748047
17,3,13,0.9998596280142377,0.9988453841274844,0.6605504587155964,0.006353424862027168,2.9914748668670654
17,3,14,0.9991627420198849,0.983906763064909,0.6805555555555556,0.007041736971586943,5.406203269958496
17,3,15,0.9990339861245279,0.9848698079221775,0.7945205479452054,0.013980893418192863,4.156487941741943
17,3,16,0.9999313658201785,0.9993326260127391,0.7659574468085106,0.009120339527726173,2.862448215484619
17,3,17,0.9988606770833333,0.9835389048749199,0.863013698630137,0.0006461445009335876,4.5281081199646
17,3,18,0.9996193195336665,0.9962158953971563,0.8,0.010015301406383514,2.8183469772338867
17,3,19,0.9997553353573772,0.9976962804201055,0.7422680412371134,0.009566167369484901,2.8645639419555664
17,3,20,0.9999871963945047,0.9998565691336776,0.8674698795180723,0.008834276348352432,3.218209743499756
17,3,21,0.9998317611007631,0.9982125552686373,0.8089887640449438,0.007557975593954325,3.097879409790039
17,3,22,0.9984391686519346,0.9613658131850088,0.5138888888888888,0.008701113983988762,6.45280647277832
17,3,23,0.9990124906586955,0.9754491097280598,0.5277777777777778,0.01706511527299881,7.193788528442383
17,3,24,0.999591419816139,0.9956503185387034,0.8089887640449438,0.0023855450563132763,2.9041173458099365
17,3,25,0.9988933485291446,0.9833317680334994,0.8493150684931506,0.007753853686153889,4.381162166595459
17,3,26,0.9998223244147157,0.9984259670818684,0.6923076923076923,0.0020960818510502577,2.924184560775757
17,3,27,0.9992380123006586,0.9869972624345963,0.7916666666666666,0.010956946760416031,4.4877543449401855
17,3,28,0.9997768631923439,0.9974486460959548,0.8372093023255814,0.009899571537971497,2.8250224590301514
17,3,29,0.9984253229422441,0.9609809800115512,0.5277777777777778,0.012742423452436924,6.060586929321289
17,3,30,0.999536354056902,0.9946080965389967,0.9342105263157895,0.011350655928254128,4.281490325927734
17,3,31,0.9985996265670846,0.9728207373643832,0.6388888888888888,0.003522356739267707,5.403923034667969
17,3,32,0.9992946819015376,0.9869964840199899,0.7083333333333334,0.0024739184882491827,5.30707311630249
17,3,33,0.9998575941173424,0.9984010229065791,0.8780487804878049,0.006980061996728182,3.2555558681488037
17,3,34,0.998780487804878,0.9710450080977117,0.5555555555555556,0.018952807411551476,5.615899562835693
17,3,35,0.9987722856837835,0.9692981913246395,0.5277777777777778,0.018955176696181297,5.896087646484375
17,3,36,0.9987733459955682,0.9772548656816197,0.7222222222222222,0.009279840625822544,4.512477397918701
17,3,37,0.9997936091686092,0.9977981087881782,0.8181818181818182,0.0031958450563251972,2.6696670055389404
17,3,38,0.9984353886636796,0.9677743246017227,0.5972222222222222,0.013306346721947193,5.421057224273682
17,3,39,0.9997154008781916,0.9966029577197667,0.8987341772151899,0.007062689401209354,3.6413862705230713
17,3,40,0.9998445515311675,0.9987275338724615,0.6857142857142857,0.008491799235343933,2.887065887451172
17,3,41,0.9996891030623348,0.9973945402533424,0.6857142857142857,0.009435359388589859,3.1741626262664795
17,3,42,0.9995678665571929,0.9943373245973217,0.9078947368421053,0.012994969263672829,4.179895877838135
17,3,43,0.999149755354135,0.9880495776360914,0.8767123287671232,0.007689318154007196,4.493698596954346
17,3,44,0.9995495815849987,0.9905141647620619,0.5972222222222222,0.012401307001709938,5.914724826812744
17,3,45,0.998747680890538,0.9745528047343528,0.6111111111111112,0.016050392761826515,6.0012078285217285
17,3,46,0.9983079526226735,0.9559167688240912,0.5416666666666666,0.015681374818086624,7.38466215133667
17,3,47,0.9997644667030298,0.9975114032400496,0.8372093023255814,0.007897417061030865,2.651667594909668
17,3,48,0.9989680082559339,0.9820270392542787,0.7638888888888888,0.0038895991165190935,4.559379577636719
17,3,49,0.9992825839454764,0.9892254660300858,0.9041095890410958,0.006967648863792419,4.57617712020874
17,3,50,0.99994821604267,0.9994103618930111,0.8780487804878049,0.014828884042799473,2.8023791313171387
17,3,51,0.9998361998361998,0.9985461407702689,0.7272727272727273,0.015552106313407421,2.894416093826294
17,3,52,0.9988821138211381,0.973518978554204,0.5555555555555556,0.015003849752247334,7.469505310058594
17,3,53,0.9991812023918816,0.9814464809808852,0.5694444444444444,0.007357265334576368,7.289399147033691
17,3,54,0.999969424882031,0.9997411736612548,0.6728971962616822,0.0068246228620409966,2.917431116104126
17,3,55,0.9997051597051597,0.9973555538464023,0.7272727272727273,0.006881857756525278,2.6879265308380127
17,3,56,0.999478873818895,0.9934488772633281,0.8625,0.00884768646210432,4.200763702392578
17,3,57,0.9998808262711864,0.9986856108982546,0.9,0.00933546107262373,3.8689942359924316
17,3,58,0.9991147429349676,0.9813435297551614,0.625,0.01760583370923996,5.298489570617676
17,3,59,0.9988729767017079,0.9803594849074417,0.7361111111111112,0.001215806812979281,4.717767238616943
17,3,60,0.9999732100997923,0.9996815414196443,0.9113924050632911,0.0065109580755233765,3.80051589012146
17,3,61,0.9998236875743818,0.998401150063986,0.7346938775510204,0.005543225910514593,2.640146493911743
17,3,62,0.9996347031963471,0.9952609316508201,0.9090909090909091,0.002666821237653494,4.111599445343018
17,3,63,0.998892954310911,0.9791298662292389,0.7638888888888888,0.0035993752535432577,4.805962085723877
17,3,64,0.9998869568791877,0.9990563830186471,0.6792452830188679,0.005661181639879942,3.033686876296997
17,3,65,0.9990554414784394,0.9824889624376433,0.6944444444444444,0.01459342148154974,5.229497909545898
17,3,66,0.9985587701505285,0.9651347885413258,0.5277777777777778,0.016620580106973648,6.872555732727051
17,3,67,0.9989105084861175,0.9831937720708462,0.821917808219178,0.0074525075033307076,4.58004903793335
17,3,68,0.9989669421487604,0.9823496441034479,0.7777777777777778,0.013338060118258,4.839024066925049
17,3,69,0.9996618261388502,0.997190147650221,0.6545454545454545,0.015080545097589493,2.9351072311401367
17,3,70,0.9999122971872455,0.9991048593350382,0.8470588235294118,0.006461582612246275,2.9215033054351807
17,3,71,0.9989711934156379,0.9815833925079414,0.7222222222222222,0.002724271733313799,4.525973796844482
17,3,72,0.9998586622380835,0.9985457135772968,0.7912087912087912,0.005713528022170067,2.960035800933838
17,3,73,0.9991294713516935,0.984175956898815,0.7222222222222222,0.007589803077280521,5.304508209228516
17,3,74,0.9998905908096279,0.9991186961508853,0.6545454545454545,0.008510073646903038,3.155667304992676
17,3,75,0.9989658738366081,0.9824835187155398,0.7916666666666666,0.011221462860703468,4.475732326507568
17,3,76,0.9998923088972431,0.9991244539522924,0.6428571428571429,0.005865135230123997,3.1233460903167725
17,3,77,0.9990107973978942,0.9852063744050227,0.8356164383561644,0.011247893795371056,4.548817157745361
17,3,78,0.9982057996314615,0.9679434259365958,0.5616438356164384,0.01007180567830801,6.316023349761963
17,3,79,0.998872269705603,0.9785021462420028,0.7222222222222222,0.002913641044870019,5.133480548858643
17,3,80,0.9998798798798799,0.9988974938866599,0.7272727272727273,0.012525228783488274,3.352489948272705
17,3,81,0.9992726214722142,0.9835094736497954,0.5833333333333334,0.008619774132966995,5.697230339050293
17,3,82,0.9987102754770973,0.9774003707039391,0.7083333333333334,0.007716745603829622,5.113059043884277
17,3,83,0.9988934343773054,0.9842423456179559,0.8356164383561644,0.011638585478067398,4.734206199645996
17,3,84,0.9998169755204759,0.9983933977055957,0.7659574468085106,0.00236412207596004,2.760608434677124
17,3,85,0.9990747292222283,0.9847683165149874,0.7916666666666666,0.006695003714412451,4.522685527801514
17,3,86,0.9987832991803278,0.9760462910596626,0.6666666666666666,0.006187342572957277,5.087940216064453
17,3,87,0.9995807127882599,0.9941167443331129,0.9452054794520548,0.007607287261635065,4.3112921714782715
17,3,88,0.9998109409579733,0.9981347327333653,0.7422680412371134,0.002070699818432331,2.6968252658843994
17,3,89,0.9988604403064689,0.9727116332025918,0.5833333333333334,0.01227385364472866,5.972842216491699
17,3,90,0.9998559555190643,0.9981227706050693,0.9333333333333333,0.004235108848661184,4.287557125091553
17,3,91,0.9993326822916667,0.9903031218763269,0.8888888888888888,0.0034003190230578184,4.700837135314941
17,3,92,0.998802551086815,0.9694738261089222,0.5416666666666666,0.009718223474919796,5.163338661193848
17,3,93,0.998817254174397,0.9745383946402225,0.6111111111111112,0.007817210629582405,6.377381324768066
17,3,94,0.9996060924369748,0.9948404146134884,0.8947368421052632,0.007380374241620302,4.492519855499268
17,3,95,0.9999141842678309,0.9992506672327486,0.7128712871287128,0.002414810238406062,2.931757926940918
17,3,96,0.9993143090569561,0.9917468762939572,0.8947368421052632,0.0071684508584439754,4.617478370666504
17,3,97,0.999304105775922,0.9899568673094922,0.8904109589041096,0.0016486214008182287,4.351196765899658
17,3,98,0.9996857939593888,0.9959429638776224,0.8658536585365854,0.004505643621087074,3.6004490852355957
17,3,99,0.9993517998357894,0.9917096159040116,0.8831168831168831,0.013350420631468296,4.151941299438477
17,3,100,0.9995774810186548,0.9951559415991571,0.8452380952380952,0.010752417147159576,3.567504644393921
17,3,101,0.9999150155400156,0.9991072601939807,0.8181818181818182,0.0063483826816082,2.8768951892852783
17,3,102,0.9998989762931034,0.9990634480114677,0.75,0.008127979934215546,2.7176694869995117
17,3,103,0.9987406079234973,0.9741348814058355,0.6666666666666666,0.004659539088606834,5.266101360321045
17,3,104,0.9997886987177349,0.9979442081507197,0.7422680412371134,0.002167023252695799,2.9184694290161133
17,3,105,0.9987955729166668,0.9829599747158735,0.863013698630137,0.007169017102569342,4.6618242263793945
17,3,106,0.999819233550253,0.9983708638137657,0.7058823529411765,0.009440656751394272,3.1411609649658203
17,3,107,0.9993508972890417,0.9886753299713169,0.75,0.012951809912919998,4.563103199005127
17,3,108,0.9985329421178981,0.968463485501222,0.6388888888888888,0.00745454803109169,5.572878837585449
17,3,109,0.9986652977412731,0.9744500319532406,0.6944444444444444,0.006527157034724951,4.888241291046143
17,3,110,0.9994238220762571,0.9927425475917255,0.8831168831168831,0.006553780287504196,4.212193012237549
17,3,111,0.9999313658201785,0.9993326260127391,0.7659574468085106,0.009771794080734253,2.637730836868286
17,3,112,0.9998929336188437,0.9988841647683444,0.8,0.013534476049244404,2.6267576217651367
17,3,113,0.9992250268868222,0.9886856005445517,0.8904109589041096,0.005385315977036953,4.539808750152588
17,3,114,0.9988259904371585,0.9745413699383301,0.6666666666666666,0.0035301523748785257,5.221832275390625
17,3,115,0.9985766614338043,0.9709616711641813,0.6805555555555556,0.006848468910902739,5.209193706512451
17,3,116,0.998678587494377,0.9656931332597603,0.5,0.012207506224513054,7.418999671936035
17,3,117,0.9999366767983789,0.9992826373628361,0.8571428571428571,0.00854586809873581,3.1436872482299805
17,3,118,0.9998267558296664,0.9983187301641685,0.7741935483870968,0.008176636882126331,2.667638063430786
17,3,119,0.9999242424242424,0.9993136101160087,0.72,0.00023643196618650109,3.149588108062744
17,3,120,0.9996254843495672,0.9949352638308087,0.9333333333333333,0.007960964925587177,3.751065492630005
17,3,121,0.9997669255020303,0.9974844139961432,0.8275862068965517,0.008537539280951023,3.093749761581421
17,3,122,0.9998055364905056,0.9981695088898774,0.7659574468085106,0.007507335860282183,2.6731536388397217
17,3,123,0.9995995430079032,0.9957458978707341,0.7912087912087912,0.0072362893261015415,2.803762912750244
17,3,124,0.9992408426646422,0.9890944051672866,0.8904109589041096,0.00655739288777113,4.6637139320373535
17,3,125,0.9998660504989619,0.9983449446545585,0.8875,0.006818925496190786,3.663074493408203
17,3,126,0.9984828011284167,0.9652498683244565,0.5972222222222222,0.0038672033697366714,5.982980728149414
17,3,127,0.9998808262711865,0.9986610371533343,0.9,0.006944512482732534,3.495438575744629
17,3,128,0.9988893486356409,0.9778052850414524,0.6527777777777778,0.008387420326471329,5.4293389320373535
17,3,129,0.999845348560552,0.9983883321731656,0.8,0.007506050635129213,2.610642433166504
17,3,130,0.9997596587153758,0.9974927411822481,0.8089887640449438,0.006097618956118822,2.9461495876312256
17,3,131,0.9992460094649875,0.9890433838198086,0.9027777777777778,0.004257096443325281,4.363088607788086
17,3,132,0.999025486018202,0.9862970416026006,0.8493150684931506,0.008662884123623371,4.612914085388184
17,3,133,0.9990610958352893,0.9864910048617517,0.8356164383561644,0.011931395158171654,3.9203269481658936
17,3,134,0.9998567461541852,0.9986591120418096,0.7346938775510204,0.01252449955791235,2.8144171237945557
17,3,135,0.9973852901484481,0.9355965096651746,0.5,0.013081238605082035,6.559813499450684
17,3,136,0.9993357373315619,0.99079631280353,0.8648648648648649,0.008694441057741642,4.443243503570557
17,3,137,0.9997245118349716,0.9973637675927957,0.7346938775510204,0.006726518739014864,3.2242965698242188
17,3,138,0.9983168575018372,0.9677749209009884,0.5972222222222222,0.006145400460809469,6.5988450050354
17,3,139,0.9990059160120259,0.976852183535349,0.5833333333333334,0.012129450216889381,5.812774181365967
17,3,140,0.9998405001913998,0.9985833007882448,0.7058823529411765,0.006776351016014814,2.7591192722320557
17,3,141,0.9999650121291285,0.999650585206934,0.782608695652174,0.005645083263516426,2.7904813289642334
17,3,142,0.9987329954654575,0.9736909086351897,0.6388888888888888,0.007312491070479155,5.50638484954834
17,3,143,0.9997669721920149,0.9970804564697964,0.8554216867469879,0.005071364808827639,3.6893506050109863
17,3,144,0.9998354338375458,0.9980575168898939,0.935064935064935,0.006874128710478544,3.51613712310791
17,3,145,0.9988589211618257,0.9825212088224883,0.8333333333333334,0.010322600603103638,4.609473705291748
17,3,146,0.9988934104376384,0.9826315668372341,0.8055555555555556,0.006601554341614246,4.791500091552734
17,3,147,0.9993432779810488,0.988155889373421,0.7638888888888888,0.007569392677396536,4.376846790313721
17,3,148,0.9986901235314269,0.9757555566939954,0.7083333333333334,0.005858099553734064,5.137542724609375
17,3,149,0.9994976452119309,0.989975576654812,0.6805555555555556,0.006349759642034769,5.4785075187683105
17,3,150,0.9980646601989926,0.9544253614078649,0.5694444444444444,0.01865849271416664,6.197721004486084
17,3,151,0.9987522281639929,0.9667438941880697,0.4722222222222222,0.011201683431863785,8.211320877075195
17,3,152,0.9988499137435307,0.9699555224032193,0.5138888888888888,0.014009132981300354,6.676210403442383
17,3,153,0.9984218013692541,0.9669621591107516,0.6388888888888888,0.009551816619932652,5.339115619659424
17,3,154,0.99976808660911,0.9980627819220051,0.6990291262135923,0.009549752809107304,2.9341535568237305
17,3,155,0.9996807683766378,0.9958222602579336,0.922077922077922,0.007368007209151983,4.121937274932861
17,3,156,0.9993019197207679,0.9907025388104339,0.9054054054054054,0.0055196997709572315,4.620494365692139
17,3,157,0.9986223571749887,0.9645459500189534,0.5,0.01043734885752201,6.77836799621582
17,3,158,0.9995392204694531,0.9944811679187034,0.8987341772151899,0.0050297146663069725,3.7911341190338135
17,3,159,0.9993777980119888,0.9919589670372453,0.8552631578947368,0.01045961119234562,4.1652679443359375
17,3,160,0.9998413687609767,0.9984632065894405,0.7578947368421053,0.011053713969886303,2.723963737487793
17,3,161,0.999134987480082,0.9881489507945791,0.88,0.01130563486367464,4.093924522399902
17,3,162,0.9998471198471199,0.9985795230115388,0.7272727272727273,0.001201678067445755,2.8091440200805664
17,3,163,0.9999110310390462,0.9991793406144738,0.7422680412371134,0.0069907065480947495,2.948444128036499
17,3,164,0.9998298050613357,0.9981648817492191,0.8888888888888888,0.0031559898052364588,3.6686384677886963
17,3,165,0.9988487702773416,0.9764835334483766,0.6805555555555556,0.00322920479811728,5.098204612731934
17,3,166,0.9998765265804598,0.9987936606650476,0.75,0.006474022753536701,2.607412815093994
17,3,167,0.9992357959419205,0.9898310106098751,0.8783783783783784,0.004019591957330704,3.9842305183410645
17,3,168,0.999840859359459,0.9986506387913909,0.6545454545454545,0.006431667134165764,3.115427017211914
17,3,169,0.9991888255777144,0.9851955287846863,0.7222222222222222,0.007620302028954029,4.804573059082031
17,3,170,0.9996245663093574,0.9959163522096163,0.8780487804878049,0.007027176674455404,3.380725145339966
17,3,171,0.9999066990110095,0.9990491121129488,0.782608695652174,0.005852540489286184,2.5510308742523193
17,3,172,0.9997501665556295,0.9970283523623942,0.922077922077922,0.010740754194557667,3.4304442405700684
17,3,173,0.9997169658741711,0.9977866526477637,0.6666666666666666,0.011489378288388252,3.1332969665527344
17,3,174,0.9986487447549961,0.9693741252366068,0.5972222222222222,0.0045454734936356544,6.166672706604004
17,3,175,0.999822695035461,0.9980185912104585,0.8571428571428571,0.003670923877507448,3.0156524181365967
17,3,176,1.0,1.0,0.6728971962616822,0.004211449529975653,3.2579033374786377
17,3,177,0.999787333588533,0.9980769918496581,0.7058823529411765,0.006863932125270367,3.042882204055786
17,3,178,0.9988499137435308,0.9720248233608332,0.5138888888888888,0.0023061102256178856,7.264697551727295
17,3,179,0.9986788617886179,0.9685525446738426,0.5555555555555556,0.012708107009530067,5.904706001281738
17,3,180,0.999003605997343,0.9855619546157454,0.8904109589041096,0.007348980754613876,4.2965898513793945
17,3,181,0.9998069146026195,0.9982040935698303,0.7128712871287128,0.011297577992081642,2.7954726219177246
17,3,182,0.9983328887703388,0.9647938091159668,0.6388888888888888,0.010760385543107986,5.3059563636779785
17,3,183,0.9986765710382514,0.9735430843494328,0.6666666666666666,0.0038769207894802094,5.304468154907227
17,3,184,0.9995163584637269,0.9938865827952396,0.8961038961038961,0.00907421950250864,3.7619340419769287
17,3,185,0.9997995364279897,0.9977754048146456,0.8470588235294118,0.009129214100539684,3.111255645751953
17,3,186,0.9992616293379277,0.9900880308670058,0.8918918918918919,0.007165102753788233,4.436009407043457
17,3,187,0.9996608706375633,0.997186693816074,0.6792452830188679,0.006199648138135672,2.965264320373535
17,3,188,0.9995122888432378,0.9935223335355721,0.9066666666666666,0.010568136349320412,4.149013996124268
17,3,189,0.9999141304481164,0.9990937596587504,0.8275862068965517,0.00906741339713335,2.787881851196289
17,3,190,0.9987844481939077,0.9806761541807816,0.7671232876712328,0.012492994777858257,4.635579586029053
17,3,191,0.999367755532139,0.9923111533156473,0.9090909090909091,0.009835759177803993,3.944038152694702
17,4,0,0.9987931307375753,0.9796385622575198,0.7222222222222222,0.008654668927192688,2.7686209678649902
17,4,1,0.9998527950539138,0.9984047995619025,0.8275862068965517,0.015751289203763008,2.937373161315918
17,4,2,0.9985213176702539,0.9657092510621286,0.5138888888888888,0.007689164951443672,3.3516600131988525
17,4,3,0.9998483858928905,0.9984630061559355,0.782608695652174,0.010989479720592499,3.3538663387298584
17,4,4,0.9986280189028507,0.9721272157433218,0.6527777777777778,0.007265913300216198,3.3632285594940186
17,4,5,0.9995043868461589,0.9939454304108106,0.8641975308641975,0.0030544130131602287,2.2647080421447754
17,4,6,0.9989680082559339,0.981971287136719,0.7638888888888888,0.010327530093491077,2.8755648136138916
17,4,7,0.9990443296894911,0.9849780464206471,0.8611111111111112,0.006308442912995815,1.9784053564071655
17,4,8,0.9995021337126601,0.993651016760174,0.9210526315789473,0.0075927372090518475,1.8598318099975586
17,4,9,0.9996066034422199,0.9951732729945534,0.9090909090909091,0.009225904941558838,1.904268503189087
17,4,10,0.9998252969951082,0.9984729575255427,0.6792452830188679,0.004835689440369606,3.957425832748413
17,4,11,0.999742505556459,0.9969553577101979,0.9230769230769231,0.007567923050373793,2.135446548461914
17,4,12,0.9986961572197331,0.9713837908905103,0.5972222222222222,0.006800723262131214,3.486009120941162
17,4,13,0.9998496014438261,0.9987635116190485,0.6605504587155964,0.009141581133008003,3.925734519958496
17,4,14,0.9992046049188906,0.9849814804832785,0.6805555555555556,0.011128135956823826,3.245203733444214
17,4,15,0.9990164222358829,0.9847085746336474,0.7945205479452054,0.013980893418192863,2.0045173168182373
17,4,16,0.9998970487302677,0.9990025874210642,0.7659574468085106,0.009120339527726173,3.600475549697876
17,4,17,0.998876953125,0.9839172840537909,0.863013698630137,0.0006461445009335876,1.8481167554855347
17,4,18,0.9996193195336665,0.9962254508223759,0.8,0.010015301406383514,3.0142993927001953
17,4,19,0.9997219719970195,0.9973671342990804,0.7422680412371134,0.004058478400111198,4.30595588684082
17,4,20,0.9999359819725234,0.9992756818614538,0.8674698795180723,0.006113523617386818,2.455171585083008
17,4,21,0.9998077269723007,0.9979788411820206,0.8089887640449438,0.005337151233106852,2.7393088340759277
17,4,22,0.9980284235603384,0.9574066300283235,0.5138888888888888,0.0072267488576471806,3.2622926235198975
17,4,23,0.9989591117753817,0.975112363607439,0.5277777777777778,0.010663959197700024,3.129530906677246
17,4,24,0.9995673856876766,0.995434513112361,0.8089887640449438,0.006192995700985193,2.8846497535705566
17,4,25,0.999025486018202,0.9852252873010403,0.8493150684931506,0.007753853686153889,1.8582415580749512
17,4,26,0.9998014214046823,0.998256861181497,0.6923076923076923,0.0020960818510502577,4.140195369720459
17,4,27,0.9991835846078485,0.9861421627917163,0.7916666666666666,0.014562423340976238,2.6955325603485107
17,4,28,0.9997272772350869,0.9969797465537075,0.8372093023255814,0.015266048721969128,2.7082462310791016
17,4,29,0.9985587701505284,0.9643122177852492,0.5277777777777778,0.014995770528912544,3.4459869861602783
17,4,30,0.9995223041798385,0.9943751988619407,0.9090909090909091,0.009144238196313381,1.9258443117141724
17,4,31,0.9987996799146439,0.9765346918141059,0.6388888888888888,0.002551253419369459,3.289600133895874
17,4,32,0.9994357455212302,0.9894625765934105,0.7083333333333334,0.002412045607343316,2.7535245418548584
17,4,33,0.99984464812801,0.9982296541945745,0.8780487804878049,0.006980061996728182,2.263338565826416
17,4,34,0.9989075203252032,0.9745073594988676,0.5555555555555556,0.005356581881642342,3.644735336303711
17,4,35,0.9986388384754991,0.970191992059704,0.5277777777777778,0.022049885243177414,3.48313045501709
17,4,36,0.998872269705603,0.9789247735450042,0.7222222222222222,0.015621580183506012,2.8340988159179688
17,4,37,0.9997693278943279,0.9975538937018815,0.8181818181818182,0.005838216282427311,3.2833197116851807
17,4,38,0.9986250385226276,0.9720558618112848,0.5972222222222222,0.01049074251204729,3.506140947341919
17,4,39,0.999688296199924,0.9962877967853943,0.9230769230769231,0.003849678672850132,2.176255464553833
17,4,40,0.9998238250686564,0.9985535647579068,0.6857142857142857,0.013163718394935131,4.151153564453125
17,4,41,0.9996476501373128,0.9970512403742977,0.6857142857142857,0.009675819426774979,4.189042091369629
17,4,42,0.9996110799014736,0.9948438315103567,0.9078947368421053,0.012994969263672829,1.9584954977035522
17,4,43,0.9991818400577525,0.9885211367196449,0.8767123287671232,0.0070790559984743595,1.780968189239502
17,4,44,0.9995732878173672,0.9910955601108992,0.5972222222222222,0.012284616008400917,3.2874903678894043
17,4,45,0.9988404452690167,0.9762567063533886,0.6111111111111112,0.013015877455472946,3.233304023742676
17,4,46,0.9979435116490953,0.9513460250504445,0.5416666666666666,0.02581334114074707,3.6338415145874023
17,4,47,0.9997024842564586,0.9968933814683366,0.8372093023255814,0.007897417061030865,3.155547857284546
17,4,48,0.999043062200957,0.9837299297438059,0.7638888888888888,0.0038895991165190935,2.38338303565979
17,4,49,0.9993605639514028,0.9903367032677226,0.9041095890410958,0.006967648863792419,1.7839441299438477
17,4,50,0.99994821604267,0.9994208629317284,0.8780487804878049,0.014828884042799473,2.486800193786621
17,4,51,0.9998471198471198,0.9986513724637047,0.7272727272727273,0.01119227334856987,3.9359347820281982
17,4,52,0.9990345528455284,0.9776613072253002,0.5555555555555556,0.011340676806867123,3.3180625438690186
17,4,53,0.9991812023918815,0.9820381362323891,0.5694444444444444,0.04614816978573799,2.8669378757476807
17,4,54,0.9999490414700517,0.9995672793959264,0.6728971962616822,0.0068246228620409966,4.166432857513428
17,4,55,0.9996723996723996,0.9970660082214704,0.7272727272727273,0.013552670367062092,4.089620590209961
17,4,56,0.9995474430532508,0.9943783321511037,0.8860759493670886,0.0040985350497066975,2.0650815963745117
17,4,57,0.9998675847457628,0.9985067650014356,0.9,0.00884364452213049,2.3110580444335938
17,4,58,0.9991601407331745,0.9821102059710985,0.625,0.0065386975184082985,3.5003268718719482
17,4,59,0.9983288964887395,0.9766114229826959,0.7123287671232876,0.009880290366709232,3.214256525039673
17,4,60,0.9999866050498961,0.9998417721518987,0.9113924050632911,0.003936481662094593,2.118192434310913
17,4,61,0.9997796094679772,0.9980108240927803,0.7346938775510204,0.005543225910514593,3.823681354522705
17,4,62,0.9995925535651563,0.994728144377728,0.8846153846153846,0.001182248117402196,1.8210546970367432
17,4,63,0.9990242987147012,0.9821464255188224,0.7638888888888888,0.00280252518132329,2.636685848236084
17,4,64,0.9998458502898014,0.99871347971573,0.6792452830188679,0.005661181639879942,4.34894323348999
17,4,65,0.9991170431211499,0.9838441142544675,0.6944444444444444,0.016593707725405693,3.102715492248535
17,4,66,0.9966905092345467,0.9559927428896098,0.5068493150684932,0.014179468154907227,3.2552709579467773
17,4,67,0.9989105084861175,0.9833549644458583,0.821917808219178,0.01021101139485836,1.9895457029342651
17,4,68,0.9990407319952774,0.983630362976008,0.7777777777777778,0.008295572362840176,2.550848960876465
17,4,69,0.999622040978715,0.9968661547995397,0.6545454545454545,0.015080545097589493,4.314006328582764
17,4,70,0.9998872392407442,0.9988263950081311,0.8470588235294118,0.009596498683094978,2.5136775970458984
17,4,71,0.9990305476416588,0.9827016219300092,0.7222222222222222,0.005569655913859606,2.8268086910247803
17,4,72,0.999811549650778,0.9980531962636416,0.7912087912087912,0.007794177625328302,3.0037131309509277
17,4,73,0.9992283950617284,0.9860632968008328,0.7222222222222222,0.006546844728291035,2.935368776321411
17,4,74,0.9998110204893574,0.9984787808290527,0.6545454545454545,0.013295254670083523,4.257327079772949
17,4,75,0.9990565866579583,0.9842761995794024,0.7916666666666666,0.013193278573453426,2.3127591609954834
17,4,76,0.9998923088972431,0.9991309639519629,0.6428571428571429,0.005865135230123997,4.374880313873291
17,4,77,0.9990275635436926,0.9855667080134924,0.8356164383561644,0.011247893795371056,1.878505825996399
17,4,78,0.9988119484046165,0.9751699646536255,0.5833333333333334,0.013041548430919647,3.0509793758392334
17,4,79,0.9990107628996518,0.9816245889477695,0.7222222222222222,0.00643558194860816,2.953381299972534
17,4,80,0.99986895986896,0.9987922750314411,0.7272727272727273,0.012525228783488274,3.877692461013794
17,4,81,0.9993453593249928,0.9853094445287136,0.5833333333333334,0.010919226333498955,3.3972525596618652
17,4,82,0.998750579368438,0.9779207974538741,0.7083333333333334,0.0020349854603409767,3.0145950317382812
17,4,83,0.9989940312520957,0.9859707869450054,0.8356164383561644,0.011638585478067398,2.0222015380859375
17,4,84,0.9997826584305651,0.9981094138647201,0.7659574468085106,0.00236412207596004,3.4837920665740967
17,4,85,0.9991291569150383,0.9856411137145391,0.7916666666666666,0.003020417643710971,2.343719482421875
17,4,86,0.9988046448087432,0.9763642023150738,0.6666666666666666,0.00478196470066905,3.013532876968384
17,4,87,0.9995807127882599,0.9941167443331129,0.9452054794520548,0.007607287261635065,1.7528356313705444
17,4,88,0.999799819837854,0.9980262388408638,0.7422680412371134,0.004799591843038797,3.952192544937134
17,4,89,0.9989089322083212,0.973904852425765,0.5833333333333334,0.007688048295676708,3.289029359817505
17,4,90,0.9998703599671579,0.998325093248774,0.9333333333333333,0.004235108848661184,1.872113585472107
17,4,91,0.9993815104166667,0.9910631424715401,0.8888888888888888,0.0034003190230578184,1.8731409311294556
17,4,92,0.9987765195887023,0.96929886282336,0.5416666666666666,0.016583334654569626,3.41646146774292
17,4,93,0.9988636363636364,0.9757195932837598,0.6111111111111112,0.020673764869570732,2.920618772506714
17,4,94,0.9996790382819795,0.9957467736053036,0.92,0.009346523322165012,1.8298267126083374
17,4,95,0.9999141842678309,0.9992506672327486,0.7128712871287128,0.002414810238406062,4.307036399841309
17,4,96,0.9992559523809523,0.9909786913007316,0.8701298701298701,0.005218714475631714,1.9013683795928955
17,4,97,0.999288289998102,0.9898031402120779,0.8904109589041096,0.0022584113758057356,1.870679259300232
17,4,98,0.999685793959389,0.9960052888270514,0.8658536585365854,0.004505643621087074,2.3738083839416504
17,4,99,0.9993229909396022,0.9914543660835642,0.8831168831168831,0.013350420631468296,1.8870885372161865
17,4,100,0.9995518738076642,0.9948744845548864,0.8674698795180723,0.010390488430857658,2.2480499744415283
17,4,101,0.9999028749028749,0.9989838349301059,0.8181818181818182,0.0063483826816082,2.9826552867889404
17,4,102,0.9998765265804598,0.9988538409762029,0.75,0.011834738776087761,3.6412010192871094
17,4,103,0.9988046448087432,0.9755185544777947,0.6666666666666666,0.005131863988935947,2.753190517425537
17,4,104,0.9997775775976157,0.9978283735625116,0.7422680412371134,0.00018474645912647247,3.4950969219207764
17,4,105,0.9987467447916666,0.9825650466356368,0.8133333333333334,0.010068182833492756,1.98256254196167
17,4,106,0.999787333588533,0.9980675214507706,0.7058823529411765,0.009440656751394272,3.9746692180633545
17,4,107,0.9993508972890417,0.9886753299713169,0.75,0.008555564098060131,2.6747026443481445
17,4,108,0.9987552236151862,0.9730539030120526,0.6388888888888888,0.0049915313720703125,3.151984930038452
17,4,109,0.998747433264887,0.9761576180211251,0.6944444444444444,0.0023237797431647778,3.050078868865967
17,4,110,0.9994526309724443,0.9931648501953283,0.8831168831168831,0.006553780287504196,1.8484052419662476
17,4,111,0.9998398535804164,0.9984411184074753,0.7659574468085106,0.010017650201916695,3.19450306892395
17,4,112,0.999845348560552,0.9984040598726661,0.8,0.013534476049244404,3.4479925632476807
17,4,113,0.999351553109382,0.9905206495383121,0.9166666666666666,0.0018943384056910872,1.8454504013061523
17,4,114,0.9988259904371585,0.9754943987648947,0.6666666666666666,0.0027994513511657715,3.2552103996276855
17,4,115,0.9987022501308216,0.9740700220558387,0.6805555555555556,0.008596809580922127,3.138800621032715
17,4,116,0.9987348178137652,0.9683259539879903,0.5,0.03248043730854988,3.1072096824645996
17,4,117,0.9998860182370821,0.9987455818415278,0.8571428571428571,0.00854586809873581,2.4856531620025635
17,4,118,0.9998152062183108,0.9982146645938099,0.7741935483870968,0.008176636882126331,3.424537181854248
17,4,119,0.9998917748917748,0.9990296918767507,0.72,0.00023643196618650109,4.021327972412109
17,4,120,0.999697506590035,0.9959893087204699,0.9333333333333333,0.007960964925587177,1.7984386682510376
17,4,121,0.9997791925808708,0.9976180306612,0.8275862068965517,0.012559083290398121,2.869666576385498
17,4,122,0.9997826584305651,0.9979579523314916,0.7659574468085106,0.008464341051876545,3.9164342880249023
17,4,123,0.9995759867142504,0.9954795690474948,0.7912087912087912,0.009221835993230343,3.1369235515594482
17,4,124,0.9992724742202821,0.9894387358267729,0.8904109589041096,0.008933714590966702,1.9420967102050781
17,4,125,0.9998124706985466,0.9976790459038137,0.8875,0.012017718516290188,2.099989175796509
17,4,126,0.9986013322902592,0.9681715335867642,0.5972222222222222,0.009431492537260056,3.134307861328125
17,4,127,0.999854343220339,0.9983465085911791,0.9,0.006944512482732534,2.2982773780822754
17,4,128,0.9989982360243036,0.9799540089606265,0.6527777777777778,0.005623525939881802,3.291062116622925
17,4,129,0.9998215560314061,0.9981553168697544,0.8,0.007506050635129213,3.30598783493042
17,4,130,0.9997476416511446,0.997376682260663,0.8089887640449438,0.0015473036328330636,2.886979341506958
17,4,131,0.9993101788722227,0.9899357442179209,0.9027777777777778,0.004257096443325281,1.804976224899292
17,4,132,0.999124589134995,0.9876947102545581,0.8493150684931506,0.007416521664708853,1.9972478151321411
17,4,133,0.9990275635436926,0.986042450587317,0.8356164383561644,0.011931395158171654,1.7362040281295776
17,4,134,0.9998677656807864,0.998756180572192,0.7346938775510204,0.008542665280401707,4.039358615875244
17,4,135,0.997638326585695,0.9403191603242268,0.5,0.017039112746715546,3.583441734313965
17,4,136,0.9993357373315619,0.9908289010046731,0.8648648648648649,0.008694441057741642,1.843052625656128
17,4,137,0.9997024727817693,0.9971421103612145,0.7346938775510204,0.006726518739014864,4.070520877838135
17,4,138,0.99874356968447,0.9739561828720646,0.5972222222222222,0.02274450846016407,3.393026351928711
17,4,139,0.9989816700610997,0.976957352617811,0.5833333333333334,0.011029517278075218,3.519984483718872
17,4,140,0.9998086002296798,0.9983074249215995,0.7058823529411765,0.008358187042176723,4.123343467712402
17,4,141,0.999941686881881,0.9994155327926332,0.782608695652174,0.005392057355493307,3.125412940979004
17,4,142,0.9987107673157287,0.9733949694790707,0.6388888888888888,0.004346052184700966,3.3185925483703613
17,4,143,0.9997151882346849,0.9964312097059722,0.8554216867469879,0.007254508323967457,2.3932912349700928
17,4,144,0.9997805784500611,0.9973870138817287,0.935064935064935,0.006874128710478544,1.9283576011657715
17,4,145,0.9988934993084371,0.9830924051640698,0.8333333333333334,0.012782402336597443,2.2189810276031494
17,4,146,0.9989291068751339,0.9832979493648762,0.8055555555555556,0.006601554341614246,2.193922758102417
17,4,147,0.9994370954123276,0.9898672640774018,0.7638888888888888,0.008666804991662502,2.6381776332855225
17,4,148,0.9988714910424602,0.9789304383613834,0.7083333333333334,0.005311466287821531,2.683213949203491
17,4,149,0.9995813710099425,0.9916896196734256,0.6805555555555556,0.0035440141800791025,3.4136812686920166
17,4,150,0.9982631565888396,0.9596327439241039,0.5694444444444444,0.005400166846811771,3.225532054901123
17,4,151,0.998871063576946,0.969854948541722,0.4722222222222222,0.0476309098303318,3.267421007156372
17,4,152,0.99893206276185,0.9724707757298316,0.5138888888888888,0.01865829899907112,3.325050115585327
17,4,153,0.9984884858184405,0.9684331948831738,0.6388888888888888,0.015702955424785614,3.51861572265625
17,4,154,0.9997048375025036,0.9975550234076914,0.6990291262135923,0.007277495227754116,4.400238990783691
17,4,155,0.9996807683766378,0.9959221848547194,0.8974358974358975,0.011927573010325432,2.03029727935791
17,4,156,0.9993474466955005,0.9912561115901495,0.9054054054054054,0.0055196997709572315,1.7974785566329956
17,4,157,0.9985098965362124,0.9645528112218567,0.5,0.018925201147794724,3.4149248600006104
17,4,158,0.9995256681303193,0.9943058951848844,0.8987341772151899,0.0050297146663069725,1.981692910194397
17,4,159,0.9993777980119887,0.991910746000917,0.8552631578947368,0.01045961119234562,1.763578176498413
17,4,160,0.9997847147470398,0.9979429799713817,0.7578947368421053,0.012360598891973495,3.580395460128784
17,4,161,0.9990742848471053,0.987334523004428,0.88,0.01130563486367464,1.7469418048858643
17,4,162,0.9998143598143598,0.9982464958669175,0.7272727272727273,0.001201678067445755,4.021284580230713
17,4,163,0.9998999099189271,0.9990719522983227,0.7422680412371134,0.010637233033776283,3.963563919067383
17,4,164,0.9997643454695416,0.9974253511228572,0.8888888888888888,0.0031559898052364588,2.390531063079834
17,4,165,0.9988697017268446,0.9771480836011264,0.6805555555555556,0.0068177697248756886,2.849294900894165
17,4,166,0.9998428520114943,0.9984737123374705,0.75,0.006474022753536701,3.969883680343628
17,4,167,0.9992357959419205,0.9898350134497782,0.8783783783783784,0.004019591957330704,1.709965705871582
17,4,168,0.9998209667793914,0.9984800233707756,0.6545454545454545,0.006431667134165764,4.252059459686279
17,4,169,0.9992679645457423,0.9864682237229679,0.7222222222222222,0.01566128619015217,3.1046276092529297
17,4,170,0.9995727823520273,0.9953389644389964,0.8780487804878049,0.006100114434957504,2.304947853088379
17,4,171,0.9998367232692666,0.9983877234934146,0.782608695652174,0.005852540489286184,3.6698861122131348
17,4,172,0.9997501665556295,0.9970082587409759,0.922077922077922,0.010740754194557667,1.8951971530914307
17,4,173,0.9997068575125343,0.9977148910411622,0.6666666666666666,0.007376476656645536,4.100059509277344
17,4,174,0.9988621008463126,0.974504229872881,0.5972222222222222,0.007412629202008247,2.9735918045043945
17,4,175,0.999822695035461,0.9980241491845467,0.8571428571428571,0.004023921675980091,2.794800281524658
17,4,176,0.9999592331760414,0.999655447267554,0.6728971962616822,0.004211449529975653,4.008142471313477
17,4,177,0.9997235336650929,0.9975049133815375,0.7058823529411765,0.006863932125270367,4.19481086730957
17,4,178,0.9988772967496371,0.9723043554502983,0.5138888888888888,0.014322435483336449,3.0046045780181885
17,4,179,0.998780487804878,0.9705469755106932,0.5555555555555556,0.010180125944316387,3.534376621246338
17,4,180,0.9990668691086227,0.9864629427722063,0.8904109589041096,0.006738846655935049,1.7457232475280762
17,4,181,0.9997854606695772,0.9980174233190948,0.7128712871287128,0.011297577992081642,3.8928234577178955
17,4,182,0.9983995732195252,0.966446868480265,0.6388888888888888,0.010797814466059208,3.31089186668396
17,4,183,0.998719262295082,0.97438256648375,0.6666666666666666,0.00532838748767972,3.073652744293213
17,4,184,0.99950213371266,0.9937949388138598,0.8961038961038961,0.00907421950250864,1.903639793395996
17,4,185,0.9997995364279897,0.9977971984031354,0.8470588235294118,0.009129214100539684,2.5906026363372803
17,4,186,0.9992923947821808,0.9904311004259717,0.8918918918918919,0.007165102753788233,1.8544294834136963
17,4,187,0.9996505939902167,0.9970994383042902,0.6792452830188679,0.006199648138135672,4.345168113708496
17,4,188,0.9995714053470878,0.9943171427162503,0.9066666666666666,0.010338259860873222,1.7821128368377686
17,4,189,0.9998895962904354,0.9988340628929563,0.8275862068965517,0.014497285708785057,2.877838611602783
17,4,190,0.9989114461437979,0.9825708627907883,0.7916666666666666,0.002986531239002943,2.570574998855591
17,4,191,0.9993818054092027,0.992465394944429,0.9090909090909091,0.005507238209247589,1.949315071105957
17,6,0,0.998872269705603,0.9809649322521763,0.7222222222222222,0.0049621970392763615,1.1795833110809326
17,6,1,0.9998405279750734,0.9982930432078193,0.8275862068965517,0.015751289203763008,2.0270907878875732
17,6,2,0.9976998274870615,0.961344604157159,0.4931506849315068,0.06290056556463242,1.3801392316818237
17,6,3,0.999813398022019,0.9981108914775221,0.782608695652174,0.010989479720592499,1.6752326488494873
17,6,4,0.9964284936518653,0.9603830804652914,0.6301369863013698,0.033889707177877426,1.1383475065231323
17,6,5,0.9995043868461589,0.9939138440768627,0.8414634146341463,0.003772796131670475,2.867161512374878
17,6,6,0.9989867717421896,0.9824549464658853,0.7638888888888888,0.02629951946437359,1.3462437391281128
17,6,7,0.9990610958352893,0.9853172094908756,0.8611111111111112,0.006308442912995815,1.6144858598709106
17,6,8,0.999402560455192,0.9923780858509434,0.8717948717948718,0.012354993261396885,3.0396528244018555
17,6,9,0.9996066034422199,0.9950966644301785,0.9090909090909091,0.013401750475168228,2.7817790508270264
17,6,10,0.9998150203477617,0.9983864531986629,0.6792452830188679,0.004835689440369606,1.2023875713348389
17,6,11,0.999742505556459,0.9969498138288008,0.9230769230769231,0.007567923050373793,2.8749165534973145
17,6,12,0.9984116824313113,0.9682423586793107,0.5972222222222222,0.014309434220194817,1.244392991065979
17,6,13,0.999829548303003,0.9985911436489441,0.6605504587155964,0.009141581133008003,1.2643818855285645
17,6,14,0.9990790162218735,0.9839668320362984,0.6805555555555556,0.014085727743804455,1.2399632930755615
17,6,15,0.9990691139018179,0.9853727961466842,0.7945205479452054,0.013980893418192863,1.8478647470474243
17,6,16,0.9998856097002975,0.9988869537485388,0.7659574468085106,0.009120339527726173,1.6303764581680298
17,6,17,0.998828125,0.9830899771148551,0.863013698630137,0.0006461445009335876,2.0358684062957764
17,6,18,0.9995955270045206,0.9960075264310193,0.8,0.015270616859197617,1.9887593984603882
17,6,19,0.9997219719970195,0.9973466981271726,0.7422680412371134,0.004058478400111198,1.2776122093200684
17,6,20,0.9998847675505422,0.9987031890446474,0.8674698795180723,0.006113523617386818,2.6825156211853027
17,6,21,0.999771675779607,0.997582089722669,0.8089887640449438,0.005337151233106852,2.358872413635254
17,6,22,0.9947150798214628,0.9423116672068949,0.47297297297297297,0.06464718282222748,1.3610512018203735
17,6,23,0.9986655279171559,0.9739528778465321,0.5277777777777778,0.03276918828487396,1.302179217338562
17,6,24,0.9995553686234453,0.9952160347786874,0.7888888888888889,0.001996892038732767,2.1679110527038574
17,6,25,0.9989759344598055,0.9845600492863267,0.8493150684931506,0.009319007396697998,2.01240873336792
17,6,26,0.9997700668896321,0.9979873697277228,0.6923076923076923,0.0066064391285181046,1.2201900482177734
17,6,27,0.9992198697363885,0.9868902501994375,0.7916666666666666,0.0542636439204216,1.3644541501998901
17,6,28,0.99967769127783,0.9964523434100252,0.8372093023255814,0.015266048721969128,2.2298460006713867
17,6,29,0.9905252482118074,0.9439525143229027,0.5068493150684932,0.1018693670630455,1.3943709135055542
17,6,30,0.9994661046715841,0.9935330103544063,0.8846153846153846,0.009094661101698875,2.8867485523223877
17,6,31,0.9970436560860674,0.9668224509228839,0.6164383561643836,0.005719873122870922,1.165291666984558
17,6,32,0.9994760494125708,0.9902555121251111,0.7083333333333334,0.011590717360377312,1.2519129514694214
17,6,33,0.9997799181813474,0.9974662331833115,0.8780487804878049,0.006980061996728182,2.7787814140319824
17,6,34,0.9756859756097561,0.9389482524279175,0.5135135135135135,0.09779796004295349,1.4370478391647339
17,6,35,0.9844133660723817,0.9428142808215216,0.4864864864864865,0.07654120028018951,1.5024887323379517
17,6,36,0.9989316239316239,0.9803868737205154,0.7222222222222222,0.01993093453347683,1.3872976303100586
17,6,37,0.9997207653457654,0.9969960702441731,0.8181818181818182,0.008576670661568642,1.846670389175415
17,6,38,0.9870563971268047,0.9420503746697765,0.5540540540540541,0.00869702734053135,1.2459757328033447
17,6,39,0.9996476391825229,0.9957813686473873,0.8987341772151899,0.0023768660612404346,2.8278868198394775
17,6,40,0.9998134618374009,0.9984611005877727,0.6857142857142857,0.013163718394935131,1.2826359272003174
17,6,41,0.9996787398310794,0.9973101488340446,0.6857142857142857,0.013914715498685837,1.211145281791687
17,6,42,0.9995822710052865,0.9944019515840408,0.9078947368421053,0.012705767527222633,2.7990264892578125
17,6,43,0.9991978824095613,0.988834637988139,0.8513513513513513,0.013768412172794342,2.2055180072784424
17,6,44,0.996515183841832,0.975337679116749,0.5753424657534246,0.01613362692296505,1.2740986347198486
17,6,45,0.9962198515769944,0.9654841869770171,0.589041095890411,0.03373788297176361,1.166892647743225
17,6,46,0.9802941559286736,0.927071462106128,0.5,0.10858045518398285,1.3901488780975342
17,6,47,0.9996157088312589,0.9959941045519776,0.8372093023255814,0.007897417061030865,1.873532772064209
17,6,48,0.9991368796322356,0.9852806282646449,0.7638888888888888,0.0038895991165190935,1.413989543914795
17,6,49,0.9993605639514028,0.9903525488904397,0.9041095890410958,0.006967648863792419,2.162816286087036
17,6,50,0.9998575941173424,0.9983860019118977,0.8780487804878049,0.01760285533964634,2.3789725303649902
17,6,51,0.9998580398580398,0.9987184864447485,0.7272727272727273,0.007065142039209604,1.3824421167373657
17,6,52,0.995655487804878,0.9620045654828263,0.5342465753424658,0.035273477435112,1.3381168842315674
17,6,53,0.9984120288812248,0.9750749736088491,0.547945205479452,0.0529298298060894,1.311333179473877
17,6,54,0.9999286580580724,0.9993917519562562,0.6728971962616822,0.009290691465139389,1.1732717752456665
17,6,55,0.9996833196833197,0.9971416110444394,0.7272727272727273,0.013552670367062092,1.2314764261245728
17,6,56,0.9994925876657661,0.9937335857251106,0.8860759493670886,0.0040985350497066975,2.9281766414642334
17,6,57,0.9998146186440678,0.9978697964847203,0.9,0.006853289902210236,2.8938488960266113
17,6,58,0.9992055385313813,0.9829155725621794,0.625,0.03416432812809944,1.2203487157821655
17,6,59,0.9952392981365252,0.9705629339812705,0.7123287671232876,0.021939978003501892,1.1671783924102783
17,6,60,0.9999464201995848,0.9993649354595784,0.9113924050632911,0.009908421896398067,2.9740664958953857
17,6,61,0.9997906289945784,0.9981006713524387,0.7346938775510204,0.005543225910514593,1.4082107543945312
17,6,62,0.9995785036880928,0.9945576927944977,0.8846153846153846,0.006652391981333494,2.6863107681274414
17,6,63,0.9990242987147012,0.9823475446494688,0.7638888888888888,0.004995204973965883,1.2789618968963623
17,6,64,0.9998252969951082,0.9985337851964129,0.6792452830188679,0.003786134533584118,1.1771700382232666
17,6,65,0.9991170431211499,0.9837999996389244,0.6944444444444444,0.03282773867249489,1.2022953033447266
17,6,66,0.9856143909469414,0.9341895464895928,0.4864864864864865,0.023649049922823906,1.350183129310608
17,6,67,0.9988764618763086,0.983090860594299,0.821917808219178,0.01021101139485836,1.771421194076538
17,6,68,0.9989484946871311,0.9822791682086569,0.7777777777777778,0.008295572362840176,1.4033689498901367
17,6,69,0.9995822558185797,0.9965420260424821,0.6545454545454545,0.009622519835829735,1.1477081775665283
17,6,70,0.9998872392407442,0.9988263950081311,0.8470588235294118,0.009596498683094978,2.4612629413604736
17,6,71,0.9991294713516936,0.9844404814741502,0.7222222222222222,0.028816642239689827,1.273230791091919
17,6,72,0.9997762152102988,0.9976806547552393,0.7912087912087912,0.007578153163194656,2.01897931098938
17,6,73,0.9993273187717632,0.9877128506335906,0.7222222222222222,0.007116748485714197,1.166898488998413
17,6,74,0.9997612890391884,0.9980754108145365,0.6545454545454545,0.013295254670083523,1.2714097499847412
17,6,75,0.9990747292222283,0.9845826960792128,0.7916666666666666,0.013193278573453426,1.5230615139007568
17,6,76,0.9998041979949874,0.9984115182780345,0.6428571428571429,0.005865135230123997,1.1270211935043335
17,6,77,0.9991784588558782,0.9876301845904848,0.8356164383561644,0.011247893795371056,1.781357765197754
17,6,78,0.9989089322083212,0.9767702491486467,0.5833333333333334,0.054892346262931824,1.328366994857788
17,6,79,0.9990899018676797,0.9831664117263503,0.7222222222222222,0.02785765938460827,1.233376145362854
17,6,80,0.9998252798252799,0.998379818433808,0.7272727272727273,0.012525228783488274,1.2602977752685547
17,6,81,0.9957327126369897,0.9699517863139125,0.5616438356164384,0.06308254599571228,1.292077660560608
17,6,82,0.9986901235314269,0.9775896733057413,0.7083333333333334,0.03160727769136429,1.221435308456421
17,6,83,0.9990275635436926,0.9864503356488287,0.8356164383561644,0.011638585478067398,1.719812273979187
17,6,84,0.999736902310684,0.9976916196082887,0.7659574468085106,0.007163255009800196,1.613344669342041
17,6,85,0.9991291569150383,0.9857235182290766,0.7916666666666666,0.003020417643710971,1.6264004707336426
17,6,86,0.9988046448087432,0.9763642023150738,0.6666666666666666,0.04177744686603546,1.1999787092208862
17,6,87,0.9995357891584307,0.99345186472605,0.9452054794520548,0.007607287261635065,2.630814552307129
17,6,88,0.9997664564774964,0.9976858900001503,0.7422680412371134,0.004799591843038797,1.412708044052124
17,6,89,0.9984967510425758,0.9692607310956408,0.5833333333333334,0.031033411622047424,1.2174859046936035
17,6,90,0.9998271466228772,0.9977688054835311,0.9333333333333333,0.0033769174478948116,2.705036163330078
17,6,91,0.9993815104166667,0.9910481263789364,0.8888888888888888,0.0034003190230578184,2.000337839126587
17,6,92,0.998802551086815,0.9718572539127602,0.5416666666666666,0.049295950680971146,1.4525065422058105
17,6,93,0.9988868274582561,0.9763309973835358,0.6111111111111112,0.030008956789970398,1.1738678216934204
17,6,94,0.9996936274509804,0.9959150588011119,0.9459459459459459,0.0036552080418914557,2.677574396133423
17,6,95,0.9998927303347885,0.999057416040125,0.7128712871287128,0.002414810238406062,1.236820936203003
17,6,96,0.9992997198879552,0.9915776365914577,0.8701298701298701,0.005218714475631714,2.5848402976989746
17,6,97,0.9993515531093818,0.9906813507282453,0.8904109589041096,0.007915395312011242,2.1654083728790283
17,6,98,0.9996465182043125,0.9955778211522543,0.8658536585365854,0.0044289641082286835,2.609184980392456
17,6,99,0.9993229909396022,0.9914275706037238,0.9078947368421053,0.0107313496991992,2.8719868659973145
17,6,100,0.9995134629911783,0.9943625385149103,0.8452380952380952,0.009556492790579796,2.8536465167999268
17,6,101,0.9998907342657343,0.9988382889691272,0.8181818181818182,0.01151567604392767,1.9967700242996216
17,6,102,0.999854076867816,0.9986587938979656,0.75,0.011834738776087761,1.452762246131897
17,6,103,0.9988473360655737,0.9765347062200376,0.6666666666666666,0.011317197233438492,1.1912205219268799
17,6,104,0.999744214237258,0.9974907162813268,0.7422680412371134,0.00018474645912647247,1.6245900392532349
17,6,105,0.998779296875,0.983193632871819,0.8133333333333334,0.010068182833492756,1.8598843812942505
17,6,106,0.999755433626813,0.9977778097756117,0.7058823529411765,0.009440656751394272,1.3562519550323486
17,6,107,0.999389079801451,0.9894081971922795,0.75,0.006929472088813782,1.3326457738876343
17,6,108,0.9988441362141015,0.9753066762927265,0.6388888888888888,0.026090219616889954,1.1974371671676636
17,6,109,0.998829568788501,0.9777555461726808,0.6944444444444444,0.02515779435634613,1.2484275102615356
17,6,110,0.99939501318007,0.9924734813936003,0.8831168831168831,0.006068004295229912,2.6649210453033447
17,6,111,0.9998169755204759,0.9982117460161488,0.7659574468085106,0.010020379908382893,1.7629739046096802
17,6,112,0.9997977635022602,0.9979207989821384,0.8,0.016916291788220406,1.7387114763259888
17,6,113,0.9993990004428418,0.9910887659387031,0.9166666666666666,0.0018943384056910872,2.1755783557891846
17,6,114,0.9981215846994536,0.9697898298001543,0.6438356164383562,0.04144243150949478,1.1816436052322388
17,6,115,0.9973417059131344,0.9665215173177136,0.6575342465753424,0.023308999836444855,1.175997257232666
17,6,116,0.979757085020243,0.9479037792610049,0.4794520547945205,0.10858498513698578,1.3498694896697998
17,6,117,0.9998353596757852,0.9981942482700854,0.8571428571428571,0.00854586809873581,2.422105550765991
17,6,118,0.9998267558296664,0.9983187301641685,0.7741935483870968,0.008176636882126331,1.7485032081604004
17,6,119,0.9998268398268398,0.9984574000928907,0.72,0.0020713184494525194,1.1975353956222534
17,6,120,0.9996686976938479,0.9956235984401056,0.9078947368421053,0.002841847948729992,3.019662380218506
17,6,121,0.9997669255020303,0.9974946217040057,0.8275862068965517,0.018480665981769562,2.258065700531006
17,6,122,0.9997826584305651,0.9979060680994172,0.7659574468085106,0.008464341051876545,1.4151276350021362
17,6,123,0.9995288741269449,0.994920969594498,0.7912087912087912,0.009221835993230343,1.9588005542755127
17,6,124,0.9992250268868222,0.9888678142102305,0.8904109589041096,0.008933714590966702,1.850661277770996
17,6,125,0.9997990757484428,0.9975493336806869,0.8875,0.012909365817904472,2.8241195678710938
17,6,126,0.9987672759168386,0.972299379503822,0.5972222222222222,0.042102281004190445,1.1539310216903687
17,6,127,0.9998146186440678,0.9978634979586849,0.9,0.006944512482732534,2.673022747039795
17,6,128,0.9984537990809904,0.9755570936670634,0.6301369863013698,0.04046914353966713,1.1930595636367798
17,6,129,0.9997977635022602,0.9979039154352731,0.8,0.007506050635129213,1.6904504299163818
17,6,130,0.9996995733942198,0.9968531644726664,0.8089887640449438,0.0045500462874770164,2.171497106552124
17,6,131,0.9993743482794578,0.9908486345533332,0.9027777777777778,0.004257096443325281,2.1257925033569336
17,6,132,0.9991411063211272,0.9878077866239159,0.8493150684931506,0.007416521664708853,1.763959527015686
17,6,133,0.9990778619810878,0.9867334230975187,0.8356164383561644,0.011931395158171654,2.305626153945923
17,6,134,0.9998236875743819,0.9983131667712439,0.7346938775510204,0.008542665280401707,1.416223406791687
17,6,135,0.9957827260458839,0.9333126136327373,0.4794520547945205,0.07334286719560623,1.4771230220794678
17,6,136,0.9993990004428417,0.9916030618919958,0.8648648648648649,0.008694441057741642,2.2821974754333496
17,6,137,0.9996583946753648,0.996678695766774,0.7346938775510204,0.006726518739014864,1.2375119924545288
17,6,138,0.9984590948960482,0.9705109701415087,0.5972222222222222,0.026105761528015137,1.2687761783599854
17,6,139,0.9990301619629521,0.9781692194783763,0.5833333333333334,0.05704741179943085,1.2820045948028564
17,6,140,0.9998086002296798,0.9983074249215995,0.7058823529411765,0.01385562028735876,1.296160101890564
17,6,141,0.9999066990110095,0.9990606478166434,0.782608695652174,0.005392057355493307,1.9202773571014404
17,6,142,0.9985996265670846,0.9712058097668735,0.6388888888888888,0.0460275262594223,1.1730124950408936
17,6,143,0.9996634042773549,0.9957828169480714,0.8554216867469879,0.007254508323967457,2.6864848136901855
17,6,144,0.9997257230625762,0.9967285336539257,0.9102564102564102,0.004966903943568468,3.0189907550811768
17,6,145,0.9990318118948824,0.9855022807130848,0.8333333333333334,0.01407213881611824,1.6054643392562866
17,6,146,0.9990540444063682,0.9850737705687884,0.8055555555555556,0.006601554341614246,1.4055461883544922
17,6,147,0.9994746223848391,0.9904374688173724,0.7638888888888888,0.03584510460495949,1.3717420101165771
17,6,148,0.998972250770812,0.9809373919899093,0.7083333333333334,0.0036770845763385296,1.1671222448349
17,6,149,0.9993720565149137,0.9888258618818039,0.6805555555555556,0.0074204932898283005,1.2268840074539185
17,6,150,0.9975187951269137,0.9540020319418487,0.547945205479452,0.03579438477754593,1.221976637840271
17,6,151,0.9981283422459892,0.9654901909419566,0.4520547945205479,0.0956428125500679,1.4714401960372925
17,6,152,0.9990142117801692,0.9752107714064235,0.5138888888888888,0.04621925577521324,1.3663593530654907
17,6,153,0.998555170267627,0.970200351536587,0.6388888888888888,0.022570235654711723,1.2189158201217651
17,6,154,0.9996626714314327,0.9971969282454776,0.6990291262135923,0.007277495227754116,1.212044358253479
17,6,155,0.9997085276482345,0.9963384939385644,0.8974358974358975,0.011927573010325432,2.8135671615600586
17,6,156,0.9993019197207679,0.9905109510599992,0.9054054054054054,0.007338873576372862,2.297619104385376
17,6,157,0.9935053981106612,0.9517362743878356,0.4794520547945205,0.05892544612288475,1.4765057563781738
17,6,158,0.9995527728085868,0.9946159990429435,0.8987341772151899,0.0050297146663069725,3.002877950668335
17,6,159,0.9993777980119888,0.9918661653277842,0.8552631578947368,0.01045961119234562,2.607853412628174
17,6,160,0.9997507223386777,0.9976108945167843,0.7578947368421053,0.007025436498224735,1.3938839435577393
17,6,161,0.9990894605053495,0.9876390573988961,0.88,0.008199113421142101,2.6324968338012695
17,6,162,0.9997925197925198,0.9980561855737524,0.7272727272727273,0.003823270555585623,1.3824046850204468
17,6,163,0.9998887887988078,0.9989634335788435,0.7422680412371134,0.0062789288349449635,1.2924336194992065
17,6,164,0.9996988858777476,0.9966590793527002,0.8888888888888888,0.0031559898052364588,2.765733242034912
17,6,165,0.9989115646258504,0.9785172929449542,0.6805555555555556,0.013758557848632336,1.1454588174819946
17,6,166,0.9998204022988506,0.9982623386901863,0.75,0.006474022753536701,1.3811551332473755
17,6,167,0.9992357959419205,0.9897352013339392,0.8783783783783784,0.004019591957330704,2.6976218223571777
17,6,168,0.9997712353292223,0.9980474719959957,0.6545454545454545,0.004214952699840069,1.0934168100357056
17,6,169,0.9993075340297563,0.9873348691548307,0.7222222222222222,0.026522628962993622,1.253722071647644
17,6,170,0.9995468903733623,0.9949945463103718,0.8554216867469879,0.005319792777299881,2.768616199493408
17,6,171,0.9998600485165142,0.9986069456642441,0.782608695652174,0.0031249874737113714,1.4877526760101318
17,6,172,0.9997085276482345,0.9964910751087857,0.922077922077922,0.007808647118508816,2.9718334674835205
17,6,173,0.9996866407892608,0.9975455603117525,0.6666666666666666,0.007376476656645536,1.2052160501480103
17,6,174,0.998885807078681,0.9750691484304557,0.5972222222222222,0.0330655500292778,1.2182514667510986
17,6,175,0.9998100303951367,0.9978964678770903,0.8571428571428571,0.004023921675980091,2.2428605556488037
17,6,176,0.9999490414700517,0.9995720444318575,0.6728971962616822,0.004211449529975653,1.233599305152893
17,6,177,0.9997235336650929,0.9975049133815375,0.7058823529411765,0.00661274092271924,1.171415090560913
17,6,178,0.9979462745420191,0.9630652250155154,0.4931506849315068,0.0778268501162529,1.334545373916626
17,6,179,0.9961382113821138,0.957494387704411,0.5342465753424658,0.04306861013174057,1.3692095279693604
17,6,180,0.9990668691086227,0.986470292397249,0.8904109589041096,0.006738846655935049,2.424048662185669
17,6,181,0.9997532797700138,0.9977297556198289,0.7128712871287128,0.011297577992081642,1.3891828060150146
17,6,182,0.9985773984173557,0.9708008665411074,0.6388888888888888,0.025003761053085327,1.1489977836608887
17,6,183,0.9987832991803279,0.9760254875556357,0.6666666666666666,0.027830369770526886,1.172568678855896
17,6,184,0.9994736842105263,0.9935377642673413,0.8961038961038961,0.007817942649126053,2.9007651805877686
17,6,185,0.999787007454739,0.9976605172246399,0.8470588235294118,0.008779515512287617,2.302950620651245
17,6,186,0.9992308638936747,0.9894888141443648,0.8918918918918919,0.007165102753788233,2.180551767349243
17,6,187,0.9996505939902167,0.9971082130311287,0.6792452830188679,0.011594073846936226,1.1197137832641602
17,6,188,0.9994975097172754,0.9932931062061916,0.9066666666666666,0.010338259860873222,2.7383248805999756
17,6,189,0.9998650621327544,0.9985757674847678,0.8275862068965517,0.020084435120224953,2.1114513874053955
17,6,190,0.998947731272338,0.9832092382898451,0.7916666666666666,0.007372659165412188,1.3204944133758545
17,6,191,0.9992975061468212,0.9914246648294545,0.8846153846153846,0.015127021819353104,2.8815627098083496
17,8,0,0.998951408673631,0.9820502682694517,0.7222222222222222,0.017537597566843033,1.6980465650558472
17,8,1,0.9998282608962328,0.9981735974361996,0.8275862068965517,0.00877111405134201,1.2305711507797241
17,8,2,0.9984391686519346,0.9667443470586227,0.5138888888888888,0.05514176934957504,1.1803770065307617
17,8,3,0.9997784101511475,0.99773976838821,0.782608695652174,0.009730011224746704,1.1607919931411743
17,8,4,0.9971907053725038,0.9625849157533692,0.6301369863013698,0.03521740436553955,1.0943021774291992
17,8,5,0.9994775969459514,0.9936005970094497,0.8414634146341463,0.003772796131670475,1.320626974105835
17,8,6,0.9989867717421896,0.9823716683782342,0.7638888888888888,0.0199560709297657,1.8885356187820435
17,8,7,0.9990778619810877,0.9855773663249715,0.8611111111111112,0.006308442912995815,2.28584361076355
17,8,8,0.9993741109530584,0.992010874093652,0.8717948717948718,0.012354993261396885,1.5028893947601318
17,8,9,0.9995504039339655,0.9943558682665299,0.8846153846153846,0.006991371978074312,1.6916722059249878
17,8,10,0.9997944670530686,0.9981986141923338,0.6792452830188679,0.004835689440369606,1.0930848121643066
17,8,11,0.9997289532173254,0.9967876952456296,0.9230769230769231,0.007567923050373793,1.3010890483856201
17,8,12,0.9983168575018373,0.9671333608196347,0.5972222222222222,0.009435062296688557,1.1752680540084839
17,8,13,0.9998195217325914,0.9985085343162716,0.6605504587155964,0.009141581133008003,1.0130953788757324
17,8,14,0.9989115646258504,0.982501630571097,0.6575342465753424,0.01299077458679676,1.3464550971984863
17,8,15,0.9990691139018179,0.9853727961466844,0.7945205479452054,0.013980893418192863,2.2782444953918457
17,8,16,0.9998970487302677,0.9989965532338977,0.7659574468085106,0.004205998033285141,1.1528137922286987
17,8,17,0.998828125,0.9830899771148551,0.863013698630137,0.006179557181894779,2.3438665866851807
17,8,18,0.9995717344753747,0.9957662301870585,0.8,0.015270616859197617,1.167992353439331
17,8,19,0.9997108508769004,0.9972393835161115,0.7422680412371134,0.004058478400111198,1.0667824745178223
17,8,20,0.999871963945047,0.9985580738050077,0.8674698795180723,0.006113523617386818,1.2559640407562256
17,8,21,0.9997596587153759,0.9974433742281482,0.8089887640449438,0.005337151233106852,1.2521880865097046
17,8,22,0.9932363974917167,0.9396219290131423,0.47297297297297297,0.07631247490644455,1.1558791399002075
17,8,23,0.9986121490338422,0.9740715929807271,0.5277777777777778,0.034034330397844315,1.2654310464859009
17,8,24,0.9995073003665205,0.9947020235937183,0.7888888888888889,0.001996892038732767,1.1827564239501953
17,8,25,0.9990089688320698,0.9849656323353444,0.875,0.006124742794781923,2.135671615600586
17,8,26,0.9997596153846153,0.9978899581355989,0.6923076923076923,0.0010168136795982718,1.0566543340682983
17,8,27,0.9990928717864982,0.9856299565738142,0.7671232876712328,0.0538114495575428,1.8566697835922241
17,8,28,0.9996281053205732,0.995975440281003,0.8372093023255814,0.015266048721969128,1.231104850769043
17,8,29,0.9907387637450624,0.946251298916366,0.5068493150684932,0.09441576153039932,1.2200171947479248
17,8,30,0.9994661046715841,0.9934638044066457,0.8846153846153846,0.009094661101698875,1.6595669984817505
17,8,31,0.9961100737974571,0.9647529596202171,0.6164383561643836,0.012518618255853653,1.0780611038208008
17,8,32,0.9994962013582411,0.9905912159384325,0.7083333333333334,0.009169314056634903,1.4748142957687378
17,8,33,0.9997669721920149,0.9973325790801305,0.8780487804878049,0.010154598392546177,1.2561843395233154
17,8,34,0.9772103658536586,0.94056525231723,0.5135135135135135,0.10537988692522049,1.197877049446106
17,8,35,0.984573502722323,0.94306066176203,0.4864864864864865,0.06166038662195206,1.2763029336929321
17,8,36,0.9989316239316239,0.9803868737205154,0.7222222222222222,0.009874198585748672,1.7260462045669556
17,8,37,0.999732905982906,0.997120849703733,0.8181818181818182,0.008576670661568642,1.230948805809021
17,8,38,0.9890951331104948,0.9438203947320051,0.5540540540540541,0.03343919664621353,1.1254364252090454
17,8,39,0.999593429825988,0.9950832309513716,0.875,0.0038650482892990112,1.321779489517212
17,8,40,0.9998030986061455,0.9983704145747566,0.6857142857142857,0.013163718394935131,1.0508488416671753
17,8,41,0.9996787398310794,0.9972945319081138,0.6857142857142857,0.013914715498685837,1.0221713781356812
17,8,42,0.9995534621090993,0.9940095970175833,0.9078947368421053,0.012705767527222633,1.726143479347229
17,8,43,0.9991818400577525,0.988625277550508,0.8513513513513513,0.013768412172794342,2.1166584491729736
17,8,44,0.9971789583481496,0.9759979596213888,0.5753424657534246,0.005880995653569698,1.2273802757263184
17,8,45,0.9951298701298701,0.9642657838905085,0.589041095890411,0.0240569356828928,1.1340975761413574
17,8,46,0.9808668488871534,0.9274053198249855,0.5,0.09949629008769989,1.1168668270111084
17,8,47,0.9996281053205732,0.9961215421852432,0.8372093023255814,0.007897417061030865,1.2178646326065063
17,8,48,0.9991556431184914,0.9855488845984751,0.7638888888888888,0.0038895991165190935,1.9674831628799438
17,8,49,0.9993917559537734,0.9908088462976251,0.9041095890410958,0.006967648863792419,2.238647699356079
17,8,50,0.9998187561493449,0.9979554627638594,0.8780487804878049,0.01760285533964634,1.115320086479187
17,8,51,0.99986895986896,0.9988071800835912,0.7272727272727273,0.007065142039209604,1.0316802263259888
17,8,52,0.994994918699187,0.9568158252114438,0.5342465753424658,0.03936181589961052,1.1575021743774414
17,8,53,0.9979902240528,0.9735986345390645,0.547945205479452,0.02788185514509678,1.5163097381591797
17,8,54,0.9999184663520826,0.9993044237786443,0.6728971962616822,0.009290691465139389,0.9971325993537903
17,8,55,0.9996614796614797,0.9969606541108256,0.7272727272727273,0.013552670367062092,1.085953950881958
17,8,56,0.999478873818895,0.993577623543832,0.8860759493670886,0.0040985350497066975,1.4487965106964111
17,8,57,0.9997881355932203,0.9975451211600449,0.9,0.0055987099185585976,1.4106230735778809
17,8,58,0.9992282374304846,0.9833077294249245,0.625,0.03898220136761665,1.1044484376907349
17,8,59,0.9958416726580261,0.9712936988748997,0.7123287671232876,0.021939978003501892,1.3554155826568604
17,8,60,0.9998794454490657,0.9985508094331887,0.9113924050632911,0.009908421896398067,1.3945361375808716
17,8,61,0.9997906289945784,0.9981099962068006,0.7346938775510204,0.005543225910514593,1.0508205890655518
17,8,62,0.9995644538110292,0.9943617030462693,0.8846153846153846,0.006652391981333494,1.815442681312561
17,8,63,0.999043062200957,0.9828137451156692,0.7638888888888888,0.008120917715132236,1.8623329401016235
17,8,64,0.9997944670530686,0.9982767222035008,0.6792452830188679,0.003786134533584118,1.0432332754135132
17,8,65,0.9991581108829569,0.9845832076589743,0.6944444444444444,0.03282773867249489,1.4272388219833374
17,8,66,0.9853474965303726,0.9341292917384123,0.4864864864864865,0.021673861891031265,1.1765297651290894
17,8,67,0.998808368656691,0.982061707352019,0.821917808219178,0.01021101139485836,2.2327041625976562
17,8,68,0.9990038370720189,0.9831981857123688,0.7777777777777778,0.008295572362840176,2.0429694652557373
17,8,69,0.9995822558185797,0.9965357109641113,0.6545454545454545,0.009622519835829735,1.0673704147338867
17,8,70,0.9998872392407442,0.9988263950081311,0.8470588235294118,0.009596498683094978,1.1182395219802856
17,8,71,0.9991492560937005,0.9848678319015007,0.7222222222222222,0.018506841734051704,1.7159106731414795
17,8,72,0.9997173244761669,0.9970941831256678,0.7912087912087912,0.007578153163194656,1.1793197393417358
17,8,73,0.9993471035137702,0.9880050774015625,0.7222222222222222,0.007116748485714197,1.6089032888412476
17,8,74,0.9997612890391884,0.9980652317386868,0.6545454545454545,0.013295254670083523,1.0153239965438843
17,8,75,0.9990565866579583,0.9843021920475847,0.7916666666666666,0.015867093577980995,2.0348379611968994
17,8,76,0.9997552474937343,0.9980199401155959,0.6428571428571429,0.007037232629954815,1.0000494718551636
17,8,77,0.9992287572932734,0.9883917451088816,0.8356164383561644,0.011247893795371056,2.3129642009735107
17,8,78,0.998884686257395,0.9764335488119464,0.5833333333333334,0.0667678490281105,1.293297529220581
17,8,79,0.9991294713516936,0.9839887563440503,0.7222222222222222,0.030314089730381966,1.5962483882904053
17,8,80,0.9998252798252799,0.998379818433808,0.7272727272727273,0.01694471947848797,1.1303961277008057
17,8,81,0.9962176316555136,0.9705192587914974,0.5616438356164384,0.06287797540426254,1.1489431858062744
17,8,82,0.998125869052657,0.9732501328640119,0.684931506849315,0.02732710726559162,1.5196316242218018
17,8,83,0.9990107973978942,0.9862318716645125,0.8356164383561644,0.011638585478067398,2.3786027431488037
17,8,84,0.9997483413406543,0.9977735196901888,0.7659574468085106,0.00795514415949583,1.1589300632476807
17,8,85,0.9991110143507683,0.9854052334023508,0.7916666666666666,0.003020417643710971,2.0526676177978516
17,8,86,0.9988473360655737,0.9772115882361385,0.6666666666666666,0.03740331530570984,1.4887397289276123
17,8,87,0.9995058400718778,0.9930148174734905,0.9452054794520548,0.007607287261635065,2.0060765743255615
17,8,88,0.9997553353573772,0.9975738599912131,0.7422680412371134,0.004799591843038797,1.079179286956787
17,8,89,0.9986907186499855,0.9714595525670253,0.5833333333333334,0.043123386800289154,1.1354771852493286
17,8,90,0.9998415510709707,0.9979488504186896,0.9333333333333333,0.0033769174478948116,1.769655704498291
17,8,91,0.9993326822916667,0.9903127235221951,0.8888888888888888,0.0034003190230578184,2.3580589294433594
17,8,92,0.9960432122868671,0.9581963525695082,0.5205479452054794,0.04310547560453415,1.2545102834701538
17,8,93,0.9989100185528758,0.9768325283728717,0.6111111111111112,0.04243788123130798,1.4282840490341187
17,8,94,0.9996352707749767,0.9950463718143133,0.9459459459459459,0.0036552080418914557,1.9412970542907715
17,8,95,0.9998712764017463,0.9988738315979697,0.7128712871287128,0.002414810238406062,0.9999613761901855
17,8,96,0.9992121848739496,0.9907403006878923,0.8701298701298701,0.005218714475631714,1.952826976776123
17,8,97,0.9994306319984817,0.9916845389692388,0.9166666666666666,0.0038735116831958294,2.28994083404541
17,8,98,0.9996334262859536,0.9953786972972165,0.8658536585365854,0.0044289641082286835,1.393036961555481
17,8,99,0.9993085864915086,0.99128487877066,0.8831168831168831,0.012378904037177563,1.6357989311218262
17,8,100,0.999500659385683,0.9942193732613034,0.8452380952380952,0.013681541197001934,1.2818464040756226
17,8,101,0.9999028749028749,0.998980354966297,0.8181818181818182,0.01151567604392767,1.2123478651046753
17,8,102,0.9998428520114943,0.9985479782951288,0.75,0.011834738776087761,1.1014565229415894
17,8,103,0.9988900273224044,0.977273735537929,0.6666666666666666,0.0041951388120651245,1.4556152820587158
17,8,104,0.9997108508769004,0.9971505454230265,0.7422680412371134,0.008236399851739407,1.150368571281433
17,8,105,0.9987630208333332,0.9830661196879034,0.8133333333333334,0.010068182833492756,2.4018945693969727
17,8,106,0.9997341669856663,0.9975948901045922,0.7058823529411765,0.009440656751394272,1.036040186882019
17,8,107,0.9994081710576557,0.9896896007466228,0.75,0.011803177185356617,1.8450379371643066
17,8,108,0.9988663643638304,0.975909526128313,0.6388888888888888,0.027779046446084976,1.3279352188110352
17,8,109,0.9988501026694045,0.9781533260061683,0.6944444444444444,0.024137068539857864,1.478623390197754
17,8,110,0.9993662042838829,0.9921471355621496,0.8831168831168831,0.008577043190598488,1.7746007442474365
17,8,111,0.9998055364905055,0.9981127361151587,0.7659574468085106,0.010020379908382893,1.1741623878479004
17,8,112,0.9997739709731144,0.9976882928997124,0.8,0.016916291788220406,1.182992696762085
17,8,113,0.9994148162206618,0.9912701118081884,0.9166666666666666,0.0018943384056910872,2.2015082836151123
17,8,114,0.9975239071038251,0.967672769691212,0.6438356164383562,0.04333954304456711,1.3749102354049683
17,8,115,0.9963579277864991,0.965069923089839,0.6575342465753424,0.02142263948917389,1.4539560079574585
17,8,116,0.9822031039136303,0.9476463181683895,0.4794520547945205,0.0767560675740242,1.2220319509506226
17,8,117,0.999822695035461,0.9980508605928222,0.8571428571428571,0.013122816570103168,1.2525516748428345
17,8,118,0.9998152062183108,0.9981965405258498,0.7741935483870968,0.008176636882126331,1.1942493915557861
17,8,119,0.9998051948051948,0.9982683566279571,0.72,0.0020713184494525194,1.1034066677093506
17,8,120,0.9996686976938479,0.9956235984401056,0.9078947368421053,0.002841847948729992,1.5334761142730713
17,8,121,0.9997546584231898,0.997361005038949,0.8275862068965517,0.018480665981769562,1.2348206043243408
17,8,122,0.9997597803706246,0.9976866752852813,0.7659574468085106,0.008464341051876545,1.0232231616973877
17,8,123,0.9994935396864658,0.9945106412483118,0.7912087912087912,0.009221835993230343,1.2519646883010864
17,8,124,0.9991775795533624,0.988201391492958,0.8904109589041096,0.008933714590966702,2.3713653087615967
17,8,125,0.9997722858482352,0.9972083244789183,0.8875,0.012909365817904472,1.4224858283996582
17,8,126,0.9987672759168386,0.9722993795038222,0.5972222222222222,0.041923075914382935,1.2154676914215088
17,8,127,0.999801377118644,0.9977298438555038,0.9,0.006944512482732534,1.3143774271011353
17,8,128,0.9975391450162242,0.9728572077141286,0.6301369863013698,0.02881782129406929,1.3462516069412231
17,8,129,0.9997739709731144,0.9976572500032954,0.8,0.007506050635129213,1.2111475467681885
17,8,130,0.9996635222015262,0.9964367656924521,0.8089887640449438,0.0045500462874770164,1.2315499782562256
17,8,131,0.9993743482794578,0.9908365734877537,0.9027777777777778,0.004257096443325281,2.2479214668273926
17,8,132,0.999124589134995,0.9876227929869219,0.8493150684931506,0.007416521664708853,2.3724353313446045
17,8,133,0.9990946281268862,0.9870017524303056,0.8356164383561644,0.011931395158171654,2.174691915512085
17,8,134,0.9998126680477807,0.9981985141686298,0.7346938775510204,0.008542665280401707,1.1438037157058716
17,8,135,0.9954453441295547,0.9320932453978196,0.4794520547945205,0.08698391169309616,1.1986058950424194
17,8,136,0.9993041057759221,0.9905681944031661,0.8648648648648649,0.008694441057741642,2.160811424255371
17,8,137,0.9996583946753648,0.996678695766774,0.7346938775510204,0.006726518739014864,1.1184773445129395
17,8,138,0.9972263708128868,0.9612234864503326,0.5753424657534246,0.022331157699227333,1.239615559577942
17,8,139,0.9990544079138783,0.9788116986922841,0.5833333333333334,0.05085718631744385,1.0580008029937744
17,8,140,0.9998086002296798,0.9983074249215995,0.7058823529411765,0.01385562028735876,1.0494121313095093
17,8,141,0.9998833737637619,0.9988181500187222,0.782608695652174,0.005392057355493307,1.2041515111923218
17,8,142,0.9987552236151863,0.9742373073307207,0.6388888888888888,0.051338717341423035,1.1197854280471802
17,8,143,0.9996504582880223,0.9955861214327293,0.8554216867469879,0.003981846384704113,1.3158726692199707
17,8,144,0.9997257230625762,0.9967285336539257,0.9102564102564102,0.004966903943568468,1.3187650442123413
17,8,145,0.9990318118948824,0.985422483825666,0.8333333333333334,0.009874816052615643,2.2486653327941895
17,8,146,0.9989826515313771,0.9839009323155125,0.8055555555555556,0.006601554341614246,2.1125762462615967
17,8,147,0.9994746223848391,0.9904374688173724,0.7638888888888888,0.027778226882219315,1.8876672983169556
17,8,148,0.9990125546621527,0.9815121046335874,0.7083333333333334,0.0036770845763385296,1.6144073009490967
17,8,149,0.9993929879644166,0.9890738777548198,0.6805555555555556,0.012605864554643631,1.2565319538116455
17,8,150,0.9975932312731063,0.9540873694676978,0.547945205479452,0.035273417830467224,1.2157059907913208
17,8,151,0.9983065953654189,0.9673865721016,0.4722222222222222,0.11671319603919983,1.0576248168945312
17,8,152,0.9990415947862756,0.9761116723073244,0.5138888888888888,0.056703995913267136,1.1693602800369263
17,8,153,0.9985773984173557,0.9707715749338973,0.6388888888888888,0.02470991760492325,1.3109797239303589
17,8,154,0.9996626714314327,0.9971825716740939,0.6990291262135923,0.007277495227754116,1.0649957656860352
17,8,155,0.9996668887408395,0.9958174164781695,0.8974358974358975,0.011927573010325432,1.544152855873108
17,8,156,0.9992715684042796,0.9901234549005176,0.9054054054054054,0.007338873576372862,2.1505353450775146
17,8,157,0.9929712100764732,0.9504364291472298,0.4794520547945205,0.06094878166913986,1.2814446687698364
17,8,158,0.9995256681303193,0.9942753199280648,0.8987341772151899,0.0050297146663069725,1.430172324180603
17,8,159,0.9993626223537446,0.991646683722433,0.8552631578947368,0.01045961119234562,1.8859784603118896
17,8,160,0.9997507223386777,0.9976108945167843,0.7578947368421053,0.004555616993457079,1.1732769012451172
17,8,161,0.9990287578723727,0.9870580842689034,0.88,0.008199113421142101,2.0906972885131836
17,8,162,0.9997925197925198,0.9980561855737524,0.7272727272727273,0.003823270555585623,1.1212007999420166
17,8,163,0.9998887887988078,0.9989634335788433,0.7422680412371134,0.0062789288349449635,1.0492453575134277
17,8,164,0.9996596101226712,0.9962045619657072,0.8888888888888888,0.0031559898052364588,1.3275655508041382
17,8,165,0.9988278388278389,0.9768206837100151,0.6805555555555556,0.017333241179585457,1.2991737127304077
17,8,166,0.9997755028735632,0.9978061843777871,0.75,0.006474022753536701,1.039575219154358
17,8,167,0.9992513919431057,0.9899298801139519,0.8783783783783784,0.004019591957330704,1.967453956604004
17,8,168,0.9997513427491547,0.9978688047836776,0.6545454545454545,0.004214952699840069,0.988568902015686
17,8,169,0.9992877492877493,0.9871373647156865,0.7222222222222222,0.026522628962993622,1.6957602500915527
17,8,170,0.9995339443840299,0.9948712248524383,0.8554216867469879,0.005319792777299881,1.2360210418701172
17,8,171,0.9998833737637619,0.998827480907275,0.782608695652174,0.0031249874737113714,1.1439327001571655
17,8,172,0.9996668887408394,0.9960102812155958,0.922077922077922,0.007808647118508816,1.3571982383728027
17,8,173,0.9996664240659874,0.9973683455512043,0.6666666666666666,0.007376476656645536,1.0093698501586914
17,8,174,0.9989095133110495,0.9760312735905973,0.5972222222222222,0.028716284781694412,1.342846155166626
17,8,175,0.99975937183384,0.997313698293264,0.8571428571428571,0.004023921675980091,1.2217274904251099
17,8,176,0.999938849764062,0.999487890999509,0.6728971962616822,0.004211449529975653,1.0175384283065796
17,8,177,0.9997129003445195,0.997413390588701,0.7058823529411765,0.00661274092271924,0.9444634318351746
17,8,178,0.9978367425175936,0.9624699869202775,0.4931506849315068,0.04880442097783089,1.2848683595657349
17,8,179,0.9960111788617887,0.9588014430555581,0.5342465753424658,0.04528113082051277,1.1614984273910522
17,8,180,0.9990510533308028,0.9860553936505009,0.8904109589041096,0.006738846655935049,2.149386405944824
17,8,181,0.9997210988704504,0.9974246092779104,0.7128712871287128,0.011297577992081642,1.0751069784164429
17,8,182,0.9985773984173557,0.9708008665411073,0.6388888888888888,0.025003761053085327,1.1807399988174438
17,8,183,0.9987832991803279,0.9760254875556355,0.6666666666666666,0.03373178467154503,1.3988597393035889
17,8,184,0.9994310099573258,0.9929386137559872,0.8961038961038961,0.007817942649126053,1.4060791730880737
17,8,185,0.9997619495082378,0.9973945496299972,0.8470588235294118,0.008779515512287617,1.2710981369018555
17,8,186,0.9992154811715481,0.9894437641536349,0.9178082191780822,0.0050221714191138744,2.1050400733947754
17,8,187,0.9996505939902167,0.9971082130311287,0.6792452830188679,0.011594073846936226,1.1250325441360474
17,8,188,0.9994531723393879,0.9926962130471108,0.9066666666666666,0.010338259860873222,1.8251150846481323
17,8,189,0.9998650621327544,0.9985610312631351,0.8275862068965517,0.020084435120224953,1.1956610679626465
17,8,190,0.998947731272338,0.9832233208883456,0.7916666666666666,0.009023794904351234,1.8766840696334839
17,8,191,0.9992834562697577,0.9912827597804055,0.8607594936708861,0.016379624605178833,1.4837357997894287
17,12,0,0.9989711934156379,0.9823610685802521,0.7222222222222222,0.004537791479378939,0.9776738882064819
17,12,1,0.9998282608962328,0.9981735974361996,0.8275862068965517,0.004238116554915905,0.8086546063423157
17,12,2,0.9984391686519346,0.9659686845918511,0.5138888888888888,0.04758201166987419,1.3599330186843872
17,12,3,0.9997667475275237,0.9976072127148271,0.782608695652174,0.009730011224746704,0.9327372908592224
17,12,4,0.997495590060759,0.9634477975997534,0.6301369863013698,0.02438478358089924,1.011605978012085
17,12,5,0.9994775969459513,0.9936005970094491,0.8414634146341463,0.003772796131670475,0.7872130274772644
17,12,6,0.9989867717421896,0.9824167034014437,0.7638888888888888,0.012049783021211624,1.1133453845977783
17,12,7,0.9991113942726846,0.9860436918338225,0.8611111111111112,0.005735922604799271,0.9254286885261536
17,12,8,0.9993598862019916,0.991828699967816,0.8717948717948718,0.012354993261396885,0.7431977987289429
17,12,9,0.9995504039339655,0.9943558682665299,0.8846153846153846,0.006991371978074312,0.7544342279434204
17,12,10,0.9997533604636824,0.9978233104851637,0.6792452830188679,0.004835689440369606,1.1407197713851929
17,12,11,0.9997018485390579,0.9964704382346057,0.9230769230769231,0.007567923050373793,0.7895768880844116
17,12,12,0.9983879761989427,0.9678120938513091,0.5972222222222222,0.02405744232237339,1.1348989009857178
17,12,13,0.9998094951621798,0.998419463326693,0.6605504587155964,0.009141581133008003,1.1996674537658691
17,12,14,0.9989324960753532,0.9826681307375974,0.6575342465753424,0.03173947334289551,1.072972059249878
17,12,15,0.9989286027926583,0.9840198450220435,0.7945205479452054,0.011263586580753326,0.9436075687408447
17,12,16,0.9998970487302677,0.9990033129795739,0.7659574468085106,0.0083767743781209,0.8858087062835693
17,12,17,0.9988606770833333,0.9835853774011885,0.863013698630137,0.006179557181894779,0.815711498260498
17,12,18,0.9995598382108019,0.9956364415308856,0.8,0.015270616859197617,0.8131762742996216
17,12,19,0.9997108508769004,0.9972393835161115,0.7422680412371134,0.004058478400111198,1.0793582201004028
17,12,20,0.9998463567340563,0.9982671964353013,0.8674698795180723,0.006113523617386818,0.8225023746490479
17,12,21,0.9997356245869135,0.9971848211056479,0.8089887640449438,0.005337151233106852,0.8384033441543579
17,12,22,0.9937840576138449,0.9411460033222948,0.47297297297297297,0.048849236220121384,1.3649451732635498
17,12,23,0.9988790434504111,0.9770888569782084,0.5277777777777778,0.031188001856207848,1.3410091400146484
17,12,24,0.9995193174307517,0.9947134139481865,0.7888888888888889,0.001996892038732767,0.8391247987747192
17,12,25,0.9989924516459376,0.9847222069200523,0.875,0.006124742794781923,0.8620012998580933
17,12,26,0.9997282608695652,0.9975975350021244,0.6923076923076923,0.0010168136795982718,1.1275477409362793
17,12,27,0.9988388758867178,0.9834255793103908,0.7671232876712328,0.00435712980106473,1.143515944480896
17,12,28,0.9996157088312589,0.9958599222710658,0.8372093023255814,0.015266048721969128,0.8266198039054871
17,12,29,0.9958097576598698,0.9527637966509523,0.5068493150684932,0.06422831118106842,1.3381894826889038
17,12,30,0.9994801545486477,0.9936160677811314,0.8846153846153846,0.009094661101698875,0.7421755194664001
17,12,31,0.9958211078509825,0.964370584186368,0.6164383561643836,0.011273338459432125,0.9309907555580139
17,12,32,0.9994962013582411,0.9905912159384325,0.7083333333333334,0.007807222194969654,1.1022462844848633
17,12,33,0.9997540262026824,0.9971782618526426,0.8780487804878049,0.010154598392546177,0.774861752986908
17,12,34,0.9869410569105691,0.9447593474765087,0.5135135135135135,0.053340308368206024,1.3863568305969238
17,12,35,0.9880698195793743,0.944277926724757,0.4864864864864865,0.07263550162315369,1.41019606590271
17,12,36,0.9989316239316239,0.9803868737205154,0.7222222222222222,0.022547751665115356,1.0621005296707153
17,12,37,0.9997086247086248,0.9968465487130727,0.8181818181818182,0.008576670661568642,0.8623500466346741
17,12,38,0.9946660977170898,0.9504165769835055,0.5540540540540541,0.02441897988319397,1.3642507791519165
17,12,39,0.9995798774868542,0.9949076761983523,0.875,0.0038650482892990112,0.7566721439361572
17,12,40,0.9998030986061455,0.9983729647044887,0.6857142857142857,0.013163718394935131,1.0514311790466309
17,12,41,0.9996580133685684,0.9971123523368448,0.6857142857142857,0.013914715498685837,1.1632286310195923
17,12,42,0.9995390576610057,0.9938473120451717,0.9078947368421053,0.006242315284907818,0.7721319794654846
17,12,43,0.9991818400577525,0.9885378839699639,0.8767123287671232,0.007689318154007196,0.8266169428825378
17,12,44,0.9981983263399947,0.9784341619737282,0.5753424657534246,0.014374406076967716,1.277825951576233
17,12,45,0.9964285714285714,0.9658514674333787,0.589041095890411,0.014301840215921402,1.132157325744629
17,12,46,0.9919042040869452,0.933436539926023,0.5,0.04357002303004265,1.4756897687911987
17,12,47,0.9995785193633163,0.9956526819099377,0.8372093023255814,0.007897417061030865,0.8826653957366943
17,12,48,0.9991931700910028,0.9861438761944261,0.7638888888888888,0.0071418676525354385,1.034571647644043
17,12,49,0.9993761599525881,0.9905218198911954,0.9041095890410958,0.006967648863792419,0.8408756852149963
17,12,50,0.9998058101600125,0.9978121172222643,0.8780487804878049,0.01760285533964634,0.7710582613945007
17,12,51,0.9998580398580399,0.9987019612283723,0.7272727272727273,0.007065142039209604,1.142834186553955
17,12,52,0.9966209349593496,0.960368773103327,0.5342465753424658,0.013849791139364243,1.360141396522522
17,12,53,0.9978661638091457,0.9731405073629604,0.547945205479452,0.016167353838682175,1.0738240480422974
17,12,54,0.999908274646093,0.9992145603710237,0.6728971962616822,0.009290691465139389,1.113603115081787
17,12,55,0.9996614796614797,0.9969466944181655,0.7272727272727273,0.013552670367062092,1.1101207733154297
17,12,56,0.9994514461251526,0.9932941366551005,0.8860759493670886,0.0019811068195849657,0.778434693813324
17,12,57,0.9997881355932203,0.9975451211600449,0.9,0.0055987099185585976,0.8498116731643677
17,12,58,0.9992509363295881,0.9841334571133974,0.625,0.04249143972992897,1.3001247644424438
17,12,59,0.9985426422866914,0.9784258287876373,0.7123287671232876,0.016688650473952293,1.054099678993225
17,12,60,0.9998794454490657,0.9985508094331887,0.9113924050632911,0.009908421896398067,0.7767764329910278
17,12,61,0.9997906289945784,0.9981068633190799,0.7346938775510204,0.009817667305469513,1.0703054666519165
17,12,62,0.9995504039339657,0.9942270877270506,0.8846153846153846,0.006652391981333494,0.7585692405700684
17,12,63,0.9990242987147012,0.9825321447756235,0.7638888888888888,0.015137767419219017,1.0204085111618042
17,12,64,0.9997739137583754,0.9980952998522672,0.6792452830188679,0.006128284614533186,1.0657296180725098
17,12,65,0.9991786447638604,0.9849013894771563,0.6944444444444444,0.00791783258318901,1.0190186500549316
17,12,66,0.9928739190776128,0.9421672920458232,0.4864864864864865,0.04514872282743454,1.3255221843719482
17,12,67,0.9987743220468821,0.9817913418871689,0.821917808219178,0.01021101139485836,0.9075302481651306
17,12,68,0.9990407319952774,0.9837138908486451,0.7777777777777778,0.01268932968378067,1.0693349838256836
17,12,69,0.9995723095285459,0.9964531092459956,0.6545454545454545,0.009622519835829735,1.1091914176940918
17,12,70,0.9998747102674935,0.9986846515637653,0.8470588235294118,0.009596498683094978,0.7949506044387817
17,12,71,0.9991294713516936,0.9845711684923145,0.7222222222222222,0.009177514351904392,1.1448941230773926
17,12,72,0.9997173244761669,0.9970941831256678,0.7912087912087912,0.007578153163194656,0.9019101858139038
17,12,73,0.9993668882557772,0.9883075577403404,0.7222222222222222,0.01043045986443758,1.0697650909423828
17,12,74,0.9997016112989855,0.997587532480662,0.6545454545454545,0.013295254670083523,1.005189061164856
17,12,75,0.9990565866579583,0.9843021920475847,0.7916666666666666,0.009406903758645058,0.9636598825454712
17,12,76,0.999735667293233,0.9978576032411279,0.6428571428571429,0.007037232629954815,1.0320791006088257
17,12,77,0.9991784588558782,0.9880141120315709,0.8356164383561644,0.011247893795371056,0.853828489780426
17,12,78,0.9988604403064688,0.9761088734872712,0.5833333333333334,0.024780234321951866,1.1682194471359253
17,12,79,0.998911839189617,0.9815021827958328,0.6986301369863014,0.005900425370782614,1.0172227621078491
17,12,80,0.9998143598143598,0.9982798702819118,0.7272727272727273,0.01694471947848797,1.1113431453704834
17,12,81,0.998133061778683,0.9746337732940362,0.5616438356164384,0.010622762143611908,1.3439797163009644
17,12,82,0.9975213106825465,0.9704601610524042,0.684931506849315,0.005544489715248346,1.0636565685272217
17,12,83,0.9986587083361277,0.9836060755312198,0.8356164383561644,0.011638585478067398,0.8817415237426758
17,12,84,0.9997140242507435,0.9974240490354452,0.7659574468085106,0.00795514415949583,0.8764784336090088
17,12,85,0.9991110143507683,0.9854052334023511,0.7916666666666666,0.005986969452351332,1.0340291261672974
17,12,86,0.9988473360655737,0.9771902976686295,0.6666666666666666,0.016228236258029938,1.0155444145202637
17,12,87,0.9995208146151542,0.9931999340969633,0.9452054794520548,0.007607287261635065,0.7449097037315369
17,12,88,0.9997442142372579,0.9974525743635599,0.7422680412371134,0.005513104610145092,1.1198945045471191
17,12,89,0.9987877024536902,0.9726922182064706,0.5833333333333334,0.04011885076761246,1.2280731201171875
17,12,90,0.9998415510709707,0.9979556806273945,0.9333333333333333,0.0033769174478948116,0.7768580913543701
17,12,91,0.9992838541666667,0.9896681203899275,0.863013698630137,0.007114514242857695,0.8194112777709961
17,12,92,0.998255889626448,0.9663251148189772,0.5205479452054794,0.058989621698856354,1.4286744594573975
17,12,93,0.9989332096474954,0.9774818790222223,0.6111111111111112,0.0035848021507263184,0.9848035573959351
17,12,94,0.9996498599439776,0.9952357133014198,0.9459459459459459,0.0036552080418914557,0.7270633578300476
17,12,95,0.9998605494352252,0.9987786852167037,0.7128712871287128,0.002414810238406062,1.1075880527496338
17,12,96,0.999110060690943,0.9899226394625504,0.8701298701298701,0.005218714475631714,0.7899624705314636
17,12,97,0.9994780793319415,0.9922128626221798,0.9166666666666666,0.0031778879929333925,0.8193820714950562
17,12,98,0.9996334262859536,0.9953786972972165,0.8658536585365854,0.0071106874383986,0.8157160878181458
17,12,99,0.9992797775953215,0.9909021646367631,0.8831168831168831,0.012378904037177563,0.7201030850410461
17,12,100,0.9994622485691972,0.9937654221938449,0.8235294117647058,0.010154535062611103,0.7706568837165833
17,12,101,0.9998785936285937,0.9987264766299059,0.8181818181818182,0.01151567604392767,0.8743329048156738
17,12,102,0.999854076867816,0.9986459568429835,0.75,0.011834738776087761,0.8658807277679443
17,12,103,0.998868681693989,0.9769316088200161,0.6666666666666666,0.015511962585151196,0.9611762166023254
17,12,104,0.9997108508769004,0.9971505454230265,0.7422680412371134,0.008236399851739407,0.9297335743904114
17,12,105,0.998291015625,0.980002707485801,0.8133333333333334,0.010068182833492756,0.8775938153266907
17,12,106,0.9997235336650929,0.997486671908268,0.7058823529411765,0.009440656751394272,0.9912974238395691
17,12,107,0.9994272623138603,0.9899808781098905,0.75,0.010818875394761562,1.0932576656341553
17,12,108,0.9987996799146439,0.9749063402399754,0.6388888888888888,0.03508765250444412,0.9935755133628845
17,12,109,0.9988706365503079,0.9786179020805006,0.6944444444444444,0.0213666670024395,0.9531287550926208
17,12,110,0.9993229909396021,0.9916522222696493,0.8831168831168831,0.008577043190598488,0.7226905822753906
17,12,111,0.9998169755204759,0.9982117460161488,0.7659574468085106,0.010020379908382893,0.8790687322616577
17,12,112,0.9997620747085415,0.9975676104194794,0.8,0.016916291788220406,0.8620976209640503
17,12,113,0.9994306319984817,0.991465729961553,0.9166666666666666,0.0018943384056910872,0.8439778089523315
17,12,114,0.9989113729508197,0.9769770188128124,0.6666666666666666,0.015075062401592731,1.167863130569458
17,12,115,0.9880481423338566,0.9611038891238051,0.6575342465753424,0.012217054143548012,1.0319023132324219
17,12,116,0.987151372019793,0.949541196247741,0.4794520547945205,0.04131046682596207,1.3844952583312988
17,12,117,0.9997847011144884,0.9976481495947747,0.8571428571428571,0.011437011882662773,0.7773204445838928
17,12,118,0.9998152062183108,0.9981965405258498,0.7741935483870968,0.008176636882126331,0.8360202312469482
17,12,119,0.9997943722943724,0.9981750765974983,0.72,0.0020713184494525194,1.1100223064422607
17,12,120,0.9996686976938479,0.9956235984401056,0.9078947368421053,0.002841847948729992,0.7231956124305725
17,12,121,0.9997301242655087,0.9971063715542436,0.8275862068965517,0.018480665981769562,0.8027938604354858
17,12,122,0.9997483413406544,0.9975643959993927,0.7659574468085106,0.008464341051876545,1.1008630990982056
17,12,123,0.9994582052459866,0.994106598877962,0.7912087912087912,0.009221835993230343,0.8159744143486023
17,12,124,0.9990510533308028,0.9872066355210534,0.8904109589041096,0.008933714590966702,0.8401728272438049
17,12,125,0.9997722858482352,0.9972083244789183,0.8875,0.007706922013312578,0.7699506878852844
17,12,126,0.9987672759168386,0.9726270272322904,0.5972222222222222,0.02546353079378605,0.9868463277816772
17,12,127,0.999801377118644,0.9977298438555038,0.9,0.006944512482732534,0.7862617373466492
17,12,128,0.9978004747490146,0.971602592151968,0.6301369863013698,0.0107473349198699,1.1732136011123657
17,12,129,0.9997620747085415,0.9975352434206147,0.8,0.007506050635129213,0.8551655411720276
17,12,130,0.999651505137295,0.9963014335026757,0.8089887640449438,0.0045500462874770164,0.8069378137588501
17,12,131,0.999358305927649,0.9906238362688707,0.9027777777777778,0.004257096443325281,0.838810920715332
17,12,132,0.9989594172736732,0.9861300328734718,0.8493150684931506,0.010939774103462696,0.8630529046058655
17,12,133,0.9990778619810878,0.9867899023410633,0.8356164383561644,0.011931395158171654,0.8560925126075745
17,12,134,0.9998016485211796,0.9980825586955316,0.7346938775510204,0.008542665280401707,0.9846169352531433
17,12,135,0.9964012595591543,0.9349578178057426,0.4794520547945205,0.09462639689445496,1.521834373474121
17,12,136,0.999319921553742,0.9907304793755776,0.8648648648648649,0.008694441057741642,0.8023430705070496
17,12,137,0.9996363556221625,0.9964763490203077,0.7346938775510204,0.006726518739014864,1.0480811595916748
17,12,138,0.9972737832776236,0.9624572569493854,0.5753424657534246,0.04265604913234711,1.279505729675293
17,12,139,0.9990544079138783,0.9788116986922841,0.5833333333333334,0.008564257062971592,1.3849289417266846
17,12,140,0.999787333588533,0.9981167076090334,0.7058823529411765,0.008897718042135239,0.9842488169670105
17,12,141,0.9998483858928906,0.9984687647666644,0.782608695652174,0.005392057355493307,0.7978969216346741
17,12,142,0.9987329954654575,0.9743760827594208,0.6388888888888888,0.010943579487502575,0.9902995228767395
17,12,143,0.9996504582880223,0.9955861214327291,0.8554216867469879,0.003981846384704113,0.8190309405326843
17,12,144,0.9997257230625762,0.9967285336539257,0.9102564102564102,0.004966903943568468,0.7165374159812927
17,12,145,0.9990145228215768,0.9851019710051532,0.8333333333333334,0.0038709938526153564,0.9366763234138489
17,12,146,0.999000499750125,0.9840665170214368,0.8055555555555556,0.006601554341614246,0.9648579955101013
17,12,147,0.9994746223848391,0.9903067315525828,0.7638888888888888,0.0025307019241154194,1.1017693281173706
17,12,148,0.9990125546621527,0.9816208881789035,0.7083333333333334,0.011643909849226475,1.0212382078170776
17,12,149,0.9994348508634222,0.9895943045047546,0.6805555555555556,0.020869268104434013,1.2476806640625
17,12,150,0.9979157879066075,0.9560636923608326,0.5694444444444444,0.029789945110678673,1.2175124883651733
17,12,151,0.9984551396316103,0.9685188184784115,0.4722222222222222,0.062384482473134995,1.4464489221572876
17,12,152,0.9990963607984885,0.9774121137024363,0.5138888888888888,0.04834083467721939,1.3065969944000244
17,12,153,0.998555170267627,0.9704582917258774,0.6388888888888888,0.024517077952623367,1.211971402168274
17,12,154,0.9996205053603617,0.9968141942275706,0.6990291262135923,0.007277495227754116,1.09110689163208
17,12,155,0.9996252498334444,0.9953177001236848,0.8974358974358975,0.011927573010325432,0.7472283244132996
17,12,156,0.9992715684042796,0.9901234549005176,0.9054054054054054,0.007338873576372862,0.7572756409645081
17,12,157,0.9944050832208727,0.9531630466668509,0.4794520547945205,0.0902315154671669,1.4007807970046997
17,12,158,0.9994850111129181,0.9937446733234975,0.8987341772151899,0.0050297146663069725,0.7512989044189453
17,12,159,0.9993626223537446,0.991646683722433,0.8552631578947368,0.006552534643560648,0.7528827786445618
17,12,160,0.9997393915358903,0.9974674501972541,0.7578947368421053,0.004555616993457079,1.0414260625839233
17,12,161,0.9986948933910008,0.9845148267153614,0.88,0.008199113421142101,0.7539224624633789
17,12,162,0.9997925197925198,0.9980561855737524,0.7272727272727273,0.003823270555585623,1.0614758729934692
17,12,163,0.9998887887988078,0.9989634335788435,0.7422680412371134,0.0062789288349449635,1.0798581838607788
17,12,164,0.9996203343675949,0.9957347924763298,0.8888888888888888,0.01053121592849493,0.7792996764183044
17,12,165,0.9988069073783359,0.9763753026347055,0.6805555555555556,0.007828209549188614,0.9419625997543335
17,12,166,0.9997418283045977,0.9974528872899564,0.75,0.006474022753536701,1.1129193305969238
17,12,167,0.9992513919431057,0.9899298801139519,0.8783783783783784,0.004019591957330704,0.7251214385032654
17,12,168,0.9997513427491547,0.9978688047836776,0.6545454545454545,0.004214952699840069,1.0904176235198975
17,12,169,0.9992877492877493,0.9871373647156865,0.7222222222222222,0.001823054626584053,1.1584585905075073
17,12,170,0.9995339443840299,0.9948712248524383,0.8554216867469879,0.0058440882712602615,0.7713041305541992
17,12,171,0.9998717111401381,0.9987106317828645,0.782608695652174,0.0031249874737113714,1.062195897102356
17,12,172,0.9996668887408394,0.9960102812155958,0.922077922077922,0.007808647118508816,0.7221881747245789
17,12,173,0.9996360989810772,0.9971272366803311,0.6666666666666666,0.007376476656645536,1.0919188261032104
17,12,174,0.998933219543418,0.9764234304533423,0.5972222222222222,0.010421915911138058,1.0206326246261597
17,12,175,0.9997467071935158,0.9971915981711639,0.8571428571428571,0.004023921675980091,0.8077905774116516
17,12,176,0.9999184663520827,0.9993132032538543,0.6728971962616822,0.004211449529975653,1.0342527627944946
17,12,177,0.9996916337033729,0.9972193140491927,0.7058823529411765,0.00661274092271924,1.155300259590149
17,12,178,0.9981653385908704,0.9644541139044045,0.5138888888888888,0.028824256733059883,1.3505393266677856
17,12,179,0.9976371951219511,0.96289954128185,0.5342465753424658,0.025653349235653877,1.3436789512634277
17,12,180,0.999003605997343,0.9855683806634878,0.8904109589041096,0.006738846655935049,0.7707203030586243
17,12,181,0.9997210988704504,0.9974085085794122,0.7128712871287128,0.011297577992081642,1.0804389715194702
17,12,182,0.9985773984173557,0.9708008665411074,0.6388888888888888,0.0245638657361269,0.9768467545509338
17,12,183,0.998719262295082,0.9752318367619849,0.6666666666666666,0.02323124185204506,1.0117465257644653
17,12,184,0.999402560455192,0.9926268566687071,0.8961038961038961,0.007817942649126053,0.7532458901405334
17,12,185,0.9997619495082378,0.9973945496299972,0.8470588235294118,0.008779515512287617,0.8009546399116516
17,12,186,0.999061653950283,0.9882910143213076,0.9178082191780822,0.0050221714191138744,0.8034746050834656
17,12,187,0.9996403173428701,0.9970148074641569,0.6792452830188679,0.011594073846936226,1.0314112901687622
17,12,188,0.9994531723393879,0.9926962130471108,0.9066666666666666,0.010338259860873222,0.7265834212303162
17,12,189,0.9998405279750734,0.9983113173094972,0.8275862068965517,0.020084435120224953,0.780897319316864
17,12,190,0.9988388758867178,0.9820955013394734,0.7671232876712328,0.013142872601747513,1.0846986770629883
17,12,191,0.9992553565156305,0.9909611515640604,0.8607594936708861,0.016379624605178833,0.7650522589683533
29,1,0,0.9979194781826362,0.9509581997585086,0.5,0.03860333561897278,3.863631010055542
29,1,1,0.9992045968814712,0.9905916466745022,0.8860759493670886,0.008908153511583805,2.9058761596679688
29,1,2,0.9995165369167452,0.9948486351807928,0.8372093023255814,0.015261011198163033,2.849292278289795
29,1,3,0.9984308673174439,0.9760769863217487,0.8493150684931506,0.0066185262985527515,3.1453497409820557
29,1,4,0.9978432282003711,0.9556240701942393,0.6111111111111112,0.021635809913277626,3.610248327255249
29,1,5,0.998413518299882,0.9697248190899412,0.7777777777777778,0.0038015013560652733,3.2865140438079834
29,1,6,0.9994306144067796,0.9936604800669515,0.8765432098765432,0.01329936645925045,2.924560546875
29,1,7,0.9993060182100821,0.9912168001501063,0.8974358974358975,0.006742782425135374,2.92818021774292
29,1,8,0.9988620486006079,0.9860364941664848,0.8831168831168831,0.004989735782146454,2.9770848751068115
29,1,9,0.9981616334689798,0.9696590346924318,0.7808219178082192,0.0059574502520263195,3.2265350818634033
29,1,10,0.9991693330051686,0.988274276599757,0.9178082191780822,0.0013735040556639433,3.090315580368042
29,1,11,0.999970397560759,0.9997565000943379,0.6486486486486487,0.012029023841023445,2.5961363315582275
29,1,12,0.9983950708382526,0.9735645131538266,0.7777777777777778,0.009637683629989624,3.286940097808838
29,1,13,0.9979014048928356,0.9621146525277103,0.7361111111111112,0.0032073804177343845,3.45963716506958
29,1,14,0.9981159913744184,0.9610356196593002,0.625,0.006596635095775127,3.606166362762451
29,1,15,0.9997644667030297,0.997527917481571,0.8372093023255814,0.0039705075323581696,2.84092378616333
29,1,16,0.9980485974294024,0.9676014013025787,0.7638888888888888,0.008962572552263737,3.271989583969116
29,1,17,0.9997243625884858,0.9969980193065546,0.8470588235294118,0.007445503491908312,2.826397657394409
29,1,18,1.0,1.0,0.6728971962616822,0.007119560614228249,2.6423280239105225
29,1,19,0.9999898082940103,0.9999134648667358,0.6728971962616822,0.014565621502697468,2.6428887844085693
29,1,20,0.9996617177222327,0.9963624185843997,0.8470588235294118,0.004409971181303263,2.833693504333496
29,1,21,0.9999443943994039,0.9994629418524572,0.7422680412371134,0.008413746021687984,2.729346513748169
29,1,22,0.9998536789297658,0.9987077179013053,0.6923076923076923,0.004588683135807514,2.6782984733581543
29,1,23,0.9977313974591652,0.9470457249206499,0.5277777777777778,0.010012120008468628,3.78779935836792
29,1,24,0.9995417828574421,0.9945884375582981,0.8658536585365854,0.006053897086530924,2.9468603134155273
29,1,25,0.9988620199146515,0.9859241468652584,0.8481012658227848,0.014386908151209354,3.099212646484375
29,1,26,0.9999268394648829,0.9993526039124265,0.6923076923076923,0.02398981712758541,2.69606876373291
29,1,27,0.9991148577449948,0.9892781926907875,0.8846153846153846,0.012363201007246971,2.945647716522217
29,1,28,0.9983314305787301,0.9739238510874582,0.7945205479452054,0.0011649378575384617,3.2442777156829834
29,1,29,0.9982976695095587,0.9749733358517811,0.821917808219178,0.0005642095347866416,3.2006349563598633
29,1,30,0.9978042477119483,0.9628170207363367,0.7123287671232876,0.007439400535076857,3.3269264698028564
29,1,31,0.9988620073008883,0.9857033606892178,0.8571428571428571,0.008023863658308983,3.030946969985962
29,1,32,0.9989340708410757,0.9864265287052296,0.8589743589743589,0.016402067616581917,2.9657506942749023
29,1,33,0.9994433224587023,0.9936186810231271,0.8554216867469879,0.01710730604827404,2.842142105102539
29,1,34,0.9979435116490953,0.9532491094142135,0.5416666666666666,0.035321611911058426,3.8031697273254395
29,1,35,0.9982584635416667,0.9739867257551513,0.8133333333333334,0.006467763334512711,3.109740972518921
29,1,36,0.9999663254310345,0.9996843434343434,0.75,0.013266457244753838,2.740015745162964
29,1,37,0.998846295840512,0.9841619160558064,0.8666666666666667,0.006452710367739201,3.0544052124023438
29,1,38,0.9997774373879005,0.9974958004177477,0.8888888888888888,0.011020422913134098,2.9125072956085205
29,1,39,0.9990839440373084,0.9891510904819851,0.8734177215189873,0.007441230118274689,3.0219619274139404
29,1,40,0.9991429574991219,0.989702832482458,0.8607594936708861,0.008139394223690033,2.9981489181518555
29,1,41,0.997003333027551,0.9201796859759646,0.4583333333333333,0.028789464384317398,3.9581387042999268
29,1,42,0.9989706639217705,0.9854967384220568,0.8533333333333334,0.011582832783460617,3.0606131553649902
29,1,43,0.997535934291581,0.9501716893581107,0.6944444444444444,0.0014399968786165118,3.430680990219116
29,1,44,0.9987555960239776,0.9834455358291185,0.88,0.004432776011526585,3.058539628982544
29,1,45,0.9999102011494253,0.999148451994434,0.75,0.005870356690138578,2.7780487537384033
29,1,46,0.9999372909698997,0.9994664716899191,0.6923076923076923,0.010029922239482403,2.622312545776367
29,1,47,0.999696484071484,0.9966515429539575,0.8181818181818182,0.006037764251232147,2.815916061401367
29,1,48,0.9999372909698997,0.9994505162230126,0.6923076923076923,0.0010491221910342574,2.877927780151367
29,1,49,0.9984901731094625,0.9600575964782448,0.5416666666666666,0.008367396891117096,3.824371337890625
29,1,50,0.9985699693564862,0.9721590293288029,0.625,0.0031573844607919455,3.58735728263855
29,1,51,0.9991349874800819,0.9876135127799186,0.88,0.004521926399320364,3.0456676483154297
29,1,52,0.9982290436835891,0.9682260656120869,0.7777777777777778,0.0014482700498774648,3.2728824615478516
29,1,53,0.9972214812838979,0.9415816135260806,0.6388888888888888,0.0100637162104249,3.5045642852783203
29,1,54,0.9982546201232033,0.9676928972726544,0.6944444444444444,0.007406866177916527,3.4430181980133057
29,1,55,0.9999398405775305,0.9995063051255711,0.6605504587155964,0.0112362215295434,2.6585514545440674
29,1,56,0.9988933485291446,0.9829282900261453,0.875,0.006557203363627195,3.137141466140747
29,1,57,0.9984066222334493,0.971916313422681,0.7361111111111112,0.0019139718497171998,3.341346025466919
29,1,58,0.9991805144548145,0.9898318757891149,0.8552631578947368,0.012875842861831188,3.0969345569610596
29,1,59,0.999979273537489,0.9998219848687138,0.6857142857142857,0.0210619755089283,2.7549474239349365
29,1,60,0.9978661638091457,0.9496018875777026,0.5694444444444444,0.03636956959962845,3.6789093017578125
29,1,61,0.997221481283898,0.943975684787365,0.6388888888888888,0.029850050806999207,3.463960886001587
29,1,62,0.9981557239621756,0.9718095957160697,0.8108108108108109,0.012108603492379189,3.1433396339416504
29,1,63,0.9976246396925377,0.9385651616863178,0.5277777777777778,0.04540083184838295,3.757471799850464
29,1,64,0.999980265040506,0.999838400176238,0.6486486486486487,0.011059646494686604,2.625272035598755
29,1,65,0.9984239822949501,0.9756903143315798,0.8611111111111112,0.004474707879126072,3.1748456954956055
29,1,66,0.9990674584127593,0.9890465746695071,0.8395061728395061,0.01818748004734516,2.962143898010254
29,1,67,0.9990662931839402,0.9876459616040527,0.8461538461538461,0.007380370516330004,3.0175766944885254
29,1,68,0.9977669156142223,0.9468146714116052,0.5694444444444444,0.014160246588289738,3.693979024887085
29,1,69,0.9980439228238641,0.9595780858162752,0.6388888888888888,0.00852141436189413,3.554293155670166
29,1,70,0.9983822042467139,0.959271263904607,0.4861111111111111,0.027935467660427094,4.083459377288818
29,1,71,0.9982067869708319,0.9640475253813308,0.625,0.004501899238675833,3.577420949935913
29,1,72,0.9984910468781437,0.9785764753157423,0.8108108108108109,0.009027070365846157,3.2097301483154297
29,1,73,0.9999555155195231,0.9995917117484945,0.7422680412371134,0.01575307920575142,2.759101390838623
29,1,74,0.9997254632807138,0.9973542474758914,0.7659574468085106,0.00802045688033104,2.783043146133423
29,1,75,0.9997553353573772,0.9975964832436723,0.7422680412371134,0.011296647600829601,2.758486032485962
29,1,76,0.9983072365636902,0.9688963919028125,0.7083333333333334,0.011828629299998283,3.404944896697998
29,1,77,0.99995631995632,0.9995948780612962,0.7272727272727273,0.009104857221245766,2.7387197017669678
29,1,78,0.9999799468591768,0.9998324291649769,0.6605504587155964,0.007969073951244354,2.6437137126922607
29,1,79,0.9998607519395266,0.9988447733073574,0.6545454545454545,0.006810804829001427,2.6681668758392334
29,1,80,0.9971798780487805,0.9367453086061374,0.5555555555555556,0.00834627915173769,3.8169429302215576
29,1,81,0.998309465052562,0.9710420463840728,0.7123287671232876,0.009621359407901764,3.4126033782958984
29,1,82,0.9987724757952973,0.9811136364444725,0.8082191780821918,0.009622870944440365,3.2583155632019043
29,1,83,0.9995614859362275,0.994786486015261,0.8045977011494253,0.011614632792770863,2.8309969902038574
29,1,84,0.9983884666477928,0.9689649607414521,0.6527777777777778,0.007296815514564514,3.552760124206543
29,1,85,0.9982606679035251,0.965968334099299,0.6111111111111112,0.01625409908592701,3.6716132164001465
29,1,86,0.9998428520114943,0.9984541473357065,0.75,0.009504937566816807,2.731745481491089
29,1,87,0.9996334262859538,0.9959071352194818,0.8658536585365854,0.007838492281734943,2.911911964416504
29,1,88,0.9998543123543124,0.998545090493031,0.8181818181818182,0.010852514766156673,2.7827272415161133
29,1,89,0.9992232406400497,0.9912025079094908,0.8333333333333334,0.015847165137529373,2.8762097358703613
29,1,90,0.999797952586207,0.9980691265880796,0.75,0.010755631141364574,2.724195718765259
29,1,91,0.9999463651673943,0.9995048514514723,0.7128712871287128,0.006107676308602095,2.7198314666748047
29,1,92,0.9989275317910219,0.9831070599697934,0.8472222222222222,0.007752388250082731,3.213731527328491
29,1,93,0.9982838589981448,0.9642083916571721,0.6111111111111112,0.031249362975358963,3.600343704223633
29,1,94,0.998065413215646,0.9653531780882462,0.7083333333333334,0.005756574682891369,3.3815464973449707
29,1,95,0.9982054219167621,0.9693718679329786,0.75,0.005679728928953409,3.327213764190674
29,1,96,0.9982659386068478,0.9717421713493268,0.7777777777777778,0.012463748455047607,3.267526626586914
29,1,97,0.9995727823520274,0.9954114673567747,0.8780487804878049,0.012020508758723736,2.8621346950531006
29,1,98,0.9977812663526949,0.956769151501922,0.6805555555555556,0.006945525761693716,3.43908953666687
29,1,99,0.9989956250106395,0.9850139127473263,0.8472222222222222,0.006055725738406181,3.2580997943878174
29,1,100,0.9999438757183908,0.999469566802041,0.75,0.007380375172942877,2.771045684814453
29,1,101,0.9998798798798798,0.9989083547091647,0.7272727272727273,0.00345877418294549,2.8231003284454346
29,1,102,0.9990985006642628,0.9881728940910007,0.84,0.007132216356694698,3.104182481765747
29,1,103,0.9997382821793956,0.9972997977240416,0.8,0.002087479690089822,2.750678300857544
29,1,104,0.9985246333538246,0.9776517620336056,0.8194444444444444,0.006393348798155785,3.228673219680786
29,1,105,0.9982898531285628,0.9740126029865992,0.8356164383561644,0.002845256356522441,3.1463546752929688
29,1,106,0.9995339443840299,0.9949354065228213,0.8780487804878049,0.011724519543349743,2.8879013061523438
29,1,107,0.9980673609156581,0.9651757400336594,0.7638888888888888,0.013149809092283249,3.290072441101074
29,1,108,0.9985185978439352,0.9761897367988133,0.8055555555555556,0.0013673476641997695,3.2734580039978027
29,1,109,0.9980182495263398,0.9603271579074126,0.6527777777777778,0.002508536446839571,3.5210771560668945
29,1,110,0.99858836408683,0.9830533602739849,0.8589743589743589,0.010684615932404995,3.0146772861480713
29,1,111,0.9984969360619725,0.9771872492733035,0.8493150684931506,0.0042396653443574905,3.138746738433838
29,1,112,0.9986043153926366,0.9813433351285038,0.8767123287671232,0.0020995938684791327,3.1375863552093506
29,1,113,0.9998250606456429,0.9982622321190321,0.782608695652174,0.009687731973826885,2.8751485347747803
29,1,114,0.9997520702137154,0.9971451109960234,0.8160919540229885,0.007153055164963007,2.8210387229919434
29,1,115,0.9981995198719659,0.9638764553835326,0.6388888888888888,0.011869046837091446,3.5478768348693848
29,1,116,0.9998806445195942,0.9989648537307876,0.6545454545454545,0.013454324565827847,2.595973253250122
29,1,117,0.9998334522959791,0.998281545744981,0.8,0.012246924452483654,2.8403444290161133
29,1,118,0.9994775969459514,0.9932714256359849,0.8641975308641975,0.00885495450347662,2.964250326156616
29,1,119,0.9995507964257965,0.9952979794930555,0.8181818181818182,0.009530126117169857,2.8023757934570312
29,1,120,0.9997301242655087,0.9970179487491339,0.8275862068965517,0.010148698464035988,2.8271987438201904
29,1,121,0.9997597803706245,0.9975472371690937,0.7659574468085106,0.005866357125341892,2.793389320373535
29,1,122,0.9998887887988078,0.9989634335788435,0.7422680412371134,0.0155516117811203,2.7552690505981445
29,1,123,0.9982751540041068,0.9668856163384524,0.6944444444444444,0.008930454030632973,3.44917368888855
29,1,124,0.9975466919911364,0.9558237088040078,0.7222222222222222,0.005825541447848082,3.323247194290161
29,1,125,0.9986664726990592,0.9727308926288811,0.5833333333333334,0.024576080963015556,3.7114851474761963
29,1,126,0.9985241036335927,0.9777608894015843,0.8513513513513513,0.007210650015622377,3.1042613983154297
29,1,127,0.9980009995002499,0.9682452495750729,0.7808219178082192,0.00174788199365139,3.2197489738464355
29,1,128,1.0,0.9999999999999998,0.6857142857142857,0.0023936042562127113,2.635274887084961
29,1,129,0.9984238671545173,0.9729036485011296,0.7638888888888888,0.011547576636075974,3.328587293624878
29,1,130,0.9981996267115933,0.9737404084265102,0.8243243243243243,0.01118673849850893,3.1124274730682373
29,1,131,0.9999303759697632,0.9994338177341557,0.6545454545454545,0.0052042207680642605,2.585801839828491
29,1,132,0.9995386557886559,0.9953011677125514,0.8181818181818182,0.011716398410499096,2.836970090866089
29,1,133,0.9979861753660262,0.9659772895229407,0.7916666666666666,0.0003245392581447959,3.2340896129608154
29,1,134,0.99986895986896,0.9987872354381346,0.7272727272727273,0.01321379467844963,2.683340549468994
29,1,135,0.9985776260578906,0.9710459080297799,0.5972222222222222,0.011177094653248787,3.6755335330963135
29,1,136,0.9998471198471199,0.9985791134266795,0.7272727272727273,0.00876281876116991,2.7091972827911377
29,1,137,0.9986165364583334,0.9785319742316614,0.8888888888888888,0.0034120625350624323,3.1406219005584717
29,1,138,0.9998950363873857,0.9989592184184611,0.782608695652174,0.007905619218945503,2.8051626682281494
29,1,139,0.9998016485211795,0.9982100725208122,0.7346938775510204,0.020136769860982895,2.7419590950012207
29,1,140,0.9981509138752578,0.9575549305191455,0.5972222222222222,0.040965594351291656,3.6158039569854736
29,1,141,0.9987908961593173,0.9846172022539684,0.8481012658227848,0.0043371510691940784,3.048736333847046
29,1,142,0.999711590458451,0.9971344972352055,0.8089887640449438,0.009316046722233295,2.7790451049804688
29,1,143,0.9997520702137155,0.9974291240156745,0.8372093023255814,0.007787357084453106,2.82735538482666
29,1,144,0.9994031756606706,0.9924924031338995,0.8974358974358975,0.011348986998200417,2.9266357421875
29,1,145,0.9988755622188905,0.9833467225521599,0.7567567567567568,0.007852131500840187,3.281306266784668
29,1,146,0.9984155796209697,0.9786772592895756,0.8181818181818182,0.013770178891718388,3.1212942600250244
29,1,147,0.9997891696446455,0.9981579917511814,0.6990291262135923,0.011980492621660233,2.6722147464752197
29,1,148,0.999782658430565,0.9979309745440841,0.7659574468085106,0.01617339253425598,2.8079211711883545
29,1,149,0.999165783898305,0.9897690495962406,0.8313253012048193,0.011573245748877525,2.8780460357666016
29,1,150,0.9976293647863514,0.9577086883297441,0.7361111111111112,0.006471091415733099,3.321560859680176
29,1,151,0.9996312157982393,0.9958692615948965,0.7802197802197802,0.012668514624238014,2.7683260440826416
29,1,152,0.9981271369150024,0.9636981723622906,0.6527777777777778,0.002324806060642004,3.518841028213501
29,1,153,0.9982161438977256,0.9752169100805511,0.8,0.011758948676288128,3.133517026901245
29,1,154,0.997822252226747,0.9560501165014705,0.6527777777777778,0.012055930681526661,3.495488166809082
29,1,155,0.9985242030696576,0.9755227136020174,0.7777777777777778,0.005285665858536959,3.3157317638397217
29,1,156,0.998755081300813,0.9708305542766699,0.5555555555555556,0.03355260193347931,3.779815912246704
29,1,157,0.9988620199146515,0.9842900631848392,0.8717948717948718,0.008135420270264149,2.9610626697540283
29,1,158,1.0,1.0,0.6857142857142857,0.012236112728714943,2.6522634029388428
29,1,159,0.999762053141465,0.9977364393315855,0.7578947368421053,0.011371679604053497,2.722541332244873
29,1,160,0.998620330600026,0.9652732377505397,0.5416666666666666,0.05095771327614784,3.859454393386841
29,1,161,0.9984072161491516,0.9760087328651097,0.8611111111111112,0.004333348013460636,3.1343085765838623
29,1,162,0.9997596587153758,0.9975837823232991,0.8089887640449438,0.01625557616353035,2.7990481853485107
29,1,163,0.9973488445710668,0.9525144108461562,0.7222222222222222,0.0017102996353060007,3.376262903213501
29,1,164,0.999110060690943,0.9894095475946894,0.8947368421052632,0.012519188225269318,3.0135304927825928
29,1,165,0.9992952783650458,0.9923951698667282,0.9230769230769231,0.006842283997684717,2.945035696029663
29,1,166,0.9982806462046542,0.9725916061084187,0.821917808219178,0.007434143219143152,3.1489744186401367
29,1,167,0.9985495718897675,0.9789827153255779,0.8533333333333334,0.005933387205004692,3.0931766033172607
29,1,168,0.998093292475315,0.9592780872678501,0.625,0.003954986575990915,3.5882515907287598
29,1,169,0.9980861244019139,0.9682248921949994,0.7638888888888888,0.00437038391828537,3.280243396759033
29,1,170,0.9980436991869919,0.9527804700101045,0.5555555555555556,0.05077539384365082,3.7054269313812256
29,1,171,0.9980267907275207,0.9719641503000584,0.8026315789473685,0.017087144777178764,3.0774760246276855
29,1,172,0.9983232832882106,0.9765624148855223,0.8918918918918919,0.005698834545910358,3.08129620552063
29,1,173,0.9994351979811332,0.9940512034837983,0.7888888888888889,0.0024870289489626884,2.890866279602051
29,1,174,0.9979166666666666,0.9542582052976613,0.5555555555555556,0.009023109450936317,3.7906246185302734
29,1,175,0.997778697271282,0.9554374223423046,0.6527777777777778,0.004726896528154612,3.4700396060943604
29,1,176,0.9989078267290179,0.9851728792264407,0.8666666666666667,0.0040253871120512486,3.059335231781006
29,1,177,0.9978867827868853,0.9601997365972532,0.6666666666666666,0.0033045345917344093,3.469165563583374
29,1,178,0.9995364279897262,0.9952152373450048,0.8470588235294118,0.021309571340680122,2.8513221740722656
29,1,179,0.9979791306375455,0.9645822282774905,0.7361111111111112,0.008092870004475117,3.3612051010131836
29,1,180,0.9999320151832757,0.999324289003085,0.7578947368421053,0.004073087126016617,2.737860679626465
29,1,181,0.9986582327007858,0.968085644993326,0.5138888888888888,0.03952695429325104,3.9071121215820312
29,1,182,0.9988449506697682,0.9831252270645803,0.8513513513513513,0.004949852358549833,3.1680257320404053
29,1,183,0.9999787333588533,0.9998114630467572,0.7058823529411765,0.0054322355426847935,2.6499428749084473
29,1,184,0.9984375000000001,0.977448339866603,0.8378378378378378,0.012021862901747227,3.098243236541748
29,1,185,0.9999773383944253,0.9997829625610417,0.7578947368421053,0.00860879011452198,2.7865333557128906
29,1,186,0.9994807497467072,0.994231952576301,0.8352941176470589,0.0076995850540697575,2.8282182216644287
29,1,187,0.9994703389830509,0.9940411787725403,0.8765432098765432,0.009517855942249298,2.9522793292999268
29,1,188,0.9984679025586027,0.977226857177927,0.7972972972972973,0.007278870325535536,3.170407295227051
29,1,189,0.9990391801003523,0.9768648990627933,0.5277777777777778,0.03905505686998367,3.913520574569702
29,1,190,0.99880112299871,0.9848061678054865,0.8311688311688312,0.012670053169131279,3.060133218765259
29,1,191,0.998375812093953,0.9717865100376757,0.8055555555555556,0.0024244613014161587,3.2339842319488525
29,2,0,0.9982849752586596,0.9574234561912298,0.5,0.007917823269963264,5.460907936096191
29,2,1,0.9995474430532509,0.9944110950768104,0.9102564102564102,0.007472883444279432,7.155959606170654
29,2,2,0.9997520702137154,0.997275497660484,0.8372093023255814,0.008943194523453712,6.762358665466309
29,2,3,0.9988933485291446,0.9828377506755245,0.875,0.0007997851935215294,6.844676971435547
29,2,4,0.9985621521335808,0.9685319451970136,0.6111111111111112,0.007388145662844181,5.6094818115234375
29,2,5,0.9987640200708383,0.9768113730362794,0.7777777777777778,0.004442593082785606,6.694942951202393
29,2,6,0.9997484110169492,0.9971277715450979,0.9,0.004623518791049719,6.9085283279418945
29,2,7,0.999569731290251,0.9946134633798114,0.922077922077922,0.009939756244421005,7.803885459899902
29,2,8,0.9994094176281636,0.992464297508463,0.8831168831168831,0.0067772287875413895,6.901656627655029
29,2,9,0.9987327764689083,0.9785775893020983,0.8055555555555556,0.006573948077857494,6.450446128845215
29,2,10,0.9995692837804578,0.993806669202378,0.9178082191780822,0.0013735040556639433,6.7587361335754395
29,2,11,0.999871722763289,0.9989537281881653,0.6486486486486487,0.011495321989059448,4.918145656585693
29,2,12,0.9989669421487604,0.9831759083216003,0.7777777777777778,0.013312841765582561,6.382656097412109
29,2,13,0.9984066222334492,0.9718189310986651,0.7361111111111112,0.009257910773158073,6.56526517868042
29,2,14,0.9987515605493134,0.9716150553856795,0.625,0.0027276757173240185,5.656159400939941
29,2,15,0.9999876035106858,0.9998663458968191,0.8372093023255814,0.005511794239282608,7.113609313964844
29,2,16,0.998742846420865,0.9791228247951874,0.7638888888888888,0.0028584995307028294,6.251094341278076
29,2,17,0.999787007454739,0.9977019125026184,0.8470588235294118,0.00999560859054327,7.003417015075684
29,2,18,0.9999184663520827,0.9993132032538543,0.6728971962616822,0.010862109251320362,5.448123455047607
29,2,19,0.9998878912341137,0.9990693639934531,0.6728971962616822,0.007803456392139196,4.440639972686768
29,2,20,0.9997744784814884,0.9975446731506101,0.8470588235294118,0.00572311831638217,6.797399520874023
29,2,21,1.0,1.0,0.7422680412371134,0.005339575465768576,5.445154190063477
29,2,22,0.9999268394648829,0.9993526039124265,0.6923076923076923,0.008218335919082165,5.375612258911133
29,2,23,0.9983719440589303,0.9600269489089672,0.5277777777777778,0.008716794662177563,5.479243278503418
29,2,24,0.9998690808164121,0.9984663187900099,0.8888888888888888,0.004855374805629253,7.001235485076904
29,2,25,0.9994452347083926,0.9929387349863024,0.8961038961038961,0.008220252580940723,7.22100305557251
29,2,26,0.9999581939799331,0.9996327687787714,0.6923076923076923,0.009101231582462788,5.606439113616943
29,2,27,0.9995925535651563,0.9947884867359962,0.9090909090909091,0.009107275865972042,7.056219577789307
29,2,28,0.9989461666813033,0.9833867114403273,0.8194444444444444,0.008823986165225506,6.776999473571777
29,2,29,0.9990637182302572,0.9860011994338613,0.821917808219178,0.005635329056531191,6.907563209533691
29,2,30,0.9984649165419817,0.9730453903229999,0.7361111111111112,0.00697737792506814,6.053858280181885
29,2,31,0.9993497184576504,0.9916962964108179,0.881578947368421,0.00756515609100461,7.247410774230957
29,2,32,0.9993373953876957,0.9915309096290661,0.8589743589743589,0.009220276959240437,7.004370212554932
29,2,33,0.9997540262026824,0.997115625492634,0.8554216867469879,0.010747716762125492,7.063663005828857
29,2,34,0.9985162046075752,0.9636162415817939,0.5416666666666666,0.008921647444367409,5.148227214813232
29,2,35,0.9986979166666667,0.981368641034435,0.863013698630137,0.009233306162059307,6.61613130569458
29,2,36,0.9999214260057471,0.9992661673650918,0.75,0.009736943989992142,6.087040424346924
29,2,37,0.9991693330051686,0.9887509883948258,0.8918918918918919,0.0050940546207129955,6.6797404289245605
29,2,38,0.9998821727347709,0.9986816776148522,0.8888888888888888,0.0056297932751476765,7.540802955627441
29,2,39,0.9994309349322673,0.9932283035242898,0.8974358974358975,0.004716092254966497,7.274042129516602
29,2,40,0.9995223041798385,0.9940673433600828,0.9090909090909091,0.010565713979303837,7.123021125793457
29,2,41,0.9975843194813931,0.9303100271714941,0.4583333333333333,0.01344449445605278,5.160032272338867
29,2,42,0.9993605639514028,0.9913475820995055,0.9041095890410958,0.00879637524485588,6.679684638977051
29,2,43,0.9981108829568789,0.9602785117488555,0.6944444444444444,0.006303142756223679,6.355754852294922
29,2,44,0.999301919720768,0.9904688319400805,0.9315068493150684,0.005809237714856863,7.432129859924316
29,2,45,0.9999775502873562,0.9997874149659864,0.75,0.004838690161705017,5.9161577224731445
29,2,46,0.9998327759197325,0.9986515465850077,0.6923076923076923,0.010029922239482403,5.293266773223877
29,2,47,0.9998785936285937,0.9987081622995261,0.8181818181818182,0.011948985978960991,7.04405403137207
29,2,48,0.9999163879598663,0.9992758132181209,0.6923076923076923,0.011031867004930973,5.475387096405029
29,2,49,0.9986463620981387,0.9643324816151289,0.5416666666666666,0.003672740189358592,5.292073726654053
29,2,50,0.9988877539439337,0.9777641434864853,0.625,0.00480874115601182,5.558553695678711
29,2,51,0.9994536763032096,0.9920609824001769,0.9054054054054054,0.013133373111486435,6.579717636108398
29,2,52,0.9982290436835891,0.9714544058568374,0.7534246575342466,0.007227448280900717,6.107791423797607
29,2,53,0.9978660976260336,0.9532445342736322,0.6388888888888888,0.0039009107276797295,5.966577053070068
29,2,54,0.998952772073922,0.9803206522528483,0.6944444444444444,0.003325476311147213,5.886524200439453
29,2,55,0.9998596280142377,0.9988879413504257,0.6605504587155964,0.01036545168608427,4.366190433502197
29,2,56,0.9992732438101846,0.9889449159148448,0.875,0.006557203363627195,6.729040145874023
29,2,57,0.9988341138293532,0.9787098353726866,0.7361111111111112,0.011576743796467781,5.984135150909424
29,2,58,0.9995295545944306,0.9938326854337451,0.88,0.010726048611104488,7.004288196563721
29,2,59,0.999917094149956,0.9993029214457786,0.6857142857142857,0.008188175968825817,5.43613862991333
29,2,60,0.9985857132223408,0.9653200146370813,0.5694444444444444,0.012086114846169949,5.392485618591309
29,2,61,0.998066150973593,0.9589203226277322,0.6388888888888888,0.010881844907999039,5.828524589538574
29,2,62,0.9987928375025149,0.9818622948379014,0.8356164383561644,0.007201929111033678,6.755273818969727
29,2,63,0.997998291875734,0.9454675925032132,0.5277777777777778,0.0015957907307893038,5.266814708709717
29,2,64,0.999921060162024,0.9993495939355677,0.6486486486486487,0.008848946541547775,5.376735210418701
29,2,65,0.9988096036483133,0.9814641046737673,0.8611111111111112,0.003768887370824814,6.8168439865112305
29,2,66,0.9996022984407357,0.995259973550353,0.9102564102564102,0.015706585720181465,6.925972938537598
29,2,67,0.9995185574229692,0.9936425057350872,0.8947368421052632,0.009067458100616932,7.3634562492370605
29,2,68,0.9982383445401087,0.9565445319401431,0.5694444444444444,0.01188353169709444,5.4516072273254395
29,2,69,0.9985996265670846,0.9705633506041941,0.6388888888888888,0.004585466347634792,5.89945650100708
29,2,70,0.9985555395059945,0.9635883844942359,0.4861111111111111,0.003810215974226594,5.15386962890625
29,2,71,0.9988650550448304,0.9745994955743504,0.625,0.0036999937146902084,5.465853214263916
29,2,72,0.9990946281268862,0.9866705049357297,0.8611111111111112,0.0040158843621611595,6.644145488739014
29,2,73,0.9999666366396422,0.9996854505303862,0.7422680412371134,0.015012295916676521,6.139206409454346
29,2,74,0.9998284145504461,0.9982634050019461,0.7659574468085106,0.013573256321251392,5.632977485656738
29,2,75,0.9997108508769004,0.9971898048605394,0.7422680412371134,0.006260819733142853,5.653874397277832
29,2,76,0.9988513390967898,0.9784633749120409,0.7083333333333334,0.0020033037289977074,5.949178218841553
29,2,77,0.99998907998908,0.99989898989899,0.7272727272727273,0.008378067053854465,5.723670482635498
29,2,78,0.9998496014438262,0.9987644817649668,0.6605504587155964,0.01073482632637024,5.005885124206543
29,2,79,0.9997115575890193,0.9976487203198625,0.6545454545454545,0.004950347356498241,4.883111000061035
29,2,80,0.9980436991869919,0.9542076274581931,0.5555555555555556,0.010808858089148998,5.485218048095703
29,2,81,0.9989701338825953,0.982135191366126,0.7361111111111112,0.0031428157817572355,6.068593978881836
29,2,82,0.9992565698478562,0.9887253742724382,0.8333333333333334,0.0037522839847952127,6.565788269042969
29,2,83,0.9996742466954833,0.996290699817959,0.8470588235294118,0.01044697780162096,7.232383728027344
29,2,84,0.9990853459352338,0.981663577038224,0.6527777777777778,0.006051813717931509,5.6274285316467285
29,2,85,0.9989100185528756,0.9772555962048388,0.6111111111111112,0.008491413667798042,5.529017448425293
29,2,86,0.9998204022988506,0.9982630781992454,0.75,0.010579525493085384,6.170609951019287
29,2,87,0.9998298050613357,0.9980490288565633,0.8888888888888888,0.010138003155589104,7.135808944702148
29,2,88,0.9998907342657343,0.9988886823838641,0.8181818181818182,0.01360319834202528,6.791107654571533
29,2,89,0.9996375122986899,0.9958071402312917,0.8554216867469879,0.014095854014158249,6.843667984008789
29,2,90,1.0,1.0,0.75,0.005075177643448114,5.532677173614502
29,2,91,0.9999785460669577,0.9998077477650678,0.7128712871287128,0.00509191770106554,5.305100440979004
29,2,92,0.9992509745842058,0.9881801078903344,0.8472222222222222,0.0049513583071529865,6.594482421875
29,2,93,0.9987244897959184,0.9721792848103419,0.6111111111111112,0.009665289893746376,5.556556224822998
29,2,94,0.9988714910424602,0.9790107978715006,0.7083333333333334,0.006211225874722004,5.849172115325928
29,2,95,0.9987399770904926,0.9777722360948016,0.75,0.008485184982419014,6.0979413986206055
29,2,96,0.9988747048406139,0.9811506411612757,0.7777777777777778,0.007169156800955534,6.52018928527832
29,2,97,0.9998058101600125,0.997800421569501,0.8780487804878049,0.005220706108957529,7.098570346832275
29,2,98,0.998451072736787,0.9678627486122052,0.6805555555555556,0.004810865502804518,5.995338439941406
29,2,99,0.9994041843283455,0.9908405187856154,0.8472222222222222,0.006073058117181063,6.59451150894165
29,2,100,0.999932650862069,0.9993651772660819,0.75,0.01166938990354538,5.967220783233643
29,2,101,0.9998798798798799,0.998873161250951,0.7272727272727273,0.0067283641546964645,5.773366451263428
29,2,102,0.9995255266654014,0.9933508060217489,0.8904109589041096,0.010583892464637756,6.702304363250732
29,2,103,0.9998691410896978,0.9986549428291506,0.8,0.004197071306407452,6.6596598625183105
29,2,104,0.9986827083516291,0.9811410112793327,0.7945205479452054,0.007124011404812336,6.533773899078369
29,2,105,0.9989772651062974,0.984113528274222,0.8356164383561644,0.006049041170626879,6.599946975708008
29,2,106,0.99984464812801,0.9982366475830204,0.8780487804878049,0.002552659483626485,7.008632183074951
29,2,107,0.9987053194483535,0.9761956815749682,0.7638888888888888,0.010457368567585945,6.111018180847168
29,2,108,0.9991254372813593,0.9850964831049769,0.8055555555555556,0.010001776739954948,6.316221237182617
29,2,109,0.9986280189028507,0.9714903118414941,0.6527777777777778,0.0036048765759915113,5.770860195159912
29,2,110,0.9993806087319764,0.9922406359170758,0.8589743589743589,0.010684615932404995,6.939548969268799
29,2,111,0.9990089688320698,0.9850667844335897,0.875,0.004350773524492979,6.917788028717041
29,2,112,0.9991978824095613,0.9887277945879036,0.8767123287671232,0.0020995938684791327,7.02466344833374
29,2,113,0.9999650121291286,0.9996455297350169,0.782608695652174,0.011973384767770767,6.161154747009277
29,2,114,0.9998140526602866,0.9979063284699666,0.8372093023255814,0.005366114433854818,6.551872730255127
29,2,115,0.9988663643638304,0.9759075745256707,0.6388888888888888,0.01248909067362547,5.688557147979736
29,2,116,0.9998607519395265,0.9988275371024482,0.6545454545454545,0.010228455066680908,4.888505458831787
29,2,117,1.0,1.0,0.8,0.008787698112428188,5.581910610198975
29,2,118,0.9996919161476123,0.9961567327113088,0.8875,0.0018504163017496467,7.602476596832275
29,2,119,0.9998300310800311,0.9982479458167067,0.8181818181818182,0.009530126117169857,6.870337963104248
29,2,120,0.9998405279750733,0.9983000373516744,0.8275862068965517,0.0029090738389641047,6.804611682891846
29,2,121,0.9998856097002974,0.9988641695840301,0.7659574468085106,0.0037724310532212257,5.677929878234863
29,2,122,0.9999777577597615,0.9997885220620292,0.7422680412371134,0.008890517987310886,5.985422134399414
29,2,123,0.9986858316221766,0.9741231845230569,0.6944444444444444,0.0025038712192326784,6.085367679595947
29,2,124,0.9984172206394428,0.9700619113012678,0.7222222222222222,0.005303415935486555,6.37013578414917
29,2,125,0.9991756376685093,0.9821620132778277,0.5833333333333334,0.008848547004163265,5.370133399963379
29,2,126,0.999005374187856,0.9853335906035907,0.8767123287671232,0.005915110930800438,7.333652973175049
29,2,127,0.9983579638752053,0.975444926439281,0.7567567567567568,0.020036963745951653,6.24078893661499
29,2,128,0.999937820612467,0.9994763966192536,0.6857142857142857,0.005489152390509844,5.214184761047363
29,2,129,0.9988554273383995,0.979586456954305,0.7638888888888888,0.01589726097881794,6.53021240234375
29,2,130,0.9987777282262194,0.9817594932190096,0.8493150684931506,0.007418648339807987,6.5912017822265625
29,2,131,0.9998309130694251,0.9987006072931564,0.6545454545454545,0.007634156383574009,5.178798198699951
29,2,132,0.9998300310800311,0.9982434379678693,0.8181818181818182,0.009457183070480824,6.356783866882324
29,2,133,0.9985667374226673,0.9762710166050579,0.7916666666666666,0.0032598075922578573,6.858548164367676
29,2,134,0.9998471198471198,0.9985500923621572,0.7272727272727273,0.009076806716620922,5.516291618347168
29,2,135,0.9989806320081549,0.9790545586027833,0.5972222222222222,0.0029368833638727665,5.628589630126953
29,2,136,0.9997925197925197,0.998124329433961,0.7272727272727273,0.01153595931828022,5.650435924530029
29,2,137,0.9990559895833333,0.9853341572449942,0.8888888888888888,0.003012107452377677,7.043294906616211
29,2,138,0.9999183616346333,0.9991939015869591,0.782608695652174,0.012729181908071041,6.341698169708252
29,2,139,0.9997355313615728,0.9976432427023463,0.7346938775510204,0.015657685697078705,5.6163105964660645
29,2,140,0.9985776260578906,0.964778871526692,0.5972222222222222,0.012890513986349106,5.372889995574951
29,2,141,0.9992745376955903,0.9907908588360625,0.8717948717948718,0.0052932812832295895,7.235337734222412
29,2,142,0.9998798293576879,0.9987509011395294,0.8089887640449438,0.009509582072496414,6.433263301849365
29,2,143,0.9999380175534289,0.9993158160417616,0.8372093023255814,0.00520441634580493,6.705787658691406
29,2,144,0.9997362869198313,0.9965845478669104,0.922077922077922,0.013277477584779263,7.302023887634277
29,2,145,0.9992860712500892,0.9885891955475573,0.8055555555555556,0.0036853791680186987,6.450717449188232
29,2,146,0.9989539748953975,0.9854073569050101,0.8666666666666667,0.013695329427719116,7.327004909515381
29,2,147,0.9997470035735745,0.9977396474511133,0.6990291262135923,0.0017966560553759336,5.543121814727783
29,2,148,0.9998856097002975,0.9989380600149638,0.7659574468085106,0.014051842503249645,6.610961437225342
29,2,149,0.9994835805084746,0.9935716423187873,0.8536585365853658,0.006509118247777224,7.268385410308838
29,2,150,0.9981734449993198,0.9671886711804283,0.7361111111111112,0.014221466146409512,6.341224670410156
29,2,151,0.9997025933856769,0.9965820903559568,0.7802197802197802,0.0090878214687109,6.594743728637695
29,2,152,0.9987369062915132,0.9743028870588384,0.6527777777777778,0.00766044482588768,5.665211200714111
29,2,153,0.9986621079232942,0.9812131708828595,0.8493150684931506,0.00461853202432394,6.563884258270264
29,2,154,0.9981706918704676,0.9638158334107096,0.6527777777777778,0.010166571475565434,6.018831729888916
29,2,155,0.9989115997638724,0.9819765560716083,0.7777777777777778,0.009946162812411785,6.3297834396362305
29,2,156,0.9989329268292683,0.9749850027222039,0.5555555555555556,0.004105411935597658,5.377902984619141
29,2,157,0.9991749644381224,0.9888149030237545,0.8961038961038961,0.005694076884537935,7.398920059204102
29,2,158,0.999958547074978,0.999650502402796,0.6857142857142857,0.004653160460293293,5.273801326751709
29,2,159,0.9997847147470398,0.9979064129704899,0.7578947368421053,0.0058328453451395035,5.997864246368408
29,2,160,0.9990628660679421,0.9754748554627375,0.5416666666666666,0.002005011308938265,5.403963565826416
29,2,161,0.998876668231507,0.9833911663345227,0.8611111111111112,0.004461520817130804,6.909265995025635
29,2,162,0.9999158805503816,0.9991355127530017,0.8089887640449438,0.00570104131475091,5.7091169357299805
29,2,163,0.9981995884773662,0.9666636002864242,0.7222222222222222,0.004654211457818747,6.384172439575195
29,2,164,0.9994310224089636,0.9929983367496762,0.8947368421052632,0.00480875838547945,6.796639919281006
29,2,165,0.9996747438607904,0.996278040647304,0.9230769230769231,0.006842283997684717,7.076402187347412
29,2,166,0.9985019491684115,0.9779153725315288,0.821917808219178,0.011382736265659332,6.715479850769043
29,2,167,0.9992357959419205,0.9884827603659065,0.9041095890410958,0.007128292229026556,7.040961742401123
29,2,168,0.9986834638520031,0.9694942975298162,0.625,0.0030782807152718306,5.6114630699157715
29,2,169,0.9987240829346092,0.9784245804661393,0.7638888888888888,0.007076846435666084,6.170504570007324
29,2,170,0.9985264227642277,0.9630355336145859,0.5555555555555556,0.010543286800384521,5.39082145690918
29,2,171,0.998716611855298,0.9814958632980972,0.8513513513513513,0.004275056999176741,6.973933696746826
29,2,172,0.9990155057839035,0.9858341783078206,0.8918918918918919,0.006169968284666538,7.3725104331970215
29,2,173,0.9997596587153759,0.9974299686208542,0.8089887640449438,0.0016756622353568673,6.069851875305176
29,2,174,0.9982469512195121,0.9606256353417927,0.5555555555555556,0.005356749519705772,5.493549823760986
29,2,175,0.9985626864696531,0.9686720649361779,0.6527777777777778,0.008789252489805222,5.761091232299805
29,2,176,0.999277012060054,0.9899365475892403,0.8918918918918919,0.009463922120630741,7.189062595367432
29,2,177,0.9985698428961749,0.9718745233945203,0.6666666666666666,0.003810115857049823,5.964166164398193
29,2,178,0.9999122971872455,0.9990531949456898,0.8470588235294118,0.011102413758635521,6.032979488372803
29,2,179,0.9985037794143364,0.9734627746419214,0.7361111111111112,0.003395348321646452,6.219161510467529
29,2,180,0.9999546767888505,0.9995543792789419,0.7578947368421053,0.007278895005583763,5.810502052307129
29,2,181,0.9992058928229142,0.979592398524739,0.5138888888888888,0.009794448502361774,5.3379974365234375
29,2,182,0.9992620518167964,0.9892257608001562,0.8513513513513513,0.004949852358549833,7.0966596603393555
29,2,183,0.99996810003828,0.9997116308869439,0.7058823529411765,0.0035725701600313187,5.546947956085205
29,2,184,0.9988118489583334,0.9826304696753834,0.863013698630137,0.00896056741476059,6.714859485626221
29,2,185,0.9998866919721262,0.9988818221357592,0.7578947368421053,0.015080119483172894,5.8346476554870605
29,2,186,0.9998226950354611,0.9979623754467297,0.8571428571428571,0.00788797065615654,7.089648246765137
29,2,187,0.9997881355932203,0.997548864499671,0.9,0.0009318888187408447,6.78207540512085
29,2,188,0.9989275317910219,0.9845275385509582,0.821917808219178,0.004401117097586393,6.638628005981445
29,2,189,0.9991726273086367,0.9800671943592871,0.5277777777777778,0.006796336267143488,5.313320636749268
29,2,190,0.9991805144548145,0.9896301648948962,0.8552631578947368,0.004449474159628153,7.265514850616455
29,2,191,0.9985007496251874,0.9761316162140621,0.7808219178082192,0.00562357297167182,6.068973541259766
29,3,0,0.9985661268556005,0.9652893616394729,0.5,0.017338193953037262,6.556183338165283
29,3,1,0.999561156900122,0.9945447491799914,0.9102564102564102,0.00564973009750247,3.798961877822876
29,3,2,0.9998140526602866,0.9980183758947577,0.8372093023255814,0.006149834953248501,3.2090492248535156
29,3,3,0.9990089688320697,0.9846555612200918,0.875,0.0007997851935215294,4.561401844024658
29,3,4,0.9989332096474954,0.9756002674452223,0.6111111111111112,0.011529365554451942,5.732199192047119
29,3,5,0.9989115997638726,0.9797516306007902,0.7777777777777778,0.005231743678450584,4.768380641937256
29,3,6,0.9997748940677966,0.9974176249342253,0.9,0.002503813011571765,3.699183702468872
29,3,7,0.999611370197646,0.9952347605052501,0.922077922077922,0.010229406878352165,3.0152881145477295
29,3,8,0.9994814398686315,0.993419778280697,0.9078947368421053,0.0023204716853797436,4.2261962890625
29,3,9,0.9988041693438995,0.9804557230154927,0.8055555555555556,0.00850991252809763,4.357673645019531
29,3,10,0.9996923455574699,0.9955673764800417,0.9444444444444444,0.0033954624086618423,4.788106441497803
29,3,11,0.9998223853645541,0.9985617235340811,0.6486486486486487,0.00403916509822011,3.060330867767334
29,3,12,0.9990038370720189,0.9838328575448326,0.7777777777777778,0.014855663292109966,4.969961166381836
29,3,13,0.998523210850514,0.9745673391995366,0.7361111111111112,0.015320866368710995,4.771885395050049
29,3,14,0.9989104528430371,0.9746558126222205,0.625,0.014118119142949581,4.885614395141602
29,3,15,1.0,1.0,0.8372093023255814,0.005511794239282608,2.629340410232544
29,3,16,0.9990055352284454,0.9833619548948717,0.7638888888888888,0.011406047269701958,4.525899410247803
29,3,17,0.9997744784814885,0.9976132091232288,0.8470588235294118,0.00999560859054327,2.960092782974243
29,3,18,0.999908274646093,0.9992282855997167,0.6728971962616822,0.013871697708964348,2.7907228469848633
29,3,19,0.9998267409981757,0.9985692125595977,0.6728971962616822,0.007136702537536621,3.143857479095459
29,3,20,0.9997494205349872,0.9972301102030576,0.8470588235294118,0.0017472021281719208,3.138476848602295
29,3,21,1.0,1.0,0.7422680412371134,0.010331016033887863,2.8858470916748047
29,3,22,0.9999059364548495,0.9991648920723621,0.6923076923076923,0.009702750481665134,2.7444067001342773
29,3,23,0.9983986335005871,0.9620366930115477,0.5277777777777778,0.012309307232499123,5.609926223754883
29,3,24,0.9999214484898472,0.9990965680559346,0.8888888888888888,0.002973799593746662,3.6960132122039795
29,3,25,0.9996301564722617,0.9951562384752253,0.8961038961038961,0.008220252580940723,4.169475078582764
29,3,26,0.9999059364548495,0.9991648920723621,0.6923076923076923,0.00205211085267365,2.7425827980041504
29,3,27,0.9997049525816649,0.996169185966411,0.9342105263157895,0.008958221413195133,4.180222988128662
29,3,28,0.999016422235883,0.9849479278156376,0.7945205479452054,0.01444099098443985,4.617338180541992
29,3,29,0.9991658580596837,0.9877338822476898,0.8472222222222222,0.006062372121959925,4.496850490570068
29,3,30,0.9986980937761111,0.9770961303879403,0.7361111111111112,0.008487118408083916,4.770025730133057
29,3,31,0.9993940558355379,0.9922842874605174,0.881578947368421,0.00756515609100461,4.238821029663086
29,3,32,0.9993517998357894,0.9917098965365607,0.8831168831168831,0.004205083474516869,4.172238349914551
29,3,33,0.9998058101600125,0.9976725101522034,0.8554216867469879,0.010747716762125492,3.5459353923797607
29,3,34,0.9986723935962515,0.9672722105834352,0.5416666666666666,0.008075008168816566,5.829583644866943
29,3,35,0.99892578125,0.9845027351991197,0.863013698630137,0.007816780358552933,4.227159023284912
29,3,36,0.9998765265804597,0.9988568298394647,0.75,0.004992248490452766,2.813267230987549
29,3,37,0.9992000984494216,0.9892720271353102,0.8918918918918919,0.0050940546207129955,4.354200839996338
29,3,38,0.9999083565714884,0.9989727975081153,0.8888888888888888,0.004406724125146866,2.804171562194824
29,3,39,0.9994031756606707,0.9929440693207715,0.8974358974358975,0.004716092254966497,4.0322489738464355
29,3,40,0.9996066034422199,0.9950116467677594,0.9090909090909091,0.008358689025044441,3.9643893241882324
29,3,41,0.9977066324190441,0.9334208175636856,0.4583333333333333,0.011008732952177525,7.25575590133667
29,3,42,0.9993761599525881,0.9912492738192262,0.9041095890410958,0.010735766962170601,4.521536827087402
29,3,43,0.9983983572895277,0.9666859675858355,0.6944444444444444,0.012266090139746666,4.907557964324951
29,3,44,0.9994233249867213,0.9921137444630337,0.9315068493150684,0.005809237714856863,4.4103264808654785
29,3,45,0.9999551005747127,0.999575836489899,0.75,0.004838690161705017,2.69382381439209
29,3,46,0.9997909698996656,0.9983690008479165,0.6923076923076923,0.015053749084472656,2.9686436653137207
29,3,47,0.9998907342657343,0.998860166469478,0.8181818181818182,0.01175783108919859,2.9783782958984375
29,3,48,0.9998223244147157,0.9984690175883354,0.6923076923076923,0.015035129152238369,2.9857749938964844
29,3,49,0.9987504880905896,0.9674638115036744,0.5416666666666666,0.006356590893119574,5.93958044052124
29,3,50,0.9991828396322778,0.9828020951019464,0.625,0.005449933931231499,5.299693584442139
29,3,51,0.9994385006449655,0.9923661285656871,0.9054054054054054,0.011431687511503696,4.4420599937438965
29,3,52,0.9986533353010625,0.977908866122047,0.7534246575342466,0.010930672287940979,4.637905597686768
29,3,53,0.998066150973593,0.9583897908136578,0.6388888888888888,0.007196574937552214,5.261430263519287
29,3,54,0.9991581108829569,0.9842042735897644,0.6944444444444444,0.006847292650490999,5.204738140106201
29,3,55,0.9998596280142377,0.9988879413504257,0.6605504587155964,0.01036545168608427,3.1646294593811035
29,3,56,0.9993723469269775,0.9905466292713483,0.8493150684931506,0.008549553342163563,4.411735534667969
29,3,57,0.9990089967549501,0.9816220751312493,0.7361111111111112,0.005654590204358101,4.744841575622559
29,3,58,0.9995902572274072,0.9945687632936229,0.9054054054054054,0.00857666414231062,4.471931457519531
29,3,59,0.9998549147624229,0.9987788127315655,0.6857142857142857,0.0007133256294764578,2.819868326187134
29,3,60,0.9987345855147259,0.9693462706755325,0.5694444444444444,0.0054358732886612415,5.916748523712158
29,3,61,0.9983106606206099,0.9640644671131037,0.6388888888888888,0.00654798187315464,5.132828712463379
29,3,62,0.9990107973978942,0.9850163742557819,0.8611111111111112,0.006867311894893646,4.51815128326416
29,3,63,0.9979182235507633,0.9456084880677029,0.5277777777777778,0.009078128263354301,5.9796342849731445
29,3,64,0.999861855283542,0.998870897987475,0.6486486486486487,0.008848946541547775,2.923131227493286
29,3,65,0.9990778619810877,0.9856005184888725,0.8611111111111112,0.003768887370824814,4.403053283691406
29,3,66,0.9997531507563187,0.9969627984965115,0.9102564102564102,0.009618214331567287,3.912902355194092
29,3,67,0.9996498599439776,0.995393987032291,0.8947368421052632,0.012682278640568256,4.106523036956787
29,3,68,0.9985112770761482,0.9630636636017904,0.5694444444444444,0.011883530765771866,5.8692121505737305
29,3,69,0.9987329954654575,0.9735359547800316,0.6388888888888888,0.015517231076955795,4.612099647521973
29,3,70,0.998671096345515,0.966920643917746,0.4861111111111111,0.010395817458629608,6.453815937042236
29,3,71,0.9989558506412439,0.9769928657070858,0.625,0.007451082579791546,5.270213603973389
29,3,72,0.9991616927100798,0.9877585219838699,0.8356164383561644,0.010781098157167435,4.518988132476807
29,3,73,0.9999332732792846,0.999368775874553,0.7422680412371134,0.015012295916676521,2.6243715286254883
29,3,74,0.9997940974605354,0.997890404546301,0.7659574468085106,0.006118140183389187,2.6151227951049805
29,3,75,0.999688608636662,0.9970295648567977,0.7422680412371134,0.003915042150765657,2.8466315269470215
29,3,76,0.999093162444834,0.9828870155194992,0.7083333333333334,0.007955415174365044,5.074581623077393
29,3,77,0.99996723996724,0.9996979495929392,0.7272727272727273,0.008378067053854465,2.827411651611328
29,3,78,0.9997493357397103,0.9979479897600423,0.6605504587155964,0.01443887036293745,2.8841891288757324
29,3,79,0.9996319872687487,0.9970220371415575,0.6545454545454545,0.004950347356498241,3.18815541267395
29,3,80,0.9981961382113821,0.9578356530681562,0.5555555555555556,0.006521372590214014,6.050330638885498
29,3,81,0.9991838796805471,0.9853538151518579,0.7361111111111112,0.004269132390618324,4.680922985076904
29,3,82,0.9992738589211618,0.9891623279369925,0.8333333333333334,0.008554165251553059,4.66080379486084
29,3,83,0.9997368915617365,0.99700005065369,0.8470588235294118,0.01044380385428667,2.4745748043060303
29,3,84,0.9992377882793615,0.9843591806142145,0.6527777777777778,0.008258380927145481,5.297230243682861
29,3,85,0.999095547309833,0.9812728046761928,0.6111111111111112,0.002219456946477294,5.624341011047363
29,3,86,0.9997642780172414,0.9977269365719766,0.75,0.013868899084627628,2.5412509441375732
29,3,87,0.9998036212246181,0.9976947235191028,0.8888888888888888,0.010138003155589104,3.575829267501831
29,3,88,0.9998907342657343,0.9988634779209487,0.8181818181818182,0.01360319834202528,2.638768434524536
29,3,89,0.9997540262026824,0.997113178025594,0.8780487804878049,0.006792452186346054,3.490494966506958
29,3,90,0.9999551005747127,0.9995833333333334,0.75,0.005075177643448114,2.573885202407837
29,3,91,0.9999463651673943,0.9995247898198589,0.7128712871287128,0.004962884355336428,3.09216570854187
29,3,92,0.9993360911087278,0.9895826920326359,0.8472222222222222,0.0049513583071529865,4.5690226554870605
29,3,93,0.9987940630797774,0.9737032529260944,0.6111111111111112,0.004255880136042833,6.025132179260254
29,3,94,0.9990528585534934,0.9819055309610973,0.7083333333333334,0.017315780743956566,4.843906879425049
29,3,95,0.9989690721649485,0.981853337742908,0.75,0.012466617859899998,4.681994438171387
29,3,96,0.9992436540731996,0.9875569390307746,0.7777777777777778,0.0062677497044205666,4.554183006286621
29,3,97,0.99984464812801,0.9982063738920248,0.8780487804878049,0.0019185335841029882,3.7382171154022217
29,3,98,0.9985975928833072,0.9715365462457515,0.6805555555555556,0.013157149776816368,4.687995433807373
29,3,99,0.9994382309381543,0.9913829473109642,0.8472222222222222,0.011105361394584179,4.44425106048584
29,3,100,0.9998989762931034,0.9990582832318724,0.75,0.00961748044937849,2.620851516723633
29,3,101,0.9998034398034399,0.9981460349498792,0.7272727272727273,0.00645191827788949,2.8608992099761963
29,3,102,0.9995571582210413,0.9938086332013845,0.8904109589041096,0.009953838773071766,4.631497383117676
29,3,103,0.999845348560552,0.9984063570766888,0.8,0.002783730160444975,2.9800684452056885
29,3,104,0.9989286027926583,0.983912457059758,0.7945205479452054,0.007124011404812336,4.638513088226318
29,3,105,0.9990610958352895,0.9857569782384841,0.8611111111111112,0.00647778483107686,4.16911506652832
29,3,106,0.9998575941173424,0.9983363438823585,0.8780487804878049,0.002552659483626485,4.003662109375
29,3,107,0.9988741908246552,0.9795901980226475,0.7638888888888888,0.014254431240260601,4.496429920196533
29,3,108,0.9991789819376026,0.986230691919005,0.8055555555555556,0.008412091061472893,4.513622760772705
29,3,109,0.9988022387247109,0.9745185833580379,0.6527777777777778,0.003511121030896902,4.967132091522217
29,3,110,0.9994814398686315,0.9933923373287518,0.8831168831168831,0.011511682532727718,4.113306999206543
29,3,111,0.9991906578795237,0.987798307195205,0.875,0.0075566116720438,4.480251789093018
29,3,112,0.9994385176866929,0.9921494526444087,0.8767123287671232,0.0020995938684791327,4.615746021270752
29,3,113,0.9999650121291286,0.9996455297350169,0.782608695652174,0.011973384767770767,2.6200411319732666
29,3,114,0.9998016561709724,0.997803588222721,0.8372093023255814,0.005366114433854818,2.915187358856201
29,3,115,0.9989997332622033,0.9791885480994011,0.6388888888888888,0.011995602399110794,5.5023579597473145
29,3,116,0.9998209667793913,0.9985032485229862,0.6545454545454545,0.0093539385125041,2.965785026550293
29,3,117,1.0,1.0,0.8,0.003275573719292879,2.554675817489624
29,3,118,0.9997454959480275,0.9969363887088445,0.8875,0.0033119916915893555,3.2173454761505127
29,3,119,0.9998057498057499,0.9980133674516967,0.8181818181818182,0.009530126117169857,3.254110336303711
29,3,120,0.9998650621327544,0.9985587415748431,0.8275862068965517,0.005853399634361267,2.723879337310791
29,3,121,0.9999656829100891,0.9996651954127056,0.7659574468085106,0.008421415463089943,2.597931146621704
29,3,122,0.9999888788798807,0.9998948032821375,0.7422680412371134,0.008890517987310886,2.723317861557007
29,3,123,0.998952772073922,0.97927479419015,0.6944444444444444,0.010203431360423565,4.698832988739014
29,3,124,0.9985952833175055,0.9736362106671779,0.7222222222222222,0.008494765497744083,4.936421871185303
29,3,125,0.9994180971777714,0.9868324455956504,0.5833333333333334,0.007467253133654594,5.97111177444458
29,3,126,0.9991657977059437,0.9880007178152087,0.8767123287671232,0.005915110930800438,3.814578056335449
29,3,127,0.9987149282501606,0.9805015147974783,0.7567567567567568,0.01699519157409668,4.621801376342773
29,3,128,0.9998963676874449,0.9991302275705947,0.6857142857142857,0.005489152390509844,2.856750011444092
29,3,129,0.9990805891734685,0.9837912413339371,0.7638888888888888,0.01589726097881794,4.415475845336914
29,3,130,0.9989098657152767,0.9839700040343347,0.8493150684931506,0.0044331601820886135,4.430633544921875
29,3,131,0.9997314501690869,0.9980166045649522,0.6545454545454545,0.007634156383574009,3.1146841049194336
29,3,132,0.999866452991453,0.9986138062359649,0.8181818181818182,0.0005089471233077347,2.7136118412017822
29,3,133,0.9988025907581778,0.9806347666122129,0.7916666666666666,0.009297066368162632,4.203039169311523
29,3,134,0.9996942396942397,0.9971794124584443,0.7272727272727273,0.004526710603386164,2.7094244956970215
29,3,135,0.9992414005642083,0.9829499505773767,0.5972222222222222,0.002193923108279705,5.796805381774902
29,3,136,0.9997379197379197,0.9976592140405728,0.7272727272727273,0.007203293032944202,2.6953694820404053
29,3,137,0.9992024739583333,0.9877665063652521,0.8888888888888888,0.0034120625350624323,4.644516944885254
29,3,138,0.9998717111401381,0.9987250139924297,0.782608695652174,0.01236321497708559,2.686375856399536
29,3,139,0.9997245118349716,0.9975628839959356,0.7346938775510204,0.015657685697078705,2.638218641281128
29,3,140,0.998696157219733,0.9682740071194794,0.5972222222222222,0.010322623886168003,5.369168281555176
29,3,141,0.9994736842105264,0.9932551807266787,0.8717948717948718,0.0047527397982776165,4.180388450622559
29,3,142,0.9998798293576879,0.9987435254975785,0.8089887640449438,0.007741012144833803,3.001447916030884
29,3,143,0.9998884315961719,0.9987677413953935,0.8372093023255814,0.00520441634580493,3.4851303100585938
29,3,144,0.9998056850988231,0.997526615142752,0.922077922077922,0.009391703642904758,3.8933751583099365
29,3,145,0.9994824016563147,0.991828375869763,0.8055555555555556,0.012677020393311977,4.528243541717529
29,3,146,0.9992770120600541,0.9897847965955582,0.9178082191780822,0.0014337003231048584,4.390659332275391
29,3,147,0.9996205053603617,0.9966078873506417,0.6990291262135923,0.00313183362595737,2.9505231380462646
29,3,148,0.999908487760238,0.9991656236962868,0.7659574468085106,0.013267867267131805,2.6475741863250732
29,3,149,0.9995895127118644,0.9949611862304535,0.8765432098765432,0.010093288496136665,3.5575737953186035
29,3,150,0.9984649165419816,0.9727105366699786,0.7361111111111112,0.013721148483455181,4.702060699462891
29,3,151,0.999678800856531,0.9963508230109058,0.7802197802197802,0.006036810111254454,2.7679412364959717
29,3,152,0.9988675711579085,0.9771566414303918,0.6527777777777778,0.0014349231496453285,5.163946628570557
29,3,153,0.9987116594816907,0.9819476937290963,0.8493150684931506,0.004023941699415445,4.766210079193115
29,3,154,0.998475576558723,0.9698515463620152,0.6527777777777778,0.008849957957863808,4.899208068847656
29,3,155,0.9990222845336482,0.9841971725906753,0.7777777777777778,0.011503344401717186,4.4891767501831055
29,3,156,0.9990853658536585,0.977356855090285,0.5555555555555556,0.011770294979214668,5.597644805908203
29,3,157,0.9992460881934566,0.9897086113163993,0.8961038961038961,0.0024224005173891783,3.7626287937164307
29,3,158,0.9998963676874449,0.9991300196952069,0.6857142857142857,0.004653160460293293,2.790083885192871
29,3,159,0.9997393915358903,0.9974659078511544,0.7578947368421053,0.009005725383758545,2.5388717651367188
29,3,160,0.999166992060393,0.978605509910662,0.5416666666666666,0.00839208997786045,5.103422164916992
29,3,161,0.9989269666689021,0.9845786044378861,0.8356164383561644,0.01093218382447958,4.586950778961182
29,3,162,0.9999158805503816,0.9991314288990252,0.8089887640449438,0.009965752251446247,2.9647114276885986
29,3,163,0.9984765748654638,0.9722027839124072,0.7222222222222222,0.005981013644486666,4.819728851318359
29,3,164,0.9994018440709618,0.9925417375906953,0.8701298701298701,0.013468317687511444,4.5986328125
29,3,165,0.9997696102347264,0.9972803916848717,0.9230769230769231,0.003050300758332014,4.268525123596191
29,3,166,0.9987402754370733,0.981608557536026,0.7972972972972973,0.015912994742393494,4.282444953918457
29,3,167,0.9993293719490323,0.9899067226349592,0.9305555555555556,0.004187364596873522,4.637208461761475
29,3,168,0.9987742594484168,0.9717773351787076,0.625,0.006929456256330013,4.967390537261963
29,3,169,0.9987803733933764,0.9797720319078849,0.7638888888888888,0.004097844939678907,4.872864723205566
29,3,170,0.998704268292683,0.9678538905838607,0.5555555555555556,0.003101558890193701,6.121455669403076
29,3,171,0.9988289083179595,0.98320614148549,0.8266666666666667,0.0027901872526854277,4.34779167175293
29,3,172,0.9992616293379276,0.9893491602366711,0.8918918918918919,0.006169968284666538,4.672137260437012
29,3,173,0.9998077269723007,0.997973679764212,0.8089887640449438,0.007603940088301897,2.759030818939209
29,3,174,0.9984502032520326,0.9649187424855961,0.5555555555555556,0.005327852442860603,6.25792121887207
29,3,175,0.9987804612469784,0.9743019536564261,0.6527777777777778,0.001886834274046123,5.217809677124023
29,3,176,0.9994308392813193,0.9921268467894965,0.9178082191780822,0.01197628304362297,4.362817764282227
29,3,177,0.9988473360655737,0.977175801949931,0.6666666666666666,0.014124802313745022,5.187129974365234
29,3,178,0.9998747102674935,0.99861805731125,0.8470588235294118,0.002425538143143058,3.3425686359405518
29,3,179,0.9987369566484658,0.9774459125117121,0.7361111111111112,0.011903049424290657,4.631008625030518
29,3,180,0.9999546767888505,0.9995543792789419,0.7578947368421053,0.007278895005583763,2.7438859939575195
29,3,181,0.9991237438045949,0.978610448027984,0.5138888888888888,0.0073751043528318405,5.694484710693359
29,3,182,0.999358305927649,0.9907482216887388,0.8513513513513513,0.004949852358549833,4.135501384735107
29,3,183,0.9999255667559865,0.999338816071331,0.7058823529411765,0.0035725701600313187,2.666149139404297
29,3,184,0.99892578125,0.9844335141438756,0.863013698630137,0.010418953374028206,4.235757350921631
29,3,185,0.9998640303665515,0.9986583522067791,0.7578947368421053,0.01078658364713192,2.6042423248291016
29,3,186,0.9998100303951368,0.9978419752702958,0.8571428571428571,0.004626472480595112,3.4024055004119873
29,3,187,0.9997616525423728,0.997229305634969,0.9,0.004073424730449915,3.9756650924682617
29,3,188,0.9990807415351616,0.9868858108048465,0.7972972972972973,0.010041031055152416,4.5891547203063965
29,3,189,0.9992793850752641,0.9825147060076254,0.5277777777777778,0.0027853494975715876,6.600916385650635
29,3,190,0.9993474466955004,0.9916488669441862,0.8552631578947368,0.008561929687857628,4.371127605438232
29,3,191,0.9987506246876562,0.9797922833162458,0.7808219178082192,0.012487797997891903,4.652337551116943
29,4,0,0.9985098965362124,0.9639410812472649,0.5,0.002266860334202647,3.328627824783325
29,4,1,0.9995200153595084,0.9940116020625714,0.9102564102564102,0.00564973009750247,2.0266857147216797
29,4,2,0.9998016561709724,0.9979049204948784,0.8372093023255814,0.011167426593601704,2.2465980052948
29,4,3,0.9990420032043341,0.9852475233315321,0.875,0.0007997851935215294,1.9990566968917847
29,4,4,0.999025974025974,0.9776981415785113,0.6111111111111112,0.01307667139917612,3.387486457824707
29,4,5,0.9990407319952775,0.9822821336262697,0.7777777777777778,0.005797499790787697,2.539762258529663
29,4,6,0.9997748940677965,0.9974144282575915,0.9,0.002503813011571765,2.157837390899658
29,4,7,0.999611370197646,0.9952855464995534,0.922077922077922,0.010229406878352165,1.8853079080581665
29,4,8,0.9994670354205379,0.9932295960916726,0.9078947368421053,0.0023204716853797436,1.9372501373291016
29,4,9,0.9988755622188905,0.9815317973389212,0.8055555555555556,0.0029852569568902254,2.206423282623291
29,4,10,0.9996461973910904,0.9949068594604888,0.9444444444444444,0.0033954624086618423,2.0116567611694336
29,4,11,0.999822385364554,0.9985636328905236,0.6486486486486487,0.00403916509822011,3.8093581199645996
29,4,12,0.9990960743801653,0.985213955209747,0.7777777777777778,0.014855663292109966,2.498810052871704
29,4,13,0.9986009365952238,0.9761479236463668,0.7361111111111112,0.010245159268379211,2.7176449298858643
29,4,14,0.9989785495403473,0.9768535913250773,0.625,0.0078027574345469475,3.3254001140594482
29,4,15,0.9999752070213715,0.9997311376761593,0.8372093023255814,0.0016585765406489372,2.384795665740967
29,4,16,0.9990993526597242,0.9848975101666005,0.7638888888888888,0.011406047269701958,2.262730121612549
29,4,17,0.9997494205349872,0.9973697389784221,0.8470588235294118,0.00999560859054327,2.2953686714172363
29,4,18,0.999908274646093,0.9992282855997167,0.6728971962616822,0.013871697708964348,3.4674758911132812
29,4,19,0.9998267409981757,0.9985692125595977,0.6728971962616822,0.007136702537536621,3.418389081954956
29,4,20,0.9997118336152353,0.9967784400537425,0.8470588235294118,0.0039934334345161915,2.313589096069336
29,4,21,0.9999888788798807,0.9998948032821375,0.7422680412371134,0.012669094838202,3.4737188816070557
29,4,22,0.9999059364548495,0.9991648920723621,0.6923076923076923,0.006071859505027533,3.526071071624756
29,4,23,0.9986121490338422,0.9664545836818825,0.5277777777777778,0.016946399584412575,3.4595682621002197
29,4,24,0.9999214484898472,0.9990908042309542,0.8888888888888888,0.007533062715083361,2.1646106243133545
29,4,25,0.9996870554765291,0.9958699290658487,0.9210526315789473,0.011249113827943802,2.031571626663208
29,4,26,0.9998745819397994,0.9988772127849277,0.6923076923076923,0.00205211085267365,3.4695868492126465
29,4,27,0.9996768528275377,0.9957355529679974,0.9342105263157895,0.0023522910196334124,1.9915934801101685
29,4,28,0.9991042416791077,0.986380815648733,0.7945205479452054,0.01444099098443985,2.2539427280426025
29,4,29,0.9991999046694926,0.988327385282965,0.8472222222222222,0.007647110614925623,2.0541701316833496
29,4,30,0.9987952509569983,0.9788692049862815,0.7361111111111112,0.006977374665439129,2.6501221656799316
29,4,31,0.9994088349615003,0.992434712791251,0.9066666666666666,6.386391760315746e-05,1.9297337532043457
29,4,32,0.9993517998357894,0.9917401488598446,0.8831168831168831,0.004952969495207071,1.9034571647644043
29,4,33,0.9997669721920149,0.9972120167509293,0.8554216867469879,0.006810238119214773,2.093928098678589
29,4,34,0.9984901731094624,0.9657923821734397,0.5416666666666666,0.004774102475494146,3.1204166412353516
29,4,35,0.9989908854166667,0.9856086910490014,0.863013698630137,0.007816780358552933,1.9534716606140137
29,4,36,0.9998653017241379,0.9987494650733828,0.75,0.004673214629292488,3.5336709022521973
29,4,37,0.9992000984494216,0.9893169186553263,0.8666666666666667,0.009989755228161812,1.9582114219665527
29,4,38,0.9999083565714884,0.9989727975081156,0.8888888888888888,0.004406724125146866,2.0605804920196533
29,4,39,0.9994031756606706,0.9929111121939926,0.8974358974358975,0.004716092254966497,2.0183660984039307
29,4,40,0.9996066034422199,0.9950116467677594,0.9090909090909091,0.008358689025044441,2.002988576889038
29,4,41,0.9978289453566951,0.9389126220035966,0.4583333333333333,0.007778767496347427,3.0866026878356934
29,4,42,0.9993293719490323,0.9906692737403967,0.9041095890410958,0.010735766962170601,1.9513288736343384
29,4,43,0.9984599589322382,0.9681838579067882,0.6944444444444444,0.005819997750222683,2.780508041381836
29,4,44,0.9994385006449654,0.9924134288699853,0.9054054054054054,0.0033103313762694597,1.9023295640945435
29,4,45,0.9999438757183908,0.999469566802041,0.75,0.004838690161705017,3.0780680179595947
29,4,46,0.9997909698996656,0.9983690008479165,0.6923076923076923,0.015053749084472656,3.628345012664795
29,4,47,0.9998664529914529,0.9986141917108299,0.8181818181818182,0.01175783108919859,2.475534677505493
29,4,48,0.999811872909699,0.9983825452527009,0.6923076923076923,0.015250506810843945,3.7104814052581787
29,4,49,0.9988285825849278,0.9698264061739614,0.5416666666666666,0.009261945262551308,2.981769561767578
29,4,50,0.9992963341277948,0.9847745464552027,0.625,0.0017264161724597216,3.0656094551086426
29,4,51,0.9994536763032097,0.9925243564137882,0.9054054054054054,0.013024902902543545,1.947635293006897
29,4,52,0.9988562573789846,0.980685935047026,0.7777777777777778,0.004464969504624605,2.6367595195770264
29,4,53,0.9982662043211523,0.9630264175349318,0.6388888888888888,0.004036043304949999,2.7964890003204346
29,4,54,0.9991991786447638,0.9849456345679675,0.6944444444444444,0.013793242163956165,2.9623425006866455
29,4,55,0.999829548303003,0.998656880633786,0.6605504587155964,0.01036545168608427,3.6335723400115967
29,4,56,0.9994053812992418,0.9910253717971542,0.8493150684931506,0.008549553342163563,1.9938671588897705
29,4,57,0.9991255853720148,0.9840212612442634,0.7361111111111112,0.007558739744126797,2.8023483753204346
29,4,58,0.9995902572274072,0.9944782732535203,0.9054054054054054,0.005494799464941025,1.914635419845581
29,4,59,0.9998445515311674,0.9986881267185495,0.6857142857142857,0.0007133256294764578,3.5764355659484863
29,4,60,0.9986601493685333,0.9680616839860023,0.5694444444444444,0.011564546264708042,3.119607448577881
29,4,61,0.9983773450697965,0.9655336498897925,0.6388888888888888,0.01088491640985012,3.0226354598999023
29,4,62,0.9990275635436926,0.9853783991288341,0.8356164383561644,0.007201929111033678,2.1424405574798584
29,4,63,0.9980516707590477,0.9492723832848431,0.5277777777777778,0.002667830791324377,3.2612392902374268
29,4,64,0.999851987803795,0.9987850979016748,0.6486486486486487,0.012699304148554802,3.7322335243225098
29,4,65,0.9991113942726846,0.9862030793783906,0.8611111111111112,0.003768887370824814,1.9992289543151855
29,4,66,0.9997942922969322,0.9974384967161121,0.9102564102564102,0.0016113364836201072,2.045978546142578
29,4,67,0.9996498599439776,0.9954054365863685,0.92,0.009958726353943348,1.9023000001907349
29,4,68,0.9986601493685333,0.9670249107461832,0.5694444444444444,0.017665276303887367,3.134812116622925
29,4,69,0.9987552236151863,0.9739333963653614,0.6388888888888888,0.017287958413362503,3.3473963737487793
29,4,70,0.9986422071356348,0.9677208779898694,0.4861111111111111,0.005683212541043758,3.0116827487945557
29,4,71,0.999023947338554,0.9784517069439513,0.625,0.003587206592783332,3.01701021194458
29,4,72,0.9991449265642813,0.9874757402494753,0.8356164383561644,0.010781098157167435,2.028254270553589
29,4,73,0.9999332732792847,0.9993729398976086,0.7422680412371134,0.009640286676585674,3.3450491428375244
29,4,74,0.9997712194005949,0.997646306233567,0.7659574468085106,0.011873130686581135,3.0572030544281006
29,4,75,0.9996330030360658,0.9964979365713265,0.7422680412371134,0.003915042150765657,3.475250720977783
29,4,76,0.9991334663361748,0.9835770246347315,0.7083333333333334,0.009872978553175926,2.855858087539673
29,4,77,0.99995631995632,0.9996008810625567,0.7272727272727273,0.0047577014192938805,3.8127927780151367
29,4,78,0.9997593623101219,0.998024267410691,0.6605504587155964,0.01443887036293745,3.694643974304199
29,4,79,0.999622040978715,0.99692304182188,0.6545454545454545,0.009246427565813065,3.665601968765259
29,4,80,0.9982723577235773,0.9594658414166108,0.5555555555555556,0.00575090991333127,2.9458706378936768
29,4,81,0.9993004682976119,0.9873359019529964,0.7361111111111112,0.004269132390618324,2.457617998123169
29,4,82,0.9992738589211618,0.9891985041653146,0.8333333333333334,0.008554165251553059,2.243445634841919
29,4,83,0.9997368915617365,0.99700005065369,0.8470588235294118,0.01044380385428667,2.4075398445129395
29,4,84,0.999303120712559,0.9857166958691921,0.6527777777777778,0.0021063045132905245,2.7964744567871094
29,4,85,0.999165120593692,0.9825870329007983,0.6111111111111112,0.005924909375607967,2.961167335510254
29,4,86,0.9997530531609196,0.9976098953734747,0.75,0.013868899084627628,3.206601142883301
29,4,87,0.9997905293062592,0.9975067118317605,0.8888888888888888,0.010138003155589104,2.1649203300476074
29,4,88,0.9998664529914529,0.9986095995845574,0.8181818181818182,0.00923383142799139,2.5426547527313232
29,4,89,0.9997540262026824,0.9971067017161652,0.8780487804878049,0.003969480749219656,2.1509757041931152
29,4,90,0.9999102011494253,0.9991654458813228,0.75,0.005075177643448114,3.1475746631622314
29,4,91,0.9999356382008732,0.9994257799188688,0.7128712871287128,0.00619905348867178,3.606821298599243
29,4,92,0.9993360911087278,0.9895979022721775,0.8472222222222222,0.0049513583071529865,2.1098039150238037
29,4,93,0.9988636363636364,0.9753898285455967,0.6111111111111112,0.009560803882777691,2.6587491035461426
29,4,94,0.9991334663361747,0.9834542021675984,0.7083333333333334,0.009491407312452793,3.0599234104156494
29,4,95,0.9990836197021764,0.9838906314514702,0.75,0.0056646429002285,2.6061205863952637
29,4,96,0.9993358913813459,0.9890615911179818,0.7777777777777778,0.00535849342122674,2.3830478191375732
29,4,97,0.99984464812801,0.9981889096268739,0.8780487804878049,0.00451946584507823,2.0859456062316895
29,4,98,0.99861852433281,0.9724187719749969,0.6805555555555556,0.01668410934507847,3.118514060974121
29,4,99,0.9994722775479631,0.9919405457020839,0.8472222222222222,0.011105361394584179,2.0747087001800537
29,4,100,0.9998877514367815,0.9989462760634136,0.75,0.0045900242403149605,3.2676727771759033
29,4,101,0.9998034398034399,0.9981368508985989,0.7272727272727273,0.00645191827788949,3.671215772628784
29,4,102,0.9995097108875814,0.9931563812041742,0.8904109589041096,0.009953838773071766,1.9681140184402466
29,4,103,0.9997977635022602,0.9979102076158035,0.8,0.002783730160444975,2.45977520942688
29,4,104,0.9989637305699481,0.9843918513681456,0.7945205479452054,0.007124011404812336,2.196261167526245
29,4,105,0.9991281604184831,0.9867699079610912,0.8611111111111112,0.00647778483107686,1.9715033769607544
29,4,106,0.9998575941173424,0.9983363438823585,0.8780487804878049,0.002552659483626485,2.1094019412994385
29,4,107,0.9989304812834224,0.9809227249526711,0.7638888888888888,0.013867715373635292,2.7262861728668213
29,4,108,0.9991611337188548,0.9862521819610619,0.8055555555555556,0.008412091061472893,2.2380964756011963
29,4,109,0.9988240162024434,0.9749986041156923,0.6527777777777778,0.007214471697807312,2.8530197143554688
29,4,110,0.9994382265243508,0.9927455014676176,0.9078947368421053,0.007955332286655903,1.9760701656341553
29,4,111,0.9992071750656558,0.9882139629357014,0.875,0.0075566116720438,1.966046690940857
29,4,112,0.9994706023903104,0.9926592312281527,0.8767123287671232,0.0020995938684791327,2.0266387462615967
29,4,113,0.999930024258257,0.9992986836682223,0.782608695652174,0.01216498389840126,2.9241793155670166
29,4,114,0.9997892596816581,0.9976635351426038,0.8372093023255814,0.002645266940817237,2.4786627292633057
29,4,115,0.999021961411932,0.9797451687933216,0.6388888888888888,0.012297195382416248,2.92608642578125
29,4,116,0.9998209667793913,0.9985032485229862,0.6545454545454545,0.0093539385125041,3.68178653717041
29,4,117,0.9999762074708541,0.9997584541062802,0.8,0.003275573719292879,2.821798324584961
29,4,118,0.9997454959480276,0.9969628282959688,0.8875,0.0033119916915893555,2.0017058849334717
29,4,119,0.9997450466200466,0.9973570314366256,0.8181818181818182,0.015119080431759357,2.3686234951019287
29,4,120,0.9998282608962328,0.998144581700881,0.8275862068965517,0.005853399634361267,2.611022710800171
29,4,121,0.9999656829100892,0.9996604542358101,0.7659574468085106,0.008421415463089943,3.1928083896636963
29,4,122,0.9999777577597615,0.9997885220620292,0.7422680412371134,0.008890517987310886,3.023905038833618
29,4,123,0.9990349075975359,0.9811008979109905,0.6944444444444444,0.008913184516131878,2.8800134658813477
29,4,124,0.9987139917695473,0.9762092490882031,0.7222222222222222,0.008494765497744083,2.4956214427948
29,4,125,0.9994180971777714,0.9868324455956504,0.5833333333333334,0.009321250021457672,3.300210952758789
29,4,126,0.9992299671131788,0.988991652367189,0.8767123287671232,0.005915110930800438,1.7309565544128418
29,4,127,0.998839865781395,0.9821798854410521,0.8055555555555556,0.005118289962410927,2.4805030822753906
29,4,128,0.999875641224934,0.998948821674903,0.6857142857142857,0.002903592772781849,3.5306437015533447
29,4,129,0.9991368796322357,0.9848611521528094,0.7638888888888888,0.01589726097881794,2.086876153945923
29,4,130,0.9989263829014089,0.984292614211595,0.8493150684931506,0.0044331601820886135,1.9721091985702515
29,4,131,0.9997413964591207,0.9980771665804561,0.6545454545454545,0.007634156383574009,3.6661832332611084
29,4,132,0.9998421717171717,0.9983661115715551,0.8181818181818182,0.0005089471233077347,2.647223472595215
29,4,133,0.9987663056296376,0.9802292963446458,0.7916666666666666,0.010014133527874947,1.986253261566162
29,4,134,0.9996833196833197,0.9970824027574743,0.7272727272727273,0.0046639638021588326,3.3527767658233643
29,4,135,0.9993362254936823,0.9850014015512135,0.5972222222222222,0.002193944528698921,3.128779411315918
29,4,136,0.9996942396942397,0.9972762021281258,0.7272727272727273,0.007203293032944202,3.6060163974761963
29,4,137,0.999169921875,0.9872824025012489,0.8888888888888888,0.0034120625350624323,1.954076886177063
29,4,138,0.9998600485165143,0.9986142491061156,0.782608695652174,0.01236321497708559,3.0846946239471436
29,4,139,0.9996804337285671,0.9971846576337382,0.7346938775510204,0.015657685697078705,3.7235195636749268
29,4,140,0.9987435696844701,0.9695936315703331,0.5972222222222222,0.005587583873420954,3.243884563446045
29,4,141,0.9995021337126601,0.9935610370103387,0.8717948717948718,0.0047527397982776165,1.9867478609085083
29,4,142,0.9998798293576879,0.9987435254975785,0.8089887640449438,0.00321164820343256,2.4411325454711914
29,4,143,0.9998512421282293,0.9983861184295684,0.8372093023255814,0.006845717318356037,2.1742701530456543
29,4,144,0.999805685098823,0.9975205336160176,0.922077922077922,0.009391703642904758,1.9199845790863037
29,4,145,0.9995180980938102,0.9923703774181245,0.8055555555555556,0.009685839526355267,2.396559476852417
29,4,146,0.9993385429485602,0.9905018874839387,0.9178082191780822,0.005068879574537277,1.9312715530395508
29,4,147,0.9995677977715232,0.9961611660966752,0.6990291262135923,0.0024499427527189255,3.746884822845459
29,4,148,0.999908487760238,0.999165623696287,0.7659574468085106,0.009261230006814003,3.015267848968506
29,4,149,0.9996292372881356,0.9954444999097909,0.8765432098765432,0.004536565858870745,1.9830495119094849
29,4,150,0.9986203680314012,0.975636188206427,0.7361111111111112,0.013721148483455181,2.4926187992095947
29,4,151,0.9996669045919581,0.9961897924150926,0.7802197802197802,0.004951917566359043,2.711825132369995
29,4,152,0.9972995927611663,0.9704677191510357,0.6301369863013698,0.008602432906627655,2.91449236869812
29,4,153,0.9987942454123516,0.9831273060896819,0.8493150684931506,0.004023941699415445,2.152420997619629
29,4,154,0.9986497963805832,0.9732924079339241,0.6527777777777778,0.018760008737444878,3.1732614040374756
29,4,155,0.9990222845336482,0.9843023318582794,0.7777777777777778,0.011503344401717186,2.3726890087127686
29,4,156,0.9991869918699188,0.9801913511317776,0.5555555555555556,0.01046702079474926,3.1753337383270264
29,4,157,0.9993172119487909,0.990707447520593,0.8961038961038961,0.009578810073435307,1.9131908416748047
29,4,158,0.9998549147624229,0.9987681018681152,0.6857142857142857,0.00572547921910882,3.506228446960449
29,4,159,0.9997280607331029,0.9973586408033557,0.7578947368421053,0.006317648570984602,3.092139959335327
29,4,160,0.999271118052844,0.9813038661869854,0.5416666666666666,0.010529222898185253,3.2390198707580566
29,4,161,0.998960498960499,0.9852004609870388,0.8356164383561644,0.01093218382447958,2.019685983657837
29,4,162,0.9998437781649944,0.9983648525495694,0.8089887640449438,0.0019361022859811783,2.4786996841430664
29,4,163,0.9986744222855334,0.9761883933627211,0.7222222222222222,0.005981013644486666,2.495401382446289
29,4,164,0.9993872549019608,0.9925368139579551,0.8947368421052632,0.015121882781386375,1.9450724124908447
29,4,165,0.999742505556459,0.9969094986129677,0.8987341772151899,0.0064128367230296135,2.014479398727417
29,4,166,0.9988594385714042,0.9836103915848096,0.821917808219178,0.011382736265659332,2.0220232009887695
29,4,167,0.9993293719490323,0.989948241089403,0.9305555555555556,0.004187364596873522,1.9375962018966675
29,4,168,0.9988650550448304,0.9746092485470196,0.625,0.01206444576382637,3.0986087322235107
29,4,169,0.9987991368796323,0.9804160902305147,0.7638888888888888,0.010136502794921398,2.74528169631958
29,4,170,0.998780487804878,0.9706314639039066,0.5555555555555556,0.0061297728680074215,3.0324418544769287
29,4,171,0.9988449506697682,0.9836281552316072,0.8266666666666667,0.0027901872526854277,1.894757628440857
29,4,172,0.9992770120600541,0.9897366825211169,0.8918918918918919,0.006169968284666538,1.9398952722549438
29,4,173,0.9997957099080695,0.9978655769644329,0.8089887640449438,0.007603940088301897,2.5676581859588623
29,4,174,0.9985010162601626,0.966270065893371,0.5555555555555556,0.0043390835635364056,2.878689765930176
29,4,175,0.9988457936801759,0.9762240046020676,0.6527777777777778,0.017998652532696724,3.174474000930786
29,4,176,0.9994462220034458,0.9924148404071877,0.9178082191780822,0.012940715067088604,1.8446754217147827
29,4,177,0.9989327185792349,0.9789825388257519,0.6666666666666666,0.016475792974233627,3.11848783493042
29,4,178,0.9998371233477417,0.9981926150214924,0.8470588235294118,0.002425538143143058,2.2620131969451904
29,4,179,0.9987952509569982,0.9786259786583988,0.7361111111111112,0.010002962313592434,2.4049339294433594
29,4,180,0.9999433459860632,0.9994399628029693,0.7578947368421053,0.007278895005583763,3.5545096397399902
29,4,181,0.9991511268107013,0.97906890088294,0.5138888888888888,0.018655968829989433,3.356166362762451
29,4,182,0.9994545600385016,0.9923155976385082,0.8767123287671232,0.002183734904974699,1.8500418663024902
29,4,183,0.9999149334354132,0.9992445655403553,0.7058823529411765,0.006470873020589352,3.3639273643493652
29,4,184,0.9989583333333333,0.9849083474624023,0.863013698630137,0.015227696858346462,1.9260807037353516
29,4,185,0.9998526995637641,0.9985552806751363,0.7578947368421053,0.01078658364713192,3.417989730834961
29,4,186,0.9997593718338399,0.9973033718911242,0.8571428571428571,0.00866833794862032,2.247097969055176
29,4,187,0.9997484110169491,0.9970580727582568,0.8765432098765432,0.008490624837577343,2.1185145378112793
29,4,188,0.9990126483155439,0.9859962308135898,0.7972972972972973,0.010041031055152416,2.06729793548584
29,4,189,0.9993060745169211,0.9829977977950649,0.5277777777777778,0.004044433124363422,2.951313018798828
29,4,190,0.9993929736702329,0.9921912457004636,0.8552631578947368,0.008561929687857628,1.8718079328536987
29,4,191,0.9989291068751339,0.9823668237634489,0.7808219178082192,0.011169541627168655,2.542832851409912
29,6,0,0.9985098965362124,0.964272547166966,0.5,0.038980815559625626,1.63044011592865
29,6,1,0.9994514461251525,0.9932035238617594,0.9102564102564102,0.003372139297425747,2.315037250518799
29,6,2,0.9997768631923438,0.9976683960838449,0.8372093023255814,0.011167426593601704,2.7562434673309326
29,6,3,0.9990915547627307,0.9861015234705,0.875,0.0007997851935215294,1.4438145160675049
29,6,4,0.9853664192949907,0.9453571818869748,0.5675675675675675,0.03250940144062042,1.5072687864303589
29,6,5,0.9990960743801653,0.983283230340793,0.7777777777777778,0.014300670474767685,1.2712734937667847
29,6,6,0.9996954449152542,0.996511205035981,0.9,0.002503813011571765,2.4055116176605225
29,6,7,0.999569731290251,0.9947628567444076,0.922077922077922,0.010229406878352165,2.5541863441467285
29,6,8,0.9993806087319765,0.9920215755100668,0.9078947368421053,0.00459689274430275,1.747532844543457
29,6,9,0.9989291068751338,0.9825028137425342,0.8055555555555556,0.0029852569568902254,1.3351596593856812
29,6,10,0.9996461973910904,0.9950678411630167,0.9444444444444444,0.0033954624086618423,1.5386474132537842
29,6,11,0.9998026504050601,0.9983888542213584,0.6486486486486487,0.00403916509822011,1.307394027709961
29,6,12,0.9991514167650531,0.9862480373781479,0.7777777777777778,0.014855663292109966,1.2631053924560547
29,6,13,0.9987758195208208,0.9789085364010394,0.7361111111111112,0.01797437109053135,1.257330298423767
29,6,14,0.9948246510044263,0.9640782395023394,0.6027397260273972,0.004572098609060049,1.4939250946044922
29,6,15,0.9999504140427431,0.9994684211805303,0.8372093023255814,0.0016585765406489372,2.709080934524536
29,6,16,0.9990805891734684,0.9847495576289421,0.7638888888888888,0.005338663700968027,1.1937675476074219
29,6,17,0.9997368915617365,0.9972244956959239,0.8470588235294118,0.00999560859054327,2.692925214767456
29,6,18,0.999908274646093,0.9992282855997167,0.6728971962616822,0.013871697708964348,1.8314416408538818
29,6,19,0.9997961658802067,0.9982984034306361,0.6728971962616822,0.007136702537536621,1.306715488433838
29,6,20,0.9996742466954833,0.9963542111763541,0.8470588235294118,0.0039934334345161915,2.7562878131866455
29,6,21,0.9999555155195231,0.9995813383147698,0.7422680412371134,0.010080307722091675,1.6323139667510986
29,6,22,0.9998641304347826,0.9987780851084804,0.6923076923076923,0.006071859505027533,1.7401297092437744
29,6,23,0.9938080495356038,0.9507839029830938,0.5068493150684932,0.052517130970954895,1.8297045230865479
29,6,24,0.9998952646531296,0.9987721928012316,0.8888888888888888,0.012953760102391243,2.362088918685913
29,6,25,0.9996728307254623,0.9956685964960951,0.9210526315789473,0.005904675927013159,2.021973133087158
29,6,26,0.9998536789297658,0.9986847499831126,0.6923076923076923,0.00205211085267365,1.763121485710144
29,6,27,0.9996206533192834,0.9950554248354851,0.9090909090909091,0.006708082742989063,2.062311887741089
29,6,28,0.9991042416791078,0.9863215943291065,0.8194444444444444,0.009837697260081768,1.2708145380020142
29,6,29,0.9992679978891102,0.9891988795499649,0.8472222222222222,0.007647110614925623,1.3323373794555664
29,6,30,0.9987952509569983,0.9793195683015696,0.7361111111111112,0.006977380719035864,1.2573288679122925
29,6,31,0.9993644975836129,0.991878934870555,0.881578947368421,0.002229133853688836,1.8442540168762207
29,6,32,0.999294182043415,0.9909639754406414,0.8831168831168831,0.004952969495207071,1.8930656909942627
29,6,33,0.9997022422453524,0.9964320697936997,0.8554216867469879,0.004797641653567553,2.469698667526245
29,6,34,0.9904724716907458,0.9395605193331328,0.5,0.041078463196754456,1.541621446609497
29,6,35,0.998974609375,0.985380637546347,0.863013698630137,0.007816780358552933,1.4562530517578125
29,6,36,0.999854076867816,0.998637457904924,0.75,0.004781908821314573,1.8293739557266235
29,6,37,0.9992000984494216,0.9893169186553263,0.8666666666666667,0.009989755228161812,1.4998468160629272
29,6,38,0.999869080816412,0.9985254031969744,0.8888888888888888,0.008841444738209248,2.7206759452819824
29,6,39,0.9993754163890739,0.9925801866897521,0.8974358974358975,0.003443210618570447,2.2171919345855713
29,6,40,0.9995644538110291,0.9944613330124934,0.9090909090909091,0.010283767245709896,2.1223649978637695
29,6,41,0.9978595235911079,0.9404859810809422,0.4583333333333333,0.018630849197506905,1.5470149517059326
29,6,42,0.999313775947847,0.9905367350516342,0.9041095890410958,0.010735766962170601,1.439225673675537
29,6,43,0.9986036960985626,0.9718077937681089,0.6944444444444444,0.03379865735769272,1.288525938987732
29,6,44,0.9994081493284771,0.9920643840734822,0.9054054054054054,0.0033103313762694597,1.685097098350525
29,6,45,0.9999102011494253,0.9991370949079383,0.75,0.010597703978419304,2.196143627166748
29,6,46,0.999738712374582,0.9979008421712138,0.6923076923076923,0.016371959820389748,1.5979338884353638
29,6,47,0.9998785936285937,0.9987270892639231,0.8181818181818182,0.01175783108919859,2.8503406047821045
29,6,48,0.9997909698996655,0.9981888682502948,0.6923076923076923,0.015250506810843945,1.6195948123931885
29,6,49,0.9988546140830404,0.9707760737902957,0.5416666666666666,0.03528999164700508,1.4941136837005615
29,6,50,0.9944387697196686,0.9588599293402029,0.581081081081081,0.00903339684009552,1.4801889657974243
29,6,51,0.9994992032779422,0.9931119407245427,0.9054054054054054,0.013024902902543545,1.527133822441101
29,6,52,0.9989115997638726,0.9816810171605073,0.7777777777777778,0.007427857257425785,1.2784861326217651
29,6,53,0.9983551169200675,0.9647981475259954,0.6388888888888888,0.010628480464220047,1.3058792352676392
29,6,54,0.9992607802874743,0.9860815875941644,0.6944444444444444,0.02179061807692051,1.3236690759658813
29,6,55,0.9997894420213566,0.998334663299743,0.6605504587155964,0.01036545168608427,1.3105326890945435
29,6,56,0.9994549328576383,0.9917853312064104,0.8493150684931506,0.008549553342163563,1.4330532550811768
29,6,57,0.999222742552902,0.9860472982235944,0.7361111111111112,0.026562746614217758,1.2754690647125244
29,6,58,0.9995599059109189,0.9939823628952327,0.9054054054054054,0.005494799464941025,1.6496460437774658
29,6,59,0.9998341882999119,0.9985965690598873,0.6857142857142857,0.005285392049700022,1.6412020921707153
29,6,60,0.9987345855147259,0.9705868151486439,0.5694444444444444,0.01775277964770794,1.450524926185608
29,6,61,0.9982439761714235,0.9669590364002703,0.6388888888888888,0.016042442992329597,1.392860770225525
29,6,62,0.9990275635436926,0.9855065695782819,0.8356164383561644,0.007201929111033678,1.3490750789642334
29,6,63,0.9938881178605744,0.9360458932167817,0.5068493150684932,0.03133394569158554,1.5803252458572388
29,6,64,0.999812517884807,0.9984557513763617,0.6486486486486487,0.012699304148554802,1.4471113681793213
29,6,65,0.9990946281268861,0.9860175690404709,0.8611111111111112,0.003768887370824814,1.3850699663162231
29,6,66,0.9997257230625762,0.9965867345564359,0.9102564102564102,0.0029477830976247787,2.2774481773376465
29,6,67,0.9996498599439776,0.9954054365863685,0.92,0.009958726353943348,1.9165195226669312
29,6,68,0.9986601493685333,0.9689133575096328,0.5694444444444444,0.03085397742688656,1.4694205522537231
29,6,69,0.9987996799146439,0.9750480838644883,0.6388888888888888,0.03872964158654213,1.5192779302597046
29,6,70,0.9987866531850353,0.970901122133762,0.4861111111111111,0.036093953996896744,1.5651893615722656
29,6,71,0.9987742594484167,0.9759123005721246,0.625,0.026847099885344505,1.4136830568313599
29,6,72,0.9991616927100798,0.9878228997169576,0.8356164383561644,0.010781098157167435,1.3181439638137817
29,6,73,0.9998999099189271,0.9990527390656545,0.7422680412371134,0.009640286676585674,1.9170465469360352
29,6,74,0.9997140242507436,0.9970148478836373,0.7659574468085106,0.011873130686581135,2.0756137371063232
29,6,75,0.9995773974354697,0.9959731205890234,0.7422680412371134,0.003915042150765657,1.565898060798645
29,6,76,0.9992745299558672,0.9857151065199754,0.7083333333333334,0.010620827786624432,1.264782190322876
29,6,77,0.9999344799344799,0.9993855250813246,0.7272727272727273,0.0047577014192938805,1.60939359664917
29,6,78,0.999779415450945,0.998194925589823,0.6605504587155964,0.008314420469105244,1.4067249298095703
29,6,79,0.9995922021086135,0.99665233295213,0.6545454545454545,0.007477118168026209,1.326906442642212
29,6,80,0.9982215447154471,0.959407131890144,0.5555555555555556,0.025487516075372696,1.4206397533416748
29,6,81,0.9993198997337893,0.988059524171976,0.7361111111111112,0.004269132390618324,1.2769731283187866
29,6,82,0.9992565698478562,0.9889799002153675,0.8333333333333334,0.0014336317544803023,1.2765746116638184
29,6,83,0.9997243625884858,0.9968933713558168,0.8470588235294118,0.009936550632119179,2.658416509628296
29,6,84,0.9993248981902916,0.9861316649351345,0.6527777777777778,0.009306482039391994,1.3502237796783447
29,6,85,0.9959415584415584,0.96892744170583,0.589041095890411,0.011139807291328907,1.446144938468933
29,6,86,0.999719378591954,0.997263886890177,0.75,0.013868899084627628,2.174818754196167
29,6,87,0.9997774373879005,0.9973375929411805,0.8658536585365854,0.011309382505714893,2.537095546722412
29,6,88,0.9998178904428905,0.9981017163742875,0.8181818181818182,0.00923383142799139,2.6757490634918213
29,6,89,0.9996504582880223,0.9959608355406704,0.8554216867469879,0.0019396928837522864,2.5815045833587646
29,6,90,0.9998653017241379,0.9987567724458204,0.75,0.005418010521680117,1.9239681959152222
29,6,91,0.9999356382008732,0.9994257799188688,0.7128712871287128,0.00619905348867178,1.5111627578735352
29,6,92,0.9993360911087278,0.9897038729118001,0.8472222222222222,0.0049513583071529865,1.278425693511963
29,6,93,0.9988404452690167,0.9749839843897525,0.6111111111111112,0.004001311492174864,1.3364862203598022
29,6,94,0.9991536182818451,0.9837749923488719,0.7083333333333334,0.011736933141946793,1.3527008295059204
29,6,95,0.9991408934707904,0.9847652984172158,0.75,0.01306372694671154,1.2591780424118042
29,6,96,0.9993727863046045,0.989622764099265,0.7777777777777778,0.003330955049023032,1.2298229932785034
29,6,97,0.99984464812801,0.9981889096268739,0.8780487804878049,0.005418654531240463,2.4357681274414062
29,6,98,0.9986813186813186,0.9740918948419546,0.6805555555555556,0.03433294966816902,1.3534562587738037
29,6,99,0.9994382309381543,0.9914559590713001,0.8472222222222222,0.011105361394584179,1.2720001935958862
29,6,100,0.9998877514367815,0.9989462760634136,0.75,0.0045900242403149605,1.9033247232437134
29,6,101,0.9997597597597598,0.9977542178638318,0.7272727272727273,0.00645191827788949,1.5730713605880737
29,6,102,0.9994464477763015,0.9922637347431782,0.8904109589041096,0.009953838773071766,1.5181262493133545
29,6,103,0.9997858672376874,0.9977825286372353,0.8,0.002783730160444975,2.730443000793457
29,6,104,0.9989110389040133,0.9834541639807038,0.7945205479452054,0.007124011404812336,1.2997552156448364
29,6,105,0.9991281604184831,0.9868501483905965,0.8611111111111112,0.00647778483107686,1.4521007537841797
29,6,106,0.9998187561493449,0.9978602682131934,0.8780487804878049,0.004164733458310366,2.425072431564331
29,6,107,0.998968008255934,0.9815583243421983,0.7638888888888888,0.008669001050293446,1.2683082818984985
29,6,108,0.9991611337188548,0.9864592540122379,0.8055555555555556,0.008412091061472893,1.2443522214889526
29,6,109,0.9988022387247109,0.9746792963199221,0.6527777777777778,0.025268858298659325,1.3417878150939941
29,6,110,0.9994382265243508,0.9926163161244739,0.8831168831168831,0.012871185317635536,1.9193772077560425
29,6,111,0.9991906578795237,0.9880135666126275,0.875,0.0026108762249350548,1.3788480758666992
29,6,112,0.9994866447421192,0.9929199874211122,0.8767123287671232,0.006462376564741135,1.4026657342910767
29,6,113,0.9999183616346333,0.9991867015853555,0.782608695652174,0.00714767025783658,2.3587112426757812
29,6,114,0.9998016561709724,0.997803588222721,0.8372093023255814,0.007367854472249746,2.7108330726623535
29,6,115,0.999155330310305,0.9822725085520339,0.6388888888888888,0.004851317033171654,1.3899919986724854
29,6,116,0.9998209667793913,0.9985032485229862,0.6545454545454545,0.0093539385125041,1.2930364608764648
29,6,117,0.9999762074708541,0.9997584541062802,0.8,0.0043768431060016155,2.1335177421569824
29,6,118,0.99971870604782,0.9966439651290047,0.8875,0.003922507166862488,2.521134614944458
29,6,119,0.9996479215229216,0.9963708834716275,0.8181818181818182,0.020281439647078514,2.71305251121521
29,6,120,0.9997914596597113,0.997757137498065,0.8275862068965517,0.005853399634361267,2.6476945877075195
29,6,121,0.9999428048501486,0.9994400143288902,0.7659574468085106,0.005687502678483725,1.977131724357605
29,6,122,0.9999443943994039,0.9994695434947558,0.7422680412371134,0.009807630442082882,2.3213231563568115
29,6,123,0.9990759753593429,0.9820893281799086,0.6944444444444444,0.040582478046417236,1.3182225227355957
29,6,124,0.9987931307375751,0.9780664016546472,0.7222222222222222,0.00847140047699213,1.2155470848083496
29,6,125,0.9993696052759189,0.9860321254675992,0.5833333333333334,0.031095359474420547,1.5721532106399536
29,6,126,0.9992620518167964,0.9895339924490237,0.8767123287671232,0.005915110930800438,1.558990716934204
29,6,127,0.9989291068751338,0.9834238503950503,0.8055555555555556,0.005118289962410927,1.218288779258728
29,6,128,0.9998860044561895,0.9990305350911945,0.6857142857142857,0.002903592772781849,1.5757232904434204
29,6,129,0.9991181161459799,0.9847215457274888,0.7638888888888888,0.01589726097881794,1.2218382358551025
29,6,130,0.9988603141568803,0.9833844913307783,0.8493150684931506,0.0044331601820886135,1.3285547494888306
29,6,131,0.9997413964591207,0.9980614858369902,0.6545454545454545,0.007634156383574009,1.4244935512542725
29,6,132,0.9998057498057499,0.9979641713198993,0.8181818181818182,0.005976275075227022,2.705573320388794
29,6,133,0.9988025907581777,0.9807183720501262,0.7916666666666666,0.010014133527874947,1.2695144414901733
29,6,134,0.9996723996723996,0.9969621842357088,0.7272727272727273,0.007833730429410934,1.7305508852005005
29,6,135,0.9993836379584192,0.986207932439507,0.5972222222222222,0.026592250913381577,1.462050199508667
29,6,136,0.9996505596505596,0.9968837533504376,0.7272727272727273,0.007607047911733389,1.6842705011367798
29,6,137,0.9991861979166666,0.9875769914906909,0.8888888888888888,0.0034120625350624323,1.4594273567199707
29,6,138,0.9998367232692666,0.9983847308437019,0.782608695652174,0.01236321497708559,2.3212902545928955
29,6,139,0.9996694142019659,0.9970942468688654,0.7346938775510204,0.015657685697078705,1.6319464445114136
29,6,140,0.9988146883815755,0.9720874474161939,0.5972222222222222,0.022205641493201256,1.4951770305633545
29,6,141,0.9994452347083926,0.992760630730179,0.8717948717948718,0.0047527397982776165,2.039247989654541
29,6,142,0.9997596587153759,0.9974519498083614,0.8089887640449438,0.00321164820343256,2.8280739784240723
29,6,143,0.9998140526602866,0.997991133905558,0.8372093023255814,0.004070582799613476,2.5500998497009277
29,6,144,0.9997640461914279,0.9970352442216521,0.922077922077922,0.00278271920979023,2.1275482177734375
29,6,145,0.9992503748125937,0.9897060713978322,0.7808219178082192,0.011151937767863274,1.2925313711166382
29,6,146,0.9993385429485602,0.9906123473911554,0.8918918918918919,0.0025845987256616354,1.6782909631729126
29,6,147,0.9994834656293813,0.9954380001012196,0.6990291262135923,0.0024499427527189255,1.4327306747436523
29,6,148,0.9998856097002975,0.9989380600149638,0.7659574468085106,0.009261230006814003,2.404801845550537
29,6,149,0.9996027542372882,0.9951404887849127,0.8765432098765432,0.0011669310042634606,2.3658769130706787
29,6,150,0.9986203680314012,0.9759933556270368,0.7361111111111112,0.013721148483455181,1.2051342725753784
29,6,151,0.9996431120628122,0.9960396779545528,0.7802197802197802,0.0061715212650597095,2.613741397857666
29,6,152,0.9957751693198893,0.9679749671361985,0.6301369863013698,0.015097081661224365,1.3551537990570068
29,6,153,0.9988603141568803,0.9839943275681735,0.8493150684931506,0.004023941699415445,1.317994475364685
29,6,154,0.9986715738583157,0.9739304976748958,0.6527777777777778,0.044327396899461746,1.431326985359192
29,6,155,0.9990222845336482,0.9844493947549326,0.7777777777777778,0.011503344401717186,1.2743786573410034
29,6,156,0.9958079268292683,0.9649656416287834,0.5342465753424658,0.021245742216706276,1.6107490062713623
29,6,157,0.9992745376955904,0.9901429934452955,0.8961038961038961,0.011019021272659302,2.1790859699249268
29,6,158,0.9998134618374008,0.9983958976664924,0.6857142857142857,0.00572547921910882,1.546291708946228
29,6,159,0.9997053991275282,0.9971366385668344,0.7578947368421053,0.006317648570984602,2.1535274982452393
29,6,160,0.9993231810490694,0.9829856969010741,0.5416666666666666,0.07303864508867264,1.773535132408142
29,6,161,0.9989940312520957,0.9856787341594508,0.8356164383561644,0.01093218382447958,1.4097658395767212
29,6,162,0.9997836928438383,0.9977211887472186,0.8089887640449438,0.001904540928080678,2.7647194862365723
29,6,163,0.998852484963596,0.9798233042285944,0.7222222222222222,0.005981013644486666,1.2198841571807861
29,6,164,0.9994164332399627,0.992898967866961,0.8947368421052632,0.015121882781386375,1.6312395334243774
29,6,165,0.9996340868433892,0.9955428308126351,0.875,0.00915506947785616,2.0145838260650635
29,6,166,0.9989105084861176,0.9845926255054293,0.821917808219178,0.011382736265659332,1.4106026887893677
29,6,167,0.9993449679502177,0.9902352674958325,0.9305555555555556,0.004187364596873522,1.6019079685211182
29,6,168,0.9989331517421405,0.9766373296110539,0.625,0.005982117261737585,1.3937835693359375
29,6,169,0.9988741908246552,0.9814449360461484,0.7638888888888888,0.02214754931628704,1.2984373569488525
29,6,170,0.998780487804878,0.9706314639039066,0.5555555555555556,0.024523256346583366,1.4680145978927612
29,6,171,0.9988128659661506,0.9832144568842971,0.8266666666666667,0.0027901872526854277,1.4919039011001587
29,6,172,0.9993539256706867,0.990853295814435,0.8918918918918919,0.0019470200641080737,1.589335322380066
29,6,173,0.9997836928438383,0.997739431518734,0.8089887640449438,0.013839204795658588,2.55464768409729
29,6,174,0.9983485772357724,0.9642405831431589,0.5555555555555556,0.0053278254345059395,1.400439739227295
29,6,175,0.998889348635641,0.9773073384909828,0.6527777777777778,0.033860836178064346,1.3949319124221802
29,6,176,0.9994154565591927,0.9920715419302464,0.9178082191780822,0.012940715067088604,1.583174467086792
29,6,177,0.9989540642076502,0.9794779656550203,0.6666666666666666,0.028188103809952736,1.3717153072357178
29,6,178,0.9997995364279897,0.9977780328840709,0.8470588235294118,0.012699710205197334,2.640331268310547
29,6,179,0.9988146823931756,0.9791264488201451,0.7361111111111112,0.00830569677054882,1.2094730138778687
29,6,180,0.9998640303665515,0.9986925881174209,0.7578947368421053,0.008968784473836422,1.8452694416046143
29,6,181,0.9978367425175936,0.9672106858463142,0.4931506849315068,0.045262400060892105,1.8403581380844116
29,6,182,0.9994706023903104,0.9926122250835396,0.8767123287671232,0.002183734904974699,1.586141586303711
29,6,183,0.9998830334736931,0.9989542729586173,0.7058823529411765,0.006470873020589352,1.8084443807601929
29,6,184,0.99892578125,0.9845060378023862,0.863013698630137,0.015227696858346462,1.4284117221832275
29,6,185,0.9998187071554019,0.9982435519913749,0.7578947368421053,0.013790372759103775,1.8223298788070679
29,6,186,0.9997087132725431,0.9967386798937824,0.8571428571428571,0.00866833794862032,2.767096996307373
29,6,187,0.999708686440678,0.9965971997785739,0.8765432098765432,0.008490624837577343,2.269693613052368
29,6,188,0.9990126483155439,0.9858465048375142,0.7972972972972973,0.010041031055152416,1.2891963720321655
29,6,189,0.9990658695420092,0.9792940940913613,0.5277777777777778,0.011488206684589386,1.4679758548736572
29,6,190,0.999484027619698,0.993144761795081,0.88,0.01010916382074356,1.7774418592453003
29,6,191,0.9989469550938817,0.9825953466318569,0.8055555555555556,0.00830952636897564,1.2913864850997925
29,8,0,0.9986504723346828,0.9668975313039685,0.5,0.042873069643974304,1.2030359506607056
29,8,1,0.999410304584539,0.9927435317083853,0.9102564102564102,0.003372139297425747,2.184177875518799
29,8,2,0.9997768631923438,0.9976683960838449,0.8372093023255814,0.0076089887879788876,2.026218891143799
29,8,3,0.9990915547627307,0.9860500224791493,0.875,0.0007997851935215294,1.509859323501587
29,8,4,0.9855751391465677,0.9455803228587817,0.5675675675675675,0.032110340893268585,1.1361747980117798
29,8,5,0.9991145218417946,0.9836007194554519,0.7777777777777778,0.0056239888072013855,1.1881791353225708
29,8,6,0.999655720338983,0.996055775768486,0.9,0.006601186003535986,2.265223503112793
29,8,7,0.999569731290251,0.9947628567444076,0.922077922077922,0.010229406878352165,2.0841429233551025
29,8,8,0.9993662042838829,0.991836676159626,0.9078947368421053,0.00459689274430275,1.8859564065933228
29,8,9,0.9988934104376382,0.981947657887774,0.8055555555555556,0.0029852569568902254,1.2884031534194946
29,8,10,0.9996461973910904,0.9950789006943562,0.9444444444444444,0.0033954624086618423,1.5968891382217407
29,8,11,0.9997829154455661,0.9982130644967395,0.6486486486486487,0.00403916509822011,0.9992255568504333
29,8,12,0.9991514167650531,0.9862480373781479,0.7777777777777778,0.012792632915079594,1.176406741142273
29,8,13,0.9987563880846434,0.9784987784441116,0.7361111111111112,0.02911427617073059,1.1296710968017578
29,8,14,0.9943706730223584,0.9653560048083012,0.6027397260273972,0.006712332367897034,1.1603102684020996
29,8,15,0.9999256210641145,0.9991931948109126,0.8372093023255814,0.0016585765406489372,1.5887807607650757
29,8,16,0.9991181161459799,0.9852478595649754,0.7638888888888888,0.005338663700968027,1.0791479349136353
29,8,17,0.9997243625884858,0.9970983165214959,0.8470588235294118,0.00999560859054327,1.8375519514083862
29,8,18,0.9998980829401034,0.9991392780340735,0.6728971962616822,0.013871697708964348,1.143293857574463
29,8,19,0.999785974174217,0.9982094124832839,0.6728971962616822,0.007136702537536621,1.0342613458633423
29,8,20,0.999649188748982,0.9960917311666608,0.8470588235294118,0.0039934334345161915,1.9524765014648438
29,8,21,0.9999332732792846,0.9993654312791396,0.7422680412371134,0.010080307722091675,1.1115267276763916
29,8,22,0.9998536789297658,0.9986779248520702,0.6923076923076923,0.006071859505027533,1.1276441812515259
29,8,23,0.9929539874025836,0.9493860516197172,0.5068493150684932,0.05853940173983574,1.264665961265564
29,8,24,0.9998821727347709,0.9986216822083341,0.8888888888888888,0.012953760102391243,2.1738569736480713
29,8,25,0.9996443812233285,0.9953332437190368,0.9210526315789473,0.005904675927013159,2.066863775253296
29,8,26,0.9998745819397994,0.9988705231292452,0.6923076923076923,0.00205211085267365,1.13818359375
29,8,27,0.9995925535651563,0.9947042445658467,0.9090909090909091,0.006708082742989063,2.1842379570007324
29,8,28,0.9991218055677528,0.9865202668175976,0.8194444444444444,0.009837697260081768,1.1908177137374878
29,8,29,0.9992850211940146,0.9893299173758456,0.8472222222222222,0.007647110614925623,1.3467507362365723
29,8,30,0.9988146823931756,0.9795555316865545,0.7361111111111112,0.006977380719035864,1.0784835815429688
29,8,31,0.9993497184576504,0.991681000868863,0.881578947368421,0.002229133853688836,1.9945825338363647
29,8,32,0.9992797775953215,0.9907430297932707,0.8831168831168831,0.004952969495207071,2.006843328475952
29,8,33,0.9996634042773549,0.9959323649973288,0.8554216867469879,0.004797641653567553,2.2328717708587646
29,8,34,0.992190550566185,0.9391621655777326,0.5,0.04604901745915413,1.1563193798065186
29,8,35,0.9989583333333334,0.9852849577631672,0.863013698630137,0.007816780358552933,1.5133260488510132
29,8,36,0.9998653017241379,0.9987326416094737,0.75,0.004781908821314573,1.2027573585510254
29,8,37,0.9992154811715481,0.9895749165913428,0.8666666666666667,0.009989755228161812,1.5644983053207397
29,8,38,0.9998559888980533,0.998374892604077,0.8888888888888888,0.008841444738209248,1.8812589645385742
29,8,39,0.9993476571174772,0.9922583533324294,0.8734177215189873,0.003671324113383889,2.2202515602111816
29,8,40,0.9995223041798385,0.9939096579980105,0.9090909090909091,0.010283767245709896,2.0873656272888184
29,8,41,0.9979512582943462,0.941936658063534,0.4583333333333333,0.016605032607913017,1.1760374307632446
29,8,42,0.999313775947847,0.9905367350516342,0.9041095890410958,0.010735766962170601,1.5042765140533447
29,8,43,0.9986242299794661,0.9722821527424679,0.6944444444444444,0.03323350474238396,1.0678181648254395
29,8,44,0.9994081493284771,0.992110969670697,0.9054054054054054,0.0033103313762694597,1.8565864562988281
29,8,45,0.9998877514367817,0.9989212474990793,0.75,0.015483864583075047,1.3502002954483032
29,8,46,0.9997073578595317,0.9976683444925646,0.6923076923076923,0.016371959820389748,1.1022920608520508
29,8,47,0.9998664529914529,0.9986023098043633,0.8181818181818182,0.01175783108919859,1.7856018543243408
29,8,48,0.9997700668896321,0.9980084119550634,0.6923076923076923,0.015250506810843945,1.1257171630859375
29,8,49,0.9988546140830404,0.9709163904628704,0.5416666666666666,0.04615778103470802,1.1549023389816284
29,8,50,0.9950743388945636,0.9605524130012669,0.581081081081081,0.014988752081990242,1.1940381526947021
29,8,51,0.9994992032779422,0.9931119407245427,0.9054054054054054,0.013024902902543545,1.5768563747406006
29,8,52,0.9989115997638726,0.9816810171605073,0.7777777777777778,0.0062878187745809555,1.1902995109558105
29,8,53,0.9983773450697964,0.9652886035175119,0.6388888888888888,0.010628480464220047,1.0547189712524414
29,8,54,0.9992607802874743,0.9860815875941644,0.6944444444444444,0.01647988148033619,1.1104601621627808
29,8,55,0.999779415450945,0.9982481131872278,0.6605504587155964,0.0112362215295434,1.0115361213684082
29,8,56,0.9994549328576383,0.9918321711645509,0.8493150684931506,0.008549553342163563,1.514680027961731
29,8,57,0.9992033111167246,0.9857296563965185,0.7361111111111112,0.026562746614217758,1.0794843435287476
29,8,58,0.9995143789361864,0.9933107717741018,0.9054054054054054,0.005494799464941025,1.7534795999526978
29,8,59,0.9998238250686564,0.9985022739160871,0.6857142857142857,0.005285392049700022,1.075417399406433
29,8,60,0.9987593975634569,0.971743635469219,0.5694444444444444,0.0232754684984684,1.212500810623169
29,8,61,0.9983106606206099,0.9675804117109579,0.6388888888888888,0.021231485530734062,1.1069128513336182
29,8,62,0.9989772651062974,0.9847811065896177,0.8356164383561644,0.007201929111033678,1.3275903463363647
29,8,63,0.9939148073022313,0.9376573469080316,0.5068493150684932,0.038656916469335556,1.1919493675231934
29,8,64,0.999792782925313,0.9982878879413744,0.6486486486486487,0.012699304148554802,1.0648293495178223
29,8,65,0.9990946281268861,0.9860175690404709,0.8611111111111112,0.003768887370824814,1.4962927103042603
29,8,66,0.9996982953688339,0.9962414280836783,0.9102564102564102,0.0029477830976247787,2.258561372756958
29,8,67,0.9996498599439776,0.9954054365863685,0.92,0.009958726353943348,2.0183115005493164
29,8,68,0.9987345855147259,0.9705985570191951,0.5694444444444444,0.02854650653898716,1.2321637868881226
29,8,69,0.9987774517649152,0.9747251660540603,0.6388888888888888,0.02971205860376358,1.181899070739746
29,8,70,0.9987577639751553,0.970198174287957,0.4861111111111111,0.04356832429766655,1.2075978517532349
29,8,71,0.9988877539439337,0.9771542280435604,0.625,0.026847099885344505,1.158172369003296
29,8,72,0.9991616927100798,0.9877309887871986,0.8356164383561644,0.010781098157167435,1.3768235445022583
29,8,73,0.9998776676786887,0.9988413070287656,0.7422680412371134,0.009640286676585674,1.230555772781372
29,8,74,0.9997254632807138,0.9971222361997885,0.7659574468085106,0.011873130686581135,1.218557596206665
29,8,75,0.9995551551952313,0.9957516632047386,0.7422680412371134,0.004358755890280008,1.092679500579834
29,8,76,0.9993551377385487,0.9870938725248878,0.7083333333333334,0.011327342130243778,1.0538989305496216
29,8,77,0.9999126399126399,0.9991792088622492,0.7272727272727273,0.0047577014192938805,1.0934251546859741
29,8,78,0.9997593623101219,0.9980217786986645,0.6605504587155964,0.008314420469105244,1.0164682865142822
29,8,79,0.9995524169484783,0.996319554968691,0.6545454545454545,0.007477118168026209,1.059504747390747
29,8,80,0.9982215447154471,0.9596275117087381,0.5555555555555556,0.015841519460082054,1.0909767150878906
29,8,81,0.999261605425257,0.9870477030116247,0.7361111111111112,0.004269132390618324,1.1457371711730957
29,8,82,0.9992911479944675,0.9894238343906447,0.8333333333333334,0.0014336317544803023,1.2952340841293335
29,8,83,0.9996742466954833,0.9963267683886451,0.8470588235294118,0.009936550632119179,1.5251792669296265
29,8,84,0.9993902306234892,0.9873168686431244,0.6527777777777778,0.008226489648222923,1.1667523384094238
29,8,85,0.9957792207792207,0.9683637692671573,0.589041095890411,0.016116976737976074,1.1203941106796265
29,8,86,0.999719378591954,0.9972668748590419,0.75,0.013868899084627628,1.3120548725128174
29,8,87,0.9997774373879005,0.9973375929411805,0.8658536585365854,0.011309382505714893,2.213240623474121
29,8,88,0.9997936091686092,0.9978295237075165,0.8181818181818182,0.00785913597792387,1.5498472452163696
29,8,89,0.9995727823520273,0.9950378964468471,0.8554216867469879,0.005301135592162609,2.2208003997802734
29,8,90,0.9998428520114943,0.9985385920769017,0.75,0.005418010521680117,1.1798609495162964
29,8,91,0.9999356382008732,0.9994257799188688,0.7128712871287128,0.00619905348867178,1.0612257719039917
29,8,92,0.9993360911087278,0.9897038729118001,0.8472222222222222,0.0049513583071529865,1.2483888864517212
29,8,93,0.9988404452690167,0.9749839843897525,0.6111111111111112,0.003556270617991686,1.102457046508789
29,8,94,0.9991334663361748,0.9834769386103634,0.7083333333333334,0.0032863402739167213,1.122189998626709
29,8,95,0.9991599847269951,0.9850133142902316,0.75,0.02105596847832203,1.1001672744750977
29,8,96,0.9993358913813459,0.9890103167393688,0.7777777777777778,0.003330955049023032,1.1516337394714355
29,8,97,0.9998317021386774,0.998024110681587,0.8780487804878049,0.005418654531240463,2.2082583904266357
29,8,98,0.9986813186813186,0.9740918948419546,0.6805555555555556,0.03489632159471512,1.1095447540283203
29,8,99,0.9994212076332499,0.9911710742722759,0.8472222222222222,0.011105361394584179,1.2761259078979492
29,8,100,0.9998653017241379,0.9987185825612636,0.75,0.0045900242403149605,1.2194207906723022
29,8,101,0.9997488397488398,0.9976407233683148,0.7272727272727273,0.00645191827788949,1.0636922121047974
29,8,102,0.9994464477763015,0.9922637347431782,0.8904109589041096,0.009953838773071766,1.5651355981826782
29,8,103,0.9997382821793956,0.9972736956334789,0.8,0.002783730160444975,1.7851530313491821
29,8,104,0.9988759111267235,0.9830888671770509,0.7945205479452054,0.007124011404812336,1.2689481973648071
29,8,105,0.9990778619810878,0.9860428806890302,0.8611111111111112,0.00647778483107686,1.5793352127075195
29,8,106,0.9998058101600125,0.9977097587967069,0.8780487804878049,0.004164733458310366,2.287848949432373
29,8,107,0.998968008255934,0.9816306706007357,0.7638888888888888,0.00543324276804924,1.1658928394317627
29,8,108,0.9991611337188548,0.9864638954165214,0.8055555555555556,0.008412091061472893,1.227325201034546
29,8,109,0.9989111261133735,0.976780555836448,0.6527777777777778,0.027585478499531746,1.1327329874038696
29,8,110,0.9993806087319764,0.9918612980875627,0.8831168831168831,0.012871185317635536,2.0390710830688477
29,8,111,0.9991906578795237,0.9880135666126275,0.875,0.0026108762249350548,1.4121226072311401
29,8,112,0.9994866447421192,0.992919987421112,0.8767123287671232,0.006462376564741135,1.4308581352233887
29,8,113,0.9998717111401381,0.9987125331689739,0.782608695652174,0.00714767025783658,1.3601644039154053
29,8,114,0.9997768631923439,0.9975344374293037,0.8372093023255814,0.007367854472249746,1.7414995431900024
29,8,115,0.9991775584600339,0.9828152533739549,0.6388888888888888,0.010280453599989414,1.1099505424499512
29,8,116,0.9998209667793913,0.9985032485229862,0.6545454545454545,0.0093539385125041,0.9674052596092224
29,8,117,0.9999762074708541,0.9997584541062802,0.8,0.0028385824989527464,1.2231084108352661
29,8,118,0.9997053110977162,0.9964752512443203,0.8875,0.003922507166862488,2.000767946243286
29,8,119,0.9996357808857809,0.9962462040757882,0.8181818181818182,0.020281439647078514,2.026185989379883
29,8,120,0.9997301242655087,0.9970659667642954,0.8275862068965517,0.005853399634361267,1.5409564971923828
29,8,121,0.9999428048501486,0.9994400143288902,0.7659574468085106,0.005687502678483725,1.1696134805679321
29,8,122,0.9999110310390462,0.9991369604920572,0.7422680412371134,0.009807630442082882,1.3721072673797607
29,8,123,0.9990349075975359,0.9813809072208137,0.6944444444444444,0.04626397415995598,1.127868890762329
29,8,124,0.9987337765115543,0.9772240847127911,0.7222222222222222,0.00847140047699213,1.0590962171554565
29,8,125,0.9993453593249927,0.9856550515611135,0.5833333333333334,0.028959881514310837,1.202489972114563
29,8,126,0.9992780941686051,0.9898188927339236,0.8767123287671232,0.005915110930800438,1.6869056224822998
29,8,127,0.9989291068751338,0.9835296804389443,0.8055555555555556,0.005118289962410927,1.118290901184082
29,8,128,0.9998652779936784,0.9988473849080444,0.6857142857142857,0.009098359383642673,1.056864619255066
29,8,129,0.9990618256872127,0.9840998094624888,0.7638888888888888,0.01589726097881794,1.1152870655059814
29,8,130,0.9988603141568801,0.9832797076856215,0.8493150684931506,0.0044331601820886135,1.4364073276519775
29,8,131,0.9997215038790531,0.9978991884269868,0.6545454545454545,0.007634156383574009,1.0265891551971436
29,8,132,0.9997814685314685,0.9977173852776587,0.8181818181818182,0.003988528624176979,1.5949565172195435
29,8,133,0.9988388758867178,0.9812358978360465,0.7916666666666666,0.010014133527874947,1.3339152336120605
29,8,134,0.9996614796614797,0.996864165385187,0.7272727272727273,0.007833730429410934,1.1331597566604614
29,8,135,0.9993836379584192,0.986207932439507,0.5972222222222222,0.03179186210036278,1.1244703531265259
29,8,136,0.9996614796614797,0.9969758830184798,0.7272727272727273,0.007607047911733389,1.1298941373825073
29,8,137,0.9992024739583333,0.9878661333629695,0.8888888888888888,0.006507322657853365,1.5342035293579102
29,8,138,0.9998250606456429,0.9982583669723811,0.782608695652174,0.01236321497708559,1.353216290473938
29,8,139,0.9996804337285671,0.9971874880488326,0.7346938775510204,0.015657685697078705,1.149625539779663
29,8,140,0.998838394613944,0.9728626412146435,0.5972222222222222,0.026957115158438683,1.1301199197769165
29,8,141,0.9994452347083926,0.992760630730179,0.8717948717948718,0.0047527397982776165,2.1785147190093994
29,8,142,0.9997115904584509,0.9969588219171421,0.8089887640449438,0.00321164820343256,1.8372071981430054
29,8,143,0.9997520702137155,0.9973037119243069,0.8372093023255814,0.004070582799613476,2.2559423446655273
29,8,144,0.9997640461914279,0.9970352442216521,0.922077922077922,0.00278271920979023,2.171398162841797
29,8,145,0.999232526593846,0.9895660153754233,0.7808219178082192,0.005376760382205248,1.2065401077270508
29,8,146,0.9993077775043071,0.9902104784488438,0.8918918918918919,0.001602932345122099,1.7852916717529297
29,8,147,0.9994412995583104,0.9950783539960263,0.6990291262135923,0.0024499427527189255,1.0337717533111572
29,8,148,0.9998398535804164,0.9985044953902371,0.7659574468085106,0.009261230006814003,1.3522229194641113
29,8,149,0.9995762711864407,0.9948035383044194,0.8765432098765432,0.0011669310042634606,2.1689136028289795
29,8,150,0.9986397994675787,0.9762651816583767,0.7361111111111112,0.013721148483455181,1.0768928527832031
29,8,151,0.9996431120628122,0.9960396779545528,0.7802197802197802,0.0061715212650597095,1.4941442012786865
29,8,152,0.995557394542564,0.9655721113431007,0.6301369863013698,0.025186916813254356,1.1173371076583862
29,8,153,0.9988437969707481,0.9837226913615242,0.8493150684931506,0.004023941699415445,1.358534812927246
29,8,154,0.9986715738583157,0.9739070288153817,0.6527777777777778,0.043998755514621735,1.1297272443771362
29,8,155,0.9990222845336483,0.9845704965825758,0.7777777777777778,0.011503344401717186,1.1513400077819824
29,8,156,0.9956300813008131,0.9655651183746691,0.5342465753424658,0.01251916866749525,1.1597211360931396
29,8,157,0.9992460881934566,0.9898166381888938,0.8961038961038961,0.011019021272659302,2.1807162761688232
29,8,158,0.9998134618374009,0.9983958976664923,0.6857142857142857,0.00572547921910882,1.0388281345367432
29,8,159,0.9996940683247407,0.9970142395460266,0.7578947368421053,0.006317648570984602,1.2530021667480469
29,8,160,0.9993492125471821,0.9837869789523561,0.5416666666666666,0.0501842126250267,1.310592532157898
29,8,161,0.9989772651062974,0.9854606726510667,0.8356164383561644,0.01093218382447958,1.4485149383544922
29,8,162,0.9997596587153759,0.9974584249168997,0.8089887640449438,0.001904540928080678,1.8243759870529175
29,8,163,0.998852484963596,0.9798836052001272,0.7222222222222222,0.005981013644486666,1.0906606912612915
29,8,164,0.9994456115779645,0.9932284283782749,0.8947368421052632,0.015121882781386375,1.7684130668640137
29,8,165,0.9996340868433892,0.9955428308126351,0.875,0.00915506947785616,2.1233632564544678
29,8,166,0.9988934851812131,0.9844014433970809,0.821917808219178,0.011382736265659332,1.4693166017532349
29,8,167,0.9993293719490323,0.989948241089403,0.9305555555555556,0.004187364596873522,1.699125051498413
29,8,168,0.9990012484394507,0.9779848938858755,0.625,0.005982117261737585,1.102705717086792
29,8,169,0.9988741908246552,0.9813213774747349,0.7638888888888888,0.02120884880423546,1.2032785415649414
29,8,170,0.9988313008130082,0.9722712488501433,0.5555555555555556,0.021444600075483322,1.0985374450683594
29,8,171,0.9987807812625331,0.98275849886664,0.8266666666666667,0.0027901872526854277,1.6118221282958984
29,8,172,0.9993693083928132,0.9910334554048817,0.8918918918918919,0.005314587149769068,1.7347686290740967
29,8,173,0.9997836928438383,0.997739431518734,0.8089887640449438,0.013839204795658588,1.6267465353012085
29,8,174,0.9983739837398374,0.9649133401247392,0.5555555555555556,0.0053278254345059395,1.1396522521972656
29,8,175,0.998889348635641,0.9773073384909828,0.6527777777777778,0.033860836178064346,1.088318109512329
29,8,176,0.9994154565591927,0.9920715419302464,0.9178082191780822,0.012940715067088604,1.6796259880065918
29,8,177,0.9989754098360656,0.9799393905350499,0.6666666666666666,0.032307807356119156,1.0989075899124146
29,8,178,0.999787007454739,0.997636332120658,0.8470588235294118,0.012699710205197334,2.160771369934082
29,8,179,0.9988535452655305,0.9797439673337867,0.7361111111111112,0.00830569677054882,1.0854507684707642
29,8,180,0.9998300379581893,0.9983823611229252,0.7578947368421053,0.008968784473836422,1.2025290727615356
29,8,181,0.9956461020290807,0.9552723839080124,0.47297297297297297,0.04292208328843117,1.3050968647003174
29,8,182,0.9994545600385016,0.9923601607636787,0.8767123287671232,0.002183734904974699,1.6638270616531372
29,8,183,0.9998830334736931,0.9989542729586173,0.7058823529411765,0.006470873020589352,1.14728581905365
29,8,184,0.9989095052083333,0.9842482196634884,0.863013698630137,0.015227696858346462,1.5482547283172607
29,8,185,0.9997847147470398,0.9979086635836514,0.7578947368421053,0.013790372759103775,1.1821916103363037
29,8,186,0.9996960486322188,0.9965799497350523,0.8571428571428571,0.00866833794862032,2.0825035572052
29,8,187,0.9996689618644068,0.9961161751477725,0.8765432098765432,0.014067176729440689,2.2432894706726074
29,8,188,0.9990126483155439,0.9858615150967465,0.7972972972972973,0.010041031055152416,1.2933340072631836
29,8,189,0.9991993167502935,0.9811837388381488,0.5277777777777778,0.0074349092319607735,1.1584787368774414
29,8,190,0.9994688519614539,0.9929071756701107,0.88,0.01010916382074356,1.8671045303344727
29,8,191,0.999000499750125,0.983610503677433,0.8055555555555556,0.00830952636897564,1.2570915222167969
29,12,0,0.998706702654071,0.9683521294861337,0.5,0.051303278654813766,1.0064842700958252
29,12,1,0.9993965907376678,0.992527081491935,0.9102564102564102,0.003372139297425747,1.4851720333099365
29,12,2,0.9997644667030297,0.9975515190384966,0.8372093023255814,0.0076089887879788876,1.2629603147506714
29,12,3,0.9990915547627307,0.9860500224791493,0.875,0.0007997851935215294,1.3479264974594116
29,12,4,0.9860853432282004,0.9458518712398569,0.5675675675675675,0.02897161804139614,0.9521837830543518
29,12,5,0.9991514167650531,0.9844078417549211,0.7777777777777778,0.0056239888072013855,1.0566643476486206
29,12,6,0.999655720338983,0.996055775768486,0.9,0.006601186003535986,1.477555274963379
29,12,7,0.999569731290251,0.9947628567444076,0.922077922077922,0.010229406878352165,1.3132354021072388
29,12,8,0.9993662042838829,0.991836676159626,0.9078947368421053,0.00459689274430275,1.565285563468933
29,12,9,0.9988934104376382,0.981947657887774,0.8055555555555556,0.0029852569568902254,1.127667784690857
29,12,10,0.9996308146689639,0.9948234847805529,0.9444444444444444,0.0033954624086618423,1.4892568588256836
29,12,11,0.9997730479658191,0.9981238663877396,0.6486486486486487,0.00403916509822011,0.9229664206504822
29,12,12,0.9991514167650531,0.9862480373781479,0.7777777777777778,0.012792632915079594,1.0163064002990723
29,12,13,0.998736956648466,0.978258393828727,0.7361111111111112,0.03108873963356018,0.9588637351989746
29,12,14,0.9948019521053229,0.966079549163673,0.6027397260273972,0.012884864583611488,0.9895399808883667
29,12,15,0.9999132245748004,0.9990530995461326,0.8372093023255814,0.0016585765406489372,1.0953209400177002
29,12,16,0.9990618256872127,0.9842444722178691,0.7638888888888888,0.005338663700968027,0.9480435848236084
29,12,17,0.9997243625884858,0.9970983165214959,0.8470588235294118,0.00999560859054327,1.1948837041854858
29,12,18,0.999877699528124,0.998967514544553,0.6728971962616822,0.013871697708964348,0.9429227709770203
29,12,19,0.9997757824682273,0.9981169139518098,0.6728971962616822,0.004244607873260975,0.9445499777793884
29,12,20,0.9996241308024808,0.9958031061057597,0.8470588235294118,0.0039934334345161915,1.2296189069747925
29,12,21,0.9999110310390463,0.9991624122395961,0.7422680412371134,0.010080307722091675,0.9342097640037537
29,12,22,0.9998432274247492,0.9985845897267025,0.6923076923076923,0.0024966332130134106,0.9349023699760437
29,12,23,0.99375467065229,0.9498877238605199,0.5068493150684932,0.0780910924077034,1.0739346742630005
29,12,24,0.999869080816412,0.9984693146509033,0.8888888888888888,0.012953760102391243,1.4197555780410767
29,12,25,0.9996159317211949,0.9949535225333945,0.9210526315789473,0.005904675927013159,1.5953086614608765
29,12,26,0.9998745819397994,0.9988705231292452,0.6923076923076923,0.00205211085267365,0.9579316973686218
29,12,27,0.9995504039339655,0.9941840935036645,0.9090909090909091,0.006708082742989063,1.644790530204773
29,12,28,0.9991042416791077,0.986330008065695,0.7945205479452054,0.012839932925999165,1.1058900356292725
29,12,29,0.9992679978891102,0.9890206071376768,0.8472222222222222,0.005054546054452658,1.2049086093902588
29,12,30,0.9987952509569982,0.9792505955325618,0.7361111111111112,0.004853120073676109,0.9519164562225342
29,12,31,0.9993497184576504,0.991681000868863,0.881578947368421,0.002229133853688836,1.55488920211792
29,12,32,0.999265373147228,0.9905532576366414,0.8831168831168831,0.004952969495207071,1.5600887537002563
29,12,33,0.9996375122986899,0.9956366299084689,0.8554216867469879,0.004797641653567553,1.412404179573059
29,12,34,0.9925289600416504,0.9407028805633394,0.5,0.04526769742369652,1.00126051902771
29,12,35,0.99892578125,0.9848793326268213,0.863013698630137,0.007816780358552933,1.3558706045150757
29,12,36,0.999854076867816,0.9986194169717926,0.75,0.004781908821314573,0.9840012192726135
29,12,37,0.9991693330051686,0.9891141375745802,0.8666666666666667,0.009989755228161812,1.4245343208312988
29,12,38,0.9998428969796944,0.9982412385008961,0.8888888888888888,0.008841444738209248,1.1874350309371948
29,12,39,0.9993337774816788,0.9920878511792308,0.8734177215189873,0.003671324113383889,1.551680326461792
29,12,40,0.9994942044257112,0.9936026076450957,0.9090909090909091,0.010283767245709896,1.5433610677719116
29,12,41,0.9971562241996147,0.9336053597322358,0.4583333333333333,0.01779070869088173,1.0147976875305176
29,12,42,0.9992825839454763,0.9902392488103728,0.9041095890410958,0.010735766962170601,1.3194665908813477
29,12,43,0.9986036960985626,0.9719410787221485,0.6944444444444444,0.028979020193219185,0.9236374497413635
29,12,44,0.9994081493284771,0.9920233795806398,0.9054054054054054,0.0033103313762694597,1.531929850578308
29,12,45,0.9998877514367817,0.9989212474990793,0.75,0.015483864583075047,1.0128294229507446
29,12,46,0.999696906354515,0.9976027793207839,0.6923076923076923,0.016371959820389748,0.9379703402519226
29,12,47,0.999866452991453,0.9986023098043633,0.8181818181818182,0.01175783108919859,1.143202543258667
29,12,48,0.9997596153846154,0.9978895712761261,0.6923076923076923,0.015250506810843945,0.9647399187088013
29,12,49,0.9988806455811532,0.9715675911140711,0.5416666666666666,0.04110957309603691,0.9397290349006653
29,12,50,0.9958914992622858,0.962487134682702,0.581081081081081,0.03338533267378807,0.9856210350990295
29,12,51,0.9994992032779422,0.9931119407245427,0.9054054054054054,0.013024902902543545,1.369127631187439
29,12,52,0.9989300472255018,0.981976703616908,0.7777777777777778,0.0062878187745809555,1.0621066093444824
29,12,53,0.9983773450697964,0.9652886035175119,0.6388888888888888,0.010628480464220047,0.9100613594055176
29,12,54,0.9992402464065708,0.9855995699699809,0.6944444444444444,0.011370469816029072,0.9352440237998962
29,12,55,0.999779415450945,0.9982481131872278,0.6605504587155964,0.0112362215295434,0.954856812953949
29,12,56,0.9994384156715062,0.9915632997523038,0.8493150684931506,0.008549553342163563,1.3463290929794312
29,12,57,0.9991838796805471,0.9852694631153404,0.7361111111111112,0.026562746614217758,0.938849925994873
29,12,58,0.999484027619698,0.9929208366794295,0.9054054054054054,0.005494799464941025,1.462633490562439
29,12,59,0.9998134618374008,0.998407035820849,0.6857142857142857,0.005285392049700022,0.9555032253265381
29,12,60,0.9987593975634569,0.971743635469219,0.5694444444444444,0.0232754684984684,0.965418815612793
29,12,61,0.998421801369254,0.9692592103207028,0.6388888888888888,0.015057518146932125,0.9382400512695312
29,12,62,0.9989437328147006,0.9844158097859648,0.8356164383561644,0.0059934379532933235,1.195041298866272
29,12,63,0.9942083911604569,0.9394559747054233,0.5068493150684932,0.033282313495874405,0.9485362768173218
29,12,64,0.999792782925313,0.9982878879413744,0.6486486486486487,0.012699304148554802,0.9591273665428162
29,12,65,0.9990946281268861,0.9860175690404709,0.8611111111111112,0.003768887370824814,1.2489529848098755
29,12,66,0.9996982953688339,0.9962414280836785,0.9102564102564102,0.0029477830976247787,1.5685187578201294
29,12,67,0.9996206816059757,0.9950187594233756,0.92,0.009958726353943348,1.5291696786880493
29,12,68,0.9987593975634568,0.9708486081501924,0.5694444444444444,0.02854650653898716,0.9540718197822571
29,12,69,0.9987774517649152,0.9748818087670768,0.6388888888888888,0.038623351603746414,0.9924608469009399
29,12,70,0.9987866531850353,0.9707116143362806,0.4861111111111111,0.0471782349050045,1.018104076385498
29,12,71,0.9988650550448303,0.9773282457380699,0.625,0.025572728365659714,0.9390873908996582
29,12,72,0.9991616927100798,0.9877309887871986,0.8356164383561644,0.010781098157167435,1.2571831941604614
29,12,73,0.9998665465585694,0.9987304545733837,0.7422680412371134,0.009446877054870129,1.0068036317825317
29,12,74,0.9996682681308625,0.9964700371131203,0.7659574468085106,0.016494961455464363,0.9566606283187866
29,12,75,0.9995329129549928,0.9955210166302897,0.7422680412371134,0.004358755890280008,0.9219028949737549
29,12,76,0.9993551377385487,0.9870938725248878,0.7083333333333334,0.011327342130243778,0.9051724076271057
29,12,77,0.9998907998907999,0.9989707620295046,0.7272727272727273,0.0047577014192938805,0.9387649297714233
29,12,78,0.999779415450945,0.998194925589823,0.6605504587155964,0.008314420469105244,0.9247831106185913
29,12,79,0.9995424706584445,0.996228645877782,0.6545454545454545,0.007477118168026209,0.9770068526268005
29,12,80,0.9982215447154471,0.9596275117087381,0.5555555555555556,0.021298430860042572,0.9336947202682495
29,12,81,0.9991838796805471,0.9858501478507274,0.7361111111111112,0.003370588878169656,0.9936781525611877
29,12,82,0.9993084370677732,0.9896562061855165,0.8333333333333334,0.006166484672576189,1.2043700218200684
29,12,83,0.9996742466954833,0.9963267683886451,0.8470588235294118,0.009936550632119179,1.064599633216858
29,12,84,0.9993902306234892,0.9873168686431244,0.6527777777777778,0.008226489648222923,0.9305626153945923
29,12,85,0.9955936920222634,0.9676508473652112,0.589041095890411,0.016116976737976074,0.9345729351043701
29,12,86,0.9996969288793104,0.9970398268955283,0.75,0.013868899084627628,0.976470410823822
29,12,87,0.9997512535511829,0.9970058479408194,0.8658536585365854,0.011309382505714893,1.3793485164642334
29,12,88,0.9997814685314685,0.9977088110868039,0.8181818181818182,0.00785913597792387,1.0716532468795776
29,12,89,0.9995468903733623,0.9947640671226783,0.8554216867469879,0.005301135592162609,1.3624264001846313
29,12,90,0.9998091774425287,0.9982402787649324,0.75,0.005418010521680117,0.9338922500610352
29,12,91,0.9999356382008732,0.9994257799188688,0.7128712871287128,0.00619905348867178,0.9506909251213074
29,12,92,0.9993190678038234,0.9894777308946133,0.8472222222222222,0.0056966072879731655,1.1505100727081299
29,12,93,0.9988404452690167,0.9749839843897525,0.6111111111111112,0.003556270617991686,0.8743836283683777
29,12,94,0.9991536182818451,0.9837630629472335,0.7083333333333334,0.0032863402739167213,0.9558170437812805
29,12,95,0.9991408934707904,0.984643928947442,0.75,0.012195738963782787,0.9790540933609009
29,12,96,0.9993358913813459,0.9890103167393688,0.7777777777777778,0.002364211482927203,1.0097317695617676
29,12,97,0.9997928641706799,0.9975782627524556,0.8554216867469879,0.008607016876339912,1.436171531677246
29,12,98,0.9986603872318157,0.9740889379941908,0.6805555555555556,0.04426168277859688,0.9403674006462097
29,12,99,0.9994212076332499,0.9911710742722759,0.8472222222222222,0.011105361394584179,1.1602362394332886
29,12,100,0.999854076867816,0.9986123128734057,0.75,0.0045900242403149605,0.9738478660583496
29,12,101,0.9997379197379198,0.9975309384001846,0.7272727272727273,0.00645191827788949,0.9486445784568787
29,12,102,0.9994622635541215,0.9924964769114042,0.8904109589041096,0.010381129570305347,1.3636887073516846
29,12,103,0.9997382821793956,0.9972525845781679,0.8,0.002783730160444975,1.1495963335037231
29,12,104,0.9988583472380784,0.9829134285805596,0.7945205479452054,0.010347395204007626,1.176682949066162
29,12,105,0.9990946281268862,0.9863204257246398,0.8611111111111112,0.00647778483107686,1.3645169734954834
29,12,106,0.9997928641706799,0.997569702774298,0.8780487804878049,0.004164733458310366,1.5015678405761719
29,12,107,0.998968008255934,0.9815427321017256,0.7638888888888888,0.00543324276804924,0.9999222755432129
29,12,108,0.9991611337188548,0.9864638954165214,0.8055555555555556,0.008412091061472893,1.1389585733413696
29,12,109,0.998889348635641,0.9763897612207293,0.6527777777777778,0.02143220603466034,0.9568842053413391
29,12,110,0.9993373953876958,0.9912392346900382,0.8831168831168831,0.006510614417493343,1.660865306854248
29,12,111,0.9992071750656558,0.9882968224514389,0.875,0.004548746161162853,1.249885082244873
29,12,112,0.9994866447421192,0.9929199874211122,0.8767123287671232,0.006462376564741135,1.4084516763687134
29,12,113,0.9998483858928905,0.9984695994349554,0.782608695652174,0.00714767025783658,1.0265183448791504
29,12,114,0.9997520702137155,0.9972548158306094,0.8372093023255814,0.007367854472249746,1.1623857021331787
29,12,115,0.9992220147594915,0.9835893021238897,0.6388888888888888,0.010280453599989414,0.9247215390205383
29,12,116,0.9998110204893574,0.9984213621024843,0.6545454545454545,0.0093539385125041,0.9441521167755127
29,12,117,0.9999643112062813,0.9996349973161567,0.8,0.0028385824989527464,0.9348428249359131
29,12,118,0.9997053110977162,0.9964752512443207,0.8875,0.003922507166862488,1.3146100044250488
29,12,119,0.9996114996114996,0.9960062910549763,0.8181818181818182,0.01703675091266632,1.2491930723190308
29,12,120,0.9997301242655087,0.9970659667642954,0.8275862068965517,0.005853399634361267,1.0901525020599365
29,12,121,0.9999313658201784,0.9993243806563648,0.7659574468085106,0.005687502678483725,0.9480646252632141
29,12,122,0.9998999099189271,0.9990359503910471,0.7422680412371134,0.009807630442082882,1.0315954685211182
29,12,123,0.9990349075975359,0.9813809072208137,0.6944444444444444,0.0378735288977623,0.982179582118988
29,12,124,0.9987139917695473,0.9772329253474241,0.7222222222222222,0.004206025507301092,0.8840737342834473
29,12,125,0.9993938512268451,0.9864242823303443,0.5833333333333334,0.029511043801903725,0.9944194555282593
29,12,126,0.9992780941686051,0.989818892733924,0.8767123287671232,0.005915110930800438,1.309535264968872
29,12,127,0.9989291068751338,0.9834915799968864,0.8055555555555556,0.010767022147774696,1.0257303714752197
29,12,128,0.9998445515311675,0.9986624565677762,0.6857142857142857,0.009098359383642673,0.9228742718696594
29,12,129,0.9990805891734684,0.9844782469362086,0.7638888888888888,0.008591974154114723,0.9473645687103271
29,12,130,0.998843796970748,0.983020438823812,0.8493150684931506,0.0021111718378961086,1.2943286895751953
29,12,131,0.9997215038790531,0.9978991884269868,0.6545454545454545,0.002540585119277239,0.9208542108535767
29,12,132,0.9997936091686092,0.997834262323007,0.8181818181818182,0.003988528624176979,1.095927119255066
29,12,133,0.9988388758867178,0.9812358978360465,0.7916666666666666,0.010014133527874947,1.1144500970840454
29,12,134,0.9996723996723996,0.9969672147794735,0.7272727272727273,0.007833730429410934,0.9219962954521179
29,12,135,0.9993836379584192,0.986207932439507,0.5972222222222222,0.031001312658190727,0.9387864470481873
29,12,136,0.9996723996723996,0.9970624181517438,0.7272727272727273,0.007607047911733389,0.9394610524177551
29,12,137,0.9992024739583333,0.9879168074900135,0.8888888888888888,0.006507322657853365,1.318163514137268
29,12,138,0.9998017353983952,0.9980192983850139,0.782608695652174,0.01236321497708559,1.0071332454681396
29,12,139,0.9997134923083705,0.997474892533996,0.7346938775510204,0.015657685697078705,0.9298598766326904
29,12,140,0.998838394613944,0.9728626412146437,0.5972222222222222,0.04202538728713989,0.9643431305885315
29,12,141,0.9994310099573258,0.9925461305156787,0.8717948717948718,0.0047527397982776165,1.6402419805526733
29,12,142,0.9996875563299885,0.9966761451997477,0.8089887640449438,0.00321164820343256,1.1669936180114746
29,12,143,0.9997520702137155,0.9973037119243069,0.8372093023255814,0.004070582799613476,1.3751158714294434
29,12,144,0.9997640461914279,0.9970352442216521,0.922077922077922,0.00278271920979023,1.5571221113204956
29,12,145,0.9992146783750981,0.9892469622749779,0.7808219178082192,0.005376760382205248,1.1296659708023071
29,12,146,0.9992923947821806,0.990000964521156,0.8918918918918919,0.001602932345122099,1.5776753425598145
29,12,147,0.9994307580405427,0.9949877908596585,0.6990291262135923,0.0024499427527189255,0.9307241439819336
29,12,148,0.9998055364905056,0.9981810908424407,0.7659574468085106,0.003769775852560997,1.015909194946289
29,12,149,0.999563029661017,0.9946493675806283,0.8765432098765432,0.006825098767876625,1.4327294826507568
29,12,150,0.9986203680314012,0.9757950045584647,0.7361111111111112,0.012293335050344467,0.9457821846008301
29,12,151,0.9996312157982393,0.9959162526906781,0.7802197802197802,0.0061715212650597095,1.0661336183547974
29,12,152,0.9955573945425641,0.9656914457849437,0.6301369863013698,0.025186916813254356,0.9308517575263977
29,12,153,0.9988437969707481,0.983900842176277,0.8493150684931506,0.004023941699415445,1.2832372188568115
29,12,154,0.9986933513360482,0.9743568511355654,0.6527777777777778,0.043998755514621735,0.9364327192306519
29,12,155,0.9989669421487603,0.9838294983390157,0.7777777777777778,0.011503344401717186,1.0172317028045654
29,12,156,0.9957571138211382,0.9657088956923594,0.5342465753424658,0.020539838820695877,1.0169496536254883
29,12,157,0.9992176386913229,0.9894192358136433,0.8961038961038961,0.011019021272659302,1.514100432395935
29,12,158,0.9997823721436344,0.9981154703914759,0.6857142857142857,0.01000194251537323,0.9199302792549133
29,12,159,0.999671406719166,0.9967772413846778,0.7578947368421053,0.006317648570984602,0.9568649530410767
29,12,160,0.9993231810490694,0.9831385051959196,0.5416666666666666,0.043562136590480804,1.094612956047058
29,12,161,0.9989940312520957,0.9856886872440007,0.8356164383561644,0.01093218382447958,1.2664947509765625
29,12,162,0.9997596587153759,0.9974584249168997,0.8089887640449438,0.001904540928080678,1.1854475736618042
29,12,163,0.998852484963596,0.9799979272521169,0.7222222222222222,0.005981013644486666,0.9511923789978027
29,12,164,0.9994310224089636,0.993091629472666,0.8947368421052632,0.015121882781386375,1.5299173593521118
29,12,165,0.9996069821651217,0.995205509905694,0.875,0.00915506947785616,1.686158299446106
29,12,166,0.9988934851812131,0.9843609920451541,0.821917808219178,0.011382736265659332,1.2776721715927124
29,12,167,0.9992981799466617,0.9894843016285817,0.9305555555555556,0.004187364596873522,1.4742767810821533
29,12,168,0.999023947338554,0.97867933833032,0.625,0.005982117261737585,0.9286921620368958
29,12,169,0.9989304812834224,0.9821537620978933,0.7638888888888888,0.024691782891750336,1.0584520101547241
29,12,170,0.9988313008130082,0.9725814843573899,0.5555555555555556,0.021444600075483322,0.9382011890411377
29,12,171,0.9987968236143419,0.9829672453440432,0.8266666666666667,0.0027901872526854277,1.3922252655029297
29,12,172,0.9993385429485602,0.990535297405949,0.8918918918918919,0.005314587149769068,1.5377758741378784
29,12,173,0.999771675779607,0.9976225544733857,0.8089887640449438,0.013839204795658588,1.112152099609375
29,12,174,0.9983993902439025,0.9652272841074984,0.5555555555555556,0.0036721026990562677,0.9092074632644653
29,12,175,0.998889348635641,0.9773073384909828,0.6527777777777778,0.026242660358548164,0.9303942918777466
29,12,176,0.9994000738370663,0.9918840811011659,0.8918918918918919,0.015350092202425003,1.401963710784912
29,12,177,0.9989540642076502,0.9795166852210402,0.6666666666666666,0.032307807356119156,0.948478102684021
29,12,178,0.9997494205349872,0.997228741405503,0.8470588235294118,0.012699710205197334,1.3701943159103394
29,12,179,0.9988535452655305,0.9797439673337867,0.7361111111111112,0.00830569677054882,0.9531607031822205
29,12,180,0.9998187071554019,0.9982715831484764,0.7578947368421053,0.008968784473836422,0.9725204706192017
29,12,181,0.9955091869985487,0.9561538006318876,0.47297297297297297,0.033347927033901215,1.1303236484527588
29,12,182,0.9994545600385016,0.9923601607636787,0.8767123287671232,0.002183734904974699,1.3904579877853394
29,12,183,0.9998936667942665,0.9990530980087963,0.7058823529411765,0.006470873020589352,0.9663913249969482
29,12,184,0.9988932291666667,0.9839534083427336,0.863013698630137,0.015227696858346462,1.3555257320404053
29,12,185,0.9997847147470398,0.9979086635836514,0.7578947368421053,0.013790372759103775,0.9607551097869873
29,12,186,0.9996833839918947,0.9964551057899836,0.8571428571428571,0.004626472480595112,1.2766445875167847
29,12,187,0.9996424788135594,0.9957943477685692,0.8765432098765432,0.014067176729440689,1.5361658334732056
29,12,188,0.9989445550959264,0.9848620232758503,0.7972972972972973,0.010041031055152416,1.2182379961013794
29,12,189,0.9992260061919505,0.981608908906176,0.5277777777777778,0.004000774584710598,0.9854714870452881
29,12,190,0.9994385006449655,0.9924779391502673,0.88,0.01010916382074356,1.539857029914856
29,12,191,0.999000499750125,0.983610503677433,0.8055555555555556,0.00830952636897564,1.149725079536438
43,1,0,0.9985431368085591,0.9813896297687242,0.8552631578947368,0.008659448474645615,2.1887550354003906
43,1,1,0.9996635222015261,0.9964694590581755,0.8089887640449438,0.012900239787995815,2.0963294506073
43,1,2,0.9995679666941597,0.9950238478933238,0.8658536585365854,0.01205340027809143,2.061523914337158
43,1,3,0.9999797832767265,0.999829318785316,0.6666666666666666,0.0021372162736952305,1.8881789445877075
43,1,4,0.9982006297795771,0.9540394826924808,0.5,0.021313389763236046,2.8845787048339844
43,1,5,0.998307711773265,0.9744457119796328,0.8648648648648649,0.0008471757173538208,2.1902334690093994
43,1,6,0.998892683915844,0.9850783559193451,0.8533333333333334,0.009300905279815197,2.210203170776367
43,1,7,0.9997921069955996,0.9979244844689695,0.7741935483870968,0.006085169967263937,1.9744093418121338
43,1,8,0.9999678191004365,0.9997058919636868,0.7128712871287128,0.013100363314151764,2.0088415145874023
43,1,9,0.999691146190803,0.9969605503911223,0.7659574468085106,0.021078363060951233,2.0121545791625977
43,1,10,0.9998593073593073,0.9987000774069321,0.72,0.008807649835944176,1.9778903722763062
43,1,11,0.998229576289941,0.9741783601744294,0.821917808219178,0.004262053407728672,2.267659902572632
43,1,12,0.9976876590948837,0.9593124636894432,0.7361111111111112,0.012793160043656826,2.3674018383026123
43,1,13,0.9982511707440297,0.9704805264508455,0.7361111111111112,0.0029959960374981165,2.4263205528259277
43,1,14,0.9983380816714149,0.9706063347426472,0.7222222222222222,0.006133698858320713,2.4317874908447266
43,1,15,0.9990985006642626,0.98749138389131,0.8648648648648649,0.008380592800676823,2.2212629318237305
43,1,16,0.9999206843804883,0.9992288714759436,0.7578947368421053,0.015272614546120167,2.020263433456421
43,1,17,0.9991576235072592,0.9872816586883774,0.875,0.0019048959948122501,2.3210980892181396
43,1,18,0.99921875,0.9914868772148915,0.8765432098765432,0.022371189668774605,2.0951826572418213
43,1,19,0.9979487179487179,0.9618940468273449,0.6805555555555556,0.015296007506549358,2.4736642837524414
43,1,20,0.9981437852502321,0.9700804735986874,0.8055555555555556,0.0019751209765672684,2.336794853210449
43,1,21,0.9997619495082377,0.9974036473506533,0.8470588235294118,0.004418135620653629,2.064690113067627
43,1,22,0.9991672218520986,0.9898108405918944,0.8734177215189873,0.006783857475966215,2.1981406211853027
43,1,23,0.9983288964887395,0.9716244589851004,0.7123287671232876,0.0041227820329368114,2.3923394680023193
43,1,24,0.9981494584444566,0.9689685159240011,0.7916666666666666,0.0014341631904244423,2.3194239139556885
43,1,25,0.9984051036682615,0.9720258148639552,0.7638888888888888,0.0035557320807129145,2.4204530715942383
43,1,26,0.9982568600989653,0.9579179383964074,0.5,0.0552714467048645,2.8750548362731934
43,1,27,0.9982436111355054,0.9723139409135086,0.8194444444444444,0.0036415793001651764,2.2744014263153076
43,1,28,0.9998204022988506,0.998386813141344,0.75,0.012219217605888844,2.010862350463867
43,1,29,0.9977847763424789,0.9467448539751878,0.5277777777777778,0.013871400617063046,2.7429471015930176
43,1,30,0.9996528982992017,0.996385558389548,0.8372093023255814,0.006680747028440237,2.0125272274017334
43,1,31,0.9981257321358844,0.9560482567236579,0.5416666666666666,0.032903194427490234,2.7432010173797607
43,1,32,0.9979105539254912,0.9608042307802211,0.6388888888888888,0.006426031701266766,2.5646450519561768
43,1,33,0.998137955584764,0.9566153507565054,0.5138888888888888,0.022445110604166985,2.7811596393585205
43,1,34,0.9980251093243052,0.9636845234917129,0.7083333333333334,0.007007552310824394,2.426273822784424
43,1,35,0.997982374768089,0.9551661571416179,0.6111111111111112,0.02569492720067501,2.622180461883545
43,1,36,0.9970718420156622,0.9400052350266368,0.625,0.030106185004115105,2.5286388397216797
43,1,37,0.9998283685356617,0.9984388095039299,0.7128712871287128,0.007186402101069689,1.9352678060531616
43,1,38,0.9990068855932204,0.988716699220122,0.8536585365853658,0.018120871856808662,2.0738649368286133
43,1,39,0.9978015448603683,0.9443944393045185,0.4722222222222222,0.036532897502183914,2.934962749481201
43,1,40,0.999468085106383,0.9939853325967656,0.8352941176470589,0.022812722250819206,2.0871336460113525
43,1,41,0.9998765265804598,0.9987893674306086,0.75,0.0049567143432796,1.9539581537246704
43,1,42,0.9998636386175435,0.9985427839621681,0.8372093023255814,0.004819020628929138,2.040102005004883
43,1,43,0.9999598937183536,0.999670091502639,0.6605504587155964,0.004050247371196747,1.934983730316162
43,1,44,0.9989984065558845,0.9861996607373698,0.88,0.0009376275702379644,2.2114651203155518
43,1,45,0.9998383054410219,0.9984072439911224,0.7741935483870968,0.004243748728185892,1.9687200784683228
43,1,46,0.9979621715732827,0.9641710225959842,0.7222222222222222,0.0006286486168392003,2.4940860271453857
43,1,47,0.9997178571866682,0.9969659194078362,0.8275862068965517,0.0023327490780502558,2.028282403945923
43,1,48,0.9982295762899409,0.971973291515429,0.7972972972972973,0.002395310439169407,2.2607181072235107
43,1,49,0.9977953203897305,0.9510325676829221,0.5972222222222222,0.02786589041352272,2.5968923568725586
43,1,50,0.9984536662168242,0.9613886124748403,0.5,0.02521219663321972,2.8443801403045654
43,1,51,0.998666311016271,0.9747543497462001,0.6388888888888888,0.028698647394776344,2.5949387550354004
43,1,52,0.9998395748734146,0.99867301615738,0.6605504587155964,0.008247824385762215,1.8948438167572021
43,1,53,0.9998629602690196,0.9987688723177162,0.6990291262135923,0.010497093200683594,1.9188956022262573
43,1,54,0.9983561197916666,0.9762930698296193,0.8378378378378378,0.005961308721452951,2.217956066131592
43,1,55,0.999000123061777,0.9859239377043054,0.8666666666666667,0.005612229462713003,2.24379825592041
43,1,56,0.9996927134681126,0.9964821887809217,0.8452380952380952,0.001986990449950099,2.062333583831787
43,1,57,0.9985682676038006,0.9689227921486561,0.5416666666666666,0.04493781924247742,2.7718851566314697
43,1,58,0.9996074232690935,0.995812870723912,0.8,0.007038217969238758,2.001124143600464
43,1,59,0.9994612541502224,0.9944764890821955,0.8470588235294118,0.010746651329100132,2.042203426361084
43,1,60,0.9979653030627544,0.966708691138249,0.8055555555555556,0.0033756515476852655,2.2934350967407227
43,1,61,0.9984787018255579,0.9613326939531264,0.5277777777777778,0.030247628688812256,2.75777268409729
43,1,62,0.9996157088312589,0.9959594001614503,0.8372093023255814,0.01879911869764328,2.043114185333252
43,1,63,0.9997281342240174,0.9967998820327235,0.8554216867469879,0.014467298984527588,2.054797887802124
43,1,64,0.9999221521591655,0.9992400320237002,0.7422680412371134,0.013820904307067394,1.9498555660247803
43,1,65,0.9980043179302962,0.9661330351118307,0.7671232876712328,0.003293654415756464,2.3113811016082764
43,1,66,0.9987086776859504,0.9773468413663167,0.7777777777777778,0.0022622267715632915,2.345820903778076
43,1,67,0.9982787389127953,0.9732934676257604,0.7945205479452054,0.008079608902335167,2.3205149173736572
43,1,68,0.9980950307516464,0.9694041062705817,0.7916666666666666,0.003042869735509157,2.3609352111816406
43,1,69,0.999539070202169,0.9947432118515819,0.8452380952380952,0.009047961793839931,2.0590054988861084
43,1,70,0.9985421972424694,0.9768905765580866,0.8194444444444444,0.005297653842717409,2.2950634956359863
43,1,71,0.9999796165880207,0.9998285175340822,0.6728971962616822,0.007451305631548166,1.8907928466796875
43,1,72,0.9992717161016949,0.9916861745187369,0.8536585365853658,0.009846648201346397,2.0733580589294434
43,1,73,0.999239441111888,0.9922404737897348,0.8275862068965517,0.015759173780679703,2.0890984535217285
43,1,74,0.9986522911051212,0.9835514449020335,0.8441558441558441,0.012920111417770386,2.209231376647949
43,1,75,0.9979117012824879,0.9586012614103647,0.625,0.016450082883238792,2.574817657470703
43,1,76,0.9984616529786864,0.9654692880880837,0.5694444444444444,0.02075071819126606,2.7277331352233887
43,1,77,0.9980698151950719,0.9650252560782945,0.6944444444444444,0.006546988617628813,2.445413112640381
43,1,78,0.997688272428203,0.9522931195601188,0.6388888888888888,0.02448752149939537,2.529362201690674
43,1,79,0.9993715879187777,0.9929515670125856,0.8658536585365854,0.00753432884812355,2.147205352783203
43,1,80,0.9981961382113821,0.9613536665328756,0.5555555555555556,0.01858820952475071,2.695530414581299
43,1,81,0.9997940974605354,0.9980360812360731,0.7659574468085106,0.004337415099143982,1.9532949924468994
43,1,82,0.9998483858928905,0.9984630061559355,0.782608695652174,0.010348251089453697,1.9910714626312256
43,1,83,0.9997396737244012,0.9971847810861189,0.8372093023255814,0.010357190854847431,2.048985004425049
43,1,84,0.9988770879146587,0.9843683642398127,0.8289473684210527,0.003983141854405403,2.2093632221221924
43,1,85,0.9990352375529828,0.9864871920907342,0.8648648648648649,0.0037322526331990957,2.207578659057617
43,1,86,0.9995223041798383,0.9939562491686936,0.8846153846153846,0.006298507563769817,2.2025043964385986
43,1,87,0.999811872909699,0.998299023297218,0.6923076923076923,0.002759306924417615,1.900655746459961
43,1,88,0.9985401459854015,0.9790856444914066,0.8767123287671232,0.003627216909080744,2.292506694793701
43,1,89,0.9982208267922553,0.9658971130454468,0.6805555555555556,0.022494586184620857,2.4726319313049316
43,1,90,0.9985626283367556,0.9739159660688402,0.6944444444444444,0.005757809150964022,2.461751937866211
43,1,91,0.9985213176702539,0.9621230682808456,0.5138888888888888,0.022693036124110222,2.811861753463745
43,1,92,0.9994863120967237,0.9946917607825285,0.8470588235294118,0.013186786323785782,2.055398941040039
43,1,93,0.9980957192546102,0.9671459101171223,0.7361111111111112,0.00516548054292798,2.363111972808838
43,1,94,0.9981973299064754,0.9688380264478744,0.7808219178082192,0.01378457248210907,2.3079895973205566
43,1,95,0.9978004747490146,0.9581676961636766,0.6527777777777778,0.010189286433160305,2.5111124515533447
43,1,96,0.9989564698867024,0.9876794605172644,0.8518518518518519,0.016251225024461746,2.1208293437957764
43,1,97,0.999134987480082,0.9881042776272353,0.8552631578947368,0.002715128241106868,2.1626596450805664
43,1,98,0.9980673609156582,0.967263160344517,0.7638888888888888,0.00893879123032093,2.361710548400879
43,1,99,0.9980516707590477,0.9552744612920825,0.5277777777777778,0.02593923546373844,2.777559280395508
43,1,100,0.9984439834024896,0.9759920854946253,0.8082191780821918,0.0018693197052925825,2.3146157264709473
43,1,101,0.9994111638526707,0.993888157513092,0.8089887640449438,0.018297985196113586,2.0063374042510986
43,1,102,0.9986672656483977,0.9822673174682816,0.8441558441558441,0.013509592041373253,2.147535800933838
43,1,103,0.9988762446657184,0.9847826404693879,0.8481012658227848,0.004860250744968653,2.1402909755706787
43,1,104,0.9974977507872245,0.9390368030823025,0.5,0.03254368528723717,2.8494491577148438
43,1,105,0.9983350409836066,0.9674401980402005,0.6666666666666666,0.007069219835102558,2.4939234256744385
43,1,106,0.9982374768089053,0.9633048924113456,0.6111111111111112,0.02611304074525833,2.629547119140625
43,1,107,1.0,1.0,0.6923076923076923,0.004587063565850258,1.9236187934875488
43,1,108,0.9994306144067797,0.9927307250551238,0.8536585365853658,0.0027098236605525017,2.110628843307495
43,1,109,0.9996799098626173,0.996508436362048,0.8674698795180723,0.014552055858075619,2.0899293422698975
43,1,110,0.99795233175915,0.9656007080779835,0.7777777777777778,0.008676220662891865,2.362684488296509
43,1,111,0.9983314305787302,0.9737994116582829,0.7945205479452054,0.0028351598884910345,2.293215274810791
43,1,112,0.9981368063754428,0.968463994451284,0.7777777777777778,0.004920842591673136,2.3217570781707764
43,1,113,0.9977800546448088,0.9536125717183976,0.6666666666666666,0.006259606685489416,2.480621337890625
43,1,114,0.999504386846159,0.9940368577077112,0.8641975308641975,0.016749141737818718,2.0819435119628906
43,1,115,0.9982844398696173,0.97519406012772,0.8783783783783784,0.00048444041749462485,2.203481674194336
43,1,116,0.998523210850514,0.9736758619148387,0.7361111111111112,0.005457908380776644,2.4223408699035645
43,1,117,0.9990586582367404,0.9877391141540992,0.8375,0.019301723688840866,2.1125450134277344
43,1,118,0.9984537990809904,0.9685414096564833,0.6527777777777778,0.008910482749342918,2.541943311691284
43,1,119,0.9988314743151984,0.9849532105479252,0.8311688311688312,0.004302848596125841,2.2291927337646484
43,1,120,0.9989245271082432,0.9858007170353554,0.84,0.013444996438920498,2.236290454864502
43,1,121,0.9986603872318157,0.9753307505956991,0.6805555555555556,0.00899134948849678,2.4918601512908936
43,1,122,0.9984551396316103,0.9581603527486638,0.4722222222222222,0.008591310121119022,2.934093713760376
43,1,123,0.9980463347164592,0.9696488845498858,0.8082191780821918,0.011068272404372692,2.2705838680267334
43,1,124,0.9991533422163003,0.9893908796200191,0.85,0.010122133418917656,2.0894687175750732
43,1,125,0.9995631995631996,0.9958415018744993,0.7272727272727273,0.00824135821312666,2.0075907707214355
43,1,126,0.9979819563152896,0.9634468699036175,0.7222222222222222,0.008672737516462803,2.3952715396881104
43,1,127,0.9978883257757624,0.9583842554643733,0.6388888888888888,0.005918193142861128,2.5300440788269043
43,1,128,0.9997574581615328,0.9976540655908169,0.7741935483870968,0.010421836748719215,2.00061297416687
43,1,129,0.9998096597668331,0.9980590034031176,0.8,0.017491601407527924,2.0146477222442627
43,1,130,0.9998970487302676,0.9989823728937228,0.7659574468085106,0.013349663466215134,1.977365493774414
43,1,131,0.9975127761692867,0.9567415974480815,0.7361111111111112,0.0049805655144155025,2.36250638961792
43,1,132,0.9982631565888396,0.9629928235087338,0.5694444444444444,0.007870260626077652,2.6758229732513428
43,1,133,0.9980814639905549,0.9690630382118847,0.7534246575342466,0.010772197507321835,2.3334105014801025
43,1,134,0.9982417582417582,0.9666057640684411,0.6805555555555556,0.011338725686073303,2.5630154609680176
43,1,135,0.9999663254310345,0.9996843434343434,0.75,0.015674583613872528,1.9876223802566528
43,1,136,0.9997660669473863,0.9978737741455027,0.7058823529411765,0.016504254192113876,1.976864218711853
43,1,137,0.9999350649350649,0.9993977778677856,0.72,0.016052624210715294,1.9633492231369019
43,1,138,0.9977755078878675,0.9544290814535218,0.625,0.018248386681079865,2.621058464050293
43,1,139,0.9986002604166667,0.9775315064463925,0.8888888888888888,0.006969735026359558,2.2324910163879395
43,1,140,1.0,1.0,0.7422680412371134,0.011951781809329987,2.078078508377075
43,1,141,0.9997084344094047,0.9970780712075286,0.782608695652174,0.0101905707269907,1.9870072603225708
43,1,142,0.9988028907970383,0.9835463396563856,0.881578947368421,0.0027455936651676893,2.1475908756256104
43,1,143,0.9979327820752201,0.9587240462832292,0.6388888888888888,0.010277696885168552,2.5293350219726562
43,1,144,0.9978236783792339,0.9601972180489593,0.7222222222222222,0.009177030064165592,2.445831298828125
43,1,145,0.998377651155429,0.97219107956209,0.7222222222222222,0.010635044425725937,2.4190280437469482
43,1,146,0.9999656829100892,0.9996604542358101,0.7659574468085106,0.00857740081846714,1.973697304725647
43,1,147,0.9990305584826134,0.9877973192712959,0.8607594936708861,0.013308171182870865,2.122837543487549
43,1,148,0.9985561883372103,0.9805278543268342,0.8266666666666667,0.01018672063946724,2.279275417327881
43,1,149,0.9999893666794266,0.9999048162954501,0.7058823529411765,0.0049522919580340385,1.9197158813476562
43,1,150,0.9979633401221996,0.952760673918188,0.5833333333333334,0.028974074870347977,2.6379449367523193
43,1,151,0.9982105962219598,0.970943349960284,0.7777777777777778,0.002910965122282505,2.379570722579956
43,1,152,0.9989007724301842,0.9698292628353808,0.4722222222222222,0.030456354841589928,2.957413673400879
43,1,153,0.9978367425175936,0.946155500370147,0.5138888888888888,0.04247579723596573,2.8369345664978027
43,1,154,0.9999025974025975,0.9990819650645009,0.72,0.007129625882953405,1.9544143676757812
43,1,155,0.9998972335265344,0.9991303887045379,0.6792452830188679,0.011588077992200851,1.9562721252441406
43,1,156,0.9984969360619724,0.9759396124210576,0.8493150684931506,0.005647233687341213,2.262610673904419
43,1,157,0.9995468903733623,0.9950318925640869,0.8780487804878049,0.011802737601101398,2.064100503921509
43,1,158,0.9983452546172734,0.9614520931566507,0.5277777777777778,0.03263581544160843,2.7981274127960205
43,1,159,0.9983570196336153,0.958332998158296,0.5138888888888888,0.028177032247185707,2.8120386600494385
43,1,160,0.999922863313792,0.9992643404049832,0.7346938775510204,0.009943487122654915,1.9484468698501587
43,1,161,0.9996617839149095,0.9968619587588063,0.782608695652174,0.015149486251175404,2.06270694732666
43,1,162,0.9982362322919598,0.9696626145224632,0.7638888888888888,0.015430736355483532,2.330238103866577
43,1,163,0.9989583333333333,0.9750096632133807,0.5555555555555556,0.014802549965679646,2.7732040882110596
43,1,164,0.9982362322919598,0.9702302963754708,0.7638888888888888,0.007650351617485285,2.415273904800415
43,1,165,0.9999118437871909,0.9991890437145896,0.7346938775510204,0.006453604903072119,1.9787834882736206
43,1,166,0.99873046875,0.9813846835443101,0.863013698630137,0.0015648965490981936,2.2438361644744873
43,1,167,0.9984679025586027,0.9752225440572546,0.8472222222222222,0.004092038609087467,2.2600488662719727
43,1,168,0.9998484848484849,0.9986300053978512,0.72,0.006083848886191845,1.9352487325668335
43,1,169,0.9983883781636591,0.9676445380673182,0.625,0.009563958272337914,2.5669727325439453
43,1,170,0.9983302411873841,0.9672313063556546,0.6111111111111112,0.02818148024380207,2.6037521362304688
43,1,171,0.9990896159317212,0.9883446041598232,0.8717948717948718,0.003918193280696869,2.1806788444519043
43,1,172,0.9983797224673138,0.9757324731044223,0.8513513513513513,0.00674940412864089,2.1918280124664307
43,1,173,0.9995468903733623,0.9951247163303036,0.8554216867469879,0.008953588083386421,2.127609968185425
43,1,174,0.9980783602007046,0.9497900039116334,0.5277777777777778,0.03865208476781845,2.7633461952209473
43,1,175,0.9982298581283353,0.9584267525907724,0.5416666666666666,0.04890252277255058,2.7324559688568115
43,1,176,0.9983212809917356,0.9721162757622661,0.7777777777777778,0.0015996848233044147,2.3221077919006348
43,1,177,0.9999362000765599,0.9994212089117704,0.7058823529411765,0.01779811829328537,1.9504051208496094
43,1,178,0.9978867827868853,0.960304549530604,0.6666666666666666,0.009563958272337914,2.491556406021118
43,1,179,0.9999567099567099,0.9995979391816733,0.72,0.0194698479026556,1.9326220750808716
43,1,180,0.9989832308976402,0.9866425237241716,0.8552631578947368,0.010845188982784748,2.2238996028900146
43,1,181,0.9986341907580242,0.9823907858009656,0.8311688311688312,0.00752622215077281,2.1672749519348145
43,1,182,0.9998512926103866,0.9985461629039788,0.7659574468085106,0.0012320197420194745,1.9639962911605835
43,1,183,0.9997526589166461,0.9973916878297585,0.7912087912087912,0.009420371614396572,2.0033669471740723
43,1,184,0.9989046941678521,0.9871437600598933,0.8717948717948718,0.011153385043144226,2.1654763221740723
43,1,185,0.9979488660985122,0.9502555223861118,0.4861111111111111,0.034664422273635864,2.9596781730651855
43,1,186,0.9977504638218924,0.9577515157498917,0.6111111111111112,0.0190318264067173,2.572499990463257
43,1,187,0.9993977717554954,0.9931788712317859,0.8658536585365854,0.009554305113852024,2.0592215061187744
43,1,188,0.9999528874126945,0.9995247856397927,0.7912087912087912,0.0035415750462561846,2.039236307144165
43,1,189,0.999536354056902,0.9946297011988632,0.9342105263157895,0.003103279508650303,2.131803274154663
43,1,190,0.9996742466954833,0.9964234212350969,0.8470588235294118,0.007148899137973785,2.0361123085021973
43,1,191,0.9979353517334787,0.9682181177905291,0.8,0.008401108905673027,2.2462706565856934
43,2,0,0.9992412170877912,0.9902321857257499,0.8552631578947368,0.008659448474645615,4.668333053588867
43,2,1,0.9999879829357687,0.9998751560549314,0.8089887640449438,0.005265883635729551,3.8135364055633545
43,2,2,0.999738161632824,0.9969904326224266,0.8888888888888888,0.00374436192214489,4.496801853179932
43,2,3,0.9999494581918162,0.9995774807344555,0.6666666666666666,0.009703218936920166,3.383648633956909
43,2,4,0.9984817813765182,0.9607899699759904,0.5,0.011151561513543129,3.1500463485717773
43,2,5,0.9988454482191433,0.9823099364226258,0.8904109589041096,0.005242666229605675,4.283903121948242
43,2,6,0.9994073519549588,0.9916781388603788,0.9041095890410958,0.0077192229218780994,4.416861057281494
43,2,7,0.9998152062183108,0.9980691477468023,0.7741935483870968,0.012191718444228172,3.821922540664673
43,2,8,0.9999570921339155,0.9996058819626866,0.7128712871287128,0.009297603741288185,3.40281081199646
43,2,9,0.9998512926103866,0.9985372215771892,0.7659574468085106,0.009750674478709698,3.434605598449707
43,2,10,0.9998917748917748,0.9989628110609889,0.72,0.00961647555232048,3.495356798171997
43,2,11,0.9988764618763086,0.9826636234504058,0.821917808219178,0.005001379642635584,4.191932201385498
43,2,12,0.9984649165419817,0.9704288938195739,0.7361111111111112,0.004412511363625526,4.065665245056152
43,2,13,0.9987952509569982,0.9792183520969651,0.7361111111111112,0.004071617964655161,3.9773716926574707
43,2,14,0.9987535612535613,0.9774424825069354,0.7222222222222222,0.006085188593715429,4.0341620445251465
43,2,15,0.9995255266654014,0.9933669530196039,0.8904109589041096,0.010177874006330967,4.374089241027832
43,2,16,1.0,1.0,0.7578947368421053,0.006470052059739828,3.4631619453430176
43,2,17,0.9995210016021671,0.9924104035181368,0.875,0.0025333999656140804,4.456521511077881
43,2,18,0.9997351694915254,0.9969428259052957,0.9,0.01682569831609726,4.255753993988037
43,2,19,0.9987441130298274,0.9763372138622761,0.6805555555555556,0.017179926857352257,3.7254457473754883
43,2,20,0.9986613835939173,0.9784426409435693,0.8055555555555556,0.0025576376356184483,4.0916056632995605
43,2,21,0.9998997682139948,0.9989067726167037,0.8470588235294118,0.0058551388792693615,4.3628668785095215
43,2,22,0.999569731290251,0.9945215294637009,0.8734177215189873,0.004405386745929718,4.7027177810668945
43,2,23,0.9989118395740629,0.9810217864846777,0.7361111111111112,0.010714332573115826,3.8063642978668213
43,2,24,0.9987300205010976,0.9784114782731399,0.7916666666666666,0.007457047235220671,4.045060157775879
43,2,25,0.9989117177971668,0.9805781316196176,0.7638888888888888,0.008516036905348301,4.249767780303955
43,2,26,0.9987348178137652,0.9669868824279773,0.5,0.004360277205705643,3.455719232559204
43,2,27,0.9986475805743391,0.9791567967625945,0.8194444444444444,0.006373224779963493,4.150750160217285
43,2,28,0.9999102011494253,0.9991423544947862,0.75,0.008127930574119091,3.3913486003875732
43,2,29,0.9981851179673321,0.9547277800205525,0.5277777777777778,0.011358596384525299,3.605241060256958
43,2,30,0.9997520702137155,0.9973183714654444,0.8372093023255814,0.005301401484757662,4.143688678741455
43,2,31,0.9985682676038006,0.9648935958745278,0.5416666666666666,0.016088811680674553,3.3568410873413086
43,2,32,0.9984440295189828,0.9693364969541978,0.6388888888888888,0.004544167313724756,3.8027336597442627
43,2,33,0.998329636627509,0.9603879222133613,0.5138888888888888,0.008766704238951206,3.243525743484497
43,2,34,0.9986095157487456,0.9739249773112244,0.7083333333333334,0.00251667108386755,3.942047357559204
43,2,35,0.9984230055658627,0.9631581822205958,0.6111111111111112,0.010901660658419132,3.8052568435668945
43,2,36,0.9977982067869708,0.9553392258083033,0.625,0.007834335789084435,3.714024782180786
43,2,37,0.999839095502183,0.9986295013114163,0.7128712871287128,0.010454367846250534,3.5885424613952637
43,2,38,0.9996822033898305,0.9960899964506439,0.8765432098765432,0.010824352502822876,4.385966777801514
43,2,39,0.9983363042186572,0.956275587023915,0.4722222222222222,0.007979373447597027,3.160036325454712
43,2,40,0.9997973657548126,0.9976853336662856,0.8571428571428571,0.006066219415515661,3.9334609508514404
43,2,41,0.9998204022988505,0.9982904733440918,0.75,0.0076977270655334,3.917093515396118
43,2,42,0.9999628105320573,0.9996005211662324,0.8372093023255814,0.004819020628929138,4.289309024810791
43,2,43,0.9998395748734146,0.9987889637028147,0.6605504587155964,0.011134925298392773,3.249669075012207
43,2,44,0.9995295545944305,0.9933558837604863,0.9054054054054054,0.00528750428929925,4.4327473640441895
43,2,45,0.9999422519432221,0.9994229688606732,0.7741935483870968,0.004432876594364643,4.081818580627441
43,2,46,0.9986150680595125,0.9745431779300522,0.7222222222222222,0.007756455335766077,4.1503753662109375
43,2,47,0.9999141304481164,0.9990810069601251,0.8275862068965517,0.005840534344315529,4.346817970275879
43,2,48,0.9988253919615954,0.9813022098465004,0.821917808219178,0.012517852708697319,4.11280632019043
43,2,49,0.9984828011284167,0.9634537572134552,0.5972222222222222,0.011520108208060265,3.5649478435516357
43,2,50,0.9987348178137652,0.9672758587568234,0.5,0.008014578372240067,3.236924409866333
43,2,51,0.9991997866097626,0.985211640314162,0.6388888888888888,0.009775259532034397,3.601205825805664
43,2,52,0.9996691231764175,0.9973186223796207,0.6605504587155964,0.007948009297251701,3.230020046234131
43,2,53,0.9997786281268777,0.9981026796982999,0.6990291262135923,0.008630315773189068,3.536820650100708
43,2,54,0.999072265625,0.986168718102282,0.863013698630137,0.00481708999723196,4.367618083953857
43,2,55,0.9993231602264336,0.9904959307739959,0.8918918918918919,0.011320983991026878,4.841991424560547
43,2,56,0.9998079459175704,0.9977494450571307,0.8674698795180723,0.00417371978983283,4.609028339385986
43,2,57,0.9990368345698295,0.9779586004321046,0.5416666666666666,0.01390383392572403,3.529416084289551
43,2,58,0.9997263859148228,0.997085405721561,0.8,0.006158174481242895,4.072768688201904
43,2,59,0.9998496523209922,0.9983837970617591,0.8470588235294118,0.009187535382807255,4.333724498748779
43,2,60,0.9985542942814307,0.9761640568341313,0.8055555555555556,0.01313601341098547,4.062845706939697
43,2,61,0.9987722856837834,0.9681038128840536,0.5277777777777778,0.0054635098204016685,3.3226780891418457
43,2,62,0.9998264491496008,0.9980474350454296,0.8372093023255814,0.011235790327191353,4.099654674530029
43,2,63,0.9999093780746725,0.9989834868003209,0.8780487804878049,0.014351177960634232,4.657315254211426
43,2,64,0.9999221521591655,0.9992400320237002,0.7422680412371134,0.012229416519403458,3.1783902645111084
43,2,65,0.9986393076797474,0.976258128887557,0.7916666666666666,0.003964390140026808,3.984433650970459
43,2,66,0.9991329693034239,0.9842402521338225,0.7777777777777778,0.005286604631692171,3.812899112701416
43,2,67,0.9989286027926583,0.9823097442490886,0.8194444444444444,0.0083541264757514,4.42772102355957
43,2,68,0.9985485948583973,0.9766766537115209,0.7916666666666666,0.004342986270785332,4.29644250869751
43,2,69,0.9998079459175704,0.9977494450571307,0.8674698795180723,0.008792546577751637,4.251354217529297
43,2,70,0.9989110389040133,0.9828813460070635,0.8194444444444444,0.006126376800239086,4.246354579925537
43,2,71,0.999847124410155,0.998720734880056,0.6728971962616822,0.00789960939437151,3.169318675994873
43,2,72,0.9995762711864407,0.9951690737313115,0.8765432098765432,0.005879884120076895,4.438114643096924
43,2,73,0.9997791925808708,0.997644473315219,0.8275862068965517,0.01124146580696106,3.6374921798706055
43,2,74,0.9993111710092842,0.9913018401602796,0.8933333333333333,0.00940734427422285,4.632309913635254
43,2,75,0.9982975825672455,0.9654859685128134,0.625,0.007401301525533199,3.800662040710449
43,2,76,0.9988586457583802,0.9731585875184598,0.5694444444444444,0.006057425867766142,3.4149556159973145
43,2,77,0.9988090349075975,0.9772209436870181,0.6944444444444444,0.003706388408318162,3.751634120941162
43,2,78,0.9980883791233217,0.9619959341108468,0.6388888888888888,0.008283224888145924,3.6123878955841064
43,2,79,0.9997905293062593,0.9975946308691975,0.8888888888888888,0.006767827086150646,4.493047714233398
43,2,80,0.9988058943089431,0.9718722685909775,0.5555555555555556,0.007963034324347973,3.3847827911376953
43,2,81,0.9998398535804164,0.9983940807966727,0.7659574468085106,0.0015105695929378271,3.607954978942871
43,2,82,0.9999416868818809,0.9994397131331241,0.782608695652174,0.004198652226477861,3.9624438285827637
43,2,83,0.9997892596816582,0.9977326577055636,0.8372093023255814,0.012508342042565346,4.309257984161377
43,2,84,0.9992046039395499,0.989104905444914,0.8533333333333334,0.004844978451728821,4.439311981201172
43,2,85,0.9994780793319415,0.9925570803997161,0.8904109589041096,0.0017977319657802582,4.358248233795166
43,2,86,0.9998173515981735,0.9977080442054497,0.9342105263157895,0.008833257481455803,4.843100070953369
43,2,87,0.9998118729096991,0.9983557075025662,0.6923076923076923,0.008513505570590496,3.258026361465454
43,2,88,0.9990855859468998,0.986434550994755,0.8767123287671232,0.003627216909080744,4.533184051513672
43,2,89,0.9987022501308216,0.9742115996835272,0.6805555555555556,0.007300560362637043,3.6637115478515625
43,2,90,0.998952772073922,0.9813181219539622,0.6944444444444444,0.003629291197285056,3.8521602153778076
43,2,91,0.9986582327007859,0.9651159446049569,0.5138888888888888,0.008398369885981083,3.3013434410095215
43,2,92,0.9997118336152352,0.9969550242334853,0.8470588235294118,0.013605818152427673,4.340330123901367
43,2,93,0.9986203680314012,0.9754557201879177,0.7361111111111112,0.01129962783306837,3.9924416542053223
43,2,94,0.9986970800314129,0.9773003756647938,0.8055555555555556,0.0046900799497962,4.094584941864014
43,2,95,0.998519131514188,0.9710206391068578,0.6527777777777778,0.007053790148347616,3.7871344089508057
43,2,96,0.9994985634520519,0.9939944725358026,0.8987341772151899,0.011430487968027592,4.546184539794922
43,2,97,0.9994385006449654,0.992042851151306,0.9054054054054054,0.008711771108210087,4.220646858215332
43,2,98,0.9986302655033304,0.9760659683281232,0.7638888888888888,0.0027184500358998775,4.033857822418213
43,2,99,0.9985587701505284,0.9646597098024337,0.5277777777777778,0.00760740227997303,3.4615254402160645
43,2,100,0.9990836791147995,0.9856543585099924,0.8333333333333334,0.005534131079912186,4.322851181030273
43,2,101,0.9996875563299886,0.9967497010705404,0.8089887640449438,0.0027909178752452135,3.827801465988159
43,2,102,0.9992213237496257,0.9896451375668266,0.8933333333333333,0.004788644146174192,4.4090094566345215
43,2,103,0.9993598862019915,0.9912144722803833,0.8961038961038961,0.004854532890021801,4.745155334472656
43,2,104,0.9980038236617184,0.9505630900897288,0.5,0.009984655305743217,3.4476892948150635
43,2,105,0.9989754098360656,0.979668235736519,0.6666666666666666,0.008519608527421951,3.7367138862609863
43,2,106,0.9986781076066791,0.972024762847852,0.6111111111111112,0.008863714523613453,3.778470516204834
43,2,107,0.9998954849498328,0.9990817470613811,0.6923076923076923,0.0009390217601321638,3.4014594554901123
43,2,108,0.999563029661017,0.9944062940549772,0.8536585365853658,0.004908688832074404,4.67852258682251
43,2,109,0.9999871963945047,0.9998565691336776,0.8674698795180723,0.00904558040201664,4.411602020263672
43,2,110,0.9985057556080283,0.975088683676926,0.7777777777777778,0.0026880507357418537,4.333646297454834
43,2,111,0.9989461666813032,0.9827247933951893,0.8194444444444444,0.00585345271974802,4.058750152587891
43,2,112,0.9986164403778041,0.9765490959274449,0.7777777777777778,0.004920842591673136,4.120548248291016
43,2,113,0.9982923497267759,0.963534722230111,0.6666666666666666,0.0022950554266572,3.732301712036133
43,2,114,0.9997053110977162,0.9963293151579076,0.8875,0.007161707617342472,4.176909446716309
43,2,115,0.9989238759182145,0.9846081437611514,0.8783783783783784,0.00048444041749462485,4.460500240325928
43,2,116,0.9992033111167246,0.9853663281824421,0.7361111111111112,0.00768696703016758,3.9712350368499756
43,2,117,0.9994942044257112,0.9934085345098594,0.9090909090909091,0.009889466688036919,4.336511611938477
43,2,118,0.9988675711579085,0.9757461919605731,0.6527777777777778,0.009569033980369568,3.728905200958252
43,2,119,0.999226041429547,0.9900151473910956,0.8552631578947368,0.0065762996673583984,4.513766765594482
43,2,120,0.999335737331562,0.9911725235599453,0.8648648648648649,0.012522093951702118,4.643545150756836
43,2,121,0.9990999476713763,0.9826708397189491,0.6805555555555556,0.002138192066922784,3.7315855026245117
43,2,122,0.998989898989899,0.9698393967129245,0.4722222222222222,0.00921099353581667,3.251638174057007
43,2,123,0.9987033195020747,0.9801633084563297,0.8333333333333334,0.009067483246326447,4.246626853942871
43,2,124,0.999458694203864,0.9933750118653245,0.85,0.010122133418917656,4.588198661804199
43,2,125,0.9996614796614797,0.9968785622395617,0.7272727272727273,0.001258594449609518,3.500610113143921
43,2,126,0.9987535612535612,0.9771042707386197,0.7222222222222222,0.01039159670472145,3.8805811405181885
43,2,127,0.9984440295189829,0.9684644509300822,0.6388888888888888,0.006100441794842482,3.848419189453125
43,2,128,0.9998614046637331,0.9985722003032944,0.7741935483870968,0.009814868681132793,3.570713520050049
43,2,129,0.9999643112062813,0.9996295991427078,0.8,0.014483103528618813,3.871739625930786
43,2,130,0.9999656829100892,0.9996604542358101,0.7659574468085106,0.009026356041431427,4.194533824920654
43,2,131,0.998309465052562,0.9703803633913308,0.7361111111111112,0.009313545189797878,4.007795333862305
43,2,132,0.9987842096121877,0.9726896241293725,0.5694444444444444,0.0034797717817127705,3.581051826477051
43,2,133,0.998745572609209,0.9792182753515779,0.7777777777777778,0.0007997899665497243,3.9628636837005615
43,2,134,0.9986603872318158,0.973842022876445,0.6805555555555556,0.008856977336108685,3.9695522785186768
43,2,135,0.9999102011494252,0.9991835642529665,0.75,0.006991478148847818,3.43392276763916
43,2,136,0.9997979669091064,0.9981687744000549,0.7058823529411765,0.013818742707371712,3.5009562969207764
43,2,137,0.9998917748917748,0.9990296918767507,0.72,0.008089439943432808,3.830308198928833
43,2,138,0.9980932924753149,0.9616988665273385,0.625,0.00803492870181799,3.855548620223999
43,2,139,0.9989095052083333,0.9828477546103609,0.8888888888888888,0.009131907485425472,4.355160713195801
43,2,140,1.0,1.0,0.7422680412371134,0.009945754893124104,3.5379583835601807
43,2,141,0.9997900727747714,0.9978713235042387,0.782608695652174,0.011622453108429909,4.139538288116455
43,2,142,0.9992610437018754,0.9897968734685363,0.9066666666666666,0.006119147874414921,4.413241386413574
43,2,143,0.9986218547168134,0.971244139732781,0.6388888888888888,0.006320133339613676,3.8866405487060547
43,2,144,0.9986348528015195,0.9742580534961363,0.7222222222222222,0.009177030064165592,4.029562473297119
43,2,145,0.9988722697056029,0.9799313114664199,0.7222222222222222,0.009420925751328468,3.79138445854187
43,2,146,1.0,1.0,0.7659574468085106,0.007573473267257214,3.839282751083374
43,2,147,0.9996066034422199,0.995101123516913,0.8846153846153846,0.014763095416128635,4.583218574523926
43,2,148,0.9991657977059437,0.9885670018070952,0.8513513513513513,0.013029729016125202,4.619336128234863
43,2,149,0.9999893666794266,0.99990481629545,0.7058823529411765,0.00837306585162878,3.614696741104126
43,2,150,0.9983512753370187,0.9605113546883441,0.5833333333333334,0.00528652872890234,3.5580332279205322
43,2,151,0.9987824675324675,0.979597604235976,0.7777777777777778,0.006694139912724495,4.302693843841553
43,2,152,0.9990493166963754,0.9739555794885983,0.4722222222222222,0.0038165657315403223,3.117271661758423
43,2,153,0.9981653385908705,0.954264159740146,0.5138888888888888,0.0065347421914339066,3.4419984817504883
43,2,154,0.9999242424242424,0.9993257897218293,0.72,0.010170113295316696,3.633408784866333
43,2,155,0.999856126937148,0.9988006843442927,0.6792452830188679,0.0054619633592665195,3.2058353424072266
43,2,156,0.9990585203904663,0.9848478137817481,0.875,0.011830057948827744,4.429115295410156
43,2,157,0.9997281342240174,0.9968885624008603,0.8780487804878049,0.011802737601101398,4.478360652923584
43,2,158,0.998879043450411,0.9731855046604648,0.5277777777777778,0.00697254529222846,3.296109914779663
43,2,159,0.9986034666885731,0.9642718993525445,0.5138888888888888,0.009572749957442284,3.272636890411377
43,2,160,0.9998898047339886,0.9989874713271851,0.7346938775510204,0.0069032167084515095,3.6829967498779297
43,2,161,0.9999883373763763,0.9998831229546516,0.782608695652174,0.01962444931268692,3.4016878604888916
43,2,162,0.998742846420865,0.9790171538333396,0.7638888888888888,0.004641657695174217,4.0787353515625
43,2,163,0.9991615853658536,0.9794745918671093,0.5555555555555556,0.014483170583844185,3.5219476222991943
43,2,164,0.9987428464208651,0.9786281200224491,0.7638888888888888,0.007053057663142681,4.2397050857543945
43,2,165,0.9999449023669944,0.9994907654030709,0.7346938775510204,0.0029724931810051203,3.396643877029419
43,2,166,0.9991861979166666,0.9880900972974647,0.863013698630137,0.0015648965490981936,4.3492431640625
43,2,167,0.9989445550959263,0.9832191372199088,0.8472222222222222,0.004092038609087467,4.206332683563232
43,2,168,0.999978354978355,0.9998009900990099,0.72,0.011060547083616257,3.36207914352417
43,2,169,0.998615367154693,0.9729003970200936,0.625,0.011220459826290607,3.623304605484009
43,2,170,0.9991187384044528,0.9808970049191622,0.6111111111111112,0.011428301222622395,3.666604995727539
43,2,171,0.9995874822190612,0.9946179508319877,0.9210526315789473,0.010034033097326756,4.9243268966674805
43,2,172,0.9989251624288121,0.9842998093712494,0.8767123287671232,0.007647212129086256,4.37349271774292
43,2,173,0.9997022422453524,0.9965053765706486,0.8554216867469879,0.009140639565885067,4.469038009643555
43,2,174,0.9982651862923028,0.9524964367648705,0.5277777777777778,0.010511411353945732,3.4596564769744873
43,2,175,0.9986463620981387,0.9660597431967557,0.5416666666666666,0.015036333352327347,3.2991628646850586
43,2,176,0.9988562573789846,0.9816267442732202,0.7777777777777778,0.007762701716274023,3.954930305480957
43,2,177,0.9999893666794266,0.9999048162954501,0.7058823529411765,0.007543712388724089,3.418776750564575
43,2,178,0.9986125341530054,0.9733721853594153,0.6666666666666666,0.00866165291517973,4.014580249786377
43,2,179,0.9999675324675326,0.9996999799979998,0.72,0.00568124046549201,3.347754716873169
43,2,180,0.9996054328856515,0.994526891786566,0.9315068493150684,0.0015919636934995651,4.5459442138671875
43,2,181,0.9993170953790121,0.9908068275100613,0.9054054054054054,0.013257062993943691,4.371285438537598
43,2,182,0.9999656829100892,0.9996604542358101,0.7659574468085106,0.0014021961251273751,4.013798713684082
43,2,183,0.9998704403849099,0.9986087448231091,0.7912087912087912,0.011560587212443352,4.076528549194336
43,2,184,0.9994594594594595,0.9933937231439607,0.8961038961038961,0.007800291292369366,4.431136608123779
43,2,185,0.9981799797775531,0.954642641537021,0.4861111111111111,0.012146946974098682,3.3986592292785645
43,2,186,0.9983766233766234,0.968929372593102,0.6111111111111112,0.012949440628290176,3.6597018241882324
43,2,187,0.9996988858777477,0.9965306497403279,0.8658536585365854,0.008176025934517384,4.30375337600708
43,2,188,1.0,1.0,0.7912087912087912,0.01399675291031599,4.213062286376953
43,2,189,0.9998033017211099,0.9975665817746338,0.9342105263157895,0.0066701616160571575,4.6162238121032715
43,2,190,0.9997870074547391,0.9975931558168865,0.8470588235294118,0.010696501471102238,4.47798490524292
43,2,191,0.9988107625984838,0.9822290102182596,0.8493150684931506,0.004209855105727911,4.336150169372559
43,3,0,0.9994536763032097,0.992935877814186,0.88,0.008546469733119011,3.7258691787719727
43,3,1,0.9999879829357687,0.9998751560549315,0.8089887640449438,0.004560873843729496,2.068925380706787
43,3,2,0.9997774373879005,0.9974817597960298,0.8888888888888888,0.00374436192214489,2.5774147510528564
43,3,3,0.999878699660359,0.9989840654646815,0.6666666666666666,0.013150868937373161,2.1758944988250732
43,3,4,0.998706702654071,0.9658379357640787,0.5,0.010584089905023575,6.891620635986328
43,3,5,0.9989719744417029,0.9843181917091394,0.8904109589041096,0.005242666229605675,3.336796283721924
43,3,6,0.9995945039691824,0.9941531063890469,0.9305555555555556,0.007318845950067043,3.8580634593963623
43,3,7,0.999780557384244,0.9977270574378375,0.7741935483870968,0.013334626331925392,2.206533193588257
43,3,8,0.9999570921339155,0.9996058819626866,0.7128712871287128,0.009297603741288185,2.9104373455047607
43,3,9,0.999862731640357,0.9986295070094413,0.7659574468085106,0.009282531216740608,2.1331632137298584
43,3,10,0.9998809523809523,0.9988529209510988,0.72,0.004531604703515768,2.215900421142578
43,3,11,0.9990466949253528,0.9854317791915148,0.8472222222222222,0.009615887887775898,3.8763697147369385
43,3,12,0.9987369566484658,0.9755711786755272,0.7361111111111112,0.008578519336879253,3.874525547027588
43,3,13,0.9989118395740628,0.9812892753414288,0.7361111111111112,0.011446258053183556,3.8195581436157227
43,3,14,0.9990107628996518,0.9822337788130004,0.7222222222222222,0.009173177182674408,4.0712785720825195
43,3,15,0.999652052887961,0.9951604474342871,0.8904109589041096,0.010177874006330967,3.7986974716186523
43,3,16,1.0,1.0,0.7578947368421053,0.006231115199625492,2.066371440887451
43,3,17,0.9995210016021671,0.992464886448782,0.875,0.0025333999656140804,3.6901001930236816
43,3,18,0.9998411016949152,0.9981739693965297,0.9,0.004674898460507393,3.1162168979644775
43,3,19,0.9990371533228677,0.9820591508256424,0.6805555555555556,0.002483415650203824,4.0771331787109375
43,3,20,0.9988755622188906,0.9820068825290199,0.8055555555555556,0.006165425758808851,3.817822217941284
43,3,21,0.9998872392407442,0.9987746909147363,0.8470588235294118,0.011167699471116066,2.3175904750823975
43,3,22,0.9996946480124361,0.996125780785305,0.8974358974358975,0.005969502031803131,3.2968122959136963
43,3,23,0.9991644482443697,0.985382578793527,0.7361111111111112,0.009893817827105522,3.920430898666382
43,3,24,0.9990021589651481,0.9831746264344889,0.7916666666666666,0.009332128800451756,3.737816333770752
43,3,25,0.9990618256872127,0.9833393462472246,0.7638888888888888,0.015897220000624657,3.294297456741333
43,3,26,0.998678587494377,0.9671754140654729,0.5,0.0035842135548591614,6.5588884353637695
43,3,27,0.9986827083516291,0.9802568160543413,0.8194444444444444,0.007523904088884592,3.6547250747680664
43,3,28,0.9998989762931034,0.9990030018845485,0.75,0.008544077165424824,2.075207233428955
43,3,29,0.9982918757339596,0.9583408599840925,0.5277777777777778,0.00810736883431673,5.784536838531494
43,3,30,0.9997024842564585,0.9968145148210297,0.8372093023255814,0.005301401484757662,2.3546793460845947
43,3,31,0.9986984250943642,0.9691756563553866,0.5416666666666666,0.00428016297519207,6.461482048034668
43,3,32,0.9987107673157286,0.9755312363769524,0.6388888888888888,0.01074051670730114,4.716583251953125
43,3,33,0.9986034666885731,0.9661549109992049,0.5138888888888888,0.005193071439862251,7.0458245277404785
43,3,34,0.9988916429881305,0.9796419481463258,0.7083333333333334,0.0030784495174884796,4.281504154205322
43,3,35,0.9986085343228199,0.9675489224095115,0.6111111111111112,0.006426526699215174,4.612814903259277
43,3,36,0.9980251957780047,0.9601702560144607,0.625,0.012852177023887634,4.837991237640381
43,3,37,0.9998605494352253,0.9988709397255515,0.7128712871287128,0.010454367846250534,1.9336411952972412
43,3,38,0.9996689618644067,0.9959158695902848,0.8536585365853658,0.005850513465702534,2.9478585720062256
43,3,39,0.998425430778372,0.9607639535374143,0.4722222222222222,0.006814923603087664,6.621150016784668
43,3,40,0.9997973657548126,0.9976894143726998,0.8571428571428571,0.00495372898876667,2.422506809234619
43,3,41,0.9997306034482759,0.9974783379124282,0.75,0.0076977270655334,1.9670732021331787
43,3,42,0.9998140526602866,0.9980876895686993,0.8372093023255814,0.006707046180963516,2.6714394092559814
43,3,43,0.9997493357397103,0.9980529872084477,0.6605504587155964,0.011134925298392773,2.390226364135742
43,3,44,0.9996357842021398,0.9947551844241743,0.9315068493150684,0.0022734948433935642,3.3799846172332764
43,3,45,0.9998729542750886,0.9987472833733155,0.7741935483870968,0.0032608285546302795,2.027193069458008
43,3,46,0.9988327002215891,0.9795525886909888,0.7222222222222222,0.009359221905469894,3.959785223007202
43,3,47,0.9999263975269569,0.9992038673821864,0.8275862068965517,0.0028020585887134075,2.384471893310547
43,3,48,0.9988764618763086,0.9823574120978232,0.8472222222222222,0.003403495531529188,3.624311685562134
43,3,49,0.998790982149207,0.9710225513098528,0.5972222222222222,0.004392264876514673,5.335946083068848
43,3,50,0.9987348178137652,0.9682399927808898,0.5,0.009346507489681244,7.685162544250488
43,3,51,0.9992886992086778,0.9872355664730854,0.6388888888888888,0.005073408130556345,4.6920647621154785
43,3,52,0.9995187246202436,0.9961492673805877,0.6605504587155964,0.005149034317582846,2.1123852729797363
43,3,53,0.9996415883958972,0.9969701065135965,0.6990291262135923,0.00769001105800271,2.081543445587158
43,3,54,0.9992024739583333,0.9884296539643209,0.863013698630137,0.00481708999723196,3.6096251010894775
43,3,55,0.9994769874476988,0.9927138564023932,0.9178082191780822,0.007212603930383921,2.890925168991089
43,3,56,0.9998207495230658,0.9979011501091248,0.8674698795180723,0.00417371978983283,2.281205654144287
43,3,57,0.9989847715736041,0.9787082656615492,0.5416666666666666,0.0073065608739852905,5.914222240447998
43,3,58,0.9997263859148228,0.9970725158713631,0.8,0.007401210255920887,1.9536765813827515
43,3,59,0.9999373551337468,0.9993158931575837,0.8470588235294118,0.010583394207060337,2.346320629119873
43,3,60,0.998768472906404,0.979830225910059,0.8055555555555556,0.011158730834722519,3.667266845703125
43,3,61,0.9988256645670972,0.9705580416984343,0.5277777777777778,0.004499896429479122,6.828431606292725
43,3,62,0.999838845638915,0.9981542175625784,0.8372093023255814,0.014269627630710602,2.040703535079956
43,3,63,0.9999352700533375,0.9992703058706021,0.8780487804878049,0.010079859755933285,2.1948299407958984
43,3,64,0.9999110310390462,0.9991267432506176,0.7422680412371134,0.01122215110808611,2.2534961700439453
43,3,65,0.9987844481939077,0.9791006321614636,0.7916666666666666,0.0033907638862729073,3.5575249195098877
43,3,66,0.9992436540731996,0.9863790791878186,0.7777777777777778,0.01955992355942726,3.6268839836120605
43,3,67,0.9991042416791077,0.9853097087819063,0.8194444444444444,0.014532150700688362,3.8486244678497314
43,3,68,0.9987844481939077,0.9807435203293688,0.7916666666666666,0.004342986270785332,3.500864267349243
43,3,69,0.9997951423120751,0.9976193927907093,0.8674698795180723,0.0037915282882750034,2.5489158630371094
43,3,70,0.9990515500131729,0.9855497776484415,0.8194444444444444,0.006126376800239086,3.172116994857788
43,3,71,0.9997350156442687,0.9978228836365183,0.6728971962616822,0.006711042486131191,2.6015498638153076
43,3,72,0.9996557203389831,0.9960845113522285,0.9,0.00636663381010294,2.643059492111206
43,3,73,0.9997791925808708,0.997612767483288,0.8275862068965517,0.003541314974427223,1.864354133605957
43,3,74,0.9995208146151543,0.9937672873079855,0.8933333333333333,0.00940734427422285,3.7891159057617188
43,3,75,0.9984337759618658,0.9693804983661872,0.625,0.0063875168561935425,4.3844170570373535
43,3,76,0.9990571421482272,0.9784501267571032,0.5694444444444444,0.0029696773272007704,5.696595668792725
43,3,77,0.998952772073922,0.9801854977970477,0.6944444444444444,0.006943180225789547,4.104530334472656
43,3,78,0.9982439761714235,0.9659369040492077,0.6388888888888888,0.004264455288648605,4.170469760894775
43,3,79,0.9998559888980533,0.998367125260919,0.8888888888888888,0.006767827086150646,2.7110307216644287
43,3,80,0.998780487804878,0.972682730670525,0.5555555555555556,0.00726817362010479,5.885799407958984
43,3,81,0.9998169755204759,0.9981759986685366,0.7659574468085106,0.0029569256585091352,2.16886830329895
43,3,82,0.9999066990110096,0.9990666053365178,0.782608695652174,0.005721167661249638,2.0671257972717285
43,3,83,0.9997892596816581,0.9977228306306614,0.8372093023255814,0.009701251052320004,2.3436026573181152
43,3,84,0.999266987944291,0.9900560342989835,0.8533333333333334,0.009107807651162148,3.4796509742736816
43,3,85,0.9995729739988612,0.9938406532746893,0.8904109589041096,0.0017977319657802582,3.8832266330718994
43,3,86,0.9998876009834914,0.998598098336815,0.9342105263157895,0.008833257481455803,2.6157095432281494
43,3,87,0.999738712374582,0.9977557417419032,0.6923076923076923,0.0014557949034497142,2.6375744342803955
43,3,88,0.99921392476137,0.9883484433184755,0.8767123287671232,0.0028841840103268623,3.7403759956359863
43,3,89,0.9989952904238619,0.9800385530549023,0.6805555555555556,0.008633332327008247,4.486290454864502
43,3,90,0.9992197125256673,0.986398045287005,0.6944444444444444,0.00957556627690792,4.3212690353393555
43,3,91,0.9987129987129987,0.9669565405440017,0.5138888888888888,0.0025647266302257776,7.227438926696777
43,3,92,0.999787007454739,0.9977112655316787,0.8470588235294118,0.009635979309678078,2.6501235961914062
43,3,93,0.9988535452655305,0.9796663530856865,0.7361111111111112,0.015167668461799622,4.076671123504639
43,3,94,0.9988398657813949,0.9797072518387222,0.8055555555555556,0.0023639556020498276,3.879291534423828
43,3,95,0.9986933513360483,0.9744000161646935,0.6527777777777778,0.005088081583380699,4.6152873039245605
43,3,96,0.9995663251477206,0.9947559478439131,0.8987341772151899,0.008912208490073681,3.335282564163208
43,3,97,0.9995902572274072,0.9941091821151691,0.9315068493150684,0.006767583079636097,3.6072580814361572
43,3,98,0.9989492447696782,0.9819643170849268,0.7638888888888888,0.011724825948476791,3.760222911834717
43,3,99,0.9985587701505284,0.9653373546369578,0.5277777777777778,0.011447075754404068,6.1021904945373535
43,3,100,0.9992738589211618,0.9889553643623372,0.8333333333333334,0.009563935920596123,3.828051805496216
43,3,101,0.999651505137295,0.9964318909253812,0.8089887640449438,0.007281139027327299,2.0244925022125244
43,3,102,0.999266247379455,0.9901145112197416,0.868421052631579,0.007799044251441956,3.1873836517333984
43,3,103,0.9994452347083926,0.9923021175049909,0.9210526315789473,0.007215632125735283,2.9451797008514404
43,3,104,0.9982568600989654,0.9565890365453465,0.5,0.005459485575556755,5.173117160797119
43,3,105,0.9991888661202186,0.9840545428709953,0.6666666666666666,0.0017921000253409147,4.34005069732666
43,3,106,0.9989332096474953,0.977514849276001,0.6111111111111112,0.006727493833750486,4.784717559814453
43,3,107,0.9998014214046822,0.9982418664922705,0.6923076923076923,0.0009390217601321638,2.374464273452759
43,3,108,0.9995762711864407,0.9945873739496214,0.8536585365853658,0.004908688832074404,2.7898693084716797
43,3,109,1.0,1.0000000000000002,0.8674698795180723,0.0046041482128202915,2.308765172958374
43,3,110,0.9987455726092089,0.9790118320415613,0.7777777777777778,0.007124386727809906,3.870581865310669
43,3,111,0.9990691139018179,0.9848118644598451,0.8194444444444444,0.00809832289814949,3.67844557762146
43,3,112,0.9987640200708382,0.9795280721638512,0.7777777777777778,0.0059536658227443695,3.268026351928711
43,3,113,0.9985911885245902,0.9699913174117283,0.6666666666666666,0.016906823962926865,4.512063026428223
43,3,114,0.9997856807983391,0.9973277965199666,0.8875,0.00977884791791439,3.427164316177368
43,3,115,0.9991890079383645,0.9886235995258394,0.8783783783783784,0.00048444041749462485,3.4506585597991943
43,3,116,0.9992810368614344,0.9869348854739122,0.7361111111111112,0.007038384675979614,3.910149097442627
43,3,117,0.9995925535651563,0.9947187007366123,0.9342105263157895,0.006684944964945316,3.56807017326355
43,3,118,0.9989546810688386,0.9775195908825836,0.6527777777777778,0.006183356046676636,4.271439552307129
43,3,119,0.9992715684042796,0.990570009070801,0.8552631578947368,0.004144204780459404,3.631136178970337
43,3,120,0.9995887897766812,0.9942514845755983,0.8904109589041096,0.010706019587814808,3.570382833480835
43,3,121,0.9992464678178964,0.9854102481174289,0.6805555555555556,0.00447425851598382,4.447601795196533
43,3,122,0.9990493166963754,0.9731436199213479,0.4722222222222222,0.0053613632917404175,6.071603775024414
43,3,123,0.9989626556016598,0.9842471851310424,0.8333333333333334,0.009067483246326447,3.3364810943603516
43,3,124,0.9995003331112592,0.9938485973088687,0.85,0.004738825839012861,3.06584095954895
43,3,125,0.9995631995631995,0.9960441399172912,0.7272727272727273,0.007105963304638863,2.1142776012420654
43,3,126,0.9989711934156379,0.9815914426097321,0.7222222222222222,0.019932204857468605,3.972583770751953
43,3,127,0.998666311016271,0.9728744220512098,0.6388888888888888,0.012602629140019417,4.810333251953125
43,3,128,0.9998036566069552,0.9979971984290972,0.7741935483870968,0.009814868681132793,2.0700457096099854
43,3,129,0.9999643112062813,0.9996295991427078,0.8,0.008359807543456554,2.023573160171509
43,3,130,0.9999428048501486,0.9994279161910611,0.7659574468085106,0.009026356041431427,2.0465428829193115
43,3,131,0.9985620737228689,0.9751011637492231,0.7361111111111112,0.014469362795352936,3.902127504348755
43,3,132,0.9987345855147259,0.9731684268215847,0.5694444444444444,0.007633418310433626,6.1413164138793945
43,3,133,0.9989300472255018,0.9820264046363566,0.7777777777777778,0.006771974731236696,3.9067986011505127
43,3,134,0.9987441130298274,0.9758526577863016,0.6805555555555556,0.0042436737567186356,4.289682388305664
43,3,135,0.9998540768678161,0.9986928698423749,0.75,0.0050751385278999805,2.2056028842926025
43,3,136,0.999755433626813,0.9977930435681239,0.7058823529411765,0.007725323084741831,2.108985424041748
43,3,137,0.9997294372294373,0.997645247699428,0.72,0.007024624850600958,1.9969784021377563
43,3,138,0.9982521847690387,0.9659667874583107,0.625,0.004874568898230791,4.565066337585449
43,3,139,0.9990234375,0.9846227243470876,0.8888888888888888,0.009131907485425472,3.653071880340576
43,3,140,0.9999888788798807,0.9998948032821375,0.7422680412371134,0.004812789615243673,2.176422119140625
43,3,141,0.9997434222802761,0.9974426168705433,0.782608695652174,0.011082218028604984,1.9943339824676514
43,3,142,0.9993497184576504,0.9910708739705234,0.9066666666666666,0.010658903047442436,3.3141748905181885
43,3,143,0.9985996265670846,0.9720464242208517,0.6388888888888888,0.00627388060092926,4.625736713409424
43,3,144,0.9988129154795822,0.9779390923934932,0.7222222222222222,0.010672471486032009,3.6601483821868896
43,3,145,0.9990503323836657,0.983260546649941,0.7222222222222222,0.012309555895626545,3.835515022277832
43,3,146,0.9999771219400595,0.9997748445355126,0.7659574468085106,0.011130939237773418,1.9190188646316528
43,3,147,0.9996628029504743,0.9957670042720548,0.9090909090909091,0.01090396661311388,3.321580171585083
43,3,148,0.9993422635758402,0.9910302803420931,0.8513513513513513,0.010159923695027828,3.8056814670562744
43,3,149,0.9999149334354132,0.9992397865605367,0.7058823529411765,0.005009925924241543,2.0914828777313232
43,3,150,0.9984725050916498,0.9636625352731749,0.5833333333333334,0.008719484321773052,5.5797648429870605
43,3,151,0.9991145218417946,0.985088755336694,0.7777777777777778,0.003176255151629448,3.7097232341766357
43,3,152,0.9991384432560902,0.976349376000042,0.4722222222222222,0.008479931391775608,7.7000226974487305
43,3,153,0.9987129987129987,0.9677450381392603,0.5138888888888888,0.0037705739960074425,5.497269153594971
43,3,154,0.9998376623376624,0.9985488426139686,0.72,0.012387923896312714,2.0020394325256348
43,3,155,0.9997739137583754,0.9980863001775165,0.6792452830188679,0.0054619633592665195,2.32271409034729
43,3,156,0.9991576235072593,0.9865426776174289,0.875,0.01235219370573759,3.656200408935547
43,3,157,0.9997540262026824,0.9972032750636641,0.8780487804878049,0.007294743787497282,2.672185182571411
43,3,158,0.9990391801003522,0.9770877212629221,0.5277777777777778,0.005871218629181385,6.012673854827881
43,3,159,0.9987677647252116,0.9682136593804903,0.5138888888888888,0.006408632267266512,6.316762924194336
43,3,160,0.9998347071009829,0.9984979898399651,0.7346938775510204,0.0069032167084515095,2.0348458290100098
43,3,161,0.9999533495055047,0.9995386031240673,0.782608695652174,0.009922148659825325,2.142136812210083
43,3,162,0.998968008255934,0.9828576233158635,0.7638888888888888,0.010652715340256691,3.680744171142578
43,3,163,0.9991615853658536,0.9796038974689577,0.5555555555555556,0.009515393525362015,5.512607574462891
43,3,164,0.9989492447696783,0.9824956685321661,0.7638888888888888,0.015496932901442051,3.8846452236175537
43,3,165,0.9999008242605898,0.9990854709230632,0.7346938775510204,0.011322466656565666,2.600750684738159
43,3,166,0.999365234375,0.990872523975955,0.8888888888888888,0.002240128582343459,3.521559238433838
43,3,167,0.999131811449875,0.9862024985720388,0.8472222222222222,0.004127846099436283,3.8731071949005127
43,3,168,0.9998484848484849,0.9986801942795467,0.72,0.007173778023570776,2.2737550735473633
43,3,169,0.9988196572466235,0.9771780895646583,0.625,0.007204257883131504,4.579987049102783
43,3,170,0.9992115027829314,0.9826556352207492,0.6111111111111112,0.004599311389029026,5.6500396728515625
43,3,171,0.9996301564722617,0.9952346509765249,0.8961038961038961,0.005619047209620476,2.858680248260498
43,3,172,0.9991176706505174,0.9874518407872241,0.8513513513513513,0.00700629036873579,3.568777084350586
43,3,173,0.9997928641706799,0.9975007478712004,0.8554216867469879,0.008501317352056503,2.739417314529419
43,3,174,0.9982118074089891,0.9548069473442908,0.5277777777777778,0.013259180821478367,6.5683183670043945
43,3,175,0.9985942991019133,0.9669470328621934,0.5416666666666666,0.01433792244642973,6.010278701782227
43,3,176,0.999077626918536,0.9851806433967493,0.7777777777777778,0.008956948295235634,3.5583417415618896
43,3,177,0.9999468333971333,0.9995202384225645,0.7058823529411765,0.007543712388724089,2.051913261413574
43,3,178,0.9988046448087431,0.9768000505752994,0.6666666666666666,0.015324344858527184,3.99782133102417
43,3,179,0.9999242424242425,0.9993339622641509,0.72,0.007571822497993708,2.313021421432495
43,3,180,0.9996813111768723,0.9955682376141423,0.9583333333333334,0.0010615263599902391,3.542074203491211
43,3,181,0.9994992032779422,0.9930567433759894,0.9054054054054054,0.013257062993943691,3.6837265491485596
43,3,182,0.9999313658201785,0.9993382200789893,0.7659574468085106,0.005238403100520372,2.1051478385925293
43,3,183,0.9998351059444307,0.9982777639442573,0.7912087912087912,0.00520380400121212,1.8122470378875732
43,3,184,0.9997155049786628,0.9965636650694584,0.9210526315789473,0.013656741008162498,3.532566547393799
43,3,185,0.9984688718763541,0.9614967291654871,0.4861111111111111,0.01573961041867733,7.028934478759766
43,3,186,0.9984925788497216,0.9708204885087732,0.6111111111111112,0.014443335123360157,4.797717094421387
43,3,187,0.9997250697144653,0.9967540867762971,0.8658536585365854,0.005468624643981457,3.102321147918701
43,3,188,0.9999882218531737,0.9998805542283804,0.7912087912087912,0.01399675291031599,1.8843575716018677
43,3,189,0.9997752019669828,0.9972610953788368,0.9090909090909091,0.004677711054682732,2.884255886077881
43,3,190,0.9997744784814885,0.9974461447242312,0.8470588235294118,0.00815540924668312,2.300943613052368
43,3,191,0.9989924516459376,0.9849622575079346,0.8493150684931506,0.00139288988430053,3.7333033084869385
43,4,0,0.9995143789361863,0.9936873367600069,0.88,0.013680842705070972,1.6937668323516846
43,4,1,0.9999519317430751,0.9994991279393503,0.8089887640449438,0.002970003057271242,3.7673022747039795
43,4,2,0.9997381616328241,0.9970429419086178,0.8888888888888888,0.00374436192214489,2.7500228881835938
43,4,3,0.9997978327672651,0.9983257458022978,0.6666666666666666,0.013150868937373161,4.00053596496582
43,4,4,0.9987629329734593,0.9676094636793975,0.5,0.013918635435402393,3.4014642238616943
43,4,5,0.999003605997343,0.9848900377937108,0.8904109589041096,0.006708492990583181,1.3854612112045288
43,4,6,0.9995945039691824,0.9941286222087775,0.9305555555555556,0.007318845950067043,1.480048656463623
43,4,7,0.9997228093274662,0.9971291826599703,0.7741935483870968,0.013959563337266445,3.575263261795044
43,4,8,0.999924911234352,0.9993135602910983,0.7128712871287128,0.009297603741288185,3.097332239151001
43,4,9,0.999862731640357,0.9986329808302029,0.7659574468085106,0.006215134635567665,4.828207015991211
43,4,10,0.9998701298701298,0.9987418098399878,0.72,0.004531604703515768,4.203276634216309
43,4,11,0.9990977648400661,0.9863568936054197,0.8472222222222222,0.009615887887775898,1.4552171230316162
43,4,12,0.9987952509569982,0.9768624499152312,0.7361111111111112,0.008578519336879253,2.025782823562622
43,4,13,0.9990089967549503,0.9828826266285057,0.7361111111111112,0.011446258053183556,1.9956028461456299
43,4,14,0.9991096866096867,0.984005742269499,0.7222222222222222,0.011694381944835186,2.4585084915161133
43,4,15,0.999667868665781,0.9954118825689996,0.8904109589041096,0.0055671799927949905,1.3959524631500244
43,4,16,1.0,1.0,0.7578947368421053,0.00694074435159564,4.396746635437012
43,4,17,0.9995210016021671,0.9925880343757014,0.875,0.0025333999656140804,1.4042757749557495
43,4,18,0.9997881355932203,0.997548156194156,0.9,0.004674898460507393,2.493433713912964
43,4,19,0.999141810570382,0.9840700814035619,0.6805555555555556,0.009331973269581795,3.3823134899139404
43,4,20,0.9988755622188905,0.982274235509952,0.8055555555555556,0.006165425758808851,1.535364031791687
43,4,21,0.9998496523209922,0.9983885855543816,0.8470588235294118,0.011167699471116066,2.925384759902954
43,4,22,0.9997779258272262,0.9971655797515961,0.922077922077922,0.008134473115205765,2.2857720851898193
43,4,23,0.9991838796805472,0.9859988285327875,0.7361111111111112,0.009893817827105522,2.139493465423584
43,4,24,0.9990928717864983,0.9847242576769577,0.7916666666666666,0.010862867347896099,1.5901978015899658
43,4,25,0.9991556431184915,0.9851293592242216,0.7638888888888888,0.013273056596517563,1.4686018228530884
43,4,26,0.9987910481331534,0.9705462954107739,0.5,0.002027463633567095,3.8240177631378174
43,4,27,0.9986300166856942,0.9798646487122082,0.7945205479452054,0.012944203801453114,1.4824073314666748
43,4,28,0.9998428520114943,0.9984508834883424,0.75,0.006473992485553026,4.22585391998291
43,4,29,0.9985053912672147,0.9635569031527385,0.5277777777777778,0.010608715936541557,3.8079984188079834
43,4,30,0.9996652947885158,0.9964079990740824,0.8372093023255814,0.0027780882082879543,2.8255131244659424
43,4,31,0.9988546140830405,0.9732030442085335,0.5416666666666666,0.002541886642575264,3.902160882949829
43,4,32,0.9987996799146439,0.978351367170706,0.6388888888888888,0.00993774738162756,2.799708843231201
43,4,33,0.9987403817191052,0.9692297091177878,0.5138888888888888,0.010800194926559925,3.2031397819519043
43,4,34,0.9989924027164823,0.9814904594932021,0.7083333333333334,0.0017169254133477807,2.4516255855560303
43,4,35,0.998747680890538,0.9712527274303976,0.6111111111111112,0.0037999453488737345,3.8500301837921143
43,4,36,0.9981613891726252,0.9640879898265375,0.625,0.007506066933274269,3.9748783111572266
43,4,37,0.9998498224687041,0.9987946620749032,0.7128712871287128,0.005244780331850052,3.970658779144287
43,4,38,0.999655720338983,0.9957423283427997,0.8536585365853658,0.005929052829742432,2.4160408973693848
43,4,39,0.9984551396316101,0.9645226994277951,0.4722222222222222,0.009514015167951584,3.6644558906555176
43,4,40,0.9998226950354611,0.9979623754467297,0.8571428571428571,0.003162989392876625,2.8043291568756104
43,4,41,0.999719378591954,0.9973867628208531,0.75,0.0076977270655334,4.20894718170166
43,4,42,0.9997520702137155,0.9974648553442708,0.8372093023255814,0.006707046180963516,2.8707115650177
43,4,43,0.9996590966060059,0.997285328956033,0.6605504587155964,0.007581000681966543,3.6565544605255127
43,4,44,0.9995902572274072,0.9941475445617123,0.9315068493150684,0.0022734948433935642,1.5589019060134888
43,4,45,0.9998383054410219,0.9984058456605669,0.7741935483870968,0.0032608285546302795,3.6064305305480957
43,4,46,0.9987931307375751,0.9795606327357647,0.7222222222222222,0.009359221905469894,2.404932737350464
43,4,47,0.9999141304481164,0.9990810069601251,0.8275862068965517,0.0028020585887134075,3.0069591999053955
43,4,48,0.9989105084861174,0.9832456310617248,0.8472222222222222,0.009754510596394539,1.481276035308838
43,4,49,0.9988621008463126,0.9733183081341255,0.5972222222222222,0.004392264876514673,2.9518582820892334
43,4,50,0.9986504723346828,0.9669633970362089,0.5,0.01797836273908615,3.406548261642456
43,4,51,0.9993553836578644,0.9883500806882631,0.6388888888888888,0.005073408130556345,3.3550543785095215
43,4,52,0.9994685917681857,0.9957921512980377,0.6605504587155964,0.0067507605999708176,3.885591983795166
43,4,53,0.9995677977715232,0.9963240874510965,0.6990291262135923,0.00769001105800271,4.073919773101807
43,4,54,0.99921875,0.9886564728204483,0.863013698630137,0.0034120993223041296,1.289531946182251
43,4,55,0.9995385183362048,0.9936096252192916,0.9178082191780822,0.007212603930383921,1.5287413597106934
43,4,56,0.9997439278900939,0.9970809419064495,0.8452380952380952,0.0003665108233690262,3.126276731491089
43,4,57,0.9989587400754913,0.9784516666197841,0.5416666666666666,0.0013417056761682034,3.649003744125366
43,4,58,0.999678800856531,0.9965369655322507,0.8,0.007401210255920887,3.637667417526245
43,4,59,0.9999122971872455,0.9990531949456898,0.8470588235294118,0.010583394207060337,2.788262367248535
43,4,60,0.9988577140001428,0.981512028130766,0.8055555555555556,0.013470352627336979,1.6188337802886963
43,4,61,0.998879043450411,0.9719520626128844,0.5277777777777778,0.006945580244064331,3.7044312953948975
43,4,62,0.9998264491496007,0.9979991788028886,0.8372093023255814,0.013084836304187775,3.4210004806518555
43,4,63,0.9999093780746725,0.9989634982139179,0.8780487804878049,0.0160153117030859,3.0368497371673584
43,4,64,0.9998665465585693,0.9986998378420647,0.7422680412371134,0.007081996649503708,4.445411682128906
43,4,65,0.9987663056296376,0.9795396023532577,0.7671232876712328,0.01104685477912426,1.570407748222351
43,4,66,0.9992805489964581,0.987072404763663,0.7777777777777778,0.012995955534279346,1.7577019929885864
43,4,67,0.9991744972336875,0.9864585965309188,0.8194444444444444,0.014532150700688362,1.4515752792358398
43,4,68,0.9988751610152579,0.9823375669220824,0.7916666666666666,0.010160934180021286,1.3601003885269165
43,4,69,0.9997695351010845,0.9973734266764619,0.8674698795180723,0.0037915282882750034,2.7316572666168213
43,4,70,0.998998858347238,0.9849377705178901,0.8194444444444444,0.01177501492202282,1.2950451374053955
43,4,71,0.9996127151723927,0.9968756003620666,0.6728971962616822,0.012699518352746964,3.474525213241577
43,4,72,0.9996954449152542,0.9965398031868307,0.9,0.00636663381010294,2.5463430881500244
43,4,73,0.9997423913443492,0.9971851491759525,0.8275862068965517,0.004183655139058828,3.531831741333008
43,4,74,0.99958071278826,0.9945209092277939,0.918918918918919,0.0064524137414991856,1.5346769094467163
43,4,75,0.9986380660537963,0.9734353344767616,0.625,0.009033333510160446,3.320002555847168
43,4,76,0.9991315782944197,0.9803380039979974,0.5694444444444444,0.012466791085898876,3.33376407623291
43,4,77,0.9990554414784394,0.9820664966554993,0.6944444444444444,0.006943180225789547,2.3881397247314453
43,4,78,0.9985329421178981,0.9698417879283668,0.6388888888888888,0.008668068796396255,3.576904058456421
43,4,79,0.9998298050613357,0.9980749545531349,0.8888888888888888,0.007961706258356571,2.531442642211914
43,4,80,0.9988058943089431,0.9746309120045218,0.5555555555555556,0.010956188663840294,3.628434896469116
43,4,81,0.9997254632807138,0.9972357772947622,0.7659574468085106,0.004423518665134907,3.797464609146118
43,4,82,0.9998483858928905,0.9984921191598528,0.782608695652174,0.005721167661249638,3.6062989234924316
43,4,83,0.9997148807457727,0.9969171314862952,0.8372093023255814,0.009701251052320004,3.341935634613037
43,4,84,0.9993293719490323,0.9911128662491173,0.8533333333333334,0.009107807651162148,1.4150785207748413
43,4,85,0.9995729739988612,0.9937045354436108,0.9166666666666666,0.004575696773827076,1.2889467477798462
43,4,86,0.999901650860555,0.9987734737121903,0.9342105263157895,0.008721955120563507,2.151272773742676
43,4,87,0.9997178093645486,0.9975718171749528,0.6923076923076923,0.0051409341394901276,4.572307109832764
43,4,88,0.9992780941686051,0.9894733380487283,0.8767123287671232,0.0028841840103268623,1.4797896146774292
43,4,89,0.9990371533228677,0.9808125981030789,0.6805555555555556,0.008089639246463776,2.8790245056152344
43,4,90,0.9994250513347023,0.9898391267860203,0.6944444444444444,0.01046287827193737,2.5903525352478027
43,4,91,0.998795147731318,0.9701575624155703,0.5138888888888888,0.012376693077385426,3.6401288509368896
43,4,92,0.9997494205349872,0.997307086184522,0.8470588235294118,0.011724643409252167,2.8122668266296387
43,4,93,0.9988729767017079,0.9800593051775501,0.7361111111111112,0.0141137158498168,2.073481321334839
43,4,94,0.9989291068751338,0.9815530199627667,0.8055555555555556,0.0023639556020498276,1.553097128868103
43,4,95,0.998889348635641,0.9781782047591977,0.6527777777777778,0.00667143240571022,2.25443434715271
43,4,96,0.9995256681303193,0.9943168055641878,0.8987341772151899,0.008912208490073681,2.306523084640503
43,4,97,0.9995447302526748,0.9935411889635624,0.9054054054054054,0.0032848576083779335,1.4361289739608765
43,4,98,0.9990618256872127,0.9838946169961027,0.7638888888888888,0.00971741508692503,1.7728475332260132
43,4,99,0.9985320807088716,0.96590677782716,0.5277777777777778,0.0055524008348584175,3.9599740505218506
43,4,100,0.9993430152143845,0.9902285252744527,0.8082191780821918,0.015770623460412025,1.4254878759384155
43,4,101,0.999591419816139,0.995769403136985,0.8089887640449438,0.010236060246825218,3.565295934677124
43,4,102,0.9992662473794549,0.9901367074516917,0.8933333333333333,0.00559592992067337,1.5582458972930908
43,4,103,0.9994452347083926,0.9923652975054162,0.9210526315789473,0.007215632125735283,1.9330461025238037
43,4,104,0.9983974358974359,0.9600388995370264,0.5,0.010942262597382069,4.030135154724121
43,4,105,0.9992315573770492,0.9848547101216343,0.6666666666666666,0.012317429296672344,2.1167616844177246
43,4,106,0.9989795918367347,0.9784800151173279,0.6111111111111112,0.002766295801848173,3.837198495864868
43,4,107,0.999738712374582,0.9977154913391852,0.6923076923076923,0.005804342217743397,3.5923218727111816
43,4,108,0.9995895127118644,0.9947826864496214,0.8536585365853658,0.0014138304395601153,2.5730056762695312
43,4,109,0.9999743927890095,0.9997114101846283,0.8674698795180723,0.006567590869963169,3.010648488998413
43,4,110,0.9988931523022433,0.9813977996011136,0.7777777777777778,0.007124386727809906,1.5963753461837769
43,4,111,0.9991569333450426,0.9863080080176094,0.8194444444444444,0.010029736906290054,1.6012095212936401
43,4,112,0.9988378099173554,0.9812215847421116,0.7777777777777778,0.008749601431190968,1.369312047958374
43,4,113,0.9986552254098361,0.9715056270001591,0.6666666666666666,0.016906823962926865,2.492614984512329
43,4,114,0.9997856807983391,0.997301823485803,0.8875,0.003657103981822729,2.054208993911743
43,4,115,0.9992513919431057,0.9893966024410596,0.8783783783783784,0.00048444041749462485,1.5311158895492554
43,4,116,0.9993393311699668,0.98799421523609,0.7361111111111112,0.012565718963742256,2.0523457527160645
43,4,117,0.9995785036880928,0.9946661066787507,0.9342105263157895,0.007090771105140448,1.6940460205078125
43,4,118,0.9990635684575012,0.9794335433480538,0.6527777777777778,0.005841455422341824,2.6059987545013428
43,4,119,0.9992260414295471,0.9899245458063675,0.8552631578947368,0.009673921391367912,1.6050485372543335
43,4,120,0.9995887897766812,0.9942712134624043,0.8904109589041096,0.010706019587814808,1.346387267112732
43,4,121,0.9993929879644166,0.9882621362713022,0.6805555555555556,0.005173216108232737,2.8505666255950928
43,4,122,0.9991384432560902,0.9761589234306967,0.4722222222222222,0.012708406895399094,3.673417329788208
43,4,123,0.9990663900414938,0.9857187057899209,0.8333333333333334,0.009622853249311447,1.2822738885879517
43,4,124,0.9995280923828559,0.9941989329202295,0.8734177215189873,0.0035665109753608704,2.090388298034668
43,4,125,0.9995195195195196,0.9956326936910427,0.7272727272727273,0.007105963304638863,4.250800132751465
43,4,126,0.9989316239316239,0.9811680013087213,0.7222222222222222,0.009922649711370468,2.40860652923584
43,4,127,0.9987774517649151,0.9755725883649367,0.6388888888888888,0.00619326950982213,2.658325672149658
43,4,128,0.9997574581615328,0.9975425312157424,0.7741935483870968,0.009814868681132793,4.307473182678223
43,4,129,0.9999524149417083,0.9995101533710881,0.8,0.008359807543456554,4.061033248901367
43,4,130,0.9998970487302676,0.9989470124101621,0.7659574468085106,0.006051993928849697,3.788902759552002
43,4,131,0.9986397994675787,0.9774427262612058,0.7361111111111112,0.008733305148780346,2.0461292266845703
43,4,132,0.9988834578071112,0.9763187198957226,0.5694444444444444,0.005342296324670315,3.983140707015991
43,4,133,0.9990038370720189,0.9833686180821145,0.7777777777777778,0.009114746935665607,1.8771306276321411
43,4,134,0.9987859759288331,0.9768904074730479,0.6805555555555556,0.0012595586013048887,2.5951366424560547
43,4,135,0.9998540768678161,0.9986753523359515,0.75,0.0050751385278999805,4.239971160888672
43,4,136,0.9997129003445197,0.9974166648086638,0.7058823529411765,0.005698788911104202,3.8627524375915527
43,4,137,0.9995995670995671,0.9966031076200322,0.72,0.007024624850600958,4.145486831665039
43,4,138,0.9983656792645557,0.968366082916463,0.625,0.008060543797910213,3.2786965370178223
43,4,139,0.9991373697916667,0.9864057514028801,0.8888888888888888,0.004376986529678106,1.407536506652832
43,4,140,0.9999666366396422,0.9996854505303862,0.7422680412371134,0.004396412055939436,3.7851662635803223
43,4,141,0.9997084344094047,0.997011218951475,0.782608695652174,0.011082218028604984,3.53212833404541
43,4,142,0.9993497184576504,0.9911135829671007,0.881578947368421,0.009314161725342274,1.841331958770752
43,4,143,0.9986885391659998,0.9740677875193889,0.6388888888888888,0.0030000656843185425,2.947202205657959
43,4,144,0.9988129154795822,0.9780441435123692,0.7222222222222222,0.010672471486032009,1.7092809677124023
43,4,145,0.9992283950617284,0.9865557026296314,0.7222222222222222,0.013845065608620644,1.865439534187317
43,4,146,0.9999428048501486,0.9994400143288902,0.7659574468085106,0.011130939237773418,4.027442932128906
43,4,147,0.9996628029504743,0.9956372131427593,0.9090909090909091,0.013115252368152142,1.8037593364715576
43,4,148,0.9993101788722227,0.9906150894928556,0.8513513513513513,0.008709472604095936,1.2940534353256226
43,4,149,0.9998724001531197,0.9988623806962302,0.7058823529411765,0.0035305158235132694,4.157761096954346
43,4,150,0.998520996993502,0.964912189606453,0.5833333333333334,0.004061468411237001,2.148691415786743
43,4,151,0.9991698642266823,0.9861228697940749,0.7777777777777778,0.00536046689376235,1.7094372510910034
43,4,152,0.9992572786690433,0.9795510287119434,0.4722222222222222,0.009362568147480488,3.354491949081421
43,4,153,0.9987677647252114,0.969546839941062,0.5138888888888888,0.004337510094046593,3.9466757774353027
43,4,154,0.9997943722943723,0.9981744546687186,0.72,0.012387923896312714,3.8095862865448
43,4,155,0.9997430838163357,0.9978520554233031,0.6792452830188679,0.0054619633592665195,3.6649155616760254
43,4,156,0.9991576235072593,0.9865426776174289,0.875,0.0061869192868471146,1.3705294132232666
43,4,157,0.9997022422453524,0.996645205827691,0.8780487804878049,0.006691666319966316,2.6111979484558105
43,4,158,0.9990658695420092,0.9782096993818911,0.5277777777777778,0.006108401343226433,3.943298578262329
43,4,159,0.9988499137435307,0.9708747882512967,0.5138888888888888,0.004686020780354738,3.712291717529297
43,4,160,0.9998126680477807,0.9983140140838673,0.7346938775510204,0.004069508519023657,4.402578353881836
43,4,161,0.9998833737637619,0.9988928415629739,0.782608695652174,0.009922148659825325,4.674484729766846
43,4,162,0.999043062200957,0.9842767933698484,0.7638888888888888,0.006130800116807222,1.5983493328094482
43,4,163,0.9992123983739838,0.9808967975118577,0.5555555555555556,0.00827329233288765,3.907223701477051
43,4,164,0.9990242987147012,0.9837265785046676,0.7638888888888888,0.015496932901442051,1.8833727836608887
43,4,165,0.9998457266275841,0.9985967052258229,0.7346938775510204,0.011322466656565666,2.5615234375
43,4,166,0.9993164062500001,0.9903284060087147,0.8888888888888888,0.002240128582343459,1.2898657321929932
43,4,167,0.9991999046694925,0.9872943438767355,0.8472222222222222,0.004127846099436283,1.402108073234558
43,4,168,0.9997402597402597,0.9977286633629756,0.72,0.007173778023570776,4.566948890686035
43,4,169,0.9988650550448303,0.9781833805699495,0.625,0.007204257883131504,3.702883720397949
43,4,170,0.9992578849721707,0.9837766011443466,0.6111111111111112,0.0076989480294287205,3.324997663497925
43,4,171,0.9996159317211949,0.9950522502659551,0.8961038961038961,0.008153224363923073,1.8936408758163452
43,4,172,0.999149755354135,0.9880047462555782,0.8513513513513513,0.00700629036873579,1.2945071458816528
43,4,173,0.9997799181813474,0.9973520727733381,0.8554216867469879,0.011328466236591339,2.653090476989746
43,4,174,0.9982918757339597,0.9570162942216301,0.5277777777777778,0.014566479250788689,3.4048609733581543
43,4,175,0.9987244565924769,0.9706617132009272,0.5416666666666666,0.009991872124373913,3.7187812328338623
43,4,176,0.9990591794569068,0.9851446916248199,0.7777777777777778,0.011762984097003937,1.6449695825576782
43,4,177,0.9999043001148399,0.9991356953098509,0.7058823529411765,0.007543712388724089,3.8665666580200195
43,4,178,0.9988686816939891,0.9781099757644729,0.6666666666666666,0.014083710499107838,3.3638815879821777
43,4,179,0.9998593073593073,0.9987651416122005,0.72,0.007571822497993708,4.547865390777588
43,4,180,0.9996813111768723,0.9956080225705443,0.9315068493150684,0.006026227492839098,1.6072359085083008
43,4,181,0.9995295545944305,0.9934510114327946,0.9315068493150684,0.007700834423303604,1.3580801486968994
43,4,182,0.9998627316403569,0.9986966626686515,0.7659574468085106,0.005238403100520372,3.221648693084717
43,4,183,0.9997879933571252,0.9978125037843992,0.7912087912087912,0.0057727741077542305,3.7451272010803223
43,4,184,0.9997866287339972,0.9973692143749534,0.9466666666666667,0.00764203118160367,1.849469542503357
43,4,185,0.9985555395059945,0.9639572201708697,0.4861111111111111,0.0034665267448872328,3.357011079788208
43,4,186,0.9987012987012988,0.9744230013480419,0.6111111111111112,0.009924803860485554,3.6247572898864746
43,4,187,0.9996727020410301,0.9961982735171202,0.8658536585365854,0.005468624643981457,2.3592498302459717
43,4,188,0.9999528874126945,0.9995247856397927,0.7912087912087912,0.01399675291031599,3.7257792949676514
43,4,189,0.9996628029504742,0.9960008673402889,0.9090909090909091,0.004677711054682732,2.090366840362549
43,4,190,0.9997494205349872,0.9971385575745387,0.8470588235294118,0.009107939898967743,3.012547254562378
43,4,191,0.9990750375765984,0.9862675659046016,0.8493150684931506,0.00139288988430053,1.415827751159668
43,6,0,0.9994992032779422,0.9933831739456471,0.88,0.013680842705070972,3.1588058471679688
43,6,1,0.9998798293576878,0.9987547523047973,0.8089887640449438,0.004560873843729496,0.6357142925262451
43,6,2,0.9996988858777477,0.9966155415174323,0.8888888888888888,0.00374436192214489,1.3790764808654785
43,6,3,0.9997776160439916,0.9981677346910187,0.6666666666666666,0.013150868937373161,1.1521563529968262
43,6,4,0.9988191632928475,0.9697220625733124,0.5,0.006451636552810669,0.769757091999054
43,6,5,0.9990352375529828,0.9854668466058136,0.8904109589041096,0.006708492990583181,3.378819227218628
43,6,6,0.9995789079679971,0.9939061767437947,0.9305555555555556,0.007318845950067043,3.7510483264923096
43,6,7,0.9996881604933994,0.9967357739027947,0.7741935483870968,0.013959563337266445,0.7538573145866394
43,6,8,0.9998927303347886,0.9990164291183505,0.7128712871287128,0.008437295444309711,1.102958083152771
43,6,9,0.9998055364905056,0.9980522975304861,0.7659574468085106,0.006215134635567665,0.6792951822280884
43,6,10,0.9998484848484849,0.9985323817590436,0.72,0.009864438325166702,1.0878496170043945
43,6,11,0.999131811449875,0.9870106327316787,0.8472222222222222,0.009615887887775898,3.4959099292755127
43,6,12,0.9989507024464178,0.9802550266946325,0.7361111111111112,0.008578519336879253,2.458300828933716
43,6,13,0.9990089967549503,0.9833036835589967,0.7361111111111112,0.01180034689605236,2.544464349746704
43,6,14,0.9991294713516936,0.9844821799771022,0.7222222222222222,0.015949755907058716,1.886830449104309
43,6,15,0.999636237110141,0.994922736112111,0.8904109589041096,0.0008496626978740096,3.722334623336792
43,6,16,0.9999773383944253,0.9997829625610417,0.7578947368421053,0.00638164859265089,0.6036494970321655
43,6,17,0.9995210016021671,0.99269763065919,0.875,0.0025333999656140804,3.5808894634246826
43,6,18,0.9996954449152543,0.9964774035806336,0.9,0.003248073859140277,1.3875970840454102
43,6,19,0.9992255363683935,0.9851134618251987,0.6805555555555556,0.013548680581152439,1.4424922466278076
43,6,20,0.9989112586563861,0.9831882957362581,0.8055555555555556,0.012740320526063442,3.2577273845672607
43,6,21,0.999824594374491,0.9981151040852522,0.8470588235294118,0.01472420897334814,0.8806453943252563
43,6,22,0.9997362869198312,0.9966814610093948,0.922077922077922,0.008134473115205765,1.8854730129241943
43,6,23,0.9992421739890796,0.9872915929342939,0.7361111111111112,0.009893817827105522,2.132171154022217
43,6,24,0.9991654420435784,0.9858543116317036,0.7916666666666666,0.010862867347896099,2.969158887863159
43,6,25,0.999193170091003,0.985820009737427,0.7638888888888888,0.011393150314688683,2.8418662548065186
43,6,26,0.9989035087719298,0.9732661143143487,0.5,0.004179818090051413,0.7721511125564575
43,6,27,0.9985773250197594,0.9791197803448255,0.7945205479452054,0.012944203801453114,3.717600107192993
43,6,28,0.9997867277298851,0.9979173022423484,0.75,0.006473992485553026,0.980208158493042
43,6,29,0.9986922173588129,0.9674826850228506,0.5277777777777778,0.0018560978351160884,0.9164577722549438
43,6,30,0.9995785193633163,0.9955320904620021,0.8372093023255814,0.0027780882082879543,0.8419830203056335
43,6,31,0.9988546140830405,0.9737981078538356,0.5416666666666666,0.0054319449700415134,0.7181215882301331
43,6,32,0.9988219080643727,0.9789091474457385,0.6388888888888888,0.005047349259257317,1.323360562324524
43,6,33,0.9987403817191051,0.970476161432233,0.5138888888888888,0.004661729093641043,0.7591356635093689
43,6,34,0.9990125546621527,0.9821435069185884,0.7083333333333334,0.010317274369299412,1.9316357374191284
43,6,35,0.998817254174397,0.9729678100333532,0.6111111111111112,0.00761438487097621,0.9798945188522339
43,6,36,0.9983202814663489,0.9661415985708857,0.625,0.009375092573463917,1.047646164894104
43,6,37,0.9997747337030561,0.9981401156126167,0.7128712871287128,0.005244780331850052,0.7162355184555054
43,6,38,0.999655720338983,0.995732046060873,0.8536585365853658,0.0026250563096255064,1.4008078575134277
43,6,39,0.9986631016042781,0.9690296062296836,0.4722222222222222,0.008588962256908417,0.8672311902046204
43,6,40,0.9998226950354611,0.9979244676822362,0.8571428571428571,0.004404662176966667,0.9783436059951782
43,6,41,0.9997081537356322,0.9972943820018341,0.75,0.0076977270655334,0.9125360250473022
43,6,42,0.9997520702137155,0.9974724056420772,0.8372093023255814,0.017112430185079575,1.0751934051513672
43,6,43,0.9996089637539479,0.9968783700266564,0.6605504587155964,0.01501324214041233,1.1144368648529053
43,6,44,0.9995295545944305,0.9933195863229749,0.9315068493150684,0.0022734948433935642,2.7490036487579346
43,6,45,0.9998267558296663,0.9983027741289241,0.7741935483870968,0.005079398863017559,0.6258121728897095
43,6,46,0.9989118391896169,0.9808040207481273,0.7222222222222222,0.009318981319665909,2.0175657272338867
43,6,47,0.9998527950539139,0.9984315281821996,0.8275862068965517,0.0028020585887134075,0.9170324802398682
43,6,48,0.9989445550959263,0.983647185075759,0.8472222222222222,0.009754510596394539,3.66865611076355
43,6,49,0.998885807078681,0.9737335905261518,0.5972222222222222,0.003907009959220886,1.1356568336486816
43,6,50,0.998678587494377,0.9676636771482537,0.5,0.0043604071252048016,0.809481680393219
43,6,51,0.9993331555081355,0.988047600349485,0.6388888888888888,0.012239587493240833,1.2302016019821167
43,6,52,0.9994685917681857,0.9958009783429294,0.6605504587155964,0.001835610717535019,1.106642723083496
43,6,53,0.9995572562537554,0.9962249911508533,0.6990291262135923,0.00769001105800271,1.1035072803497314
43,6,54,0.99921875,0.9886206623476481,0.863013698630137,0.0034120993223041296,3.585099458694458
43,6,55,0.9995385183362048,0.9936096252192916,0.9178082191780822,0.007212603930383921,2.5825984477996826
43,6,56,0.999705517073608,0.9966087623137863,0.8452380952380952,0.0056206597946584225,0.8947279453277588
43,6,57,0.9989587400754913,0.9784516666197839,0.5416666666666666,0.00523975258693099,0.9502359628677368
43,6,58,0.9996550083273852,0.9963020003346862,0.8,0.007747214287519455,0.6712076663970947
43,6,59,0.9997995364279898,0.9978457929781838,0.8470588235294118,0.010583394207060337,0.8659622073173523
43,6,60,0.9988755622188906,0.9818319007691383,0.8055555555555556,0.013470352627336979,3.2408058643341064
43,6,61,0.9989057328920679,0.9727026020631143,0.5277777777777778,0.005178924184292555,0.7839717864990234
43,6,62,0.9997892596816581,0.9975212598198724,0.8160919540229885,0.0030685700476169586,0.6764092445373535
43,6,63,0.99989643208534,0.9988183608530528,0.8780487804878049,0.017128225415945053,1.0754703283309937
43,6,64,0.9998443043183309,0.9984998178400644,0.7422680412371134,0.007081996649503708,0.9543164968490601
43,6,65,0.9988570184509878,0.9807181443954527,0.7916666666666666,0.009322053752839565,3.350861072540283
43,6,66,0.9992805489964581,0.9870724047636633,0.7777777777777778,0.007258598227053881,2.813608407974243
43,6,67,0.9992447527882673,0.9876454911907477,0.8194444444444444,0.014532150700688362,3.5011470317840576
43,6,68,0.9988933035795279,0.9827870555739325,0.7916666666666666,0.013394247740507126,3.1248340606689453
43,6,69,0.9997439278900939,0.9971061289880395,0.8674698795180723,0.00041598727693781257,1.0552743673324585
43,6,70,0.9990515500131729,0.9856564451992218,0.8194444444444444,0.01177501492202282,3.7253506183624268
43,6,71,0.9995923317604134,0.9967258434641812,0.6728971962616822,0.00803494080901146,1.0807645320892334
43,6,72,0.9996292372881356,0.9957598006144124,0.9,0.00636663381010294,1.2591893672943115
43,6,73,0.9996810559501466,0.9964789071147121,0.8275862068965517,0.004183655139058828,0.872934103012085
43,6,74,0.9995956873315364,0.9947216777873845,0.918918918918919,0.0064524137414991856,3.196916103363037
43,6,75,0.9987061627511066,0.9755810260592869,0.625,0.012506789527833462,1.2478960752487183
43,6,76,0.9991563903431506,0.9811461942775795,0.5694444444444444,0.014366480521857738,0.9304742813110352
43,6,77,0.9991375770020534,0.9836997159574288,0.6944444444444444,0.011264617554843426,1.7471956014633179
43,6,78,0.998666311016271,0.97300904835619,0.6388888888888888,0.0015956347342580557,1.3686490058898926
43,6,79,0.9997512535511829,0.9971556629758128,0.8888888888888888,0.007961706258356571,1.1795985698699951
43,6,80,0.9989329268292683,0.9763816122846339,0.5555555555555556,0.007917730137705803,0.8276478052139282
43,6,81,0.9996682681308625,0.9965914587875435,0.7659574468085106,0.003925902768969536,1.1451185941696167
43,6,82,0.9997900727747714,0.9978980081005286,0.782608695652174,0.005721167661249638,0.6320058107376099
43,6,83,0.9996528982992016,0.9962713533244361,0.8372093023255814,0.009701251052320004,0.8423330783843994
43,6,84,0.9993605639514028,0.9915349577965741,0.8533333333333334,0.010218565352261066,3.1932008266448975
43,6,85,0.9995097108875814,0.9928135558936126,0.9166666666666666,0.004575696773827076,3.706712484359741
43,6,86,0.9998876009834913,0.998626060306882,0.9342105263157895,0.008721955120563507,1.6481513977050781
43,6,87,0.9996341973244147,0.9967967956264374,0.6923076923076923,0.0051409341394901276,0.8478847742080688
43,6,88,0.9992460094649875,0.9890459430174293,0.8767123287671232,0.0028841840103268623,3.749093770980835
43,6,89,0.9990999476713763,0.9819561181848718,0.6805555555555556,0.003173279110342264,1.3785954713821411
43,6,90,0.9994455852156058,0.99024692820446,0.6944444444444444,0.016452452167868614,1.7640854120254517
43,6,91,0.9988499137435308,0.9718573421325911,0.5138888888888888,0.008749106898903847,0.8299680948257446
43,6,92,0.9996742466954833,0.9965266113944101,0.8470588235294118,0.007198261562734842,1.049502968788147
43,6,93,0.9988924081378855,0.9803558797411417,0.7361111111111112,0.01129962783306837,2.186004400253296
43,6,94,0.9989648033126294,0.9822368381429971,0.8055555555555556,0.0023639556020498276,3.3697359561920166
43,6,95,0.9989329035911061,0.9790699067755195,0.6527777777777778,0.006942092441022396,1.5113213062286377
43,6,96,0.9995121157911856,0.9940927447522294,0.8987341772151899,0.008912208490073681,1.842226505279541
43,6,97,0.9994992032779423,0.9927071443111322,0.9315068493150684,0.0020546920131891966,3.36956787109375
43,6,98,0.9991556431184915,0.98546562331342,0.7638888888888888,0.009304349310696125,2.9522864818573
43,6,99,0.9984520123839009,0.9656974088199639,0.5277777777777778,0.01144712045788765,0.7741891145706177
43,6,100,0.9992911479944675,0.9893766356360789,0.8082191780821918,0.015770623460412025,3.4217071533203125
43,6,101,0.9995794027519077,0.9956384949870598,0.8089887640449438,0.00493089621886611,0.7417300939559937
43,6,102,0.9992512728361784,0.9899388022026355,0.8933333333333333,0.00559592992067337,3.0201945304870605
43,6,103,0.9994025604551919,0.9918390116081092,0.9210526315789473,0.006735810078680515,2.0520951747894287
43,6,104,0.9985098965362124,0.9629694155230978,0.5,0.008866855874657631,0.9303862452507019
43,6,105,0.9992529030054644,0.9852352666335643,0.6666666666666666,0.005131818819791079,1.8645766973495483
43,6,106,0.999025974025974,0.9795500655671078,0.6111111111111112,0.010183362290263176,1.067161202430725
43,6,107,0.9997073578595318,0.9974085942061675,0.6923076923076923,0.005804342217743397,1.5633922815322876
43,6,108,0.9995895127118644,0.9947939142472848,0.8536585365853658,0.0014138304395601153,1.3615142107009888
43,6,109,0.999871963945047,0.9985423639413622,0.8674698795180723,0.006567590869963169,0.8680014610290527
43,6,110,0.9989115997638726,0.9817857202914608,0.7777777777777778,0.007124386727809906,3.012092113494873
43,6,111,0.9991218055677528,0.9862188376583103,0.8194444444444444,0.008761129342019558,3.608365774154663
43,6,112,0.998874704840614,0.9819972322436439,0.7777777777777778,0.008749601431190968,3.1696836948394775
43,6,113,0.9986765710382514,0.9723008862880533,0.6666666666666666,0.016906823962926865,1.6204206943511963
43,6,114,0.9997588908981314,0.9969527173365834,0.8875,0.006176625844091177,2.3074870109558105
43,6,115,0.9992201999407352,0.9889873410177143,0.9041095890410958,0.004757113754749298,3.159510612487793
43,6,116,0.9993198997337893,0.9881137798919623,0.7361111111111112,0.006220074836164713,2.3421471118927
43,6,117,0.9995082543027749,0.9938626907470037,0.8846153846153846,0.009092478081583977,2.694974660873413
43,6,118,0.9991071234129663,0.9803809688319605,0.6527777777777778,0.005412058439105749,1.7912013530731201
43,6,119,0.9992260414295471,0.9899366781961336,0.8552631578947368,0.009673921391367912,2.993856906890869
43,6,120,0.9995887897766812,0.9941994460921971,0.8904109589041096,0.008657797239720821,3.437225341796875
43,6,121,0.9994139194139194,0.9886774735440464,0.6805555555555556,0.0037820052821189165,1.5950183868408203
43,6,122,0.9992572786690433,0.979964293844652,0.4722222222222222,0.009210995398461819,0.9273977875709534
43,6,123,0.9990491009681881,0.9854419722895033,0.8333333333333334,0.009622853249311447,3.744335412979126
43,6,124,0.9994725738396625,0.9934888680776626,0.8734177215189873,0.006329551804810762,2.325493335723877
43,6,125,0.9995085995085995,0.9955046361087294,0.7272727272727273,0.007105963304638863,0.6327238082885742
43,6,126,0.998911839189617,0.9814596398957923,0.7222222222222222,0.014018864370882511,2.1331756114959717
43,6,127,0.9988219080643727,0.9767189867236112,0.6388888888888888,0.011959523893892765,1.326359748840332
43,6,128,0.999699710104755,0.9969921327957508,0.7741935483870968,0.009033935144543648,1.2153326272964478
43,6,129,0.9999167261479895,0.9991581425719603,0.8,0.009073172695934772,0.7633335590362549
43,6,130,0.9998970487302676,0.998947012410162,0.7659574468085106,0.011029266752302647,0.5592448115348816
43,6,131,0.9986980937761111,0.9782064279683036,0.7361111111111112,0.008733305148780346,2.2399141788482666
43,6,132,0.9989578939533037,0.9781245843203574,0.5694444444444444,0.005156050901859999,0.8205546140670776
43,6,133,0.9989853896103896,0.9833927535163149,0.7777777777777778,0.010241136886179447,2.636711359024048
43,6,134,0.9988906331763474,0.9789155357305867,0.6805555555555556,0.008861783891916275,1.5511670112609863
43,6,135,0.9997755028735632,0.9980197980377166,0.75,0.0050751385278999805,0.6478608846664429
43,6,136,0.9996703670622262,0.9970216140553159,0.7058823529411765,0.00032113585621118546,0.7609451413154602
43,6,137,0.999556277056277,0.9962444226869502,0.72,0.007024624850600958,0.7231810688972473
43,6,138,0.9984564748609692,0.9697016438688397,0.625,0.0049268463626503944,1.1213443279266357
43,6,139,0.9991373697916667,0.9864045091543445,0.8888888888888888,0.004376986529678106,3.574063301086426
43,6,140,0.9999221521591655,0.9992602571550739,0.7422680412371134,0.004396412055939436,0.716257631778717
43,6,141,0.999696771785781,0.9968956123087938,0.782608695652174,0.008793595246970654,0.6315394043922424
43,6,142,0.9993792767095754,0.9915980967455801,0.881578947368421,0.012675025500357151,2.6952860355377197
43,6,143,0.9987996799146439,0.9767381024511909,0.6388888888888888,0.0049997661262750626,1.200105905532837
43,6,144,0.99889205444761,0.9803040429179968,0.7222222222222222,0.010672471486032009,2.647033929824829
43,6,145,0.9992877492877492,0.9873493534232824,0.7222222222222222,0.013350900262594223,2.5062530040740967
43,6,146,0.9998856097002975,0.9988796488616739,0.7659574468085106,0.011130939237773418,0.841210126876831
43,6,147,0.9996487530734106,0.9954121761654836,0.9090909090909091,0.013115252368152142,2.4853298664093018
43,6,148,0.999358305927649,0.9908023532217226,0.8767123287671232,0.004531135316938162,3.6677134037017822
43,6,149,0.9998298668708264,0.9984767289115071,0.7058823529411765,0.0035305158235132694,0.82252037525177
43,6,150,0.9985694888953545,0.9663902437160861,0.5833333333333334,0.006557116750627756,1.2402431964874268
43,6,151,0.9992436540731996,0.9873069366218032,0.7777777777777778,0.003176255151629448,2.82680606842041
43,6,152,0.9993464052287581,0.9820550032747415,0.4722222222222222,0.002980545163154602,0.8129245638847351
43,6,153,0.9989046797557436,0.9730509246008793,0.5138888888888888,0.00385792413726449,0.8482298851013184
43,6,154,0.9997510822510822,0.9978136167675344,0.72,0.012387923896312714,1.1016006469726562
43,6,155,0.9996917005796029,0.9974662952603635,0.6792452830188679,0.0033478422556072474,1.2814558744430542
43,6,156,0.9991906578795235,0.9871131176343233,0.875,0.01235219370573759,3.57159423828125
43,6,157,0.9996504582880223,0.9960596227772311,0.8780487804878049,0.006691666319966316,1.259084939956665
43,6,158,0.9991459378669798,0.9803861515235549,0.5277777777777778,0.007952936924993992,0.8114476799964905
43,6,159,0.9988772967496372,0.9716681952947037,0.5138888888888888,0.008390664122998714,0.7966323494911194
43,6,160,0.9997796094679772,0.9980125629182175,0.7346938775510204,0.008795100264251232,0.6880438923835754
43,6,161,0.9998600485165142,0.9986782250193023,0.782608695652174,0.005025581922382116,0.7305894494056702
43,6,162,0.999043062200957,0.9844447612335709,0.7638888888888888,0.006130800116807222,3.0187976360321045
43,6,163,0.9992632113821138,0.9823816434571915,0.5555555555555556,0.01342627964913845,0.8636058568954468
43,6,164,0.9989680082559339,0.9830268823364543,0.7638888888888888,0.013575115241110325,2.9751882553100586
43,6,165,0.9998016485211795,0.9982067620539233,0.7346938775510204,0.011322466656565666,1.1364188194274902
43,6,166,0.999267578125,0.98966536536873,0.8888888888888888,0.002240128582343459,3.444760322570801
43,6,167,0.999131811449875,0.9863572686575504,0.8472222222222222,0.0054195718839764595,3.7079694271087646
43,6,168,0.9996428571428572,0.996877343218841,0.72,0.0022151414304971695,0.6996249556541443
43,6,169,0.9990012484394507,0.9801974681772575,0.625,0.0028673261404037476,1.204534649848938
43,6,170,0.9992810760667904,0.984535301278834,0.6111111111111112,0.004599311389029026,1.08209228515625
43,6,171,0.9996159317211949,0.9950929943204023,0.8961038961038961,0.008153224363923073,1.9797735214233398
43,6,172,0.999149755354135,0.9880362989961607,0.8513513513513513,0.00700629036873579,3.4154212474823
43,6,173,0.9997281342240174,0.996783026719418,0.8554216867469879,0.008392245508730412,1.1415705680847168
43,6,174,0.9984253229422441,0.9607608705523554,0.5277777777777778,0.007153918966650963,0.8826213479042053
43,6,175,0.9986723935962515,0.9698718587976275,0.5416666666666666,0.0021568245720118284,0.7773309946060181
43,6,176,0.9989484946871311,0.9839777543393425,0.7777777777777778,0.01536956150084734,3.065903902053833
43,6,177,0.9998830334736931,0.9989470712976976,0.7058823529411765,0.007543712388724089,0.8085984587669373
43,6,178,0.9989540642076503,0.9797563990837663,0.6666666666666666,0.007096386048942804,1.4263454675674438
43,6,179,0.9998051948051948,0.9982794401234996,0.72,0.004906639456748962,1.1777182817459106
43,6,180,0.9996661355186282,0.9952636599635424,0.9315068493150684,0.006026227492839098,3.1119165420532227
43,6,181,0.9995295545944305,0.9934040311750517,0.9315068493150684,0.007700834423303604,3.3362576961517334
43,6,182,0.9997940974605353,0.9980441214709638,0.7659574468085106,0.002832527970895171,0.8420524001121521
43,6,183,0.9997997715039515,0.9979256370478417,0.7912087912087912,0.008853639476001263,0.8984827399253845
43,6,184,0.9997581792318634,0.9969417871116337,0.9466666666666667,0.00764203118160367,2.2660140991210938
43,6,185,0.9986422071356348,0.9661065523202019,0.4861111111111111,0.004676347598433495,0.7952045798301697
43,6,186,0.9986549165120594,0.9738853669394397,0.6111111111111112,0.01224670372903347,1.0847617387771606
43,6,187,0.9996334262859536,0.9957322116234967,0.8658536585365854,0.005468624643981457,1.603131651878357
43,6,188,0.9998939966785627,0.9989279659766633,0.7912087912087912,0.015632888302206993,0.6756134629249573
43,6,189,0.9996066034422199,0.995413433226686,0.9342105263157895,0.004104265011847019,2.0798561573028564
43,6,190,0.9996993046419845,0.9965514295678528,0.8470588235294118,0.009107939898967743,0.8867035508155823
43,6,191,0.9990915547627306,0.9864766047440174,0.8493150684931506,0.006476720795035362,3.4509902000427246
43,8,0,0.9994536763032096,0.9926728810105909,0.88,0.013680842705070972,0.64935702085495
43,8,1,0.9998798293576879,0.9987547523047972,0.8089887640449438,0.004560873843729496,1.1117644309997559
43,8,2,0.9996857939593888,0.9964593191389877,0.8888888888888888,0.007300874218344688,0.9309710264205933
43,8,3,0.9997675076823549,0.9980866486007581,0.6666666666666666,0.013150868937373161,1.1082961559295654
43,8,4,0.9988191632928475,0.9697220625733124,0.5,0.008173245936632156,1.7458025217056274
43,8,5,0.998987790219523,0.9846604028907311,0.8904109589041096,0.006708492990583181,0.785864531993866
43,8,6,0.9995321199644411,0.993210502565644,0.9305555555555556,0.007318845950067043,0.9543172121047974
43,8,7,0.9996766108820438,0.9966149887430773,0.7741935483870968,0.0010914886370301247,0.8833163976669312
43,8,8,0.9998820033682675,0.9989132938048191,0.7128712871287128,0.008437295444309711,1.1329883337020874
43,8,9,0.9997826584305651,0.9978127781121017,0.7659574468085106,0.006215134635567665,1.0095446109771729
43,8,10,0.9998376623376624,0.9984187453954072,0.72,0.009864438325166702,0.7835781574249268
43,8,11,0.9990977648400661,0.9864578321506678,0.8472222222222222,0.009615887887775898,1.3347797393798828
43,8,12,0.9989312710102403,0.9799295676389072,0.7361111111111112,0.006179992575198412,2.785386323928833
43,8,13,0.9989895653187727,0.9829806478141025,0.7361111111111112,0.010647560469806194,2.8444368839263916
43,8,14,0.9991096866096867,0.9842261635920535,0.7222222222222222,0.011694381944835186,2.9989213943481445
43,8,15,0.999652052887961,0.9950935265700788,0.8904109589041096,0.0008496626978740096,0.9176841378211975
43,8,16,0.9999660075916379,0.9996777658431795,0.7578947368421053,0.00638164859265089,0.9732728004455566
43,8,17,0.9995044844160349,0.9924538055305723,0.875,0.0025333999656140804,1.0268739461898804
43,8,18,0.9996292372881356,0.9956626475111363,0.8765432098765432,0.003052293788641691,0.7840670943260193
43,8,19,0.9992255363683935,0.985155899950727,0.6805555555555556,0.013548680581152439,2.9915103912353516
43,8,20,0.9989291068751338,0.9833895029797188,0.8055555555555556,0.012740320526063442,1.4390276670455933
43,8,21,0.999824594374491,0.9981151040852524,0.8470588235294118,0.012436002492904663,1.031733512878418
43,8,22,0.9997224072840328,0.9965171516345591,0.922077922077922,0.008134473115205765,0.72695392370224
43,8,23,0.9992421739890796,0.9871840305685342,0.7361111111111112,0.008850513026118279,2.8537333011627197
43,8,24,0.9991472994793084,0.9856212113986036,0.7916666666666666,0.00637794891372323,1.9965842962265015
43,8,25,0.9991368796322357,0.9850724829446829,0.7638888888888888,0.011393150314688683,1.9485043287277222
43,8,26,0.9989316239316239,0.9736912843823758,0.5,0.007484039757400751,1.7197813987731934
43,8,27,0.9986124527970492,0.9794850771484781,0.7945205479452054,0.012944203801453114,1.4920246601104736
43,8,28,0.9997755028735633,0.997806512543112,0.75,0.0015312198083847761,0.8438407778739929
43,8,29,0.9987189068004697,0.9684225346469105,0.5277777777777778,0.0018560978351160884,2.270012378692627
43,8,30,0.9995413298953736,0.9951155506548038,0.8372093023255814,0.004391547292470932,1.0935242176055908
43,8,31,0.9988285825849278,0.9735049832334901,0.5416666666666666,0.006737689953297377,1.6159968376159668
43,8,32,0.9989330488130167,0.9799348557655321,0.6388888888888888,0.011822806671261787,2.5638132095336914
43,8,33,0.998795147731318,0.9716569206504007,0.5138888888888888,0.003664212068542838,1.8913582563400269
43,8,34,0.999032706607823,0.9827428442913267,0.7083333333333334,0.010317274369299412,3.2796616554260254
43,8,35,0.9988404452690167,0.9739096441466566,0.6111111111111112,0.008435188792645931,2.0453011989593506
43,8,36,0.9983656792645557,0.9666442585377337,0.625,0.0032724866177886724,2.415726661682129
43,8,37,0.9997532797700138,0.9979420958106366,0.7128712871287128,0.005244780331850052,1.0592336654663086
43,8,38,0.9996027542372881,0.9950940465320712,0.8536585365853658,0.0015391363995149732,0.7313610315322876
43,8,39,0.998663101604278,0.9692205925999624,0.4722222222222222,0.005277686752378941,1.8103336095809937
43,8,40,0.9998226950354611,0.9978997774408428,0.8352941176470589,0.005691620521247387,1.1564079523086548
43,8,41,0.9997081537356322,0.9972943820018341,0.75,0.0076977270655334,0.8964946866035461
43,8,42,0.9997520702137155,0.9974724056420772,0.8372093023255814,0.017112430185079575,1.1852129697799683
43,8,43,0.9995688574723016,0.9965237989719873,0.6605504587155964,0.010457214899361134,1.007512092590332
43,8,44,0.9994688519614539,0.9924476878633884,0.9054054054054054,0.008627253584563732,0.6838498711585999
43,8,45,0.9998152062183108,0.998179180012004,0.7741935483870968,0.005079398863017559,0.9194899201393127
43,8,46,0.9988920544476101,0.9805646164225787,0.7222222222222222,0.009318981319665909,2.935803174972534
43,8,47,0.9998527950539139,0.9984315281821996,0.8275862068965517,0.0028020585887134075,1.165562629699707
43,8,48,0.9989275317910219,0.9833794155955292,0.8472222222222222,0.009754510596394539,1.3919718265533447
43,8,49,0.998933219543418,0.9752589718714881,0.5972222222222222,0.013881813734769821,2.5439391136169434
43,8,50,0.9987910481331533,0.9694028075830363,0.5,0.0036551905795931816,1.7352893352508545
43,8,51,0.9993331555081355,0.9880476003494851,0.6388888888888888,0.011098439805209637,2.5329058170318604
43,8,52,0.999438512056951,0.9955590140438171,0.6605504587155964,0.001835610717535019,0.9965161681175232
43,8,53,0.9995150901826845,0.99588282279244,0.6990291262135923,0.00769001105800271,0.8352988362312317
43,8,54,0.9991861979166667,0.9881199769462508,0.863013698630137,0.0034120993223041296,0.9194360375404358
43,8,55,0.9994923701698253,0.9929422064025883,0.9178082191780822,0.007212603930383921,0.6141472458839417
43,8,56,0.9996799098626173,0.9963476756839689,0.8452380952380952,0.007897358387708664,0.97548907995224
43,8,57,0.9989847715736041,0.978833768178356,0.5416666666666666,0.008106713183224201,2.2548024654388428
43,8,58,0.9996431120628122,0.9961900182518195,0.8,0.008890037424862385,1.0574179887771606
43,8,59,0.9997744784814885,0.997573497457785,0.8470588235294118,0.010583394207060337,0.8955845236778259
43,8,60,0.9987863211251518,0.9804854071553668,0.8055555555555556,0.011158730834722519,1.945070743560791
43,8,61,0.9989591117753817,0.9744039708697463,0.5277777777777778,0.007693838328123093,1.650957703590393
43,8,62,0.9997768631923439,0.9973574864821719,0.8160919540229885,0.0030685700476169586,0.9299353957176208
43,8,63,0.9998834860960074,0.9986620131357294,0.8780487804878049,0.017128225415945053,1.579053521156311
43,8,64,0.9998331831982118,0.9983767352400232,0.7422680412371134,0.007081996649503708,0.8011402487754822
43,8,65,0.9988388758867177,0.9809192307316528,0.7916666666666666,0.008652479387819767,2.1175241470336914
43,8,66,0.9992621015348289,0.9866755793668376,0.7777777777777778,0.00715161906555295,2.662985324859619
43,8,67,0.9992798805655572,0.9881670108958458,0.8194444444444444,0.014532150700688362,1.5338244438171387
43,8,68,0.9988933035795279,0.9826818994769595,0.7916666666666666,0.013394247740507126,1.5550814867019653
43,8,69,0.9997183206791033,0.9968112717594328,0.8674698795180723,0.00041598727693781257,0.7061464786529541
43,8,70,0.9990691139018179,0.9858722157978738,0.8194444444444444,0.01177501492202282,1.104245901107788
43,8,71,0.9995719483484341,0.9965544831041582,0.6728971962616822,0.00803494080901146,1.0610886812210083
43,8,72,0.9995762711864407,0.9951500212273148,0.8765432098765432,0.006619857158511877,1.26570725440979
43,8,73,0.9996442547136251,0.9960828212892088,0.8275862068965517,0.004183655139058828,0.9831674695014954
43,8,74,0.9995807127882599,0.9944545347344946,0.918918918918919,0.004675163887441158,0.7157014012336731
43,8,75,0.9988877539439337,0.9777712622730153,0.625,0.012506789527833462,2.645024538040161
43,8,76,0.9991563903431506,0.981197557346667,0.5694444444444444,0.012019515037536621,2.2080118656158447
43,8,77,0.9991581108829568,0.9841436905874499,0.6944444444444444,0.006943180225789547,2.7637176513671875
43,8,78,0.998666311016271,0.97300904835619,0.6388888888888888,0.0023057423532009125,2.861163854598999
43,8,79,0.9997119777961064,0.9966725528435795,0.8888888888888888,0.007961706258356571,1.0935028791427612
43,8,80,0.9989837398373984,0.977448372321982,0.5555555555555556,0.006693915463984013,1.9610105752944946
43,8,81,0.9996682681308625,0.9965914587875435,0.7659574468085106,0.003925902768969536,0.8857307434082031
43,8,82,0.9997784101511475,0.9977906197843774,0.782608695652174,0.005721167661249638,1.08896005153656
43,8,83,0.9996405018098874,0.9961183545484261,0.8372093023255814,0.009701251052320004,0.9727957844734192
43,8,84,0.9993761599525881,0.9917195371827483,0.8783783783783784,0.008646417409181595,0.7126384377479553
43,8,85,0.9994780793319415,0.9923724092876933,0.9166666666666666,0.004575696773827076,0.9184644222259521
43,8,86,0.9998595012293643,0.9982677757064923,0.9342105263157895,0.008721955120563507,1.0563884973526
43,8,87,0.9996341973244147,0.9967967956264374,0.6923076923076923,0.0006165046361275017,1.2492847442626953
43,8,88,0.99921392476137,0.9885461721448333,0.8767123287671232,0.0028841840103268623,0.9007456302642822
43,8,89,0.9991418105703821,0.9828354503877961,0.6805555555555556,0.007437882013618946,2.7155020236968994
43,8,90,0.9994866529774127,0.9908355857044343,0.6944444444444444,0.016452452167868614,2.7237603664398193
43,8,91,0.9988772967496371,0.9722825122006187,0.5138888888888888,0.0015925453044474125,1.7708401679992676
43,8,92,0.9996617177222327,0.9963849106309973,0.8470588235294118,0.007198261562734842,1.1761422157287598
43,8,93,0.998872976701708,0.9802110089628159,0.7361111111111112,0.01129962783306837,2.849168062210083
43,8,94,0.9989826515313771,0.9825038729482126,0.8055555555555556,0.0023639556020498276,1.494755506515503
43,8,95,0.9989111261133735,0.9786964808093884,0.6527777777777778,0.008262342773377895,2.7760608196258545
43,8,96,0.9994850111129181,0.9937012558992022,0.8987341772151899,0.008912208490073681,0.7873533964157104
43,8,97,0.9994688519614539,0.9922089559053351,0.9315068493150684,0.0020546920131891966,0.742215096950531
43,8,98,0.9991556431184914,0.9854155484832865,0.7638888888888888,0.009304349310696125,2.4208834171295166
43,8,99,0.9985320807088716,0.9679075441628254,0.5277777777777778,0.01144712045788765,1.7239367961883545
43,8,100,0.9993084370677732,0.989627825482721,0.8082191780821918,0.015770623460412025,1.458200454711914
43,8,101,0.9995673856876766,0.9954886822529774,0.8089887640449438,0.00493089621886611,1.258960247039795
43,8,102,0.9992662473794549,0.9901768974407308,0.8933333333333333,0.00559592992067337,0.5844132304191589
43,8,103,0.9994310099573257,0.9922934110689379,0.9210526315789473,0.006735810078680515,0.6440533399581909
43,8,104,0.9986504723346828,0.9664066068048927,0.5,0.012682173401117325,2.0136661529541016
43,8,105,0.9992529030054645,0.9852352666335645,0.6666666666666666,0.005131818819791079,2.7620794773101807
43,8,106,0.9990491651205937,0.98003055759094,0.6111111111111112,0.016307756304740906,2.4112393856048584
43,8,107,0.9996969063545151,0.9973134116109847,0.6923076923076923,0.005804342217743397,1.0032411813735962
43,8,108,0.9994968220338982,0.9935014287163693,0.8536585365853658,0.0014138304395601153,1.1614198684692383
43,8,109,0.9997951423120751,0.9976900233659094,0.8674698795180723,0.006567590869963169,0.8328192234039307
43,8,110,0.9988931523022433,0.981414040629772,0.7777777777777778,0.007124386727809906,1.8819477558135986
43,8,111,0.9990866777904628,0.9857128418648556,0.8194444444444444,0.008761129342019558,1.6159827709197998
43,8,112,0.9989115997638726,0.9824021732565871,0.7777777777777778,0.008749601431190968,1.5718128681182861
43,8,113,0.9986552254098361,0.9719395237943379,0.6666666666666666,0.010994931682944298,2.8990697860717773
43,8,114,0.9997588908981314,0.9969527173365831,0.8875,0.006176625844091177,0.8316916823387146
43,8,115,0.9991890079383646,0.9886175682598821,0.8783783783783784,0.00207169889472425,0.7023453712463379
43,8,116,0.9993004682976119,0.987880679658862,0.7361111111111112,0.012392835691571236,3.053023099899292
43,8,117,0.9994661046715841,0.9933278042549833,0.8846153846153846,0.009092478081583977,0.559282124042511
43,8,118,0.9991289008906988,0.9808555536506431,0.6527777777777778,0.008189993910491467,2.773159980773926
43,8,119,0.9992108657713028,0.9897029241054369,0.8552631578947368,0.009673921391367912,0.629569411277771
43,8,120,0.9995887897766812,0.9941994460921973,0.8904109589041096,0.008657797239720821,0.8329941034317017
43,8,121,0.9994348508634223,0.9889667898784832,0.6805555555555556,0.0007591370376758277,2.905608654022217
43,8,122,0.9992572786690433,0.979964293844652,0.4722222222222222,0.0031387011986225843,1.773605465888977
43,8,123,0.9990491009681881,0.9854419722895033,0.8333333333333334,0.009622853249311447,0.978432834148407
43,8,124,0.9994586942038641,0.993311267385792,0.8734177215189873,0.006329551804810762,0.6924749612808228
43,8,125,0.9994867594867596,0.995302871503341,0.7272727272727273,0.007105963304638863,1.0769635438919067
43,8,126,0.998872269705603,0.9810092125107084,0.7222222222222222,0.014018864370882511,3.29500412940979
43,8,127,0.9988219080643728,0.9768517360474627,0.6388888888888888,0.011959523893892765,2.5487701892852783
43,8,128,0.9996766108820438,0.9967249749569084,0.7741935483870968,0.01453462429344654,0.8009123206138611
43,8,129,0.9999048298834166,0.9990318799456974,0.8,0.006158236414194107,1.0109045505523682
43,8,130,0.9998856097002974,0.9988373632873552,0.7659574468085106,0.011029266752302647,1.2069209814071655
43,8,131,0.9987563880846434,0.979409245159432,0.7361111111111112,0.008733305148780346,2.973527193069458
43,8,132,0.9990075180507654,0.9794989552069233,0.5694444444444444,0.005156050901859999,1.9458894729614258
43,8,133,0.9990038370720189,0.9837915678306433,0.7777777777777778,0.010241136886179447,2.7317745685577393
43,8,134,0.9989115646258503,0.9793296144055349,0.6805555555555556,0.0040021841414272785,2.7921066284179688
43,8,135,0.9997755028735632,0.9980197980377166,0.75,0.0050751385278999805,1.0334633588790894
43,8,136,0.9996384671005062,0.9966975632639661,0.7058823529411765,0.00032113585621118546,1.017490029335022
43,8,137,0.999556277056277,0.9962298383519974,0.72,0.013097439892590046,1.1054356098175049
43,8,138,0.9984564748609692,0.9696200864256989,0.625,0.005489306058734655,2.4184765815734863
43,8,139,0.9991536458333333,0.9867300299876779,0.8888888888888888,0.004376986529678106,0.9592839479446411
43,8,140,0.9999221521591655,0.9992602571550739,0.7422680412371134,0.004396412055939436,1.2946686744689941
43,8,141,0.999696771785781,0.996895612308794,0.782608695652174,0.008793595246970654,1.1583210229873657
43,8,142,0.9993940558355379,0.9917826941579101,0.881578947368421,0.012675025500357151,0.655884325504303
43,8,143,0.9988219080643727,0.9772537100320158,0.6388888888888888,0.0049997661262750626,2.623342514038086
43,8,144,0.99889205444761,0.9803040429179968,0.7222222222222222,0.010672471486032009,2.2043516635894775
43,8,145,0.9993471035137702,0.9885003738101299,0.7222222222222222,0.013350900262594223,2.4621901512145996
43,8,146,0.9998741706703271,0.9987614455519813,0.7659574468085106,0.011130939237773418,0.8831082582473755
43,8,147,0.9996768528275378,0.9957515397258998,0.9090909090909091,0.013115252368152142,0.7545171976089478
43,8,148,0.9993903906312666,0.9911907237210322,0.9027777777777778,0.002882465021684766,1.0184465646743774
43,8,149,0.9997979669091064,0.9981903392575475,0.7058823529411765,0.0035305158235132694,0.9976288676261902
43,8,150,0.9985937348462807,0.9672720779312536,0.5833333333333334,0.0012330749304965138,2.5412654876708984
43,8,151,0.9992436540731996,0.9874043347549013,0.7777777777777778,0.003176255151629448,2.08648943901062
43,8,152,0.9993166963755199,0.9813080378218937,0.4722222222222222,0.003642361843958497,1.6912572383880615
43,8,153,0.99893206276185,0.9736401420802026,0.5138888888888888,0.00385792413726449,1.8702014684677124
43,8,154,0.9997510822510822,0.9978136167675344,0.72,0.012387923896312714,0.8403382897377014
43,8,155,0.9996814239322563,0.9973672277569581,0.6792452830188679,0.0033478422556072474,1.073649287223816
43,8,156,0.9991906578795235,0.9871416637291481,0.875,0.0061869192868471146,1.0541861057281494
43,8,157,0.9996504582880223,0.996059622777231,0.8780487804878049,0.006691666319966316,1.3428382873535156
43,8,158,0.9991459378669798,0.9803861515235549,0.5277777777777778,0.006673343013972044,1.884902834892273
43,8,159,0.9988772967496372,0.9716681952947037,0.5138888888888888,0.012813745997846127,1.8410625457763672
43,8,160,0.9997685899413761,0.9979084619994995,0.7346938775510204,0.008795100264251232,0.9827344417572021
43,8,161,0.9998483858928905,0.9985574520724427,0.782608695652174,0.005025581922382116,1.0365018844604492
43,8,162,0.9990242987147012,0.9841933996918868,0.7638888888888888,0.006522881332784891,2.246579647064209
43,8,163,0.9993140243902439,0.9833571594870554,0.5555555555555556,0.016286758705973625,2.0626707077026367
43,8,164,0.9989492447696782,0.982703620692438,0.7638888888888888,0.013575115241110325,2.3577771186828613
43,8,165,0.9998016485211795,0.9982067620539233,0.7346938775510204,0.011322466656565666,1.2364652156829834
43,8,166,0.999267578125,0.9896653653687298,0.8888888888888888,0.002240128582343459,0.8863281607627869
43,8,167,0.9990807415351617,0.9854557134559305,0.8472222222222222,0.0054195718839764595,1.215464472770691
43,8,168,0.9996103896103896,0.9965785749768834,0.72,0.0022151414304971695,1.0839241743087769
43,8,169,0.9989331517421405,0.9789122197109458,0.625,0.004179883282631636,2.6451804637908936
43,8,170,0.9992578849721707,0.9841724565763668,0.6111111111111112,0.003219122998416424,2.412540912628174
43,8,171,0.9996159317211949,0.9951058432537397,0.8717948717948718,0.01405832264572382,0.8862043619155884
43,8,172,0.9991497553541349,0.9880362989961607,0.8513513513513513,0.00700629036873579,0.831576406955719
43,8,173,0.9996634042773549,0.9960410734773668,0.8554216867469879,0.008392245508730412,0.889356791973114
43,8,174,0.9984787018255579,0.9620474485519425,0.5277777777777778,0.009220229461789131,2.0256447792053223
43,8,175,0.998724456592477,0.9712698072543993,0.5416666666666666,0.0021568245720118284,1.7698339223861694
43,8,176,0.9989484946871311,0.9838778884857582,0.7777777777777778,0.01536956150084734,1.9934073686599731
43,8,177,0.9998617668325465,0.9987690561664113,0.7058823529411765,0.007543712388724089,0.9461197257041931
43,8,178,0.9989754098360656,0.980263877716245,0.6666666666666666,0.007917765527963638,2.834026336669922
43,8,179,0.9997835497835498,0.998091032933266,0.72,0.002189761260524392,0.8472656011581421
43,8,180,0.9996813111768723,0.9954619511599967,0.9315068493150684,0.006026227492839098,0.6603736281394958
43,8,181,0.9995295545944305,0.9934040311750519,0.9315068493150684,0.007700834423303604,0.7346128225326538
43,8,182,0.9997712194005948,0.9978370429866159,0.7659574468085106,0.002832527970895171,1.0976476669311523
43,8,183,0.9997879933571252,0.9978035681055479,0.7912087912087912,0.008853639476001263,1.13563871383667
43,8,184,0.9997297297297296,0.9965227382550849,0.9466666666666667,0.005177314858883619,0.6654818058013916
43,8,185,0.9986422071356348,0.9661065523202019,0.4861111111111111,0.003061566734686494,1.8957176208496094
43,8,186,0.9987244897959184,0.9745500555895161,0.6111111111111112,0.01224670372903347,2.411944627761841
43,8,187,0.9996334262859538,0.9957322116234963,0.8658536585365854,0.0003982439520768821,0.8136987090110779
43,8,188,0.9998939966785626,0.9989279659766637,0.7912087912087912,0.015632888302206993,1.1674034595489502
43,8,189,0.99960660344222,0.9954134332266862,0.9342105263157895,0.004104265011847019,0.6679469347000122
43,8,190,0.9996742466954832,0.996260365353962,0.8470588235294118,0.009107939898967743,1.0920381546020508
43,8,191,0.9990585203904663,0.9859816397329239,0.8493150684931506,0.006476720795035362,0.8895861506462097
43,12,0,0.9994536763032096,0.9926447943684482,0.9054054054054054,0.00993545912206173,0.6759629845619202
43,12,1,0.9998437781649943,0.9983837327033399,0.8089887640449438,0.007455024868249893,0.9630175232887268
43,12,2,0.9996203343675949,0.9956616710892217,0.8658536585365854,0.010240163654088974,1.1117262840270996
43,12,3,0.9997675076823549,0.9980866486007581,0.6666666666666666,0.013150868937373161,0.8437684178352356
43,12,4,0.9988472784525416,0.9706160600190342,0.5,0.008173245936632156,1.3955954313278198
43,12,5,0.998971974441703,0.9843747408403631,0.8904109589041096,0.006708492990583181,0.8886222839355469
43,12,6,0.9995009279620706,0.9927158149361299,0.9305555555555556,0.007318845950067043,0.9432561993598938
43,12,7,0.9996766108820438,0.9966149887430773,0.7741935483870968,0.0010914886370301247,0.9082534909248352
43,12,8,0.9998605494352252,0.9987157196077154,0.7128712871287128,0.008437295444309711,0.7480409741401672
43,12,9,0.9997597803706246,0.9975809349909971,0.7659574468085106,0.006215134635567665,0.8679077625274658
43,12,10,0.9998268398268398,0.9983038028666715,0.72,0.009864438325166702,0.8833559155464172
43,12,11,0.9990637182302571,0.9858385377958157,0.8472222222222222,0.009615887887775898,1.1392436027526855
43,12,12,0.9989701338825953,0.980759974129691,0.7361111111111112,0.006179992575198412,0.8387578129768372
43,12,13,0.9989507024464179,0.9825033199096982,0.7361111111111112,0.010647560469806194,0.959975004196167
43,12,14,0.9991294713516935,0.9844821799771024,0.7222222222222222,0.011694381944835186,0.8439739942550659
43,12,15,0.999636237110141,0.9948367212285277,0.8904109589041096,0.0008496626978740096,0.9814149737358093
43,12,16,0.9999773383944253,0.9997829625610417,0.7578947368421053,0.00638164859265089,0.8421050906181335
43,12,17,0.9995044844160349,0.9924538055305723,0.875,0.0025333999656140804,1.0539979934692383
43,12,18,0.9996292372881356,0.9956626475111363,0.8765432098765432,0.003052293788641691,1.1551628112792969
43,12,19,0.9991836734693877,0.9844260695570313,0.6805555555555556,0.01437200978398323,1.0303778648376465
43,12,20,0.9989648033126294,0.9839288347893824,0.8055555555555556,0.012740320526063442,1.3508507013320923
43,12,21,0.9997995364279897,0.9978598450657206,0.8470588235294118,0.012436002492904663,1.1124069690704346
43,12,22,0.9997085276482345,0.9963570019907323,0.922077922077922,0.008134473115205765,0.9561261534690857
43,12,23,0.9992421739890796,0.9871840305685342,0.7361111111111112,0.008850513026118279,0.9152439832687378
43,12,24,0.9991291569150383,0.9853029265718776,0.7916666666666666,0.00637794891372323,0.8768465518951416
43,12,25,0.9991556431184914,0.9853901247717587,0.7638888888888888,0.011393150314688683,0.8712096810340881
43,12,26,0.9989597390913181,0.9741345467937235,0.5,0.007484039757400751,1.6486915349960327
43,12,27,0.9986124527970492,0.9794850771484784,0.7945205479452054,0.012944203801453114,0.984984815120697
43,12,28,0.9997530531609196,0.9975794645795985,0.75,0.0015312198083847761,0.936093807220459
43,12,29,0.9987455962421266,0.9690001983182842,0.5277777777777778,0.0034115996677428484,1.3718899488449097
43,12,30,0.9995165369167451,0.9948522702663272,0.8372093023255814,0.004391547292470932,1.1732332706451416
43,12,31,0.9988546140830404,0.9737642790792937,0.5416666666666666,0.0029453106690198183,1.5020332336425781
43,12,32,0.9989552769627456,0.9801992661304184,0.6388888888888888,0.01274934597313404,1.3209317922592163
43,12,33,0.9988225307374243,0.972082090718428,0.5138888888888888,0.005515978205949068,1.251915454864502
43,12,34,0.9990327066078231,0.9827428442913267,0.7083333333333334,0.010317274369299412,0.8478911519050598
43,12,35,0.9988404452690167,0.9739096441466566,0.6111111111111112,0.008435188792645931,1.3065168857574463
43,12,36,0.998388378163659,0.9669410815404391,0.625,0.0016719837440177798,1.3423906564712524
43,12,37,0.9997425528034927,0.9978460267977948,0.7128712871287128,0.005244780331850052,0.8997864127159119
43,12,38,0.999563029661017,0.9945170324003696,0.8536585365853658,0.0015391363995149732,0.9659585952758789
43,12,39,0.9987225193107547,0.9700878625848794,0.4722222222222222,0.009786589071154594,1.6733349561691284
43,12,40,0.9998226950354611,0.9978997774408425,0.8352941176470589,0.005691620521247387,1.3602488040924072
43,12,41,0.9996857040229885,0.9970535261700599,0.75,0.0076977270655334,0.9928704500198364
43,12,42,0.9997396737244013,0.9973568876321399,0.8372093023255814,0.017112430185079575,1.3249549865722656
43,12,43,0.99955883090189,0.996441968972642,0.6605504587155964,0.010457214899361134,0.7912992835044861
43,12,44,0.9994688519614539,0.9924476878633884,0.9054054054054054,0.008627253584563732,0.9061084985733032
43,12,45,0.9998152062183108,0.9981791800120041,0.7741935483870968,0.005079398863017559,0.879410982131958
43,12,46,0.9988920544476101,0.9805646164225787,0.7222222222222222,0.009318981319665909,0.8530937433242798
43,12,47,0.9998527950539139,0.9984315281821996,0.8275862068965517,0.009928514249622822,1.29574453830719
43,12,48,0.9989275317910219,0.9834373200171822,0.8472222222222222,0.009754510596394539,0.9644495248794556
43,12,49,0.998933219543418,0.9752589718714881,0.5972222222222222,0.015667732805013657,1.283448576927185
43,12,50,0.9988472784525416,0.9703909498755265,0.5,0.010061381384730339,1.3076324462890625
43,12,51,0.9992664710589491,0.9868451494367055,0.6388888888888888,0.012158995494246483,1.3277782201766968
43,12,52,0.999438512056951,0.9955590140438174,0.6605504587155964,0.001835610717535019,0.8328573107719421
43,12,53,0.9995045486649168,0.9957816901063559,0.6990291262135923,0.00769001105800271,0.9760022759437561
43,12,54,0.9991536458333333,0.9876287660700217,0.863013698630137,0.0034120993223041296,0.9121977686882019
43,12,55,0.9994769874476988,0.9926796013605712,0.9178082191780822,0.007212603930383921,0.8098565340042114
43,12,56,0.9996543026516267,0.9960494156659307,0.8452380952380952,0.007897358387708664,1.0652974843978882
43,12,57,0.999088897566055,0.9803856525992748,0.5416666666666666,0.008106713183224201,1.3043404817581177
43,12,58,0.9996193195336663,0.995944662693325,0.8,0.008890037424862385,0.8928371071815491
43,12,59,0.9997744784814885,0.9975734974577855,0.8470588235294118,0.010583394207060337,0.9560736417770386
43,12,60,0.9987684729064039,0.9803257460490347,0.8055555555555556,0.011158730834722519,0.8788957595825195
43,12,61,0.9989858012170385,0.9748543335943191,0.5277777777777778,0.00897107645869255,1.493876576423645
43,12,62,0.9997768631923439,0.9973574864821719,0.8160919540229885,0.0030685700476169586,0.7845688462257385
43,12,63,0.9998834860960074,0.9986620131357296,0.8780487804878049,0.017128225415945053,1.0971516370773315
43,12,64,0.9998220620780924,0.9982618871835154,0.7422680412371134,0.007081996649503708,0.6800311207771301
43,12,65,0.9988751610152579,0.9813840752102777,0.7916666666666666,0.008652479387819767,0.9364301562309265
43,12,66,0.9992621015348289,0.9866755793668376,0.7777777777777778,0.00715161906555295,0.771431565284729
43,12,67,0.9993150083428471,0.9886899057521581,0.8194444444444444,0.014532150700688362,1.0084316730499268
43,12,68,0.998929588708068,0.9832695711663597,0.7916666666666666,0.013394247740507126,0.9810144305229187
43,12,69,0.999705517073608,0.9966462280228429,0.8452380952380952,0.0051686083897948265,0.8923029899597168
43,12,70,0.9991042416791078,0.9865435351730815,0.8194444444444444,0.01177501492202282,1.0042762756347656
43,12,71,0.9995515649364546,0.9963730113683811,0.6728971962616822,0.00803494080901146,0.7491200566291809
43,12,72,0.9995497881355933,0.9948314989448694,0.8765432098765432,0.006619857158511877,1.0209745168685913
43,12,73,0.9996197205559441,0.9958068635671451,0.8275862068965517,0.004183655139058828,0.9879422783851624
43,12,74,0.9995657382449835,0.9942520618797901,0.918918918918919,0.004675163887441158,0.8320363759994507
43,12,75,0.9988877539439337,0.9777712622730154,0.625,0.012506789527833462,1.1904670000076294
43,12,76,0.9991315782944198,0.9808054004839222,0.5694444444444444,0.011513011530041695,1.2752621173858643
43,12,77,0.9991991786447638,0.9847751556136517,0.6944444444444444,0.006943180225789547,1.0539212226867676
43,12,78,0.9986218547168134,0.9720388670705262,0.6388888888888888,0.0023057423532009125,1.062133550643921
43,12,79,0.9997119777961064,0.9966725528435795,0.8888888888888888,0.007961706258356571,1.1433091163635254
43,12,80,0.9989837398373984,0.977448372321982,0.5555555555555556,0.0007169172167778015,1.3789715766906738
43,12,81,0.9996568291008923,0.9964550703532828,0.7659574468085106,0.003101311856880784,1.1953294277191162
43,12,82,0.9997667475275238,0.997685423066515,0.782608695652174,0.005721167661249638,1.0518724918365479
43,12,83,0.9996281053205731,0.9959633157887363,0.8372093023255814,0.009701251052320004,0.928938090801239
43,12,84,0.9993917559537735,0.9918347035471985,0.8783783783783784,0.008646417409181595,0.7914969325065613
43,12,85,0.9994622635541216,0.9921469403122244,0.9166666666666666,0.004575696773827076,1.0082353353500366
43,12,86,0.9998595012293642,0.9982677757064923,0.9342105263157895,0.008721955120563507,1.1431225538253784
43,12,87,0.9996237458193981,0.9967016130312546,0.6923076923076923,0.0006165046361275017,0.9523770213127136
43,12,88,0.99921392476137,0.9885461721448336,0.8767123287671232,0.0028841840103268623,0.9619652032852173
43,12,89,0.9991208791208792,0.9823834423420528,0.6805555555555556,0.007437882013618946,1.1769994497299194
43,12,90,0.9994455852156058,0.9899833398415501,0.6944444444444444,0.016452452167868614,1.0800126791000366
43,12,91,0.9989046797557436,0.9727257746119657,0.5138888888888888,0.0015925453044474125,1.4899076223373413
43,12,92,0.999649188748982,0.9962497977623201,0.8470588235294118,0.007198261562734842,1.0992772579193115
43,12,93,0.9988924081378855,0.9804441091959162,0.7361111111111112,0.01129962783306837,0.8171990513801575
43,12,94,0.9989826515313771,0.9825038729482126,0.8055555555555556,0.0023639556020498276,1.1797807216644287
43,12,95,0.998889348635641,0.9782559048368978,0.6527777777777778,0.008262342773377895,1.3258655071258545
43,12,96,0.9994850111129181,0.9937012558992022,0.8987341772151899,0.008912208490073681,0.9326456785202026
43,12,97,0.9994536763032097,0.9919861010629148,0.9315068493150684,0.0020546920131891966,0.6807332038879395
43,12,98,0.9991181161459799,0.9845794923618182,0.7638888888888888,0.00971741508692503,0.8825345635414124
43,12,99,0.9985587701505284,0.9687847371452816,0.5277777777777778,0.010750118643045425,1.46184241771698
43,12,100,0.9993084370677732,0.9895540549909178,0.8082191780821918,0.015770623460412025,0.8314031362533569
43,12,101,0.9995553686234453,0.995361035075782,0.8089887640449438,0.00493089621886611,1.0420506000518799
43,12,102,0.9992662473794549,0.9901768974407308,0.8933333333333333,0.00559592992067337,0.6394234299659729
43,12,103,0.9994452347083925,0.9925224536708616,0.9210526315789473,0.006735810078680515,0.9687176942825317
43,12,104,0.9986785874943769,0.9668691414949945,0.5,0.012682173401117325,1.55107843875885
43,12,105,0.9992529030054644,0.9854850464886074,0.6666666666666666,0.005131818819791079,0.9862266778945923
43,12,106,0.999025974025974,0.9795704650714141,0.6111111111111112,0.011029022745788097,1.3331845998764038
43,12,107,0.9996864548494984,0.9972172775862795,0.6923076923076923,0.005804342217743397,0.8864154815673828
43,12,108,0.9994703389830508,0.9931605413169196,0.8536585365853658,0.0014138304395601153,1.2559304237365723
43,12,109,0.9997823387065798,0.9975467220667651,0.8674698795180723,0.01336720958352089,0.9443725943565369
43,12,110,0.9988562573789846,0.9808350363069279,0.7777777777777778,0.0026880507357418537,0.8881131410598755
43,12,111,0.9990866777904628,0.9857128418648556,0.8194444444444444,0.008761129342019558,1.0964903831481934
43,12,112,0.9989300472255018,0.9826177445597353,0.7777777777777778,0.008749601431190968,0.860083818435669
43,12,113,0.9986552254098361,0.9721252257861471,0.6666666666666666,0.010994931682944298,1.1829097270965576
43,12,114,0.9997588908981314,0.9969527173365834,0.8875,0.006176625844091177,0.7643433213233948
43,12,115,0.9992046039395499,0.9888936039090519,0.8783783783783784,0.00207169889472425,0.9634037613868713
43,12,116,0.9993198997337893,0.9881774528214367,0.7361111111111112,0.007703915238380432,0.8401623368263245
43,12,117,0.9994099051633298,0.9926404602600547,0.8846153846153846,0.009092478081583977,0.6718399524688721
43,12,118,0.9991071234129663,0.9804238546065481,0.6527777777777778,0.008189993910491467,1.047709584236145
43,12,119,0.9992108657713028,0.9897029241054369,0.8552631578947368,0.009673921391367912,0.7774525284767151
43,12,120,0.9995571582210413,0.9937340812940845,0.8904109589041096,0.008657797239720821,0.9838925004005432
43,12,121,0.9994348508634223,0.9889667898784831,0.6805555555555556,0.0037820052821189165,1.0855454206466675
43,12,122,0.9992275698158051,0.9788749692259157,0.4722222222222222,0.009996597655117512,1.726481318473816
43,12,123,0.9990491009681881,0.9854419722895035,0.8333333333333334,0.009622853249311447,0.9743037819862366
43,12,124,0.9994586942038641,0.993311267385792,0.8734177215189873,0.006329551804810762,0.7261836528778076
43,12,125,0.9994649194649194,0.9950890405690923,0.7272727272727273,0.007105963304638863,0.9997969269752502
43,12,126,0.998872269705603,0.9810365319583357,0.7222222222222222,0.014018864370882511,0.7813318967819214
43,12,127,0.998799679914644,0.9764790652400093,0.6388888888888888,0.011959523893892765,1.2097729444503784
43,12,128,0.9996766108820437,0.9967249749569084,0.7741935483870968,0.01453462429344654,0.9268493056297302
43,12,129,0.9998929336188436,0.9989098103105192,0.8,0.006158236414194107,1.038988709449768
43,12,130,0.999862731640357,0.9986062738331535,0.7659574468085106,0.011029266752302647,0.857883095741272
43,12,131,0.9987563880846434,0.979409245159432,0.7361111111111112,0.005819946993142366,0.8099797368049622
43,12,132,0.9989827060020345,0.9789857607062077,0.5694444444444444,0.006518437527120113,1.5215281248092651
43,12,133,0.9989484946871311,0.9828760530853413,0.7777777777777778,0.010241136886179447,0.8311741948127747
43,12,134,0.9989115646258503,0.9793296144055349,0.6805555555555556,0.006508584134280682,1.065598726272583
43,12,135,0.9997755028735632,0.9980197980377166,0.75,0.0050751385278999805,0.9798893332481384
43,12,136,0.9996172004593594,0.9965098402224691,0.7058823529411765,0.00032113585621118546,1.016454815864563
43,12,137,0.999556277056277,0.9962298383519974,0.72,0.013097439892590046,0.9608039855957031
43,12,138,0.9984564748609692,0.9696200864256986,0.625,0.005080893635749817,1.3142001628875732
43,12,139,0.9991536458333333,0.9867300299876779,0.8888888888888888,0.004376986529678106,1.009574294090271
43,12,140,0.9999110310390462,0.9991505839811322,0.7422680412371134,0.004396412055939436,1.0599113702774048
43,12,141,0.9996851091621571,0.9967787631843832,0.782608695652174,0.008793595246970654,0.9629465937614441
43,12,142,0.9993940558355379,0.9917064792929626,0.881578947368421,0.012675025500357151,0.8531899452209473
43,12,143,0.9988441362141015,0.9776141744927,0.6388888888888888,0.0049997661262750626,1.283727765083313
43,12,144,0.998911839189617,0.9805810963730164,0.7222222222222222,0.010672471486032009,1.0136884450912476
43,12,145,0.9993273187717631,0.9881001034052341,0.7222222222222222,0.013350900262594223,0.8744962811470032
43,12,146,0.999862731640357,0.9986518460666225,0.7659574468085106,0.011130939237773418,0.859358012676239
43,12,147,0.9996768528275378,0.9957515397258998,0.9090909090909091,0.013115252368152142,0.8330455422401428
43,12,148,0.999358305927649,0.9907157077211322,0.9027777777777778,0.002882465021684766,1.106346607208252
43,12,149,0.999787333588533,0.998088215074541,0.7058823529411765,0.003221600316464901,1.0179481506347656
43,12,150,0.9986422267481331,0.9687826821729504,0.5833333333333334,0.0012330749304965138,1.137275218963623
43,12,151,0.9992252066115703,0.9870923651033088,0.7777777777777778,0.003176255151629448,0.9123563766479492
43,12,152,0.9993166963755199,0.9813080378218937,0.4722222222222222,0.0023830069694668055,1.4835259914398193
43,12,153,0.9989046797557436,0.973051091491152,0.5138888888888888,0.00385792413726449,1.6294560432434082
43,12,154,0.9997510822510822,0.9978136167675344,0.72,0.012387923896312714,0.9592231512069702
43,12,155,0.9996608706375631,0.9971908612952867,0.6792452830188679,0.0033478422556072474,0.8177133202552795
43,12,156,0.9992402094379201,0.9879373027439058,0.875,0.0061869192868471146,1.1408085823059082
43,12,157,0.9996245663093574,0.9957582796178877,0.8780487804878049,0.006691666319966316,1.281093955039978
43,12,158,0.9991726273086368,0.9808294139349024,0.5277777777777778,0.006332321558147669,1.5797964334487915
43,12,159,0.9988772967496372,0.9716681952947037,0.5138888888888888,0.012813745997846127,1.5657947063446045
43,12,160,0.999757570414775,0.9977987406916214,0.7346938775510204,0.008795100264251232,1.0216432809829712
43,12,161,0.9998367232692666,0.9984353221261796,0.782608695652174,0.005025581922382116,0.8482657074928284
43,12,162,0.9990055352284454,0.9839530150765022,0.7638888888888888,0.006522881332784891,0.8243935704231262
43,12,163,0.9993140243902439,0.9833571594870554,0.5555555555555556,0.01299058273434639,1.3855483531951904
43,12,164,0.9989492447696782,0.982703620692438,0.7638888888888888,0.013575115241110325,0.8643671870231628
43,12,165,0.999757570414775,0.997807523612397,0.7346938775510204,0.011322466656565666,0.7434549331665039
43,12,166,0.9992513020833333,0.9893912425617124,0.8888888888888888,0.002240128582343459,1.1803922653198242
43,12,167,0.9990807415351617,0.985517718448156,0.8472222222222222,0.0054195718839764595,1.0981419086456299
43,12,168,0.9995779220779221,0.996288127103081,0.72,0.0022151414304971695,1.0442789793014526
43,12,169,0.9989558506412439,0.9791384751121334,0.625,0.003655253443866968,1.3696558475494385
43,12,170,0.9992578849721707,0.9842936658099257,0.6111111111111112,0.003219122998416424,1.2040162086486816
43,12,171,0.9996159317211949,0.9951058432537397,0.8717948717948718,0.01405832264572382,1.0825207233428955
43,12,172,0.9991337130023261,0.9877513987112604,0.8513513513513513,0.00700629036873579,0.7360073924064636
43,12,173,0.9996375122986899,0.9957468236973692,0.8554216867469879,0.008392245508730412,1.2451778650283813
43,12,174,0.9985587701505284,0.9634393349181265,0.5277777777777778,0.009922357276082039,1.2037135362625122
43,12,175,0.9987504880905895,0.972022526757119,0.5416666666666666,0.0021568245720118284,1.4465727806091309
43,12,176,0.9989669421487604,0.9841785137863838,0.7777777777777778,0.01536956150084734,0.7760283946990967
43,12,177,0.9998617668325465,0.9987690561664113,0.7058823529411765,0.007543712388724089,0.9631800055503845
43,12,178,0.9989540642076503,0.9799290302902026,0.6666666666666666,0.007917765527963638,1.147959589958191
43,12,179,0.9997727272727273,0.9979879401497608,0.72,0.002189761260524392,0.8431143164634705
43,12,180,0.9996661355186282,0.9952275853895325,0.9583333333333334,0.004273557104170322,0.7127246260643005
43,12,181,0.9995295545944305,0.9934040311750519,0.9315068493150684,0.007700834423303604,0.7502700090408325
43,12,182,0.9997597803706245,0.9977340844967931,0.7659574468085106,0.002832527970895171,1.0960501432418823
43,12,183,0.9997997715039516,0.9979155501884146,0.7912087912087912,0.008853639476001263,1.0100278854370117
43,12,184,0.9996870554765291,0.9959918116660709,0.9466666666666667,0.008534884080290794,0.8319718837738037
43,12,185,0.9986422071356348,0.9661065523202019,0.4861111111111111,0.003125623567029834,1.3952386379241943
43,12,186,0.9987476808905381,0.9749396659791267,0.6111111111111112,0.01224670372903347,1.4361011981964111
43,12,187,0.9996203343675949,0.9956045303160398,0.8658536585365854,0.0003982439520768821,1.0658371448516846
43,12,188,0.9998704403849099,0.9986992400310087,0.7912087912087912,0.015632888302206993,0.9540936946868896
43,12,189,0.9996066034422199,0.9954134332266862,0.9342105263157895,0.004104265011847019,0.929527759552002
43,12,190,0.9996742466954832,0.9962603653539617,0.8470588235294118,0.009107939898967743,1.0300204753875732
43,12,191,0.9990750375765984,0.9863193634749026,0.8493150684931506,0.006476720795035362,0.9810930490493774
