model,seed,scenario,category,task,depth,auc,average_precision,iou_top7,centroid_error,relative_residual
identity,17,one obstacle,ID,0,8,0.9994082840236685,0.9566666666666667,0.1388888888888889,0.0032724260818213224,0.0027402774430811405
identity,17,one obstacle,ID,1,8,1.0,1.0,0.09722222222222222,0.29437369108200073,0.0015617524040862918
identity,17,one obstacle,ID,2,8,1.0,1.0,0.1111111111111111,0.10661988705396652,0.0015660123899579048
identity,17,one obstacle,ID,3,8,0.9998478277410028,0.9885883347421807,0.18055555555555555,0.08040707558393478,0.2588098347187042
identity,17,one obstacle,ID,4,8,1.0,1.0,0.19444444444444445,0.010357281193137169,0.0022631885949522257
identity,17,one obstacle,ID,5,8,1.0,1.0,0.125,0.09976271539926529,0.001998663181439042
identity,17,one obstacle,ID,6,8,0.9997878359264498,0.9873949579831931,0.19444444444444445,0.006452425383031368,0.07377979159355164
identity,17,one obstacle,ID,7,8,1.0,1.0,0.19444444444444445,0.010763904079794884,0.0022324067540466785
identity,17,one obstacle,ID,8,8,1.0,0.9999999999999999,0.1388888888888889,0.08940813690423965,0.0053615877404809
identity,17,one obstacle,ID,9,8,1.0,1.0,0.19444444444444445,0.07935001701116562,0.03707575052976608
identity,17,one obstacle,ID,10,8,0.9992588932806324,0.9454004329004329,0.16666666666666666,0.009346510283648968,0.058839377015829086
identity,17,one obstacle,ID,11,8,0.999707926864887,0.9827498027074606,0.2361111111111111,0.010012516751885414,0.142775759100914
graph-small,17,one obstacle,ID,0,8,0.9993096646942801,0.9484848484848485,0.1388888888888889,0.0032724260818213224,0.0026847270783036947
graph-small,17,one obstacle,ID,1,8,1.0,1.0,0.09722222222222222,0.29437369108200073,0.0015559322200715542
graph-small,17,one obstacle,ID,2,8,1.0,1.0,0.1111111111111111,0.10661988705396652,0.0015701453667134047
graph-small,17,one obstacle,ID,3,8,0.9998478277410028,0.9885883347421809,0.18055555555555555,0.08040707558393478,0.2603188455104828
graph-small,17,one obstacle,ID,4,8,1.0,1.0,0.19444444444444445,0.010357281193137169,0.0027919013518840075
graph-small,17,one obstacle,ID,5,8,1.0,1.0,0.125,0.09976271539926529,0.0019949814304709435
graph-small,17,one obstacle,ID,6,8,0.9997878359264498,0.9873949579831933,0.19444444444444445,0.002048131776973605,0.06833827495574951
graph-small,17,one obstacle,ID,7,8,1.0,1.0,0.19444444444444445,0.010763904079794884,0.002378161298111081
graph-small,17,one obstacle,ID,8,8,1.0,1.0,0.1388888888888889,0.0964304655790329,0.005459177773445845
graph-small,17,one obstacle,ID,9,8,1.0,1.0,0.19444444444444445,0.07775051891803741,0.0367349348962307
graph-small,17,one obstacle,ID,10,8,0.9993412384716733,0.9504370629370629,0.16666666666666666,0.009346510283648968,0.0563523955643177
graph-small,17,one obstacle,ID,11,8,0.9997663414919096,0.9866713713349116,0.2361111111111111,0.010012516751885414,0.13555248081684113
graph-foundation,17,one obstacle,ID,0,8,0.9994082840236687,0.9566666666666668,0.1388888888888889,0.0032724260818213224,0.00272168405354023
graph-foundation,17,one obstacle,ID,1,8,1.0,1.0,0.09722222222222222,0.29437369108200073,0.0015578820602968335
graph-foundation,17,one obstacle,ID,2,8,1.0,1.0,0.1111111111111111,0.10143058001995087,0.0015833171783015132
graph-foundation,17,one obstacle,ID,3,8,0.9998478277410028,0.9885883347421809,0.18055555555555555,0.08040707558393478,0.25602269172668457
graph-foundation,17,one obstacle,ID,4,8,1.0,1.0,0.19444444444444445,0.010357281193137169,0.002331210533156991
graph-foundation,17,one obstacle,ID,5,8,1.0,1.0,0.125,0.09976271539926529,0.002004021080210805
graph-foundation,17,one obstacle,ID,6,8,0.9997878359264498,0.9873949579831933,0.19444444444444445,0.002048131776973605,0.07366277277469635
graph-foundation,17,one obstacle,ID,7,8,1.0,1.0,0.19444444444444445,0.010763904079794884,0.0024001989513635635
graph-foundation,17,one obstacle,ID,8,8,1.0,1.0,0.1388888888888889,0.08940813690423965,0.005568669643253088
graph-foundation,17,one obstacle,ID,9,8,1.0,1.0,0.19444444444444445,0.08377593755722046,0.03527393192052841
graph-foundation,17,one obstacle,ID,10,8,0.9992588932806324,0.9454004329004329,0.16666666666666666,0.009346510283648968,0.0600733757019043
graph-foundation,17,one obstacle,ID,11,8,0.999707926864887,0.9827498027074606,0.2361111111111111,0.010012516751885414,0.13320592045783997
A-equivariant,17,one obstacle,ID,0,8,0.9994082840236687,0.9566666666666668,0.1388888888888889,0.0032724260818213224,0.0002706397499423474
A-equivariant,17,one obstacle,ID,1,8,1.0,1.0,0.09722222222222222,0.29437369108200073,1.1502963388920762e-05
A-equivariant,17,one obstacle,ID,2,8,1.0,1.0,0.1111111111111111,0.10143058001995087,0.00020157397375442088
A-equivariant,17,one obstacle,ID,3,8,0.9998478277410028,0.9885883347421809,0.18055555555555555,0.08040707558393478,0.0005135388346388936
A-equivariant,17,one obstacle,ID,4,8,1.0,1.0,0.19444444444444445,0.010357281193137169,3.392354483366944e-05
A-equivariant,17,one obstacle,ID,5,8,1.0,1.0,0.125,0.09976271539926529,9.229344868799672e-06
A-equivariant,17,one obstacle,ID,6,8,0.9997878359264498,0.9873949579831933,0.19444444444444445,0.002048131776973605,6.359674443956465e-05
A-equivariant,17,one obstacle,ID,7,8,1.0,1.0,0.19444444444444445,0.010763904079794884,2.10792259167647e-05
A-equivariant,17,one obstacle,ID,8,8,1.0,1.0,0.1388888888888889,0.08940813690423965,0.00030569403315894306
A-equivariant,17,one obstacle,ID,9,8,1.0,1.0,0.19444444444444445,0.08072079718112946,0.011686960235238075
A-equivariant,17,one obstacle,ID,10,8,0.9992588932806324,0.9454004329004329,0.16666666666666666,0.007720659952610731,0.0013655910734087229
A-equivariant,17,one obstacle,ID,11,8,0.9997663414919096,0.9866713713349116,0.2361111111111111,0.00637746462598443,2.7782225515693426e-05
analytic-Chebyshev,17,one obstacle,ID,0,8,0.9994082840236687,0.9566666666666668,0.1388888888888889,0.0032724260818213224,2.2275638912105933e-05
analytic-Chebyshev,17,one obstacle,ID,1,8,1.0,0.9999999999999998,0.09722222222222222,0.29437369108200073,0.00013328250497579575
analytic-Chebyshev,17,one obstacle,ID,2,8,1.0,1.0,0.1111111111111111,0.10143058001995087,0.00011994667875114828
analytic-Chebyshev,17,one obstacle,ID,3,8,0.9998478277410028,0.9885883347421809,0.18055555555555555,0.08040707558393478,0.0032161062117666006
analytic-Chebyshev,17,one obstacle,ID,4,8,1.0,1.0,0.19444444444444445,0.010357281193137169,6.20561113464646e-05
analytic-Chebyshev,17,one obstacle,ID,5,8,1.0,1.0000000000000002,0.125,0.09976271539926529,1.735860132612288e-05
analytic-Chebyshev,17,one obstacle,ID,6,8,0.9997878359264498,0.9873949579831933,0.19444444444444445,0.002048131776973605,0.00017283929628320038
analytic-Chebyshev,17,one obstacle,ID,7,8,1.0,1.0,0.19444444444444445,0.010763904079794884,5.206327841733582e-05
analytic-Chebyshev,17,one obstacle,ID,8,8,1.0,1.0,0.1388888888888889,0.08940813690423965,0.0001686158066149801
analytic-Chebyshev,17,one obstacle,ID,9,8,1.0,1.0,0.19444444444444445,0.08072079718112946,3.765519431908615e-05
analytic-Chebyshev,17,one obstacle,ID,10,8,0.9992588932806324,0.9454004329004329,0.16666666666666666,0.007720659952610731,1.935136242536828e-05
analytic-Chebyshev,17,one obstacle,ID,11,8,0.9997663414919096,0.9866713713349118,0.2361111111111111,0.00637746462598443,0.0015317111974582076
exact,17,one obstacle,ID,0,0,0.9994082840236687,0.9566666666666668,0.1388888888888889,0.0032724260818213224,5.098067413200624e-05
exact,17,one obstacle,ID,1,0,1.0,1.0,0.09722222222222222,0.29437369108200073,5.0769445806508884e-05
exact,17,one obstacle,ID,2,0,1.0,1.0,0.1111111111111111,0.10143058001995087,5.105106902192347e-05
exact,17,one obstacle,ID,3,0,0.9998478277410028,0.9885883347421809,0.18055555555555555,0.08040707558393478,4.988464206689969e-05
exact,17,one obstacle,ID,4,0,1.0,1.0,0.19444444444444445,0.010357281193137169,4.8286805395036936e-05
exact,17,one obstacle,ID,5,0,1.0,1.0,0.125,0.09976271539926529,5.146165858604945e-05
exact,17,one obstacle,ID,6,0,0.9997878359264498,0.9873949579831933,0.19444444444444445,0.002048131776973605,4.695450479630381e-05
exact,17,one obstacle,ID,7,0,1.0,1.0,0.19444444444444445,0.010763904079794884,4.944441752741113e-05
exact,17,one obstacle,ID,8,0,1.0,1.0,0.1388888888888889,0.08940813690423965,5.121496724314056e-05
exact,17,one obstacle,ID,9,0,1.0,1.0,0.19444444444444445,0.08072079718112946,4.859689943259582e-05
exact,17,one obstacle,ID,10,0,0.9992588932806324,0.9454004329004329,0.16666666666666666,0.007720659952610731,5.009716915083118e-05
exact,17,one obstacle,ID,11,0,0.9997663414919096,0.9866713713349118,0.2361111111111111,0.00637746462598443,4.7091834858292714e-05
identity,17,two obstacles,ID,0,8,0.9977685989650098,0.9379998176620574,0.2916666666666667,0.014833043329417706,0.7518477439880371
identity,17,two obstacles,ID,1,8,0.9976376376376377,0.916258671848186,0.3472222222222222,0.0062340060248970985,0.8620308637619019
identity,17,two obstacles,ID,2,8,0.9983929114363898,0.9448665361007429,0.3194444444444444,0.008191815577447414,0.6751972436904907
identity,17,two obstacles,ID,3,8,0.9998952605394082,0.9945983379501385,0.2638888888888889,0.01599777676165104,0.3114970028400421
identity,17,two obstacles,ID,4,8,0.9976545193936498,0.9109376363902861,0.3194444444444444,0.014134708791971207,0.870438277721405
identity,17,two obstacles,ID,5,8,0.9975855130784708,0.9218125374658905,0.4166666666666667,0.009073146618902683,1.106784462928772
identity,17,two obstacles,ID,6,8,0.9963783706253586,0.8991094760481849,0.3888888888888889,0.040213461965322495,1.4723008871078491
identity,17,two obstacles,ID,7,8,0.9957650729967681,0.859719909327205,0.375,0.02510889805853367,1.1328006982803345
identity,17,two obstacles,ID,8,8,0.9991319444444444,0.9480381790874244,0.2222222222222222,0.018761614337563515,0.23865050077438354
identity,17,two obstacles,ID,9,8,0.9995252338223426,0.979617695031229,0.2916666666666667,0.005729250609874725,0.6468282341957092
identity,17,two obstacles,ID,10,8,0.9982429718875502,0.9445939174266339,0.3888888888888889,0.00398459704592824,0.9702092409133911
identity,17,two obstacles,ID,11,8,0.9969583333333333,0.914152432657874,0.3333333333333333,0.049420710653066635,0.99898362159729
graph-small,17,two obstacles,ID,0,8,0.997721122347244,0.9362732182347442,0.2916666666666667,0.014833043329417706,0.7646787166595459
graph-small,17,two obstacles,ID,1,8,0.9975175175175175,0.9111068066780141,0.3472222222222222,0.0062340060248970985,0.8703859448432922
graph-small,17,two obstacles,ID,2,8,0.9983494766103461,0.9430784690952847,0.3194444444444444,0.008191815577447414,0.6713756918907166
graph-small,17,two obstacles,ID,3,8,0.9998952605394082,0.9945983379501385,0.2638888888888889,0.01599777676165104,0.3033722937107086
graph-small,17,two obstacles,ID,4,8,0.9976545193936498,0.9109376363902861,0.3194444444444444,0.014134708791971207,0.890390932559967
graph-small,17,two obstacles,ID,5,8,0.9976525821596245,0.9239798556213166,0.4166666666666667,0.012645792216062546,1.1079782247543335
graph-small,17,two obstacles,ID,6,8,0.9964500860585198,0.8990574280423025,0.3888888888888889,0.040428295731544495,1.4737943410873413
graph-small,17,two obstacles,ID,7,8,0.9957650729967681,0.859719909327205,0.375,0.02510889805853367,1.1472408771514893
graph-small,17,two obstacles,ID,8,8,0.9991319444444444,0.9480381790874244,0.2222222222222222,0.018761614337563515,0.24904097616672516
graph-small,17,two obstacles,ID,9,8,0.9995727104401083,0.9822631976767315,0.2916666666666667,0.005729250609874725,0.6304941177368164
graph-small,17,two obstacles,ID,10,8,0.9982429718875502,0.9448679015481679,0.3888888888888889,0.00398459704592824,0.9905617237091064
graph-small,17,two obstacles,ID,11,8,0.9969166666666667,0.9136684259238673,0.3333333333333333,0.04103582724928856,0.9569048285484314
graph-foundation,17,two obstacles,ID,0,8,0.9978160755827755,0.9416693843938425,0.2916666666666667,0.014833043329417706,0.7532628774642944
graph-foundation,17,two obstacles,ID,1,8,0.9974774774774775,0.9108900169318127,0.3472222222222222,0.0062340060248970985,0.8466614484786987
graph-foundation,17,two obstacles,ID,2,8,0.9983929114363896,0.9448665361007429,0.3194444444444444,0.008191815577447414,0.6547905802726746
graph-foundation,17,two obstacles,ID,3,8,0.9998952605394082,0.9945983379501385,0.2638888888888889,0.01599777676165104,0.3093588650226593
graph-foundation,17,two obstacles,ID,4,8,0.9976979542196933,0.9123144479844891,0.3194444444444444,0.014134708791971207,0.8944633603096008
graph-foundation,17,two obstacles,ID,5,8,0.997719651240778,0.9258188810144028,0.4166666666666667,0.011612008325755596,1.1213494539260864
graph-foundation,17,two obstacles,ID,6,8,0.996342512908778,0.8969616568256551,0.3888888888888889,0.034971222281455994,1.4950429201126099
graph-foundation,17,two obstacles,ID,7,8,0.995690776031799,0.8579856311894181,0.375,0.043449848890304565,1.1430450677871704
graph-foundation,17,two obstacles,ID,8,8,0.9991319444444444,0.9480381790874244,0.2222222222222222,0.018761614337563515,0.2481892853975296
graph-foundation,17,two obstacles,ID,9,8,0.9995727104401083,0.9822631976767315,0.2916666666666667,0.005729250609874725,0.6481934785842896
graph-foundation,17,two obstacles,ID,10,8,0.9982071141709696,0.9438826798732911,0.3888888888888889,0.00398459704592824,0.9731515049934387
graph-foundation,17,two obstacles,ID,11,8,0.997,0.9146589513329972,0.3333333333333333,0.053552668541669846,0.9563425779342651
A-equivariant,17,two obstacles,ID,0,8,0.9981484119071357,0.9430589325204586,0.2916666666666667,0.014833043329417706,0.002876294543966651
A-equivariant,17,two obstacles,ID,1,8,0.9971971971971972,0.9015718351136308,0.3472222222222222,0.004298029933124781,0.20172151923179626
A-equivariant,17,two obstacles,ID,2,8,0.9986100855666074,0.9523247958431463,0.3194444444444444,0.008191815577447414,0.0774502381682396
A-equivariant,17,two obstacles,ID,3,8,0.9998952605394082,0.9945983379501385,0.2638888888888889,0.007137918844819069,0.0498882494866848
A-equivariant,17,two obstacles,ID,4,8,0.997741389045737,0.912786089378718,0.3194444444444444,0.014134708791971207,0.005116775631904602
A-equivariant,17,two obstacles,ID,5,8,0.9978537894030852,0.9318565425031795,0.4166666666666667,0.010427609086036682,0.19842132925987244
A-equivariant,17,two obstacles,ID,6,8,0.9963066551921974,0.8957158802331062,0.3888888888888889,0.036976154893636703,0.017825795337557793
A-equivariant,17,two obstacles,ID,7,8,0.9957279245142836,0.8580852441933788,0.375,0.028062934055924416,0.0007117753266356885
A-equivariant,17,two obstacles,ID,8,8,0.9991319444444444,0.9480381790874244,0.2222222222222222,0.009617475792765617,0.000809044751804322
A-equivariant,17,two obstacles,ID,9,8,0.9995252338223426,0.9782410760075511,0.2916666666666667,0.006509065628051758,0.0006907712668180466
A-equivariant,17,two obstacles,ID,10,8,0.9984581181870338,0.9513796786278497,0.3888888888888889,0.0028323980513960123,0.06929687410593033
A-equivariant,17,two obstacles,ID,11,8,0.99675,0.9105498438934514,0.3333333333333333,0.03607799857854843,0.15467646718025208
analytic-Chebyshev,17,two obstacles,ID,0,8,0.9981484119071357,0.9430589325204586,0.2916666666666667,0.014833043329417706,0.009805632755160332
analytic-Chebyshev,17,two obstacles,ID,1,8,0.9976376376376377,0.9179788124500199,0.3472222222222222,0.001916593755595386,0.007668420672416687
analytic-Chebyshev,17,two obstacles,ID,2,8,0.9986535203926508,0.952965821484172,0.3194444444444444,0.008191815577447414,0.003979177679866552
analytic-Chebyshev,17,two obstacles,ID,3,8,0.9998952605394082,0.9945983379501382,0.2638888888888889,0.007137918844819069,0.00477253133431077
analytic-Chebyshev,17,two obstacles,ID,4,8,0.997741389045737,0.912786089378718,0.3194444444444444,0.014134708791971207,0.007473778910934925
analytic-Chebyshev,17,two obstacles,ID,5,8,0.997887323943662,0.9324762006228375,0.4166666666666667,0.010427609086036682,0.008789817802608013
analytic-Chebyshev,17,two obstacles,ID,6,8,0.996342512908778,0.8968154579952455,0.3888888888888889,0.036976154893636703,0.004023538436740637
analytic-Chebyshev,17,two obstacles,ID,7,8,0.9957279245142836,0.8580852441933792,0.375,0.028062934055924416,0.00742470845580101
analytic-Chebyshev,17,two obstacles,ID,8,8,0.9991319444444444,0.9480381790874244,0.2222222222222222,0.009617475792765617,0.004073189105838537
analytic-Chebyshev,17,two obstacles,ID,9,8,0.9995252338223425,0.9782410760075513,0.2916666666666667,0.006509065628051758,0.04642600566148758
analytic-Chebyshev,17,two obstacles,ID,10,8,0.9984581181870339,0.9510043704517895,0.3888888888888889,0.0028323980513960123,0.007315638475120068
analytic-Chebyshev,17,two obstacles,ID,11,8,0.99675,0.9105498438934512,0.3333333333333333,0.03607799857854843,0.0014864299446344376
exact,17,two obstacles,ID,0,0,0.9981484119071357,0.9430589325204586,0.2916666666666667,0.014833043329417706,2.3285056158783846e-05
exact,17,two obstacles,ID,1,0,0.9976376376376377,0.9179788124500199,0.3472222222222222,0.001916593755595386,2.456384572724346e-05
exact,17,two obstacles,ID,2,0,0.9986535203926508,0.952965821484172,0.3194444444444444,0.008191815577447414,2.4822111299727112e-05
exact,17,two obstacles,ID,3,0,0.9998952605394082,0.9945983379501385,0.2638888888888889,0.007137918844819069,2.5963710868381895e-05
exact,17,two obstacles,ID,4,0,0.997741389045737,0.912786089378718,0.3194444444444444,0.014134708791971207,1.974315819097683e-05
exact,17,two obstacles,ID,5,0,0.9979208584842387,0.933308048513509,0.4166666666666667,0.010427609086036682,1.9107037587673403e-05
exact,17,two obstacles,ID,6,0,0.9963066551921973,0.8957158802331063,0.3888888888888889,0.036976154893636703,2.1711644876631908e-05
exact,17,two obstacles,ID,7,0,0.9957279245142836,0.8580852441933792,0.375,0.028062934055924416,2.293247052875813e-05
exact,17,two obstacles,ID,8,0,0.9991319444444444,0.9480381790874244,0.2222222222222222,0.009617475792765617,2.5474224457866512e-05
exact,17,two obstacles,ID,9,0,0.9995252338223426,0.9782410760075511,0.2916666666666667,0.006509065628051758,2.496526576578617e-05
exact,17,two obstacles,ID,10,0,0.9984581181870338,0.9510043704517895,0.3888888888888889,0.0028323980513960123,1.9394026821828447e-05
exact,17,two obstacles,ID,11,0,0.99675,0.9105498438934514,0.3333333333333333,0.03607799857854843,2.2110263671493158e-05
identity,17,three obstacles,ID,0,8,0.9955967342445647,0.8919545621237688,0.4583333333333333,0.030076555907726288,1.8409510850906372
identity,17,three obstacles,ID,1,8,0.9993384576612903,0.9786436105640679,0.4444444444444444,0.015291892923414707,1.111273169517517
identity,17,three obstacles,ID,2,8,0.9991394148020654,0.9740013623942194,0.3888888888888889,0.03077602945268154,0.9173798561096191
identity,17,three obstacles,ID,3,8,0.9986856157068923,0.9687601765221386,0.5138888888888888,0.01234443299472332,1.4001543521881104
identity,17,three obstacles,ID,4,8,0.9981283422459893,0.9517133764805341,0.4722222222222222,0.012515770271420479,1.2657203674316406
identity,17,three obstacles,ID,5,8,0.993955240665767,0.8674068864800272,0.4594594594594595,0.019994741305708885,1.8250176906585693
identity,17,three obstacles,ID,6,8,0.9953199479994222,0.8821692742056231,0.4861111111111111,0.023440612480044365,1.4301503896713257
identity,17,three obstacles,ID,7,8,0.9967237903225807,0.9095339258517886,0.4444444444444444,0.032066818326711655,1.802696704864502
identity,17,three obstacles,ID,8,8,0.999354561101549,0.9768706522567956,0.3888888888888889,0.04492750018835068,1.5489698648452759
identity,17,three obstacles,ID,9,8,0.9960622479838709,0.8798171098054747,0.4444444444444444,0.04790341854095459,1.904544711112976
identity,17,three obstacles,ID,10,8,0.9957546108861898,0.898540623385005,0.5,0.01477814745157957,1.726654291152954
identity,17,three obstacles,ID,11,8,0.9992622401073106,0.9756673489294238,0.4166666666666667,0.02083793841302395,1.5122073888778687
graph-small,17,three obstacles,ID,0,8,0.9957496254166285,0.8954594223253582,0.4583333333333333,0.030076555907726288,1.831934928894043
graph-small,17,three obstacles,ID,1,8,0.9993384576612904,0.9786436105640679,0.4444444444444444,0.015291892923414707,1.0588229894638062
graph-small,17,three obstacles,ID,2,8,0.9991035570854848,0.9724485673631638,0.3888888888888889,0.03077602945268154,0.9320062398910522
graph-small,17,three obstacles,ID,3,8,0.9986856157068923,0.9687601765221386,0.5138888888888888,0.01234443299472332,1.4463069438934326
graph-small,17,three obstacles,ID,4,8,0.9980689245395128,0.950852336412333,0.4722222222222222,0.019273586571216583,1.2782026529312134
graph-small,17,three obstacles,ID,5,8,0.9940677013045435,0.8687807998782324,0.4794520547945205,0.020502297207713127,1.7947896718978882
graph-small,17,three obstacles,ID,6,8,0.9951755019500217,0.8785692165325469,0.4861111111111111,0.023440612480044365,1.4088640213012695
graph-small,17,three obstacles,ID,7,8,0.9965977822580645,0.9056706992309751,0.4444444444444444,0.032066818326711655,1.8021409511566162
graph-small,17,three obstacles,ID,8,8,0.999354561101549,0.9768706522567956,0.3888888888888889,0.04870638996362686,1.5242030620574951
graph-small,17,three obstacles,ID,9,8,0.99609375,0.8808749618592986,0.4444444444444444,0.04995143041014671,1.8860329389572144
graph-small,17,three obstacles,ID,10,8,0.9956702654071075,0.8987228536252184,0.5,0.01477814745157957,1.7286217212677002
graph-small,17,three obstacles,ID,11,8,0.9992957746478873,0.9767757233136602,0.4166666666666667,0.02083793841302395,1.4771356582641602
graph-foundation,17,three obstacles,ID,0,8,0.995566156010152,0.891059471351264,0.4583333333333333,0.030076555907726288,1.8493236303329468
graph-foundation,17,three obstacles,ID,1,8,0.9993384576612903,0.9786436105640679,0.4444444444444444,0.015291892923414707,1.09284508228302
graph-foundation,17,three obstacles,ID,2,8,0.9991394148020654,0.9740013623942194,0.3888888888888889,0.03077602945268154,0.9091372489929199
graph-foundation,17,three obstacles,ID,3,8,0.9986308496946794,0.9680988008607627,0.5138888888888888,0.01234443299472332,1.4294440746307373
graph-foundation,17,three obstacles,ID,4,8,0.9980689245395128,0.95102442585743,0.4722222222222222,0.019273586571216583,1.3020037412643433
graph-foundation,17,three obstacles,ID,5,8,0.9939271255060729,0.8666878879571451,0.4794520547945205,0.020502297207713127,1.7952611446380615
graph-foundation,17,three obstacles,ID,6,8,0.995262169579662,0.8803688619226178,0.4861111111111111,0.023440612480044365,1.415103554725647
graph-foundation,17,three obstacles,ID,7,8,0.9965347782258064,0.9037765078725073,0.4444444444444444,0.032066818326711655,1.8324720859527588
graph-foundation,17,three obstacles,ID,8,8,0.9993904188181296,0.9782940477019301,0.3888888888888889,0.04870638996362686,1.5215449333190918
graph-foundation,17,three obstacles,ID,9,8,0.9961882560483871,0.882130001354626,0.4444444444444444,0.04564858600497246,1.8871835470199585
graph-foundation,17,three obstacles,ID,10,8,0.995529689608637,0.8971767642073338,0.5,0.01477814745157957,1.7211962938308716
graph-foundation,17,three obstacles,ID,11,8,0.9992957746478873,0.9767757233136602,0.4166666666666667,0.02083793841302395,1.4692810773849487
A-equivariant,17,three obstacles,ID,0,8,0.9963306118704706,0.9066532254631272,0.4583333333333333,0.026436055079102516,0.25766390562057495
A-equivariant,17,three obstacles,ID,1,8,0.9992439516129031,0.9742229310469728,0.4444444444444444,0.012983884662389755,0.28303757309913635
A-equivariant,17,three obstacles,ID,2,8,0.9992828456683879,0.9762921196442158,0.3888888888888889,0.022557368502020836,0.06746429949998856
A-equivariant,17,three obstacles,ID,3,8,0.9989046797557436,0.9759371612893282,0.5138888888888888,0.019902577623724937,0.27866798639297485
A-equivariant,17,three obstacles,ID,4,8,0.9980986333927511,0.9496633911018217,0.4722222222222222,0.010782407596707344,0.03294302523136139
A-equivariant,17,three obstacles,ID,5,8,0.994208277103014,0.8707338610415625,0.4794520547945205,0.01792115345597267,0.030734796077013016
A-equivariant,17,three obstacles,ID,6,8,0.9954932832587029,0.885116271339123,0.4861111111111111,0.017630968242883682,0.04958266764879227
A-equivariant,17,three obstacles,ID,7,8,0.9976688508064516,0.9337487983816217,0.4444444444444444,0.032066818326711655,0.02933650091290474
A-equivariant,17,three obstacles,ID,8,8,0.9994262765347103,0.9794750756686723,0.3888888888888889,0.041175298392772675,0.005327770486474037
A-equivariant,17,three obstacles,ID,9,8,0.9965977822580645,0.8902950742826341,0.4444444444444444,0.037031300365924835,0.06673126667737961
A-equivariant,17,three obstacles,ID,10,8,0.9958670715249662,0.9042999375560348,0.5,0.018276050686836243,0.2598101496696472
A-equivariant,17,three obstacles,ID,11,8,0.9992622401073106,0.9751884217263587,0.4166666666666667,0.016029193997383118,0.00027898207190446556
analytic-Chebyshev,17,three obstacles,ID,0,8,0.996147142463994,0.9030930834490178,0.4583333333333333,0.03321002796292305,0.004298998974263668
analytic-Chebyshev,17,three obstacles,ID,1,8,0.9994014616935484,0.980738828942181,0.4444444444444444,0.012914425693452358,0.001650528167374432
analytic-Chebyshev,17,three obstacles,ID,2,8,0.9992828456683879,0.9762921196442158,0.3888888888888889,0.022557368502020836,0.0030923171434551477
analytic-Chebyshev,17,three obstacles,ID,3,8,0.9989046797557436,0.9759843553265651,0.5138888888888888,0.019902577623724937,0.00501667894423008
analytic-Chebyshev,17,three obstacles,ID,4,8,0.9980689245395128,0.9482628308777321,0.4722222222222222,0.010782407596707344,0.04490889236330986
analytic-Chebyshev,17,three obstacles,ID,5,8,0.994208277103014,0.8707338610415625,0.4794520547945205,0.01792115345597267,0.008200288750231266
analytic-Chebyshev,17,three obstacles,ID,6,8,0.9954932832587029,0.885116271339123,0.4861111111111111,0.017630968242883682,0.005674622021615505
analytic-Chebyshev,17,three obstacles,ID,7,8,0.9976688508064516,0.9337487983816217,0.4444444444444444,0.032066818326711655,0.024894189089536667
analytic-Chebyshev,17,three obstacles,ID,8,8,0.9994262765347103,0.9794750756686725,0.3888888888888889,0.041175298392772675,0.008680316619575024
analytic-Chebyshev,17,three obstacles,ID,9,8,0.9966607862903226,0.8915232108861127,0.4444444444444444,0.037031300365924835,0.0034868221264332533
analytic-Chebyshev,17,three obstacles,ID,10,8,0.9956983805668016,0.8996014882855581,0.5,0.018276050686836243,0.0013547559501603246
analytic-Chebyshev,17,three obstacles,ID,11,8,0.9992622401073106,0.9751884217263587,0.4166666666666667,0.016029193997383118,0.013083389960229397
exact,17,three obstacles,ID,0,0,0.996147142463994,0.9030930834490176,0.4583333333333333,0.03321002796292305,1.5886389519437216e-05
exact,17,three obstacles,ID,1,0,0.9994014616935484,0.980738828942181,0.4444444444444444,0.012914425693452358,1.7247461073566228e-05
exact,17,three obstacles,ID,2,0,0.9992828456683879,0.9762921196442158,0.3888888888888889,0.022557368502020836,1.8457070837030187e-05
exact,17,three obstacles,ID,3,0,0.9989046797557436,0.9759843553265648,0.5138888888888888,0.019902577623724937,1.7149779523606412e-05
exact,17,three obstacles,ID,4,0,0.9980986333927511,0.9496633911018217,0.4722222222222222,0.010782407596707344,1.7186654076795094e-05
exact,17,three obstacles,ID,5,0,0.994208277103014,0.8707338610415625,0.4794520547945205,0.01792115345597267,1.7288237359025516e-05
exact,17,three obstacles,ID,6,0,0.9954932832587029,0.885116271339123,0.4861111111111111,0.017630968242883682,1.7226442651008256e-05
exact,17,three obstacles,ID,7,0,0.9976688508064516,0.9337487983816217,0.4444444444444444,0.032066818326711655,1.6927282558754086e-05
exact,17,three obstacles,ID,8,0,0.9994262765347103,0.9794750756686725,0.3888888888888889,0.041175298392772675,1.9215776774217375e-05
exact,17,three obstacles,ID,9,0,0.9966607862903226,0.8915232108861127,0.4444444444444444,0.037031300365924835,1.7607582776690833e-05
exact,17,three obstacles,ID,10,0,0.9957264957264957,0.9003194522388162,0.5,0.018276050686836243,1.6370569937862456e-05
exact,17,three obstacles,ID,11,0,0.9992622401073106,0.9751884217263587,0.4166666666666667,0.016029193997383118,1.7664695405983366e-05
identity,17,four obstacles,ID,0,8,0.9950340297562519,0.906063994979599,0.6986301369863014,0.020334260538220406,1.4924664497375488
identity,17,four obstacles,ID,1,8,0.995284444713137,0.9231732324040367,0.6621621621621622,0.04100983962416649,0.7961611151695251
identity,17,four obstacles,ID,2,8,0.9940982862331177,0.8916556212496971,0.581081081081081,0.020906850695610046,0.35790207982063293
identity,17,four obstacles,ID,3,8,0.9979736575481256,0.9488114263140224,0.5138888888888888,0.03499400615692139,0.29377904534339905
identity,17,four obstacles,ID,4,8,0.9981328354227794,0.9673209886350072,0.6164383561643836,0.01194550096988678,0.4167059063911438
identity,17,four obstacles,ID,5,8,0.9973896266031097,0.9563007573491806,0.6027397260273972,0.014362708665430546,0.6854590177536011
identity,17,four obstacles,ID,6,8,0.9974254317111461,0.9569694400427282,0.6575342465753424,0.01993671804666519,0.3876637816429138
identity,17,four obstacles,ID,7,8,0.995589919816724,0.941506675496824,0.7027027027027027,0.014463814906775951,1.0637104511260986
identity,17,four obstacles,ID,8,8,0.9967540574282148,0.9446044267134233,0.6027397260273972,0.02819453738629818,0.49077507853507996
identity,17,four obstacles,ID,9,8,0.9956648465171193,0.9249087710546632,0.7066666666666667,0.02818264812231064,0.979245662689209
identity,17,four obstacles,ID,10,8,0.9976886423440723,0.9540960708323876,0.5972222222222222,0.021734358742833138,0.3449692726135254
identity,17,four obstacles,ID,11,8,0.9958532695374801,0.9518387650065795,0.6710526315789473,0.023402102291584015,0.9497767090797424
graph-small,17,four obstacles,ID,0,8,0.9950735992402658,0.9070878749457867,0.6986301369863014,0.020334260538220406,1.483803391456604
graph-small,17,four obstacles,ID,1,8,0.9952441408217964,0.9229896021166002,0.6621621621621622,0.04100983962416649,0.8199095129966736
graph-small,17,four obstacles,ID,2,8,0.9941209851322211,0.8919310350789048,0.581081081081081,0.020906850695610046,0.3569599688053131
graph-small,17,four obstacles,ID,3,8,0.9980558065664449,0.9509030901703925,0.5138888888888888,0.03499400615692139,0.29106688499450684
graph-small,17,four obstacles,ID,4,8,0.9981328354227794,0.9673209886350072,0.6164383561643836,0.01194550096988678,0.4026302695274353
graph-small,17,four obstacles,ID,5,8,0.9974123255022131,0.9569004046154945,0.6027397260273972,0.014362708665430546,0.6973734498023987
graph-small,17,four obstacles,ID,6,8,0.9973835688121403,0.9566344981281415,0.6575342465753424,0.01993671804666519,0.39184924960136414
graph-small,17,four obstacles,ID,7,8,0.9956281023291332,0.9415745204792584,0.7027027027027027,0.017482494935393333,1.0749582052230835
graph-small,17,four obstacles,ID,8,8,0.9967540574282148,0.944893199095219,0.6027397260273972,0.02819453738629818,0.48436811566352844
graph-small,17,four obstacles,ID,9,8,0.9956832939787486,0.9249815669223896,0.7066666666666667,0.02818264812231064,0.9219229817390442
graph-small,17,four obstacles,ID,10,8,0.9976767892278879,0.9542822659420354,0.5972222222222222,0.021034972742199898,0.3304094672203064
graph-small,17,four obstacles,ID,11,8,0.9958345060512244,0.9517063484035748,0.6710526315789473,0.023402102291584015,0.8642078638076782
graph-foundation,17,four obstacles,ID,0,8,0.9950538144982589,0.9068304138276698,0.6986301369863014,0.020334260538220406,1.4755983352661133
graph-foundation,17,four obstacles,ID,1,8,0.9952441408217964,0.9230518963386276,0.6621621621621622,0.04100983962416649,0.7773669958114624
graph-foundation,17,four obstacles,ID,2,8,0.9940982862331177,0.8929898191056742,0.581081081081081,0.018396571278572083,0.37125009298324585
graph-foundation,17,four obstacles,ID,3,8,0.9979462745420192,0.9481267007700558,0.5138888888888888,0.03499400615692139,0.294381707906723
graph-foundation,17,four obstacles,ID,4,8,0.9981328354227794,0.9673209886350072,0.6164383561643836,0.01194550096988678,0.4066067934036255
graph-foundation,17,four obstacles,ID,5,8,0.9974123255022131,0.9569004046154947,0.6027397260273972,0.014362708665430546,0.656055212020874
graph-foundation,17,four obstacles,ID,6,8,0.9973417059131345,0.9557283598696936,0.6575342465753424,0.01993671804666519,0.39093559980392456
graph-foundation,17,four obstacles,ID,7,8,0.9956090110729285,0.9417832507733995,0.7027027027027027,0.014463814906775951,1.0623129606246948
graph-foundation,17,four obstacles,ID,8,8,0.9967540574282148,0.9447409568499532,0.6027397260273972,0.02819453738629818,0.4655859172344208
graph-foundation,17,four obstacles,ID,9,8,0.9956832939787486,0.9254447308760108,0.7066666666666667,0.02818264812231064,0.9207910299301147
graph-foundation,17,four obstacles,ID,10,8,0.997676789227888,0.9540960708323876,0.5972222222222222,0.021034972742199898,0.343277245759964
graph-foundation,17,four obstacles,ID,11,8,0.9958157425649685,0.9515781067392829,0.6710526315789473,0.017860490828752518,0.8956257700920105
A-equivariant,17,four obstacles,ID,0,8,0.9953308008863564,0.9093774847724814,0.6986301369863014,0.01952098309993744,0.03208635374903679
A-equivariant,17,four obstacles,ID,1,8,0.9953247486044777,0.926155475766,0.64,0.048073116689920425,0.0014575925888493657
A-equivariant,17,four obstacles,ID,2,8,0.9938032005447736,0.8901291256556494,0.581081081081081,0.024834347888827324,0.13228186964988708
A-equivariant,17,four obstacles,ID,3,8,0.9981653385908705,0.9533233071530194,0.5138888888888888,0.029539750888943672,0.022547170519828796
A-equivariant,17,four obstacles,ID,4,8,0.9980216946741353,0.9647524066491764,0.6164383561643836,0.011687401682138443,0.016379933804273605
A-equivariant,17,four obstacles,ID,5,8,0.99752581999773,0.9624832206574814,0.6027397260273972,0.012552794069051743,0.03806927800178528
A-equivariant,17,four obstacles,ID,6,8,0.9978859236002093,0.9636170985037246,0.6805555555555556,0.019687671214342117,0.024272987619042397
A-equivariant,17,four obstacles,ID,7,8,0.9957426498663612,0.9432996393858676,0.7027027027027027,0.014463814906775951,0.19533023238182068
A-equivariant,17,four obstacles,ID,8,8,0.9963000794461468,0.9379923144307413,0.6027397260273972,0.025093289092183113,0.003889581421390176
A-equivariant,17,four obstacles,ID,9,8,0.9958124262101534,0.9286965081179918,0.7066666666666667,0.03512918949127197,0.015355376526713371
A-equivariant,17,four obstacles,ID,10,8,0.9978427328544675,0.9566453552615246,0.5972222222222222,0.013330305926501751,0.009759741835296154
A-equivariant,17,four obstacles,ID,11,8,0.9952340744910405,0.9463566663733141,0.6710526315789473,0.02365110069513321,0.14394284784793854
analytic-Chebyshev,17,four obstacles,ID,0,8,0.9953308008863564,0.9093774847724814,0.6986301369863014,0.01952098309993744,0.011177655309438705
analytic-Chebyshev,17,four obstacles,ID,1,8,0.995284444713137,0.92558695490581,0.64,0.048073116689920425,0.004699367564171553
analytic-Chebyshev,17,four obstacles,ID,2,8,0.9938032005447736,0.8903924709847839,0.581081081081081,0.024834347888827324,0.02011282555758953
analytic-Chebyshev,17,four obstacles,ID,3,8,0.9981379555847641,0.9526583564880692,0.5138888888888888,0.029539750888943672,0.006911533884704113
analytic-Chebyshev,17,four obstacles,ID,4,8,0.9980216946741353,0.9647524066491764,0.6164383561643836,0.011687401682138443,0.03344002738595009
analytic-Chebyshev,17,four obstacles,ID,5,8,0.99752581999773,0.9624832206574814,0.6027397260273972,0.012552794069051743,0.0016468374524265528
analytic-Chebyshev,17,four obstacles,ID,6,8,0.997948717948718,0.9644865825399783,0.6805555555555556,0.019687671214342117,0.003966738004237413
analytic-Chebyshev,17,four obstacles,ID,7,8,0.9957235586101565,0.942653146339449,0.7027027027027027,0.014463814906775951,0.014756578952074051
analytic-Chebyshev,17,four obstacles,ID,8,8,0.9963000794461468,0.9379923144307413,0.6027397260273972,0.025093289092183113,0.008659492246806622
analytic-Chebyshev,17,four obstacles,ID,9,8,0.9957939787485242,0.928431837821561,0.7066666666666667,0.03512918949127197,0.007412794511765242
analytic-Chebyshev,17,four obstacles,ID,10,8,0.9978427328544675,0.9566453552615246,0.5972222222222222,0.013330305926501751,0.007993391714990139
analytic-Chebyshev,17,four obstacles,ID,11,8,0.9952528379772962,0.9467515240408991,0.6710526315789473,0.02365110069513321,0.016046514734625816
exact,17,four obstacles,ID,0,0,0.9953308008863564,0.9093774847724816,0.6986301369863014,0.01952098309993744,1.5224528397084214e-05
exact,17,four obstacles,ID,1,0,0.9953247486044777,0.9261554757659998,0.64,0.048073116689920425,1.4783311598876026e-05
exact,17,four obstacles,ID,2,0,0.9938032005447736,0.8901291256556492,0.581081081081081,0.024834347888827324,1.556634197186213e-05
exact,17,four obstacles,ID,3,0,0.9981379555847641,0.9526583564880688,0.5138888888888888,0.029539750888943672,1.606660407560412e-05
exact,17,four obstacles,ID,4,0,0.9980216946741353,0.9647524066491764,0.6164383561643836,0.011687401682138443,1.4973050383559894e-05
exact,17,four obstacles,ID,5,0,0.99752581999773,0.9624832206574814,0.6027397260273972,0.012552794069051743,1.5369054381153546e-05
exact,17,four obstacles,ID,6,0,0.997948717948718,0.9644865825399785,0.6805555555555556,0.019687671214342117,1.5198018445516936e-05
exact,17,four obstacles,ID,7,0,0.9957235586101565,0.9426531463394491,0.7027027027027027,0.014463814906775951,1.4222719983081333e-05
exact,17,four obstacles,ID,8,0,0.9963000794461468,0.9379923144307413,0.6027397260273972,0.025093289092183113,1.4315486623672768e-05
exact,17,four obstacles,ID,9,0,0.9957939787485242,0.928431837821561,0.7066666666666667,0.03512918949127197,1.4164002095640171e-05
exact,17,four obstacles,ID,10,0,0.9978427328544675,0.9566453552615246,0.5972222222222222,0.013330305926501751,1.4897870642016642e-05
exact,17,four obstacles,ID,11,0,0.9952528379772962,0.946751524040899,0.6710526315789473,0.02365110069513321,1.4798540178162511e-05
identity,17,six obstacles,OOD count,0,8,0.9800997565667399,0.77702629367594,0.5113636363636364,0.04757341742515564,0.34526515007019043
identity,17,six obstacles,OOD count,1,8,0.9826644419074383,0.8436541166629896,0.5411764705882353,0.033928100019693375,0.6418635249137878
identity,17,six obstacles,OOD count,2,8,0.9724949503820145,0.7361826107171829,0.43956043956043955,0.0949593186378479,0.3432495594024658
identity,17,six obstacles,OOD count,3,8,0.9904803723544393,0.8474500704884309,0.6375,0.03165626525878906,0.7852498888969421
identity,17,six obstacles,OOD count,4,8,0.9663557628247834,0.7558811683180132,0.45098039215686275,0.048963434994220734,0.5283393859863281
identity,17,six obstacles,OOD count,5,8,0.987725947067172,0.8236261278536061,0.5795454545454546,0.05888887867331505,1.8838022947311401
identity,17,six obstacles,OOD count,6,8,0.989832285115304,0.8694626950859815,0.6136363636363636,0.01670357957482338,0.3729371428489685
identity,17,six obstacles,OOD count,7,8,0.987663056296377,0.8471509934706904,0.6329113924050633,0.00521488394588232,0.7159739136695862
identity,17,six obstacles,OOD count,8,8,0.9902836134453781,0.852198667441481,0.6363636363636364,0.04153374955058098,0.5992059707641602
identity,17,six obstacles,OOD count,9,8,0.9674355495251018,0.7308540077388572,0.41836734693877553,0.026881257072091103,0.4716418981552124
identity,17,six obstacles,OOD count,10,8,0.9784353896350254,0.7712897866149199,0.5494505494505495,0.039787378162145615,0.6796268820762634
identity,17,six obstacles,OOD count,11,8,0.9760528112906897,0.7739903504388654,0.5,0.029483890160918236,0.36859676241874695
graph-small,17,six obstacles,OOD count,0,8,0.9801167798716444,0.776528802283617,0.5113636363636364,0.04757341742515564,0.3455568850040436
graph-small,17,six obstacles,OOD count,1,8,0.982436111355054,0.8443404698818581,0.5411764705882353,0.033928100019693375,0.6809759140014648
graph-small,17,six obstacles,OOD count,2,8,0.9724422587160797,0.737813963030529,0.43956043956043955,0.0949593186378479,0.3427729904651642
graph-small,17,six obstacles,OOD count,3,8,0.9904101167998595,0.8612231915053455,0.6375,0.02040877752006054,0.8381232619285583
graph-small,17,six obstacles,OOD count,4,8,0.9663418831889851,0.7552351440165759,0.45098039215686275,0.048963434994220734,0.5327728986740112
graph-small,17,six obstacles,OOD count,5,8,0.9873984310422808,0.8179890922963853,0.5977011494252874,0.05464072525501251,1.906670093536377
graph-small,17,six obstacles,OOD count,6,8,0.989832285115304,0.8692130848907553,0.6136363636363636,0.01670357957482338,0.3740873634815216
graph-small,17,six obstacles,OOD count,7,8,0.9878263393748072,0.8538494458189914,0.6538461538461539,0.004981476813554764,0.7835603356361389
graph-small,17,six obstacles,OOD count,8,8,0.9903711484593837,0.8591827720370973,0.6363636363636364,0.04153374955058098,0.5937705039978027
graph-small,17,six obstacles,OOD count,9,8,0.9673731655203606,0.7303557540200274,0.41836734693877553,0.026881257072091103,0.48670583963394165
graph-small,17,six obstacles,OOD count,10,8,0.9783898626602929,0.769983471558763,0.5494505494505495,0.039787378162145615,0.6958274841308594
graph-small,17,six obstacles,OOD count,11,8,0.976083162607178,0.7742068944254685,0.5,0.029483890160918236,0.3681141138076782
graph-foundation,17,six obstacles,OOD count,0,8,0.9801848730912619,0.7774020859670749,0.5113636363636364,0.04757341742515564,0.34468603134155273
graph-foundation,17,six obstacles,OOD count,1,8,0.9821550891367349,0.8407734914444891,0.5411764705882353,0.033928100019693375,0.6413761973381042
graph-foundation,17,six obstacles,OOD count,2,8,0.9723720031615001,0.7329269436148927,0.43956043956043955,0.0949593186378479,0.34323880076408386
graph-foundation,17,six obstacles,OOD count,3,8,0.9905330640203741,0.8602864177196122,0.6375,0.03928253427147865,0.8089210987091064
graph-foundation,17,six obstacles,OOD count,4,8,0.9663974017321786,0.7561623317183445,0.45098039215686275,0.05581528693437576,0.5289849638938904
graph-foundation,17,six obstacles,OOD count,5,8,0.9876011790576896,0.8224510794039638,0.5977011494252874,0.06328573822975159,1.9240992069244385
graph-foundation,17,six obstacles,OOD count,6,8,0.9897424378556454,0.8684204446571613,0.6136363636363636,0.01670357957482338,0.3760501444339752
graph-foundation,17,six obstacles,OOD count,7,8,0.9876449137321068,0.8474093458337865,0.6329113924050633,0.008692095056176186,0.7811179161071777
graph-foundation,17,six obstacles,OOD count,8,8,0.9902690242763772,0.8521131430159536,0.6363636363636364,0.04153374955058098,0.6040776371955872
graph-foundation,17,six obstacles,OOD count,9,8,0.9675603175345842,0.730212199608617,0.41836734693877553,0.026881257072091103,0.4849376380443573
graph-foundation,17,six obstacles,OOD count,10,8,0.9780104712041885,0.7671404485656426,0.5494505494505495,0.039787378162145615,0.706524133682251
graph-foundation,17,six obstacles,OOD count,11,8,0.9760679869489338,0.7741156931729041,0.5,0.029483890160918236,0.3685787320137024
A-equivariant,17,six obstacles,OOD count,0,8,0.9797252438588427,0.7748493743162684,0.5113636363636364,0.05051196739077568,0.00017089518951252103
A-equivariant,17,six obstacles,OOD count,1,8,0.9821550891367349,0.8428648229890802,0.5411764705882353,0.03874071687459946,0.1532936543226242
A-equivariant,17,six obstacles,OOD count,2,8,0.9722841837182752,0.7327996136799667,0.43956043956043955,0.0935041680932045,0.050858888775110245
A-equivariant,17,six obstacles,OOD count,3,8,0.9907438306841134,0.8617041842630565,0.6582278481012658,0.03694363310933113,0.14706270396709442
A-equivariant,17,six obstacles,OOD count,4,8,0.9669803464357095,0.7579607592937088,0.46534653465346537,0.0564989373087883,0.013552377931773663
A-equivariant,17,six obstacles,OOD count,5,8,0.9879754830861367,0.8203756201399867,0.6162790697674418,0.06722845882177353,0.27833235263824463
A-equivariant,17,six obstacles,OOD count,6,8,0.9894279724468403,0.8592159037016336,0.5955056179775281,0.02476673386991024,0.26610979437828064
A-equivariant,17,six obstacles,OOD count,7,8,0.988787895281119,0.8544066505855678,0.6329113924050633,0.014379763975739479,0.004325309302657843
A-equivariant,17,six obstacles,OOD count,8,8,0.9902982026143791,0.8516891907897273,0.6363636363636364,0.04153374955058098,0.004219109192490578
A-equivariant,17,six obstacles,OOD count,9,8,0.9683869055974048,0.7370941408587862,0.4479166666666667,0.038980238139629364,0.02806609496474266
A-equivariant,17,six obstacles,OOD count,10,8,0.9832308976401852,0.8033674599481258,0.6022727272727273,0.045215290039777756,0.02491808868944645
A-equivariant,17,six obstacles,OOD count,11,8,0.9770392290765613,0.7866885246795817,0.4842105263157895,0.033963076770305634,0.19239553809165955
analytic-Chebyshev,17,six obstacles,OOD count,0,8,0.9797252438588427,0.7747205487596108,0.5113636363636364,0.05051196739077568,0.005576322786509991
analytic-Chebyshev,17,six obstacles,OOD count,1,8,0.982084833582155,0.8406884992773395,0.5411764705882353,0.034067343920469284,0.0074960459023714066
analytic-Chebyshev,17,six obstacles,OOD count,2,8,0.9721963642750504,0.7323089975955805,0.43956043956043955,0.0935041680932045,0.003007386112585664
analytic-Chebyshev,17,six obstacles,OOD count,3,8,0.9908667779046281,0.8624524965219392,0.6582278481012658,0.03694363310933113,0.019519632682204247
analytic-Chebyshev,17,six obstacles,OOD count,4,8,0.9669803464357095,0.7583444007955619,0.45098039215686275,0.05169202387332916,0.008300334215164185
analytic-Chebyshev,17,six obstacles,OOD count,5,8,0.9880066750885074,0.8222319552717953,0.5977011494252874,0.055289771407842636,0.01712624542415142
analytic-Chebyshev,17,six obstacles,OOD count,6,8,0.9894579215333933,0.8632123887603012,0.632183908045977,0.0183196272701025,0.004889989271759987
analytic-Chebyshev,17,six obstacles,OOD count,7,8,0.988787895281119,0.8544574327880058,0.6329113924050633,0.014379763975739479,0.006834517698734999
analytic-Chebyshev,17,six obstacles,OOD count,8,8,0.9903127917833799,0.8518343359348723,0.6363636363636364,0.04153374955058098,0.008901712484657764
analytic-Chebyshev,17,six obstacles,OOD count,9,8,0.9684648856033312,0.7374795571488513,0.4479166666666667,0.038980238139629364,0.01493014208972454
analytic-Chebyshev,17,six obstacles,OOD count,10,8,0.983306775931406,0.8039189504161899,0.6022727272727273,0.045215290039777756,0.0034494376741349697
analytic-Chebyshev,17,six obstacles,OOD count,11,8,0.9767964185446544,0.7827221537502586,0.4842105263157895,0.03496338799595833,0.014703662134706974
exact,17,six obstacles,OOD count,0,0,0.9797252438588427,0.7748493743162684,0.5113636363636364,0.05051196739077568,1.1200300832570065e-05
exact,17,six obstacles,OOD count,1,0,0.982084833582155,0.8406884992773395,0.5411764705882353,0.034067343920469284,1.0736205695138779e-05
exact,17,six obstacles,OOD count,2,0,0.9721963642750504,0.7323089975955805,0.43956043956043955,0.0935041680932045,1.1158535016875248e-05
exact,17,six obstacles,OOD count,3,0,0.9908667779046281,0.8624524965219392,0.6582278481012658,0.03694363310933113,1.1757437277992722e-05
exact,17,six obstacles,OOD count,4,0,0.9669803464357095,0.7581744290533453,0.45098039215686275,0.046263325959444046,1.014516965369694e-05
exact,17,six obstacles,OOD count,5,0,0.9880066750885074,0.8222319552717953,0.5977011494252874,0.055289771407842636,1.1486727998999413e-05
exact,17,six obstacles,OOD count,6,0,0.9894579215333933,0.8632123887603012,0.632183908045977,0.0183196272701025,1.2130232789786533e-05
exact,17,six obstacles,OOD count,7,0,0.988769752716849,0.8542794516031597,0.6329113924050633,0.014379763975739479,1.2306961252761539e-05
exact,17,six obstacles,OOD count,8,0,0.9902982026143791,0.8516891907897273,0.6363636363636364,0.04153374955058098,1.2790461369149853e-05
exact,17,six obstacles,OOD count,9,0,0.9684180975997754,0.7372020229335094,0.4479166666666667,0.038980238139629364,1.1780666682170704e-05
exact,17,six obstacles,OOD count,10,0,0.983306775931406,0.8039189504161899,0.6022727272727273,0.045215290039777756,1.1721514056262095e-05
exact,17,six obstacles,OOD count,11,0,0.9767812428864102,0.7826580553646687,0.4842105263157895,0.03496338799595833,1.1018159057130106e-05
identity,17,three stars,OOD shape,0,8,0.9964544473562509,0.8855719136842609,0.3611111111111111,0.03355107828974724,1.6793012619018555
identity,17,three stars,OOD shape,1,8,0.9915137316152545,0.8428759187057648,0.5,0.015389426611363888,1.9225995540618896
identity,17,three stars,OOD shape,2,8,0.9937182056420533,0.8355781174723831,0.3611111111111111,0.00729565043002367,1.575469732284546
identity,17,three stars,OOD shape,3,8,0.997733942568446,0.9225057190258696,0.375,0.021875211969017982,0.8698365092277527
identity,17,three stars,OOD shape,4,8,0.9899011450110233,0.8423186040218511,0.5131578947368421,0.01958662085235119,1.8827342987060547
identity,17,three stars,OOD shape,5,8,0.9958110645673841,0.9026590765301572,0.4861111111111111,0.023499034345149994,1.996066689491272
identity,17,three stars,OOD shape,6,8,0.991394148020654,0.7506605329831408,0.3888888888888889,0.010036363266408443,1.5795506238937378
identity,17,three stars,OOD shape,7,8,0.9924149073085244,0.8461502347675609,0.47297297297297297,0.019877664744853973,1.2457693815231323
identity,17,three stars,OOD shape,8,8,0.9926910299003322,0.8515701010252366,0.4861111111111111,0.019442027434706688,1.8351997137069702
identity,17,three stars,OOD shape,9,8,0.9917486924601241,0.8108675399960017,0.4305555555555556,0.04295315966010094,1.8122390508651733
identity,17,three stars,OOD shape,10,8,0.9944449858688237,0.8673617700219856,0.4305555555555556,0.016599982976913452,1.4236632585525513
identity,17,three stars,OOD shape,11,8,0.9947048695708671,0.8833733667047559,0.4305555555555556,0.040418755263090134,1.3302830457687378
graph-small,17,three stars,OOD shape,0,8,0.9964929859719439,0.8863946203893205,0.3611111111111111,0.038311783224344254,1.7039051055908203
graph-small,17,three stars,OOD shape,1,8,0.991643889105818,0.8473696390707904,0.5,0.01595812849700451,1.9131691455841064
graph-small,17,three stars,OOD shape,2,8,0.9937182056420533,0.8373780416861003,0.3611111111111111,0.009176972322165966,1.584155797958374
graph-small,17,three stars,OOD shape,3,8,0.9976967940859616,0.921096701312504,0.375,0.02324197068810463,0.8579812049865723
graph-small,17,three stars,OOD shape,4,8,0.9896640826873385,0.8386377536632924,0.5131578947368421,0.011783169582486153,1.9099156856536865
graph-small,17,three stars,OOD shape,5,8,0.9958688429871443,0.9035615977823821,0.4861111111111111,0.023499034345149994,2.0178096294403076
graph-small,17,three stars,OOD shape,6,8,0.9906769936890418,0.7408531130844855,0.3888888888888889,0.010036363266408443,1.5499775409698486
graph-small,17,three stars,OOD shape,7,8,0.99252443933295,0.8472492149433642,0.47297297297297297,0.025134088471531868,1.2365142107009888
graph-small,17,three stars,OOD shape,8,8,0.9927776975299726,0.8536561513124565,0.4861111111111111,0.019442027434706688,1.8132518529891968
graph-small,17,three stars,OOD shape,9,8,0.9921060325504336,0.8146840759734533,0.4305555555555556,0.04697413742542267,1.8603520393371582
graph-small,17,three stars,OOD shape,10,8,0.9942825585550467,0.8631665151634396,0.4305555555555556,0.016599982976913452,1.4073749780654907
graph-small,17,three stars,OOD shape,11,8,0.9944449858688237,0.8768962225817332,0.4305555555555556,0.040418755263090134,1.3318170309066772
graph-foundation,17,three stars,OOD shape,0,8,0.996415908740558,0.8850605589132712,0.3611111111111111,0.03355107828974724,1.7087798118591309
graph-foundation,17,three stars,OOD shape,1,8,0.9915137316152545,0.8468825743892638,0.5,0.01667046919465065,1.9468481540679932
graph-foundation,17,three stars,OOD shape,2,8,0.9936025897949745,0.8316473688501644,0.3611111111111111,0.010189351625740528,1.5980476140975952
graph-foundation,17,three stars,OOD shape,3,8,0.9976967940859616,0.921096701312504,0.375,0.021875211969017982,0.8482913374900818
graph-foundation,17,three stars,OOD shape,4,8,0.9901382073347083,0.8433128831281342,0.5131578947368421,0.022385980933904648,1.8720773458480835
graph-foundation,17,three stars,OOD shape,5,8,0.9956955077278635,0.9003541097211197,0.4861111111111111,0.023499034345149994,1.9781697988510132
graph-foundation,17,three stars,OOD shape,6,8,0.991214859437751,0.7477076958716882,0.3888888888888889,0.010036363266408443,1.5699142217636108
graph-foundation,17,three stars,OOD shape,7,8,0.9924149073085244,0.8471655155627728,0.47297297297297297,0.018320418894290924,1.2328202724456787
graph-foundation,17,three stars,OOD shape,8,8,0.9930088112090134,0.8544292639060689,0.4861111111111111,0.019442027434706688,1.803951621055603
graph-foundation,17,three stars,OOD shape,9,8,0.9923984017152324,0.8227526055532617,0.4305555555555556,0.04697413742542267,1.8621127605438232
graph-foundation,17,three stars,OOD shape,10,8,0.994380014943313,0.8669927434188338,0.4305555555555556,0.01859106495976448,1.4481372833251953
graph-foundation,17,three stars,OOD shape,11,8,0.9945749277198453,0.8799816717377208,0.4305555555555556,0.040418755263090134,1.2893003225326538
A-equivariant,17,three stars,OOD shape,0,8,0.996955449360259,0.9047453994903996,0.3611111111111111,0.030736850574612617,0.0022021285258233547
A-equivariant,17,three stars,OOD shape,1,8,0.9925810230378758,0.8613355492753991,0.48,0.01787867583334446,0.3496975302696228
A-equivariant,17,three stars,OOD shape,2,8,0.993872360104825,0.836976287494257,0.3611111111111111,0.005969615653157234,0.0009883398888632655
A-equivariant,17,three stars,OOD shape,3,8,0.9972881607786322,0.9116442990122507,0.375,0.02309410274028778,0.26616451144218445
A-equivariant,17,three stars,OOD shape,4,8,0.9890240144133893,0.8388596773478636,0.47435897435897434,0.008536790497601032,0.27739208936691284
A-equivariant,17,three stars,OOD shape,5,8,0.996302181135346,0.9125554773479595,0.4861111111111111,0.023499034345149994,0.22271794080734253
A-equivariant,17,three stars,OOD shape,6,8,0.9911431440045898,0.747363701826488,0.3888888888888889,0.010036363266408443,0.19225876033306122
A-equivariant,17,three stars,OOD shape,7,8,0.9930447164489717,0.8646196852971988,0.4931506849315068,0.03335990011692047,0.2818835973739624
A-equivariant,17,three stars,OOD shape,8,8,0.993124368048534,0.8574900581536059,0.4861111111111111,0.019442027434706688,0.08058283478021622
A-equivariant,17,three stars,OOD shape,9,8,0.9925933144917649,0.8295935164372626,0.4305555555555556,0.04904204607009888,0.006513741333037615
A-equivariant,17,three stars,OOD shape,10,8,0.9948023259591333,0.8711300958362734,0.4305555555555556,0.021792730316519737,0.023745423182845116
A-equivariant,17,three stars,OOD shape,11,8,0.9952571224377091,0.8902489190669133,0.4305555555555556,0.029525287449359894,0.002738481853157282
analytic-Chebyshev,17,three stars,OOD shape,0,8,0.996955449360259,0.9047453994903996,0.3611111111111111,0.030736850574612617,0.012592732906341553
analytic-Chebyshev,17,three stars,OOD shape,1,8,0.9923727710529741,0.8552617830318803,0.5,0.01492787804454565,0.01925100013613701
analytic-Chebyshev,17,three stars,OOD shape,2,8,0.993872360104825,0.836976287494257,0.3611111111111111,0.005969615653157234,0.0023139033000916243
analytic-Chebyshev,17,three stars,OOD shape,3,8,0.997882536498384,0.9259543970686863,0.375,0.025917934253811836,0.005796732846647501
analytic-Chebyshev,17,three stars,OOD shape,4,8,0.9904226821231302,0.8451445666700885,0.4935064935064935,0.022699812427163124,0.008533917367458344
analytic-Chebyshev,17,three stars,OOD shape,5,8,0.9962732919254659,0.9119334267259088,0.4861111111111111,0.023499034345149994,0.016474785283207893
analytic-Chebyshev,17,three stars,OOD shape,6,8,0.991681009753299,0.7502586817514195,0.3888888888888889,0.007102309726178646,0.04351552575826645
analytic-Chebyshev,17,three stars,OOD shape,7,8,0.9935923765711,0.8622313900984564,0.4931506849315068,0.013011429458856583,0.005582354962825775
analytic-Chebyshev,17,three stars,OOD shape,8,8,0.9930954788386537,0.8572156433029199,0.4861111111111111,0.019442027434706688,0.0017125230515375733
analytic-Chebyshev,17,three stars,OOD shape,9,8,0.9925608290290094,0.828211027958,0.4305555555555556,0.04904204607009888,0.016857169568538666
analytic-Chebyshev,17,three stars,OOD shape,10,8,0.9948672968846441,0.8724280009577151,0.4305555555555556,0.021792730316519737,0.0014153998345136642
analytic-Chebyshev,17,three stars,OOD shape,11,8,0.9952571224377091,0.8902489190669133,0.4305555555555556,0.029525287449359894,0.0025577086489647627
exact,17,three stars,OOD shape,0,0,0.996955449360259,0.9047453994903996,0.3611111111111111,0.030736850574612617,1.8742061001830734e-05
exact,17,three stars,OOD shape,1,0,0.9924248340491995,0.8557491755158133,0.5,0.01492787804454565,1.6724359738873318e-05
exact,17,three stars,OOD shape,2,0,0.993910898720518,0.8373854527970392,0.3611111111111111,0.005969615653157234,1.7907632354763336e-05
exact,17,three stars,OOD shape,3,0,0.997882536498384,0.9259543970686863,0.375,0.025917934253811836,1.785675522114616e-05
exact,17,three stars,OOD shape,4,0,0.9904226821231301,0.8451445666700883,0.4935064935064935,0.022699812427163124,1.5471519873244688e-05
exact,17,three stars,OOD shape,5,0,0.9962732919254659,0.9119334267259088,0.4861111111111111,0.023499034345149994,1.4571569408872165e-05
exact,17,three stars,OOD shape,6,0,0.991681009753299,0.7505160008270735,0.3888888888888889,0.007102309726178646,1.7464637494413182e-05
exact,17,three stars,OOD shape,7,0,0.9935923765711,0.8622313900984564,0.4931506849315068,0.013011429458856583,1.5495012121391483e-05
exact,17,three stars,OOD shape,8,0,0.9930954788386537,0.8572156433029199,0.4861111111111111,0.019442027434706688,1.6138332284754142e-05
exact,17,three stars,OOD shape,9,0,0.9925933144917649,0.8295935164372626,0.4305555555555556,0.04904204607009888,1.8734017430688255e-05
exact,17,three stars,OOD shape,10,0,0.9948672968846441,0.8724280009577151,0.4305555555555556,0.021792730316519737,1.6565141777391545e-05
exact,17,three stars,OOD shape,11,0,0.9952571224377091,0.8902489190669133,0.4305555555555556,0.029525287449359894,1.883016557258088e-05
identity,17,two crescents,OOD shape,0,8,0.9946432516015021,0.7563670424098968,0.25,0.037282899022102356,0.52815181016922
identity,17,two crescents,OOD shape,1,8,0.9938472418670438,0.6500095574089124,0.19444444444444445,0.015341183170676231,1.0560617446899414
identity,17,two crescents,OOD shape,2,8,0.9990128331688055,0.9303030303030304,0.1527777777777778,0.017215246334671974,0.3041045665740967
identity,17,two crescents,OOD shape,3,8,0.9929313010823946,0.6574702738208931,0.25,0.0021505318582057953,1.2160178422927856
identity,17,two crescents,OOD shape,4,8,0.9919348702731492,0.67532187621136,0.18055555555555555,0.002967388601973653,0.841285228729248
identity,17,two crescents,OOD shape,5,8,0.9970326409495549,0.8547556432171814,0.18055555555555555,0.018966687843203545,0.38779208064079285
identity,17,two crescents,OOD shape,6,8,0.9925461710107771,0.7086899554730295,0.2916666666666667,0.04344957321882248,1.2321276664733887
identity,17,two crescents,OOD shape,7,8,0.992930086410055,0.717695211396445,0.2638888888888889,0.012808418832719326,1.2470043897628784
identity,17,two crescents,OOD shape,8,8,0.9935385443776361,0.6444072434463602,0.1527777777777778,0.025050999596714973,0.47546741366386414
identity,17,two crescents,OOD shape,9,8,0.9924975198412698,0.6715880697507368,0.2222222222222222,0.030617382377386093,0.9895325899124146
identity,17,two crescents,OOD shape,10,8,0.9968043825610592,0.7420227719140763,0.18055555555555555,0.009025150910019875,0.9330152869224548
identity,17,two crescents,OOD shape,11,8,0.997846181459212,0.8471763085399449,0.1527777777777778,0.0063047935254871845,0.6703038811683655
graph-small,17,two crescents,OOD shape,0,8,0.9946432516015021,0.7563670424098968,0.25,0.037282899022102356,0.5388219356536865
graph-small,17,two crescents,OOD shape,1,8,0.9939179632248939,0.6425797924491303,0.19444444444444445,0.016918180510401726,1.057450532913208
graph-small,17,two crescents,OOD shape,2,8,0.9990128331688055,0.9303030303030304,0.1527777777777778,0.017215246334671974,0.3204895555973053
graph-small,17,two crescents,OOD shape,3,8,0.993096973713276,0.6665676579182771,0.25,0.0021505318582057953,1.212348461151123
graph-small,17,two crescents,OOD shape,4,8,0.9919348702731492,0.67532187621136,0.18055555555555555,0.002967388601973653,0.8149011135101318
graph-small,17,two crescents,OOD shape,5,8,0.9971087270790535,0.8561801446416831,0.18055555555555555,0.018966687843203545,0.386427640914917
graph-small,17,two crescents,OOD shape,6,8,0.993163367041732,0.7321339581512072,0.2916666666666667,0.04009748622775078,1.2186176776885986
graph-small,17,two crescents,OOD shape,7,8,0.9929824561403509,0.7190711617735058,0.2638888888888889,0.023071253672242165,1.2511940002441406
graph-small,17,two crescents,OOD shape,8,8,0.9935385443776361,0.6444072434463602,0.1527777777777778,0.027666881680488586,0.4947962462902069
graph-small,17,two crescents,OOD shape,9,8,0.9923115079365079,0.6685574437981159,0.2222222222222222,0.030617382377386093,0.9814518690109253
graph-small,17,two crescents,OOD shape,10,8,0.9969565548200563,0.7461635586635587,0.18055555555555555,0.003264625323936343,0.9260165691375732
graph-small,17,two crescents,OOD shape,11,8,0.9981154087768106,0.857227368591005,0.1527777777777778,0.007653552107512951,0.6842818856239319
graph-foundation,17,two crescents,OOD shape,0,8,0.9946432516015021,0.7563670424098968,0.25,0.037282899022102356,0.524971067905426
graph-foundation,17,two crescents,OOD shape,1,8,0.9936350777934936,0.6479637426065997,0.19444444444444445,0.016918180510401726,1.0607110261917114
graph-foundation,17,two crescents,OOD shape,2,8,0.9990128331688055,0.9303030303030304,0.1527777777777778,0.017215246334671974,0.30581969022750854
graph-foundation,17,two crescents,OOD shape,3,8,0.9929865252926884,0.6593221256727448,0.25,0.0032058379147201777,1.205536961555481
graph-foundation,17,two crescents,OOD shape,4,8,0.9919348702731492,0.67532187621136,0.18055555555555555,0.002967388601973653,0.7931515574455261
graph-foundation,17,two crescents,OOD shape,5,8,0.9970326409495549,0.8547556432171814,0.18055555555555555,0.018966687843203545,0.3630865514278412
graph-foundation,17,two crescents,OOD shape,6,8,0.9921663580686513,0.7070136195985226,0.2916666666666667,0.04344957321882248,1.2322248220443726
graph-foundation,17,two crescents,OOD shape,7,8,0.9930871956009427,0.7083985115331864,0.2638888888888889,0.018734876066446304,1.2622113227844238
graph-foundation,17,two crescents,OOD shape,8,8,0.9935385443776361,0.6444072434463602,0.1527777777777778,0.025050999596714973,0.4955677390098572
graph-foundation,17,two crescents,OOD shape,9,8,0.9923735119047619,0.6705999274582466,0.2222222222222222,0.03241103142499924,0.9543651342391968
graph-foundation,17,two crescents,OOD shape,10,8,0.9967282964315606,0.7389119121855694,0.18055555555555555,0.005825838539749384,0.9290368556976318
graph-foundation,17,two crescents,OOD shape,11,8,0.9976666965808131,0.8358483621641517,0.1527777777777778,0.005531269125640392,0.666558027267456
A-equivariant,17,two crescents,OOD shape,0,8,0.9946432516015021,0.7562588173016718,0.25,0.037282899022102356,0.0005346922553144395
A-equivariant,17,two crescents,OOD shape,1,8,0.9937765205091937,0.6436379097093383,0.19444444444444445,0.01923501119017601,0.001070795115083456
A-equivariant,17,two crescents,OOD shape,2,8,0.9989230907296061,0.918939393939394,0.1527777777777778,0.012157715857028961,0.0006459245923906565
A-equivariant,17,two crescents,OOD shape,3,8,0.9929865252926883,0.6638800100659874,0.25,0.01227044127881527,0.005801018327474594
A-equivariant,17,two crescents,OOD shape,4,8,0.991782698014152,0.6731835223113869,0.18055555555555555,0.004313759505748749,0.0008551696082577109
A-equivariant,17,two crescents,OOD shape,5,8,0.9970326409495549,0.8559823903262818,0.18055555555555555,0.015163256786763668,0.0006994680152274668
A-equivariant,17,two crescents,OOD shape,6,8,0.9927360774818402,0.7281881023439081,0.2916666666666667,0.034885164350271225,0.18461768329143524
A-equivariant,17,two crescents,OOD shape,7,8,0.9928777166797591,0.7232595191186522,0.2638888888888889,0.006022029090672731,0.002427044790238142
A-equivariant,17,two crescents,OOD shape,8,8,0.9934488019384368,0.6715305180178316,0.1527777777777778,0.025050999596714973,0.0006951141986064613
A-equivariant,17,two crescents,OOD shape,9,8,0.9920014880952381,0.6584914134186832,0.2222222222222222,0.030617382377386093,0.028970222920179367
A-equivariant,17,two crescents,OOD shape,10,8,0.996652210302062,0.737100317982671,0.18055555555555555,0.0017961593111976981,0.002099502831697464
A-equivariant,17,two crescents,OOD shape,11,8,0.9979359238984116,0.853128689492326,0.1527777777777778,0.008230037055909634,0.014031589962542057
analytic-Chebyshev,17,two crescents,OOD shape,0,8,0.994643251601502,0.7562588173016718,0.25,0.037282899022102356,0.0416649654507637
analytic-Chebyshev,17,two crescents,OOD shape,1,8,0.9937765205091937,0.6436379097093383,0.19444444444444445,0.01923501119017601,0.04327906668186188
analytic-Chebyshev,17,two crescents,OOD shape,2,8,0.9989230907296061,0.918939393939394,0.1527777777777778,0.012157715857028961,0.009797227568924427
analytic-Chebyshev,17,two crescents,OOD shape,3,8,0.9929865252926883,0.6638800100659874,0.25,0.01227044127881527,0.04174389690160751
analytic-Chebyshev,17,two crescents,OOD shape,4,8,0.991782698014152,0.6731835223113869,0.18055555555555555,0.004313759505748749,0.002203530864790082
analytic-Chebyshev,17,two crescents,OOD shape,5,8,0.9970326409495549,0.8559823903262818,0.18055555555555555,0.015163256786763668,0.0033787700813263655
analytic-Chebyshev,17,two crescents,OOD shape,6,8,0.992783554099606,0.7298887826160169,0.2916666666666667,0.03719500079751015,0.01349402405321598
analytic-Chebyshev,17,two crescents,OOD shape,7,8,0.9928777166797591,0.7232595191186522,0.2638888888888889,0.006022029090672731,0.029853839427232742
analytic-Chebyshev,17,two crescents,OOD shape,8,8,0.9934488019384368,0.6715305180178315,0.1527777777777778,0.027041830122470856,0.005681895650923252
analytic-Chebyshev,17,two crescents,OOD shape,9,8,0.9920014880952381,0.6584914134186832,0.2222222222222222,0.030617382377386093,0.06592589616775513
analytic-Chebyshev,17,two crescents,OOD shape,10,8,0.9965761241725634,0.7338951897775428,0.18055555555555555,0.0017961593111976981,0.07789196819067001
analytic-Chebyshev,17,two crescents,OOD shape,11,8,0.998025666337611,0.8557602684396943,0.1527777777777778,0.008230037055909634,0.007488310802727938
exact,17,two crescents,OOD shape,0,0,0.9946432516015021,0.7562588173016718,0.25,0.037282899022102356,2.093219882226549e-05
exact,17,two crescents,OOD shape,1,0,0.9937765205091937,0.6436379097093383,0.19444444444444445,0.01923501119017601,2.2074727894505486e-05
exact,17,two crescents,OOD shape,2,0,0.9989230907296061,0.918939393939394,0.1527777777777778,0.012157715857028961,3.067761645070277e-05
exact,17,two crescents,OOD shape,3,0,0.9929865252926883,0.6638800100659874,0.25,0.01227044127881527,2.23258430196438e-05
exact,17,two crescents,OOD shape,4,0,0.991782698014152,0.6731835223113869,0.18055555555555555,0.004313759505748749,2.2370932128978893e-05
exact,17,two crescents,OOD shape,5,0,0.9970326409495549,0.8559823903262815,0.18055555555555555,0.015163256786763668,2.1634414224536158e-05
exact,17,two crescents,OOD shape,6,0,0.992783554099606,0.7298887826160169,0.2916666666666667,0.034885164350271225,2.380780642852187e-05
exact,17,two crescents,OOD shape,7,0,0.9928777166797591,0.7232595191186522,0.2638888888888889,0.006022029090672731,2.2921889467397705e-05
exact,17,two crescents,OOD shape,8,0,0.9934488019384368,0.6715305180178315,0.1527777777777778,0.025050999596714973,2.1453579392982647e-05
exact,17,two crescents,OOD shape,9,0,0.9920014880952381,0.6584914134186832,0.2222222222222222,0.030617382377386093,2.389310066064354e-05
exact,17,two crescents,OOD shape,10,0,0.996652210302062,0.737100317982671,0.18055555555555555,0.0017961593111976981,2.5904157155309804e-05
exact,17,two crescents,OOD shape,11,0,0.9979359238984116,0.853128689492326,0.1527777777777778,0.008230037055909634,3.398068656679243e-05
identity,17,30% noise,OOD noise,0,8,0.9976092896174863,0.954741155831581,0.6666666666666666,0.0353987030684948,1.1592552661895752
identity,17,30% noise,OOD noise,1,8,0.9943531827515399,0.9184200384464367,0.6052631578947368,0.019514378160238266,1.2595810890197754
identity,17,30% noise,OOD noise,2,8,0.994813012295082,0.9104240543562148,0.6216216216216216,0.014629647135734558,0.8279716968536377
identity,17,30% noise,OOD noise,3,8,0.9978289453566951,0.9378626549030098,0.4583333333333333,0.02417127974331379,0.7193666100502014
identity,17,30% noise,OOD noise,4,8,0.9986907186499855,0.9730275096294707,0.5833333333333334,0.03766446188092232,1.0442545413970947
identity,17,30% noise,OOD noise,5,8,0.9989035087719298,0.9712615605777419,0.5,0.024097120389342308,0.5682083964347839
identity,17,30% noise,OOD noise,6,8,0.99128160418483,0.8939393616517678,0.675,0.04392251372337341,1.8336368799209595
identity,17,30% noise,OOD noise,7,8,0.9985010162601625,0.9624827361694427,0.5555555555555556,0.03211596608161926,0.7343419790267944
identity,17,30% noise,OOD noise,8,8,0.9966007493238717,0.9381420328405291,0.547945205479452,0.010823486372828484,0.7162642478942871
identity,17,30% noise,OOD noise,9,8,0.9971047160095603,0.9513666527829363,0.7123287671232876,0.02636968530714512,1.1171122789382935
identity,17,30% noise,OOD noise,10,8,0.9966141001855288,0.940004965888193,0.589041095890411,0.008177457377314568,0.44571253657341003
identity,17,30% noise,OOD noise,11,8,0.9959542081677824,0.9375921522678483,0.7432432432432432,0.01727604866027832,1.6818703413009644
graph-small,17,30% noise,OOD noise,0,8,0.9974812158469946,0.9527937255000506,0.6666666666666666,0.0353987030684948,1.1191484928131104
graph-small,17,30% noise,OOD noise,1,8,0.994312114989733,0.9186140908990506,0.6052631578947368,0.019514378160238266,1.2541207075119019
graph-small,17,30% noise,OOD noise,2,8,0.9947703210382514,0.9099691344385755,0.6216216216216216,0.014629647135734558,0.810559093952179
graph-small,17,30% noise,OOD noise,3,8,0.9977372106534568,0.9351498979824884,0.4583333333333333,0.02417127974331379,0.706897497177124
graph-small,17,30% noise,OOD noise,4,8,0.9986422267481331,0.9718031423881176,0.5833333333333334,0.032584771513938904,1.0288524627685547
graph-small,17,30% noise,OOD noise,5,8,0.9989035087719299,0.9716077582509838,0.5,0.024097120389342308,0.5557141304016113
graph-small,17,30% noise,OOD noise,6,8,0.9916504593923949,0.8991951338972,0.717948717948718,0.037364281713962555,1.8498928546905518
graph-small,17,30% noise,OOD noise,7,8,0.9985010162601627,0.9624827361694426,0.5555555555555556,0.030267534777522087,0.7092428803443909
graph-small,17,30% noise,OOD noise,8,8,0.9966255613726025,0.938738744968578,0.547945205479452,0.010823486372828484,0.6965553164482117
graph-small,17,30% noise,OOD noise,9,8,0.9971241474457377,0.951789349025313,0.7123287671232876,0.02636968530714512,1.0727790594100952
graph-small,17,30% noise,OOD noise,10,8,0.9966604823747681,0.9408528618647655,0.589041095890411,0.008177457377314568,0.4433854818344116
graph-small,17,30% noise,OOD noise,11,8,0.9964621999673433,0.9449628034836246,0.7432432432432432,0.0177699513733387,1.6896250247955322
graph-foundation,17,30% noise,OOD noise,0,8,0.9975239071038252,0.9537454298686695,0.6666666666666666,0.0353987030684948,1.152565598487854
graph-foundation,17,30% noise,OOD noise,1,8,0.9941478439425051,0.9160725731192606,0.6052631578947368,0.019514378160238266,1.2109241485595703
graph-foundation,17,30% noise,OOD noise,2,8,0.9947916666666666,0.9103092704929974,0.6216216216216216,0.014629647135734558,0.7959570288658142
graph-foundation,17,30% noise,OOD noise,3,8,0.9978289453566951,0.9378626549030098,0.4583333333333333,0.02417127974331379,0.7127507328987122
graph-foundation,17,30% noise,OOD noise,4,8,0.9986907186499854,0.9725689404209015,0.5833333333333334,0.032584771513938904,1.0044746398925781
graph-foundation,17,30% noise,OOD noise,5,8,0.9989316239316239,0.971970602953451,0.5,0.024097120389342308,0.5415123105049133
graph-foundation,17,30% noise,OOD noise,6,8,0.9916839916839917,0.8978676253860731,0.675,0.0363469161093235,1.8385456800460815
graph-foundation,17,30% noise,OOD noise,7,8,0.9984756097560975,0.9620029381896444,0.5555555555555556,0.03211596608161926,0.7087485790252686
graph-foundation,17,30% noise,OOD noise,8,8,0.9966007493238717,0.9377651849027056,0.547945205479452,0.010823486372828484,0.6966394782066345
graph-foundation,17,30% noise,OOD noise,9,8,0.9970852845733829,0.9511853702789853,0.7123287671232876,0.02636968530714512,1.1339094638824463
graph-foundation,17,30% noise,OOD noise,10,8,0.9966836734693878,0.9410972411414028,0.589041095890411,0.008177457377314568,0.4462680220603943
graph-foundation,17,30% noise,OOD noise,11,8,0.996317059453183,0.9430303772943597,0.7432432432432432,0.018818125128746033,1.7007040977478027
A-equivariant,17,30% noise,OOD noise,0,8,0.9975239071038251,0.9523096956801465,0.6666666666666666,0.03414250910282135,0.20381766557693481
A-equivariant,17,30% noise,OOD noise,1,8,0.9943737166324434,0.9172689936386804,0.6052631578947368,0.00892538670450449,0.18975374102592468
A-equivariant,17,30% noise,OOD noise,2,8,0.9941299521857924,0.9061068802539765,0.6,0.018699925392866135,0.20585502684116364
A-equivariant,17,30% noise,OOD noise,3,8,0.9977677888878695,0.9349099794305386,0.4583333333333333,0.03027280792593956,0.206564262509346
A-equivariant,17,30% noise,OOD noise,4,8,0.9987877024536902,0.9716723543488599,0.5833333333333334,0.033886831253767014,0.02607651799917221
A-equivariant,17,30% noise,OOD noise,5,8,0.9990440845704003,0.975291983226177,0.5,0.021517334505915642,0.18965290486812592
A-equivariant,17,30% noise,OOD noise,6,8,0.9916839916839917,0.8967484429403654,0.654320987654321,0.03154268488287926,0.3480612635612488
A-equivariant,17,30% noise,OOD noise,7,8,0.9981707317073171,0.9593423915328068,0.5555555555555556,0.014968174509704113,0.37487155199050903
A-equivariant,17,30% noise,OOD noise,8,8,0.9968240577624494,0.9375515046659573,0.5694444444444444,0.0183874499052763,0.20218922197818756
A-equivariant,17,30% noise,OOD noise,9,8,0.996618930105124,0.9434087470194878,0.7361111111111112,0.013609710149466991,0.01676120050251484
A-equivariant,17,30% noise,OOD noise,10,8,0.9962198515769944,0.9326115169966427,0.5675675675675675,0.016031278297305107,0.27587515115737915
A-equivariant,17,30% noise,OOD noise,11,8,0.9962082040675628,0.9403345657357323,0.7671232876712328,0.02012314274907112,0.1672818958759308
analytic-Chebyshev,17,30% noise,OOD noise,0,8,0.9979081284153005,0.9595324535244663,0.6666666666666666,0.03036670945584774,0.01362030953168869
analytic-Chebyshev,17,30% noise,OOD noise,1,8,0.9944969199178645,0.9182274004726534,0.6266666666666667,0.007493187673389912,0.006303712259978056
analytic-Chebyshev,17,30% noise,OOD noise,2,8,0.9945782103825137,0.9113028962771164,0.6,0.021819688379764557,0.004572773817926645
analytic-Chebyshev,17,30% noise,OOD noise,3,8,0.997951258294346,0.9379891040483477,0.4583333333333333,0.025742674246430397,0.002973383292555809
analytic-Chebyshev,17,30% noise,OOD noise,4,8,0.9987877024536902,0.9716723543488599,0.5833333333333334,0.033886831253767014,0.008122066035866737
analytic-Chebyshev,17,30% noise,OOD noise,5,8,0.9990440845704003,0.9754045237621047,0.5,0.021517334505915642,0.0006630459101870656
analytic-Chebyshev,17,30% noise,OOD noise,6,8,0.9916169271007981,0.8975959500398099,0.675,0.0372772254049778,0.022390829399228096
analytic-Chebyshev,17,30% noise,OOD noise,7,8,0.9983485772357724,0.9606585080871948,0.5555555555555556,0.022686781361699104,0.011902941390872002
analytic-Chebyshev,17,30% noise,OOD noise,8,8,0.9971218023472198,0.9448334770119323,0.5694444444444444,0.01902727037668228,0.004452511202543974
analytic-Chebyshev,17,30% noise,OOD noise,9,8,0.996618930105124,0.9434087470194878,0.7361111111111112,0.013609710149466991,0.01769396848976612
analytic-Chebyshev,17,30% noise,OOD noise,10,8,0.9962430426716141,0.9327241441260635,0.589041095890411,0.012416996993124485,0.012212345376610756
analytic-Chebyshev,17,30% noise,OOD noise,11,8,0.9960267784248625,0.9384338260332077,0.7432432432432432,0.015730654820799828,0.00528970779851079
exact,17,30% noise,OOD noise,0,0,0.9979081284153006,0.9595324535244666,0.6666666666666666,0.03036670945584774,1.18366315291496e-05
exact,17,30% noise,OOD noise,1,0,0.9944969199178644,0.9182274004726535,0.6266666666666667,0.007493187673389912,1.1449849807831924e-05
exact,17,30% noise,OOD noise,2,0,0.9945782103825137,0.9113028962771164,0.6,0.021819688379764557,1.2202239304315299e-05
exact,17,30% noise,OOD noise,3,0,0.997951258294346,0.9379891040483477,0.4583333333333333,0.025742674246430397,1.3627912267111242e-05
exact,17,30% noise,OOD noise,4,0,0.9987877024536902,0.9716723543488599,0.5833333333333334,0.033886831253767014,1.1341356184857432e-05
exact,17,30% noise,OOD noise,5,0,0.9990440845704003,0.9754045237621047,0.5,0.021517334505915642,1.3192537153372541e-05
exact,17,30% noise,OOD noise,6,0,0.9916001609549996,0.8974467525651735,0.675,0.0372772254049778,1.1690299288602546e-05
exact,17,30% noise,OOD noise,7,0,0.9983485772357724,0.9606585080871948,0.5555555555555556,0.022686781361699104,1.349495960312197e-05
exact,17,30% noise,OOD noise,8,0,0.997096990298489,0.9445457518116314,0.5694444444444444,0.01902727037668228,1.2584377145685721e-05
exact,17,30% noise,OOD noise,9,0,0.996618930105124,0.9434087470194878,0.7361111111111112,0.013609710149466991,1.1984281627519522e-05
exact,17,30% noise,OOD noise,10,0,0.9962430426716141,0.9327241441260635,0.589041095890411,0.012416996993124485,1.2580724614963401e-05
exact,17,30% noise,OOD noise,11,0,0.9960267784248625,0.9384338260332077,0.7432432432432432,0.015730654820799828,1.1405507393646985e-05
identity,17,180-degree aperture,OOD aperture,0,8,0.9927568878877144,0.8505623706829257,0.3835616438356164,0.022634226828813553,0.18986457586288452
identity,17,180-degree aperture,OOD aperture,1,8,0.9883555709582394,0.7014246017436016,0.3835616438356164,0.013510305434465408,0.19965550303459167
identity,17,180-degree aperture,OOD aperture,2,8,0.9938080495356036,0.8777376674225386,0.5068493150684932,0.0278723556548357,0.17543308436870575
identity,17,180-degree aperture,OOD aperture,3,8,0.9890147077964337,0.8207993316338339,0.44155844155844154,0.025309139862656593,0.1941467523574829
identity,17,180-degree aperture,OOD aperture,4,8,0.9883541295306001,0.7977864496262743,0.41333333333333333,0.02600713260471821,0.168452650308609
identity,17,180-degree aperture,OOD aperture,5,8,0.9898248487903225,0.7751731289189259,0.40540540540540543,0.030388381332159042,0.16415074467658997
identity,17,180-degree aperture,OOD aperture,6,8,0.9858882947118242,0.7256053358374666,0.41333333333333333,0.01166699081659317,0.1826915293931961
identity,17,180-degree aperture,OOD aperture,7,8,0.9907265636284848,0.8246541023843539,0.44594594594594594,0.020729098469018936,0.20031604170799255
identity,17,180-degree aperture,OOD aperture,8,8,0.9898725687458082,0.7543869181416747,0.4166666666666667,0.022873124107718468,0.18471166491508484
identity,17,180-degree aperture,OOD aperture,9,8,0.9932399248880542,0.8826584774585361,0.44594594594594594,0.027579415589571,0.13582053780555725
identity,17,180-degree aperture,OOD aperture,10,8,0.9890783461495597,0.7381511583571974,0.3561643835616438,0.03216945379972458,0.1316908597946167
identity,17,180-degree aperture,OOD aperture,11,8,0.9896492236917769,0.7726242367454939,0.47297297297297297,0.0066378735937178135,0.35356405377388
graph-small,17,180-degree aperture,OOD aperture,0,8,0.9927222318488996,0.8502107817714991,0.3835616438356164,0.022634226828813553,0.20372870564460754
graph-small,17,180-degree aperture,OOD aperture,1,8,0.9883555709582394,0.7014246017436017,0.3835616438356164,0.013510305434465408,0.18231122195720673
graph-small,17,180-degree aperture,OOD aperture,2,8,0.9938347389772605,0.8780623179457988,0.5068493150684932,0.0278723556548357,0.18020819127559662
graph-small,17,180-degree aperture,OOD aperture,3,8,0.9890667707926591,0.8215074643378037,0.44155844155844154,0.025309139862656593,0.1856212019920349
graph-small,17,180-degree aperture,OOD aperture,4,8,0.9883541295306001,0.7977864496262743,0.41333333333333333,0.02600713260471821,0.16842179000377655
graph-small,17,180-degree aperture,OOD aperture,5,8,0.9898248487903225,0.7751731289189259,0.40540540540540543,0.030388381332159042,0.15791472792625427
graph-small,17,180-degree aperture,OOD aperture,6,8,0.9858882947118242,0.7256053358374666,0.41333333333333333,0.01166699081659317,0.19084735214710236
graph-small,17,180-degree aperture,OOD aperture,7,8,0.9907265636284848,0.8246541023843538,0.44594594594594594,0.020729098469018936,0.20158886909484863
graph-small,17,180-degree aperture,OOD aperture,8,8,0.9898725687458082,0.7543869181416747,0.4166666666666667,0.022873124107718468,0.1749887317419052
graph-small,17,180-degree aperture,OOD aperture,9,8,0.9932399248880542,0.8826584774585361,0.44594594594594594,0.027579415589571,0.14188149571418762
graph-small,17,180-degree aperture,OOD aperture,10,8,0.9890783461495597,0.7381511583571974,0.3561643835616438,0.03216945379972458,0.1438279151916504
graph-small,17,180-degree aperture,OOD aperture,11,8,0.9896218406856705,0.7722956728875183,0.47297297297297297,0.0066378735937178135,0.36502382159233093
graph-foundation,17,180-degree aperture,OOD aperture,0,8,0.9927568878877144,0.8505623706829255,0.3835616438356164,0.022634226828813553,0.21640083193778992
graph-foundation,17,180-degree aperture,OOD aperture,1,8,0.9883555709582394,0.7014246017436017,0.3835616438356164,0.013510305434465408,0.19325169920921326
graph-foundation,17,180-degree aperture,OOD aperture,2,8,0.9938080495356036,0.8777376674225386,0.5068493150684932,0.0278723556548357,0.18301966786384583
graph-foundation,17,180-degree aperture,OOD aperture,3,8,0.9890407392945464,0.8211551275492968,0.44155844155844154,0.025309139862656593,0.18085931241512299
graph-foundation,17,180-degree aperture,OOD aperture,4,8,0.9883541295306001,0.7977864496262743,0.41333333333333333,0.02600713260471821,0.1678750216960907
graph-foundation,17,180-degree aperture,OOD aperture,5,8,0.9898248487903225,0.7751731289189259,0.40540540540540543,0.030388381332159042,0.1692775934934616
graph-foundation,17,180-degree aperture,OOD aperture,6,8,0.9858882947118242,0.7256053358374666,0.41333333333333333,0.01166699081659317,0.1750926524400711
graph-foundation,17,180-degree aperture,OOD aperture,7,8,0.9907265636284848,0.8246541023843538,0.44594594594594594,0.020729098469018936,0.1977817714214325
graph-foundation,17,180-degree aperture,OOD aperture,8,8,0.9898725687458082,0.7543869181416747,0.4166666666666667,0.022873124107718468,0.1758105456829071
graph-foundation,17,180-degree aperture,OOD aperture,9,8,0.9932399248880542,0.8826584774585361,0.44594594594594594,0.027579415589571,0.13937272131443024
graph-foundation,17,180-degree aperture,OOD aperture,10,8,0.9890783461495597,0.7381511583571974,0.3561643835616438,0.03216945379972458,0.13865020871162415
graph-foundation,17,180-degree aperture,OOD aperture,11,8,0.9896218406856705,0.7722956728875179,0.47297297297297297,0.006074114702641964,0.3466208577156067
A-equivariant,17,180-degree aperture,OOD aperture,0,8,0.9924449835383815,0.8466039385934883,0.3835616438356164,0.02278365194797516,0.00020954330102540553
A-equivariant,17,180-degree aperture,OOD aperture,1,8,0.987835730376018,0.6817141034431493,0.4027777777777778,0.016271047294139862,0.16655336320400238
A-equivariant,17,180-degree aperture,OOD aperture,2,8,0.9939681861855449,0.8807940645431154,0.5068493150684932,0.021411659196019173,0.04958239570260048
A-equivariant,17,180-degree aperture,OOD aperture,3,8,0.9889626448002082,0.8193585767642451,0.44155844155844154,0.026931418105959892,0.31484702229499817
A-equivariant,17,180-degree aperture,OOD aperture,4,8,0.9887700534759358,0.7978326642949973,0.41333333333333333,0.030183736234903336,0.17879794538021088
A-equivariant,17,180-degree aperture,OOD aperture,5,8,0.9899193548387097,0.7758534040888738,0.40540540540540543,0.02843596786260605,0.0004868733522016555
A-equivariant,17,180-degree aperture,OOD aperture,6,8,0.9862150920974451,0.737942196963291,0.41333333333333333,0.01263110525906086,0.17013806104660034
A-equivariant,17,180-degree aperture,OOD aperture,7,8,0.9908998988877654,0.8275700391858063,0.44594594594594594,0.020729098469018936,0.00023141750716604292
A-equivariant,17,180-degree aperture,OOD aperture,8,8,0.9893360160965795,0.741860384555689,0.4166666666666667,0.018498525023460388,0.005930247716605663
A-equivariant,17,180-degree aperture,OOD aperture,9,8,0.9933843709374549,0.8873826737779879,0.44594594594594594,0.02854214236140251,0.01017832476645708
A-equivariant,17,180-degree aperture,OOD aperture,10,8,0.9889669007021064,0.7353544312636932,0.3561643835616438,0.03216945379972458,0.0017581894062459469
A-equivariant,17,180-degree aperture,OOD aperture,11,8,0.9893753936307128,0.7721290419456238,0.47297297297297297,0.0066378735937178135,0.39647066593170166
analytic-Chebyshev,17,180-degree aperture,OOD aperture,0,8,0.9924449835383815,0.846603938593488,0.3835616438356164,0.02278365194797516,0.0059866150841116905
analytic-Chebyshev,17,180-degree aperture,OOD aperture,1,8,0.987697106220759,0.6773354956643731,0.4027777777777778,0.016271047294139862,0.011888336390256882
analytic-Chebyshev,17,180-degree aperture,OOD aperture,2,8,0.9939414967438881,0.880573873631644,0.5068493150684932,0.021411659196019173,0.007395029533654451
analytic-Chebyshev,17,180-degree aperture,OOD aperture,3,8,0.9889626448002082,0.8193585767642451,0.44155844155844154,0.026931418105959892,0.06189774349331856
analytic-Chebyshev,17,180-degree aperture,OOD aperture,4,8,0.9887700534759358,0.799276827557412,0.41333333333333333,0.02600713260471821,0.10084259510040283
analytic-Chebyshev,17,180-degree aperture,OOD aperture,5,8,0.9898878528225806,0.7755885735803991,0.40540540540540543,0.02843596786260605,0.04632414132356644
analytic-Chebyshev,17,180-degree aperture,OOD aperture,6,8,0.9862150920974451,0.737942196963291,0.41333333333333333,0.01263110525906086,0.012224466539919376
analytic-Chebyshev,17,180-degree aperture,OOD aperture,7,8,0.9908998988877654,0.8275700391858063,0.44594594594594594,0.020729098469018936,0.013771962374448776
analytic-Chebyshev,17,180-degree aperture,OOD aperture,8,8,0.9893024815560026,0.740495862138535,0.4166666666666667,0.018498525023460388,0.057712722569704056
analytic-Chebyshev,17,180-degree aperture,OOD aperture,9,8,0.9933843709374549,0.8873826737779879,0.44594594594594594,0.02854214236140251,0.008083147928118706
analytic-Chebyshev,17,180-degree aperture,OOD aperture,10,8,0.9889669007021064,0.7353544312636932,0.3561643835616438,0.03216945379972458,0.042072419077157974
analytic-Chebyshev,17,180-degree aperture,OOD aperture,11,8,0.9889372655330102,0.7553164892224169,0.47297297297297297,0.008821768686175346,0.053818415850400925
exact,17,180-degree aperture,OOD aperture,0,0,0.9924449835383815,0.846603938593488,0.3835616438356164,0.02278365194797516,1.9696901290444657e-05
exact,17,180-degree aperture,OOD aperture,1,0,0.987697106220759,0.6773354956643731,0.4027777777777778,0.016271047294139862,1.8263530364492908e-05
exact,17,180-degree aperture,OOD aperture,2,0,0.9939414967438881,0.880573873631644,0.5068493150684932,0.021411659196019173,2.0109548131586052e-05
exact,17,180-degree aperture,OOD aperture,3,0,0.9890407392945464,0.8198458870729839,0.44155844155844154,0.026931418105959892,1.9004317437065765e-05
exact,17,180-degree aperture,OOD aperture,4,0,0.9887997623291741,0.7994893601228859,0.41333333333333333,0.02600713260471821,1.7980995835387148e-05
exact,17,180-degree aperture,OOD aperture,5,0,0.9899193548387097,0.7758534040888738,0.40540540540540543,0.02843596786260605,2.085748565150425e-05
exact,17,180-degree aperture,OOD aperture,6,0,0.9861853832442068,0.7373573039151626,0.41333333333333333,0.01263110525906086,1.8355256543145515e-05
exact,17,180-degree aperture,OOD aperture,7,0,0.9908998988877654,0.8275700391858063,0.44594594594594594,0.020729098469018936,1.823846650950145e-05
exact,17,180-degree aperture,OOD aperture,8,0,0.9893360160965795,0.741860384555689,0.4166666666666667,0.018498525023460388,1.9882849301211536e-05
exact,17,180-degree aperture,OOD aperture,9,0,0.9933843709374549,0.8873826737779879,0.44594594594594594,0.02854214236140251,2.024687455559615e-05
exact,17,180-degree aperture,OOD aperture,10,0,0.9889669007021064,0.7353544312636935,0.3561643835616438,0.03216945379972458,2.2093425286584534e-05
exact,17,180-degree aperture,OOD aperture,11,0,0.9889646485391167,0.7556344542462646,0.47297297297297297,0.008821768686175346,1.8722772438195534e-05
identity,17,heteroscedastic noise,OOD noise,0,8,0.9983065953654189,0.9526590105799403,0.4722222222222222,0.025436850264668465,1.8229329586029053
identity,17,heteroscedastic noise,OOD noise,1,8,0.9913123292349726,0.8653908767536869,0.5789473684210527,0.009789584204554558,0.4356313645839691
identity,17,heteroscedastic noise,OOD noise,2,8,0.9936481155248988,0.8704679047396356,0.527027027027027,0.041367147117853165,1.8054665327072144
identity,17,heteroscedastic noise,OOD noise,3,8,0.9991616364855802,0.9768013468013468,0.4166666666666667,0.024878567084670067,1.4857977628707886
identity,17,heteroscedastic noise,OOD noise,4,8,0.997955293709929,0.939979029891739,0.4027777777777778,0.017781713977456093,1.9462885856628418
identity,17,heteroscedastic noise,OOD noise,5,8,0.997919478182636,0.9444550228926668,0.5,0.012165237218141556,1.623421311378479
identity,17,heteroscedastic noise,OOD noise,6,8,0.9965890264106813,0.908197950204658,0.4305555555555556,0.023985007777810097,1.3849384784698486
identity,17,heteroscedastic noise,OOD noise,7,8,0.998172514619883,0.9515764437802373,0.5,0.02720239758491516,1.8222464323043823
identity,17,heteroscedastic noise,OOD noise,8,8,0.9980392156862745,0.9514575439860069,0.4722222222222222,0.014105862006545067,1.6103217601776123
identity,17,heteroscedastic noise,OOD noise,9,8,0.9949154990611007,0.8696076976282378,0.4861111111111111,0.030422938987612724,1.8014270067214966
identity,17,heteroscedastic noise,OOD noise,10,8,0.9969450101832994,0.9467134449934531,0.5616438356164384,0.014327016659080982,1.7415010929107666
identity,17,heteroscedastic noise,OOD noise,11,8,0.9944651907175247,0.8932349836129034,0.6164383561643836,0.008126110769808292,0.678854763507843
graph-small,17,heteroscedastic noise,OOD noise,0,8,0.9982768865121806,0.9519896105297354,0.4722222222222222,0.02748727612197399,1.809791922569275
graph-small,17,heteroscedastic noise,OOD noise,1,8,0.991269637978142,0.865128958008085,0.5789473684210527,0.009789584204554558,0.432767391204834
graph-small,17,heteroscedastic noise,OOD noise,2,8,0.993648115524899,0.8719443572540699,0.527027027027027,0.041367147117853165,1.7893189191818237
graph-small,17,heteroscedastic noise,OOD noise,3,8,0.9992622401073106,0.9791178574511907,0.4166666666666667,0.02228318527340889,1.485060453414917
graph-small,17,heteroscedastic noise,OOD noise,4,8,0.9981285739040028,0.9480812558350444,0.4027777777777778,0.02100604958832264,1.913062572479248
graph-small,17,heteroscedastic noise,OOD noise,5,8,0.9978632478632479,0.9432076675891812,0.5,0.01792111247777939,1.64434814453125
graph-small,17,heteroscedastic noise,OOD noise,6,8,0.9965890264106813,0.910695902072405,0.4305555555555556,0.02573370188474655,1.3450804948806763
graph-small,17,heteroscedastic noise,OOD noise,7,8,0.9982849752586594,0.9548617963299004,0.5,0.022781724110245705,1.8368006944656372
graph-small,17,heteroscedastic noise,OOD noise,8,8,0.997979797979798,0.9499230387314297,0.4722222222222222,0.006202199961990118,1.6031547784805298
graph-small,17,heteroscedastic noise,OOD noise,9,8,0.9952621695796621,0.8757277147119078,0.4861111111111111,0.02859394997358322,1.7612556219100952
graph-small,17,heteroscedastic noise,OOD noise,10,8,0.9967995344777423,0.9431687658043211,0.5616438356164384,0.014327016659080982,1.7623462677001953
graph-small,17,heteroscedastic noise,OOD noise,11,8,0.9945318751667112,0.894685112717819,0.6164383561643836,0.003925119061022997,0.695674479007721
graph-foundation,17,heteroscedastic noise,OOD noise,0,8,0.9981877599524659,0.9501773323450341,0.4722222222222222,0.025436850264668465,1.8212285041809082
graph-foundation,17,heteroscedastic noise,OOD noise,1,8,0.9913977117486339,0.8663809638630071,0.5789473684210527,0.009789584204554558,0.44187501072883606
graph-foundation,17,heteroscedastic noise,OOD noise,2,8,0.9936977396223605,0.8728634732199775,0.527027027027027,0.03779585286974907,1.8256621360778809
graph-foundation,17,heteroscedastic noise,OOD noise,3,8,0.9992957746478873,0.9798626807044657,0.4166666666666667,0.02645033784210682,1.4719935655593872
graph-foundation,17,heteroscedastic noise,OOD noise,4,8,0.9980246057875585,0.9431311435456138,0.4027777777777778,0.017781713977456093,1.9245376586914062
graph-foundation,17,heteroscedastic noise,OOD noise,5,8,0.9979475933423302,0.9452511501601053,0.5,0.012165237218141556,1.6480270624160767
graph-foundation,17,heteroscedastic noise,OOD noise,6,8,0.9965565409479258,0.910048664852098,0.4305555555555556,0.023985007777810097,1.3742458820343018
graph-foundation,17,heteroscedastic noise,OOD noise,7,8,0.9983412055780477,0.9554260713319461,0.5,0.02720239758491516,1.8133388757705688
graph-foundation,17,heteroscedastic noise,OOD noise,8,8,0.9980095068330362,0.95025973906813,0.4722222222222222,0.006202199961990118,1.6172794103622437
graph-foundation,17,heteroscedastic noise,OOD noise,9,8,0.9947710530117001,0.8682713623116912,0.4861111111111111,0.036548588424921036,1.7983219623565674
graph-foundation,17,heteroscedastic noise,OOD noise,10,8,0.9970177480360779,0.9467065022668049,0.5616438356164384,0.017874259501695633,1.7847530841827393
graph-foundation,17,heteroscedastic noise,OOD noise,11,8,0.9944651907175246,0.896290531960361,0.6164383561643836,0.003925119061022997,0.6607246398925781
A-equivariant,17,heteroscedastic noise,OOD noise,0,8,0.9979797979797981,0.9480324184354143,0.4722222222222222,0.024767935276031494,0.3571980595588684
A-equivariant,17,heteroscedastic noise,OOD noise,1,8,0.9921234631147542,0.883344421786906,0.5789473684210527,0.009789584204554558,0.0034195403568446636
A-equivariant,17,heteroscedastic noise,OOD noise,2,8,0.9946654095228643,0.8860486423801653,0.5694444444444444,0.03734297677874565,0.0006798924296163023
A-equivariant,17,heteroscedastic noise,OOD noise,3,8,0.9995305164319249,0.98696047008547,0.4166666666666667,0.02486618421971798,0.0025872725527733564
A-equivariant,17,heteroscedastic noise,OOD noise,4,8,0.9971235487783746,0.9160827212286224,0.4027777777777778,0.04570186510682106,0.2583026587963104
A-equivariant,17,heteroscedastic noise,OOD noise,5,8,0.9979757085020243,0.9467995666035343,0.5,0.011128426529467106,0.015605036169290543
A-equivariant,17,heteroscedastic noise,OOD noise,6,8,0.9972712211285449,0.9240260699553728,0.4305555555555556,0.02019757218658924,0.007550690323114395
A-equivariant,17,heteroscedastic noise,OOD noise,7,8,0.9986223571749888,0.961336414650663,0.5,0.016872534528374672,0.03064536117017269
A-equivariant,17,heteroscedastic noise,OOD noise,8,8,0.9982768865121806,0.9559057869735852,0.4722222222222222,0.007307505235075951,0.29926633834838867
A-equivariant,17,heteroscedastic noise,OOD noise,9,8,0.9955799508883433,0.8806667728932315,0.4861111111111111,0.033054158091545105,0.0005368655547499657
A-equivariant,17,heteroscedastic noise,OOD noise,10,8,0.9976723887110852,0.9590770785117289,0.5616438356164384,0.01308439951390028,0.006317758467048407
A-equivariant,17,heteroscedastic noise,OOD noise,11,8,0.9953098604072197,0.9132691070330722,0.6164383561643836,0.016624152660369873,0.13221333920955658
analytic-Chebyshev,17,heteroscedastic noise,OOD noise,0,8,0.9980986333927511,0.952417816314265,0.4722222222222222,0.024767935276031494,0.007649281062185764
analytic-Chebyshev,17,heteroscedastic noise,OOD noise,1,8,0.9921234631147542,0.883344421786906,0.5789473684210527,0.009789584204554558,0.0016362756723538041
analytic-Chebyshev,17,heteroscedastic noise,OOD noise,2,8,0.9946654095228643,0.8860486423801653,0.5694444444444444,0.03734297677874565,0.019613174721598625
analytic-Chebyshev,17,heteroscedastic noise,OOD noise,3,8,0.9995305164319249,0.98696047008547,0.4166666666666667,0.02486618421971798,0.06098068878054619
analytic-Chebyshev,17,heteroscedastic noise,OOD noise,4,8,0.9985444463697799,0.9568180366864896,0.4027777777777778,0.028195563703775406,0.029696239158511162
analytic-Chebyshev,17,heteroscedastic noise,OOD noise,5,8,0.9980038236617184,0.9480621928661606,0.5,0.011128426529467106,0.026362791657447815
analytic-Chebyshev,17,heteroscedastic noise,OOD noise,6,8,0.9972712211285449,0.9240260699553728,0.4305555555555556,0.02019757218658924,0.002649112371727824
analytic-Chebyshev,17,heteroscedastic noise,OOD noise,7,8,0.9987067026540711,0.9641922112147465,0.5,0.016872534528374672,0.01944681443274021
analytic-Chebyshev,17,heteroscedastic noise,OOD noise,8,8,0.9981877599524659,0.9529385299592399,0.4722222222222222,0.007307505235075951,0.023135071620345116
analytic-Chebyshev,17,heteroscedastic noise,OOD noise,9,8,0.9956377293081035,0.8814855806594991,0.4861111111111111,0.033054158091545105,0.023151565343141556
analytic-Chebyshev,17,heteroscedastic noise,OOD noise,10,8,0.9976723887110852,0.9590770785117286,0.5616438356164384,0.01308439951390028,0.017373615875840187
analytic-Chebyshev,17,heteroscedastic noise,OOD noise,11,8,0.9951542633591179,0.9087731922790935,0.5945945945945946,0.01252327486872673,0.024233877658843994
exact,17,heteroscedastic noise,OOD noise,0,0,0.9980986333927511,0.952417816314265,0.4722222222222222,0.024767935276031494,1.5617955796187744e-05
exact,17,heteroscedastic noise,OOD noise,1,0,0.9921234631147542,0.883344421786906,0.5789473684210527,0.009789584204554558,1.5659139535273425e-05
exact,17,heteroscedastic noise,OOD noise,2,0,0.9946654095228643,0.8860486423801655,0.5694444444444444,0.03734297677874565,1.465242985432269e-05
exact,17,heteroscedastic noise,OOD noise,3,0,0.9995305164319249,0.98696047008547,0.4166666666666667,0.02486618421971798,1.715160942694638e-05
exact,17,heteroscedastic noise,OOD noise,4,0,0.9985444463697799,0.9568180366864896,0.4027777777777778,0.028195563703775406,1.7102673155022785e-05
exact,17,heteroscedastic noise,OOD noise,5,0,0.9979757085020243,0.9467995666035343,0.5,0.011128426529467106,1.628455902391579e-05
exact,17,heteroscedastic noise,OOD noise,6,0,0.9972712211285449,0.9240260699553728,0.4305555555555556,0.02019757218658924,1.5703666576882824e-05
exact,17,heteroscedastic noise,OOD noise,7,0,0.998678587494377,0.9633558910235875,0.5,0.016872534528374672,1.7507494703750126e-05
exact,17,heteroscedastic noise,OOD noise,8,0,0.9981877599524659,0.9529385299592399,0.4722222222222222,0.007307505235075951,1.4740044207428582e-05
exact,17,heteroscedastic noise,OOD noise,9,0,0.9955799508883432,0.8806667728932315,0.4861111111111111,0.033054158091545105,1.6290085113723762e-05
exact,17,heteroscedastic noise,OOD noise,10,0,0.9976723887110852,0.9590770785117286,0.5616438356164384,0.01308439951390028,1.5159928807406686e-05
exact,17,heteroscedastic noise,OOD noise,11,0,0.995154263359118,0.9081791869024793,0.5945945945945946,0.01252327486872673,1.3857713383913506e-05
identity,17,wavenumber 12,OOD frequency,0,8,0.9995833333333334,0.9822986675160588,0.3333333333333333,0.016627132892608643,0.6538546681404114
identity,17,wavenumber 12,OOD frequency,1,8,0.999410847340149,0.9770172048965466,0.4027777777777778,0.012656405568122864,2.1430437564849854
identity,17,wavenumber 12,OOD frequency,2,8,0.9985824092741935,0.9629562773985767,0.4444444444444444,0.012293950654566288,2.182709217071533
identity,17,wavenumber 12,OOD frequency,3,8,0.9986133179257547,0.9816119691119691,0.4657534246575342,0.011014067567884922,2.5648276805877686
identity,17,wavenumber 12,OOD frequency,4,8,0.9989316239316239,0.9701170854250589,0.5,0.043821509927511215,2.301114797592163
identity,17,wavenumber 12,OOD frequency,5,8,0.998802551086815,0.9666959137220629,0.5416666666666666,0.020590132102370262,0.8991169333457947
identity,17,wavenumber 12,OOD frequency,6,8,0.9994299128101946,0.982215554773026,0.4166666666666667,0.019133202731609344,1.5610471963882446
identity,17,wavenumber 12,OOD frequency,7,8,0.9995841275342229,0.987736751529855,0.4027777777777778,0.028427310287952423,1.7055174112319946
identity,17,wavenumber 12,OOD frequency,8,8,0.9985844287158747,0.9648004793830635,0.4861111111111111,0.006314077414572239,1.8963366746902466
identity,17,wavenumber 12,OOD frequency,9,8,0.998830523340805,0.9702169090313437,0.4305555555555556,0.011293726973235607,1.7926727533340454
identity,17,wavenumber 12,OOD frequency,10,8,0.9997997997997998,0.9920312399355877,0.3472222222222222,0.017798036336898804,1.3096436262130737
identity,17,wavenumber 12,OOD frequency,11,8,0.9997597597597597,0.9917333333333334,0.3472222222222222,0.015905532985925674,1.1097357273101807
graph-small,17,wavenumber 12,OOD frequency,0,8,0.9995833333333334,0.9822986675160588,0.3333333333333333,0.016627132892608643,0.6113119125366211
graph-small,17,wavenumber 12,OOD frequency,1,8,0.9994455033789638,0.9782452233659447,0.4027777777777778,0.012656405568122864,2.0775883197784424
graph-small,17,wavenumber 12,OOD frequency,2,8,0.9984248991935484,0.9606609844056092,0.4444444444444444,0.01242904830724001,2.223611354827881
graph-small,17,wavenumber 12,OOD frequency,3,8,0.9987288747652752,0.9840867992766728,0.4657534246575342,0.01746746525168419,2.5485332012176514
graph-small,17,wavenumber 12,OOD frequency,4,8,0.9989597390913181,0.9719536810748497,0.5,0.04396200180053711,2.3268892765045166
graph-small,17,wavenumber 12,OOD frequency,5,8,0.9987765195887023,0.9669316500296862,0.5416666666666666,0.019125081598758698,0.8813671469688416
graph-small,17,wavenumber 12,OOD frequency,6,8,0.9994634473507713,0.9831564149880797,0.4166666666666667,0.019133202731609344,1.569193959236145
graph-small,17,wavenumber 12,OOD frequency,7,8,0.9996187835730376,0.9888465414624745,0.4027777777777778,0.028427310287952423,1.6385537385940552
graph-small,17,wavenumber 12,OOD frequency,8,8,0.9986422071356349,0.9673193313959678,0.4861111111111111,0.012472408823668957,1.8865716457366943
graph-small,17,wavenumber 12,OOD frequency,9,8,0.9987980378780495,0.9691442886595021,0.4305555555555556,0.011293726973235607,1.7885695695877075
graph-small,17,wavenumber 12,OOD frequency,10,8,0.9997997997997998,0.992031239935588,0.3472222222222222,0.017798036336898804,1.3133046627044678
graph-small,17,wavenumber 12,OOD frequency,11,8,0.9997597597597597,0.9917333333333334,0.3472222222222222,0.015905532985925674,1.0462391376495361
graph-foundation,17,wavenumber 12,OOD frequency,0,8,0.9995833333333334,0.9822986675160585,0.3333333333333333,0.016627132892608643,0.6305156350135803
graph-foundation,17,wavenumber 12,OOD frequency,1,8,0.9994455033789638,0.9782452233659447,0.4027777777777778,0.012656405568122864,2.093466281890869
graph-foundation,17,wavenumber 12,OOD frequency,2,8,0.9985509072580645,0.9632424784952555,0.4444444444444444,0.01242904830724001,2.2075705528259277
graph-foundation,17,wavenumber 12,OOD frequency,3,8,0.9986133179257547,0.9810792804796802,0.4657534246575342,0.011014067567884922,2.5431690216064453
graph-foundation,17,wavenumber 12,OOD frequency,4,8,0.9987910481331534,0.9670771669093747,0.5,0.04753396287560463,2.3311376571655273
graph-foundation,17,wavenumber 12,OOD frequency,5,8,0.9988806455811533,0.9681634745926747,0.5416666666666666,0.019125081598758698,0.9062075018882751
graph-foundation,17,wavenumber 12,OOD frequency,6,8,0.9994299128101946,0.982215554773026,0.4166666666666667,0.019133202731609344,1.5238932371139526
graph-foundation,17,wavenumber 12,OOD frequency,7,8,0.9996187835730376,0.9888465414624749,0.4027777777777778,0.028427310287952423,1.6505955457687378
graph-foundation,17,wavenumber 12,OOD frequency,8,8,0.998411093456594,0.9619077894315621,0.4861111111111111,0.009041843004524708,1.8919618129730225
graph-foundation,17,wavenumber 12,OOD frequency,9,8,0.9988954942663159,0.9713677381279062,0.4305555555555556,0.011293726973235607,1.7419376373291016
graph-foundation,17,wavenumber 12,OOD frequency,10,8,0.9997997997997998,0.9920312399355877,0.3472222222222222,0.017798036336898804,1.3221884965896606
graph-foundation,17,wavenumber 12,OOD frequency,11,8,0.9997597597597597,0.9917333333333336,0.3472222222222222,0.015905532985925674,1.0168981552124023
A-equivariant,17,wavenumber 12,OOD frequency,0,8,0.9995833333333334,0.9829574994248906,0.3333333333333333,0.018761666491627693,0.053384117782115936
A-equivariant,17,wavenumber 12,OOD frequency,1,8,0.9993068792237048,0.974565652584916,0.4027777777777778,0.018777206540107727,0.025034960359334946
A-equivariant,17,wavenumber 12,OOD frequency,2,8,0.9988974294354839,0.9708344668185938,0.4444444444444444,0.007873129099607468,0.03365972638130188
A-equivariant,17,wavenumber 12,OOD frequency,3,8,0.9983244258269536,0.9772749099639856,0.4657534246575342,0.018518850207328796,0.05600469931960106
A-equivariant,17,wavenumber 12,OOD frequency,4,8,0.9989316239316239,0.9700031260540152,0.5,0.03332368656992912,0.011646131053566933
A-equivariant,17,wavenumber 12,OOD frequency,5,8,0.9988546140830405,0.9697926391914622,0.5416666666666666,0.02350532077252865,0.1442742496728897
A-equivariant,17,wavenumber 12,OOD frequency,6,8,0.9993963782696177,0.9807224219073442,0.4166666666666667,0.018786277621984482,0.0002698795578908175
A-equivariant,17,wavenumber 12,OOD frequency,7,8,0.9993761913013343,0.9815930805919679,0.4027777777777778,0.028427310287952423,0.22373344004154205
A-equivariant,17,wavenumber 12,OOD frequency,8,8,0.9982666474071934,0.9598079159242562,0.4861111111111111,0.012804698199033737,0.04181835800409317
A-equivariant,17,wavenumber 12,OOD frequency,9,8,0.9988630088035604,0.9701315686574415,0.4305555555555556,0.013436011038720608,0.0015569021925330162
A-equivariant,17,wavenumber 12,OOD frequency,10,8,0.9997197197197197,0.9888903067946548,0.3472222222222222,0.025046177208423615,0.22868064045906067
A-equivariant,17,wavenumber 12,OOD frequency,11,8,0.9993593593593594,0.977983326477444,0.3472222222222222,0.007790903560817242,0.23464825749397278
analytic-Chebyshev,17,wavenumber 12,OOD frequency,0,8,0.9995833333333334,0.9829574994248906,0.3333333333333333,0.018761666491627693,0.027816807851195335
analytic-Chebyshev,17,wavenumber 12,OOD frequency,1,8,0.9993068792237048,0.9745656525849158,0.4027777777777778,0.018777206540107727,0.003775191493332386
analytic-Chebyshev,17,wavenumber 12,OOD frequency,2,8,0.9988974294354839,0.9708344668185938,0.4444444444444444,0.007873129099607468,0.003832399845123291
analytic-Chebyshev,17,wavenumber 12,OOD frequency,3,8,0.9982955366170735,0.9766825754692121,0.4657534246575342,0.018518850207328796,0.01682213693857193
analytic-Chebyshev,17,wavenumber 12,OOD frequency,4,8,0.9989316239316239,0.9700031260540152,0.5,0.03332368656992912,0.013931864872574806
analytic-Chebyshev,17,wavenumber 12,OOD frequency,5,8,0.998906677079266,0.9711702404907495,0.5416666666666666,0.02350532077252865,0.0031053030397742987
analytic-Chebyshev,17,wavenumber 12,OOD frequency,6,8,0.9993963782696177,0.9807224219073442,0.4166666666666667,0.018786277621984482,0.01711430773139
analytic-Chebyshev,17,wavenumber 12,OOD frequency,7,8,0.9993761913013343,0.9815930805919683,0.4027777777777778,0.028427310287952423,0.008753793314099312
analytic-Chebyshev,17,wavenumber 12,OOD frequency,8,8,0.9982666474071934,0.9598079159242563,0.4861111111111111,0.012804698199033737,0.008627819828689098
analytic-Chebyshev,17,wavenumber 12,OOD frequency,9,8,0.9988630088035604,0.9701315686574415,0.4305555555555556,0.013436011038720608,0.012217138893902302
analytic-Chebyshev,17,wavenumber 12,OOD frequency,10,8,0.9996796796796796,0.986985544889893,0.3472222222222222,0.015280808322131634,0.003623391967266798
analytic-Chebyshev,17,wavenumber 12,OOD frequency,11,8,0.9996796796796796,0.9883275362318842,0.3472222222222222,0.015905532985925674,0.008426402695477009
exact,17,wavenumber 12,OOD frequency,0,0,0.9995833333333334,0.9829574994248906,0.3333333333333333,0.018761666491627693,1.637127024878282e-05
exact,17,wavenumber 12,OOD frequency,1,0,0.9993068792237048,0.9745656525849158,0.4027777777777778,0.018777206540107727,1.487236932007363e-05
exact,17,wavenumber 12,OOD frequency,2,0,0.9988974294354839,0.9708344668185938,0.4444444444444444,0.007873129099607468,1.3624962775793392e-05
exact,17,wavenumber 12,OOD frequency,3,0,0.9982955366170735,0.9766825754692121,0.4657534246575342,0.018518850207328796,1.4473885130428243e-05
exact,17,wavenumber 12,OOD frequency,4,0,0.9989316239316239,0.9700031260540152,0.5,0.03332368656992912,1.4165036191116087e-05
exact,17,wavenumber 12,OOD frequency,5,0,0.998906677079266,0.9711702404907495,0.5416666666666666,0.02350532077252865,1.2320732821535785e-05
exact,17,wavenumber 12,OOD frequency,6,0,0.9993963782696177,0.9807224219073442,0.4166666666666667,0.018786277621984482,1.3869726899429224e-05
exact,17,wavenumber 12,OOD frequency,7,0,0.9993761913013343,0.9815930805919679,0.4027777777777778,0.028427310287952423,1.4738936442881823e-05
exact,17,wavenumber 12,OOD frequency,8,0,0.9982666474071934,0.9598079159242563,0.4861111111111111,0.012804698199033737,1.4257461771194357e-05
exact,17,wavenumber 12,OOD frequency,9,0,0.9988630088035604,0.9701315686574415,0.4305555555555556,0.013436011038720608,1.519087436463451e-05
exact,17,wavenumber 12,OOD frequency,10,0,0.9996796796796796,0.9869855448898928,0.3472222222222222,0.015280808322131634,1.4967380593589041e-05
exact,17,wavenumber 12,OOD frequency,11,0,0.9996796796796796,0.9883275362318841,0.3472222222222222,0.015905532985925674,1.5261022781487554e-05
identity,17,mirrored kites,lsmlab-inspired,0,8,0.9994353472614342,0.9777229635353204,0.3194444444444444,0.008918478153645992,0.933494508266449
identity,17,mirrored kites,lsmlab-inspired,1,8,0.9980380380380381,0.9521995548311338,0.3472222222222222,0.0077409762889146805,1.1519824266433716
identity,17,mirrored kites,lsmlab-inspired,2,8,0.9978418375211963,0.9388363438253555,0.3611111111111111,0.03504222258925438,1.112616777420044
identity,17,mirrored kites,lsmlab-inspired,3,8,0.9987403900447378,0.9475960145714399,0.3194444444444444,0.05216693505644798,0.6898983120918274
identity,17,mirrored kites,lsmlab-inspired,4,8,0.9978778778778779,0.9380427887901572,0.3472222222222222,0.01132543571293354,1.3147727251052856
identity,17,mirrored kites,lsmlab-inspired,5,8,0.9964764764764765,0.8964933835043193,0.3472222222222222,0.030772915109992027,1.0665779113769531
identity,17,mirrored kites,lsmlab-inspired,6,8,0.9999447757897062,0.9970760233918128,0.25,0.008173245936632156,0.352702260017395
identity,17,mirrored kites,lsmlab-inspired,7,8,0.9964383442644312,0.8904570086414884,0.3194444444444444,0.02483503706753254,1.036126732826233
identity,17,mirrored kites,lsmlab-inspired,8,8,0.9966666666666667,0.8863727693160706,0.3333333333333333,0.007753879297524691,0.8493801951408386
identity,17,mirrored kites,lsmlab-inspired,9,8,0.9993649065505353,0.9761547230199268,0.3055555555555556,0.013899222016334534,0.7671005129814148
identity,17,mirrored kites,lsmlab-inspired,10,8,0.9977910315882483,0.9228461081402257,0.25,0.021612636744976044,0.35972630977630615
identity,17,mirrored kites,lsmlab-inspired,11,8,0.9970652698837252,0.912637527474415,0.375,0.005369652062654495,1.0605946779251099
graph-small,17,mirrored kites,lsmlab-inspired,0,8,0.9995222169135213,0.9817441222923262,0.3194444444444444,0.008918478153645992,0.9350607395172119
graph-small,17,mirrored kites,lsmlab-inspired,1,8,0.9975575575575576,0.9374533310093953,0.3472222222222222,0.0062201134860515594,1.1426571607589722
graph-small,17,mirrored kites,lsmlab-inspired,2,8,0.997957453368275,0.9419481875052482,0.3611111111111111,0.03504222258925438,1.1283409595489502
graph-small,17,mirrored kites,lsmlab-inspired,3,8,0.9987403900447378,0.9475960145714397,0.3194444444444444,0.04515300318598747,0.6796661615371704
graph-small,17,mirrored kites,lsmlab-inspired,4,8,0.9979979979979979,0.9452963825055092,0.3472222222222222,0.012323207221925259,1.303337812423706
graph-small,17,mirrored kites,lsmlab-inspired,5,8,0.9965965965965966,0.9018326221614301,0.3472222222222222,0.031197139993309975,1.0650840997695923
graph-small,17,mirrored kites,lsmlab-inspired,6,8,0.9999447757897062,0.997076023391813,0.25,0.008173245936632156,0.337272971868515
graph-small,17,mirrored kites,lsmlab-inspired,7,8,0.9964383442644312,0.8887726186383476,0.3194444444444444,0.026215802878141403,1.029642105102539
graph-small,17,mirrored kites,lsmlab-inspired,8,8,0.9967083333333333,0.8869825254136314,0.3333333333333333,0.007753879297524691,0.8288735151290894
graph-small,17,mirrored kites,lsmlab-inspired,9,8,0.9993195427327164,0.9747949716601755,0.3055555555555556,0.013899222016334534,0.7536854147911072
graph-small,17,mirrored kites,lsmlab-inspired,10,8,0.9977910315882483,0.9228461081402257,0.25,0.021612636744976044,0.35777780413627625
graph-small,17,mirrored kites,lsmlab-inspired,11,8,0.9963594487165199,0.897281585368753,0.375,0.0032146864105015993,1.0720165967941284
graph-foundation,17,mirrored kites,lsmlab-inspired,0,8,0.9994353472614342,0.9777229635353204,0.3194444444444444,0.008918478153645992,0.9399466514587402
graph-foundation,17,mirrored kites,lsmlab-inspired,1,8,0.997957957957958,0.941117268148314,0.3472222222222222,0.0047857798635959625,1.148446798324585
graph-foundation,17,mirrored kites,lsmlab-inspired,2,8,0.9979189147525821,0.9402831858402466,0.3611111111111111,0.0379924438893795,1.1205884218215942
graph-foundation,17,mirrored kites,lsmlab-inspired,3,8,0.9987403900447378,0.9475960145714399,0.3194444444444444,0.04874586686491966,0.6787928938865662
graph-foundation,17,mirrored kites,lsmlab-inspired,4,8,0.9977577577577578,0.937992829059965,0.3472222222222222,0.013081354089081287,1.3122859001159668
graph-foundation,17,mirrored kites,lsmlab-inspired,5,8,0.9965165165165165,0.8976069326212,0.3472222222222222,0.03549272567033768,1.0853205919265747
graph-foundation,17,mirrored kites,lsmlab-inspired,6,8,0.9999447757897062,0.997076023391813,0.25,0.008173245936632156,0.3398197293281555
graph-foundation,17,mirrored kites,lsmlab-inspired,7,8,0.9963514746123442,0.882186331949759,0.3194444444444444,0.027909860014915466,1.0353459119796753
graph-foundation,17,mirrored kites,lsmlab-inspired,8,8,0.9967083333333333,0.8869825254136314,0.3333333333333333,0.013770165853202343,0.818693220615387
graph-foundation,17,mirrored kites,lsmlab-inspired,9,8,0.9993195427327164,0.9747949716601755,0.3055555555555556,0.013899222016334534,0.7829057574272156
graph-foundation,17,mirrored kites,lsmlab-inspired,10,8,0.9977910315882483,0.9228461081402257,0.25,0.021612636744976044,0.3482365906238556
graph-foundation,17,mirrored kites,lsmlab-inspired,11,8,0.9971395668486942,0.9103301217356372,0.375,0.0030224714428186417,1.0985972881317139
A-equivariant,17,mirrored kites,lsmlab-inspired,0,8,0.9996090865656083,0.985067460623161,0.3194444444444444,0.0023208020720630884,0.0006755369249731302
A-equivariant,17,mirrored kites,lsmlab-inspired,1,8,0.997877877877878,0.9457937653498294,0.3472222222222222,0.005345720332115889,0.0035563274286687374
A-equivariant,17,mirrored kites,lsmlab-inspired,2,8,0.9986126098350547,0.956480447582211,0.3611111111111111,0.021025167778134346,0.010810286737978458
A-equivariant,17,mirrored kites,lsmlab-inspired,3,8,0.9976979542196933,0.9157095334006878,0.3194444444444444,0.062935009598732,0.2914852201938629
A-equivariant,17,mirrored kites,lsmlab-inspired,4,8,0.9975975975975976,0.9321298707902828,0.3472222222222222,0.015876566991209984,0.011719333939254284
A-equivariant,17,mirrored kites,lsmlab-inspired,5,8,0.9966366366366366,0.8961348593371921,0.3472222222222222,0.025862855836749077,0.02267448604106903
A-equivariant,17,mirrored kites,lsmlab-inspired,6,8,0.9999447757897062,0.997076023391813,0.25,0.008173245936632156,0.002047616755589843
A-equivariant,17,mirrored kites,lsmlab-inspired,7,8,0.9965252139165183,0.8898411496496703,0.3194444444444444,0.018627289682626724,0.04996924102306366
A-equivariant,17,mirrored kites,lsmlab-inspired,8,8,0.9966666666666667,0.8920057592537349,0.3333333333333333,0.007753879297524691,0.0603913739323616
A-equivariant,17,mirrored kites,lsmlab-inspired,9,8,0.9989566321901652,0.9624579124579125,0.3055555555555556,0.013899222016334534,0.026318218559026718
A-equivariant,17,mirrored kites,lsmlab-inspired,10,8,0.9977910315882483,0.9272069061542747,0.25,0.011558790691196918,0.12082324922084808
A-equivariant,17,mirrored kites,lsmlab-inspired,11,8,0.9954307366544076,0.8804780754901449,0.375,0.015487437136471272,0.292375773191452
analytic-Chebyshev,17,mirrored kites,lsmlab-inspired,0,8,0.9996090865656083,0.985067460623161,0.3194444444444444,0.0023208020720630884,0.08071812242269516
analytic-Chebyshev,17,mirrored kites,lsmlab-inspired,1,8,0.997917917917918,0.9450963294523935,0.3472222222222222,0.005345720332115889,0.09447536617517471
analytic-Chebyshev,17,mirrored kites,lsmlab-inspired,2,8,0.9986126098350547,0.956480447582211,0.3611111111111111,0.021025167778134346,0.022293556481599808
analytic-Chebyshev,17,mirrored kites,lsmlab-inspired,3,8,0.998827259696825,0.9500661355972211,0.3194444444444444,0.04073137417435646,0.06867453455924988
analytic-Chebyshev,17,mirrored kites,lsmlab-inspired,4,8,0.9975975975975976,0.9321298707902828,0.3472222222222222,0.015876566991209984,0.0023153373040258884
analytic-Chebyshev,17,mirrored kites,lsmlab-inspired,5,8,0.9966366366366366,0.8961348593371921,0.3472222222222222,0.025862855836749077,0.0736815333366394
analytic-Chebyshev,17,mirrored kites,lsmlab-inspired,6,8,0.9999447757897062,0.9970760233918128,0.25,0.008173245936632156,0.0030134287662804127
analytic-Chebyshev,17,mirrored kites,lsmlab-inspired,7,8,0.9964817790904748,0.88950444931297,0.3194444444444444,0.018627289682626724,0.015322640538215637
analytic-Chebyshev,17,mirrored kites,lsmlab-inspired,8,8,0.9966666666666667,0.8920057592537349,0.3333333333333333,0.007753879297524691,0.002429947489872575
analytic-Chebyshev,17,mirrored kites,lsmlab-inspired,9,8,0.9989566321901652,0.9624579124579125,0.3055555555555556,0.013899222016334534,0.0028872385155409575
analytic-Chebyshev,17,mirrored kites,lsmlab-inspired,10,8,0.9977910315882482,0.9272069061542747,0.25,0.011558790691196918,0.0019914857111871243
analytic-Chebyshev,17,mirrored kites,lsmlab-inspired,11,8,0.9966566365763958,0.9004707447279697,0.375,0.008166364394128323,0.04392349347472191
exact,17,mirrored kites,lsmlab-inspired,0,0,0.9996090865656083,0.985067460623161,0.3194444444444444,0.0023208020720630884,2.2644429918727838e-05
exact,17,mirrored kites,lsmlab-inspired,1,0,0.9978378378378379,0.9452083994961709,0.3472222222222222,0.005345720332115889,1.9546079784049653e-05
exact,17,mirrored kites,lsmlab-inspired,2,0,0.9986126098350547,0.956480447582211,0.3611111111111111,0.021025167778134346,2.0994426449760795e-05
exact,17,mirrored kites,lsmlab-inspired,3,0,0.998827259696825,0.9500661355972211,0.3194444444444444,0.04073137417435646,2.276114173582755e-05
exact,17,mirrored kites,lsmlab-inspired,4,0,0.9975975975975976,0.9321298707902828,0.3472222222222222,0.015876566991209984,2.0386254618642852e-05
exact,17,mirrored kites,lsmlab-inspired,5,0,0.9966366366366366,0.8961348593371921,0.3472222222222222,0.025862855836749077,2.3544409486930817e-05
exact,17,mirrored kites,lsmlab-inspired,6,0,0.9999447757897062,0.997076023391813,0.25,0.008173245936632156,2.555827632022556e-05
exact,17,mirrored kites,lsmlab-inspired,7,0,0.9964817790904748,0.88950444931297,0.3194444444444444,0.018627289682626724,2.1462134100147523e-05
exact,17,mirrored kites,lsmlab-inspired,8,0,0.9966666666666667,0.8920057592537349,0.3333333333333333,0.007753879297524691,2.185696030210238e-05
exact,17,mirrored kites,lsmlab-inspired,9,0,0.9989566321901652,0.9624579124579125,0.3055555555555556,0.013899222016334534,2.060515726043377e-05
exact,17,mirrored kites,lsmlab-inspired,10,0,0.9977910315882482,0.9272069061542746,0.25,0.011558790691196918,2.4514918550266884e-05
exact,17,mirrored kites,lsmlab-inspired,11,0,0.9966937850588803,0.9010039468115594,0.375,0.008166364394128323,2.1443487639771774e-05
