mixture,dim,rank_value,rank,step,train_mse,test_mse
dense,1,1,1,0,1.0474512577056885,1.1976301670074463
dense,1,1,1,10,1.0240980386734009,1.141426920890808
dense,1,1,1,20,0.9448076486587524,1.0781657695770264
dense,1,1,1,30,0.9319479465484619,0.9679208397865295
dense,1,1,1,40,0.7481638789176941,0.8029654026031494
dense,1,1,1,50,0.5305558443069458,0.5520662665367126
dense,1,1,1,60,0.21444757282733917,0.21718771755695343
dense,1,1,1,70,0.1564749926328659,0.16285791993141174
dense,1,1,1,80,0.24331143498420715,0.25884050130844116
dense,1,1,1,90,0.177536740899086,0.16841134428977966
dense,1,1,1,100,0.10922197252511978,0.11806465685367584
dense,1,1,1,110,0.06813497841358185,0.07242672145366669
dense,1,1,1,120,0.04403005912899971,0.047086961567401886
dense,1,1,1,130,0.025710580870509148,0.028063669800758362
dense,1,1,1,140,0.1819465011358261,0.1799069195985794
dense,1,1,1,150,0.07913665473461151,0.09175612777471542
dense,1,1,1,160,0.0404549315571785,0.03995943069458008
dense,1,2,2,0,1.8811516761779785,2.1994261741638184
dense,1,2,2,10,1.0760552883148193,1.2756125926971436
dense,1,2,2,20,0.899275004863739,1.0092134475708008
dense,1,2,2,30,0.7296642065048218,0.7746857404708862
dense,1,2,2,40,0.572857141494751,0.5941470861434937
dense,1,2,2,50,0.4281971752643585,0.45327049493789673
dense,1,2,2,60,0.4578605890274048,0.5224888324737549
dense,1,2,2,70,0.3243154287338257,0.36944788694381714
dense,1,2,2,80,0.2743814289569855,0.2845305800437927
dense,1,2,2,90,0.13215374946594238,0.13155730068683624
dense,1,2,2,100,0.06656569242477417,0.0797237679362297
dense,1,2,2,110,0.022689834237098694,0.025598514825105667
dense,1,2,2,120,0.016106320545077324,0.016922123730182648
dense,1,2,2,130,0.009069068357348442,0.009879132732748985
dense,1,2,2,140,0.004776014946401119,0.006094485986977816
dense,1,2,2,150,0.003577213268727064,0.004727674648165703
dense,1,2,2,160,0.002677492331713438,0.003455090569332242
dense,1,4,4,0,10.266199111938477,10.962162017822266
dense,1,4,4,10,1.8921914100646973,1.816968321800232
dense,1,4,4,20,1.0080769062042236,1.1414047479629517
dense,1,4,4,30,0.9524030089378357,1.0769741535186768
dense,1,4,4,40,0.8560513854026794,0.9535316228866577
dense,1,4,4,50,0.7498956322669983,0.8331921100616455
dense,1,4,4,60,0.6208704710006714,0.6989965438842773
dense,1,4,4,70,0.4690438508987427,0.520870566368103
dense,1,4,4,80,0.2813270092010498,0.3036526143550873
dense,1,4,4,90,0.16203725337982178,0.16054990887641907
dense,1,4,4,100,0.07745907455682755,0.07536996901035309
dense,1,4,4,110,0.07127630710601807,0.06593869626522064
dense,1,4,4,120,0.05273061618208885,0.06282631307840347
dense,1,4,4,130,0.027415117248892784,0.025810888037085533
dense,1,4,4,140,0.017408067360520363,0.020202118903398514
dense,1,4,4,150,0.010099655017256737,0.009370610117912292
dense,1,4,4,160,0.02754882723093033,0.02636442892253399
dense,1,8,8,0,5.991482734680176,6.580253601074219
dense,1,8,8,10,1.0324699878692627,1.1771283149719238
dense,1,8,8,20,0.9219552278518677,1.0545318126678467
dense,1,8,8,30,0.8192265629768372,0.9103065729141235
dense,1,8,8,40,0.7201330661773682,0.7909432053565979
dense,1,8,8,50,0.5845350623130798,0.6577613353729248
dense,1,8,8,60,0.4018872380256653,0.44497013092041016
dense,1,8,8,70,0.30788755416870117,0.35245516896247864
dense,1,8,8,80,0.18850846588611603,0.19032274186611176
dense,1,8,8,90,0.06261289119720459,0.06791453063488007
dense,1,8,8,100,0.042518533766269684,0.039703864604234695
dense,1,8,8,110,0.014455698430538177,0.01795661821961403
dense,1,8,8,120,0.02476351335644722,0.02986583299934864
dense,1,8,8,130,0.02038344368338585,0.023891214281320572
dense,1,8,8,140,0.014851100742816925,0.017015015706419945
dense,1,8,8,150,0.006460360251367092,0.008015759289264679
dense,1,8,8,160,0.002594294957816601,0.0033495144452899694
dense,1,16,16,0,1.020513653755188,1.1497268676757812
dense,1,16,16,10,0.9370758533477783,1.0523545742034912
dense,1,16,16,20,0.7974821329116821,0.8823070526123047
dense,1,16,16,30,0.6565375328063965,0.7353226542472839
dense,1,16,16,40,0.4768860936164856,0.5376551151275635
dense,1,16,16,50,0.3273093104362488,0.39098572731018066
dense,1,16,16,60,0.20409801602363586,0.23559200763702393
dense,1,16,16,70,0.11725912988185883,0.14135318994522095
dense,1,16,16,80,0.05471125617623329,0.06320031732320786
dense,1,16,16,90,0.02251248247921467,0.02694491669535637
dense,1,16,16,100,0.007805884350091219,0.00961075909435749
dense,1,16,16,110,0.003595736576244235,0.0032236850820481777
dense,1,16,16,120,0.010112661868333817,0.011690455488860607
dense,1,16,16,130,0.001031465595588088,0.0014305668883025646
dense,1,16,16,140,0.006921484600752592,0.008099585771560669
dense,1,16,16,150,0.0030672005377709866,0.0038126076105982065
dense,1,16,16,160,0.0028602166566997766,0.0025017193984240294
dense,1,32,32,0,0.9930191040039062,1.1348321437835693
dense,1,32,32,10,0.9915772080421448,1.147594928741455
dense,1,32,32,20,0.9040975570678711,1.03121018409729
dense,1,32,32,30,0.7957098484039307,0.8734840750694275
dense,1,32,32,40,0.7010299563407898,0.7858389616012573
dense,1,32,32,50,0.5950058698654175,0.6648208498954773
dense,1,32,32,60,0.5315783619880676,0.529874324798584
dense,1,32,32,70,0.2951411306858063,0.32833296060562134
dense,1,32,32,80,0.2904755473136902,0.2725086510181427
dense,1,32,32,90,0.14458884298801422,0.17086416482925415
dense,1,32,32,100,0.06281746178865433,0.05829277262091637
dense,1,32,32,110,0.014329378493130207,0.014096762984991074
dense,1,32,32,120,0.029711131006479263,0.03380820155143738
dense,1,32,32,130,0.003423549933359027,0.004743561148643494
dense,1,32,32,140,0.008337232284247875,0.007309380918741226
dense,1,32,32,150,0.0057097491808235645,0.006821556948125362
dense,1,32,32,160,0.022358616814017296,0.02387695573270321
dense,1,64,64,0,1.2025740146636963,1.236571192741394
dense,1,64,64,10,0.9655375480651855,1.107863426208496
dense,1,64,64,20,0.8725520968437195,0.9835425615310669
dense,1,64,64,30,0.7766664028167725,0.8633319139480591
dense,1,64,64,40,0.678997814655304,0.754508912563324
dense,1,64,64,50,0.616709291934967,0.6580555438995361
dense,1,64,64,60,0.5127511620521545,0.5446228981018066
dense,1,64,64,70,0.35723939538002014,0.38937652111053467
dense,1,64,64,80,0.23110473155975342,0.25818413496017456
dense,1,64,64,90,0.11105303466320038,0.10583581775426865
dense,1,64,64,100,0.1269882768392563,0.1503145396709442
dense,1,64,64,110,0.03108283504843712,0.037364546209573746
dense,1,64,64,120,0.007210077717900276,0.006817923858761787
dense,1,64,64,130,0.009421655908226967,0.009354927577078342
dense,1,64,64,140,0.004887017421424389,0.005251485854387283
dense,1,64,64,150,0.0018270163564011455,0.0021590827964246273
dense,1,64,64,160,0.0027881681453436613,0.0027654841542243958
dense,1,128,128,0,1.0114866495132446,1.1174405813217163
dense,1,128,128,10,0.9899815320968628,1.1469104290008545
dense,1,128,128,20,0.8825101852416992,0.9618179202079773
dense,1,128,128,30,0.8349518775939941,0.8685766458511353
dense,1,128,128,40,0.7060999274253845,0.7745908498764038
dense,1,128,128,50,0.7484714984893799,0.8566763401031494
dense,1,128,128,60,0.5524392127990723,0.5858184695243835
dense,1,128,128,70,0.8774991631507874,0.9886167645454407
dense,1,128,128,80,0.43256908655166626,0.4547125995159149
dense,1,128,128,90,0.24057209491729736,0.24779462814331055
dense,1,128,128,100,0.09684361517429352,0.10726015269756317
dense,1,128,128,110,0.09937397390604019,0.10229898989200592
dense,1,128,128,120,0.046987466514110565,0.05081094056367874
dense,1,128,128,130,0.01647539623081684,0.014125975780189037
dense,1,128,128,140,0.005956009961664677,0.007871470414102077
dense,1,128,128,150,0.002338860649615526,0.0029302635230123997
dense,1,128,128,160,0.001866840524598956,0.0019163276301696897
dense,1,256,256,0,1.0075223445892334,1.1214492321014404
dense,1,256,256,10,0.965825080871582,1.076168179512024
dense,1,256,256,20,0.8770485520362854,0.9430384635925293
dense,1,256,256,30,0.7885477542877197,0.8661258220672607
dense,1,256,256,40,0.7373730540275574,0.7556886672973633
dense,1,256,256,50,0.5912591814994812,0.6458072066307068
dense,1,256,256,60,0.4904288053512573,0.5509309768676758
dense,1,256,256,70,0.47762539982795715,0.45443400740623474
dense,1,256,256,80,0.10156948864459991,0.12104758620262146
dense,1,256,256,90,0.22778302431106567,0.24116617441177368
dense,1,256,256,100,0.06983942538499832,0.08766346424818039
dense,1,256,256,110,0.024166960269212723,0.023820731788873672
dense,1,256,256,120,0.0143890380859375,0.015437648631632328
dense,1,256,256,130,0.005278351716697216,0.006463703233748674
dense,1,256,256,140,0.04406494274735451,0.0398409366607666
dense,1,256,256,150,0.04128632694482803,0.04037455469369888
dense,1,256,256,160,0.011665971018373966,0.011607744731009007
dense,1,512,512,0,1.0111362934112549,1.1179741621017456
dense,1,512,512,10,1.0100513696670532,1.1755210161209106
dense,1,512,512,20,0.9843103289604187,1.0253121852874756
dense,1,512,512,30,0.9087018966674805,1.0199754238128662
dense,1,512,512,40,0.7647716999053955,0.8321545720100403
dense,1,512,512,50,0.6198515295982361,0.6959034204483032
dense,1,512,512,60,0.39507806301116943,0.4017297327518463
dense,1,512,512,70,0.2887476682662964,0.34133440256118774
dense,1,512,512,80,0.10262042284011841,0.1187894195318222
dense,1,512,512,90,0.039022400975227356,0.03641611710190773
dense,1,512,512,100,0.04604179412126541,0.04213844984769821
dense,1,512,512,110,0.013762644492089748,0.014055912382900715
dense,1,512,512,120,0.003478856524452567,0.003725492162629962
dense,1,512,512,130,0.0017307500820606947,0.0021889270283281803
dense,1,512,512,140,0.0015623115468770266,0.0017812787555158138
dense,1,512,512,150,0.0017528451280668378,0.0018660826608538628
dense,1,512,512,160,0.0311993807554245,0.029973961412906647
dense,1,1024,full,0,1.0114690065383911,1.118959665298462
dense,1,1024,full,10,0.9961236119270325,1.1357725858688354
dense,1,1024,full,20,0.9712884426116943,1.1012043952941895
dense,1,1024,full,30,0.9049502611160278,1.0101040601730347
dense,1,1024,full,40,0.8480146527290344,0.9198184609413147
dense,1,1024,full,50,0.8115447163581848,0.8880083560943604
dense,1,1024,full,60,0.7729597091674805,0.8444989919662476
dense,1,1024,full,70,0.7313225269317627,0.8266757726669312
dense,1,1024,full,80,0.6694263815879822,0.7654795050621033
dense,1,1024,full,90,0.590172529220581,0.6714568138122559
dense,1,1024,full,100,0.49330681562423706,0.5612620115280151
dense,1,1024,full,110,0.4283490777015686,0.4967341721057892
dense,1,1024,full,120,0.247015118598938,0.26448923349380493
dense,1,1024,full,130,0.15494289994239807,0.1644715666770935
dense,1,1024,full,140,0.1462707221508026,0.17001894116401672
dense,1,1024,full,150,0.0571318119764328,0.06386645883321762
dense,1,1024,full,160,0.0676509290933609,0.0640912801027298
dense,2,1,1,0,29.237009048461914,28.209266662597656
dense,2,1,1,10,1.0267226696014404,0.9375823140144348
dense,2,1,1,20,1.015582799911499,0.9474499225616455
dense,2,1,1,30,1.0472497940063477,0.9548758268356323
dense,2,1,1,40,1.007812261581421,0.9266331791877747
dense,2,1,1,50,1.0048248767852783,0.9249534606933594
dense,2,1,1,60,1.000456690788269,0.9285954833030701
dense,2,1,1,70,1.0012257099151611,0.9304835796356201
dense,2,1,1,80,0.9999638795852661,0.9267649054527283
dense,2,1,1,90,0.9999897480010986,0.9253237247467041
dense,2,1,1,100,0.9999392032623291,0.9255267977714539
dense,2,1,1,110,0.9998942613601685,0.9261149168014526
dense,2,1,1,120,0.9998956918716431,0.9262601733207703
dense,2,1,1,130,0.9998840093612671,0.92606121301651
dense,2,1,1,140,0.9998788833618164,0.925938606262207
dense,2,1,1,150,0.999872624874115,0.9259660243988037
dense,2,1,1,160,0.9998663663864136,0.9260055422782898
dense,2,2,2,0,1.0344527959823608,0.9391557574272156
dense,2,2,2,10,0.9798488020896912,0.891595721244812
dense,2,2,2,20,0.901311457157135,0.8498361110687256
dense,2,2,2,30,0.7032225728034973,0.6664991974830627
dense,2,2,2,40,0.6273031830787659,0.6407798528671265
dense,2,2,2,50,0.5868844985961914,0.6166518330574036
dense,2,2,2,60,0.5523747801780701,0.6064009666442871
dense,2,2,2,70,0.5378808379173279,0.6089930534362793
dense,2,2,2,80,0.5313038229942322,0.5979118347167969
dense,2,2,2,90,0.511430561542511,0.5939991474151611
dense,2,2,2,100,0.6814776659011841,0.8343644142150879
dense,2,2,2,110,0.544929027557373,0.6202977299690247
dense,2,2,2,120,0.4807579219341278,0.5297019481658936
dense,2,2,2,130,0.45222365856170654,0.5100489854812622
dense,2,2,2,140,0.43385300040245056,0.5203734040260315
dense,2,2,2,150,0.40985536575317383,0.4963793158531189
dense,2,2,2,160,0.39410334825515747,0.4967058002948761
dense,2,4,4,0,8.060023307800293,7.790691375732422
dense,2,4,4,10,1.383954644203186,1.387155532836914
dense,2,4,4,20,0.9891414642333984,0.9168679714202881
dense,2,4,4,30,0.9097306728363037,0.8471343517303467
dense,2,4,4,40,0.8050147294998169,0.7529972791671753
dense,2,4,4,50,0.6967577934265137,0.6729382276535034
dense,2,4,4,60,0.5792081356048584,0.5705534219741821
dense,2,4,4,70,0.5903608798980713,0.6146028637886047
dense,2,4,4,80,0.46889281272888184,0.5121764540672302
dense,2,4,4,90,0.4225270748138428,0.4963037371635437
dense,2,4,4,100,0.38129302859306335,0.4685143828392029
dense,2,4,4,110,0.44521188735961914,0.5802834630012512
dense,2,4,4,120,0.35256674885749817,0.482469379901886
dense,2,4,4,130,0.32850512862205505,0.4508282542228699
dense,2,4,4,140,0.33753761649131775,0.4949951469898224
dense,2,4,4,150,0.33084559440612793,0.46067702770233154
dense,2,4,4,160,0.3087204396724701,0.48264646530151367
dense,2,8,8,0,2.686201572418213,2.468709707260132
dense,2,8,8,10,1.190366268157959,1.1580735445022583
dense,2,8,8,20,0.9161747097969055,0.8464011549949646
dense,2,8,8,30,0.6976051330566406,0.6698259711265564
dense,2,8,8,40,0.5274912714958191,0.5388121008872986
dense,2,8,8,50,0.463206022977829,0.4964858293533325
dense,2,8,8,60,0.4127649962902069,0.4763176441192627
dense,2,8,8,70,0.37575840950012207,0.4618309736251831
dense,2,8,8,80,0.34393632411956787,0.4435617923736572
dense,2,8,8,90,0.31531384587287903,0.4320913255214691
dense,2,8,8,100,0.3185024857521057,0.4622029662132263
dense,2,8,8,110,0.2756935954093933,0.4191077947616577
dense,2,8,8,120,0.26239025592803955,0.4113640785217285
dense,2,8,8,130,0.24903461337089539,0.4070051908493042
dense,2,8,8,140,0.3165540099143982,0.5049088597297668
dense,2,8,8,150,0.23324012756347656,0.41173818707466125
dense,2,8,8,160,0.22932587563991547,0.39754408597946167
dense,2,16,16,0,1.0709470510482788,1.002437949180603
dense,2,16,16,10,0.9427447319030762,0.8718762397766113
dense,2,16,16,20,0.8078713417053223,0.7519460916519165
dense,2,16,16,30,0.5606313943862915,0.5769199132919312
dense,2,16,16,40,0.44685837626457214,0.5214755535125732
dense,2,16,16,50,0.39456284046173096,0.5232617259025574
dense,2,16,16,60,0.36922550201416016,0.5318885445594788
dense,2,16,16,70,0.3274286091327667,0.49598053097724915
dense,2,16,16,80,0.31026944518089294,0.4728008508682251
dense,2,16,16,90,0.3213065564632416,0.4773906171321869
dense,2,16,16,100,0.2847129702568054,0.4584786593914032
dense,2,16,16,110,0.25784677267074585,0.45135489106178284
dense,2,16,16,120,0.2641926407814026,0.46624910831451416
dense,2,16,16,130,0.26763424277305603,0.5169472694396973
dense,2,16,16,140,0.2784997522830963,0.5070370435714722
dense,2,16,16,150,0.20344865322113037,0.43761324882507324
dense,2,16,16,160,0.1906418353319168,0.43501368165016174
dense,2,32,32,0,1.0699105262756348,1.0211780071258545
dense,2,32,32,10,0.8708634376525879,0.8098652362823486
dense,2,32,32,20,0.6426578760147095,0.6278045177459717
dense,2,32,32,30,0.4699098467826843,0.5046576857566833
dense,2,32,32,40,0.4071809947490692,0.4855957627296448
dense,2,32,32,50,0.3750768303871155,0.46790558099746704
dense,2,32,32,60,0.34142664074897766,0.43830186128616333
dense,2,32,32,70,0.3190227448940277,0.4264249801635742
dense,2,32,32,80,0.3250918686389923,0.44848328828811646
dense,2,32,32,90,0.31496429443359375,0.4292387366294861
dense,2,32,32,100,0.2819657325744629,0.4161527454853058
dense,2,32,32,110,0.2684399485588074,0.4154476523399353
dense,2,32,32,120,0.2648465037345886,0.40421444177627563
dense,2,32,32,130,0.2580626308917999,0.4075877070426941
dense,2,32,32,140,0.2272348254919052,0.39709556102752686
dense,2,32,32,150,0.4028618633747101,0.5853436589241028
dense,2,32,32,160,0.25345203280448914,0.4086185693740845
dense,2,64,64,0,1.0447922945022583,0.9523771405220032
dense,2,64,64,10,0.9496842622756958,0.8687295317649841
dense,2,64,64,20,0.7024790048599243,0.6807280778884888
dense,2,64,64,30,0.4734035134315491,0.5259607434272766
dense,2,64,64,40,0.39486163854599,0.4847739338874817
dense,2,64,64,50,0.3642616868019104,0.4815686047077179
dense,2,64,64,60,0.33246928453445435,0.4518764019012451
dense,2,64,64,70,0.33052775263786316,0.43506136536598206
dense,2,64,64,80,0.33000391721725464,0.4830690920352936
dense,2,64,64,90,0.2831385135650635,0.4313926696777344
dense,2,64,64,100,0.28659701347351074,0.4335574209690094
dense,2,64,64,110,0.32146888971328735,0.5088833570480347
dense,2,64,64,120,0.2548033595085144,0.4258247911930084
dense,2,64,64,130,0.23303720355033875,0.40898430347442627
dense,2,64,64,140,0.26467469334602356,0.42483779788017273
dense,2,64,64,150,0.21768741309642792,0.40969371795654297
dense,2,64,64,160,0.20010964572429657,0.38911858201026917
dense,2,128,128,0,1.000685214996338,0.9266770482063293
dense,2,128,128,10,0.8833227753639221,0.8259018063545227
dense,2,128,128,20,0.5330952405929565,0.5696131587028503
dense,2,128,128,30,0.4146774411201477,0.48663195967674255
dense,2,128,128,40,0.4516415596008301,0.5266789197921753
dense,2,128,128,50,0.36729371547698975,0.4435685873031616
dense,2,128,128,60,0.3457818925380707,0.43548595905303955
dense,2,128,128,70,0.3312380015850067,0.4224487245082855
dense,2,128,128,80,0.3139597773551941,0.4074706435203552
dense,2,128,128,90,0.3235539495944977,0.4567626714706421
dense,2,128,128,100,0.3208531141281128,0.4290424585342407
dense,2,128,128,110,0.27741891145706177,0.4021932780742645
dense,2,128,128,120,0.25015342235565186,0.39409399032592773
dense,2,128,128,130,0.23390065133571625,0.3745468854904175
dense,2,128,128,140,0.21224521100521088,0.37463799118995667
dense,2,128,128,150,0.30160701274871826,0.41734689474105835
dense,2,128,128,160,0.24319131672382355,0.3885349631309509
dense,2,256,256,0,1.0017800331115723,0.9300138354301453
dense,2,256,256,10,0.8884299993515015,0.8288904428482056
dense,2,256,256,20,0.6233655214309692,0.6079149842262268
dense,2,256,256,30,0.42466750741004944,0.5074070692062378
dense,2,256,256,40,0.4238618016242981,0.5053427815437317
dense,2,256,256,50,0.3575773537158966,0.4261513650417328
dense,2,256,256,60,0.33849745988845825,0.40917205810546875
dense,2,256,256,70,0.3225889205932617,0.40361306071281433
dense,2,256,256,80,0.3069051504135132,0.3955778479576111
dense,2,256,256,90,0.3046063482761383,0.3978594243526459
dense,2,256,256,100,0.26409173011779785,0.37526556849479675
dense,2,256,256,110,0.34362608194351196,0.487152099609375
dense,2,256,256,120,0.23953627049922943,0.37139892578125
dense,2,256,256,130,0.2354908436536789,0.36402520537376404
dense,2,256,256,140,0.28364843130111694,0.41783812642097473
dense,2,256,256,150,0.24963253736495972,0.3942790925502777
dense,2,256,256,160,0.21211862564086914,0.3699302673339844
dense,2,512,512,0,1.0009161233901978,0.9270665645599365
dense,2,512,512,10,0.9429147839546204,0.8685217499732971
dense,2,512,512,20,0.8124388456344604,0.775549054145813
dense,2,512,512,30,0.5866766571998596,0.599757969379425
dense,2,512,512,40,0.48718392848968506,0.5535449385643005
dense,2,512,512,50,0.40058568120002747,0.4730643630027771
dense,2,512,512,60,0.36295583844184875,0.44488227367401123
dense,2,512,512,70,0.34881922602653503,0.4219435453414917
dense,2,512,512,80,0.3591824471950531,0.4517977237701416
dense,2,512,512,90,0.3234647810459137,0.4077261984348297
dense,2,512,512,100,0.3132404685020447,0.4043962061405182
dense,2,512,512,110,0.3046499490737915,0.39517441391944885
dense,2,512,512,120,0.27617737650871277,0.3817862272262573
dense,2,512,512,130,0.34626758098602295,0.4572799503803253
dense,2,512,512,140,0.23789836466312408,0.3822850286960602
dense,2,512,512,150,0.24277472496032715,0.3718627989292145
dense,2,512,512,160,0.36494195461273193,0.5573478937149048
dense,2,1024,full,0,0.999289870262146,0.9231104850769043
dense,2,1024,full,10,0.9751752018928528,0.896742045879364
dense,2,1024,full,20,0.8118695020675659,0.7559952735900879
dense,2,1024,full,30,0.6418942213058472,0.6502017378807068
dense,2,1024,full,40,0.49960723519325256,0.542267382144928
dense,2,1024,full,50,0.40118005871772766,0.4836333394050598
dense,2,1024,full,60,0.37295055389404297,0.4665427803993225
dense,2,1024,full,70,0.34991008043289185,0.4522947371006012
dense,2,1024,full,80,0.3350829482078552,0.4469752311706543
dense,2,1024,full,90,0.3258911073207855,0.448971152305603
dense,2,1024,full,100,0.3273342549800873,0.4325971305370331
dense,2,1024,full,110,0.31699275970458984,0.4596536159515381
dense,2,1024,full,120,0.29280367493629456,0.4253520667552948
dense,2,1024,full,130,0.28336483240127563,0.41776448488235474
dense,2,1024,full,140,0.2977117598056793,0.4644618630409241
dense,2,1024,full,150,0.26641231775283813,0.4284900724887848
dense,2,1024,full,160,0.2522483170032501,0.41799214482307434
dense,5,1,1,0,307.2171325683594,311.32122802734375
dense,5,1,1,10,1.704188585281372,1.72053861618042
dense,5,1,1,20,1.1610649824142456,1.490834355354309
dense,5,1,1,30,1.015284538269043,1.2242791652679443
dense,5,1,1,40,1.036409616470337,1.2276434898376465
dense,5,1,1,50,1.00310218334198,1.2317686080932617
dense,5,1,1,60,1.0009428262710571,1.2386728525161743
dense,5,1,1,70,1.0007975101470947,1.2472988367080688
dense,5,1,1,80,1.0004470348358154,1.2456542253494263
dense,5,1,1,90,1.0002273321151733,1.2437535524368286
dense,5,1,1,100,1.0001307725906372,1.2426743507385254
dense,5,1,1,110,1.000048279762268,1.242725133895874
dense,5,1,1,120,0.999936044216156,1.243682622909546
dense,5,1,1,130,0.9997690916061401,1.2444469928741455
dense,5,1,1,140,0.9994039535522461,1.2443515062332153
dense,5,1,1,150,0.9991666078567505,1.2476723194122314
dense,5,1,1,160,0.9991974830627441,1.2407442331314087
dense,5,2,2,0,2.6774210929870605,2.6984362602233887
dense,5,2,2,10,1.2130143642425537,1.5244969129562378
dense,5,2,2,20,1.0731933116912842,1.4779821634292603
dense,5,2,2,30,0.970194399356842,1.3109452724456787
dense,5,2,2,40,0.9313544631004333,1.3133496046066284
dense,5,2,2,50,0.9039202332496643,1.381105661392212
dense,5,2,2,60,0.8648946285247803,1.3783711194992065
dense,5,2,2,70,0.8215762972831726,1.4250127077102661
dense,5,2,2,80,0.7863020896911621,1.573686122894287
dense,5,2,2,90,0.7427307367324829,1.5752873420715332
dense,5,2,2,100,0.6970409154891968,1.6162540912628174
dense,5,2,2,110,0.6422125101089478,1.5555002689361572
dense,5,2,2,120,0.5889085531234741,1.577641248703003
dense,5,2,2,130,0.5939304232597351,1.6036627292633057
dense,5,2,2,140,0.48142266273498535,1.6941924095153809
dense,5,2,2,150,0.49632591009140015,1.7445169687271118
dense,5,2,2,160,0.40653952956199646,1.8057525157928467
dense,5,4,4,0,1.945909023284912,2.054746150970459
dense,5,4,4,10,1.0466201305389404,1.3564748764038086
dense,5,4,4,20,1.0774129629135132,1.4298620223999023
dense,5,4,4,30,0.9907916784286499,1.2973822355270386
dense,5,4,4,40,0.9572873115539551,1.269881010055542
dense,5,4,4,50,0.9239181280136108,1.2643892765045166
dense,5,4,4,60,0.8783934116363525,1.3210809230804443
dense,5,4,4,70,0.8200376033782959,1.323523759841919
dense,5,4,4,80,0.8112843036651611,1.4721451997756958
dense,5,4,4,90,0.7129452228546143,1.3433680534362793
dense,5,4,4,100,0.6699599027633667,1.4013984203338623
dense,5,4,4,110,0.6200388669967651,1.4273654222488403
dense,5,4,4,120,0.7482289671897888,1.5034453868865967
dense,5,4,4,130,0.5346840023994446,1.3561367988586426
dense,5,4,4,140,0.509159505367279,1.3976162672042847
dense,5,4,4,150,0.44069886207580566,1.4265170097351074
dense,5,4,4,160,0.3900892734527588,1.4660691022872925
dense,5,8,8,0,1.4897764921188354,1.938233733177185
dense,5,8,8,10,0.9857075810432434,1.3028271198272705
dense,5,8,8,20,0.9226089715957642,1.2528859376907349
dense,5,8,8,30,0.8218730688095093,1.3493205308914185
dense,5,8,8,40,0.6922035217285156,1.436578631401062
dense,5,8,8,50,0.6652178764343262,1.4995718002319336
dense,5,8,8,60,0.5307561755180359,1.547898769378662
dense,5,8,8,70,0.448038250207901,1.608553171157837
dense,5,8,8,80,0.5927203893661499,1.842995047569275
dense,5,8,8,90,0.41144177317619324,1.8119014501571655
dense,5,8,8,100,0.33109742403030396,1.749871850013733
dense,5,8,8,110,0.3236130177974701,1.9232988357543945
dense,5,8,8,120,0.23075617849826813,1.8386532068252563
dense,5,8,8,130,0.22793158888816833,1.83255136013031
dense,5,8,8,140,0.2588334083557129,1.9875264167785645
dense,5,8,8,150,0.17920681834220886,1.9242467880249023
dense,5,8,8,160,0.18639038503170013,1.8683090209960938
dense,5,16,16,0,1.344585657119751,1.750792145729065
dense,5,16,16,10,1.0059022903442383,1.363897681236267
dense,5,16,16,20,0.9094886779785156,1.2920819520950317
dense,5,16,16,30,0.8489521145820618,1.2984774112701416
dense,5,16,16,40,0.7570192813873291,1.3608407974243164
dense,5,16,16,50,0.6408341526985168,1.4424033164978027
dense,5,16,16,60,0.5299869179725647,1.5183552503585815
dense,5,16,16,70,0.44954922795295715,1.5778632164001465
dense,5,16,16,80,0.38226115703582764,1.642276406288147
dense,5,16,16,90,0.349063903093338,1.7323243618011475
dense,5,16,16,100,0.3546369671821594,1.8457449674606323
dense,5,16,16,110,0.28730908036231995,1.8325018882751465
dense,5,16,16,120,0.391928106546402,1.8959405422210693
dense,5,16,16,130,0.20385265350341797,1.7865592241287231
dense,5,16,16,140,0.17695771157741547,1.8174588680267334
dense,5,16,16,150,0.18182188272476196,1.91300630569458
dense,5,16,16,160,0.3384045958518982,2.1520867347717285
dense,5,32,32,0,1.0198558568954468,1.2807011604309082
dense,5,32,32,10,0.9705429673194885,1.3432400226593018
dense,5,32,32,20,0.8602463603019714,1.3129079341888428
dense,5,32,32,30,0.7000161409378052,1.4755547046661377
dense,5,32,32,40,0.5820647478103638,1.6155900955200195
dense,5,32,32,50,0.45144325494766235,1.7443119287490845
dense,5,32,32,60,0.3625543415546417,1.8183832168579102
dense,5,32,32,70,0.2893580496311188,1.7956528663635254
dense,5,32,32,80,0.21979889273643494,1.8914403915405273
dense,5,32,32,90,0.19968266785144806,1.9405601024627686
dense,5,32,32,100,0.16571737825870514,1.8996549844741821
dense,5,32,32,110,0.1312791109085083,1.9012627601623535
dense,5,32,32,120,0.09156367927789688,1.995043158531189
dense,5,32,32,130,0.06616727262735367,2.0321335792541504
dense,5,32,32,140,0.5223054885864258,2.4198968410491943
dense,5,32,32,150,0.1597961187362671,2.0098876953125
dense,5,32,32,160,0.07045572251081467,1.9765310287475586
dense,5,64,64,0,1.0369024276733398,1.3246185779571533
dense,5,64,64,10,0.9644106030464172,1.302464246749878
dense,5,64,64,20,0.8666678071022034,1.3109159469604492
dense,5,64,64,30,0.7020347118377686,1.4901725053787231
dense,5,64,64,40,0.5894145965576172,1.5541841983795166
dense,5,64,64,50,0.483663409948349,1.7113317251205444
dense,5,64,64,60,0.3675210773944855,1.7846704721450806
dense,5,64,64,70,0.2927352488040924,1.9015706777572632
dense,5,64,64,80,0.31326591968536377,2.1376192569732666
dense,5,64,64,90,0.19854633510112762,1.966871738433838
dense,5,64,64,100,0.1313343048095703,2.0733866691589355
dense,5,64,64,110,0.11611039936542511,2.099458932876587
dense,5,64,64,120,0.2564080059528351,2.220771312713623
dense,5,64,64,130,0.10961324721574783,2.001957893371582
dense,5,64,64,140,0.07700837403535843,2.0749330520629883
dense,5,64,64,150,0.053772132843732834,2.147768974304199
dense,5,64,64,160,0.039606474339962006,2.1864190101623535
dense,5,128,128,0,1.0301226377487183,1.227105736732483
dense,5,128,128,10,0.9604492783546448,1.274377465248108
dense,5,128,128,20,0.8546015620231628,1.355675458908081
dense,5,128,128,30,0.8763842582702637,1.617260456085205
dense,5,128,128,40,0.6532676815986633,1.5336556434631348
dense,5,128,128,50,0.523739755153656,1.6681385040283203
dense,5,128,128,60,0.595221996307373,1.7857444286346436
dense,5,128,128,70,0.3807063400745392,1.7476134300231934
dense,5,128,128,80,0.27658358216285706,1.9469799995422363
dense,5,128,128,90,0.3749561905860901,2.2888739109039307
dense,5,128,128,100,0.29121077060699463,1.797123908996582
dense,5,128,128,110,0.2194669246673584,1.9581912755966187
dense,5,128,128,120,0.13769221305847168,2.063772678375244
dense,5,128,128,130,0.09467500448226929,2.1225318908691406
dense,5,128,128,140,0.09748014062643051,2.090985059738159
dense,5,128,128,150,0.0734664797782898,2.061840534210205
dense,5,128,128,160,0.04246854782104492,2.157625913619995
dense,5,256,256,0,1.015051245689392,1.22588312625885
dense,5,256,256,10,0.9856483340263367,1.3590431213378906
dense,5,256,256,20,0.8685610890388489,1.3406620025634766
dense,5,256,256,30,0.7374522686004639,1.593576431274414
dense,5,256,256,40,0.6422291994094849,1.678716778755188
dense,5,256,256,50,0.5032730102539062,1.7321408987045288
dense,5,256,256,60,0.6896383166313171,1.775221586227417
dense,5,256,256,70,0.5184240341186523,1.8250913619995117
dense,5,256,256,80,0.37658077478408813,1.8289381265640259
dense,5,256,256,90,0.2649238109588623,2.02130126953125
dense,5,256,256,100,0.21627572178840637,2.0798943042755127
dense,5,256,256,110,0.20320145785808563,1.9759860038757324
dense,5,256,256,120,0.14309364557266235,2.1441280841827393
dense,5,256,256,130,0.08797468990087509,2.166332721710205
dense,5,256,256,140,0.11101602017879486,2.217278242111206
dense,5,256,256,150,0.06450287252664566,2.1822433471679688
dense,5,256,256,160,0.039350610226392746,2.1897811889648438
dense,5,512,512,0,1.0049877166748047,1.2321224212646484
dense,5,512,512,10,0.9965734481811523,1.3152285814285278
dense,5,512,512,20,0.9463399648666382,1.3205703496932983
dense,5,512,512,30,0.8772971034049988,1.3120131492614746
dense,5,512,512,40,0.8695762157440186,1.3023260831832886
dense,5,512,512,50,0.7594916820526123,1.4990534782409668
dense,5,512,512,60,0.8681148886680603,1.2838354110717773
dense,5,512,512,70,0.755845308303833,1.4914445877075195
dense,5,512,512,80,0.6644576787948608,1.6025527715682983
dense,5,512,512,90,0.5673282742500305,1.6738988161087036
dense,5,512,512,100,0.6188498735427856,1.5348435640335083
dense,5,512,512,110,0.47040802240371704,1.7437658309936523
dense,5,512,512,120,0.3723542094230652,1.9223328828811646
dense,5,512,512,130,0.532318115234375,1.7141894102096558
dense,5,512,512,140,0.4071928858757019,1.7863746881484985
dense,5,512,512,150,0.2924650311470032,1.9799963235855103
dense,5,512,512,160,0.565467894077301,2.2870335578918457
dense,5,1024,full,0,1.009093165397644,1.2277820110321045
dense,5,1024,full,10,1.0048158168792725,1.2738572359085083
dense,5,1024,full,20,0.9760369062423706,1.258079171180725
dense,5,1024,full,30,0.9363208413124084,1.2967805862426758
dense,5,1024,full,40,0.8528882265090942,1.3654390573501587
dense,5,1024,full,50,0.7693681716918945,1.50864577293396
dense,5,1024,full,60,0.7038212418556213,1.5881670713424683
dense,5,1024,full,70,0.6399939060211182,1.648119330406189
dense,5,1024,full,80,0.5719105005264282,1.6933135986328125
dense,5,1024,full,90,0.48082607984542847,1.6686339378356934
dense,5,1024,full,100,0.4274652898311615,1.7280114889144897
dense,5,1024,full,110,0.42572009563446045,1.7723448276519775
dense,5,1024,full,120,0.35423094034194946,1.8037142753601074
dense,5,1024,full,130,0.3564297556877136,1.9317348003387451
dense,5,1024,full,140,0.28687363862991333,1.897313117980957
dense,5,1024,full,150,0.29809415340423584,1.906908392906189
dense,5,1024,full,160,0.2858826816082001,2.0214812755584717
dense,10,1,1,0,16.327014923095703,14.705559730529785
dense,10,1,1,10,3.092888355255127,3.3925511837005615
dense,10,1,1,20,1.0184545516967773,1.1932321786880493
dense,10,1,1,30,1.0028634071350098,1.112809658050537
dense,10,1,1,40,1.022183895111084,1.1193405389785767
dense,10,1,1,50,1.0080736875534058,1.1385440826416016
dense,10,1,1,60,1.0029350519180298,1.1128418445587158
dense,10,1,1,70,1.00107741355896,1.1233843564987183
dense,10,1,1,80,1.0003951787948608,1.1152750253677368
dense,10,1,1,90,1.0001214742660522,1.1194854974746704
dense,10,1,1,100,0.9999858140945435,1.1175293922424316
dense,10,1,1,110,0.999986469745636,1.117253065109253
dense,10,1,1,120,0.9999539852142334,1.1178076267242432
dense,10,1,1,130,0.9999350905418396,1.1179717779159546
dense,10,1,1,140,0.9999178647994995,1.1179472208023071
dense,10,1,1,150,0.9999008178710938,1.1178942918777466
dense,10,1,1,160,0.9998829364776611,1.1179100275039673
dense,10,2,2,0,62.60854721069336,61.03923034667969
dense,10,2,2,10,2.1145451068878174,2.204570770263672
dense,10,2,2,20,1.5388178825378418,1.780821442604065
dense,10,2,2,30,1.074465274810791,1.156884789466858
dense,10,2,2,40,1.0140308141708374,1.120743751525879
dense,10,2,2,50,1.0068466663360596,1.1395007371902466
dense,10,2,2,60,1.0000898838043213,1.1152245998382568
dense,10,2,2,70,0.9965946078300476,1.124293327331543
dense,10,2,2,80,0.9944993853569031,1.1212592124938965
dense,10,2,2,90,0.9925087094306946,1.121664047241211
dense,10,2,2,100,0.9910069108009338,1.1211735010147095
dense,10,2,2,110,0.9892642498016357,1.1217575073242188
dense,10,2,2,120,0.9872191548347473,1.1240339279174805
dense,10,2,2,130,0.9850696325302124,1.1252716779708862
dense,10,2,2,140,0.9830387234687805,1.1270555257797241
dense,10,2,2,150,0.9809273481369019,1.1281957626342773
dense,10,2,2,160,0.9786574840545654,1.129289984703064
dense,10,4,4,0,6.098753929138184,5.697761535644531
dense,10,4,4,10,1.0425667762756348,1.2204740047454834
dense,10,4,4,20,1.0101845264434814,1.11831533908844
dense,10,4,4,30,0.9538964033126831,1.1192060708999634
dense,10,4,4,40,0.8905953168869019,1.156901478767395
dense,10,4,4,50,0.8244336843490601,1.185434341430664
dense,10,4,4,60,0.7410587072372437,1.2357815504074097
dense,10,4,4,70,0.6507798433303833,1.2971431016921997
dense,10,4,4,80,0.5626046657562256,1.368604302406311
dense,10,4,4,90,0.47296997904777527,1.4618791341781616
dense,10,4,4,100,0.37931907176971436,1.5502490997314453
dense,10,4,4,110,0.30426228046417236,1.614707589149475
dense,10,4,4,120,0.25373825430870056,1.758328914642334
dense,10,4,4,130,0.19607004523277283,1.8345812559127808
dense,10,4,4,140,0.17029936611652374,1.8703495264053345
dense,10,4,4,150,0.13377273082733154,1.95247220993042
dense,10,4,4,160,0.12664784491062164,2.048949956893921
dense,10,8,8,0,3.330326795578003,3.023759126663208
dense,10,8,8,10,1.0133612155914307,1.1616014242172241
dense,10,8,8,20,0.9646145105361938,1.1233642101287842
dense,10,8,8,30,0.8892141580581665,1.1624675989151
dense,10,8,8,40,0.7784699201583862,1.2433080673217773
dense,10,8,8,50,0.6698797941207886,1.3164279460906982
dense,10,8,8,60,0.5408657193183899,1.4040321111679077
dense,10,8,8,70,0.6614992618560791,1.6394398212432861
dense,10,8,8,80,0.4249397814273834,1.5226292610168457
dense,10,8,8,90,0.32543185353279114,1.6494144201278687
dense,10,8,8,100,0.25815513730049133,1.7192755937576294
dense,10,8,8,110,0.26849400997161865,1.7434998750686646
dense,10,8,8,120,0.21927359700202942,1.8115708827972412
dense,10,8,8,130,0.10300292074680328,1.7750632762908936
dense,10,8,8,140,0.07594607025384903,1.8621708154678345
dense,10,8,8,150,0.06587132811546326,1.9477070569992065
dense,10,8,8,160,0.0382843017578125,1.9530588388442993
dense,10,16,16,0,1.510974645614624,1.4791336059570312
dense,10,16,16,10,0.9558790922164917,1.1649785041809082
dense,10,16,16,20,0.8153270483016968,1.1678979396820068
dense,10,16,16,30,0.6595547199249268,1.2615175247192383
dense,10,16,16,40,0.4847373962402344,1.3300617933273315
dense,10,16,16,50,0.3639536499977112,1.556135654449463
dense,10,16,16,60,0.1505078673362732,1.494835615158081
dense,10,16,16,70,0.08366844058036804,1.600754976272583
dense,10,16,16,80,0.0274247657507658,1.609344720840454
dense,10,16,16,90,0.023136446252465248,1.6389492750167847
dense,10,16,16,100,0.013767563737928867,1.6528412103652954
dense,10,16,16,110,0.009834911674261093,1.6762983798980713
dense,10,16,16,120,0.007763373665511608,1.6598314046859741
dense,10,16,16,130,0.0018337987130507827,1.6621129512786865
dense,10,16,16,140,0.0004949923604726791,1.6586037874221802
dense,10,16,16,150,0.015452495776116848,1.662033200263977
dense,10,16,16,160,0.0021576667204499245,1.6576541662216187
dense,10,32,32,0,1.0277113914489746,1.120745301246643
dense,10,32,32,10,0.9511160254478455,1.1368882656097412
dense,10,32,32,20,0.7934727668762207,1.2275478839874268
dense,10,32,32,30,0.6195719242095947,1.3579504489898682
dense,10,32,32,40,0.4264153242111206,1.4761184453964233
dense,10,32,32,50,0.28575852513313293,1.5530619621276855
dense,10,32,32,60,0.14641375839710236,1.6272021532058716
dense,10,32,32,70,0.07028964906930923,1.6874834299087524
dense,10,32,32,80,0.037630628794431686,1.7400307655334473
dense,10,32,32,90,0.024842772632837296,1.7410552501678467
dense,10,32,32,100,0.008442435413599014,1.7414886951446533
dense,10,32,32,110,0.002937423065304756,1.755155086517334
dense,10,32,32,120,0.020850924775004387,1.7588229179382324
dense,10,32,32,130,0.006833408027887344,1.7463654279708862
dense,10,32,32,140,0.002808621618896723,1.7586714029312134
dense,10,32,32,150,0.0012321904068812728,1.7618128061294556
dense,10,32,32,160,0.000843415386043489,1.7714042663574219
dense,10,64,64,0,0.98764967918396,1.130667805671692
dense,10,64,64,10,0.9379941821098328,1.1666795015335083
dense,10,64,64,20,0.7703275680541992,1.2265851497650146
dense,10,64,64,30,0.5465816855430603,1.3397992849349976
dense,10,64,64,40,0.4248936176300049,1.5299062728881836
dense,10,64,64,50,0.30100879073143005,1.5336730480194092
dense,10,64,64,60,0.14917218685150146,1.5737886428833008
dense,10,64,64,70,0.06397859752178192,1.5957608222961426
dense,10,64,64,80,0.01663249172270298,1.639126181602478
dense,10,64,64,90,0.0035425089299678802,1.6706442832946777
dense,10,64,64,100,0.002688527572900057,1.6829173564910889
dense,10,64,64,110,0.00043722696136683226,1.6777011156082153
dense,10,64,64,120,8.262841583928093e-05,1.6754262447357178
dense,10,64,64,130,0.00010120849765371531,1.6723304986953735
dense,10,64,64,140,0.00012028215860482305,1.6712470054626465
dense,10,64,64,150,8.080292900558561e-05,1.6748850345611572
dense,10,64,64,160,0.00035178379039280117,1.6767104864120483
dense,10,128,128,0,1.0159602165222168,1.1156904697418213
dense,10,128,128,10,0.9248692393302917,1.1771190166473389
dense,10,128,128,20,0.7596784234046936,1.2776576280593872
dense,10,128,128,30,0.543510913848877,1.4202519655227661
dense,10,128,128,40,0.31087082624435425,1.4154881238937378
dense,10,128,128,50,0.17134715616703033,1.5610730648040771
dense,10,128,128,60,0.06974577903747559,1.6028693914413452
dense,10,128,128,70,0.03342866897583008,1.6551294326782227
dense,10,128,128,80,0.013516142964363098,1.6803102493286133
dense,10,128,128,90,0.00511606689542532,1.6691744327545166
dense,10,128,128,100,0.0008846255368553102,1.6637449264526367
dense,10,128,128,110,0.0008287037489935756,1.6548206806182861
dense,10,128,128,120,0.00010888758697547019,1.6561548709869385
dense,10,128,128,130,0.00727357342839241,1.6707178354263306
dense,10,128,128,140,0.005770978517830372,1.6368424892425537
dense,10,128,128,150,0.001187279005534947,1.6452360153198242
dense,10,128,128,160,0.0004852009005844593,1.6455217599868774
dense,10,256,256,0,1.0158263444900513,1.114749789237976
dense,10,256,256,10,0.9143633842468262,1.1911673545837402
dense,10,256,256,20,0.7842376232147217,1.2225955724716187
dense,10,256,256,30,0.587429404258728,1.482591152191162
dense,10,256,256,40,0.38959792256355286,1.4519685506820679
dense,10,256,256,50,0.287596732378006,1.773764967918396
dense,10,256,256,60,0.10377218574285507,1.5858556032180786
dense,10,256,256,70,0.0783856213092804,1.629483699798584
dense,10,256,256,80,0.021357759833335876,1.6621887683868408
dense,10,256,256,90,0.004353708121925592,1.649688482284546
dense,10,256,256,100,0.002159520983695984,1.6580021381378174
dense,10,256,256,110,0.000455619883723557,1.6565067768096924
dense,10,256,256,120,0.00019988822168670595,1.6584267616271973
dense,10,256,256,130,8.325700764544308e-05,1.6557718515396118
dense,10,256,256,140,1.830373003031127e-05,1.656193733215332
dense,10,256,256,150,1.6771615264588036e-05,1.6549140214920044
dense,10,256,256,160,0.00502571277320385,1.6514477729797363
dense,10,512,512,0,1.0031708478927612,1.113142490386963
dense,10,512,512,10,1.0538331270217896,1.3203376531600952
dense,10,512,512,20,0.8953588604927063,1.213068962097168
dense,10,512,512,30,0.7569746375083923,1.2837045192718506
dense,10,512,512,40,0.6676633358001709,1.183846354484558
dense,10,512,512,50,0.4236166179180145,1.4952890872955322
dense,10,512,512,60,0.5328810811042786,1.4005069732666016
dense,10,512,512,70,0.22652211785316467,1.5752675533294678
dense,10,512,512,80,0.08866111934185028,1.6809473037719727
dense,10,512,512,90,0.07392126321792603,1.6377742290496826
dense,10,512,512,100,0.014082793146371841,1.6779613494873047
dense,10,512,512,110,0.007899768650531769,1.6825581789016724
dense,10,512,512,120,0.0023271432146430016,1.6800386905670166
dense,10,512,512,130,0.0014549794141203165,1.6830066442489624
dense,10,512,512,140,0.0010825665667653084,1.6693519353866577
dense,10,512,512,150,0.00012623971269931644,1.6740097999572754
dense,10,512,512,160,0.01894322969019413,1.6909141540527344
dense,10,1024,full,0,1.011101484298706,1.1127440929412842
dense,10,1024,full,10,0.9401639699935913,1.1247414350509644
dense,10,1024,full,20,0.818956196308136,1.2208845615386963
dense,10,1024,full,30,0.6317440867424011,1.266581416130066
dense,10,1024,full,40,0.4498988091945648,1.3972055912017822
dense,10,1024,full,50,0.287219762802124,1.476570725440979
dense,10,1024,full,60,0.1716858297586441,1.5209739208221436
dense,10,1024,full,70,0.11341541260480881,1.5662245750427246
dense,10,1024,full,80,0.10217752307653427,1.6251877546310425
dense,10,1024,full,90,0.03793700039386749,1.618146300315857
dense,10,1024,full,100,0.03379341587424278,1.6667003631591797
dense,10,1024,full,110,0.03259648382663727,1.6529722213745117
dense,10,1024,full,120,0.026587415486574173,1.6817631721496582
dense,10,1024,full,130,0.006581462919712067,1.6740062236785889
dense,10,1024,full,140,0.008283733390271664,1.6572990417480469
dense,10,1024,full,150,0.010516740381717682,1.6856757402420044
dense,10,1024,full,160,0.010187803767621517,1.6726280450820923
dense,20,1,1,0,4.094511985778809,4.536531925201416
dense,20,1,1,10,1.0733991861343384,1.0587680339813232
dense,20,1,1,20,1.0435442924499512,1.0660732984542847
dense,20,1,1,30,1.0406486988067627,1.0664279460906982
dense,20,1,1,40,1.019748330116272,1.0426729917526245
dense,20,1,1,50,1.0012881755828857,1.0224279165267944
dense,20,1,1,60,0.991102397441864,1.003196358680725
dense,20,1,1,70,0.9789069890975952,1.0162389278411865
dense,20,1,1,80,0.9551676511764526,1.0293726921081543
dense,20,1,1,90,0.9168795347213745,1.0439045429229736
dense,20,1,1,100,0.8502010107040405,1.068016767501831
dense,20,1,1,110,0.7911138534545898,1.1597535610198975
dense,20,1,1,120,0.8995774984359741,1.0386375188827515
dense,20,1,1,130,1.1032260656356812,1.047128438949585
dense,20,1,1,140,1.4508490562438965,1.788956642150879
dense,20,1,1,150,1.312010407447815,1.325279951095581
dense,20,1,1,160,1.083235502243042,1.1010955572128296
dense,20,2,2,0,4.861268997192383,4.2791852951049805
dense,20,2,2,10,1.099973440170288,1.108624815940857
dense,20,2,2,20,0.9763520956039429,1.127299189567566
dense,20,2,2,30,0.9385467767715454,1.0816199779510498
dense,20,2,2,40,0.8710570335388184,1.1286710500717163
dense,20,2,2,50,0.7910162806510925,1.151199460029602
dense,20,2,2,60,0.7147184610366821,1.2127406597137451
dense,20,2,2,70,0.6520454287528992,1.3265732526779175
dense,20,2,2,80,0.6528154611587524,1.4326890707015991
dense,20,2,2,90,0.5635853409767151,1.4590092897415161
dense,20,2,2,100,0.5380983352661133,1.5366942882537842
dense,20,2,2,110,1.1371650695800781,1.31059730052948
dense,20,2,2,120,0.7344329357147217,1.247739315032959
dense,20,2,2,130,0.5308406352996826,1.476731300354004
dense,20,2,2,140,0.39374426007270813,1.593802809715271
dense,20,2,2,150,0.4183221161365509,1.7957868576049805
dense,20,2,2,160,0.2554938495159149,1.7771224975585938
dense,20,4,4,0,1.721472978591919,1.897627592086792
dense,20,4,4,10,1.0635862350463867,1.117207646369934
dense,20,4,4,20,0.9814571738243103,1.0840814113616943
dense,20,4,4,30,0.9164522886276245,1.0576417446136475
dense,20,4,4,40,0.8341602087020874,1.1281893253326416
dense,20,4,4,50,0.6990837454795837,1.2193430662155151
dense,20,4,4,60,0.48990505933761597,1.454440712928772
dense,20,4,4,70,0.3494162857532501,1.8646020889282227
dense,20,4,4,80,0.19637376070022583,1.8707902431488037
dense,20,4,4,90,0.22851204872131348,1.9395267963409424
dense,20,4,4,100,0.22873416543006897,1.5735793113708496
dense,20,4,4,110,0.13987436890602112,1.6657012701034546
dense,20,4,4,120,0.04581070318818092,1.8419779539108276
dense,20,4,4,130,0.037868209183216095,1.8953408002853394
dense,20,4,4,140,0.0193097535520792,1.9049139022827148
dense,20,4,4,150,0.011735275387763977,1.9216132164001465
dense,20,4,4,160,0.008146816864609718,1.928503394126892
dense,20,8,8,0,1.092656135559082,1.1216657161712646
dense,20,8,8,10,1.0370604991912842,1.075835108757019
dense,20,8,8,20,0.897953450679779,1.0922611951828003
dense,20,8,8,30,0.6974323391914368,1.2055903673171997
dense,20,8,8,40,0.4629212021827698,1.4691426753997803
dense,20,8,8,50,0.2593573033809662,1.646904468536377
dense,20,8,8,60,0.09972266107797623,1.6849510669708252
dense,20,8,8,70,0.04177217185497284,1.7468845844268799
dense,20,8,8,80,0.03444744274020195,1.808058261871338
dense,20,8,8,90,0.004859792068600655,1.7947293519973755
dense,20,8,8,100,0.002172340638935566,1.7990268468856812
dense,20,8,8,110,0.001089278026483953,1.7982759475708008
dense,20,8,8,120,0.014370301738381386,1.8179481029510498
dense,20,8,8,130,0.0011338937329128385,1.7949867248535156
dense,20,8,8,140,0.00014244035992305726,1.799542784690857
dense,20,8,8,150,0.0006059535080567002,1.7977516651153564
dense,20,8,8,160,0.002960862359032035,1.806350588798523
dense,20,16,16,0,1.7499480247497559,1.6911743879318237
dense,20,16,16,10,0.9858109951019287,1.043062686920166
dense,20,16,16,20,0.8020888566970825,1.0985106229782104
dense,20,16,16,30,0.5495837330818176,1.2571251392364502
dense,20,16,16,40,0.3945676386356354,1.5825332403182983
dense,20,16,16,50,0.13465122878551483,1.4775757789611816
dense,20,16,16,60,0.0933476909995079,1.5651872158050537
dense,20,16,16,70,0.051459841430187225,1.6755955219268799
dense,20,16,16,80,0.014491673558950424,1.613134741783142
dense,20,16,16,90,0.005733157508075237,1.6262471675872803
dense,20,16,16,100,0.0031924801878631115,1.6372524499893188
dense,20,16,16,110,0.0016074691666290164,1.6460974216461182
dense,20,16,16,120,0.0017842781962826848,1.6347448825836182
dense,20,16,16,130,0.004226790275424719,1.60945463180542
dense,20,16,16,140,0.0031592510640621185,1.6220285892486572
dense,20,16,16,150,0.0017206119373440742,1.6199324131011963
dense,20,16,16,160,0.0007885927334427834,1.6236896514892578
dense,20,32,32,0,1.016503930091858,1.013053297996521
dense,20,32,32,10,0.9562463760375977,1.0477052927017212
dense,20,32,32,20,0.7390722036361694,1.1278841495513916
dense,20,32,32,30,0.4210895895957947,1.3289752006530762
dense,20,32,32,40,0.22181206941604614,1.5038292407989502
dense,20,32,32,50,0.09544713795185089,1.5464749336242676
dense,20,32,32,60,0.024539649486541748,1.5432138442993164
dense,20,32,32,70,0.012681933119893074,1.5583698749542236
dense,20,32,32,80,0.0017048668814823031,1.5614221096038818
dense,20,32,32,90,0.0024202479980885983,1.5719056129455566
dense,20,32,32,100,0.0005812572198919952,1.5679631233215332
dense,20,32,32,110,0.010442827828228474,1.5658512115478516
dense,20,32,32,120,0.00046646303962916136,1.562391996383667
dense,20,32,32,130,0.0009510211530141532,1.560610294342041
dense,20,32,32,140,0.0007062044460326433,1.5584030151367188
dense,20,32,32,150,0.00029894246836192906,1.5589996576309204
dense,20,32,32,160,0.010861176997423172,1.5703767538070679
dense,20,64,64,0,1.0210964679718018,1.004981279373169
dense,20,64,64,10,0.906406044960022,1.0516210794448853
dense,20,64,64,20,0.6333200931549072,1.1943738460540771
dense,20,64,64,30,0.46636852622032166,1.5162312984466553
dense,20,64,64,40,0.12991489470005035,1.5095688104629517
dense,20,64,64,50,0.07780991494655609,1.617938756942749
dense,20,64,64,60,0.018399545922875404,1.6195058822631836
dense,20,64,64,70,0.004637140315026045,1.643894910812378
dense,20,64,64,80,0.006653198506683111,1.661678433418274
dense,20,64,64,90,0.0039872536435723305,1.6508822441101074
dense,20,64,64,100,0.001122375251725316,1.649322271347046
dense,20,64,64,110,0.005555194336920977,1.6487691402435303
dense,20,64,64,120,0.0021283843088895082,1.6452223062515259
dense,20,64,64,130,0.0001891322317533195,1.6419243812561035
dense,20,64,64,140,0.004431561101227999,1.6478896141052246
dense,20,64,64,150,0.008057151921093464,1.6338770389556885
dense,20,64,64,160,0.004437173716723919,1.6330292224884033
dense,20,128,128,0,1.004347801208496,0.997584342956543
dense,20,128,128,10,0.8402996063232422,1.0497949123382568
dense,20,128,128,20,0.4937799572944641,1.4186887741088867
dense,20,128,128,30,0.16081780195236206,1.4658749103546143
dense,20,128,128,40,0.07361841201782227,1.548340082168579
dense,20,128,128,50,0.02058420144021511,1.5521337985992432
dense,20,128,128,60,0.0035375449806451797,1.5317931175231934
dense,20,128,128,70,0.0009688606369309127,1.5489816665649414
dense,20,128,128,80,0.0004104305407963693,1.5345313549041748
dense,20,128,128,90,0.00017758776084519923,1.5411239862442017
dense,20,128,128,100,0.00017805414972826838,1.5363798141479492
dense,20,128,128,110,4.6162112994352356e-05,1.538835048675537
dense,20,128,128,120,0.006471462082117796,1.5486595630645752
dense,20,128,128,130,0.005954461637884378,1.5249741077423096
dense,20,128,128,140,0.0028967715334147215,1.5183621644973755
dense,20,128,128,150,0.0013991628075018525,1.5109360218048096
dense,20,128,128,160,0.000556191720534116,1.5099717378616333
dense,20,256,256,0,1.0053355693817139,0.9982945322990417
dense,20,256,256,10,1.0597814321517944,1.3125593662261963
dense,20,256,256,20,0.7085205316543579,1.1246907711029053
dense,20,256,256,30,0.4350869953632355,1.7034120559692383
dense,20,256,256,40,0.1309496909379959,1.4845925569534302
dense,20,256,256,50,0.03135654330253601,1.47824227809906
dense,20,256,256,60,0.008708423003554344,1.5608587265014648
dense,20,256,256,70,0.002724029589444399,1.5481683015823364
dense,20,256,256,80,0.0007632465567439795,1.5563569068908691
dense,20,256,256,90,0.0003359438560437411,1.5537664890289307
dense,20,256,256,100,9.603719809092581e-05,1.5472064018249512
dense,20,256,256,110,3.494616612442769e-05,1.550032615661621
dense,20,256,256,120,1.421795786882285e-05,1.5508708953857422
dense,20,256,256,130,4.630465809896123e-06,1.551628589630127
dense,20,256,256,140,1.6665854900566046e-06,1.5516350269317627
dense,20,256,256,150,0.00011440637172199786,1.5522769689559937
dense,20,256,256,160,0.02331528067588806,1.521976351737976
dense,20,512,512,0,1.0027908086776733,1.000083088874817
dense,20,512,512,10,0.9749302268028259,1.0382583141326904
dense,20,512,512,20,0.7585247755050659,1.2172595262527466
dense,20,512,512,30,0.45916450023651123,1.4668858051300049
dense,20,512,512,40,0.2512393891811371,1.7339890003204346
dense,20,512,512,50,0.07345660030841827,1.720335602760315
dense,20,512,512,60,0.21502390503883362,1.7409334182739258
dense,20,512,512,70,0.028796374797821045,1.5094184875488281
dense,20,512,512,80,0.008994992822408676,1.5343035459518433
dense,20,512,512,90,0.003628510981798172,1.539148211479187
dense,20,512,512,100,0.0014721008483320475,1.524419903755188
dense,20,512,512,110,0.0006417607655748725,1.5333138704299927
dense,20,512,512,120,0.00018985068891197443,1.5350043773651123
dense,20,512,512,130,6.939173181308433e-05,1.538467288017273
dense,20,512,512,140,2.142724406439811e-05,1.5436402559280396
dense,20,512,512,150,7.32648413759307e-06,1.5427615642547607
dense,20,512,512,160,3.1622489586879965e-06,1.5445952415466309
dense,20,1024,full,0,1.0018424987792969,0.9994972944259644
dense,20,1024,full,10,0.9390668869018555,1.009954810142517
dense,20,1024,full,20,0.7209749221801758,1.2111735343933105
dense,20,1024,full,30,0.3455318212509155,1.302963137626648
dense,20,1024,full,40,0.31203940510749817,1.393871545791626
dense,20,1024,full,50,0.18172018229961395,1.5136408805847168
dense,20,1024,full,60,0.09101524949073792,1.5109350681304932
dense,20,1024,full,70,0.04128841683268547,1.56399667263031
dense,20,1024,full,80,0.015696393325924873,1.5692799091339111
dense,20,1024,full,90,0.005659604445099831,1.5643384456634521
dense,20,1024,full,100,0.0009637626353651285,1.581270694732666
dense,20,1024,full,110,0.0002728982362896204,1.5841164588928223
dense,20,1024,full,120,9.378437243867666e-05,1.589911937713623
dense,20,1024,full,130,0.0011099250987172127,1.5840849876403809
dense,20,1024,full,140,0.0012060431763529778,1.5730509757995605
dense,20,1024,full,150,0.0016677607782185078,1.5845162868499756
dense,20,1024,full,160,0.0007941152434796095,1.581011176109314
sparse,1,1,1,0,1.6630736589431763,1.8364144563674927
sparse,1,1,1,10,1.096506118774414,1.2412267923355103
sparse,1,1,1,20,0.9538881182670593,1.0215659141540527
sparse,1,1,1,30,0.9464351534843445,1.0126336812973022
sparse,1,1,1,40,0.917091965675354,0.9790236949920654
sparse,1,1,1,50,0.8376412987709045,0.9062556028366089
sparse,1,1,1,60,0.7415162920951843,0.802494466304779
sparse,1,1,1,70,0.8254941701889038,0.9081093072891235
sparse,1,1,1,80,0.6567687392234802,0.7178399562835693
sparse,1,1,1,90,0.6465315222740173,0.6807490587234497
sparse,1,1,1,100,0.4462374150753021,0.4710858166217804
sparse,1,1,1,110,0.4175371527671814,0.43991023302078247
sparse,1,1,1,120,0.3368571400642395,0.3500898778438568
sparse,1,1,1,130,0.42778050899505615,0.46485117077827454
sparse,1,1,1,140,0.32282698154449463,0.33840060234069824
sparse,1,1,1,150,0.29477158188819885,0.30565503239631653
sparse,1,1,1,160,0.3038615882396698,0.3109551966190338
sparse,1,2,2,0,6.593354225158691,6.815080642700195
sparse,1,2,2,10,1.0058083534240723,1.0519646406173706
sparse,1,2,2,20,1.1662307977676392,1.1815483570098877
sparse,1,2,2,30,0.8596951961517334,0.8924926519393921
sparse,1,2,2,40,0.689382016658783,0.6921655535697937
sparse,1,2,2,50,0.5254130959510803,0.5046839714050293
sparse,1,2,2,60,0.4381885528564453,0.42367786169052124
sparse,1,2,2,70,0.33420950174331665,0.31827038526535034
sparse,1,2,2,80,0.24103984236717224,0.21273113787174225
sparse,1,2,2,90,0.190787672996521,0.16231396794319153
sparse,1,2,2,100,0.5392105579376221,0.5109656453132629
sparse,1,2,2,110,0.22000858187675476,0.194844588637352
sparse,1,2,2,120,0.17604964971542358,0.1512470245361328
sparse,1,2,2,130,0.16280841827392578,0.13916563987731934
sparse,1,2,2,140,0.14916126430034637,0.12568803131580353
sparse,1,2,2,150,0.134828120470047,0.11359822750091553
sparse,1,2,2,160,0.11897652596235275,0.10009840130805969
sparse,1,4,4,0,22.0388126373291,22.158720016479492
sparse,1,4,4,10,1.34199857711792,1.4117999076843262
sparse,1,4,4,20,1.0241304636001587,1.0503571033477783
sparse,1,4,4,30,0.9094401001930237,0.9319225549697876
sparse,1,4,4,40,0.6959564685821533,0.719415009021759
sparse,1,4,4,50,0.5796781182289124,0.58378005027771
sparse,1,4,4,60,0.49910950660705566,0.49818456172943115
sparse,1,4,4,70,0.42425572872161865,0.42171812057495117
sparse,1,4,4,80,0.35209494829177856,0.34997549653053284
sparse,1,4,4,90,0.5308312773704529,0.551781415939331
sparse,1,4,4,100,0.3016485571861267,0.3055371046066284
sparse,1,4,4,110,0.27377721667289734,0.27131643891334534
sparse,1,4,4,120,0.23430664837360382,0.21741490066051483
sparse,1,4,4,130,0.3033239543437958,0.3018481433391571
sparse,1,4,4,140,0.1867104023694992,0.1774786114692688
sparse,1,4,4,150,0.1824733465909958,0.17275992035865784
sparse,1,4,4,160,0.1887349635362625,0.16971303522586823
sparse,1,8,8,0,1.1374931335449219,1.13700270652771
sparse,1,8,8,10,1.1569901704788208,1.2556424140930176
sparse,1,8,8,20,0.8770545125007629,0.9513094425201416
sparse,1,8,8,30,0.7403867244720459,0.760859489440918
sparse,1,8,8,40,0.6400547027587891,0.6445650458335876
sparse,1,8,8,50,0.5858767032623291,0.5989737510681152
sparse,1,8,8,60,0.5440495610237122,0.5498278141021729
sparse,1,8,8,70,0.5051510334014893,0.506145179271698
sparse,1,8,8,80,0.4697037637233734,0.46434980630874634
sparse,1,8,8,90,0.43421265482902527,0.42615509033203125
sparse,1,8,8,100,0.394888699054718,0.38387778401374817
sparse,1,8,8,110,0.5134131908416748,0.5210001468658447
sparse,1,8,8,120,0.3462100923061371,0.3388631343841553
sparse,1,8,8,130,0.33473631739616394,0.3178599178791046
sparse,1,8,8,140,0.2762068808078766,0.2610681354999542
sparse,1,8,8,150,0.23399989306926727,0.22239843010902405
sparse,1,8,8,160,0.2521604895591736,0.23195087909698486
sparse,1,16,16,0,1.5718460083007812,1.5258147716522217
sparse,1,16,16,10,1.0410754680633545,1.0727707147598267
sparse,1,16,16,20,0.9388393759727478,1.0058706998825073
sparse,1,16,16,30,0.7984939813613892,0.8174929618835449
sparse,1,16,16,40,0.6443970203399658,0.6709485650062561
sparse,1,16,16,50,0.6000226140022278,0.6193090081214905
sparse,1,16,16,60,0.555445671081543,0.5673615336418152
sparse,1,16,16,70,0.5359374284744263,0.5263887643814087
sparse,1,16,16,80,0.5251728296279907,0.5450900197029114
sparse,1,16,16,90,0.5070067048072815,0.49242931604385376
sparse,1,16,16,100,0.4855712652206421,0.50221186876297
sparse,1,16,16,110,0.4647190570831299,0.4521803557872772
sparse,1,16,16,120,0.47077494859695435,0.48717013001441956
sparse,1,16,16,130,0.42071297764778137,0.41567471623420715
sparse,1,16,16,140,0.40987029671669006,0.4108416736125946
sparse,1,16,16,150,0.41033637523651123,0.41716212034225464
sparse,1,16,16,160,0.4619131088256836,0.4352090358734131
sparse,1,32,32,0,1.0364999771118164,1.1083340644836426
sparse,1,32,32,10,0.96485435962677,1.0340609550476074
sparse,1,32,32,20,0.7098909020423889,0.7388460636138916
sparse,1,32,32,30,0.6015593409538269,0.6095125675201416
sparse,1,32,32,40,0.5339250564575195,0.5304070711135864
sparse,1,32,32,50,0.47848907113075256,0.4641377627849579
sparse,1,32,32,60,0.4785769581794739,0.4514217972755432
sparse,1,32,32,70,0.41714709997177124,0.40956050157546997
sparse,1,32,32,80,0.3646952509880066,0.34804052114486694
sparse,1,32,32,90,0.333651602268219,0.30653923749923706
sparse,1,32,32,100,0.3270326852798462,0.3127082884311676
sparse,1,32,32,110,0.35023748874664307,0.319220632314682
sparse,1,32,32,120,0.2761874496936798,0.25254255533218384
sparse,1,32,32,130,0.2595871686935425,0.23925811052322388
sparse,1,32,32,140,0.23479580879211426,0.20836156606674194
sparse,1,32,32,150,0.28513094782829285,0.26130712032318115
sparse,1,32,32,160,0.3091174066066742,0.2846207022666931
sparse,1,64,64,0,1.00440514087677,1.0519593954086304
sparse,1,64,64,10,1.020412564277649,1.0511807203292847
sparse,1,64,64,20,0.8254451155662537,0.8856092095375061
sparse,1,64,64,30,0.6362900137901306,0.6552115678787231
sparse,1,64,64,40,0.5938765406608582,0.5909309983253479
sparse,1,64,64,50,0.5615296959877014,0.5613923668861389
sparse,1,64,64,60,0.5256165266036987,0.519836962223053
sparse,1,64,64,70,0.5450570583343506,0.5540032982826233
sparse,1,64,64,80,0.4809979498386383,0.4811062216758728
sparse,1,64,64,90,0.42799919843673706,0.40895870327949524
sparse,1,64,64,100,0.4521227777004242,0.45683038234710693
sparse,1,64,64,110,0.38039112091064453,0.36688512563705444
sparse,1,64,64,120,0.3155674934387207,0.295899897813797
sparse,1,64,64,130,0.4496515691280365,0.42351338267326355
sparse,1,64,64,140,0.3426690697669983,0.3225007653236389
sparse,1,64,64,150,0.3055063486099243,0.28207358717918396
sparse,1,64,64,160,0.2622499465942383,0.23718640208244324
sparse,1,128,128,0,1.0127785205841064,1.0862607955932617
sparse,1,128,128,10,0.9741482734680176,1.035772442817688
sparse,1,128,128,20,0.7690987586975098,0.833710789680481
sparse,1,128,128,30,0.6949297189712524,0.7331446409225464
sparse,1,128,128,40,0.6171202063560486,0.622998833656311
sparse,1,128,128,50,0.5763527154922485,0.5731101036071777
sparse,1,128,128,60,0.5496305227279663,0.5424836874008179
sparse,1,128,128,70,0.5215901136398315,0.51307612657547
sparse,1,128,128,80,0.5292879343032837,0.5187034606933594
sparse,1,128,128,90,0.4559122622013092,0.44143855571746826
sparse,1,128,128,100,0.40061500668525696,0.3736700117588043
sparse,1,128,128,110,0.38840895891189575,0.36362773180007935
sparse,1,128,128,120,0.6263654232025146,0.5767993927001953
sparse,1,128,128,130,0.32521340250968933,0.30409908294677734
sparse,1,128,128,140,0.28735488653182983,0.26110365986824036
sparse,1,128,128,150,0.3213312029838562,0.30631783604621887
sparse,1,128,128,160,0.24242596328258514,0.22342167794704437
sparse,1,256,256,0,1.004473090171814,1.0748825073242188
sparse,1,256,256,10,0.9752755165100098,1.0538982152938843
sparse,1,256,256,20,0.7444092631340027,0.8133240938186646
sparse,1,256,256,30,0.6729007959365845,0.7093166708946228
sparse,1,256,256,40,0.611131489276886,0.6023951768875122
sparse,1,256,256,50,0.5744074583053589,0.5639476776123047
sparse,1,256,256,60,0.5368049740791321,0.5245782136917114
sparse,1,256,256,70,0.525020956993103,0.5090363025665283
sparse,1,256,256,80,0.4330836832523346,0.4135398864746094
sparse,1,256,256,90,0.41744619607925415,0.38058793544769287
sparse,1,256,256,100,0.47399458289146423,0.4458004832267761
sparse,1,256,256,110,0.29812091588974,0.2832651436328888
sparse,1,256,256,120,0.3276597559452057,0.3072375953197479
sparse,1,256,256,130,0.27472200989723206,0.24891914427280426
sparse,1,256,256,140,0.18410642445087433,0.1716238409280777
sparse,1,256,256,150,0.2271316647529602,0.22171247005462646
sparse,1,256,256,160,0.19216853380203247,0.17654842138290405
sparse,1,512,512,0,1.005006194114685,1.058464765548706
sparse,1,512,512,10,0.9872915744781494,1.0528466701507568
sparse,1,512,512,20,0.9533147215843201,1.0113699436187744
sparse,1,512,512,30,0.8003899455070496,0.800273060798645
sparse,1,512,512,40,0.6811149716377258,0.6813241243362427
sparse,1,512,512,50,0.5908732414245605,0.5905493497848511
sparse,1,512,512,60,0.5318880677223206,0.52702796459198
sparse,1,512,512,70,0.46139833331108093,0.43747562170028687
sparse,1,512,512,80,0.47176989912986755,0.4329775869846344
sparse,1,512,512,90,0.3919806480407715,0.36704158782958984
sparse,1,512,512,100,0.3366599380970001,0.31240084767341614
sparse,1,512,512,110,0.30078136920928955,0.2751859426498413
sparse,1,512,512,120,0.25422945618629456,0.23299919068813324
sparse,1,512,512,130,0.2504388093948364,0.23318681120872498
sparse,1,512,512,140,0.2430725395679474,0.23979511857032776
sparse,1,512,512,150,0.13487866520881653,0.11995399743318558
sparse,1,512,512,160,0.06341547518968582,0.060445673763751984
sparse,1,1024,full,0,1.0075390338897705,1.0591046810150146
sparse,1,1024,full,10,0.995496392250061,1.0577609539031982
sparse,1,1024,full,20,0.9786927103996277,1.0478417873382568
sparse,1,1024,full,30,0.9345358610153198,1.0156421661376953
sparse,1,1024,full,40,0.8307484984397888,0.9175945520401001
sparse,1,1024,full,50,0.7267648577690125,0.7729856967926025
sparse,1,1024,full,60,0.6372857093811035,0.6723138093948364
sparse,1,1024,full,70,0.6090362071990967,0.6076624393463135
sparse,1,1024,full,80,0.5970281958580017,0.5974831581115723
sparse,1,1024,full,90,0.5875500440597534,0.5841317772865295
sparse,1,1024,full,100,0.5805503726005554,0.5793355703353882
sparse,1,1024,full,110,0.5788987874984741,0.5707425475120544
sparse,1,1024,full,120,0.5692756175994873,0.5706504583358765
sparse,1,1024,full,130,0.5615281462669373,0.558980405330658
sparse,1,1024,full,140,0.5593907237052917,0.5614486336708069
sparse,1,1024,full,150,0.5497992038726807,0.5494422912597656
sparse,1,1024,full,160,0.5674782991409302,0.5502965450286865
sparse,2,1,1,0,5.637446403503418,5.062495708465576
sparse,2,1,1,10,0.9990534782409668,1.0694273710250854
sparse,2,1,1,20,0.9845331907272339,1.0505363941192627
sparse,2,1,1,30,0.9825368523597717,1.0456855297088623
sparse,2,1,1,40,0.9694432616233826,1.0356004238128662
sparse,2,1,1,50,0.9488936066627502,1.0305802822113037
sparse,2,1,1,60,0.9444438219070435,1.0369534492492676
sparse,2,1,1,70,0.9334288835525513,1.0237230062484741
sparse,2,1,1,80,0.8922662734985352,0.9907386302947998
sparse,2,1,1,90,0.8954870104789734,0.9810760617256165
sparse,2,1,1,100,0.884890079498291,0.9537941217422485
sparse,2,1,1,110,0.880955696105957,0.9583914279937744
sparse,2,1,1,120,0.8756284117698669,0.9464786648750305
sparse,2,1,1,130,0.922254741191864,0.9930367469787598
sparse,2,1,1,140,0.9035078883171082,0.970283031463623
sparse,2,1,1,150,1.4005942344665527,1.4946918487548828
sparse,2,1,1,160,0.9827136993408203,1.0455946922302246
sparse,2,2,2,0,16.336278915405273,16.16313934326172
sparse,2,2,2,10,1.1578019857406616,1.193536639213562
sparse,2,2,2,20,0.981480062007904,1.054283618927002
sparse,2,2,2,30,0.9012187719345093,0.9788455963134766
sparse,2,2,2,40,0.856322705745697,0.9784969091415405
sparse,2,2,2,50,0.8088079690933228,0.9236867427825928
sparse,2,2,2,60,0.7629062533378601,0.9052028059959412
sparse,2,2,2,70,0.7164490222930908,0.8987541794776917
sparse,2,2,2,80,0.674710750579834,0.893517017364502
sparse,2,2,2,90,0.6349606513977051,0.8826870322227478
sparse,2,2,2,100,0.5967298746109009,0.8753052353858948
sparse,2,2,2,110,0.6081386804580688,0.8710899353027344
sparse,2,2,2,120,0.5490899682044983,0.8876972198486328
sparse,2,2,2,130,0.5153721570968628,0.8729826211929321
sparse,2,2,2,140,0.4934103488922119,0.8625572919845581
sparse,2,2,2,150,0.4857679009437561,0.8920052647590637
sparse,2,2,2,160,0.44623279571533203,0.8625869750976562
sparse,2,4,4,0,110.20809173583984,115.03990936279297
sparse,2,4,4,10,4.854323863983154,4.7846527099609375
sparse,2,4,4,20,1.1705687046051025,1.254032015800476
sparse,2,4,4,30,1.1001249551773071,1.2133592367172241
sparse,2,4,4,40,0.9343380928039551,0.9941655397415161
sparse,2,4,4,50,0.8725526928901672,0.9005833864212036
sparse,2,4,4,60,0.8307429552078247,0.8783931136131287
sparse,2,4,4,70,0.8012725114822388,0.8573492765426636
sparse,2,4,4,80,0.7807035446166992,0.8492602109909058
sparse,2,4,4,90,0.763545036315918,0.8416486382484436
sparse,2,4,4,100,0.7477943897247314,0.8332892656326294
sparse,2,4,4,110,0.7335602045059204,0.8272567987442017
sparse,2,4,4,120,0.7221051454544067,0.8221991062164307
sparse,2,4,4,130,0.7114156484603882,0.8184863924980164
sparse,2,4,4,140,0.700957715511322,0.8154305219650269
sparse,2,4,4,150,0.6904856562614441,0.8122732043266296
sparse,2,4,4,160,0.6797742247581482,0.810835599899292
sparse,2,8,8,0,1.957649827003479,1.980293869972229
sparse,2,8,8,10,1.0934761762619019,1.1458152532577515
sparse,2,8,8,20,0.8882759809494019,0.9728068113327026
sparse,2,8,8,30,0.8182322978973389,0.891105055809021
sparse,2,8,8,40,0.7648273706436157,0.8581483960151672
sparse,2,8,8,50,0.7123575806617737,0.8412725925445557
sparse,2,8,8,60,0.666742205619812,0.8203627467155457
sparse,2,8,8,70,0.6215909719467163,0.7962782979011536
sparse,2,8,8,80,0.6008962988853455,0.8040727376937866
sparse,2,8,8,90,0.5673743486404419,0.7840422987937927
sparse,2,8,8,100,0.5464251041412354,0.7775337100028992
sparse,2,8,8,110,0.49786168336868286,0.7466694116592407
sparse,2,8,8,120,0.48826169967651367,0.7498279809951782
sparse,2,8,8,130,0.45345863699913025,0.7303183674812317
sparse,2,8,8,140,0.43571779131889343,0.727558434009552
sparse,2,8,8,150,0.4223308861255646,0.7188525199890137
sparse,2,8,8,160,0.43538814783096313,0.749070405960083
sparse,2,16,16,0,2.3170549869537354,2.39437198638916
sparse,2,16,16,10,0.8904920220375061,0.9516806602478027
sparse,2,16,16,20,0.8445199728012085,0.9042429327964783
sparse,2,16,16,30,0.8054400682449341,0.8762246370315552
sparse,2,16,16,40,0.7664085626602173,0.8604034185409546
sparse,2,16,16,50,0.722664475440979,0.8321163654327393
sparse,2,16,16,60,0.6777523159980774,0.8070813417434692
sparse,2,16,16,70,0.6854389309883118,0.8475040197372437
sparse,2,16,16,80,0.6002987623214722,0.7669386863708496
sparse,2,16,16,90,0.5784772634506226,0.7768570184707642
sparse,2,16,16,100,0.7167230844497681,0.889906644821167
sparse,2,16,16,110,0.5478895902633667,0.7496029734611511
sparse,2,16,16,120,0.5177593231201172,0.7296038866043091
sparse,2,16,16,130,0.4912954568862915,0.7332740426063538
sparse,2,16,16,140,0.4698348045349121,0.7229647040367126
sparse,2,16,16,150,0.622931718826294,0.8538494110107422
sparse,2,16,16,160,0.479745477437973,0.7087830305099487
sparse,2,32,32,0,1.208430528640747,1.2805664539337158
sparse,2,32,32,10,0.8951334953308105,0.9427485466003418
sparse,2,32,32,20,0.8384262323379517,0.8852911591529846
sparse,2,32,32,30,0.7984002232551575,0.8621335625648499
sparse,2,32,32,40,0.7579035758972168,0.8386294841766357
sparse,2,32,32,50,0.7193729877471924,0.8256364464759827
sparse,2,32,32,60,0.7461526393890381,0.8565677404403687
sparse,2,32,32,70,0.7069371342658997,0.8281347751617432
sparse,2,32,32,80,0.6491342782974243,0.806140661239624
sparse,2,32,32,90,0.6205669641494751,0.7913144826889038
sparse,2,32,32,100,0.587949275970459,0.7722259163856506
sparse,2,32,32,110,0.6266229152679443,0.814618706703186
sparse,2,32,32,120,0.5949503183364868,0.7770957350730896
sparse,2,32,32,130,0.5692887306213379,0.7521808743476868
sparse,2,32,32,140,0.5398050546646118,0.756191074848175
sparse,2,32,32,150,0.516910970211029,0.7463246583938599
sparse,2,32,32,160,0.4984079599380493,0.7408608198165894
sparse,2,64,64,0,1.031943440437317,1.0985324382781982
sparse,2,64,64,10,0.8607288599014282,0.9056544899940491
sparse,2,64,64,20,0.8232043981552124,0.8727759718894958
sparse,2,64,64,30,0.7788488864898682,0.8412356376647949
sparse,2,64,64,40,0.7338802218437195,0.8195620775222778
sparse,2,64,64,50,0.7206757664680481,0.8228299021720886
sparse,2,64,64,60,0.6800268292427063,0.8123725056648254
sparse,2,64,64,70,0.6657686233520508,0.8127471804618835
sparse,2,64,64,80,0.621692419052124,0.7634618878364563
sparse,2,64,64,90,0.8828620910644531,1.0052330493927002
sparse,2,64,64,100,0.5944845676422119,0.7535163164138794
sparse,2,64,64,110,0.5701407790184021,0.7315657734870911
sparse,2,64,64,120,0.5477510690689087,0.7453809380531311
sparse,2,64,64,130,0.5213276147842407,0.7237890958786011
sparse,2,64,64,140,0.5657871961593628,0.7679184675216675
sparse,2,64,64,150,0.5244749784469604,0.7308529615402222
sparse,2,64,64,160,0.47541794180870056,0.7026639580726624
sparse,2,128,128,0,1.008009910583496,1.0779024362564087
sparse,2,128,128,10,0.8624739646911621,0.9085209369659424
sparse,2,128,128,20,0.8119903206825256,0.8616929054260254
sparse,2,128,128,30,0.7594181299209595,0.8270633220672607
sparse,2,128,128,40,0.7102303504943848,0.811420202255249
sparse,2,128,128,50,0.6750805377960205,0.790074348449707
sparse,2,128,128,60,0.698334813117981,0.8203256726264954
sparse,2,128,128,70,0.7284531593322754,0.8555838465690613
sparse,2,128,128,80,0.67900151014328,0.8071160316467285
sparse,2,128,128,90,0.6073641777038574,0.7482683062553406
sparse,2,128,128,100,0.555853009223938,0.7154725790023804
sparse,2,128,128,110,0.5210505127906799,0.7251625061035156
sparse,2,128,128,120,0.5639011859893799,0.7553576827049255
sparse,2,128,128,130,0.623336911201477,0.8028380870819092
sparse,2,128,128,140,0.5453288555145264,0.7313620448112488
sparse,2,128,128,150,0.5035218596458435,0.7086576223373413
sparse,2,128,128,160,0.46748194098472595,0.7028687000274658
sparse,2,256,256,0,1.0018084049224854,1.0719035863876343
sparse,2,256,256,10,0.8630393743515015,0.9024676084518433
sparse,2,256,256,20,0.8206965327262878,0.8717449903488159
sparse,2,256,256,30,0.767837405204773,0.8319101929664612
sparse,2,256,256,40,0.7747161388397217,0.8427602052688599
sparse,2,256,256,50,0.7250422239303589,0.8048794269561768
sparse,2,256,256,60,0.6890379786491394,0.7931305170059204
sparse,2,256,256,70,0.9183530807495117,0.9884068369865417
sparse,2,256,256,80,0.7886741757392883,0.8630207777023315
sparse,2,256,256,90,0.7358691692352295,0.8313336372375488
sparse,2,256,256,100,0.6680551767349243,0.7902601957321167
sparse,2,256,256,110,0.6977776288986206,0.8218914270401001
sparse,2,256,256,120,0.6167853474617004,0.7567220330238342
sparse,2,256,256,130,0.5761895179748535,0.7372532486915588
sparse,2,256,256,140,0.542069137096405,0.713407039642334
sparse,2,256,256,150,0.4990394711494446,0.6875186562538147
sparse,2,256,256,160,0.596866250038147,0.7476430535316467
sparse,2,512,512,0,1.0009442567825317,1.0699751377105713
sparse,2,512,512,10,0.9372286200523376,1.0042595863342285
sparse,2,512,512,20,0.8692978620529175,0.9294245839118958
sparse,2,512,512,30,0.8113081455230713,0.8774078488349915
sparse,2,512,512,40,0.7720666527748108,0.8378376960754395
sparse,2,512,512,50,0.7567950487136841,0.8304404020309448
sparse,2,512,512,60,0.7733285427093506,0.8615421652793884
sparse,2,512,512,70,0.7295310497283936,0.8201128244400024
sparse,2,512,512,80,0.7012698650360107,0.813349187374115
sparse,2,512,512,90,0.6586415767669678,0.7680744528770447
sparse,2,512,512,100,0.6412326097488403,0.764684796333313
sparse,2,512,512,110,0.6521496176719666,0.7745961546897888
sparse,2,512,512,120,0.6720302700996399,0.8139716386795044
sparse,2,512,512,130,0.6114931702613831,0.7780891060829163
sparse,2,512,512,140,0.5853211879730225,0.7924697995185852
sparse,2,512,512,150,0.620844841003418,0.7760201692581177
sparse,2,512,512,160,0.543100118637085,0.6921426653862
sparse,2,1024,full,0,0.9998843669891357,1.0699318647384644
sparse,2,1024,full,10,0.9524381756782532,1.0153148174285889
sparse,2,1024,full,20,0.8620582818984985,0.9059250950813293
sparse,2,1024,full,30,0.8249568939208984,0.8787344098091125
sparse,2,1024,full,40,0.7984190583229065,0.8597738146781921
sparse,2,1024,full,50,0.772280216217041,0.8439943194389343
sparse,2,1024,full,60,0.7410294413566589,0.8269462585449219
sparse,2,1024,full,70,0.7149097919464111,0.8194034099578857
sparse,2,1024,full,80,0.682766318321228,0.8072749376296997
sparse,2,1024,full,90,0.6518740653991699,0.7953096032142639
sparse,2,1024,full,100,0.6219160556793213,0.7792998552322388
sparse,2,1024,full,110,0.6077951192855835,0.7867463827133179
sparse,2,1024,full,120,0.5761836171150208,0.7475224733352661
sparse,2,1024,full,130,0.5734765529632568,0.7526404857635498
sparse,2,1024,full,140,0.5318922996520996,0.7344151735305786
sparse,2,1024,full,150,0.5371405482292175,0.7686092853546143
sparse,2,1024,full,160,0.5046960115432739,0.7074311971664429
sparse,5,1,1,0,18.565357208251953,18.513641357421875
sparse,5,1,1,10,0.9902136921882629,0.8109757304191589
sparse,5,1,1,20,0.9682826995849609,0.7641919851303101
sparse,5,1,1,30,0.961577832698822,0.7595506310462952
sparse,5,1,1,40,0.9560564756393433,0.7607238292694092
sparse,5,1,1,50,1.035689353942871,0.83151775598526
sparse,5,1,1,60,0.9695872068405151,0.7947296500205994
sparse,5,1,1,70,0.9519292116165161,0.7588827013969421
sparse,5,1,1,80,0.9360889196395874,0.7545032501220703
sparse,5,1,1,90,0.925959587097168,0.7458095550537109
sparse,5,1,1,100,0.9134837985038757,0.7757150530815125
sparse,5,1,1,110,0.9001672863960266,0.7880572080612183
sparse,5,1,1,120,0.9212799072265625,0.8633343577384949
sparse,5,1,1,130,0.8690390586853027,0.7938117384910583
sparse,5,1,1,140,0.8525351285934448,0.7843021750450134
sparse,5,1,1,150,0.8374499082565308,0.8152170181274414
sparse,5,1,1,160,0.8222207427024841,0.7899438142776489
sparse,5,2,2,0,1.7864700555801392,1.4521806240081787
sparse,5,2,2,10,0.9500024318695068,0.8069633841514587
sparse,5,2,2,20,0.8796094059944153,0.8246240019798279
sparse,5,2,2,30,0.7955860495567322,0.8598990440368652
sparse,5,2,2,40,0.7375097274780273,0.8635384440422058
sparse,5,2,2,50,0.6791936755180359,0.9103634357452393
sparse,5,2,2,60,0.6275249719619751,0.9471179246902466
sparse,5,2,2,70,0.5837405323982239,0.9920793771743774
sparse,5,2,2,80,0.5469859838485718,1.0437918901443481
sparse,5,2,2,90,0.5100752115249634,1.1106181144714355
sparse,5,2,2,100,0.5435131192207336,1.1466131210327148
sparse,5,2,2,110,0.39849743247032166,1.1141231060028076
sparse,5,2,2,120,0.45519790053367615,1.2275763750076294
sparse,5,2,2,130,0.495134562253952,1.282869815826416
sparse,5,2,2,140,0.38787803053855896,1.125632882118225
sparse,5,2,2,150,0.369476318359375,1.216472864151001
sparse,5,2,2,160,0.2674277722835541,1.2215214967727661
sparse,5,4,4,0,1.0558485984802246,0.9110215902328491
sparse,5,4,4,10,0.922034502029419,0.797761082649231
sparse,5,4,4,20,0.8104506731033325,0.8039681315422058
sparse,5,4,4,30,0.7284975051879883,0.8092597723007202
sparse,5,4,4,40,0.660668671131134,0.8859695792198181
sparse,5,4,4,50,0.6263407468795776,0.9405573010444641
sparse,5,4,4,60,0.5079705119132996,0.9720142483711243
sparse,5,4,4,70,0.4421616792678833,1.0439872741699219
sparse,5,4,4,80,0.39174970984458923,1.115126132965088
sparse,5,4,4,90,0.39568910002708435,1.1286189556121826
sparse,5,4,4,100,0.3796464204788208,1.2104436159133911
sparse,5,4,4,110,0.279521107673645,1.1742806434631348
sparse,5,4,4,120,0.26475754380226135,1.2150709629058838
sparse,5,4,4,130,0.2348051220178604,1.2021944522857666
sparse,5,4,4,140,0.24115243554115295,1.2382676601409912
sparse,5,4,4,150,0.23206433653831482,1.2602217197418213
sparse,5,4,4,160,0.19044744968414307,1.3051795959472656
sparse,5,8,8,0,4.4617767333984375,4.354370594024658
sparse,5,8,8,10,1.0422630310058594,0.8418653011322021
sparse,5,8,8,20,0.8957701325416565,0.7542449831962585
sparse,5,8,8,30,0.7944890260696411,0.8302146196365356
sparse,5,8,8,40,0.730237603187561,0.818688154220581
sparse,5,8,8,50,0.6654040813446045,0.8646373748779297
sparse,5,8,8,60,0.5755100846290588,0.9223302602767944
sparse,5,8,8,70,0.46729776263237,1.0465593338012695
sparse,5,8,8,80,0.534023642539978,1.1509488821029663
sparse,5,8,8,90,0.38960278034210205,1.103466272354126
sparse,5,8,8,100,0.31853288412094116,1.1807200908660889
sparse,5,8,8,110,0.25278523564338684,1.2849186658859253
sparse,5,8,8,120,0.200959712266922,1.3487052917480469
sparse,5,8,8,130,0.20147524774074554,1.3062255382537842
sparse,5,8,8,140,0.1606290340423584,1.3450016975402832
sparse,5,8,8,150,0.12628671526908875,1.4024323225021362
sparse,5,8,8,160,0.101901575922966,1.436513900756836
sparse,5,16,16,0,1.2103297710418701,0.9860184788703918
sparse,5,16,16,10,0.8384521007537842,0.7523097991943359
sparse,5,16,16,20,0.774698793888092,0.7663825750350952
sparse,5,16,16,30,0.6980594396591187,0.8221191167831421
sparse,5,16,16,40,0.6198337078094482,0.8828364014625549
sparse,5,16,16,50,0.5223701000213623,0.9543763995170593
sparse,5,16,16,60,0.443768173456192,1.093939185142517
sparse,5,16,16,70,0.3306635022163391,1.08236563205719
sparse,5,16,16,80,0.26561036705970764,1.1409341096878052
sparse,5,16,16,90,0.19637832045555115,1.192230463027954
sparse,5,16,16,100,0.26332327723503113,1.3190279006958008
sparse,5,16,16,110,0.1593877077102661,1.2512917518615723
sparse,5,16,16,120,0.1063256785273552,1.2923353910446167
sparse,5,16,16,130,0.07379169762134552,1.3088892698287964
sparse,5,16,16,140,0.06446442753076553,1.2855191230773926
sparse,5,16,16,150,0.10644248872995377,1.314893126487732
sparse,5,16,16,160,0.04179944097995758,1.311951994895935
sparse,5,32,32,0,1.008166790008545,0.808455228805542
sparse,5,32,32,10,0.881306529045105,0.7638053894042969
sparse,5,32,32,20,0.794475257396698,0.789680540561676
sparse,5,32,32,30,0.7289453148841858,0.8010871410369873
sparse,5,32,32,40,0.6525450348854065,0.8432731032371521
sparse,5,32,32,50,0.55610591173172,0.9214320778846741
sparse,5,32,32,60,0.496602326631546,1.0389070510864258
sparse,5,32,32,70,0.3590075373649597,1.0680501461029053
sparse,5,32,32,80,0.2673845887184143,1.1431446075439453
sparse,5,32,32,90,0.26293104887008667,1.210342288017273
sparse,5,32,32,100,0.18326079845428467,1.1932048797607422
sparse,5,32,32,110,0.1756068915128708,1.269649624824524
sparse,5,32,32,120,0.1607191264629364,1.2329587936401367
sparse,5,32,32,130,0.12703953683376312,1.258596658706665
sparse,5,32,32,140,0.09778749942779541,1.2700859308242798
sparse,5,32,32,150,0.0715971514582634,1.3022093772888184
sparse,5,32,32,160,0.06307335942983627,1.3383747339248657
sparse,5,64,64,0,1.0396945476531982,0.8434470295906067
sparse,5,64,64,10,0.8289055824279785,0.7968128323554993
sparse,5,64,64,20,0.7435588836669922,0.7937291860580444
sparse,5,64,64,30,0.6512349247932434,0.8594470024108887
sparse,5,64,64,40,0.5503693222999573,0.9879052639007568
sparse,5,64,64,50,0.43585193157196045,1.0869766473770142
sparse,5,64,64,60,0.4045294523239136,1.1786223649978638
sparse,5,64,64,70,0.2698586583137512,1.2168461084365845
sparse,5,64,64,80,0.2095082700252533,1.292541265487671
sparse,5,64,64,90,0.23240430653095245,1.300427794456482
sparse,5,64,64,100,0.14251305162906647,1.3385977745056152
sparse,5,64,64,110,0.1001712828874588,1.3631141185760498
sparse,5,64,64,120,0.10969671607017517,1.397643804550171
sparse,5,64,64,130,0.09296604990959167,1.2729305028915405
sparse,5,64,64,140,0.07239365577697754,1.3864303827285767
sparse,5,64,64,150,0.04508388414978981,1.3858954906463623
sparse,5,64,64,160,0.05853411555290222,1.405715823173523
sparse,5,128,128,0,1.0080643892288208,0.8053923845291138
sparse,5,128,128,10,0.8457940816879272,0.7399065494537354
sparse,5,128,128,20,0.7842701077461243,0.7996062636375427
sparse,5,128,128,30,0.7126538157463074,0.8117222189903259
sparse,5,128,128,40,0.5914774537086487,0.9050248861312866
sparse,5,128,128,50,0.4878804087638855,1.0172734260559082
sparse,5,128,128,60,0.3891942799091339,1.139892816543579
sparse,5,128,128,70,0.29272153973579407,1.1790376901626587
sparse,5,128,128,80,0.22074821591377258,1.2949063777923584
sparse,5,128,128,90,0.17077162861824036,1.3498332500457764
sparse,5,128,128,100,0.1299862563610077,1.2458710670471191
sparse,5,128,128,110,0.0834873840212822,1.3313347101211548
sparse,5,128,128,120,0.2538334131240845,1.3557655811309814
sparse,5,128,128,130,0.12940329313278198,1.1986387968063354
sparse,5,128,128,140,0.07427865266799927,1.3908169269561768
sparse,5,128,128,150,0.041868701577186584,1.362233281135559
sparse,5,128,128,160,0.02692621387541294,1.371493935585022
sparse,5,256,256,0,0.999666690826416,0.7972151041030884
sparse,5,256,256,10,0.8282256722450256,0.7800025939941406
sparse,5,256,256,20,0.7873293161392212,0.7756863236427307
sparse,5,256,256,30,0.718624472618103,0.8192422986030579
sparse,5,256,256,40,0.6497992277145386,0.8874436616897583
sparse,5,256,256,50,0.5478392243385315,0.9447511434555054
sparse,5,256,256,60,0.4168868362903595,1.1305638551712036
sparse,5,256,256,70,0.3798319697380066,1.2044062614440918
sparse,5,256,256,80,0.35169458389282227,1.4721006155014038
sparse,5,256,256,90,0.23208512365818024,1.2824205160140991
sparse,5,256,256,100,0.2572929859161377,1.137392282485962
sparse,5,256,256,110,0.17318929731845856,1.1717782020568848
sparse,5,256,256,120,0.09664155542850494,1.3223915100097656
sparse,5,256,256,130,0.06656043231487274,1.3533375263214111
sparse,5,256,256,140,0.16040349006652832,1.200325608253479
sparse,5,256,256,150,0.06656403839588165,1.3158577680587769
sparse,5,256,256,160,0.04404516890645027,1.3257577419281006
sparse,5,512,512,0,1.003321886062622,0.801073431968689
sparse,5,512,512,10,0.9635372757911682,0.8228658437728882
sparse,5,512,512,20,0.8586544990539551,0.8097346425056458
sparse,5,512,512,30,0.7977291941642761,0.776513934135437
sparse,5,512,512,40,0.7555587887763977,0.8050429821014404
sparse,5,512,512,50,0.7044653296470642,0.806517481803894
sparse,5,512,512,60,0.6298261880874634,0.8513590693473816
sparse,5,512,512,70,0.7178647518157959,0.8278182744979858
sparse,5,512,512,80,0.5953130722045898,0.9201864004135132
sparse,5,512,512,90,0.5454632639884949,1.2545177936553955
sparse,5,512,512,100,0.49434685707092285,1.0621386766433716
sparse,5,512,512,110,0.357807457447052,1.1471946239471436
sparse,5,512,512,120,0.29382839798927307,1.08832585811615
sparse,5,512,512,130,0.23016998171806335,1.211169958114624
sparse,5,512,512,140,0.29094699025154114,1.1304576396942139
sparse,5,512,512,150,0.198740154504776,1.3052773475646973
sparse,5,512,512,160,0.1302855908870697,1.353757619857788
sparse,5,1024,full,0,1.002712607383728,0.7991811633110046
sparse,5,1024,full,10,0.8557320237159729,0.7328834533691406
sparse,5,1024,full,20,0.8116730451583862,0.7657120823860168
sparse,5,1024,full,30,0.7746222019195557,0.802222728729248
sparse,5,1024,full,40,0.7336012125015259,0.818061351776123
sparse,5,1024,full,50,0.758503794670105,0.8959606885910034
sparse,5,1024,full,60,0.6656666398048401,0.920782744884491
sparse,5,1024,full,70,0.5844278335571289,0.9215425252914429
sparse,5,1024,full,80,0.5021638870239258,1.015254020690918
sparse,5,1024,full,90,0.4496285319328308,1.0782147645950317
sparse,5,1024,full,100,0.38269445300102234,1.1476209163665771
sparse,5,1024,full,110,0.3508029878139496,1.1938042640686035
sparse,5,1024,full,120,0.310501366853714,1.2664128541946411
sparse,5,1024,full,130,0.3297092020511627,1.3068288564682007
sparse,5,1024,full,140,0.2611910104751587,1.3057247400283813
sparse,5,1024,full,150,0.1884978711605072,1.3170932531356812
sparse,5,1024,full,160,0.20800429582595825,1.376573920249939
sparse,10,1,1,0,1.045309066772461,0.9779577255249023
sparse,10,1,1,10,1.0326488018035889,0.9536120891571045
sparse,10,1,1,20,1.0087531805038452,0.9755397439002991
sparse,10,1,1,30,1.027415156364441,0.9681371450424194
sparse,10,1,1,40,1.0011162757873535,0.9482910633087158
sparse,10,1,1,50,0.9972786903381348,0.9477715492248535
sparse,10,1,1,60,0.9972786903381348,0.9486386179924011
sparse,10,1,1,70,0.996769905090332,0.9483730792999268
sparse,10,1,1,80,0.9961379170417786,0.9477564692497253
sparse,10,1,1,90,0.9955081939697266,0.9473047852516174
sparse,10,1,1,100,0.9948450922966003,0.9469561576843262
sparse,10,1,1,110,0.994094729423523,0.9466331005096436
sparse,10,1,1,120,0.9931900501251221,0.9463770389556885
sparse,10,1,1,130,0.9920588731765747,0.946226954460144
sparse,10,1,1,140,0.9906660318374634,0.9461150169372559
sparse,10,1,1,150,0.9888855218887329,0.9460153579711914
sparse,10,1,1,160,0.9863759875297546,0.9459078311920166
sparse,10,2,2,0,1.0871787071228027,1.0600839853286743
sparse,10,2,2,10,0.9919066429138184,1.0098119974136353
sparse,10,2,2,20,0.9456735253334045,0.9897088408470154
sparse,10,2,2,30,0.8708504438400269,0.993630588054657
sparse,10,2,2,40,0.7332333922386169,1.0900938510894775
sparse,10,2,2,50,0.5754933953285217,1.2898492813110352
sparse,10,2,2,60,0.47651880979537964,1.3466662168502808
sparse,10,2,2,70,0.38333266973495483,1.4844778776168823
sparse,10,2,2,80,0.4589495360851288,1.4978830814361572
sparse,10,2,2,90,0.288578599691391,1.5491654872894287
sparse,10,2,2,100,0.2014598548412323,1.6178621053695679
sparse,10,2,2,110,0.2882005274295807,1.6232092380523682
sparse,10,2,2,120,0.17997774481773376,1.6135921478271484
sparse,10,2,2,130,0.17403070628643036,1.6750426292419434
sparse,10,2,2,140,0.13253524899482727,1.7556250095367432
sparse,10,2,2,150,0.10056022554636002,1.8041633367538452
sparse,10,2,2,160,0.1130460575222969,1.7953364849090576
sparse,10,4,4,0,1.4534021615982056,1.2330321073532104
sparse,10,4,4,10,0.9997556805610657,0.9591653943061829
sparse,10,4,4,20,0.9959158897399902,0.9557375311851501
sparse,10,4,4,30,0.9525180459022522,0.9590997099876404
sparse,10,4,4,40,0.8855047225952148,0.9816969633102417
sparse,10,4,4,50,0.7776085734367371,1.0484566688537598
sparse,10,4,4,60,0.630974531173706,1.1609338521957397
sparse,10,4,4,70,0.48781469464302063,1.305445671081543
sparse,10,4,4,80,0.3428576588630676,1.437544822692871
sparse,10,4,4,90,0.2665182650089264,1.5568784475326538
sparse,10,4,4,100,0.20794376730918884,1.6126253604888916
sparse,10,4,4,110,0.14435532689094543,1.648270845413208
sparse,10,4,4,120,0.0922045111656189,1.7357134819030762
sparse,10,4,4,130,0.058822039514780045,1.8012357950210571
sparse,10,4,4,140,0.037193164229393005,1.8633406162261963
sparse,10,4,4,150,0.024193305522203445,1.906303882598877
sparse,10,4,4,160,0.029555264860391617,1.966132640838623
sparse,10,8,8,0,1.3717132806777954,1.2965143918991089
sparse,10,8,8,10,1.1342413425445557,1.0486575365066528
sparse,10,8,8,20,0.9667812585830688,1.013498067855835
sparse,10,8,8,30,0.8789956569671631,0.9725275039672852
sparse,10,8,8,40,0.7829416990280151,1.044174075126648
sparse,10,8,8,50,0.6709879636764526,1.0918031930923462
sparse,10,8,8,60,0.5205638408660889,1.1916956901550293
sparse,10,8,8,70,0.36523693799972534,1.330702543258667
sparse,10,8,8,80,0.5647411346435547,1.5971378087997437
sparse,10,8,8,90,0.3324659466743469,1.395376205444336
sparse,10,8,8,100,0.21704481542110443,1.3871468305587769
sparse,10,8,8,110,0.15280817449092865,1.4552723169326782
sparse,10,8,8,120,0.10364101082086563,1.5167944431304932
sparse,10,8,8,130,0.07650629431009293,1.5824483633041382
sparse,10,8,8,140,0.045874740928411484,1.5842974185943604
sparse,10,8,8,150,0.0303643848747015,1.59918212890625
sparse,10,8,8,160,0.044373687356710434,1.6615779399871826
sparse,10,16,16,0,1.3225165605545044,1.3316187858581543
sparse,10,16,16,10,0.9679542779922485,0.9463284611701965
sparse,10,16,16,20,0.8758364915847778,0.934775173664093
sparse,10,16,16,30,0.6744197010993958,0.9193630814552307
sparse,10,16,16,40,0.44005295634269714,1.010376214981079
sparse,10,16,16,50,0.2666504681110382,1.0981253385543823
sparse,10,16,16,60,0.13546715676784515,1.1515376567840576
sparse,10,16,16,70,0.08778649568557739,1.2573742866516113
sparse,10,16,16,80,0.027141770347952843,1.2622857093811035
sparse,10,16,16,90,0.016593046486377716,1.2928059101104736
sparse,10,16,16,100,0.0030192008707672358,1.2907510995864868
sparse,10,16,16,110,0.003732345998287201,1.2948384284973145
sparse,10,16,16,120,0.0007096473127603531,1.2999359369277954
sparse,10,16,16,130,0.021049119532108307,1.3233729600906372
sparse,10,16,16,140,0.00361189479008317,1.3000895977020264
sparse,10,16,16,150,0.00016601310926489532,1.2952840328216553
sparse,10,16,16,160,0.001078227418474853,1.2948520183563232
sparse,10,32,32,0,1.076670527458191,1.0302640199661255
sparse,10,32,32,10,0.9573649168014526,0.9444445967674255
sparse,10,32,32,20,0.7608082294464111,0.9143067598342896
sparse,10,32,32,30,0.48089808225631714,1.038794755935669
sparse,10,32,32,40,0.3626285195350647,1.1020426750183105
sparse,10,32,32,50,0.20811773836612701,1.1610851287841797
sparse,10,32,32,60,0.14627818763256073,1.3414570093154907
sparse,10,32,32,70,0.05751480907201767,1.3316442966461182
sparse,10,32,32,80,0.055611755698919296,1.3931399583816528
sparse,10,32,32,90,0.017662623897194862,1.4140170812606812
sparse,10,32,32,100,0.020596932619810104,1.4646785259246826
sparse,10,32,32,110,0.011636465787887573,1.4414976835250854
sparse,10,32,32,120,0.004302178043872118,1.4669357538223267
sparse,10,32,32,130,0.0009438627166673541,1.4375406503677368
sparse,10,32,32,140,0.0043893856927752495,1.4399793148040771
sparse,10,32,32,150,0.0028153059538453817,1.45122492313385
sparse,10,32,32,160,0.00036286411341279745,1.4541562795639038
sparse,10,64,64,0,1.0331445932388306,0.9729470014572144
sparse,10,64,64,10,0.9273715615272522,0.9350326061248779
sparse,10,64,64,20,0.6512266397476196,0.909423291683197
sparse,10,64,64,30,0.7698969841003418,1.3291189670562744
sparse,10,64,64,40,0.4057525396347046,1.048848032951355
sparse,10,64,64,50,0.2528929114341736,1.1340153217315674
sparse,10,64,64,60,0.1504029929637909,1.2858872413635254
sparse,10,64,64,70,0.763399064540863,1.9772422313690186
sparse,10,64,64,80,0.1959417164325714,1.297916293144226
sparse,10,64,64,90,0.05202914774417877,1.3003320693969727
sparse,10,64,64,100,0.0384669229388237,1.369598150253296
sparse,10,64,64,110,0.017215372994542122,1.4024381637573242
sparse,10,64,64,120,0.0062315501272678375,1.4149153232574463
sparse,10,64,64,130,0.0022431444376707077,1.4244722127914429
sparse,10,64,64,140,0.0007866218220442533,1.4281424283981323
sparse,10,64,64,150,0.0003166783135384321,1.4323762655258179
sparse,10,64,64,160,8.735476876609027e-05,1.434701919555664
sparse,10,128,128,0,1.004765510559082,0.9494646787643433
sparse,10,128,128,10,0.9097301959991455,0.9263522028923035
sparse,10,128,128,20,0.6181100606918335,0.9506199359893799
sparse,10,128,128,30,0.4105603098869324,1.030900239944458
sparse,10,128,128,40,0.477631539106369,1.2246482372283936
sparse,10,128,128,50,0.19619672000408173,1.1433875560760498
sparse,10,128,128,60,0.08510494977235794,1.322566032409668
sparse,10,128,128,70,0.10050318390130997,1.3789863586425781
sparse,10,128,128,80,0.017601031810045242,1.3947131633758545
sparse,10,128,128,90,0.015122251585125923,1.435547947883606
sparse,10,128,128,100,0.004712136462330818,1.4549669027328491
sparse,10,128,128,110,0.0015616199234500527,1.4424837827682495
sparse,10,128,128,120,0.00011386838014004752,1.4411143064498901
sparse,10,128,128,130,0.00019624611013568938,1.4379024505615234
sparse,10,128,128,140,7.612654735567048e-05,1.4403408765792847
sparse,10,128,128,150,2.9390324925770983e-05,1.4371182918548584
sparse,10,128,128,160,3.0870282898831647e-06,1.4384533166885376
sparse,10,256,256,0,0.9999564290046692,0.9490702152252197
sparse,10,256,256,10,0.9523171186447144,0.9567643404006958
sparse,10,256,256,20,0.7998954653739929,0.9317946434020996
sparse,10,256,256,30,0.5573164224624634,0.9776732325553894
sparse,10,256,256,40,0.5177415013313293,1.2102093696594238
sparse,10,256,256,50,0.3633054494857788,1.130903720855713
sparse,10,256,256,60,0.22229614853858948,1.3155791759490967
sparse,10,256,256,70,0.13867369294166565,1.4968575239181519
sparse,10,256,256,80,0.06694389879703522,1.5328688621520996
sparse,10,256,256,90,0.026245713233947754,1.460321068763733
sparse,10,256,256,100,0.010554051958024502,1.4286346435546875
sparse,10,256,256,110,0.0009051201632246375,1.4643125534057617
sparse,10,256,256,120,0.0005058811511844397,1.4618955850601196
sparse,10,256,256,130,0.00017335853772237897,1.458441972732544
sparse,10,256,256,140,4.004790025646798e-05,1.460850715637207
sparse,10,256,256,150,0.00011423993419157341,1.458638072013855
sparse,10,256,256,160,0.0010158695513382554,1.4519381523132324
sparse,10,512,512,0,1.00028657913208,0.9492262005805969
sparse,10,512,512,10,0.9833788871765137,0.9579273462295532
sparse,10,512,512,20,0.8078364729881287,0.9476372599601746
sparse,10,512,512,30,0.6290807723999023,0.8938010931015015
sparse,10,512,512,40,0.44507572054862976,1.0378499031066895
sparse,10,512,512,50,0.3299965560436249,1.204422950744629
sparse,10,512,512,60,0.24125173687934875,1.4996607303619385
sparse,10,512,512,70,0.09371774643659592,1.457741141319275
sparse,10,512,512,80,0.032881006598472595,1.4053668975830078
sparse,10,512,512,90,0.015825187787413597,1.4016258716583252
sparse,10,512,512,100,0.012197925709187984,1.4661805629730225
sparse,10,512,512,110,0.0019168606959283352,1.4289685487747192
sparse,10,512,512,120,0.00098884804174304,1.4195400476455688
sparse,10,512,512,130,0.000489313155412674,1.4230372905731201
sparse,10,512,512,140,0.00013267585018184036,1.4161713123321533
sparse,10,512,512,150,1.4249717423808761e-05,1.4111868143081665
sparse,10,512,512,160,1.6069541743490845e-05,1.409485101699829
sparse,10,1024,full,0,1.0020625591278076,0.9493563771247864
sparse,10,1024,full,10,0.9845796227455139,0.9480941295623779
sparse,10,1024,full,20,0.8965718746185303,0.9621518850326538
sparse,10,1024,full,30,0.6608123779296875,0.9629603624343872
sparse,10,1024,full,40,0.4597397446632385,1.1005842685699463
sparse,10,1024,full,50,0.27700984477996826,1.1311017274856567
sparse,10,1024,full,60,0.16505739092826843,1.184101939201355
sparse,10,1024,full,70,0.12117958068847656,1.2827305793762207
sparse,10,1024,full,80,0.08463184535503387,1.3249695301055908
sparse,10,1024,full,90,0.06496821343898773,1.2969821691513062
sparse,10,1024,full,100,0.03916176036000252,1.3132482767105103
sparse,10,1024,full,110,0.026694947853684425,1.3631168603897095
sparse,10,1024,full,120,0.050288982689380646,1.3473625183105469
sparse,10,1024,full,130,0.011036691255867481,1.329749345779419
sparse,10,1024,full,140,0.0031676827929913998,1.3524889945983887
sparse,10,1024,full,150,0.0035901484079658985,1.3619571924209595
sparse,10,1024,full,160,0.001152875367552042,1.3550344705581665
sparse,20,1,1,0,1.0219799280166626,1.0445342063903809
sparse,20,1,1,10,1.0315879583358765,1.0925456285476685
sparse,20,1,1,20,0.9706598520278931,1.1337640285491943
sparse,20,1,1,30,0.975508451461792,1.0915464162826538
sparse,20,1,1,40,0.998377799987793,1.091166377067566
sparse,20,1,1,50,0.9585310816764832,1.0948665142059326
sparse,20,1,1,60,0.952990710735321,1.089730978012085
sparse,20,1,1,70,0.9519690275192261,1.182430624961853
sparse,20,1,1,80,0.9250145554542542,1.1014102697372437
sparse,20,1,1,90,0.9132862091064453,1.124010682106018
sparse,20,1,1,100,0.9202962517738342,1.1096941232681274
sparse,20,1,1,110,1.2606536149978638,1.1805661916732788
sparse,20,1,1,120,1.0069282054901123,1.373189926147461
sparse,20,1,1,130,0.8899440765380859,1.1051807403564453
sparse,20,1,1,140,0.8438847064971924,1.1429266929626465
sparse,20,1,1,150,0.8339138031005859,1.1774461269378662
sparse,20,1,1,160,0.9340093731880188,1.0712885856628418
sparse,20,2,2,0,1.086735486984253,1.1288230419158936
sparse,20,2,2,10,1.0110963582992554,1.0489585399627686
sparse,20,2,2,20,1.2584525346755981,1.2326462268829346
sparse,20,2,2,30,1.0120941400527954,1.0677028894424438
sparse,20,2,2,40,1.0053844451904297,1.0768778324127197
sparse,20,2,2,50,0.9865812659263611,1.0582982301712036
sparse,20,2,2,60,0.9606679081916809,1.0724869966506958
sparse,20,2,2,70,0.9257826209068298,1.0923073291778564
sparse,20,2,2,80,0.8680649995803833,1.117571234703064
sparse,20,2,2,90,0.7809324264526367,1.167919635772705
sparse,20,2,2,100,0.6860439777374268,1.2413523197174072
sparse,20,2,2,110,0.6090310215950012,1.304075002670288
sparse,20,2,2,120,0.5223588943481445,1.3810786008834839
sparse,20,2,2,130,0.49329814314842224,1.4281713962554932
sparse,20,2,2,140,0.373551607131958,1.5001236200332642
sparse,20,2,2,150,0.33410391211509705,1.5647894144058228
sparse,20,2,2,160,0.36235299706459045,1.6524882316589355
sparse,20,4,4,0,3.3776774406433105,3.149942398071289
sparse,20,4,4,10,0.9880157113075256,1.0897307395935059
sparse,20,4,4,20,0.9794606566429138,1.126176357269287
sparse,20,4,4,30,0.931573212146759,1.072635531425476
sparse,20,4,4,40,0.872624933719635,1.1206127405166626
sparse,20,4,4,50,0.7769945859909058,1.1745582818984985
sparse,20,4,4,60,0.641701877117157,1.30181884765625
sparse,20,4,4,70,0.5000919103622437,1.4901474714279175
sparse,20,4,4,80,0.3110882639884949,1.4758983850479126
sparse,20,4,4,90,0.19619888067245483,1.5781903266906738
sparse,20,4,4,100,0.1802988201379776,1.6733661890029907
sparse,20,4,4,110,0.0771544873714447,1.6826484203338623
sparse,20,4,4,120,0.09269679337739944,1.8452751636505127
sparse,20,4,4,130,0.02766014263033867,1.7421892881393433
sparse,20,4,4,140,0.03738062456250191,1.8049434423446655
sparse,20,4,4,150,0.03183263540267944,1.818548560142517
sparse,20,4,4,160,0.029210060834884644,1.7839264869689941
sparse,20,8,8,0,1.104107141494751,1.1478451490402222
sparse,20,8,8,10,0.9710468649864197,1.0910749435424805
sparse,20,8,8,20,0.7953084111213684,1.0962586402893066
sparse,20,8,8,30,0.5074381828308105,1.274277687072754
sparse,20,8,8,40,0.2482443004846573,1.4257640838623047
sparse,20,8,8,50,0.10748066008090973,1.5655152797698975
sparse,20,8,8,60,0.0626947432756424,1.6177326440811157
sparse,20,8,8,70,0.05015433952212334,1.606115460395813
sparse,20,8,8,80,0.018364282324910164,1.5912772417068481
sparse,20,8,8,90,0.004361891187727451,1.6047077178955078
sparse,20,8,8,100,0.005089889746159315,1.6228547096252441
sparse,20,8,8,110,0.001012090127915144,1.6102036237716675
sparse,20,8,8,120,0.017907913774251938,1.6122117042541504
sparse,20,8,8,130,0.008898020721971989,1.575589895248413
sparse,20,8,8,140,0.0019278127001598477,1.6028445959091187
sparse,20,8,8,150,0.0005293629365041852,1.5882086753845215
sparse,20,8,8,160,0.00018561336037237197,1.593001365661621
sparse,20,16,16,0,1.158678650856018,1.1952544450759888
sparse,20,16,16,10,0.8588546514511108,1.0636752843856812
sparse,20,16,16,20,0.5811071991920471,1.186254858970642
sparse,20,16,16,30,0.29519152641296387,1.3203965425491333
sparse,20,16,16,40,0.13765834271907806,1.354844093322754
sparse,20,16,16,50,0.08875305950641632,1.452056646347046
sparse,20,16,16,60,0.02269565872848034,1.4094393253326416
sparse,20,16,16,70,0.008650802075862885,1.4461711645126343
sparse,20,16,16,80,0.0033369651064276695,1.4436280727386475
sparse,20,16,16,90,0.0008249781094491482,1.4550732374191284
sparse,20,16,16,100,0.0003214754688087851,1.4524508714675903
sparse,20,16,16,110,8.157229603966698e-05,1.4558708667755127
sparse,20,16,16,120,2.746688187471591e-05,1.458083152770996
sparse,20,16,16,130,0.0004344796179793775,1.4634430408477783
sparse,20,16,16,140,0.01147314440459013,1.4784799814224243
sparse,20,16,16,150,0.005602618213742971,1.4299955368041992
sparse,20,16,16,160,0.0010903727961704135,1.449959635734558
sparse,20,32,32,0,1.0115412473678589,1.059403419494629
sparse,20,32,32,10,0.9165068864822388,1.067030906677246
sparse,20,32,32,20,0.6315435171127319,1.1704909801483154
sparse,20,32,32,30,0.342538446187973,1.3232203722000122
sparse,20,32,32,40,0.11777496337890625,1.4192063808441162
sparse,20,32,32,50,0.03691476956009865,1.5063583850860596
sparse,20,32,32,60,0.024844273924827576,1.5665804147720337
sparse,20,32,32,70,0.010168640874326229,1.5604190826416016
sparse,20,32,32,80,0.005094605498015881,1.5468943119049072
sparse,20,32,32,90,0.001016826368868351,1.5347970724105835
sparse,20,32,32,100,0.0009512006654404104,1.522815465927124
sparse,20,32,32,110,0.0007465583039447665,1.5365742444992065
sparse,20,32,32,120,0.019177444279193878,1.5679099559783936
sparse,20,32,32,130,0.003293568268418312,1.5347479581832886
sparse,20,32,32,140,0.0016780744772404432,1.5267302989959717
sparse,20,32,32,150,0.0005924386787228286,1.5244287252426147
sparse,20,32,32,160,2.8562017178046517e-05,1.5190753936767578
sparse,20,64,64,0,1.0445735454559326,1.0650427341461182
sparse,20,64,64,10,0.8709134459495544,1.0758923292160034
sparse,20,64,64,20,0.5075686573982239,1.2414506673812866
sparse,20,64,64,30,0.18065321445465088,1.366377353668213
sparse,20,64,64,40,0.05100255832076073,1.5009334087371826
sparse,20,64,64,50,0.01059800386428833,1.4891704320907593
sparse,20,64,64,60,0.0026191859506070614,1.4961308240890503
sparse,20,64,64,70,0.0022938146721571684,1.516984462738037
sparse,20,64,64,80,0.00042575737461447716,1.5155103206634521
sparse,20,64,64,90,0.00010998414654750377,1.511303186416626
sparse,20,64,64,100,0.00014174636453390121,1.5130212306976318
sparse,20,64,64,110,7.333078974625096e-05,1.5067976713180542
sparse,20,64,64,120,1.5997662558220327e-05,1.5082380771636963
sparse,20,64,64,130,0.026382481679320335,1.4897664785385132
sparse,20,64,64,140,0.013467210344970226,1.5275933742523193
sparse,20,64,64,150,0.006252502091228962,1.4950202703475952
sparse,20,64,64,160,0.0006535303546115756,1.4793936014175415
sparse,20,128,128,0,1.0141433477401733,1.046534776687622
sparse,20,128,128,10,0.8869612812995911,1.0965969562530518
sparse,20,128,128,20,0.5463041067123413,1.2125892639160156
sparse,20,128,128,30,0.20526821911334991,1.3001103401184082
sparse,20,128,128,40,0.05841095373034477,1.399552822113037
sparse,20,128,128,50,0.021233465522527695,1.4771530628204346
sparse,20,128,128,60,0.005750228185206652,1.4725658893585205
sparse,20,128,128,70,0.0011186763877049088,1.4745354652404785
sparse,20,128,128,80,0.0006764937425032258,1.4555068016052246
sparse,20,128,128,90,0.0001492782903369516,1.4548825025558472
sparse,20,128,128,100,7.016664312686771e-05,1.4576148986816406
sparse,20,128,128,110,2.1785004719276913e-05,1.4580621719360352
sparse,20,128,128,120,1.404932208970422e-05,1.4568657875061035
sparse,20,128,128,130,2.417243422314641e-06,1.457148790359497
sparse,20,128,128,140,1.3088765626889654e-06,1.4572862386703491
sparse,20,128,128,150,7.196113642748969e-07,1.457064151763916
sparse,20,128,128,160,1.6083544096545666e-07,1.4572738409042358
sparse,20,256,256,0,1.0068106651306152,1.0447242259979248
sparse,20,256,256,10,0.8879477977752686,1.142755389213562
sparse,20,256,256,20,0.5825964212417603,1.384720802307129
sparse,20,256,256,30,0.1779104471206665,1.458129644393921
sparse,20,256,256,40,0.13454319536685944,1.4059312343597412
sparse,20,256,256,50,0.04510682448744774,1.4581215381622314
sparse,20,256,256,60,0.011517838574945927,1.4817134141921997
sparse,20,256,256,70,0.0023288093507289886,1.482576608657837
sparse,20,256,256,80,0.0008524812292307615,1.4806101322174072
sparse,20,256,256,90,0.0003154358419124037,1.4769872426986694
sparse,20,256,256,100,0.0001115348786697723,1.4758942127227783
sparse,20,256,256,110,4.885258022113703e-05,1.4761396646499634
sparse,20,256,256,120,1.239216453541303e-05,1.475923776626587
sparse,20,256,256,130,5.627900009130826e-06,1.4757499694824219
sparse,20,256,256,140,2.426639412078657e-06,1.4751954078674316
sparse,20,256,256,150,6.154186849016696e-07,1.474790334701538
sparse,20,256,256,160,3.371607135704835e-07,1.474735975265503
sparse,20,512,512,0,1.0126221179962158,1.0428920984268188
sparse,20,512,512,10,0.9448263645172119,1.1053683757781982
sparse,20,512,512,20,0.8892775177955627,1.077470064163208
sparse,20,512,512,30,0.6283760666847229,1.3586312532424927
sparse,20,512,512,40,0.28799137473106384,1.3602981567382812
sparse,20,512,512,50,0.14165866374969482,1.5061054229736328
sparse,20,512,512,60,0.04041824862360954,1.4701917171478271
sparse,20,512,512,70,0.016901560127735138,1.523659348487854
sparse,20,512,512,80,0.005456016398966312,1.4861209392547607
sparse,20,512,512,90,0.0016160390805453062,1.490951418876648
sparse,20,512,512,100,0.00018401451234240085,1.4919209480285645
sparse,20,512,512,110,0.00010856672452064231,1.49586820602417
sparse,20,512,512,120,1.8273707610205747e-05,1.4939357042312622
sparse,20,512,512,130,7.09263767930679e-05,1.4934360980987549
sparse,20,512,512,140,5.031607724959031e-05,1.4953829050064087
sparse,20,512,512,150,0.0007626698352396488,1.4997860193252563
sparse,20,512,512,160,0.007302601356059313,1.4688920974731445
sparse,20,1024,full,0,1.0058244466781616,1.0424309968948364
sparse,20,1024,full,10,0.9807289838790894,1.0491437911987305
sparse,20,1024,full,20,0.8215792179107666,1.1233940124511719
sparse,20,1024,full,30,0.5152042508125305,1.1986697912216187
sparse,20,1024,full,40,0.29635941982269287,1.448412299156189
sparse,20,1024,full,50,0.10951487720012665,1.4242504835128784
sparse,20,1024,full,60,0.06383416801691055,1.428301453590393
sparse,20,1024,full,70,0.017420802265405655,1.4717228412628174
sparse,20,1024,full,80,0.004092039540410042,1.4665061235427856
sparse,20,1024,full,90,0.0012113042175769806,1.4749804735183716
sparse,20,1024,full,100,0.0021948690991848707,1.466934323310852
sparse,20,1024,full,110,0.005009541288018227,1.4968745708465576
sparse,20,1024,full,120,0.0014888306614011526,1.46999192237854
sparse,20,1024,full,130,0.010784940794110298,1.4584176540374756
sparse,20,1024,full,140,0.0002447551814839244,1.4712787866592407
sparse,20,1024,full,150,0.002049023052677512,1.4859507083892822
sparse,20,1024,full,160,0.0011840758379548788,1.4677507877349854
