architecture,affine_depth,width,rank_ratio,grid_size,target_kind,powerlaw_alpha,powerlaw_max_frequency,optimizer,learning_rate,steps,record_every,seed,bias_scale,tag,rank,stable,elapsed_seconds,final_loss,final_parameter_displacement,final_feature_displacement,t50_1,final_relative_error_1,t50_4,final_relative_error_4,t50_8,final_relative_error_8,t50_16,final_relative_error_16,t50_2,final_relative_error_2,t50_3,final_relative_error_3,t50_5,final_relative_error_5,t50_6,final_relative_error_6,t50_7,final_relative_error_7,t50_9,final_relative_error_9,t50_10,final_relative_error_10,t50_11,final_relative_error_11,t50_12,final_relative_error_12,t50_13,final_relative_error_13,t50_14,final_relative_error_14,t50_15,final_relative_error_15,t50_17,final_relative_error_17,t50_18,final_relative_error_18,t50_19,final_relative_error_19,t50_20,final_relative_error_20,t50_21,final_relative_error_21,t50_22,final_relative_error_22,t50_23,final_relative_error_23,t50_24,final_relative_error_24
fc,3,128,0.25,128,hierarchy,1.25,24,mup_gd,0.3,2500,25,0,0.1,hierarchy_fc_d3_mup_gd_s0,128,True,2.257385922013782,0.022768869996070862,0.5517985224723816,3.3490989208221436,25.0,0.004819989204406738,325.0,0.028202497042142394,950.0,0.2638663450876872,,0.677241196235021,,,,,,,,,,,,,,,,,,,,,,,,,,,,,,,,,,,,,,,,
fc,3,128,0.25,128,hierarchy,1.25,24,mup_gd,0.3,2500,25,1,0.1,hierarchy_fc_d3_mup_gd_s1,128,True,2.3300363179296255,0.02685662731528282,0.5687133073806763,3.1369662284851074,25.0,0.011544227600097656,350.0,0.05854969758253827,1050.0,0.27281856536865234,,0.7450120002031326,,,,,,,,,,,,,,,,,,,,,,,,,,,,,,,,,,,,,,,,
fc,3,128,0.25,128,hierarchy,1.25,24,mup_gd,0.3,2500,25,2,0.1,hierarchy_fc_d3_mup_gd_s2,128,True,2.334110839990899,0.026844272390007973,0.5706844925880432,3.66982102394104,25.0,0.007916808128356934,325.0,0.03160766454843371,1050.0,0.31080347961849636,,0.7244810064633688,,,,,,,,,,,,,,,,,,,,,,,,,,,,,,,,,,,,,,,,
fc,3,128,0.25,128,hierarchy,1.25,24,mup_gd,0.3,2500,25,3,0.1,hierarchy_fc_d3_mup_gd_s3,128,True,2.33067224198021,0.025363782420754433,0.5578511953353882,3.66176438331604,25.0,0.00589144229888916,375.0,0.0269981164198655,900.0,0.2969357967376709,,0.7175207734107971,,,,,,,,,,,,,,,,,,,,,,,,,,,,,,,,,,,,,,,,
fc,3,128,0.25,128,hierarchy,1.25,24,mup_gd,0.3,2500,25,4,0.1,hierarchy_fc_d3_mup_gd_s4,128,True,2.329985302989371,0.024968862533569336,0.5439466834068298,2.8436052799224854,25.0,0.008566141128540039,300.0,0.06532491170443018,925.0,0.2645521958669027,,0.7203778227170309,,,,,,,,,,,,,,,,,,,,,,,,,,,,,,,,,,,,,,,,
fc,3,128,0.25,128,hierarchy,1.25,24,mup_gd,0.3,2500,25,5,0.1,hierarchy_fc_d3_mup_gd_s5,128,True,2.141043075011112,0.027937019243836403,0.5543516874313354,3.08060884475708,25.0,0.005760788917541504,325.0,0.04010306871854338,950.0,0.3107773860295614,,0.7297697017590205,,,,,,,,,,,,,,,,,,,,,,,,,,,,,,,,,,,,,,,,
fc,3,128,0.25,128,hierarchy,1.25,24,mup_gd,0.3,2500,25,6,0.1,hierarchy_fc_d3_mup_gd_s6,128,True,2.176892995950766,0.03350536897778511,0.5848685503005981,3.678273916244507,25.0,0.0025920867919921875,400.0,0.05667095917921796,1375.0,0.33177510897318524,,0.823507641752561,,,,,,,,,,,,,,,,,,,,,,,,,,,,,,,,,,,,,,,,
fc,3,128,0.25,128,hierarchy,1.25,24,mup_gd,0.3,2500,25,7,0.1,hierarchy_fc_d3_mup_gd_s7,128,True,2.3343033880228177,0.02310304343700409,0.545605480670929,3.0497188568115234,25.0,0.0011963844299316406,375.0,0.03216776481041538,900.0,0.2729567156897651,,0.699098120133082,,,,,,,,,,,,,,,,,,,,,,,,,,,,,,,,,,,,,,,,
fc,5,128,0.25,128,hierarchy,1.25,24,muon_p0,0.01,2500,25,0,0.1,hierarchy_fc_d5_muon_p0_s0,128,True,20.03000403707847,0.001280433963984251,2.1396307945251465,21.41419792175293,75.0,0.004551231861114502,125.0,0.002233762007493205,200.0,0.009671608606974308,400.0,0.0394109487533569,,,,,,,,,,,,,,,,,,,,,,,,,,,,,,,,,,,,,,,,
fc,5,128,0.25,128,hierarchy,1.25,24,muon_p0,0.01,2500,25,1,0.1,hierarchy_fc_d5_muon_p0_s1,128,True,19.77998700097669,0.0006310389144346118,2.205223560333252,19.928016662597656,75.0,0.0005028247833251953,125.0,0.0016605303837703166,200.0,0.0027177996105618193,425.0,0.041546980539957645,,,,,,,,,,,,,,,,,,,,,,,,,,,,,,,,,,,,,,,,
fc,5,128,0.25,128,hierarchy,1.25,24,muon_p0,0.01,2500,25,2,0.1,hierarchy_fc_d5_muon_p0_s2,128,True,19.667651711963117,0.0019465869991108775,2.2429168224334717,20.33673858642578,75.0,0.011357784271240234,125.0,0.010981688132652904,200.0,0.042328596115112326,400.0,0.05383557081222531,,,,,,,,,,,,,,,,,,,,,,,,,,,,,,,,,,,,,,,,
fc,5,128,0.25,128,hierarchy,1.25,24,muon_p0,0.01,2500,25,3,0.1,hierarchy_fc_d5_muon_p0_s3,128,True,19.26940699608531,0.0007665331359021366,2.207719087600708,21.19152069091797,75.0,0.0003509521484375,125.0,0.0013089730189396443,200.0,0.009896463818020266,425.0,0.04862463474273678,,,,,,,,,,,,,,,,,,,,,,,,,,,,,,,,,,,,,,,,
fc,5,128,0.25,128,hierarchy,1.25,24,muon_p0,0.01,2500,25,4,0.1,hierarchy_fc_d5_muon_p0_s4,128,True,19.164992415928282,0.0013059875927865505,2.0119447708129883,17.001611709594727,50.0,0.005443930625915527,125.0,0.0027762376345121286,200.0,0.0017983780966864444,400.0,0.0272043148676554,,,,,,,,,,,,,,,,,,,,,,,,,,,,,,,,,,,,,,,,
fc,5,128,0.25,128,hierarchy,1.25,24,muon_p0,0.01,2500,25,5,0.1,hierarchy_fc_d5_muon_p0_s5,128,True,19.60621874697972,0.0003881655866280198,2.1652698516845703,18.515792846679688,75.0,0.00234299898147583,125.0,0.000998111871572607,200.0,0.007825136184692359,400.0,0.04039223988850908,,,,,,,,,,,,,,,,,,,,,,,,,,,,,,,,,,,,,,,,
fc,5,128,0.25,128,hierarchy,1.25,24,muon_p0,0.01,2500,25,6,0.1,hierarchy_fc_d5_muon_p0_s6,128,True,19.75012510002125,0.0002614179393276572,2.102674961090088,21.901044845581055,75.0,0.0018405318260192871,125.0,0.002620733701265741,200.0,0.008754756715562632,400.0,0.05408481756846106,,,,,,,,,,,,,,,,,,,,,,,,,,,,,,,,,,,,,,,,
fc,5,128,0.25,128,hierarchy,1.25,24,muon_p0,0.01,2500,25,7,0.1,hierarchy_fc_d5_muon_p0_s7,128,True,19.3741492460249,0.0014329159166663885,2.226351022720337,19.566743850708008,75.0,0.009141802787780762,125.0,0.004200806984534596,200.0,0.0023001829783121496,400.0,0.04793451229731238,,,,,,,,,,,,,,,,,,,,,,,,,,,,,,,,,,,,,,,,
fc,5,128,0.25,128,hierarchy,1.25,24,muon_p1_3,0.01,2500,25,0,0.1,hierarchy_fc_d5_muon_p1_3_s0,128,True,20.506354840938002,0.003272773465141654,1.2676875591278076,11.642149925231934,25.0,0.014562606811523438,50.0,0.0005953495319073358,175.0,0.01204209857516816,675.0,0.07897680997848508,,,,,,,,,,,,,,,,,,,,,,,,,,,,,,,,,,,,,,,,
fc,5,128,0.25,128,hierarchy,1.25,24,muon_p1_3,0.01,2500,25,1,0.1,hierarchy_fc_d5_muon_p1_3_s1,128,True,20.064165494055487,0.0038151475600898266,1.35005784034729,11.491033554077148,25.0,0.007151484489440918,50.0,0.03653209026043235,175.0,0.004496084319220624,750.0,0.08552835385004676,,,,,,,,,,,,,,,,,,,,,,,,,,,,,,,,,,,,,,,,
fc,5,128,0.25,128,hierarchy,1.25,24,muon_p1_3,0.01,2500,25,2,0.1,hierarchy_fc_d5_muon_p1_3_s2,128,True,20.21224717097357,0.0033652132842689753,1.3144387006759644,11.425910949707031,25.0,0.04416602849960327,50.0,0.0422318531916692,150.0,0.008286264207628062,700.0,0.09741083780924475,,,,,,,,,,,,,,,,,,,,,,,,,,,,,,,,,,,,,,,,
fc,5,128,0.25,128,hierarchy,1.25,24,muon_p1_3,0.01,2500,25,3,0.1,hierarchy_fc_d5_muon_p1_3_s3,128,True,20.47764580405783,0.0031714492943137884,1.3014601469039917,12.414883613586426,25.0,0.004883766174316406,50.0,0.004919639000525807,150.0,0.010538922415839326,600.0,0.06447211901346839,,,,,,,,,,,,,,,,,,,,,,,,,,,,,,,,,,,,,,,,
fc,5,128,0.25,128,hierarchy,1.25,24,muon_p1_3,0.01,2500,25,4,0.1,hierarchy_fc_d5_muon_p1_3_s4,128,True,19.689077932969667,0.0035413140431046486,1.2996776103973389,9.790125846862793,25.0,0.018629610538482666,50.0,0.02885235272921052,175.0,0.022611114713880776,700.0,0.0706883867581685,,,,,,,,,,,,,,,,,,,,,,,,,,,,,,,,,,,,,,,,
fc,5,128,0.25,128,hierarchy,1.25,24,muon_p1_3,0.01,2500,25,5,0.1,hierarchy_fc_d5_muon_p1_3_s5,128,True,19.760421782033518,0.003532242029905319,1.3310723304748535,10.975923538208008,25.0,0.007865428924560547,50.0,0.024040240507859485,175.0,0.008312887615627738,700.0,0.06893471876780188,,,,,,,,,,,,,,,,,,,,,,,,,,,,,,,,,,,,,,,,
fc,5,128,0.25,128,hierarchy,1.25,24,muon_p1_3,0.01,2500,25,6,0.1,hierarchy_fc_d5_muon_p1_3_s6,128,True,19.522186547983438,0.0032922355458140373,1.3092776536941528,11.926874160766602,25.0,0.014801025390625,50.0,0.038897477663480354,200.0,0.010671112272474526,700.0,0.07021681467692054,,,,,,,,,,,,,,,,,,,,,,,,,,,,,,,,,,,,,,,,
fc,5,128,0.25,128,hierarchy,1.25,24,muon_p1_3,0.01,2500,25,7,0.1,hierarchy_fc_d5_muon_p1_3_s7,128,True,20.097858741064556,0.003251041518524289,1.2787055969238281,12.907999038696289,25.0,0.0010075569152832031,50.0,0.00018655336820165675,175.0,0.011594600147671144,625.0,0.10005092620849607,,,,,,,,,,,,,,,,,,,,,,,,,,,,,,,,,,,,,,,,
fc,5,128,0.25,128,hierarchy,1.25,24,muon_p2_3,0.01,2500,25,0,0.1,hierarchy_fc_d5_muon_p2_3_s0,128,True,19.63729670702014,0.007206649053841829,0.7091701030731201,10.764326095581055,25.0,0.018490910530090332,75.0,0.012486494504488396,300.0,0.001729753282335094,1425.0,0.23702687025070188,,,,,,,,,,,,,,,,,,,,,,,,,,,,,,,,,,,,,,,,
fc,5,128,0.25,128,hierarchy,1.25,24,muon_p2_3,0.01,2500,25,1,0.1,hierarchy_fc_d5_muon_p2_3_s1,128,True,19.303031167946756,0.008965540677309036,0.687823474407196,10.470383644104004,25.0,0.005129098892211914,75.0,0.02040004730224613,325.0,0.01468084918128122,1750.0,0.299087127049764,,,,,,,,,,,,,,,,,,,,,,,,,,,,,,,,,,,,,,,,
fc,5,128,0.25,128,hierarchy,1.25,24,muon_p2_3,0.01,2500,25,2,0.1,hierarchy_fc_d5_muon_p2_3_s2,128,True,19.560381720075384,0.007974171079695225,0.7240753173828125,9.844990730285645,25.0,0.02101922035217285,75.0,0.010463329461904638,275.0,0.00645171271430119,1525.0,0.2822982370853424,,,,,,,,,,,,,,,,,,,,,,,,,,,,,,,,,,,,,,,,
fc,5,128,0.25,128,hierarchy,1.25,24,muon_p2_3,0.01,2500,25,3,0.1,hierarchy_fc_d5_muon_p2_3_s3,128,True,19.475188533891924,0.006962163373827934,0.7110605835914612,10.276997566223145,25.0,0.12839066982269287,50.0,0.05778408050537113,200.0,0.016324480374654157,1250.0,0.2430213093757629,,,,,,,,,,,,,,,,,,,,,,,,,,,,,,,,,,,,,,,,
fc,5,128,0.25,128,hierarchy,1.25,24,muon_p2_3,0.01,2500,25,4,0.1,hierarchy_fc_d5_muon_p2_3_s4,128,True,19.26710986008402,0.007543736603111029,0.6970863342285156,9.080869674682617,25.0,0.006452977657318115,75.0,0.012318042608407792,300.0,0.002041551801893471,1575.0,0.2652074495951334,,,,,,,,,,,,,,,,,,,,,,,,,,,,,,,,,,,,,,,,
fc,5,128,0.25,128,hierarchy,1.25,24,muon_p2_3,0.01,2500,25,5,0.1,hierarchy_fc_d5_muon_p2_3_s5,128,True,19.326192808919586,0.007613855414092541,0.6694326996803284,10.686603546142578,25.0,0.003004908561706543,75.0,0.008527187200692949,275.0,0.0019154681099785452,1425.0,0.25327743093172705,,,,,,,,,,,,,,,,,,,,,,,,,,,,,,,,,,,,,,,,
fc,5,128,0.25,128,hierarchy,1.25,24,muon_p2_3,0.01,2500,25,6,0.1,hierarchy_fc_d5_muon_p2_3_s6,128,True,19.00612982106395,0.00762867322191596,0.7133451104164124,10.576822280883789,25.0,0.0072966814041137695,75.0,0.011674679242647576,325.0,0.00308767954508466,1675.0,0.2770777642726898,,,,,,,,,,,,,,,,,,,,,,,,,,,,,,,,,,,,,,,,
fc,5,128,0.25,128,hierarchy,1.25,24,muon_p2_3,0.01,2500,25,7,0.1,hierarchy_fc_d5_muon_p2_3_s7,128,True,19.778070790925995,0.00677468441426754,0.7206783294677734,10.949543952941895,25.0,0.12826693058013916,75.0,0.0522259015303392,250.0,0.007817573017544242,1300.0,0.23181042075157163,,,,,,,,,,,,,,,,,,,,,,,,,,,,,,,,,,,,,,,,
fc,5,128,0.25,128,hierarchy,1.25,24,mup_gd,0.3,2500,25,0,0.1,hierarchy_fc_d5_mup_gd_s0,128,True,3.401614857953973,0.015529431402683258,0.2923073470592499,5.561348915100098,25.0,0.015356183052062988,200.0,0.004762906294602649,500.0,0.1528064012527466,,0.5126912991205851,,,,,,,,,,,,,,,,,,,,,,,,,,,,,,,,,,,,,,,,
fc,5,128,0.25,128,hierarchy,1.25,24,mup_gd,0.3,2500,25,1,0.1,hierarchy_fc_d5_mup_gd_s1,128,True,3.4010900440625846,0.01748294197022915,0.28134122490882874,5.847651481628418,25.0,0.002954244613647461,200.0,0.054783967825082595,475.0,0.1730140315161811,,0.5801212886969248,,,,,,,,,,,,,,,,,,,,,,,,,,,,,,,,,,,,,,,,
fc,5,128,0.25,128,hierarchy,1.25,24,mup_gd,0.3,2500,25,2,0.1,hierarchy_fc_d5_mup_gd_s2,128,True,3.4470676810014993,0.026860270649194717,0.28742656111717224,5.747642517089844,25.0,0.019320368766784668,225.0,0.06780822460467995,475.0,0.11381880442301434,,0.5516514281431834,,,,,,,,,,,,,,,,,,,,,,,,,,,,,,,,,,,,,,,,
fc,5,128,0.25,128,hierarchy,1.25,24,mup_gd,0.3,2500,25,3,0.1,hierarchy_fc_d5_mup_gd_s3,128,True,3.219080741982907,0.013511443510651588,0.30068057775497437,5.789157390594482,25.0,0.021207332611083984,225.0,0.02026609274057238,500.0,0.11645922395918107,2500.0,0.4981750349203745,,,,,,,,,,,,,,,,,,,,,,,,,,,,,,,,,,,,,,,,
fc,5,128,0.25,128,hierarchy,1.25,24,mup_gd,0.3,2500,25,4,0.1,hierarchy_fc_d5_mup_gd_s4,128,True,3.120245489059016,0.01724560186266899,0.2897423505783081,5.2654876708984375,25.0,0.015460729598999023,225.0,0.03146441166217514,500.0,0.15398240089416507,,0.5009046792984009,,,,,,,,,,,,,,,,,,,,,,,,,,,,,,,,,,,,,,,,
fc,5,128,0.25,128,hierarchy,1.25,24,mup_gd,0.3,2500,25,5,0.1,hierarchy_fc_d5_mup_gd_s5,128,True,3.1106900699669495,0.016347043216228485,0.27758488059043884,5.137856960296631,25.0,0.017949581146240234,225.0,0.022889522405771075,450.0,0.17594234148661297,,0.5473042130470276,,,,,,,,,,,,,,,,,,,,,,,,,,,,,,,,,,,,,,,,
fc,5,128,0.25,128,hierarchy,1.25,24,mup_gd,0.3,2500,25,6,0.1,hierarchy_fc_d5_mup_gd_s6,128,True,3.111535673029721,0.013997470960021019,0.29986605048179626,6.3278045654296875,25.0,0.017955780029296875,200.0,0.0022876629462609266,525.0,0.1324599583943685,,0.5175189276536306,,,,,,,,,,,,,,,,,,,,,,,,,,,,,,,,,,,,,,,,
fc,5,128,0.25,128,hierarchy,1.25,24,mup_gd,0.3,2500,25,7,0.1,hierarchy_fc_d5_mup_gd_s7,128,True,3.1304143839515746,0.01398542895913124,0.2862645387649536,5.332810878753662,25.0,0.0046950578689575195,225.0,0.006602874168982838,500.0,0.15942099359300405,,0.5214292407035828,,,,,,,,,,,,,,,,,,,,,,,,,,,,,,,,,,,,,,,,
fc,7,128,0.25,128,hierarchy,1.25,24,mup_gd,0.3,2500,25,0,0.1,hierarchy_fc_d7_mup_gd_s0,128,True,4.466240360983647,0.006947149522602558,0.23520982265472412,11.107749938964844,25.0,0.01961207389831543,200.0,0.01439740107609679,425.0,0.03836886088053388,1750.0,0.3139898280302683,,,,,,,,,,,,,,,,,,,,,,,,,,,,,,,,,,,,,,,,
fc,7,128,0.25,128,hierarchy,1.25,24,mup_gd,0.3,2500,25,1,0.1,hierarchy_fc_d7_mup_gd_s1,128,True,4.485578207997605,0.007231703959405422,0.23487386107444763,11.080924034118652,25.0,0.013451337814331055,175.0,0.03468619860135588,400.0,0.03483092784881594,1975.0,0.3309735755125681,,,,,,,,,,,,,,,,,,,,,,,,,,,,,,,,,,,,,,,,
fc,7,128,0.25,128,hierarchy,1.25,24,mup_gd,0.3,2500,25,2,0.1,hierarchy_fc_d7_mup_gd_s2,128,True,4.406265376950614,0.02014559507369995,0.2305820733308792,10.510910987854004,25.0,0.00833439826965332,225.0,0.023754046513484107,400.0,0.049477444754706515,2200.0,0.42197903990745544,,,,,,,,,,,,,,,,,,,,,,,,,,,,,,,,,,,,,,,,
fc,7,128,0.25,128,hierarchy,1.25,24,mup_gd,0.3,2500,25,3,0.1,hierarchy_fc_d7_mup_gd_s3,128,True,4.313144815037958,0.006290743593126535,0.24340052902698517,11.81335163116455,25.0,0.08083605766296387,200.0,0.12722039222717282,425.0,0.05398600631290014,1775.0,0.20371929804484046,,,,,,,,,,,,,,,,,,,,,,,,,,,,,,,,,,,,,,,,
fc,7,128,0.25,128,hierarchy,1.25,24,mup_gd,0.3,2500,25,4,0.1,hierarchy_fc_d7_mup_gd_s4,128,True,4.476570575032383,0.01499120518565178,0.22439581155776978,10.641389846801758,25.0,0.04110908508300781,225.0,0.016073483687180774,400.0,0.09024371041191952,2100.0,0.4379069407780965,,,,,,,,,,,,,,,,,,,,,,,,,,,,,,,,,,,,,,,,
fc,7,128,0.25,128,hierarchy,1.25,24,mup_gd,0.3,2500,25,5,0.1,hierarchy_fc_d7_mup_gd_s5,128,True,4.206135611049831,0.015459898859262466,0.2400309294462204,10.832781791687012,25.0,0.0229111909866333,250.0,0.00879768224862909,425.0,0.07227582401699492,1650.0,0.2884814739227295,,,,,,,,,,,,,,,,,,,,,,,,,,,,,,,,,,,,,,,,
fc,7,128,0.25,128,hierarchy,1.25,24,mup_gd,0.3,2500,25,6,0.1,hierarchy_fc_d7_mup_gd_s6,128,True,4.103175568045117,0.020904280245304108,0.2294660210609436,10.994062423706055,25.0,0.02170729637145996,175.0,0.05096219136164742,400.0,0.12274910344017878,2350.0,0.44494307041168213,,,,,,,,,,,,,,,,,,,,,,,,,,,,,,,,,,,,,,,,
fc,7,128,0.25,128,hierarchy,1.25,24,mup_gd,0.3,2500,25,7,0.1,hierarchy_fc_d7_mup_gd_s7,128,True,4.128895869944245,0.012065722607076168,0.23414750397205353,9.151228904724121,25.0,0.018323063850402832,200.0,0.0347543129554162,425.0,0.07492147551642526,1975.0,0.34004028638203937,,,,,,,,,,,,,,,,,,,,,,,,,,,,,,,,,,,,,,,,
mmnn,3,128,0.25,128,hierarchy,1.25,24,mup_gd,0.3,2500,25,0,0.1,hierarchy_mmnn_d3_mup_gd_s0,32,True,2.3255107019795105,0.020489847287535667,0.640326201915741,6.661120891571045,25.0,0.03968095779418945,250.0,0.03164892930250898,650.0,0.18277415964338517,,0.627721110979716,,,,,,,,,,,,,,,,,,,,,,,,,,,,,,,,,,,,,,,,
mmnn,3,128,0.25,128,hierarchy,1.25,24,mup_gd,0.3,2500,25,1,0.1,hierarchy_mmnn_d3_mup_gd_s1,32,True,2.4773559799650684,0.023136433213949203,0.645939290523529,5.272770404815674,25.0,0.008741497993469238,225.0,0.06300775821392349,575.0,0.18081230587429473,,0.6276873846848806,,,,,,,,,,,,,,,,,,,,,,,,,,,,,,,,,,,,,,,,
mmnn,3,128,0.25,128,hierarchy,1.25,24,mup_gd,0.3,2500,25,2,0.1,hierarchy_mmnn_d3_mup_gd_s2,32,True,2.464258315972984,0.020995425060391426,0.6660333871841431,4.818908214569092,25.0,0.026267528533935547,250.0,0.031962816531841534,675.0,0.20354174243079293,,0.6318359424670538,,,,,,,,,,,,,,,,,,,,,,,,,,,,,,,,,,,,,,,,
mmnn,3,128,0.25,128,hierarchy,1.25,24,mup_gd,0.3,2500,25,3,0.1,hierarchy_mmnn_d3_mup_gd_s3,32,True,2.438592802034691,0.023005975410342216,0.6573161482810974,4.654209136962891,25.0,0.07616794109344482,250.0,0.0004492906423715103,525.0,0.18569538328382706,,0.6477490415175756,,,,,,,,,,,,,,,,,,,,,,,,,,,,,,,,,,,,,,,,
mmnn,3,128,0.25,128,hierarchy,1.25,24,mup_gd,0.3,2500,25,4,0.1,hierarchy_mmnn_d3_mup_gd_s4,32,True,2.5433760829037055,0.028984183445572853,0.6319282650947571,5.43463659286499,25.0,0.01716315746307373,250.0,0.028930499003483663,500.0,0.21736346350775826,,0.6579625954230627,,,,,,,,,,,,,,,,,,,,,,,,,,,,,,,,,,,,,,,,
mmnn,3,128,0.25,128,hierarchy,1.25,24,mup_gd,0.3,2500,25,5,0.1,hierarchy_mmnn_d3_mup_gd_s5,32,True,2.4633397959405556,0.02971060387790203,0.6730449795722961,5.190324783325195,25.0,0.02317047119140625,200.0,0.05169718082134537,750.0,0.16709469424353707,,0.6364284555117289,,,,,,,,,,,,,,,,,,,,,,,,,,,,,,,,,,,,,,,,
mmnn,3,128,0.25,128,hierarchy,1.25,24,mup_gd,0.3,2500,25,6,0.1,hierarchy_mmnn_d3_mup_gd_s6,32,True,2.4768797279102728,0.025128262117505074,0.6641414165496826,6.006044864654541,25.0,0.012066006660461426,225.0,0.04072625820453347,625.0,0.2034456464979384,,0.6577225128809611,,,,,,,,,,,,,,,,,,,,,,,,,,,,,,,,,,,,,,,,
mmnn,3,128,0.25,128,hierarchy,1.25,24,mup_gd,0.3,2500,25,7,0.1,hierarchy_mmnn_d3_mup_gd_s7,32,True,2.3299970299704,0.03103356808423996,0.6282414197921753,5.234948635101318,25.0,0.03266501426696777,200.0,0.03304991355309116,625.0,0.2093239227930705,,0.66811403632164,,,,,,,,,,,,,,,,,,,,,,,,,,,,,,,,,,,,,,,,
mmnn,5,128,0.25,128,hierarchy,1.25,24,muon_p0,0.003,2500,25,0,0.1,hierarchy_mmnn_d5_muon_p0_s0,32,True,15.120476284995675,0.0006987039232626557,0.944807231426239,19.320446014404297,75.0,0.0052258968353271484,150.0,0.007591651036189187,225.0,0.005105111334058949,475.0,0.02276347080866492,,,,,,,,,,,,,,,,,,,,,,,,,,,,,,,,,,,,,,,,
mmnn,5,128,0.25,128,hierarchy,1.25,24,muon_p0,0.003,2500,25,1,0.1,hierarchy_mmnn_d5_muon_p0_s1,32,True,15.140635024989024,0.0008650155505165458,0.9551305770874023,17.761272430419922,75.0,0.0008740425109863281,150.0,0.00803439433758072,225.0,0.015985661082797604,475.0,0.013342658678690555,,,,,,,,,,,,,,,,,,,,,,,,,,,,,,,,,,,,,,,,
mmnn,5,128,0.25,128,hierarchy,1.25,24,muon_p0,0.003,2500,25,2,0.1,hierarchy_mmnn_d5_muon_p0_s2,32,True,15.314998414949514,0.0006669638678431511,0.9310677647590637,21.40494728088379,75.0,0.0072174072265625,150.0,0.01188015937805179,225.0,9.711583455406113e-05,450.0,0.015324910481770797,,,,,,,,,,,,,,,,,,,,,,,,,,,,,,,,,,,,,,,,
mmnn,5,128,0.25,128,hierarchy,1.25,24,muon_p0,0.003,2500,25,3,0.1,hierarchy_mmnn_d5_muon_p0_s3,32,True,15.694929211982526,0.0007523134117946029,0.9515794515609741,21.600536346435547,75.0,0.0022046566009521484,150.0,0.0009993956639216155,250.0,0.007839096917046465,525.0,0.028887649377187057,,,,,,,,,,,,,,,,,,,,,,,,,,,,,,,,,,,,,,,,
mmnn,5,128,0.25,128,hierarchy,1.25,24,muon_p0,0.003,2500,25,4,0.1,hierarchy_mmnn_d5_muon_p0_s4,32,True,15.481060492107645,0.0008261765469796956,0.8809891939163208,18.83982276916504,75.0,0.0011115074157714844,125.0,0.0019297783191387127,200.0,0.000921991136338951,425.0,0.01891271273295081,,,,,,,,,,,,,,,,,,,,,,,,,,,,,,,,,,,,,,,,
mmnn,5,128,0.25,128,hierarchy,1.25,24,muon_p0,0.003,2500,25,5,0.1,hierarchy_mmnn_d5_muon_p0_s5,32,True,15.262644376023673,0.0009839623235166073,0.9128849506378174,22.9561767578125,75.0,0.0023069381713867188,150.0,0.01047891836899974,250.0,0.012601110670301674,500.0,0.020309845606485966,,,,,,,,,,,,,,,,,,,,,,,,,,,,,,,,,,,,,,,,
mmnn,5,128,0.25,128,hierarchy,1.25,24,muon_p0,0.003,2500,25,6,0.1,hierarchy_mmnn_d5_muon_p0_s6,32,True,15.08160465292167,0.0007237417157739401,0.9438548684120178,24.607379913330078,75.0,0.0032825469970703125,150.0,0.0009476588322566447,225.0,0.007794724570380341,475.0,0.014326035976409876,,,,,,,,,,,,,,,,,,,,,,,,,,,,,,,,,,,,,,,,
mmnn,5,128,0.25,128,hierarchy,1.25,24,muon_p0,0.003,2500,25,7,0.1,hierarchy_mmnn_d5_muon_p0_s7,32,True,15.157303035026416,0.0007315544062294066,0.9009858965873718,13.882009506225586,75.0,0.0019978880882263184,150.0,0.004946598639854984,250.0,0.02215639750162763,475.0,0.012674093246459925,,,,,,,,,,,,,,,,,,,,,,,,,,,,,,,,,,,,,,,,
mmnn,5,128,0.25,128,hierarchy,1.25,24,muon_p1_3,0.003,2500,25,0,0.1,hierarchy_mmnn_d5_muon_p1_3_s0,32,True,14.663162971031852,0.0044739991426467896,0.545487105846405,11.780345916748047,25.0,0.08436852693557739,75.0,0.039566700275127736,225.0,0.037320958243476,1050.0,0.194427877664566,,,,,,,,,,,,,,,,,,,,,,,,,,,,,,,,,,,,,,,,
mmnn,5,128,0.25,128,hierarchy,1.25,24,muon_p1_3,0.003,2500,25,1,0.1,hierarchy_mmnn_d5_muon_p1_3_s1,32,True,14.8993615929503,0.0035094236955046654,0.5530846118927002,11.995445251464844,25.0,0.0047686100006103516,75.0,0.010563446925236662,200.0,0.0071766244040595405,950.0,0.14129912853240964,,,,,,,,,,,,,,,,,,,,,,,,,,,,,,,,,,,,,,,,
mmnn,5,128,0.25,128,hierarchy,1.25,24,muon_p1_3,0.003,2500,25,2,0.1,hierarchy_mmnn_d5_muon_p1_3_s2,32,True,14.775285142008215,0.003391401842236519,0.5425263047218323,17.112335205078125,25.0,0.0066509246826171875,75.0,0.020098832937387286,200.0,0.007896992895338245,925.0,0.15627082188924152,,,,,,,,,,,,,,,,,,,,,,,,,,,,,,,,,,,,,,,,
mmnn,5,128,0.25,128,hierarchy,1.25,24,muon_p1_3,0.003,2500,25,3,0.1,hierarchy_mmnn_d5_muon_p1_3_s3,32,True,15.225052915979177,0.0032864161767065525,0.5349168181419373,13.294198989868164,25.0,0.08064305782318115,100.0,0.0486704386197604,200.0,0.047168903880649114,1000.0,0.13850704828898108,,,,,,,,,,,,,,,,,,,,,,,,,,,,,,,,,,,,,,,,
mmnn,5,128,0.25,128,hierarchy,1.25,24,muon_p1_3,0.003,2500,25,4,0.1,hierarchy_mmnn_d5_muon_p1_3_s4,32,True,14.888300989056006,0.003189550247043371,0.5125939249992371,13.082231521606445,25.0,0.012650012969970703,75.0,0.0073712972494272425,175.0,0.021220286687215144,875.0,0.14171755313873288,,,,,,,,,,,,,,,,,,,,,,,,,,,,,,,,,,,,,,,,
mmnn,5,128,0.25,128,hierarchy,1.25,24,muon_p1_3,0.003,2500,25,5,0.1,hierarchy_mmnn_d5_muon_p1_3_s5,32,True,14.887345505994745,0.0033918966073542833,0.5355351567268372,17.754987716674805,25.0,0.01100856065750122,75.0,0.012601118821364148,200.0,0.018185350630018422,825.0,0.1159635782241821,,,,,,,,,,,,,,,,,,,,,,,,,,,,,,,,,,,,,,,,
mmnn,5,128,0.25,128,hierarchy,1.25,24,muon_p1_3,0.003,2500,25,6,0.1,hierarchy_mmnn_d5_muon_p1_3_s6,32,True,15.10253550100606,0.0035440591163933277,0.5624878406524658,19.37959098815918,25.0,0.013123393058776855,75.0,0.00723184072054346,225.0,0.015345520443386476,975.0,0.16519542535146076,,,,,,,,,,,,,,,,,,,,,,,,,,,,,,,,,,,,,,,,
mmnn,5,128,0.25,128,hierarchy,1.25,24,muon_p1_3,0.003,2500,25,7,0.1,hierarchy_mmnn_d5_muon_p1_3_s7,32,True,15.001044550910592,0.002925810869783163,0.5329432487487793,11.052452087402344,25.0,0.0026564598083496094,75.0,0.002447696832510107,225.0,0.027913159794277588,875.0,0.1389048099517822,,,,,,,,,,,,,,,,,,,,,,,,,,,,,,,,,,,,,,,,
mmnn,5,128,0.25,128,hierarchy,1.25,24,muon_p2_3,0.01,2500,25,0,0.1,hierarchy_mmnn_d5_muon_p2_3_s0,32,True,14.919794182060286,0.008773062378168106,0.46533408761024475,13.182939529418945,25.0,0.02237570285797119,75.0,0.029836012766911467,200.0,0.0347821182674832,1250.0,0.1715996464093526,,,,,,,,,,,,,,,,,,,,,,,,,,,,,,,,,,,,,,,,
mmnn,5,128,0.25,128,hierarchy,1.25,24,muon_p2_3,0.01,2500,25,1,0.1,hierarchy_mmnn_d5_muon_p2_3_s1,32,True,15.193820134969428,0.0076845260336995125,0.45161640644073486,9.498971939086914,25.0,0.008213162422180176,75.0,0.03857223804180435,225.0,0.008471634652879527,1000.0,0.12136932214101152,,,,,,,,,,,,,,,,,,,,,,,,,,,,,,,,,,,,,,,,
mmnn,5,128,0.25,128,hierarchy,1.25,24,muon_p2_3,0.01,2500,25,2,0.1,hierarchy_mmnn_d5_muon_p2_3_s2,32,True,15.596178954932839,0.00793744157999754,0.45917099714279175,14.730629920959473,25.0,0.12544429302215576,75.0,0.022643492772028963,200.0,0.02037535773383244,1025.0,0.13166373968124387,,,,,,,,,,,,,,,,,,,,,,,,,,,,,,,,,,,,,,,,
mmnn,5,128,0.25,128,hierarchy,1.25,24,muon_p2_3,0.01,2500,25,3,0.1,hierarchy_mmnn_d5_muon_p2_3_s3,32,True,15.682831976097077,0.010682467371225357,0.4450816214084625,10.112471580505371,25.0,0.11478596925735474,75.0,0.1481902049137996,225.0,0.043919510311550586,1050.0,0.19629931449890134,,,,,,,,,,,,,,,,,,,,,,,,,,,,,,,,,,,,,,,,
mmnn,5,128,0.25,128,hierarchy,1.25,24,muon_p2_3,0.01,2500,25,4,0.1,hierarchy_mmnn_d5_muon_p2_3_s4,32,True,15.47119115490932,0.007464393507689238,0.43504592776298523,11.710243225097656,25.0,0.1023101806640625,50.0,0.11361521940964915,175.0,0.024385160870022217,925.0,0.11786536375681556,,,,,,,,,,,,,,,,,,,,,,,,,,,,,,,,,,,,,,,,
mmnn,5,128,0.25,128,hierarchy,1.25,24,muon_p2_3,0.01,2500,25,5,0.1,hierarchy_mmnn_d5_muon_p2_3_s5,32,True,15.0861222819658,0.007617366500198841,0.4554747939109802,14.743478775024414,25.0,0.032459259033203125,75.0,0.055917923267071026,200.0,0.009902556737263972,1000.0,0.14451549450556433,,,,,,,,,,,,,,,,,,,,,,,,,,,,,,,,,,,,,,,,
mmnn,5,128,0.25,128,hierarchy,1.25,24,muon_p2_3,0.01,2500,25,6,0.1,hierarchy_mmnn_d5_muon_p2_3_s6,32,True,15.356454101973213,0.00800202414393425,0.45842796564102173,15.467748641967773,25.0,0.1287829875946045,75.0,0.10023892842806299,225.0,0.024574902322557213,1075.0,0.11638865868250525,,,,,,,,,,,,,,,,,,,,,,,,,,,,,,,,,,,,,,,,
mmnn,5,128,0.25,128,hierarchy,1.25,24,muon_p2_3,0.01,2500,25,7,0.1,hierarchy_mmnn_d5_muon_p2_3_s7,32,True,15.428918709047139,0.010263446718454361,0.4349207878112793,8.62077808380127,25.0,0.1433316469192505,75.0,0.0662950735825759,200.0,0.03668986426459421,825.0,0.18370683987935382,,,,,,,,,,,,,,,,,,,,,,,,,,,,,,,,,,,,,,,,
mmnn,5,128,0.25,128,hierarchy,1.25,24,mup_gd,0.3,2500,25,0,0.1,hierarchy_mmnn_d5_mup_gd_s0,32,True,3.805695461924188,0.005805961787700653,0.4130798280239105,7.481585502624512,50.0,0.03530949354171753,175.0,0.06976433900686414,400.0,0.04367208480834963,1500.0,0.18761923909187314,,,,,,,,,,,,,,,,,,,,,,,,,,,,,,,,,,,,,,,,
mmnn,5,128,0.25,128,hierarchy,1.25,24,mup_gd,0.3,2500,25,1,0.1,hierarchy_mmnn_d5_mup_gd_s1,32,True,3.911384131060913,0.00761953042820096,0.40584897994995117,8.907570838928223,50.0,0.023374319076538086,125.0,0.033744812011718715,350.0,0.08694042099846737,1575.0,0.24011339743932086,,,,,,,,,,,,,,,,,,,,,,,,,,,,,,,,,,,,,,,,
mmnn,5,128,0.25,128,hierarchy,1.25,24,mup_gd,0.3,2500,25,2,0.1,hierarchy_mmnn_d5_mup_gd_s2,32,True,3.996610621921718,0.007800843566656113,0.4044030010700226,8.924861907958984,25.0,0.02245926856994629,150.0,0.00663817845858057,300.0,0.055233266618516734,1575.0,0.239391287167867,,,,,,,,,,,,,,,,,,,,,,,,,,,,,,,,,,,,,,,,
mmnn,5,128,0.25,128,hierarchy,1.25,24,mup_gd,0.3,2500,25,3,0.1,hierarchy_mmnn_d5_mup_gd_s3,32,True,3.96064160997048,0.010202489793300629,0.40114137530326843,7.62291145324707,25.0,0.0013914704322814941,175.0,0.012222308378953165,325.0,0.03633303112453887,1400.0,0.21235362688700354,,,,,,,,,,,,,,,,,,,,,,,,,,,,,,,,,,,,,,,,
mmnn,5,128,0.25,128,hierarchy,1.25,24,mup_gd,0.3,2500,25,4,0.1,hierarchy_mmnn_d5_mup_gd_s4,32,True,4.012504519079812,0.012187306769192219,0.37321335077285767,8.220810890197754,25.0,0.020842552185058594,100.0,0.033311605453491246,250.0,0.05538075500064428,1375.0,0.2268558839956919,,,,,,,,,,,,,,,,,,,,,,,,,,,,,,,,,,,,,,,,
mmnn,5,128,0.25,128,hierarchy,1.25,24,mup_gd,0.3,2500,25,5,0.1,hierarchy_mmnn_d5_mup_gd_s5,32,True,3.98789216496516,0.019864164292812347,0.4086989164352417,10.95541763305664,25.0,0.0178910493850708,175.0,0.04542182042048524,350.0,0.06930115487840442,1700.0,0.28975174824396766,,,,,,,,,,,,,,,,,,,,,,,,,,,,,,,,,,,,,,,,
mmnn,5,128,0.25,128,hierarchy,1.25,24,mup_gd,0.3,2500,25,6,0.1,hierarchy_mmnn_d5_mup_gd_s6,32,True,3.674907224951312,0.007513100281357765,0.3912706971168518,9.561469078063965,25.0,0.010835647583007812,150.0,0.03541410886324366,300.0,0.034954971737331836,1425.0,0.19224609931310016,,,,,,,,,,,,,,,,,,,,,,,,,,,,,,,,,,,,,,,,
mmnn,5,128,0.25,128,hierarchy,1.25,24,mup_gd,0.3,2500,25,7,0.1,hierarchy_mmnn_d5_mup_gd_s7,32,True,3.6727747099939734,0.007845185697078705,0.4027692377567291,8.353765487670898,50.0,0.0012276172637939453,125.0,0.03534239989060618,325.0,0.04936631520589195,1675.0,0.2526710530122121,,,,,,,,,,,,,,,,,,,,,,,,,,,,,,,,,,,,,,,,
mmnn,7,128,0.25,128,hierarchy,1.25,24,mup_gd,0.1,2500,25,0,0.1,hierarchy_mmnn_d7_mup_gd_s0,32,True,4.99166616902221,0.016238948330283165,0.1718376874923706,15.341309547424316,25.0,0.0023796558380126953,125.0,0.09234432073739862,300.0,0.10639160209231908,1625.0,0.3741969267527262,,,,,,,,,,,,,,,,,,,,,,,,,,,,,,,,,,,,,,,,
mmnn,7,128,0.25,128,hierarchy,1.25,24,mup_gd,0.1,2500,25,1,0.1,hierarchy_mmnn_d7_mup_gd_s1,32,True,4.989428148022853,0.009868321940302849,0.171315535902977,8.783108711242676,25.0,0.022627830505371094,175.0,0.052198960230900655,325.0,0.08298167917463517,1575.0,0.21840652823448178,,,,,,,,,,,,,,,,,,,,,,,,,,,,,,,,,,,,,,,,
mmnn,7,128,0.25,128,hierarchy,1.25,24,mup_gd,0.1,2500,25,2,0.1,hierarchy_mmnn_d7_mup_gd_s2,32,True,5.000840203952976,0.009150306694209576,0.1737017184495926,10.107760429382324,25.0,0.037999510765075684,150.0,0.09958199354318469,300.0,0.025323589642842634,1675.0,0.19092958172162372,,,,,,,,,,,,,,,,,,,,,,,,,,,,,,,,,,,,,,,,
mmnn,7,128,0.25,128,hierarchy,1.25,24,mup_gd,0.1,2500,25,3,0.1,hierarchy_mmnn_d7_mup_gd_s3,32,True,4.997062303940766,0.013462955132126808,0.16054528951644897,14.577905654907227,25.0,0.022943735122680664,175.0,0.03918827497042139,350.0,0.10286923249562584,2225.0,0.4872506956259409,,,,,,,,,,,,,,,,,,,,,,,,,,,,,,,,,,,,,,,,
mmnn,7,128,0.25,128,hierarchy,1.25,24,mup_gd,0.1,2500,25,4,0.1,hierarchy_mmnn_d7_mup_gd_s4,32,True,5.14616341306828,0.007008275017142296,0.1661766618490219,8.764547348022461,25.0,0.043280959129333496,125.0,0.006833479954646218,350.0,0.045083721478780134,1650.0,0.22441969315210974,,,,,,,,,,,,,,,,,,,,,,,,,,,,,,,,,,,,,,,,
mmnn,7,128,0.25,128,hierarchy,1.25,24,mup_gd,0.1,2500,25,5,0.1,hierarchy_mmnn_d7_mup_gd_s5,32,True,5.426897478988394,0.012726142071187496,0.17489247024059296,12.259583473205566,25.0,0.010284066200256348,125.0,0.056465644102830115,275.0,0.09279074933793811,1725.0,0.33408627907435096,,,,,,,,,,,,,,,,,,,,,,,,,,,,,,,,,,,,,,,,
mmnn,7,128,0.25,128,hierarchy,1.25,24,mup_gd,0.1,2500,25,6,0.1,hierarchy_mmnn_d7_mup_gd_s6,32,True,5.451601873966865,0.013647641986608505,0.16678014397621155,9.93431568145752,25.0,0.027550458908081055,175.0,0.011779491717998764,375.0,0.07031450006696915,2000.0,0.404440571864446,,,,,,,,,,,,,,,,,,,,,,,,,,,,,,,,,,,,,,,,
mmnn,7,128,0.25,128,hierarchy,1.25,24,mup_gd,0.1,2500,25,7,0.1,hierarchy_mmnn_d7_mup_gd_s7,32,True,5.451872774981894,0.0077367862686514854,0.17155355215072632,9.41929817199707,25.0,0.013799846172332764,150.0,0.01865750092726484,325.0,0.04304001066419816,1400.0,0.16413704554239905,,,,,,,,,,,,,,,,,,,,,,,,,,,,,,,,,,,,,,,,
fc,5,128,0.25,128,powerlaw,1.25,24,muon_p0,0.01,1500,12,0,0.1,powerlaw_fc_d5_muon_p0_s0,128,True,10.44936226902064,0.0002719250041991472,0.925973653793335,11.742158889770508,60.0,0.011705398559570312,108.0,0.005116728817190661,144.0,0.007107136586712518,252.0,0.006282031536102295,60.0,0.002939685566812962,84.0,0.005410795056938016,120.0,0.006728340656686328,120.0,0.009464220051448211,132.0,0.008669054400590081,156.0,0.005524839943713272,168.0,0.0034368464944482635,180.0,0.00394167764586039,192.0,0.0023908451038818237,216.0,0.005241219136405319,228.0,0.003242883560053303,240.0,0.007555957833938093,276.0,0.012942671524168782,288.0,0.028116927595963053,300.0,0.05808127142273249,300.0,0.07066592775708025,312.0,0.08925389738044721,336.0,0.1287207001199506,348.0,0.17596527896605432,312.0,0.07976094297464009
fc,5,128,0.25,128,powerlaw,1.25,24,muon_p0,0.01,1500,12,1,0.1,powerlaw_fc_d5_muon_p0_s1,128,True,10.208196906023659,0.0002993660746142268,1.044148564338684,11.29965591430664,60.0,0.0026733875274658203,108.0,0.00013724725302257512,156.0,0.0008594122947795756,276.0,0.01711171865463257,60.0,0.0050552671664287705,84.0,0.0010340172859531337,120.0,0.00308651412029838,132.0,0.005386354209376522,144.0,0.002019765643968528,168.0,0.00023336225504652156,180.0,0.0037561518232563183,192.0,0.001401196095875118,216.0,0.009124261724143616,228.0,0.001820750986209395,240.0,0.002655472373870185,252.0,0.005734025723343841,288.0,0.028225638318797177,300.0,0.026077129696961736,312.0,0.05945558257635523,312.0,0.0798305186259783,336.0,0.07491303068561853,348.0,0.13675807217964803,396.0,0.20331252393841306,348.0,0.11632708454226826
fc,5,128,0.25,128,powerlaw,1.25,24,muon_p0,0.01,1500,12,2,0.1,powerlaw_fc_d5_muon_p0_s2,128,True,10.400691236951388,7.126903801690787e-05,1.099203109741211,11.725071907043457,60.0,0.006620287895202637,108.0,0.002593649877934501,156.0,0.008153970729456408,276.0,0.02606797218322754,60.0,0.004651350566124273,96.0,0.00230346641545935,132.0,0.0014714690090644827,132.0,0.004017185741776732,144.0,0.0055799608910974885,180.0,0.0018584359121980836,192.0,0.003935613158051117,204.0,0.00028961414748693206,216.0,0.0033822475910258074,228.0,0.015113306704364308,240.0,0.005814505006538391,264.0,0.007694460778706767,288.0,0.026614289095891235,300.0,0.04664444153893521,312.0,0.05479651999018131,324.0,0.06860109614148494,336.0,0.0923683170308592,348.0,0.12929232585905787,408.0,0.16455935094015448,384.0,0.052781886467386956
fc,5,128,0.25,128,powerlaw,1.25,24,muon_p0,0.01,1500,12,3,0.1,powerlaw_fc_d5_muon_p0_s3,128,True,10.108366666012444,0.00043531888513825834,1.0658531188964844,14.39375114440918,60.0,0.01355588436126709,120.0,0.008747342641616095,168.0,0.010316906695939692,288.0,0.04100024700164795,84.0,0.0014145826959672538,96.0,0.013422567999593306,132.0,0.013609044625944498,144.0,0.006598324665305391,156.0,0.009884026588291319,192.0,0.017025790045612662,204.0,0.0219122792981225,216.0,0.009118761427235698,228.0,0.006756527333941943,252.0,0.007863676140042467,276.0,0.02062383359286744,276.0,0.028215411219386574,312.0,0.06259635185560032,324.0,0.06416030909187215,336.0,0.07116811243925672,348.0,0.09531179258415708,360.0,0.13396341197472517,348.0,0.12858456071864793,384.0,0.18362839937959255,372.0,0.10680322538421413
fc,5,128,0.25,128,powerlaw,1.25,24,muon_p0,0.01,1500,12,4,0.1,powerlaw_fc_d5_muon_p0_s4,128,True,10.351281004957855,0.0007047062972560525,1.0599522590637207,10.63744831085205,48.0,0.02350032329559326,96.0,0.015065576701884218,144.0,0.013005815921733247,276.0,0.03616988658905029,48.0,0.011199879745616353,84.0,0.011031473432663285,108.0,0.023829551099881375,120.0,0.0180858341485042,132.0,0.02006554781407787,156.0,0.025597960672641345,168.0,0.018233502519905784,180.0,0.021177205388465067,204.0,0.005916930320361208,216.0,0.006451569759936849,240.0,0.0016973817192364369,252.0,0.029839008187882578,276.0,0.043189112902874534,276.0,0.035751891753456666,288.0,0.06624645297996586,300.0,0.10072604735765586,336.0,0.1251778245530839,348.0,0.16824328178822226,336.0,0.14576960109855067,336.0,0.04464949188576306
fc,5,128,0.25,128,powerlaw,1.25,24,muon_p0,0.01,1500,12,5,0.1,powerlaw_fc_d5_muon_p0_s5,128,True,10.393776583019644,0.00041282392339780927,1.1028095483779907,12.657362937927246,48.0,0.01773679256439209,108.0,0.009702861762512876,156.0,0.009490004958556338,288.0,0.03067857027053833,60.0,0.010175235123620032,84.0,0.012010272120209964,120.0,0.0033610336976919925,132.0,0.013763371600462213,144.0,0.003376662735316197,180.0,0.011021542414554608,192.0,0.004208348229648002,204.0,0.011374570838694784,228.0,0.0014835652156504847,240.0,0.001733574843441739,252.0,0.020985500961179748,264.0,0.0014525640073823876,300.0,0.05397617039370519,312.0,0.06887345284415038,312.0,0.0862247994426402,312.0,0.11264960304951323,336.0,0.15031809252642347,348.0,0.17610404536774216,372.0,0.25607509694439917,336.0,0.20947110785014705
fc,5,128,0.25,128,powerlaw,1.25,24,muon_p0,0.01,1500,12,6,0.1,powerlaw_fc_d5_muon_p0_s6,128,True,25.94096704898402,0.000585230765864253,1.0021051168441772,11.91819953918457,60.0,0.020128726959228516,108.0,0.006335109913943586,156.0,0.007990575186731852,264.0,0.01434028148651123,60.0,0.002726471705709416,84.0,0.01030093543531294,120.0,0.01236835874369804,120.0,0.008361296003131347,144.0,0.013413401179627889,168.0,0.017920788444841504,180.0,0.00392269517433448,204.0,0.018124403591706726,216.0,0.017376291434473348,240.0,0.030330384283797637,252.0,0.015586215730475503,264.0,0.010025274768633128,276.0,0.03417106108499433,288.0,0.02796672410778457,288.0,0.04483158192327362,300.0,0.05550993765013357,324.0,0.07162059156494856,324.0,0.12303470579005402,336.0,0.16735177400563625,336.0,0.022207858584507037
fc,5,128,0.25,128,powerlaw,1.25,24,muon_p0,0.01,1500,12,7,0.1,powerlaw_fc_d5_muon_p0_s7,128,True,10.247378848027438,0.0006957676960155368,1.072702169418335,12.68989086151123,60.0,0.02168130874633789,108.0,0.009723210772037335,168.0,0.007423301949751322,276.0,0.003153085708618164,60.0,0.0015696730975944342,96.0,0.007548083660536111,132.0,0.014690411110596449,132.0,0.011658943755562125,156.0,0.01871874579955861,180.0,0.001712327946167733,204.0,0.006716689437067105,216.0,0.009421825159521998,228.0,0.005617484313832908,228.0,0.006019308511619778,252.0,0.005006629892048862,276.0,0.002885972134659357,300.0,0.03509893230464859,312.0,0.03126450211743382,312.0,0.039523637587039764,324.0,0.03924669045210745,336.0,0.07409561484899645,360.0,0.12002623801641678,372.0,0.1836331841389105,348.0,0.052607842082124864
fc,5,128,0.25,128,powerlaw,1.25,24,muon_p1_3,0.01,1500,12,0,0.1,powerlaw_fc_d5_muon_p1_3_s0,128,True,10.390949108987115,0.0020546680316329002,0.5566139221191406,9.61486530303955,12.0,0.03171432018280029,48.0,0.05393488345663488,132.0,0.021417615223760837,456.0,0.0721210241317749,24.0,0.07937390715640405,24.0,0.07696683113908774,72.0,0.03749125950041689,96.0,0.029085228301623307,120.0,0.03220260320707332,156.0,0.037562376010025655,204.0,0.0439142546801291,240.0,0.030866247991415047,288.0,0.008584570737507728,336.0,0.006901336125207529,372.0,0.03880142720290507,432.0,0.05101834897334602,492.0,0.10885045246305014,528.0,0.14542067243273182,540.0,0.18065416213423652,624.0,0.2621685429337367,924.0,0.3728960204058154,1116.0,0.430240630911889,1176.0,0.4579962558273085,,0.610757004824279
fc,5,128,0.25,128,powerlaw,1.25,24,muon_p1_3,0.01,1500,12,1,0.1,powerlaw_fc_d5_muon_p1_3_s1,128,True,10.372369889984839,0.0023195892572402954,0.6120947599411011,8.960559844970703,12.0,0.03590857982635498,60.0,0.05934873044155624,144.0,0.03185909161718122,456.0,0.054556071758270264,24.0,0.08666102956485189,24.0,0.08776046805257909,72.0,0.02944217614474361,96.0,0.02789002077070495,132.0,0.03502939438418411,168.0,0.05528371597253992,204.0,0.03805750584728747,240.0,0.0363937095671967,276.0,0.030744989664089218,312.0,0.031203006438300228,336.0,0.006951563000470894,384.0,0.018650221276296466,528.0,0.09439235295945803,576.0,0.172612199810139,624.0,0.250142289569259,696.0,0.3374021521005131,744.0,0.37601362196585564,912.0,0.37441429096186163,1092.0,0.42140710750410715,,0.5856255496848479
fc,5,128,0.25,128,powerlaw,1.25,24,muon_p1_3,0.01,1500,12,2,0.1,powerlaw_fc_d5_muon_p1_3_s2,128,True,10.38027388509363,0.002178158611059189,0.598208487033844,9.388933181762695,12.0,0.033865928649902344,48.0,0.05837901575101759,156.0,0.023796574131698976,480.0,0.07427048683166504,24.0,0.08155219012368232,24.0,0.08273082692943437,72.0,0.02969263069424882,108.0,0.023771476807991136,132.0,0.03744915885017979,180.0,0.0472798333246738,228.0,0.03958149669549887,252.0,0.027276349498950105,300.0,0.024340472755915884,336.0,0.004715896436104211,372.0,0.012488184150697912,432.0,0.057566402203644444,564.0,0.10957713810677078,624.0,0.17149489303531618,672.0,0.22997464282832758,732.0,0.32228949115757166,900.0,0.3967628546521166,1020.0,0.41341676509340947,1212.0,0.45522888238413833,,0.6222215726648406
fc,5,128,0.25,128,powerlaw,1.25,24,muon_p1_3,0.01,1500,12,3,0.1,powerlaw_fc_d5_muon_p1_3_s3,128,True,10.1647755689919,0.002296010497957468,0.5508248209953308,9.871963500976562,12.0,0.02867424488067627,60.0,0.05997857294570304,168.0,0.03643516924011128,540.0,0.0761491060256958,24.0,0.08265901673310116,36.0,0.08583133093212154,84.0,0.03956218884481318,108.0,0.030381814730410933,132.0,0.03224841279940391,180.0,0.042313323910214466,216.0,0.041661557058158716,264.0,0.03359606041773874,324.0,0.0015714271169824893,372.0,0.0006434132690635079,420.0,0.042285640842905675,480.0,0.0588838427131664,588.0,0.09950217082158568,624.0,0.13777735212716025,684.0,0.22890726116568058,732.0,0.322416012316467,864.0,0.4096472440818147,948.0,0.42619869291128326,1188.0,0.4492062776849871,,0.5954845358087251
fc,5,128,0.25,128,powerlaw,1.25,24,muon_p1_3,0.01,1500,12,4,0.1,powerlaw_fc_d5_muon_p1_3_s4,128,True,10.124740617000498,0.002264603739604354,0.5968723297119141,8.055541038513184,12.0,0.03651535511016846,48.0,0.05983341919943152,132.0,0.0229877160738803,456.0,0.08106976747512817,12.0,0.08626479768866545,24.0,0.0855198685376201,60.0,0.03715379204914852,96.0,0.03021431916001823,108.0,0.038674650277601384,156.0,0.046699118038384654,192.0,0.0362082467936982,216.0,0.046111450754931914,240.0,0.027612496554952255,288.0,0.012233551338423465,336.0,0.01846220271397544,384.0,0.03936416905372177,516.0,0.1388673532517645,552.0,0.18358492718172112,600.0,0.22984563491035848,672.0,0.30798614021794996,768.0,0.4023306940948894,840.0,0.41453303718570744,936.0,0.42626889206519875,,0.5988581670536917
fc,5,128,0.25,128,powerlaw,1.25,24,muon_p1_3,0.01,1500,12,5,0.1,powerlaw_fc_d5_muon_p1_3_s5,128,True,10.506767487968318,0.002333062933757901,0.5846722722053528,9.666763305664062,12.0,0.03177690505981445,60.0,0.05620406978046141,156.0,0.030326581766154832,528.0,0.10229730606079102,24.0,0.08366426905297167,36.0,0.08326726707168297,84.0,0.027253484140726758,108.0,0.0257663112704125,132.0,0.028275957651136496,180.0,0.039364335543380896,228.0,0.03269766878807912,276.0,0.03021467216117824,300.0,0.0143168109763983,324.0,0.01038979431047884,384.0,0.029515100493519308,492.0,0.07253144868588784,576.0,0.1206861953944297,600.0,0.153812662170645,648.0,0.22966963441745905,672.0,0.3146924706620851,780.0,0.402254160794882,804.0,0.39748641393745626,912.0,0.42518866228506313,,0.5843154179592905
fc,5,128,0.25,128,powerlaw,1.25,24,muon_p1_3,0.01,1500,12,6,0.1,powerlaw_fc_d5_muon_p1_3_s6,128,True,10.027056302991696,0.0024838256649672985,0.5998554825782776,9.06588077545166,12.0,0.04003477096557617,60.0,0.0670908536319164,168.0,0.05042914541182342,552.0,0.09812527894973755,12.0,0.0919321185166817,24.0,0.09046502533917357,84.0,0.04186374137313999,108.0,0.0403109997193087,144.0,0.053140556042395294,204.0,0.06771195224358584,228.0,0.051667496014713654,264.0,0.03332538517592579,312.0,0.028860534926145497,372.0,0.009031943124711742,420.0,0.03454727064659775,480.0,0.0828592805266019,612.0,0.12124287954797183,672.0,0.18965736070770833,720.0,0.256744450796184,816.0,0.35848222368070387,1056.0,0.4323401211441944,1392.0,0.47310217783127584,,0.5180523969536286,,0.683053795754218
fc,5,128,0.25,128,powerlaw,1.25,24,muon_p1_3,0.01,1500,12,7,0.1,powerlaw_fc_d5_muon_p1_3_s7,128,True,10.440573090105318,0.002840996254235506,0.5757346153259277,8.645580291748047,12.0,0.04169619083404541,48.0,0.07778750513143246,132.0,0.08171624794667963,372.0,0.06758153438568115,24.0,0.10069817000052103,24.0,0.1050001602851106,72.0,0.06444753016185337,96.0,0.06442053818239346,108.0,0.06066209337002258,156.0,0.062124487607999955,192.0,0.06075778251724433,216.0,0.056407151564051024,252.0,0.059031319326767556,264.0,0.05654971271664828,276.0,0.0409448990507521,336.0,0.050734956302808616,420.0,0.10344551098521927,432.0,0.12662341374271363,480.0,0.1657021001089998,492.0,0.24066002470183226,528.0,0.31201151941937516,576.0,0.3004694296612795,588.0,0.23314765611848737,588.0,0.26114922952321257
fc,5,128,0.25,128,powerlaw,1.25,24,muon_p2_3,0.01,1500,12,0,0.1,powerlaw_fc_d5_muon_p2_3_s0,128,True,10.10320438502822,0.0033068833872675896,0.3204662799835205,8.605323791503906,12.0,0.04933977127075195,72.0,0.09031182840638752,192.0,0.04523266593986129,720.0,0.1615133285522461,12.0,0.09577691447877563,24.0,0.10331652618067234,108.0,0.0731864920010509,144.0,0.06066744863011413,180.0,0.054601033711957125,240.0,0.05821563130995659,300.0,0.05479517173375755,372.0,0.03661916032692015,408.0,0.01123914835303576,444.0,0.03220274023621562,516.0,0.05119365440552123,600.0,0.08703236681500626,804.0,0.22698174893230794,912.0,0.2935333971148459,1020.0,0.3250155000955896,1152.0,0.4105143653975928,,0.5198801489627647,,0.5689049122452471,,0.613369399688962,,0.7420527150389743
fc,5,128,0.25,128,powerlaw,1.25,24,muon_p2_3,0.01,1500,12,1,0.1,powerlaw_fc_d5_muon_p2_3_s1,128,True,10.392250341014005,0.0031780418939888477,0.33696678280830383,8.813691139221191,12.0,0.04662454128265381,72.0,0.08284888594056351,216.0,0.052819431740821605,744.0,0.19727939367294312,12.0,0.09104630281780836,36.0,0.09758265293395714,108.0,0.07053443679801617,144.0,0.07228880064721488,180.0,0.047801957051735705,252.0,0.06439397738384413,324.0,0.01108078108272991,384.0,0.009110436247748214,432.0,0.008476823424794711,492.0,0.03146634092051584,564.0,0.05120747544581657,684.0,0.12276051766129903,804.0,0.2544266377656062,864.0,0.3124099356229923,972.0,0.3624869064637741,1188.0,0.4220505189730942,1440.0,0.4845246113311023,,0.5634520588587809,,0.6125996163516324,,0.7622156432847523
fc,5,128,0.25,128,powerlaw,1.25,24,muon_p2_3,0.01,1500,12,2,0.1,powerlaw_fc_d5_muon_p2_3_s2,128,True,10.292652892996557,0.004375757649540901,0.32405224442481995,7.744113922119141,12.0,0.06281906366348267,60.0,0.1330743923088709,216.0,0.10728323970584576,576.0,0.16040492057800293,12.0,0.12063565071719687,24.0,0.13778101839200338,108.0,0.11840472075871626,132.0,0.09603452249958866,168.0,0.09805162813251263,228.0,0.08593154955623865,252.0,0.09102090858538456,288.0,0.09888741805059753,348.0,0.12397782172017666,384.0,0.11515598972520473,432.0,0.12590666731941444,516.0,0.14591118053137772,612.0,0.1941470927330102,636.0,0.19976208456530636,672.0,0.24924440628222547,732.0,0.29753530342048173,780.0,0.34874499138902704,816.0,0.3654448432423328,804.0,0.32493932324340075,828.0,0.3556489487632508
fc,5,128,0.25,128,powerlaw,1.25,24,muon_p2_3,0.01,1500,12,3,0.1,powerlaw_fc_d5_muon_p2_3_s3,128,True,10.173727173940279,0.003106821561232209,0.31776168942451477,8.436958312988281,12.0,0.037093162536621094,72.0,0.10010810469947164,240.0,0.06874668793522441,840.0,0.22550946474075317,24.0,0.08936065161072611,36.0,0.10800305270526542,108.0,0.08858175935615707,144.0,0.07860164852564563,180.0,0.07697019697729639,288.0,0.06883226817389486,336.0,0.039276566033715904,384.0,0.015007529605360462,432.0,0.041314166609308256,516.0,0.07172663777430598,612.0,0.12996278955382579,756.0,0.1661976749481593,900.0,0.2842970054998134,984.0,0.35925008196732083,1104.0,0.41784829744269775,1356.0,0.47756947668793226,1500.0,0.4973334722743598,,0.5020507039278328,,0.5555315105099693,,0.7011595569653262
fc,5,128,0.25,128,powerlaw,1.25,24,muon_p2_3,0.01,1500,12,4,0.1,powerlaw_fc_d5_muon_p2_3_s4,128,True,9.931630834005773,0.0034301760606467724,0.30912819504737854,7.696459770202637,12.0,0.05463266372680664,48.0,0.08889839169472617,180.0,0.05312617429342108,732.0,0.1733090877532959,12.0,0.09937177956512118,24.0,0.10777772195896007,84.0,0.07307184888208254,120.0,0.06646878434683183,144.0,0.06729427791871409,228.0,0.08008420756103346,276.0,0.0587715258599493,324.0,0.04706049322808751,372.0,0.014345183048703428,456.0,0.019949434489752105,564.0,0.08755166636375904,660.0,0.13672016348759047,792.0,0.23236862292952604,840.0,0.30684632936178624,972.0,0.41412317533941584,1332.0,0.49566472033024916,,0.5535516190564079,,0.5845575709718157,,0.645024710604872,,0.7814695136626534
fc,5,128,0.25,128,powerlaw,1.25,24,muon_p2_3,0.01,1500,12,5,0.1,powerlaw_fc_d5_muon_p2_3_s5,128,True,10.184453368070535,0.003259186865761876,0.32766780257225037,8.27784252166748,12.0,0.04252779483795166,72.0,0.09194215280048591,240.0,0.05573508987314458,780.0,0.20019793510437012,12.0,0.0889746976633495,36.0,0.10670672433343982,120.0,0.07246175586024511,156.0,0.06061924292919493,204.0,0.053002872767668366,288.0,0.07194315996254586,336.0,0.03414925268140702,396.0,0.02233613453960797,456.0,0.007528020647387457,516.0,0.02859872400483378,612.0,0.09472932603480062,720.0,0.15398671695677296,852.0,0.24886249670771404,948.0,0.3174847417511743,1116.0,0.4016683696781652,1248.0,0.44255955156184495,,0.5003554490766228,,0.5212377509574517,,0.6075158564857118,,0.7522430682158604
fc,5,128,0.25,128,powerlaw,1.25,24,muon_p2_3,0.01,1500,12,6,0.1,powerlaw_fc_d5_muon_p2_3_s6,128,True,9.83785190002527,0.004700624383985996,0.3220027983188629,8.21013069152832,12.0,0.07069289684295654,60.0,0.13530421347618826,204.0,0.09419676037357252,504.0,0.19738858938217163,12.0,0.1301528001483105,24.0,0.14231463770781116,108.0,0.11837709054151106,132.0,0.09926395463751113,180.0,0.10838890197222319,228.0,0.0895996957336127,240.0,0.10568315133411872,300.0,0.10895001457122981,336.0,0.1146770237652542,396.0,0.12357657980245607,444.0,0.1473685234609464,468.0,0.15433460702788088,576.0,0.22398241855642045,624.0,0.23721061106074082,672.0,0.277019086921548,768.0,0.3331972536845497,780.0,0.344159859614621,864.0,0.3536716249650107,852.0,0.3158628224548631,828.0,0.34173267040522665
fc,5,128,0.25,128,powerlaw,1.25,24,muon_p2_3,0.01,1500,12,7,0.1,powerlaw_fc_d5_muon_p2_3_s7,128,True,10.402292466023937,0.0031935214065015316,0.32292693853378296,8.512588500976562,12.0,0.044981956481933594,60.0,0.09078909931892487,228.0,0.056595572903051075,732.0,0.18012434244155884,12.0,0.08412670496714705,36.0,0.100471593134108,108.0,0.08054303733193574,144.0,0.07233154909897342,168.0,0.07659871511652667,264.0,0.06380524822660419,312.0,0.054438436644967364,372.0,0.017973016807985593,432.0,0.02459278210694501,480.0,0.047511257129633354,540.0,0.07796813684627062,672.0,0.11493389831380886,768.0,0.21757862187816487,828.0,0.27085874759849704,948.0,0.3534507367410082,1224.0,0.4401129112310653,1500.0,0.4998193810387151,,0.5539976478026037,,0.6075840627606952,,0.7254885675541742
fc,5,128,0.25,128,powerlaw,1.25,24,mup_gd,0.3,1500,12,0,0.1,powerlaw_fc_d5_mup_gd_s0,128,True,2.1268163069617003,0.000319463899359107,0.14529187977313995,5.854155540466309,12.0,0.0067234039306640625,96.0,0.01669814279726,300.0,0.017655909005183105,792.0,0.14745908975601196,24.0,0.011906109217465604,60.0,0.014139912421714144,144.0,0.021021644627126218,192.0,0.01848822993787242,252.0,0.01801062183790065,360.0,0.014584633562136504,432.0,0.004719502908404757,504.0,0.01861575341031618,552.0,0.03727160391989718,588.0,0.04559181870348432,636.0,0.07507893412351017,696.0,0.09825920334397924,828.0,0.1741265881927948,888.0,0.2028949495037969,900.0,0.2562539842672728,984.0,0.3134059096123222,1092.0,0.3500328274438567,1104.0,0.38053253232829326,1272.0,0.43461970435718017,,0.5521056301121395
fc,5,128,0.25,128,powerlaw,1.25,24,mup_gd,0.3,1500,12,1,0.1,powerlaw_fc_d5_mup_gd_s1,128,True,2.1152115929871798,0.0002004403795581311,0.14459994435310364,6.172012805938721,24.0,0.005342245101928711,60.0,0.014412216256268338,228.0,0.03064251026956051,540.0,0.0944364070892334,24.0,0.00925451590984946,48.0,0.008860296967479843,108.0,0.010557911043760457,144.0,0.010982104930174066,192.0,0.016979253779672146,264.0,0.019975242984675262,312.0,0.029460886521421464,348.0,0.02541808268830095,384.0,0.03874520442604408,420.0,0.05670659299044745,456.0,0.0718315949551406,492.0,0.08467439023694535,624.0,0.1366949476736023,684.0,0.16707241892981645,744.0,0.20265348486970058,804.0,0.22799057714669918,852.0,0.2677906791564357,924.0,0.2853910591132178,924.0,0.2956747032478848,936.0,0.39910656526624677
fc,5,128,0.25,128,powerlaw,1.25,24,mup_gd,0.3,1500,12,2,0.1,powerlaw_fc_d5_mup_gd_s2,128,True,2.184928271919489,0.00046405859757214785,0.14771996438503265,6.480658531188965,12.0,0.00920093059539795,108.0,0.02404433849270883,312.0,0.02772909385015563,804.0,0.16115736961364746,24.0,0.01742960992441168,60.0,0.021489342403036373,156.0,0.0323668569183474,204.0,0.02679535256086191,252.0,0.02420458771646637,372.0,0.01736904721683573,420.0,0.0103502856650717,492.0,0.009213688062908728,552.0,0.020223898984745935,600.0,0.05068868040078401,672.0,0.08191268192326119,732.0,0.1379080593460092,852.0,0.20029942351561975,900.0,0.23846354985891194,960.0,0.29307296227596863,1032.0,0.33295398012373484,1044.0,0.3591794778738482,1068.0,0.37594315241312715,1164.0,0.4107570776316338,1368.0,0.5356411697894495
fc,5,128,0.25,128,powerlaw,1.25,24,mup_gd,0.3,1500,12,3,0.1,powerlaw_fc_d5_mup_gd_s3,128,True,2.0608960379613563,0.0014545208541676402,0.15172459185123444,6.628408432006836,24.0,0.01591777801513672,108.0,0.0428566686192434,324.0,0.025068954269001305,792.0,0.1863236427307129,36.0,0.03722121493425538,48.0,0.04373284054967699,168.0,0.04601050219724318,204.0,0.04533544704269283,264.0,0.05178628876097772,384.0,0.026144932766294645,432.0,0.007071833889930034,480.0,0.012336565418548339,528.0,0.0392699629598518,576.0,0.06582027018588427,612.0,0.09536912922861837,696.0,0.14095345834685988,840.0,0.2496871068104142,888.0,0.2924875664826735,960.0,0.34849287231046594,972.0,0.40093263284977154,984.0,0.43830335472551774,984.0,0.4664364945502839,1104.0,0.5608990722766117,1308.0,0.7271896807398585
fc,5,128,0.25,128,powerlaw,1.25,24,mup_gd,0.3,1500,12,4,0.1,powerlaw_fc_d5_mup_gd_s4,128,True,2.015085819060914,0.0002251670230180025,0.14063607156276703,4.7865142822265625,12.0,0.004341602325439453,108.0,0.008632584691427232,288.0,0.012139555191604987,804.0,0.19169563055038452,24.0,0.005734461055090397,60.0,0.009053438530702338,156.0,0.014997588803395436,192.0,0.016630036598666152,240.0,0.006450486380698594,336.0,0.004273452938786327,408.0,0.019452165229912173,468.0,0.04077119733482348,528.0,0.056565195505289705,600.0,0.07828765405509366,672.0,0.1152346047742859,720.0,0.14855436428485141,864.0,0.240662882472467,948.0,0.27649976908280566,960.0,0.3219429541271892,1056.0,0.3366423949047557,1068.0,0.36785888999526034,1080.0,0.37287757531436716,1080.0,0.3613385822948465,1152.0,0.43443821861743237
fc,5,128,0.25,128,powerlaw,1.25,24,mup_gd,0.3,1500,12,5,0.1,powerlaw_fc_d5_mup_gd_s5,128,True,2.025163865997456,0.0003568890388123691,0.14676986634731293,5.596794128417969,12.0,0.009839415550231934,84.0,0.0275160929267904,204.0,0.02470042586092031,576.0,0.11564987897872925,24.0,0.017893292280193422,60.0,0.01629832958690543,108.0,0.020720483191299332,144.0,0.03192303921903323,180.0,0.03222867323847588,252.0,0.03048328609007746,312.0,0.027667075428708214,348.0,0.05499459546340708,396.0,0.06256093824561822,456.0,0.07620388676066847,492.0,0.09455520110378052,552.0,0.1194321108848845,624.0,0.12076405916319148,648.0,0.1253079074225702,720.0,0.17717464273389236,792.0,0.21438143819473968,828.0,0.23801135441393645,828.0,0.26103231229773693,864.0,0.27781094506252024,876.0,0.35165003412279605
fc,5,128,0.25,128,powerlaw,1.25,24,mup_gd,0.3,1500,12,6,0.1,powerlaw_fc_d5_mup_gd_s6,128,True,2.0615678970934823,0.00021213083527982235,0.14586977660655975,6.205289363861084,12.0,0.005214095115661621,120.0,0.0044108191697879995,288.0,0.014447542293255407,744.0,0.10939860343933105,24.0,0.007076333264050246,60.0,0.008281783682519321,156.0,0.01875942059345036,204.0,0.0038623823988945404,252.0,0.00650019827163512,336.0,0.01510356074196449,396.0,0.009172033057973766,468.0,0.0045287003787252075,540.0,0.05049490327292192,600.0,0.09452853266952539,624.0,0.09830766398571765,684.0,0.10455949418129327,804.0,0.1277855579277348,864.0,0.2070921529065664,948.0,0.26838870842758294,1056.0,0.31350430620476316,1080.0,0.339684419987928,1104.0,0.3748570102600353,1128.0,0.40135146045706904,,0.5009894175146303
fc,5,128,0.25,128,powerlaw,1.25,24,mup_gd,0.3,1500,12,7,0.1,powerlaw_fc_d5_mup_gd_s7,128,True,2.0552995699690655,0.0004537196073215455,0.14620399475097656,5.899702072143555,24.0,0.009940624237060547,96.0,0.022927362713473117,300.0,0.016585918806997883,708.0,0.16912764310836792,24.0,0.016949311678787472,48.0,0.020862181631335325,144.0,0.028536618058276366,192.0,0.02860051263258377,252.0,0.024390540728297196,336.0,0.0029162051716713215,396.0,0.003935546181741712,432.0,0.0033300608604131805,492.0,0.0196467228393481,552.0,0.048666800811087325,600.0,0.08659710663182847,648.0,0.11511485393638135,780.0,0.2225505224950456,828.0,0.26549161440573593,900.0,0.3312548727330368,924.0,0.36116457466367213,924.0,0.3841246445462935,936.0,0.3896305758708257,1020.0,0.41546321678667675,1236.0,0.550988936006359
mmnn,5,128,0.25,128,powerlaw,1.25,24,muon_p0,0.003,1500,12,0,0.1,powerlaw_mmnn_d5_muon_p0_s0,32,True,8.509707573917694,0.0002565834438428283,0.45434245467185974,12.753722190856934,72.0,0.013538599014282227,132.0,0.005421534825621447,192.0,0.008816374254808475,300.0,0.03997969627380371,84.0,0.01211014982683036,108.0,0.007503958840763523,156.0,0.00849500337532696,168.0,0.006728179209436075,180.0,0.004121179873103458,204.0,0.0028050018288494007,216.0,0.006769686293340486,228.0,0.011696556906337727,240.0,0.02592618630272787,252.0,0.028899334564651786,276.0,0.03219123725201878,288.0,0.04273848830198317,312.0,0.05138834135561739,324.0,0.06187597300820876,360.0,0.050568074898809184,360.0,0.07697906573294236,384.0,0.11035866660044069,408.0,0.13679694379488308,396.0,0.17557536799104617,408.0,0.13029832688892978
mmnn,5,128,0.25,128,powerlaw,1.25,24,muon_p0,0.003,1500,12,1,0.1,powerlaw_mmnn_d5_muon_p0_s1,32,True,8.526192273944616,0.00025328766787424684,0.4647979140281677,12.84228229522705,72.0,0.013377606868743896,132.0,0.00793964043675332,180.0,0.008704603684171738,276.0,0.0418705940246582,84.0,0.011737947039378659,120.0,0.008000980810681952,144.0,0.007503769333090364,156.0,0.006813606148220323,168.0,0.009722844689350365,192.0,0.003831125739722332,204.0,0.007589348921678658,216.0,0.006650594271878701,240.0,0.023244734260940144,252.0,0.028962969470553917,252.0,0.0299532375592321,264.0,0.03086216899761482,288.0,0.05578407580249451,312.0,0.02976460806697475,336.0,0.06424971187160561,336.0,0.04445847985925447,360.0,0.08416049741014932,360.0,0.10784602150286644,336.0,0.11806950358119538,372.0,0.09643556263462215
mmnn,5,128,0.25,128,powerlaw,1.25,24,muon_p0,0.003,1500,12,2,0.1,powerlaw_mmnn_d5_muon_p0_s2,32,True,8.552391450037248,2.1544121409533545e-05,0.46829211711883545,15.698744773864746,72.0,0.001231551170349121,132.0,0.001294684006828747,180.0,0.0011371208490517054,300.0,0.019126176834106445,84.0,0.0011153177619316256,108.0,0.0005810687839096415,156.0,0.0004969467917503872,156.0,0.0008680731171419897,180.0,0.0002300527376752006,192.0,7.680141386296626e-05,204.0,0.0006132395080338237,228.0,0.002591734318274361,240.0,0.004201332767692824,264.0,0.0011385480121091078,276.0,0.006059281859743901,288.0,0.01411483884777356,312.0,0.02084613339036811,324.0,0.035775095602664925,360.0,0.057981966358728786,384.0,0.04266575539361209,396.0,0.04353186564865294,408.0,0.07455523424142194,420.0,0.14514617510506436,420.0,0.13910325113890298
mmnn,5,128,0.25,128,powerlaw,1.25,24,muon_p0,0.003,1500,12,3,0.1,powerlaw_mmnn_d5_muon_p0_s3,32,True,8.365063367062248,0.000481472525279969,0.482554167509079,16.46535873413086,84.0,0.015186548233032227,156.0,0.016531915626733035,228.0,0.0017472615720258303,372.0,0.05359911918640137,108.0,0.005309238331433426,132.0,0.01517772818276541,180.0,0.014076655837999493,192.0,0.013523392566858633,204.0,0.010755739733989885,240.0,0.005625419831298552,240.0,0.00688117842972561,264.0,0.004486087871673872,276.0,0.007231237122717703,312.0,0.001586350155075687,336.0,0.01037184996591253,348.0,0.031113780340334872,408.0,0.08267112313473804,408.0,0.062056769666623136,420.0,0.07080340276967168,432.0,0.10046559969183526,432.0,0.12279289955219574,468.0,0.15018839273931933,492.0,0.25484569525611556,588.0,0.313495626226443
mmnn,5,128,0.25,128,powerlaw,1.25,24,muon_p0,0.003,1500,12,4,0.1,powerlaw_mmnn_d5_muon_p0_s4,32,True,8.581400901079178,4.2953928641509265e-05,0.45113080739974976,13.83035945892334,72.0,0.0030069351196289062,132.0,0.0012631239356003898,180.0,0.0022324360669870895,288.0,0.03200739622116089,72.0,0.0015542502024572507,108.0,0.002935149854128338,144.0,0.0009139768803732787,156.0,0.000627213152880088,168.0,0.008579301532653487,192.0,0.003465445689443601,204.0,0.0007754106184694314,216.0,0.008903833195523179,216.0,0.010198989166857159,240.0,0.017848654973373304,264.0,0.010492002221326745,288.0,0.034549902724351815,336.0,0.05291957641182045,348.0,0.05831825664016695,348.0,0.06073960296493887,348.0,0.08700488282166827,348.0,0.07029122321602291,372.0,0.0867399769019517,396.0,0.1851160842522355,468.0,0.22253937745098606
mmnn,5,128,0.25,128,powerlaw,1.25,24,muon_p0,0.003,1500,12,5,0.1,powerlaw_mmnn_d5_muon_p0_s5,32,True,8.264208994922228,0.0007244800217449665,0.46583449840545654,16.74066925048828,72.0,0.021427273750305176,144.0,0.009491537464079254,216.0,0.006131110139232484,312.0,0.04395991563796997,96.0,0.014115155088905765,120.0,0.008170942135250582,168.0,0.01339191666484156,180.0,0.010260517286643884,204.0,0.01220332285163644,228.0,0.009544373306318441,240.0,0.0007828301783477048,264.0,0.009131373535277163,276.0,0.0353536185510474,288.0,0.05162380086049318,300.0,0.060806238372681606,300.0,0.053958066811454604,324.0,0.05429926324096197,348.0,0.06427922881906449,360.0,0.10504990673941433,384.0,0.08206795787491086,408.0,0.09503961389829596,408.0,0.1998617021147595,408.0,0.21083069429026036,444.0,0.2942241930978972
mmnn,5,128,0.25,128,powerlaw,1.25,24,muon_p0,0.003,1500,12,6,0.1,powerlaw_mmnn_d5_muon_p0_s6,32,True,8.591222896007821,4.202306081424467e-05,0.4517047107219696,17.973928451538086,72.0,0.00373917818069458,132.0,0.005126001123863058,192.0,0.0034391572592068495,312.0,0.03449094295501709,84.0,0.002797779266969445,108.0,0.0037422885386038944,156.0,0.0058885157482475884,168.0,0.006936953972197907,180.0,0.00824370385254274,192.0,0.000314546252069745,204.0,0.0003698514455983233,216.0,0.0025459459539536526,240.0,0.0025894496100177084,264.0,0.009763159689629708,288.0,0.014862073925804443,300.0,0.02812853492535299,324.0,0.03729004833426388,324.0,0.0385595575076564,360.0,0.07082010138906515,372.0,0.09599670849663268,396.0,0.06479154362686715,444.0,0.1535872628769269,444.0,0.19951820979927584,444.0,0.15906680506046086
mmnn,5,128,0.25,128,powerlaw,1.25,24,muon_p0,0.003,1500,12,7,0.1,powerlaw_mmnn_d5_muon_p0_s7,32,True,8.561375071993098,0.00013960470096208155,0.4681086242198944,9.625182151794434,72.0,0.009386181831359863,120.0,0.007046885891595564,180.0,0.009161008534493765,288.0,0.034204721450805664,72.0,0.007024914180789609,96.0,0.005121806903974081,144.0,0.00913606897935409,144.0,0.004737192807320304,156.0,0.01034678830340864,192.0,0.008430971522418703,204.0,0.002537821073840703,216.0,0.00021259819778994595,228.0,0.009462563325295065,240.0,0.010808445781233028,252.0,0.00851629964363407,264.0,0.03189060836698454,300.0,0.024313289349666624,312.0,0.042813182174721,324.0,0.05558490171110359,336.0,0.03519990409461413,360.0,0.07550067915329049,372.0,0.07275045532037155,360.0,0.15233447852040333,432.0,0.16031875708247406
mmnn,5,128,0.25,128,powerlaw,1.25,24,muon_p1_3,0.003,1500,12,0,0.1,powerlaw_mmnn_d5_muon_p1_3_s0,32,True,8.199379576020874,0.0013240561820566654,0.20026202499866486,10.575929641723633,24.0,0.03582954406738281,72.0,0.021231542116788786,156.0,0.020386920149960904,432.0,0.11092299222946167,36.0,0.0589233805864478,48.0,0.03990386518909091,108.0,0.01575541435754777,132.0,0.02171724228739792,144.0,0.02134572982472417,192.0,0.026019846693627963,228.0,0.014475295973110279,240.0,0.0055181165231851315,252.0,0.0013098382743803852,288.0,0.012955756023603849,348.0,0.047054706812843676,396.0,0.07698226419021857,468.0,0.17294911569293142,492.0,0.21242365161661483,492.0,0.2147474230215806,600.0,0.26632522780720697,732.0,0.3518026390729127,1032.0,0.43804841194735566,1236.0,0.4509286972206403,,0.5020637631287155
mmnn,5,128,0.25,128,powerlaw,1.25,24,muon_p1_3,0.003,1500,12,1,0.1,powerlaw_mmnn_d5_muon_p1_3_s1,32,True,8.323936708969995,0.0012546523939818144,0.19649574160575867,10.3272066116333,24.0,0.0356907844543457,60.0,0.03079427480396774,132.0,0.0292360054474941,336.0,0.10066866874694824,36.0,0.05409371695835634,48.0,0.04349522116812373,72.0,0.024711378394958666,84.0,0.027598239223939426,96.0,0.027074839603549655,156.0,0.030649254518898904,168.0,0.02911216720714262,204.0,0.024011272932740982,228.0,0.024473968854007412,240.0,0.0569862371361821,240.0,0.06352565415517158,300.0,0.0570059951221316,372.0,0.15192454788848478,420.0,0.17515647425219497,468.0,0.19531362888160517,456.0,0.2017331825398201,468.0,0.24703458024413474,528.0,0.30263869653614345,516.0,0.2908884428289687,564.0,0.2739125009332781
mmnn,5,128,0.25,128,powerlaw,1.25,24,muon_p1_3,0.003,1500,12,2,0.1,powerlaw_mmnn_d5_muon_p1_3_s2,32,True,8.366490761982277,0.0012148409150540829,0.19737951457500458,13.07657527923584,24.0,0.03471219539642334,72.0,0.035437087342230805,132.0,0.02026488845326622,288.0,0.10004687309265137,36.0,0.05275957091657078,48.0,0.04091762569628824,84.0,0.028117805374995076,96.0,0.026471737060659178,120.0,0.029835970364986596,156.0,0.01680372452013569,180.0,0.020910241238133554,180.0,0.035422618735227555,216.0,0.03287276787678947,228.0,0.013762779049900208,240.0,0.034852947669188075,264.0,0.07264130870834298,312.0,0.11696114383108203,348.0,0.1346105101237576,396.0,0.1791772948579671,444.0,0.19808447302908766,516.0,0.2680621462884096,528.0,0.3209409705792649,504.0,0.30075471036139917,540.0,0.2738888530605791
mmnn,5,128,0.25,128,powerlaw,1.25,24,muon_p1_3,0.003,1500,12,3,0.1,powerlaw_mmnn_d5_muon_p1_3_s3,32,True,8.549905044957995,0.0013719690032303333,0.21590541303157806,10.438789367675781,24.0,0.03053104877471924,84.0,0.032042293053530124,228.0,0.02080904200911005,588.0,0.11876070499420166,36.0,0.048123900051203775,60.0,0.03713894514904753,120.0,0.03375884052222556,156.0,0.0387922752637889,180.0,0.030724650026363157,252.0,0.02589092790007177,300.0,0.0046641874396694165,336.0,0.02321521756896409,348.0,0.003616585189509749,396.0,0.02258476560730009,456.0,0.05537991636242152,552.0,0.08531232616313374,636.0,0.1844082063060562,744.0,0.24558222837152172,780.0,0.28509043110431354,828.0,0.3352194651588235,1032.0,0.41800528333076675,1440.0,0.48763137587916733,1452.0,0.4920084828919563,,0.5996895530384356
mmnn,5,128,0.25,128,powerlaw,1.25,24,muon_p1_3,0.003,1500,12,4,0.1,powerlaw_mmnn_d5_muon_p1_3_s4,32,True,8.575639606104232,0.0013890756526961923,0.19039183855056763,9.771012306213379,24.0,0.03637707233428955,72.0,0.03478220961006853,156.0,0.020703750837344815,408.0,0.12840700149536133,36.0,0.05854781689320494,48.0,0.045884021244425574,96.0,0.03333534852796597,108.0,0.027562277351265305,132.0,0.01931978461745159,168.0,0.019551088539569668,204.0,0.03493453432947689,240.0,0.02783751785223146,252.0,0.030292240537952236,276.0,0.051694056739263736,324.0,0.0838982710845228,384.0,0.120148950280654,444.0,0.1833665292476667,444.0,0.17634118268424182,456.0,0.18922291828937782,480.0,0.2241654785483163,564.0,0.27694402834353943,612.0,0.3182435201014981,636.0,0.31325325225037526,576.0,0.30800615351789223
mmnn,5,128,0.25,128,powerlaw,1.25,24,muon_p1_3,0.003,1500,12,5,0.1,powerlaw_mmnn_d5_muon_p1_3_s5,32,True,8.172653494984843,0.0013638529926538467,0.20633481442928314,11.91096305847168,24.0,0.032727599143981934,84.0,0.03013337799077471,192.0,0.02787945784652792,516.0,0.1356479525566101,36.0,0.047576901591717055,48.0,0.03913538732793152,120.0,0.03094824580675938,132.0,0.031697011778131085,168.0,0.03053326772951537,228.0,0.0022438530132057417,276.0,0.004090098994088021,300.0,0.01618519869550887,360.0,0.04592242349110219,396.0,0.029910872086217417,432.0,0.06866445817388632,480.0,0.10451902522407257,588.0,0.18566637164637875,648.0,0.235545803939123,720.0,0.26240498721978817,780.0,0.3089508837496013,900.0,0.38369525421539846,984.0,0.41203762148438494,1440.0,0.4859448793727669,,0.6167816714383912
mmnn,5,128,0.25,128,powerlaw,1.25,24,muon_p1_3,0.003,1500,12,6,0.1,powerlaw_mmnn_d5_muon_p1_3_s6,32,True,8.471588358050212,0.0014648335054516792,0.19873905181884766,15.282085418701172,24.0,0.040135979652404785,72.0,0.03041394164300543,144.0,0.03616126990708059,360.0,0.10149317979812622,36.0,0.058504862239006555,48.0,0.03979226629280816,96.0,0.026138234006841784,120.0,0.029846206089736236,132.0,0.027713883416561343,168.0,0.020815770290050183,192.0,0.020614916256550143,216.0,0.028568646979345195,252.0,0.049293957549601704,276.0,0.05045391173782428,300.0,0.0677835434011937,336.0,0.11247331973279437,384.0,0.13275437228458203,420.0,0.16179478629828722,456.0,0.18514461299715415,516.0,0.2348521047782713,564.0,0.2756794704696748,660.0,0.3464261955047425,576.0,0.33848835434969304,588.0,0.2760973565860154
mmnn,5,128,0.25,128,powerlaw,1.25,24,muon_p1_3,0.003,1500,12,7,0.1,powerlaw_mmnn_d5_muon_p1_3_s7,32,True,8.662864475976676,0.001334090018644929,0.18765698373317719,7.91072416305542,24.0,0.03295004367828369,60.0,0.032979133202230275,168.0,0.03648579178555662,444.0,0.134110689163208,24.0,0.04897668461335031,36.0,0.03895841738409693,84.0,0.03578565064882645,108.0,0.028774934711526548,132.0,0.03410200463722489,204.0,0.03301107802526306,228.0,0.017408671967841894,252.0,0.007005781389846662,288.0,0.009051126675591693,288.0,0.005669743213723122,360.0,0.06531774875229845,396.0,0.07610877254020748,516.0,0.19003150068125702,540.0,0.19430462210241312,624.0,0.23255391453535243,816.0,0.30304117968077704,924.0,0.37067990408415585,1296.0,0.45421545396593876,1500.0,0.4999776402642233,,0.6007185323360668
mmnn,5,128,0.25,128,powerlaw,1.25,24,muon_p2_3,0.01,1500,12,0,0.1,powerlaw_mmnn_d5_muon_p2_3_s0,32,True,8.484885229030624,0.009794862940907478,0.22837181389331818,8.3628568649292,12.0,0.15389537811279297,48.0,0.26745978737325055,192.0,0.2270838993261801,420.0,0.16107726097106934,12.0,0.19141648584628815,24.0,0.2195911405726606,96.0,0.26573455379907396,132.0,0.23522767930936048,168.0,0.236521725024011,228.0,0.19137254673151757,252.0,0.19169181562625842,288.0,0.17948393775776936,288.0,0.1635585266369896,312.0,0.1558548340735718,336.0,0.15348155949522374,360.0,0.14492337507421738,444.0,0.17230196554215738,444.0,0.1924485213429772,492.0,0.22050903781390283,564.0,0.25836148502363965,696.0,0.2659587365551636,744.0,0.2505433660388314,768.0,0.21290709219663193,816.0,0.2837779679595059
mmnn,5,128,0.25,128,powerlaw,1.25,24,muon_p2_3,0.01,1500,12,1,0.1,powerlaw_mmnn_d5_muon_p2_3_s1,32,True,8.582387330941856,0.005355400498956442,0.22650928795337677,9.546924591064453,12.0,0.12230861186981201,36.0,0.1205503377516195,168.0,0.11058607138179989,552.0,0.10444885492324829,12.0,0.14086817287106052,12.0,0.12845331817634806,72.0,0.1161586101337725,96.0,0.11790377747449188,132.0,0.11276284328417352,216.0,0.11021438790403158,252.0,0.07358620081653977,300.0,0.05348789214630711,336.0,0.061107183955920394,408.0,0.0062608489581434746,444.0,0.015657406017452462,504.0,0.01785084940119504,612.0,0.16280727944035386,732.0,0.2267338659659853,768.0,0.29204400221546595,900.0,0.3826311817769388,1092.0,0.41702358047596677,1404.0,0.44686889618247344,,0.5194298447243383,,0.6768611204043611
mmnn,5,128,0.25,128,powerlaw,1.25,24,muon_p2_3,0.01,1500,12,2,0.1,powerlaw_mmnn_d5_muon_p2_3_s2,32,True,8.513404135941528,0.009175078943371773,0.2319081425666809,9.45565128326416,12.0,0.15068960189819336,48.0,0.24497840549644861,156.0,0.19998725463191863,444.0,0.16157245635986328,12.0,0.18581210847194873,24.0,0.2066360934874288,84.0,0.23126764043024375,108.0,0.2267651650147577,132.0,0.21538441562947258,180.0,0.17314337125114343,240.0,0.14943384483169364,264.0,0.13198942547651307,276.0,0.13056621628170578,324.0,0.1419276176448302,360.0,0.1501841821079747,396.0,0.15483453061354754,504.0,0.19597679485328612,564.0,0.20765677990396747,648.0,0.24531461525982876,660.0,0.2925559946732974,744.0,0.33686943478043346,840.0,0.343545480448299,900.0,0.30578170984717545,936.0,0.3363531256739506
mmnn,5,128,0.25,128,powerlaw,1.25,24,muon_p2_3,0.01,1500,12,3,0.1,powerlaw_mmnn_d5_muon_p2_3_s3,32,True,8.832589355995879,0.005419266875833273,0.24244540929794312,10.172426223754883,12.0,0.1225278377532959,72.0,0.1019553167760071,228.0,0.07290776092816695,528.0,0.15378201007843018,12.0,0.14446615677718283,36.0,0.1230545582275324,108.0,0.10566592373793117,144.0,0.13158314210775862,180.0,0.1037312276584631,252.0,0.0755215275566596,288.0,0.06249349507602882,336.0,0.04203236665174629,384.0,0.024181389464867784,408.0,0.01119957607547038,468.0,0.0563985371205385,516.0,0.12104031205443783,576.0,0.15422754084431436,720.0,0.21092962758753284,864.0,0.3115066125570496,948.0,0.4249823671604344,1188.0,0.5117542216477521,,0.5569389333553895,,0.5879462846940917,,0.7174468066603844
mmnn,5,128,0.25,128,powerlaw,1.25,24,muon_p2_3,0.01,1500,12,4,0.1,powerlaw_mmnn_d5_muon_p2_3_s4,32,True,8.56679631699808,0.005230562761425972,0.22809071838855743,10.605317115783691,12.0,0.11655616760253906,60.0,0.1256443744500402,168.0,0.09297143042010723,432.0,0.06682974100112915,12.0,0.14502534698670608,36.0,0.14326654967184307,84.0,0.1052890163798457,108.0,0.12335417009133916,132.0,0.08620566528887792,180.0,0.08002567146017552,204.0,0.07604763980615693,252.0,0.04356305865197389,276.0,0.04056355713794071,300.0,0.0364829564270033,348.0,0.028020578770396678,384.0,0.01973584504173893,504.0,0.09081537758063422,552.0,0.1570544332704493,636.0,0.20087752019827715,768.0,0.2528367014917784,984.0,0.34973858453770124,1176.0,0.4178245222675287,1272.0,0.458238402176321,,0.6221837756465517
mmnn,5,128,0.25,128,powerlaw,1.25,24,muon_p2_3,0.01,1500,12,5,0.1,powerlaw_mmnn_d5_muon_p2_3_s5,32,True,8.565750958048739,0.00959751196205616,0.23690764605998993,10.283166885375977,12.0,0.1578296422958374,60.0,0.24948070044177634,180.0,0.20639095650942177,396.0,0.12047398090362549,12.0,0.1799138532159154,24.0,0.19914240476199674,96.0,0.2413754534981199,120.0,0.23762411133822048,156.0,0.20587205378202617,204.0,0.19646425836170084,240.0,0.17639785035074557,264.0,0.1509481104657296,300.0,0.14112328966107138,324.0,0.14194371028721875,384.0,0.1210862516450215,396.0,0.1269608765078304,432.0,0.13731393570157066,504.0,0.19828256294197955,588.0,0.23945044434485988,636.0,0.284299504301651,720.0,0.3379536286190508,660.0,0.3022794003391592,840.0,0.2635519870197779,864.0,0.3030791835553421
mmnn,5,128,0.25,128,powerlaw,1.25,24,muon_p2_3,0.01,1500,12,6,0.1,powerlaw_mmnn_d5_muon_p2_3_s6,32,True,8.555456636939198,0.009447872638702393,0.23894667625427246,10.731884956359863,12.0,0.15462243556976318,60.0,0.24991759467344027,192.0,0.20151846132830978,468.0,0.16564619541168213,12.0,0.17443387422130896,24.0,0.21146370176910811,108.0,0.2591535485567593,132.0,0.24700904067044122,168.0,0.22969830141379166,204.0,0.19581873524946183,240.0,0.17650788507358317,240.0,0.13720233062984047,276.0,0.11865776695401217,312.0,0.11745705367085352,360.0,0.12086935210753992,432.0,0.1320332424094748,528.0,0.14596452968421256,504.0,0.16574579409859408,552.0,0.23099251973436558,600.0,0.2494939746592212,636.0,0.2648781432984941,684.0,0.24509566003520453,768.0,0.21859269972970297,828.0,0.25112827031310797
mmnn,5,128,0.25,128,powerlaw,1.25,24,muon_p2_3,0.01,1500,12,7,0.1,powerlaw_mmnn_d5_muon_p2_3_s7,32,True,8.978466875036247,0.008055202662944794,0.22700703144073486,6.343211650848389,12.0,0.06169843673706055,36.0,0.22851095743366615,168.0,0.22199342647166043,456.0,0.14378279447555542,12.0,0.16584662925954952,12.0,0.2152926771296942,72.0,0.2438051857236023,108.0,0.21929321140754837,144.0,0.21893253822063335,192.0,0.1813276821384596,240.0,0.17377848072943375,252.0,0.1547735344787795,288.0,0.15118963435288377,300.0,0.09957187483613861,360.0,0.10755726909899024,396.0,0.09496928606492135,468.0,0.15663893868382056,444.0,0.1496256104519041,516.0,0.18587314568396704,600.0,0.22611647263302512,708.0,0.28443541589109433,780.0,0.30622997229436655,816.0,0.2656650680809204,828.0,0.26565132933777214
mmnn,5,128,0.25,128,powerlaw,1.25,24,mup_gd,0.3,1500,12,0,0.1,powerlaw_mmnn_d5_mup_gd_s0,32,True,2.554250854998827,0.0004978392389602959,0.23198895156383514,6.04266357421875,24.0,0.013355135917663574,48.0,0.03469302687861948,168.0,0.0427465112495372,456.0,0.09093248844146729,48.0,0.024749308736769005,48.0,0.026067623517649408,156.0,0.032917218668404996,156.0,0.036337534001613846,156.0,0.029309244885763235,192.0,0.02768383190946335,240.0,0.026887889149348837,252.0,0.043136527301534694,264.0,0.040048655700918305,300.0,0.033671308801615896,336.0,0.05943028823700195,420.0,0.08770395355888361,516.0,0.1102269244379901,540.0,0.1258759873737225,504.0,0.12611780117366506,528.0,0.13414307424446315,540.0,0.1243495232361544,528.0,0.13147375120718033,516.0,0.14090565870482544,528.0,0.24297821403576533
mmnn,5,128,0.25,128,powerlaw,1.25,24,mup_gd,0.3,1500,12,1,0.1,powerlaw_mmnn_d5_mup_gd_s1,32,True,2.5636114069493487,0.000753692293073982,0.19957244396209717,7.2428131103515625,24.0,0.015883922576904297,60.0,0.03956435962950861,156.0,0.05951269830103314,372.0,0.06400734186172485,48.0,0.031017498547689103,48.0,0.032480077659373996,120.0,0.046311523519457075,144.0,0.05298046478805273,144.0,0.06224218497511428,180.0,0.05784525473486382,228.0,0.0545863648502795,252.0,0.062468500837635235,300.0,0.05634720480312129,324.0,0.032795409265896566,336.0,0.058670131020758375,348.0,0.07430383505416542,396.0,0.07023825318396072,420.0,0.07888059622873866,456.0,0.07412628025358144,480.0,0.07711653735328626,492.0,0.07000970794838067,516.0,0.06561458524139943,528.0,0.08536586128060279,564.0,0.20455977120929753
mmnn,5,128,0.25,128,powerlaw,1.25,24,mup_gd,0.3,1500,12,2,0.1,powerlaw_mmnn_d5_mup_gd_s2,32,True,2.5880264110164717,0.00044260016875341535,0.2642933428287506,6.706729888916016,36.0,0.011052966117858887,84.0,0.02854831931197701,228.0,0.02175984367950417,528.0,0.039443790912628174,36.0,0.022198568892179818,48.0,0.023305166986317908,120.0,0.0346441215944535,144.0,0.038720071659509345,180.0,0.02234862056645047,252.0,0.04095398556806882,276.0,0.026597333154590966,312.0,0.0030731586317387575,372.0,0.02207420147894511,408.0,0.012587865344840955,444.0,0.028799533786841705,480.0,0.028394772277068568,564.0,0.08241740684115093,624.0,0.13692640620470725,684.0,0.1729331934079483,684.0,0.1718604024883435,684.0,0.17160305831273642,732.0,0.20862938130178402,804.0,0.2973459915320029,1056.0,0.500869248722191
mmnn,5,128,0.25,128,powerlaw,1.25,24,mup_gd,0.3,1500,12,3,0.1,powerlaw_mmnn_d5_mup_gd_s3,32,True,2.552368698990904,3.563025165931322e-05,0.22365060448646545,7.691586494445801,12.0,0.0013791322708129883,132.0,0.005422714937379751,204.0,0.009977084064138313,420.0,0.0028611421585083008,24.0,0.0023160633759921525,24.0,0.0022090981342390422,180.0,0.002400535062589376,228.0,0.00579806805120692,216.0,0.0038018700480435875,204.0,0.008110587264470524,252.0,0.006242698803772057,300.0,0.013111053331295745,336.0,0.009310469049125648,348.0,0.0035787112407339536,348.0,0.012411277451152565,360.0,0.023073823468215456,456.0,0.04333866792033111,504.0,0.03603959186000911,516.0,0.012149427361424823,504.0,0.029804319692909902,492.0,0.006144274937573619,504.0,0.03641348239379461,552.0,0.11617211196460138,588.0,0.3123163988338599
mmnn,5,128,0.25,128,powerlaw,1.25,24,mup_gd,0.3,1500,12,4,0.1,powerlaw_mmnn_d5_mup_gd_s4,32,True,2.5096645170124248,3.853615635307506e-05,0.17602472007274628,7.084474563598633,24.0,0.0005980730056762695,48.0,0.0020541702169950575,156.0,0.002307353711485123,372.0,0.04918009042739868,24.0,0.0009359856247667417,24.0,0.0009330083464158021,120.0,0.00016984067193397194,120.0,0.0022174415653511627,132.0,0.00027586233000578776,192.0,0.002212145958574354,228.0,0.00431321502875989,264.0,0.00840793107756148,288.0,0.0001774514589177146,300.0,0.010226385021767738,312.0,0.015729772959236568,348.0,0.049103991344818625,408.0,0.06015460579243141,420.0,0.06051972183380083,444.0,0.08267316565057904,444.0,0.10335470956740668,468.0,0.10415210066701495,492.0,0.0895586127463931,492.0,0.131822684418387,492.0,0.32838943244358987
mmnn,5,128,0.25,128,powerlaw,1.25,24,mup_gd,0.3,1500,12,5,0.1,powerlaw_mmnn_d5_mup_gd_s5,32,True,2.5660956000210717,7.434701547026634e-05,0.20832988619804382,7.303654193878174,60.0,0.0032471418380737305,108.0,0.011138214835399883,264.0,0.014234225903735251,576.0,0.05362987518310547,60.0,0.007122052326687144,84.0,0.008057158933330335,156.0,0.010188482651530462,180.0,0.015266214061629826,216.0,0.02003489682344226,300.0,0.018650337424504112,336.0,0.019422883736582065,360.0,0.012802276394560134,396.0,0.00356096668578068,456.0,0.00984858863122375,492.0,0.019624178933841874,540.0,0.04760081151805272,588.0,0.05018071352334336,612.0,0.05898516012767942,648.0,0.08152302976792897,708.0,0.09229450716342834,744.0,0.07321573310230264,828.0,0.0923787573064943,888.0,0.18232591283819746,1020.0,0.3976571188764205
mmnn,5,128,0.25,128,powerlaw,1.25,24,mup_gd,0.3,1500,12,6,0.1,powerlaw_mmnn_d5_mup_gd_s6,32,True,2.5580397130688652,0.0002747959515545517,0.19668757915496826,6.772994518280029,24.0,0.010076045989990234,84.0,0.02412554755148302,168.0,0.031030750108193766,432.0,0.04882216453552246,48.0,0.018564476472610135,48.0,0.01762854582031638,120.0,0.02457445284276031,132.0,0.024904317151090368,144.0,0.024539787663521995,216.0,0.025134433731125345,228.0,0.028312643384188332,240.0,0.024417173853673063,264.0,0.028556718378970912,312.0,0.02774986010832721,360.0,0.0281625553311865,408.0,0.0399705435920777,408.0,0.06271883780067976,408.0,0.0987867364864267,444.0,0.1196202649248868,492.0,0.1059022280700204,492.0,0.09623266253998736,480.0,0.08709257262644685,492.0,0.11813423856020298,516.0,0.2668010216257499
mmnn,5,128,0.25,128,powerlaw,1.25,24,mup_gd,0.3,1500,12,7,0.1,powerlaw_mmnn_d5_mup_gd_s7,32,True,2.5647132369922474,3.551019835867919e-05,0.21058596670627594,6.355238914489746,24.0,0.0006711483001708984,60.0,0.0004589620660125318,192.0,0.0011003317912726181,468.0,0.026312589645385742,24.0,0.000951750927397364,60.0,0.0030019842478105512,96.0,0.007209766977343922,120.0,0.001106932715020306,156.0,0.008806117417431453,228.0,0.001003212875577598,276.0,0.017346268169579987,312.0,0.021261120241754205,336.0,0.0038139416572744405,372.0,0.014922001049614421,408.0,0.0019557109094823864,444.0,0.008201151779628019,504.0,0.044789210136075015,504.0,0.03622377241309969,576.0,0.03874175798340344,600.0,0.02931887605433159,660.0,0.032253168298760695,708.0,0.07139119125886449,780.0,0.16680499798004736,1044.0,0.35923090886163944
fc,5,128,0.25,128,powerlaw,1.25,24,muon_p1_3,0.01,2500,25,20,0.1,width_fc_muon_p1_3_m128_s20,128,True,17.408536351053044,0.0019899604376405478,0.8038153052330017,8.959864616394043,25.0,0.0276186466217041,50.0,0.06733589540915874,150.0,0.03720944357876433,375.0,0.02376312017440796,25.0,0.08388854054782925,25.0,0.09097804991039618,75.0,0.040512311797740425,100.0,0.029697839502274313,125.0,0.0344946098100137,175.0,0.04336534772285589,175.0,0.0277011251786248,225.0,0.02953309593193156,275.0,0.029350265183001725,275.0,0.03596955515583049,325.0,0.02053169348394548,375.0,0.002721786935935127,475.0,0.03864465930063324,525.0,0.08401099491231546,525.0,0.14569168638607427,575.0,0.23758121186821607,575.0,0.291859648398599,625.0,0.2670100212378564,625.0,0.3089667646331599,625.0,0.5264975565509873
fc,5,128,0.25,128,powerlaw,1.25,24,muon_p1_3,0.01,2500,25,21,0.1,width_fc_muon_p1_3_m128_s21,128,True,16.964015093049966,0.0022020270116627216,0.8022838234901428,7.5127668380737305,25.0,0.03041553497314453,50.0,0.07880970056667347,125.0,0.04533290860410948,375.0,0.028873324394226074,25.0,0.08842004391895615,25.0,0.09896217129932731,75.0,0.05054352900138844,100.0,0.03506273521560451,125.0,0.04603192530362885,175.0,0.05468964423466612,175.0,0.04676747292974723,225.0,0.060674256382761534,225.0,0.06007672027410517,325.0,0.044185446821899545,325.0,0.05081389542154812,325.0,0.025580369506073043,425.0,0.05173805319566309,475.0,0.13512872942274215,525.0,0.1916824919281839,575.0,0.2859939897354488,675.0,0.359384459841483,675.0,0.31796911134737305,625.0,0.3440512468790801,575.0,0.5562414352625489
fc,5,256,0.25,128,powerlaw,1.25,24,muon_p1_3,0.01,2500,25,20,0.1,width_fc_muon_p1_3_m256_s20,256,True,31.250098176999018,0.0029468615539371967,0.9774105548858643,7.820227146148682,25.0,0.02558600902557373,50.0,0.09496349178283786,125.0,0.049594524989292954,375.0,0.01342397928237915,25.0,0.10840898516194887,25.0,0.1280123053109943,75.0,0.061656335514020714,100.0,0.053782918919737355,125.0,0.061113461089798815,175.0,0.042713785171639464,175.0,0.030053589382529822,225.0,0.046143540733972324,225.0,0.040749431652690425,275.0,0.059355475032819294,325.0,0.02851319292924438,325.0,0.012193942265414585,375.0,0.02738032455503897,425.0,0.060417652520914494,425.0,0.1236564542301446,525.0,0.20491070708707002,675.0,0.2752283091781648,775.0,0.2648080063583766,675.0,0.3239026253911775,625.0,0.5718295390643371
fc,5,256,0.25,128,powerlaw,1.25,24,muon_p1_3,0.01,2500,25,21,0.1,width_fc_muon_p1_3_m256_s21,256,True,29.290468893013895,0.0029375902377068996,0.9325866103172302,9.283919334411621,25.0,0.034064412117004395,50.0,0.10847007367257522,150.0,0.0627569518867617,400.0,0.06240600347518921,25.0,0.11130563047269008,25.0,0.1279517735394617,75.0,0.07856545703204973,100.0,0.062471320725776616,125.0,0.05094282486388301,150.0,0.05153648000767574,200.0,0.03646826335002853,200.0,0.03766876801233985,250.0,0.03590250582669819,300.0,0.01658671593624193,300.0,0.017384161570939086,350.0,0.049438740001829046,450.0,0.08582360916478786,550.0,0.09804676849753823,550.0,0.1278751461455878,600.0,0.21621867352886018,700.0,0.30467520809896875,700.0,0.2685490443328306,650.0,0.1721734979347913,600.0,0.19028808214526913
fc,5,64,0.25,128,powerlaw,1.25,24,muon_p1_3,0.01,2500,25,20,0.1,width_fc_muon_p1_3_m64_s20,64,True,11.857621831004508,0.001389042241498828,0.7324767112731934,9.723505020141602,25.0,0.025269627571105957,75.0,0.04549893884608837,150.0,0.030852855753457854,475.0,0.04186868667602539,25.0,0.05921066641724988,50.0,0.06019657563703891,75.0,0.03195875415373993,100.0,0.028887298072449975,125.0,0.03634565667048298,175.0,0.03576285548087283,175.0,0.039168386200847866,225.0,0.04732221312691244,275.0,0.03973269639295833,275.0,0.02316128314185347,375.0,0.005351348831385865,425.0,0.024576064289326512,525.0,0.06305067505136479,525.0,0.07395965371971144,525.0,0.13342233884286628,525.0,0.1882240157862654,575.0,0.2788715957025888,625.0,0.3232710044198785,625.0,0.37338341641790834,625.0,0.5264551091142179
fc,5,64,0.25,128,powerlaw,1.25,24,muon_p1_3,0.01,2500,25,21,0.1,width_fc_muon_p1_3_m64_s21,64,True,11.621460020076483,0.0016473035793751478,0.7455320954322815,8.370701789855957,25.0,0.033258914947509766,75.0,0.05719236331288706,175.0,0.05246132856982243,500.0,0.053734779357910156,25.0,0.0774485026809042,50.0,0.08139644102761366,100.0,0.051520822172132864,125.0,0.04568510216650388,150.0,0.048115524691301884,200.0,0.029552805986856355,250.0,0.03546827891822018,300.0,0.01433666664706474,300.0,0.011092251830399203,350.0,0.0005825371018565583,350.0,0.014727394445554255,450.0,0.029548247527851186,550.0,0.062119974760013144,600.0,0.07731813465630731,600.0,0.11067379486558855,650.0,0.20925819784275973,700.0,0.30832469097372156,800.0,0.2628020357666918,800.0,0.18450804454361477,750.0,0.22573698540920945
fc,5,128,0.25,128,powerlaw,1.25,24,mup_gd,0.3,2500,25,20,0.1,width_fc_mup_gd_m128_s20,128,True,3.468623665976338,0.00022956820612307638,0.14959599077701569,6.341816425323486,25.0,0.007483124732971191,100.0,0.015372911521225658,250.0,0.014132844195875694,600.0,0.09659779071807861,25.0,0.013621076244145247,50.0,0.013127578871140298,150.0,0.01408455175107272,150.0,0.01718776683791074,200.0,0.01800250434021204,300.0,0.01091120651015967,350.0,0.022223105860165876,400.0,0.031178607065345865,450.0,0.03225174398328371,500.0,0.05528096879073546,550.0,0.0503351357711174,550.0,0.06502148793165048,700.0,0.1252653051249638,700.0,0.14613888681298756,750.0,0.18090257256963865,800.0,0.17159648848940248,800.0,0.16460804866719908,850.0,0.16692093688639048,850.0,0.1916242012939438,850.0,0.297982176483029
fc,5,128,0.25,128,powerlaw,1.25,24,mup_gd,0.3,2500,25,21,0.1,width_fc_mup_gd_m128_s21,128,True,3.45634849590715,0.00017132103675976396,0.14957894384860992,5.2864813804626465,25.0,0.005669534206390381,100.0,0.014320420420211612,250.0,0.004509347942720569,700.0,0.10953086614608765,25.0,0.0104442747724236,50.0,0.009383676163075765,150.0,0.009275779835706197,200.0,0.014281991554055374,200.0,0.007857376290554788,300.0,0.009226319178520324,350.0,0.014346845572956735,400.0,0.030166130912691786,450.0,0.02481776182399211,500.0,0.050821835521804644,600.0,0.08113043121924624,700.0,0.1005213960586183,700.0,0.11984981892535182,750.0,0.12524029858812114,750.0,0.16346079072545186,800.0,0.18048463929194708,850.0,0.19397188299981113,850.0,0.18380772502268203,900.0,0.2041035103268379,900.0,0.325917289768335
fc,5,256,0.25,128,powerlaw,1.25,24,mup_gd,0.3,2500,25,20,0.1,width_fc_mup_gd_m256_s20,256,True,3.50552815804258,0.0001434034638805315,0.10396189987659454,5.188276767730713,25.0,0.005217313766479492,75.0,0.013787650026491703,225.0,0.02430370177013059,625.0,0.10519450902938843,25.0,0.009461450688343202,50.0,0.011433472476142697,125.0,0.01932851393814459,175.0,0.02385571434631729,175.0,0.025365606384311585,275.0,0.024252033219106527,325.0,0.018402230530827096,375.0,0.00401947301477438,475.0,0.02084226039639315,525.0,0.03789539753371746,525.0,0.06415577253243203,575.0,0.07403880737236676,675.0,0.1404503474606127,725.0,0.15932737460673363,775.0,0.1743104600694283,775.0,0.199431301006967,825.0,0.21433509980747872,825.0,0.21603389151618196,825.0,0.25654212698135553,875.0,0.4112038373828507
fc,5,256,0.25,128,powerlaw,1.25,24,mup_gd,0.3,2500,25,21,0.1,width_fc_mup_gd_m256_s21,256,True,3.5006436250405386,0.0003071362734772265,0.10737999528646469,5.790227890014648,25.0,0.008709907531738281,75.0,0.024255157028960323,225.0,0.030546714656843867,625.0,0.09678065776824951,25.0,0.01734908766835662,75.0,0.020652265155403866,125.0,0.030208246199191043,175.0,0.029992670886415856,225.0,0.0377630393902227,275.0,0.03555728226952647,325.0,0.023007392356702502,375.0,0.013772737063028746,425.0,0.0007948536347999024,475.0,0.03168133862282679,525.0,0.046300199072925194,575.0,0.06225266346180543,625.0,0.11550783684072478,675.0,0.15232236733161433,725.0,0.18962723176425003,775.0,0.2023722483187483,825.0,0.21514045788129876,825.0,0.22984715960950455,875.0,0.3109968160473144,925.0,0.48885687147912593
fc,5,64,0.25,128,powerlaw,1.25,24,mup_gd,0.3,2500,25,20,0.1,width_fc_mup_gd_m64_s20,64,True,3.2756827130215243,0.00019321692525409162,0.1998787522315979,6.5973615646362305,25.0,0.006260514259338379,100.0,0.012021899889821495,200.0,0.022428024905078,600.0,0.0747254490852356,50.0,0.011239857344573268,50.0,0.011642513936874082,100.0,0.017423462958422228,150.0,0.022622627284069968,200.0,0.012237706475721208,250.0,0.014773195450097042,300.0,0.012522958764308341,300.0,0.021977738423735967,350.0,0.028635178391239927,450.0,0.0267510127847594,500.0,0.029746426372331058,600.0,0.05082348214672892,700.0,0.09507422353560892,700.0,0.11638554398846818,750.0,0.14422826667055538,800.0,0.15197657034603926,850.0,0.17012799199661938,850.0,0.15187265190354504,850.0,0.17557837019297115,850.0,0.30463192860248134
fc,5,64,0.25,128,powerlaw,1.25,24,mup_gd,0.3,2500,25,21,0.1,width_fc_mup_gd_m64_s21,64,True,3.1518815479939803,0.00021041110449004918,0.20595484972000122,5.9267802238464355,25.0,0.0071176886558532715,100.0,0.014923626116099526,250.0,0.006780846714584646,550.0,0.05611896514892578,25.0,0.012453716178149804,50.0,0.011429420473918997,100.0,0.011482186374140899,150.0,0.01800621428254476,250.0,0.013353848709598125,250.0,0.014413964973998574,300.0,0.0030730893222018474,350.0,0.03404670491297626,400.0,0.04000755363722701,400.0,0.05913759352863918,450.0,0.07544524213308952,500.0,0.064805396896491,600.0,0.08110040966893982,650.0,0.09708263475111993,700.0,0.10647416597582464,750.0,0.15035078133226434,800.0,0.1907941600946884,900.0,0.20423387134890325,900.0,0.1972379436184354,900.0,0.3072154834311217
mmnn,5,128,0.25,128,powerlaw,1.25,24,muon_p1_3,0.003,2500,25,20,0.1,width_mmnn_muon_p1_3_m128_s20,32,True,14.430479560047388,0.0008796646143309772,0.227339968085289,8.555500030517578,25.0,0.025501728057861328,75.0,0.02863708057494095,175.0,0.02179593103863352,375.0,0.0561445951461792,50.0,0.04456128639664084,50.0,0.03837043945235394,100.0,0.027369575617855062,125.0,0.02556901072383463,150.0,0.024586588816956433,200.0,0.017957311801846638,225.0,0.026392765289375716,250.0,0.024023246530693012,275.0,0.0008469824437838505,325.0,0.01351470958846459,325.0,0.0067093751711538065,325.0,0.022412954537882706,425.0,0.07059857404287158,475.0,0.081970782658864,525.0,0.1827972008815308,575.0,0.20581573515269228,575.0,0.2525324176750846,675.0,0.32190668172351206,625.0,0.32699433046105675,525.0,0.43303750267657803
mmnn,5,128,0.25,128,powerlaw,1.25,24,muon_p1_3,0.003,2500,25,21,0.1,width_mmnn_muon_p1_3_m128_s21,32,True,13.851178121985868,0.0010033745784312487,0.2300814986228943,14.197787284851074,25.0,0.027754783630371094,75.0,0.030417953511920268,175.0,0.01710557677846052,425.0,0.019248247146606445,50.0,0.04942260495916227,50.0,0.04095321223637608,100.0,0.02497265427530385,125.0,0.027066885688971386,125.0,0.021162745953136993,175.0,0.023328812056964035,200.0,0.008254988706233255,225.0,0.028587635595971175,225.0,0.023404111167288633,275.0,0.028485832739461935,325.0,0.024992560343648027,375.0,0.01580139789766485,475.0,0.03828369547088207,525.0,0.10762146395432252,525.0,0.13613165289561027,575.0,0.19483982766777866,575.0,0.2531255926173742,675.0,0.2951243163225195,725.0,0.3423542522409792,775.0,0.4829151703096085
mmnn,5,256,0.25,128,powerlaw,1.25,24,muon_p1_3,0.003,2500,25,20,0.1,width_mmnn_muon_p1_3_m256_s20,64,True,19.655965336947702,0.0016767323249951005,0.20271946489810944,9.221729278564453,25.0,0.038383662700653076,75.0,0.06396713203622519,150.0,0.041199466212194814,400.0,0.06564092636108398,25.0,0.08008199157105714,50.0,0.08107027035985469,100.0,0.05184180062281103,125.0,0.04655413411297329,150.0,0.04868169731947659,200.0,0.028980046499989365,200.0,0.03096010133932506,250.0,0.021528404089311982,300.0,0.03988291620522384,300.0,0.03855850635808199,350.0,0.05357420249201092,350.0,0.05025834635554082,450.0,0.06259442294307939,450.0,0.07563115957160663,550.0,0.12178000229157455,600.0,0.16358618654960408,650.0,0.2509587121604897,700.0,0.2788865421638854,700.0,0.22506919983238874,700.0,0.22355950116448928
mmnn,5,256,0.25,128,powerlaw,1.25,24,muon_p1_3,0.003,2500,25,21,0.1,width_mmnn_muon_p1_3_m256_s21,64,True,19.838390644988976,0.0017843274399638176,0.20516599714756012,11.308615684509277,25.0,0.03944915533065796,75.0,0.06656531665952777,175.0,0.049170161417225716,400.0,0.05799829959869385,25.0,0.08088863177696085,50.0,0.08281878988470977,100.0,0.05416931218585079,125.0,0.04801912565368039,150.0,0.047289934038410635,200.0,0.04204968280474164,200.0,0.04350796826096236,250.0,0.03547799260603682,250.0,0.0359191463383141,300.0,0.042655509194292306,300.0,0.04960514272310963,350.0,0.0468735799579969,400.0,0.06659202984563531,450.0,0.07945516773294325,450.0,0.1322988025309315,500.0,0.18775905446634003,500.0,0.24295018056386922,600.0,0.28008694734121264,600.0,0.210194602757403,600.0,0.20990963241835717
mmnn,5,64,0.25,128,powerlaw,1.25,24,muon_p1_3,0.003,2500,25,20,0.1,width_mmnn_muon_p1_3_m64_s20,16,True,10.740698882960714,0.0008867693250067532,0.2991490364074707,10.353433609008789,25.0,0.026110172271728516,100.0,0.01905199422143862,225.0,0.01736637181652969,650.0,0.07624244689941406,50.0,0.040843765548042275,75.0,0.028422947564017118,125.0,0.02674609878535621,150.0,0.023241605275408417,200.0,0.022860357109135636,250.0,0.028005257820424394,250.0,0.014841306241987377,300.0,0.017200286823201124,350.0,0.02115426998919146,450.0,0.03284902075453955,500.0,0.027372738364236135,650.0,0.06461536874954159,750.0,0.10297472773594281,800.0,0.11772252768094425,850.0,0.14597674511890635,900.0,0.17179674800740488,1000.0,0.24194737662416568,1000.0,0.2643919114541995,1000.0,0.26538811495334,900.0,0.2566300122108415
mmnn,5,64,0.25,128,powerlaw,1.25,24,muon_p1_3,0.003,2500,25,21,0.1,width_mmnn_muon_p1_3_m64_s21,16,True,10.463515300070867,0.0007893324946053326,0.2843920588493347,18.248443603515625,50.0,0.026232361793518066,100.0,0.01503393233695884,200.0,0.01681707839075422,425.0,0.10327726602554321,50.0,0.03290370512917623,75.0,0.02092936902357572,125.0,0.015134068706929191,125.0,0.010787911442709129,150.0,0.008398412045689228,225.0,0.011301037047343124,250.0,5.166828367123053e-06,250.0,0.005339192059775835,300.0,0.020321745193047486,325.0,0.0014808155262243147,350.0,0.03877660986047694,375.0,0.03938836245206023,425.0,0.09999944446948299,525.0,0.1178232158123301,575.0,0.14699077986472991,625.0,0.20377934322474403,725.0,0.26351302033348184,625.0,0.32963024092596943,625.0,0.35913374643737145,975.0,0.454651262543219
mmnn,5,128,0.25,128,powerlaw,1.25,24,mup_gd,0.3,2500,25,20,0.1,width_mmnn_mup_gd_m128_s20,32,True,3.7889520110329613,0.00019251977209933102,0.24841389060020447,4.921085834503174,75.0,0.0076138973236083984,150.0,0.02298206932284026,275.0,0.03097124233993497,525.0,0.007477283477783203,75.0,0.015234811388769996,100.0,0.01761471256225892,200.0,0.02256403465530689,225.0,0.0259870500024881,225.0,0.02948168308779323,375.0,0.03691882732976002,375.0,0.033225186246210285,375.0,0.02319995199866089,425.0,0.01824313969217225,475.0,0.019630557401806893,525.0,0.01777175600024338,525.0,0.01896473545469653,525.0,0.028455693285460815,575.0,0.04256698657225834,675.0,0.056827544989685695,725.0,0.08337295351445059,725.0,0.1020239055324537,725.0,0.13050551074550354,725.0,0.19935599707651622,725.0,0.43357799014360143
mmnn,5,128,0.25,128,powerlaw,1.25,24,mup_gd,0.3,2500,25,21,0.1,width_mmnn_mup_gd_m128_s21,32,True,3.8441691719926894,2.9551785701187328e-05,0.19340461492538452,6.323147296905518,75.0,0.0008848905563354492,75.0,0.0028561062219181407,175.0,0.012535313230056858,375.0,0.00552058219909668,75.0,0.0019372979768600303,75.0,0.0011168542809395386,75.0,0.0005232544136852103,125.0,0.00048301583851945255,175.0,0.008407234633841784,175.0,0.008529631415056776,225.0,0.007155304668799671,225.0,0.006914105239301238,225.0,0.011705748298745874,275.0,0.0005510286279924889,275.0,0.009615324555877942,325.0,0.009019929097677393,375.0,0.0056021506404465,375.0,0.003361666267273358,375.0,0.026924455366962315,375.0,0.04929692943327267,425.0,0.04818231030490343,425.0,0.060220926757585655,425.0,0.12514362950457456,475.0,0.32409739302124824
mmnn,5,256,0.25,128,powerlaw,1.25,24,mup_gd,0.3,2500,25,20,0.1,width_mmnn_mup_gd_m256_s20,64,True,4.09648659999948,3.0436129236477427e-05,0.14786297082901,6.25550651550293,50.0,0.001017451286315918,100.0,0.0019981992021725903,200.0,0.001462909507858336,450.0,0.01669180393218994,75.0,0.0018967238805504714,75.0,0.0017689089321877062,150.0,0.0017396380929875451,150.0,0.0035183371967057323,200.0,0.003443452404345938,200.0,0.0006979889211040199,300.0,0.0025780317082990676,300.0,0.008254529341668046,350.0,6.633203625536583e-05,350.0,0.004570845633476824,350.0,0.0036485696050184025,400.0,0.014564176236914354,450.0,0.016923303996540472,450.0,0.01380830160531813,450.0,0.0488627468651741,500.0,0.07823332686044686,500.0,0.08316489463434143,500.0,0.07235020193062247,550.0,0.09896217706721366,550.0,0.2864940102423054
mmnn,5,256,0.25,128,powerlaw,1.25,24,mup_gd,0.3,2500,25,21,0.1,width_mmnn_mup_gd_m256_s21,64,True,4.171140525024384,3.562045094440691e-05,0.15646545588970184,5.928831100463867,50.0,0.0019538402557373047,125.0,0.005132710391082592,225.0,0.009084559755977027,375.0,0.007527947425842285,75.0,0.0040419342680456955,75.0,0.00489511551533366,125.0,0.007402287200451131,175.0,0.006515515032504273,225.0,0.010856181506803618,275.0,0.004467876416635935,275.0,0.01569799969340751,275.0,0.009929924759010427,325.0,0.000586181619136392,375.0,0.003248155492312482,375.0,0.01672878884910566,375.0,0.005401425741905197,425.0,0.019752632882249464,475.0,0.023835817417038663,475.0,0.04784752991620763,525.0,0.06045907354311062,475.0,0.04596987829965567,525.0,0.04121545809502367,525.0,0.10264334572130279,575.0,0.3339279324363347
mmnn,5,64,0.25,128,powerlaw,1.25,24,mup_gd,0.3,2500,25,20,0.1,width_mmnn_mup_gd_m64_s20,16,True,3.742948288912885,2.548610427766107e-05,0.23982682824134827,6.899713039398193,50.0,0.0008547306060791016,75.0,0.0018356467257723743,175.0,0.011505821068227905,375.0,0.002714395523071289,50.0,0.0016310865805942995,50.0,0.0014411422897215441,100.0,0.0029111513707782716,125.0,0.0026504532968300433,175.0,0.003337639749256808,225.0,0.005778844809936147,225.0,0.006186455159812869,225.0,7.053989634800484e-05,275.0,0.015102825542575806,275.0,0.0040062568857476685,325.0,0.005081720688489713,325.0,0.01928408831276429,425.0,0.033497356238515394,425.0,0.056564639548067536,475.0,0.0452364864997173,475.0,0.020301840683945933,475.0,0.022784642589525717,475.0,0.03427598729576656,525.0,0.08508543685704664,525.0,0.30342776705123653
mmnn,5,64,0.25,128,powerlaw,1.25,24,mup_gd,0.3,2500,25,21,0.1,width_mmnn_mup_gd_m64_s21,16,True,3.7526855579344556,3.738458326552063e-05,0.2576059401035309,8.326397895812988,25.0,0.0014693737030029297,75.0,0.003265605002049987,225.0,0.01575470663505186,425.0,0.024955689907073975,25.0,0.0031886535300255877,25.0,0.004400211536764315,125.0,0.007230712464580123,125.0,0.0006197968912002106,175.0,0.011250652996317006,275.0,0.002589146322433271,275.0,0.006036871532981252,275.0,0.016888823283569106,275.0,0.007801884273653405,325.0,0.00577166573474921,375.0,0.003417445493218264,425.0,0.007321552534317039,425.0,0.006690744558394897,375.0,0.007128079160039479,425.0,0.04229324400007172,425.0,0.0740502505870825,475.0,0.07487417789436748,475.0,0.08370133481511831,475.0,0.1350766022110259,525.0,0.333700259820935
