method,network_width,parameter_count,dataset_size,depth,context_size,context_measurements,regime_class,n_tasks,average_precision_mean,average_precision_std,transformed_mean_relative_residual_mean,mean_relative_residual_mean,mean_relative_residual_std,covariance_relative_residual_mean,transformed_covariance_relative_residual_mean,relative_score_error_mean,numerical_coverage_95_mean,average_precision_ci95,mean_relative_residual_ci95
context-PCG,128,199684,32768,1,8,64,All,168,0.5014825587939173,0.24838265393797335,0.9268796266544432,2.2575046803270067,2.178701173462516,0.39821322244547663,0.4171690199346769,0.2513682697677896,0.1727329291849552,0.03755975006360218,0.3294572718389748
context-PCG,128,199684,32768,1,8,64,ID,48,0.7376902297238872,0.22575499544919572,0.9918331938485304,4.035683191070954,3.11826184718195,0.39556264504790306,0.4377436625460784,0.18552535376511511,0.1505102007310294,0.063866456622813,0.8821613652683769
context-PCG,128,199684,32768,1,8,64,OOD,120,0.4069994904219295,0.1869291289652183,0.9008981997768084,1.546233276029428,1.0175653063322476,0.39927345340450604,0.4089391628901164,0.27770543616885934,0.18162202056652552,0.03344586485908718,0.18206553419085664
context-PCG,128,199684,32768,1,12,144,All,168,0.6237507687982206,0.1828240046956759,1.056262279195445,3.5359057755697343,2.3057296210245593,0.45588090519110364,0.48210650717928294,0.19726393513736268,0.14603073078684417,0.027646149250467447,0.34866616853829585
context-PCG,128,199684,32768,1,12,144,ID,48,0.73446991782455,0.19231234618605703,1.0494787779947121,5.885488539934158,2.853108331260166,0.4690539203584194,0.503189147139589,0.15673414353902135,0.0889402616982503,0.05440547657111418,0.8071490029093082
context-PCG,128,199684,32768,1,12,144,OOD,120,0.5794631091876887,0.1593019047253455,1.058975679675738,2.5960726698239642,1.062208216778027,0.4506116991241773,0.4736734511951605,0.2134758517766992,0.16886691842228171,0.028502727246059446,0.19005316435824318
context-PCG,128,199684,32768,1,16,256,All,168,0.6354054540733982,0.17000758738909447,1.1374931179341816,4.096985440169062,1.770465165297472,0.479547215004762,0.5123898525323186,0.18217417384896956,0.13577350233598343,0.02570808544804816,0.26772493187665697
context-PCG,128,199684,32768,1,16,256,ID,48,0.7291425923684995,0.1663472132966239,1.0553744273881118,5.773251275221507,2.2999222367525944,0.5026688904811939,0.5328228877236446,0.16422154366349176,0.08003826358374978,0.04705989810411746,0.6506517540271152
context-PCG,128,199684,32768,1,16,256,OOD,120,0.5979105987553576,0.1570663908619381,1.1703405941526095,3.426479106148084,0.8502746576597038,0.47029854481418926,0.5042166384557883,0.18935522592316067,0.15806759783687688,0.02810274306499555,0.15213343929123282
context-PCG,128,199684,32768,1,24,576,All,168,0.650107394167397,0.17920579389404154,1.0731648284764517,4.576093372844515,1.87445299599981,0.5373473703151658,0.5684833689814522,0.18274175863535627,0.11214619509493262,0.02709901324385747,0.28344968909666535
context-PCG,128,199684,32768,1,24,576,ID,48,0.7801230355486913,0.17354685333666034,0.9960932793716589,6.359811782836914,2.244310625576369,0.5802988391369581,0.5845739282667637,0.17188951093703506,0.06345663096969166,0.04909668802055734,0.6349191384726105
context-PCG,128,199684,32768,1,24,576,OOD,120,0.5981011376148793,0.153711351758977,1.1039934481183689,3.8626060088475547,1.0699256758015574,0.5201667827864488,0.5620471452673276,0.18708265771468477,0.13162202074502902,0.02750245040298101,0.19143399298022096
context-PCG,128,199684,32768,1,32,1024,All,168,0.6452040513634456,0.16629495652815068,1.0818648810187976,4.726116855939229,1.8815745925913752,0.6093939839019662,0.6132180829133306,0.18973967849853487,0.08965773610716925,0.025146671496612212,0.2845265975835993
context-PCG,128,199684,32768,1,32,1024,ID,48,0.7493425103860772,0.15466781502933194,1.0067428362866242,6.477324038743973,2.2333507310435774,0.6795595313111941,0.6386641909678777,0.18201775848865506,0.05099383363994998,0.04375577727465647,0.6318185664237999
context-PCG,128,199684,32768,1,32,1024,OOD,120,0.603548667754393,0.15243425457686138,1.111913698911667,4.0256339828173315,1.125415691549037,0.581327764938275,0.6030396396915118,0.19282844650248684,0.10512329709405696,0.027273948724289152,0.20136241653835002
context-PCG,128,199684,32768,1,48,2304,All,168,0.6136146187230151,0.17481841767803308,1.1508903624046416,5.164535501173565,2.194066273713529,0.7823746835901624,0.7002135767113595,0.20253215579404713,0.07195244017722346,0.02643556613313684,0.3317807405513848
context-PCG,128,199684,32768,1,48,2304,ID,48,0.7252624259269268,0.170759978403207,1.0539639306565125,7.2849141011635465,2.637607049613372,0.9195468711356322,0.7361943808694681,0.197092174552381,0.039275084156542975,0.048308276553974065,0.7461833386542601
context-PCG,128,199684,32768,1,48,2304,OOD,120,0.5689554958414506,0.15599051283737145,1.1896609351038934,4.316384061177572,1.2120424456313257,0.7275058085719744,0.6858212550481161,0.2047081482907136,0.08502338258549566,0.027910244061690327,0.2168619094544953
context-PCG,128,199684,32768,2,8,64,All,168,0.5736636683410702,0.25917217295636724,0.919375136139847,1.9614581329127152,1.536092912791811,0.2252883138135075,0.23447864236576213,0.1566698521575225,0.24316690454447992,0.0391913118140397,0.23228379665086787
context-PCG,128,199684,32768,2,8,64,ID,48,0.8034438564137191,0.18273901095100462,0.8287662925819556,3.1494870744645596,2.286501048532699,0.2108685431691507,0.24199927318841216,0.11136915224293864,0.22661564238175436,0.051697164410364156,0.6468548779776306
context-PCG,128,199684,32768,2,8,64,OOD,120,0.48175159311201055,0.22640487374515908,0.9556186735630036,1.4862465562919775,0.6704010523541842,0.23105622207125026,0.23147039003670214,0.17479013212335603,0.24978740940957017,0.04050897178324871,0.11994996779019892
context-PCG,128,199684,32768,2,12,144,All,168,0.7425413863281786,0.16018215302523947,1.00947216827245,3.110406451282047,1.6598422489136668,0.27997975849679535,0.290416018150392,0.11069102787102258,0.22374574378288037,0.024222309959616186,0.2509968350276714
context-PCG,128,199684,32768,2,12,144,ID,48,0.8328467150863835,0.13582812778866657,0.958151564002037,4.9384892880916595,1.956107176392366,0.2566838655620813,0.2885025631015499,0.08296103441777324,0.1484906424884684,0.038425999009731676,0.5533859123784068
context-PCG,128,199684,32768,2,12,144,OOD,120,0.7064192548248965,0.15529327373538263,1.030000409980615,2.379173316558202,0.6840576254037306,0.289298115670681,0.2911814001699289,0.1217830252523223,0.25384778430064514,0.027785492157539914,0.12239343874190045
context-PCG,128,199684,32768,2,16,256,All,168,0.7404903377508306,0.160433799055205,1.0243872407646406,3.6265877669765834,1.7699673783548662,0.31103943589897376,0.3295855630366575,0.10468299775606106,0.20850036073326395,0.02426036318853596,0.26764965788770173
context-PCG,128,199684,32768,2,16,256,ID,48,0.8282809188371146,0.1377098207295721,0.9461373475690683,5.312263955672582,2.3674039287706665,0.29158567730337376,0.33378892702360946,0.09693509798186517,0.11652316900532844,0.03895833301345405,0.6697424348225978
context-PCG,128,199684,32768,2,16,256,OOD,120,0.7053741053163171,0.15581671488806473,1.0556871980428695,2.952317291498184,0.7604160061058757,0.31882093933721384,0.32790421744187676,0.10778215766573941,0.24529123742443817,0.027879147662977742,0.13605568654651026
context-PCG,128,199684,32768,2,24,576,All,168,0.77020790997709,0.15036233141974456,0.9889579152777082,3.9847388977096196,2.247665734154691,0.3662577945561636,0.3847682328806037,0.11760365909763741,0.15421525372810369,0.022737383217253358,0.339885905327572
context-PCG,128,199684,32768,2,24,576,ID,48,0.8544240287457306,0.15278689980886126,0.9264255315065384,6.2034244785706205,3.048285465609205,0.35826055457194644,0.40114322304725647,0.10835507030909257,0.08737244656610221,0.04322366328931427,0.8623649327267862
context-PCG,128,199684,32768,2,24,576,OOD,120,0.7365214624696338,0.13602731337145932,1.0139708687861761,3.097264665365219,0.8000089942879557,0.3694566905498505,0.37821823681394257,0.12130309461305534,0.1809523765929043,0.024338374470321646,0.14313977097698807
context-PCG,128,199684,32768,2,32,1024,All,168,0.768828173256593,0.14395650182261346,1.030751959198997,4.307027685500326,2.65238752300497,0.40050240765724865,0.4112557236637388,0.13472049763160088,0.11989795690238848,0.021768711070452182,0.4010868345933756
context-PCG,128,199684,32768,2,32,1024,ID,48,0.8338402108973763,0.14254266530011975,0.9748635664582253,6.866522893309593,3.709593695770375,0.40058580227196217,0.43544222724934417,0.12705963508536414,0.06629995609061244,0.04032555262919512,1.0494501102302107
context-PCG,128,199684,32768,2,32,1024,OOD,120,0.7428233582002797,0.13664127480997418,1.053107316295306,3.28322960237662,0.8593156307211607,0.4004690498113632,0.40158112222949666,0.13778484265009555,0.14133715722709891,0.024448226109897192,0.15375107462116794
context-PCG,128,199684,32768,2,48,2304,All,168,0.7633651786633161,0.14242499312809873,1.1431639240611167,5.21577977566492,3.858795960911709,0.4647129046775046,0.4534008313147795,0.16028955410278975,0.08138210477911685,0.02153712048683368,0.5835166407170888
context-PCG,128,199684,32768,2,48,2304,ID,48,0.8320751555416055,0.13313389701631784,1.0736475388209026,8.923489833871523,5.541436533651693,0.45570161069432896,0.481389407068491,0.15278535289689896,0.04668898719925583,0.03766379672751116,1.5676814384565054
context-PCG,128,199684,32768,2,48,2304,OOD,120,0.7358811879120005,0.137114980283094,1.1709704781572023,3.7326957523822784,1.0026088157107789,0.46831742227077483,0.44220540101329486,0.16329123458514608,0.09525935181106125,0.024532982773156044,0.1793894784746556
context-PCG,128,199684,32768,4,8,64,All,168,0.5268927964094715,0.27556420069450055,0.821302572753103,1.4668227007523889,0.7695677934812312,0.090392088606244,0.09339200727464184,0.05586604250683667,0.466988573782146,0.041670069710851895,0.1163719507859475
context-PCG,128,199684,32768,4,8,64,ID,48,0.7816165542356649,0.218515605676027,0.5964022342426082,1.7057614522054791,0.9924674230775691,0.08669678595227497,0.09775357623584564,0.04552077507833014,0.4095450633515914,0.06181842144200227,0.2807706535991267
context-PCG,128,199684,32768,4,8,64,OOD,120,0.42500329327899417,0.22597735349787879,0.9112627081573009,1.3712472001711526,0.6401943490154524,0.09187020966783162,0.0916473796901603,0.060004149478239274,0.4899659779543678,0.04043247870539501,0.11454530280674549
context-PCG,128,199684,32768,4,12,144,All,168,0.7506079096965417,0.16127194923732058,0.7674895501917317,2.133958007608141,0.6684516790043126,0.1337136978593965,0.13817363933083554,0.052566685736001914,0.44311071614113945,0.024387105981790298,0.10108144669098736
context-PCG,128,199684,32768,4,12,144,ID,48,0.8569979253917072,0.14078252657412396,0.666899899020791,2.740297501285871,0.6137026690282263,0.12206728407181795,0.13537890526155627,0.04167993677159146,0.3390465503325686,0.039827606511235396,0.17361748657126078
context-PCG,128,199684,32768,4,12,144,OOD,120,0.7080519034184756,0.1492640370325198,0.807725410660108,1.8914222101370493,0.5202830854574344,0.13837226337442793,0.13929153295854724,0.05692138532176609,0.4847363824645678,0.02670672483495254,0.09309045551651879
context-PCG,128,199684,32768,4,16,256,All,168,0.7458811181529613,0.16801820754224406,0.7776264296401114,2.549037735377039,0.7078113927702451,0.1596775160481532,0.16891695696505757,0.049378895721886085,0.4236667812136667,0.025407256832826387,0.10703331566486715
context-PCG,128,199684,32768,4,16,256,ID,48,0.8530265602079775,0.14223900988991042,0.6821141590674719,3.0997515122095742,0.7440390300983564,0.14698970814545945,0.17049168453862265,0.04395830961099511,0.3132440422972043,0.04023964801811076,0.2104898558142883
context-PCG,128,199684,32768,4,16,256,OOD,120,0.7030229413309549,0.1585666610460789,0.8158313378691673,2.3287522246440253,0.5596125258455721,0.16475263920923072,0.16828706593563156,0.051547130166242475,0.4678358767802517,0.02837117546024962,0.10012738526356713
context-PCG,128,199684,32768,4,24,576,All,168,0.783198810559582,0.1543217403120582,0.8203436093670982,3.0469504715431306,1.0546779361796947,0.18554323419396362,0.20046238920518325,0.05348922930923951,0.36443147984876606,0.023336114272087972,0.15948553190995962
context-PCG,128,199684,32768,4,24,576,ID,48,0.8744743176114677,0.14978624942988011,0.7790804356336594,4.065897370378177,1.16679851221967,0.17531881186490253,0.21033045214911297,0.04481726500671352,0.24837903326260855,0.042374774400330405,0.3300892032088399
context-PCG,128,199684,32768,4,24,576,OOD,120,0.7466886077388277,0.14090917855240678,0.8368488788604737,2.6393717120091122,0.6610688925209254,0.18963300312558806,0.19651516402761138,0.0569580150302499,0.4108524584832291,0.025211850979874273,0.11828023253623188
context-PCG,128,199684,32768,4,32,1024,All,168,0.793550388538956,0.14574804716421477,0.8852762633136341,3.3192916817608333,1.2701146998832495,0.20435221639594858,0.2180733867876586,0.06679769317131663,0.27771197241686635,0.02203962368931388,0.19206329396752073
context-PCG,128,199684,32768,4,32,1024,ID,48,0.8749025168626748,0.1342726803983029,0.8232704910139242,4.415178865194321,1.6284126294645505,0.19407126943891242,0.22957963868975637,0.058604362575958135,0.16092686743165052,0.03798596040465865,0.46068059028684083
context-PCG,128,199684,32768,4,32,1024,OOD,120,0.7610095372094684,0.13766923134840262,0.910078572233518,2.8809368083874385,0.7337405958320801,0.20846459517876303,0.21347088602681952,0.07007502540946002,0.3244260144109527,0.024632150871413037,0.131282850060207
context-PCG,128,199684,32768,4,48,2304,All,168,0.8024706792419669,0.14023294058499688,0.9994903189085779,3.548360193059558,1.0480127570157403,0.23248288789320556,0.24031369813850945,0.09263907858569703,0.1570775598194727,0.021205644257154013,0.15847764162632583
context-PCG,128,199684,32768,4,48,2304,ID,48,0.8804558320856185,0.12102554629070428,0.9047613168756167,4.375663737456004,1.1035275111104568,0.20801089890301225,0.24738944290826714,0.08201677685913936,0.0749362228113265,0.034238324547582216,0.3121897337429122
context-PCG,128,199684,32768,4,48,2304,OOD,120,0.7712766181045064,0.13556587285615726,1.0373819197217624,3.2174387753009794,0.8209040431451594,0.2422716834892829,0.23748340023060638,0.0968879992763201,0.18993409462273117,0.024255812286456915,0.146878369579414
context-PCG,128,199684,32768,8,8,64,All,168,0.5112200638631837,0.27519332366804317,0.05581309326241385,0.2130491149499892,0.463637862325485,0.00737961348475629,0.007710909415398011,0.0024011202448751233,0.9308339380437419,0.04161398669459767,0.07011005781956378
context-PCG,128,199684,32768,8,8,64,ID,48,0.7633339977001596,0.2333219474876731,0.057261076471760895,0.3649798511028308,0.6252937934839754,0.008731122278383874,0.009287991215875462,0.003939263544468209,0.8000106234103441,0.06600715970302934,0.17689663459538196
context-PCG,128,199684,32768,8,8,64,OOD,120,0.4103744903283934,0.2210967767930593,0.05523389997867503,0.15227682048885258,0.36634141310425355,0.006839009967305257,0.00708007669520703,0.0017858629250378886,0.9831632638971011,0.03955923273347282,0.06554679553046931
context-PCG,128,199684,32768,8,12,144,All,168,0.7366204381128763,0.16616835896961615,0.38386101590558175,1.1038715885508628,0.6785797549533854,0.050374913960695225,0.049041146041071446,0.028877385792189368,0.6087827884725162,0.02512752775778089,0.10261298681764755
context-PCG,128,199684,32768,8,12,144,ID,48,0.8517055264437575,0.15475852897844483,0.3097584343825777,1.539658900971214,0.9240538368262665,0.05800529150292274,0.05576762265991415,0.024228618829511064,0.44265517840782803,0.04378144039889686,0.26141633840430223
context-PCG,128,199684,32768,8,12,144,OOD,120,0.6905864027805236,0.14768510984745165,0.4135020485147834,0.9295566635827224,0.4491301726338572,0.04732276294380422,0.04635055539353436,0.03073689257726069,0.6752338324983914,0.026424218916552018,0.08035958409053265
context-PCG,128,199684,32768,8,16,256,All,168,0.7458837414631645,0.1687769468951205,0.4193091130859795,1.4152422087887924,0.6865546205125982,0.0640391326465067,0.06463096142258669,0.03015981331866762,0.5336112016811967,0.025521991336245355,0.1038189243195057
context-PCG,128,199684,32768,8,16,256,ID,48,0.8618813244092057,0.13904111670809996,0.3641245597973466,1.8217829416195552,0.9062204704637391,0.07012005383148785,0.07025528039472793,0.02781743402980884,0.3753720141636829,0.03933495881832537,0.25637124995802063
context-PCG,128,199684,32768,8,16,256,OOD,120,0.699484708284748,0.157295285799125,0.44138293440143267,1.2526259156564872,0.4937600982172544,0.06160676417251423,0.062381233833730176,0.03109676503421113,0.5969068766882022,0.02814369756565824,0.08834489097125515
context-PCG,128,199684,32768,8,24,576,All,168,0.7844735617055532,0.15501203244823805,0.4689521786002886,1.6427956269610495,0.6135542445115136,0.07320099625559076,0.07917285127387866,0.031955052383377036,0.48357020373944015,0.02344049837337171,0.09278000580535525
context-PCG,128,199684,32768,8,24,576,ID,48,0.8802173819484717,0.15083511420399728,0.41531959424416226,1.9741753712296486,0.7202164061150162,0.06908045010641213,0.08164050236033892,0.027916659348799486,0.3583652137313038,0.042671499956573634,0.20375039661319186
context-PCG,128,199684,32768,8,24,576,OOD,120,0.7461760336083858,0.1398521361619818,0.4904052123427391,1.51024372925361,0.5112852524633729,0.07484921471526221,0.07818579083929454,0.033570409597208056,0.5336521997426947,0.02502272209912579,0.09148053892401162
context-PCG,128,199684,32768,8,32,1024,All,168,0.7971899675602883,0.15136107981282984,0.5628684851385298,1.9154419852864175,0.6751311307148645,0.08171745014953467,0.08934809382827505,0.03543992297324746,0.4389956789978203,0.022888411235619223,0.10209149523033857
context-PCG,128,199684,32768,8,32,1024,ID,48,0.8934689217368582,0.11903458480946345,0.49859903814891976,2.2953176697095237,0.8213137681385201,0.0782433770752201,0.09298877278342839,0.029084607687157843,0.3540072239314516,0.03367507829548334,0.23235100531072103
context-PCG,128,199684,32768,8,32,1024,OOD,120,0.7586783858896603,0.14601502003581412,0.5885762639343739,1.763491711517175,0.5401327484543743,0.0831070793792605,0.08789182224621371,0.037982049087683316,0.47299106102436783,0.0261254019346735,0.09664201085606998
context-PCG,128,199684,32768,8,48,2304,All,168,0.8089607572939512,0.13960097406398744,0.7277490544532027,2.3885115952718827,0.9643855944077645,0.10088090305881836,0.10505466234116323,0.041897312593868044,0.35819059017203037,0.02111007999692348,0.14583176931485528
context-PCG,128,199684,32768,8,48,2304,ID,48,0.8902292471742688,0.11091146661218196,0.6422734279185534,2.9752870897452035,1.281325565948568,0.10852393748549118,0.11363156139850612,0.03351824594816809,0.3056175533759718,0.03137703490133213,0.36248909360577813
context-PCG,128,199684,32768,8,48,2304,OOD,120,0.7764533613418243,0.13697137018410968,0.7619393050670624,2.153801397482554,0.6799339190447837,0.09782368928814923,0.10162390271822606,0.04524893925214803,0.3792198048904538,0.02450728766619429,0.12165561405741504
context-PCG,128,199684,32768,16,8,64,All,168,0.511338911839996,0.2753524096994198,3.826195265299064e-06,2.136233526005479e-05,4.0962434148822224e-05,9.525204566683345e-07,5.72268592386698e-07,1.377755354375105e-06,1.0,0.04163804325201979,6.194227995529562e-06
context-PCG,128,199684,32768,16,8,64,ID,48,0.7639285889874764,0.2340529609559886,4.6395311710985725e-06,5.053138273443386e-05,6.804074038889659e-05,1.9662712039310768e-06,1.201136425580766e-06,1.672836870951026e-06,1.0,0.0662139646061588,1.9248836491901536e-05
context-PCG,128,199684,32768,16,8,64,OOD,120,0.41030304098100384,0.22076269029903667,3.50086090297926e-06,9.694716270303161e-06,6.766401495111492e-06,5.470201577632375e-07,3.2072145910907087e-07,1.2597227477447366e-06,1.0,0.03949945707522103,1.2106628391230204e-06
context-PCG,128,199684,32768,16,12,144,All,168,0.7385881000830492,0.16526050332406972,0.009342925054581756,0.053200327511181686,0.19707206049798415,0.0024828566026555737,0.0031023090515717782,0.00032817505637945573,0.9846255456407865,0.024990244293738872,0.029800701536395576
context-PCG,128,199684,32768,16,12,144,ID,48,0.8507315832440404,0.15468440187612859,0.024482880896897513,0.166195518429087,0.3436851608858474,0.00560983978916475,0.007048708489937969,0.0009450419231017614,0.9461894097427527,0.043760469720683356,0.09722909287542268
context-PCG,128,199684,32768,16,12,144,OOD,120,0.6937307068186527,0.14756406521250387,0.003286942717655453,0.008002251144019569,0.025309100490694823,0.0012320633280519032,0.0015237492762253016,8.142830969053349e-05,1.0,0.026402561283390233,0.004528372647980083
context-PCG,128,199684,32768,16,16,256,All,168,0.7475048388010487,0.1713685290926716,0.10372941410501617,0.4172092102346055,0.5416216160422977,0.015365557950211727,0.016356466543151104,0.005381112024700778,0.870915323761957,0.025913883354733925,0.08190254917186428
context-PCG,128,199684,32768,16,16,256,ID,48,0.8617880943094235,0.15245159485143508,0.12355729456370072,0.7699060263112187,0.8400941450872424,0.01953801861964161,0.022101883320525862,0.005999011881309906,0.7043473580852151,0.043128804969673265,0.2376640045972665
context-PCG,128,199684,32768,16,16,256,OOD,120,0.7017915365976989,0.1570283751017859,0.09579826192154234,0.2761304838039601,0.25038009332412076,0.013696573682439777,0.014058299832201202,0.0051339520820571265,0.9375425100326538,0.028095941182466035,0.0447986828541974
context-PCG,128,199684,32768,16,24,576,All,168,0.7770882611517733,0.16186493781625824,0.1896150176235962,0.7406861083138556,0.5900323232599023,0.025097486698844734,0.026729618174223452,0.01031712911346745,0.7713116371915454,0.024476776103525253,0.08922308478362047
context-PCG,128,199684,32768,16,24,576,ID,48,0.8733331706585433,0.16138980827064403,0.1665291641062746,1.0427576918154955,0.8445776062269506,0.028095156138685174,0.028510693518910515,0.009866809535499925,0.6305803464104732,0.04565744013226403,0.2389323830702632
context-PCG,128,199684,32768,16,24,576,OOD,120,0.7385902973490653,0.14577438682296667,0.19884935903052486,0.6198574749131998,0.39409104560732644,0.023898418922908556,0.026017188036348626,0.010497256944654459,0.8276041535039743,0.02608234719001141,0.07051183476071043
context-PCG,128,199684,32768,16,32,1024,All,168,0.7917762793285283,0.15838377501391682,0.26329344683992006,0.9817908023971886,0.6487186170033223,0.031449508237918526,0.03296646331658671,0.014236789346406455,0.7035577522945546,0.02395036412300384,0.09809746667066015
context-PCG,128,199684,32768,16,32,1024,ID,48,0.8954031096513958,0.11595639084564047,0.2428757377589742,1.400165385256211,0.8626086761855845,0.03457604313734914,0.03453564372224108,0.01338651573557092,0.5327380850600699,0.03280425219980412,0.24403340218651642
context-PCG,128,199684,32768,16,32,1024,OOD,120,0.7503255471993814,0.15436723796504292,0.2714605304722984,0.8144409692535798,0.4448082840220062,0.030198894278146277,0.03233879115432496,0.014576898790740669,0.7718856191883484,0.02761980333525248,0.07958630010184573
context-PCG,128,199684,32768,16,48,2304,All,168,0.8073234762007055,0.14572772459378186,0.4077689877400796,1.6707833521068096,1.3384567264433895,0.04275545088707332,0.041771147854714835,0.019642568154570907,0.6026481894687528,0.022036550565430198,0.20239778953612003
context-PCG,128,199684,32768,16,48,2304,ID,48,0.8951509181168015,0.1071267364063237,0.38504039620359737,2.802665920307239,1.887014664370886,0.05277975314917659,0.04657653761872396,0.017370356867710702,0.4551711209739248,0.030306328549782564,0.5338395279752581
context-PCG,128,199684,32768,16,48,2304,OOD,120,0.772192499434267,0.1446168728826597,0.4168604243546724,1.218030324826638,0.6198557606961925,0.03874572998223201,0.03984899194911118,0.020551452669314994,0.6616390168666839,0.02587524166807203,0.11090626762739074
context-PCG,128,199684,32768,32,8,64,All,168,0.511338911839996,0.2753524096994199,3.1463309668532973e-06,1.9209770222177655e-05,2.7506167350418798e-05,7.524974369758974e-07,3.50315344478856e-07,1.3707716305113477e-06,1.0,0.0416380432520198,4.159407891451787e-06
context-PCG,128,199684,32768,32,8,64,ID,48,0.7639285889874764,0.23405296095598863,2.378957533485012e-06,4.316153043622409e-05,4.190900011958711e-05,1.2722975419876548e-06,4.135456220429508e-07,1.6563756301361348e-06,1.0,0.06621396460615882,1.1856124525250722e-05
context-PCG,128,199684,32768,32,8,64,OOD,120,0.41030304098100384,0.22076269029903667,3.4532803402006116e-06,9.62906613655908e-06,6.641812841991899e-06,5.445773949711944e-07,3.2502323345321806e-07,1.2565300306614328e-06,1.0,0.03949945707522103,1.1883711006535765e-06
context-PCG,128,199684,32768,32,12,144,All,168,0.738233445184776,0.165172497137825,4.1972863510322675e-06,5.2488375870100685e-05,7.599405880512344e-05,1.5247436523950563e-06,5.145714921251879e-07,2.20262656791008e-06,1.0,0.024976936237371027,1.1491615093829819e-05
context-PCG,128,199684,32768,32,12,144,ID,48,0.8500356493655407,0.15414857037704524,4.1937391704512566e-06,0.00012468364639059342,0.00011238379553407183,2.904610024501153e-06,6.910735314373065e-07,3.1876832243445583e-06,1.0,0.04360888211516769,3.179355915603264e-05
context-PCG,128,199684,32768,32,12,144,OOD,120,0.69351256351247,0.1477933060425541,4.1987052232646725e-06,2.3610267661903586e-05,1.314710436224236e-05,9.727971035526176e-07,4.4397067640034037e-07,1.8086039053362886e-06,1.0,0.026443577672138677,2.3523154375244056e-06
context-PCG,128,199684,32768,32,16,256,All,168,0.7476047920544868,0.1702096706376575,5.29623671016411e-05,0.00043719210142019113,0.0023261171952020333,2.552137953821385e-05,2.5565473915801737e-05,4.353390262543772e-06,1.0,0.025738643927828164,0.000351749122111617
context-PCG,128,199684,32768,32,16,256,ID,48,0.8611704376528427,0.14978076842939408,0.00017287568634097547,0.0014297463119418978,0.004220921793085046,8.513329725682302e-05,8.751817801962072e-05,9.245434969310887e-06,1.0,0.04237322381634844,0.0011941056633983445
context-PCG,128,199684,32768,32,16,256,OOD,120,0.7021785338151445,0.15656803694187985,4.9970394059073445e-06,4.017041721150842e-05,1.914849241356484e-05,1.6766124507701838e-06,7.843922742741445e-07,2.3965723798369252e-06,1.0,0.028013576235007453,3.426100004127828e-06
context-PCG,128,199684,32768,32,24,576,All,168,0.7785011657577395,0.15929298572951617,0.026305813529255612,0.12018766646984395,0.2114287091467752,0.003801792412039971,0.004091317551943266,0.0009258785312258946,0.9738444457096713,0.024087852497057485,0.03197167493751803
context-PCG,128,199684,32768,32,24,576,ID,48,0.8721697806894363,0.16137314726712668,0.028166266439560144,0.2048216332623269,0.34467044435201866,0.004299304683324056,0.004979760917194607,0.0012476398897357556,0.9133450208852688,0.045652726707179826,0.0975078311758895
context-PCG,128,199684,32768,32,24,576,OOD,120,0.7410337197850609,0.14272144484237273,0.0255616323651338,0.08633407975285076,0.1084811290029277,0.0036027875035263375,0.0037359402058427297,0.0007971739878219503,0.9980442156394322,0.025536106561432986,0.019409736730053594
context-PCG,128,199684,32768,32,32,1024,All,168,0.7897534843917675,0.1600532713196554,0.06430035386057123,0.31247671778934694,0.46722038473643684,0.007933944897169,0.008054463067050373,0.0024219170314132184,0.9322992526881752,0.024202820818274146,0.07065179712470145
context-PCG,128,199684,32768,32,32,1024,ID,48,0.8955750258595535,0.11956485158534289,0.07516906394933656,0.5900319860472033,0.744967709062472,0.010641879183822256,0.011027083710359821,0.0029625518958103186,0.8245641933754086,0.03382509163172353,0.21075258060875054
context-PCG,128,199684,32768,32,32,1024,OOD,120,0.7474248678046531,0.15485498554416252,0.0599528698250651,0.2014546104862044,0.2089278568875286,0.006850771182507698,0.006865414809726595,0.0022056630856543778,0.9753932764132818,0.027707072450060245,0.03738193670211343
context-PCG,128,199684,32768,32,48,2304,All,168,0.8048250184987147,0.14723839532082716,0.13305772639190153,0.5207750297240203,0.45296657817360053,0.012651515932659388,0.01312126235071831,0.004539716613570376,0.8733069054516298,0.0222649900882255,0.0684963752243913
context-PCG,128,199684,32768,32,48,2304,ID,48,0.8965717478991602,0.11201614913479903,0.1361253919700781,0.8054666919633746,0.6324858483844149,0.01351879950622479,0.014902805414749263,0.005725678958090865,0.7205303915155431,0.03168955138971513,0.17893127866345168
context-PCG,128,199684,32768,32,48,2304,OOD,120,0.7681263267385365,0.14392533439517555,0.13183066016063089,0.4068983648282786,0.2901249832528693,0.012304602503233229,0.01240864512510593,0.004065331675762181,0.9344175110260645,0.02575150973327252,0.051909945955645645
context-PCG,128,199684,32768,48,8,64,All,168,0.511338911839996,0.2753524096994199,3.146336532771394e-06,1.920976276824593e-05,2.7506166803177947e-05,7.58958706336714e-07,3.661167236469423e-07,1.3707914174347701e-06,1.0,0.0416380432520198,4.159407808699513e-06
context-PCG,128,199684,32768,48,8,64,ID,48,0.7639285889874764,0.23405296095598863,2.3789616848309456e-06,4.3161523180398265e-05,4.1909005424204185e-05,1.2707316923155076e-06,4.3657998756903754e-07,1.6563240855897259e-06,1.0,0.06621396460615882,1.1856126025935548e-05
context-PCG,128,199684,32768,48,8,64,OOD,120,0.41030304098100384,0.22076269029903667,3.4532864719475734e-06,9.629058603384995e-06,6.641796038244645e-06,5.542495119451966e-07,3.379314180781042e-07,1.256578350172788e-06,1.0,0.03949945707522103,1.188368094081712e-06
context-PCG,128,199684,32768,48,12,144,All,168,0.738233445184776,0.165172497137825,4.010945318100312e-06,5.2215655119061085e-05,7.519695828548828e-05,1.5338148518903187e-06,5.360524155778854e-07,2.2045099637832015e-06,1.0,0.024976936237371027,1.1371079719002314e-05
context-PCG,128,199684,32768,48,12,144,ID,48,0.8500356493655407,0.1541485703770452,3.5218071422112493e-06,0.00012377186218749417,0.00011107499915103888,2.873052146412647e-06,6.199204657756733e-07,3.1949350625855764e-06,1.0,0.04360888211516768,3.142329852344398e-05
context-PCG,128,199684,32768,48,12,144,OOD,120,0.69351256351247,0.1477933060425541,4.206600588455937e-06,2.3593172291687854e-05,1.3080853335343165e-05,9.981199340813873e-07,5.025051954987702e-07,1.8083399242622515e-06,1.0,0.026443577672138677,2.3404616247734855e-06
context-PCG,128,199684,32768,48,16,256,All,168,0.7476047920544868,0.1702096706376575,5.097920150444138e-06,8.387193623720709e-05,0.0001119641027567197,2.3802909598067517e-06,7.24449750728289e-07,3.0876030363980956e-06,1.0,0.025738643927828164,1.6930907408244507e-05
context-PCG,128,199684,32768,48,16,256,ID,48,0.8611704376528427,0.14978076842939408,5.820478586808046e-06,0.00019369524128854898,0.00016258323360222475,4.393191723295331e-06,1.0038508424514703e-06,4.854554632061081e-06,1.0,0.04237322381634844,4.5995062106122494e-05
context-PCG,128,199684,32768,48,16,256,OOD,120,0.7021785338151445,0.15656803694187985,4.8088967758985746e-06,3.9942614216670334e-05,1.847780005780921e-05,1.57513065441132e-06,6.126893140390166e-07,2.380822398132902e-06,1.0,0.028013576235007453,3.3060979155459065e-06
context-PCG,128,199684,32768,48,24,576,All,168,0.7779587237045403,0.15965587770744413,0.0018192647707965456,0.01799907916990506,0.17142196882015465,0.0002827077092374082,0.0002821260927414073,3.896055193917555e-05,0.997661564321745,0.024142728035968765,0.025921964365126185
context-PCG,128,199684,32768,48,24,576,ID,48,0.8715532522193148,0.16139025519383407,0.006196456639263662,0.06235096917983657,0.3187340423679885,0.000945589257185004,0.0009418427973149679,0.00012655419640357276,0.9918154751261076,0.045657566567563826,0.09017038072891732
context-PCG,128,199684,32768,48,24,576,OOD,120,0.7405209122986304,0.14330908938921066,6.838802340969868e-05,0.0002583231659324622,0.0018179450946148976,1.7555090058369864e-05,1.8239410911983028e-05,3.923094153416666e-06,1.0,0.02564124951163834,0.00032527164863130467
context-PCG,128,199684,32768,48,32,1024,All,168,0.7900822642319506,0.16034490573983531,0.011688409501362282,0.06833309359661226,0.18312722246544622,0.0017388638199574032,0.0017824889781798648,0.00034962629595046565,0.9840257519057819,0.024246920982912198,0.02769200101775817
context-PCG,128,199684,32768,48,32,1024,ID,48,0.8951416510133249,0.11968848666413082,0.018628426362738492,0.16569641438157603,0.3151000763297915,0.002940311912273759,0.003088014500311397,0.0007182960787114464,0.944116705407699,0.03386006819727308,0.08914232580643161
context-PCG,128,199684,32768,48,32,1024,OOD,120,0.7480585095194009,0.15553222896346808,0.008912402756811799,0.029387765282626745,0.04994727074538129,0.001258284583030861,0.001260278769327252,0.0002021583828460733,0.999989370505015,0.027828246672634272,0.008936700645200647
context-PCG,128,199684,32768,48,48,2304,All,168,0.8034826586131734,0.14644766421161245,0.04416740875499917,0.21244970149321787,0.34861836967245574,0.0049157924303948036,0.004632849025212933,0.0011975566553051294,0.9632531555280799,0.02214541787833585,0.0527171226528072
context-PCG,128,199684,32768,48,48,2304,ID,48,0.8943973040017297,0.11304819737953441,0.049973352734620315,0.406298620859161,0.567415247690534,0.007449769291876342,0.006843711228915052,0.0014763535637787601,0.8843005914241076,0.031981519522353306,0.1605226995382497
context-PCG,128,199684,32768,48,48,2304,OOD,120,0.7671168004577509,0.14276797108829908,0.04184503116315071,0.13491013374684066,0.1489171476801624,0.003902201685802188,0.003748504143732086,0.0010860378919156771,0.9948341811696688,0.02554443116307355,0.026644658454692667
context-PCG,128,199684,32768,64,8,64,All,168,0.511338911839996,0.2753524096994199,3.146335412820701e-06,1.9209795295200604e-05,2.7506204197822172e-05,7.700793970753596e-07,3.8862131316160943e-07,1.3708384445365596e-06,1.0,0.0416380432520198,4.15941346341601e-06
context-PCG,128,199684,32768,64,8,64,ID,48,0.7639285889874764,0.23405296095598863,2.3789567382692667e-06,4.316160118141132e-05,4.190904271451476e-05,1.2838402205043546e-06,4.6331472732437834e-07,1.6563471811892327e-06,1.0,0.06621396460615882,1.1856136575425265e-05
context-PCG,128,199684,32768,64,8,64,OOD,120,0.41030304098100384,0.22076269029903667,3.4532868826412748e-06,9.629072940716317e-06,6.641827831595439e-06,5.645750677037616e-07,3.587439474965019e-07,1.2566349498754903e-06,1.0,0.03949945707522103,1.1883737826339454e-06
context-PCG,128,199684,32768,64,12,144,All,168,0.738233445184776,0.165172497137825,4.010929848569893e-06,5.2214288792750075e-05,7.519101662323074e-05,1.5722281313893898e-06,6.071735708498441e-07,2.2045608740010416e-06,1.0,0.024976936237371027,1.1370181236979445e-05
context-PCG,128,199684,32768,64,12,144,ID,48,0.8500356493655407,0.1541485703770452,3.521744332601884e-06,0.00012376702632837478,0.00011106391034706661,2.8947608884758815e-06,6.906389327099305e-07,3.194899703610569e-06,1.0,0.04360888211516768,3.142016148270437e-05
context-PCG,128,199684,32768,64,12,144,OOD,120,0.69351256351247,0.1477933060425541,4.2066040549570974e-06,2.3593193778500183e-05,1.3080826221861425e-05,1.043215028554793e-06,5.737874261058096e-07,1.8084253421572309e-06,1.0,0.026443577672138677,2.340456773556069e-06
context-PCG,128,199684,32768,64,16,256,All,168,0.7476047920544868,0.17020967063765746,4.86245449289007e-06,8.373592554886618e-05,0.00011162897493691863,2.410709090974078e-06,7.678343758059435e-07,3.0883254949355344e-06,1.0,0.02573864392782816,1.6880230289888922e-05
context-PCG,128,199684,32768,64,16,256,ID,48,0.8611704376528427,0.14978076842939408,4.947097361688672e-06,0.00019312782546873977,0.00016217244054808044,4.370732412439793e-06,9.05132425899069e-07,4.855150012398705e-06,1.0,0.04237322381634844,4.5878848080730686e-05
context-PCG,128,199684,32768,64,16,256,OOD,120,0.7021785338151445,0.15656803694187985,4.828597345370629e-06,3.997916558091674e-05,1.850315969655735e-05,1.6266997623877918e-06,7.129151557686934e-07,2.3815956879502663e-06,1.0,0.028013576235007453,3.310635330635469e-06
context-PCG,128,199684,32768,64,24,576,All,168,0.7779587237045403,0.15965587770744413,8.240294809931002e-06,0.00016605501352948729,0.00024840263504225923,4.2927193776774534e-06,1.2139234291637314e-06,4.243114270861627e-06,1.0,0.024142728035968765,3.756277155190289e-05
context-PCG,128,199684,32768,64,24,576,ID,48,0.8715532522193148,0.16139025519383407,1.3361253470141578e-05,0.00039119460355623633,0.00037866032302200065,7.931027814341482e-06,2.329603227953688e-06,6.918846864323314e-06,1.0,0.045657566567563826,0.00010712362331980953
context-PCG,128,199684,32768,64,24,576,OOD,120,0.7405209122986306,0.14330908938921066,6.191911345846771e-06,7.599917751878765e-05,3.6586783710657844e-05,2.837396003011842e-06,7.676515096477488e-07,3.172821233476952e-06,1.0,0.02564124951163834,6.54620620333069e-06
context-PCG,128,199684,32768,64,32,1024,All,168,0.7901004756741317,0.16035385601880908,0.001028464555170258,0.009602258781742815,0.06538534965877134,0.0001704636988580923,0.0001756901112465916,2.5037004237202167e-05,0.9989826285413334,0.02424827441978037,0.009887394920975318
context-PCG,128,199684,32768,64,32,1024,ID,48,0.8950748860580856,0.11943805686889969,0.0035474509856119867,0.033228621333667684,0.11996902975657477,0.0005717974131111088,0.0005949908212556757,7.594524683914051e-05,0.9964391998946667,0.033789221199525085,0.03393943429594457
context-PCG,128,199684,32768,64,32,1024,OOD,120,0.7481107115205501,0.1556535673360718,2.0869982993566648e-05,0.0001517137609728688,0.0001754326186537008,9.930213156885715e-06,7.969827242957982e-06,4.673707196426828e-06,1.0,0.02784995686213117,3.138887816921895e-05
context-PCG,128,199684,32768,64,48,2304,All,168,0.8037165190929069,0.1467845971155359,0.013442616839711213,0.0759632068946389,0.1581185911837801,0.0014257114452815845,0.0013758649374775835,0.00036983180126929786,0.9841320440173149,0.022196367956607937,0.023910263744724887
context-PCG,128,199684,32768,64,48,2304,ID,48,0.8951531456682921,0.1121899956233062,0.017525681846867234,0.17072540541509318,0.26144933159550465,0.0021385161533847047,0.002036217871894474,0.0006278388968894143,0.9452859212954839,0.0317387328450144,0.07396444256829506
context-PCG,128,199684,32768,64,48,2304,OOD,120,0.7671418684627528,0.14333157182409534,0.011809390836848807,0.03805832748645718,0.05493163827660409,0.0011405895620403362,0.001111723763710827,0.0002666289630212513,0.9996704931060473,0.025645272129638106,0.009828517152238021
context-PCG,128,199684,32768,96,8,64,All,168,0.511338911839996,0.2753524096994199,3.1463366033181373e-06,1.9209792388742463e-05,2.750620385629099e-05,7.938176917915165e-07,4.26906151825993e-07,1.3707748201715237e-06,1.0,0.0416380432520198,4.159413411770592e-06
context-PCG,128,199684,32768,96,8,64,ID,48,0.7639285889874764,0.23405296095598863,2.378957023670599e-06,4.316159967506072e-05,4.190904431198845e-05,1.3119109697849278e-06,5.262775060188574e-07,1.6563158270107199e-06,1.0,0.06621396460615882,1.1856137027353177e-05
context-PCG,128,199684,32768,96,8,64,OOD,120,0.41030304098100384,0.22076269029903667,3.4532884351771524e-06,9.629069474215157e-06,6.641819014310832e-06,5.86580380594152e-07,3.871576101488472e-07,1.2565584174358455e-06,1.0,0.03949945707522103,1.1883722050215583e-06
context-PCG,128,199684,32768,96,12,144,All,168,0.738233445184776,0.165172497137825,4.010930522570431e-06,5.221349361287042e-05,7.518937726399308e-05,1.6837540288165764e-06,7.779176236510921e-07,2.2045928313372898e-06,1.0,0.024976936237371027,1.1369933337529727e-05
context-PCG,128,199684,32768,96,12,144,ID,48,0.8500356493655407,0.1541485703770452,3.521743574689632e-06,0.00012376434434218598,0.00011106170154643119,2.9859943152151422e-06,8.321452048913139e-07,3.1949788628082842e-06,1.0,0.04360888211516768,3.141953660940007e-05
context-PCG,128,199684,32768,96,12,144,OOD,120,0.69351256351247,0.1477933060425541,4.2066053017227505e-06,2.35931533211442e-05,1.3080837195579424e-05,1.16285791425715e-06,7.562265911550033e-07,1.8084384187488923e-06,1.0,0.026443577672138677,2.3404587370033458e-06
context-PCG,128,199684,32768,96,16,256,All,168,0.7476047920544868,0.17020967063765746,4.863462960781276e-06,8.375843156369475e-05,0.00011171408019475251,2.5569098246099506e-06,1.0712327957594966e-06,3.0883653949553307e-06,1.0,0.02573864392782816,1.6893099675744416e-05
context-PCG,128,199684,32768,96,16,256,ID,48,0.8611704376528427,0.14978076842939408,4.950599143664173e-06,0.00019320686571212367,0.00016232605121349042,4.434302454114913e-06,1.1215486199015838e-06,4.855429118322263e-06,1.0,0.04237322381634844,4.592230478865286e-05
context-PCG,128,199684,32768,96,16,256,OOD,120,0.7021785338151445,0.15656803694187985,4.828608487628116e-06,3.997905790432317e-05,1.8503182877326532e-05,1.8059527728079654e-06,1.0511064661026618e-06,2.381539905608558e-06,1.0,0.028013576235007453,3.3106394782013283e-06
context-PCG,128,199684,32768,96,24,576,All,168,0.7779587237045403,0.15965587770744413,6.370272052165438e-06,0.00015776719355708373,0.0002069262141203052,4.2421963589352645e-06,1.1269447681916928e-06,4.222776291095713e-06,1.0,0.024142728035968765,3.129081987306149e-05
context-PCG,128,199684,32768,96,24,576,ID,48,0.8715532522193148,0.16139025519383407,6.1531160753247605e-06,0.00036128592766238916,0.0002991619164398386,7.458149449727595e-06,1.2282727522479793e-06,6.847139445653738e-06,1.0,0.045657566567563826,8.463339436403432e-05
context-PCG,128,199684,32768,96,24,576,OOD,120,0.7405209122986304,0.14330908938921066,6.4571344429017095e-06,7.635969991496155e-05,3.676724845833478e-05,2.9558151226183325e-06,1.0864135745691784e-06,3.1730310292725034e-06,1.0,0.02564124951163834,6.578495443622154e-06
context-PCG,128,199684,32768,96,32,1024,All,168,0.7901065806802366,0.16035521917602108,9.230867365637269e-06,0.00024339580099440295,0.00031350988241338456,5.837919596545016e-06,1.1629925034012125e-06,6.153936304204286e-06,1.0,0.02424848055271022,4.7408112600554624e-05
context-PCG,128,199684,32768,96,32,1024,ID,48,0.8950748860580856,0.1194380568688997,1.0482389299681927e-05,0.0005540563182269369,0.0004503362531549189,1.006904411345507e-05,1.5636498555219684e-06,1.0068139578341592e-05,1.0,0.033789221199525085,0.00012740086092257155
context-PCG,128,199684,32768,96,32,1024,OOD,120,0.7481192585290971,0.15565786303943233,8.730258592019406e-06,0.00011913159410138936,5.7757287959071406e-05,4.145469789780994e-06,1.00272956255291e-06,4.588254994549364e-06,1.0,0.027850725460983935,1.0334090028664943e-05
context-PCG,128,199684,32768,96,48,2304,All,168,0.803691998707789,0.14685052579133365,0.0005694435131729081,0.0049442532073866695,0.020483916950090664,0.00011399341167902547,0.00010225040718734334,1.8602790265594333e-05,1.0,0.02220633751183141,0.0030975222656293806
context-PCG,128,199684,32768,96,48,2304,ID,48,0.8954012003593008,0.11234439983832402,0.001465291311205857,0.015147404325640866,0.03632507748329673,0.00033017003225190765,0.0002995045635121927,3.620276296108199e-05,1.0,0.03178241404941563,0.010276423699024538
context-PCG,128,199684,32768,96,48,2304,OOD,120,0.7670083180471843,0.14328022760318643,0.00021110439395972852,0.0008629927600849911,0.002982913718669884,2.752276344987259e-05,2.3348744657403578e-05,1.1562801187399268e-05,1.0,0.025636085482894925,0.0005337109827303239
context-PCG,128,199684,32768,128,8,64,All,168,0.511338911839996,0.2753524096994199,3.1463375248243947e-06,1.9209788202292333e-05,2.7506199812622422e-05,7.983559276526973e-07,4.270969355111393e-07,1.3708056786618899e-06,1.0,0.0416380432520198,4.159412800298019e-06
context-PCG,128,199684,32768,128,8,64,ID,48,0.7639285889874764,0.23405296095598863,2.3789598581439955e-06,4.316158498458966e-05,4.190904284332607e-05,1.3320685070539184e-06,5.430436666268671e-07,1.6563147089421193e-06,1.0,0.06621396460615882,1.1856136611866196e-05
context-PCG,128,199684,32768,128,8,64,OOD,120,0.41030304098100384,0.22076269029903667,3.4532885914965543e-06,9.629069489373403e-06,6.6418205641904445e-06,5.848708958922089e-07,3.807182430648481e-07,1.2566020665497983e-06,1.0,0.03949945707522103,1.1883724823302065e-06
context-PCG,128,199684,32768,128,12,144,All,168,0.738233445184776,0.165172497137825,4.010935729833623e-06,5.221337504291195e-05,7.518825120719472e-05,1.732052470887744e-06,8.545966088442063e-07,2.2045676295706904e-06,1.0,0.024976936237371027,1.1369763058280218e-05
context-PCG,128,199684,32768,128,12,144,ID,48,0.8500356493655407,0.1541485703770452,3.5217458484263866e-06,0.0001237638731481379,0.00011105933377930908,2.9804083124436906e-06,8.871816620607357e-07,3.1949503925451004e-06,1.0,0.04360888211516768,3.1418866764217254e-05
context-PCG,128,199684,32768,128,12,144,OOD,120,0.69351256351247,0.1477933060425541,4.206611682396518e-06,2.359317580082158e-05,1.3080782908996041e-05,1.2327101342653652e-06,8.415625875575945e-07,1.8084145243809265e-06,1.0,0.026443577672138677,2.340449023901158e-06
context-PCG,128,199684,32768,128,16,256,All,168,0.7476047920544868,0.17020967063765746,4.8634702509497446e-06,8.375827389087781e-05,0.0001117142632770886,2.66749056874817e-06,1.2625210391634244e-06,3.088339243260764e-06,1.0,0.02573864392782816,1.689312736095784e-05
context-PCG,128,199684,32768,128,16,256,ID,48,0.8611704376528427,0.14978076842939408,4.950604212202355e-06,0.0001932066215506907,0.00016232660883831274,4.463963674557665e-06,1.2965831383363973e-06,4.855407233606002e-06,1.0,0.04237322381634844,4.592246254162508e-05
context-PCG,128,199684,32768,128,16,256,OOD,120,0.7021785338151445,0.15656803694187985,4.8286166664487e-06,3.997893482695266e-05,1.850309088419924e-05,1.948901326424372e-06,1.2488961994942354e-06,2.381512047122669e-06,1.0,0.028013576235007453,3.3106230185424166e-06
context-PCG,128,199684,32768,128,24,576,All,168,0.7779587237045403,0.15965587770744413,6.4009641513556355e-06,0.00015760514522643703,0.0002063382959133871,4.492453573421006e-06,1.6364175944464217e-06,4.221845078486045e-06,1.0,0.024142728035968765,3.1201916479206946e-05
context-PCG,128,199684,32768,128,24,576,ID,48,0.8715532522193148,0.16139025519383407,6.259247783191313e-06,0.00036071020690539585,0.0002981184509824871,7.63102128094791e-06,1.6450113911048447e-06,6.843754003208839e-06,1.0,0.045657566567563826,8.433819628331526e-05
context-PCG,128,199684,32768,128,24,576,OOD,120,0.7405209122986304,0.14330908938921066,6.4576506986213644e-06,7.636312055485351e-05,3.676961607410839e-05,3.237026490410244e-06,1.6329800757830526e-06,3.1730815085969274e-06,1.0,0.02564124951163834,6.5789190638339455e-06
context-PCG,128,199684,32768,128,32,1024,All,168,0.7901065806802366,0.16035521917602108,8.992099849148785e-06,0.00024370744958578138,0.00031346004894768005,6.012077401843878e-06,1.601173281750605e-06,6.1533882003351165e-06,1.0,0.02424848055271022,4.740057691927016e-05
context-PCG,128,199684,32768,128,32,1024,ID,48,0.8950748860580856,0.1194380568688997,9.178103193600387e-06,0.00055443296696462,0.0004500378030600601,1.0179037606879623e-05,1.8179355952459748e-06,1.0067233986887913e-05,1.0,0.033789221199525085,0.00012731642890369442
context-PCG,128,199684,32768,128,32,1024,OOD,120,0.7481192585290971,0.15565786303943233,8.917698511368145e-06,0.00011941724263424593,5.8098027613642836e-05,4.3452933198295796e-06,1.514468356352457e-06,4.587849885713998e-06,1.0,0.027850725460983935,1.0395056088379737e-05
context-PCG,128,199684,32768,128,48,2304,All,168,0.803691998707789,0.14685052579133367,1.5387086992155846e-05,0.0004481214833243771,0.0005770965375389393,9.59006233155638e-06,1.6636095905720963e-06,1.2792087034085853e-05,1.0,0.022206337511831417,8.726697041390681e-05
context-PCG,128,199684,32768,128,48,2304,ID,48,0.8954012003593008,0.11234439983832402,1.7113227490502442e-05,0.0010212388236443728,0.0008281897255090176,1.656194488456701e-05,2.6658527308616917e-06,2.2426883011424554e-05,1.0,0.03178241404941563,0.00023429622487172966
context-PCG,128,199684,32768,128,48,2304,OOD,120,0.7670083180471843,0.14328022760318643,1.4696630792817207e-05,0.00021887454719637882,0.00010483225600749545,6.801309310352129e-06,1.2627123344562582e-06,8.938168643150371e-06,1.0,0.025636085482894925,1.875687051402416e-05
exact,0,0,0,0,8,64,All,168,0.5113388636165478,0.275349984209715,9.366494745271276e-06,9.366494745271276e-06,1.0589327353109724e-05,3.980731118280985e-07,3.980731118280985e-07,0.0,1.0,0.04163767647605677,1.6012893107414414e-06
exact,0,0,0,0,8,64,ID,48,0.7639285889874764,0.23405296095598863,1.8197346439189726e-05,1.8197346439189726e-05,1.5959191843604195e-05,5.840017183918652e-07,5.840017183918652e-07,0.0,1.0,0.06621396460615882,4.514881416407343e-06
exact,0,0,0,0,8,64,OOD,120,0.4103029734681764,0.22075841358594533,5.8341540677038966e-06,5.8341540677038966e-06,3.568218611173665e-06,3.237016692025918e-07,3.237016692025918e-07,0.0,1.0,0.03949869187415855,6.384353156601934e-07
exact,0,0,0,0,12,144,All,168,0.7382322274513482,0.1651721434340528,2.134695476808615e-05,2.134695476808615e-05,1.8894518589009252e-05,6.837429830784999e-07,6.837429830784999e-07,0.0,1.0,0.02497688275124762,2.8571777639210423e-06
exact,0,0,0,0,12,144,ID,48,0.8500304614491686,0.15415254336501533,4.1255869253594334e-05,4.1255869253594334e-05,2.4607636371404086e-05,1.0400712563788754e-06,1.0400712563788754e-06,0.0,1.0,0.04361000607994796,6.961540486743782e-06
exact,0,0,0,0,12,144,OOD,120,0.69351293385222,0.14779281061881708,1.3383388973882877e-05,1.3383388973882877e-05,6.165485600444225e-06,5.412116737583499e-07,5.412116737583499e-07,0.0,1.0,0.026443489029584953,1.1031453435032847e-06
exact,0,0,0,0,16,256,All,168,0.7476078311726644,0.17020733590010406,3.349725436204547e-05,3.349725436204547e-05,2.8767575108682805e-05,1.0414050112420422e-06,1.0414050112420422e-06,0.0,1.0,0.025738290875158908,4.35015454536473e-06
exact,0,0,0,0,16,256,ID,48,0.8611704376528427,0.14978076842939408,6.150610636267418e-05,6.150610636267418e-05,4.033478116926239e-05,1.4952431328651983e-06,1.4952431328651983e-06,0.0,1.0,0.04237322381634844,1.1410775415231362e-05
exact,0,0,0,0,16,256,OOD,120,0.702182788580593,0.15656571981591763,2.2293713561793994e-05,2.2293713561793994e-05,8.70747388220946e-06,8.598697625927798e-07,8.598697625927798e-07,0.0,1.0,0.028013161648569145,1.5579647556299129e-06
exact,0,0,0,0,24,576,All,168,0.7779587237045403,0.15965587770744413,6.088048254089487e-05,6.088048254089487e-05,5.546767617198323e-05,1.6718203470066414e-06,1.6718203470066414e-06,0.0,1.0,0.024142728035968765,8.387671282990523e-06
exact,0,0,0,0,24,576,ID,48,0.8715532522193148,0.16139025519383407,0.000115291612398002,0.000115291612398002,7.714951194080498e-05,2.3681783195191506e-06,2.3681783195191506e-06,0.0,1.0,0.045657566567563826,2.1825722828567284e-05
exact,0,0,0,0,24,576,OOD,120,0.7405209122986304,0.14330908938921064,3.911603059805202e-05,3.911603059805202e-05,1.7175844116636274e-05,1.393277158001638e-06,1.393277158001638e-06,0.0,1.0,0.025641249511638337,3.0731484405121998e-06
exact,0,0,0,0,32,1024,All,168,0.7901095173940588,0.16035335997058275,9.771536540049717e-05,9.771536540049717e-05,9.492820441465173e-05,2.3605523093043042e-06,2.3605523093043042e-06,0.0,1.0,0.024248199408715365,1.4354785148125665e-05
exact,0,0,0,0,32,1024,ID,48,0.8950984171840278,0.11939750027019708,0.0001898730436853851,0.0001898730436853851,0.00013464142730597846,3.2840235869950143e-06,3.2840235869950143e-06,0.0,1.0,0.03377774767156768,3.809027950659923e-05
exact,0,0,0,0,32,1024,OOD,120,0.748113957478071,0.1556596206484929,6.0852294086541983e-05,6.0852294086541983e-05,2.627183368483622e-05,1.9911637982280203e-06,1.9911637982280203e-06,0.0,1.0,0.02785103993714632,4.700627472494897e-06
exact,0,0,0,0,48,2304,All,168,0.8036826205081647,0.1468445216362318,0.00024321823195260224,0.00024321823195260224,0.0002708860944220111,5.040694513051373e-06,5.040694513051373e-06,0.0,1.0,0.022205429579810424,4.096265919091457e-05
exact,0,0,0,0,48,2304,ID,48,0.8953707984135763,0.11233878712754855,0.0005130491360129042,0.0005130491360129042,0.0003819344290838551,7.884999443300936e-06,7.884999443300936e-06,0.0,1.0,0.03178082620437785,0.0001080498732677314
exact,0,0,0,0,48,2304,OOD,120,0.7670073493460002,0.14328092810466483,0.00013528587032848147,0.00013528587032848147,6.517717724563214e-05,3.902972540951547e-06,3.902972540951547e-06,0.0,1.0,0.02563621081851228,1.1661676669235415e-05
hybrid-PCG,128,182531,32768,1,8,64,All,168,0.5192578954971273,0.24596577539592174,0.8755504836638769,2.244835074813593,2.185794111798029,0.3893645118389811,0.403064360221227,0.24954613001041465,0.1746234174795626,0.03719427625722192,0.33052984670229413
hybrid-PCG,128,182531,32768,1,8,64,ID,48,0.7467492444486745,0.20470560770408258,0.8637397016088167,4.0582292427619295,3.1326020321401473,0.3826740396519502,0.41191605168084305,0.18189938661331928,0.15529336396139112,0.05791155047916323,0.8862182269948407
hybrid-PCG,128,182531,32768,1,8,64,OOD,120,0.4282613559165084,0.1978051528517829,0.8802747964859009,1.5194774076342583,0.9859289609440925,0.39204070071379343,0.3995236836373806,0.2766048273692528,0.18235543888683117,0.03539183244117508,0.1764050737888584
hybrid-PCG,128,182531,32768,1,12,144,All,168,0.6264551723516781,0.18133960806284774,1.0540895366242953,3.550924226641655,2.3904040332063055,0.4410359850596814,0.46321468693869455,0.19666548135379947,0.1450589135167233,0.02742168282481197,0.3614704030848959
hybrid-PCG,128,182531,32768,1,12,144,ID,48,0.7278027545276909,0.17724899486820336,1.0145975512762864,6.0073388616244,2.986100695094688,0.46225406229496,0.4874706131716569,0.15457142765323317,0.08904655450411758,0.050144029901366426,0.844772759668721
hybrid-PCG,128,182531,32768,1,12,144,OOD,120,0.5859161394812731,0.16715098337278375,1.069886330763499,2.568358372648557,1.043872874147627,0.4325487541655699,0.4535123164455096,0.213503102834026,0.1674638571217656,0.029907105606798573,0.18677255531054618
hybrid-PCG,128,182531,32768,1,16,256,All,168,0.6284658281888993,0.1652951075545453,1.1252424440213613,4.175519646633239,1.9503451605846227,0.4858463257551193,0.5074333814638001,0.1766214560983436,0.13843840756522865,0.024995477051450412,0.2949258960233502
hybrid-PCG,128,182531,32768,1,16,256,ID,48,0.712970897811846,0.14772702769762255,1.0671044811606407,6.056030819813411,2.594831144195275,0.5487891019632419,0.5483329774190983,0.15677482479562357,0.08131377356524652,0.041792217211824786,0.7340819652053557
hybrid-PCG,128,182531,32768,1,16,256,OOD,120,0.5946638003397205,0.16028537138183965,1.1484976291656495,3.4233151773611703,0.8257590291464545,0.46066921527187027,0.49107354308168094,0.18456010861943162,0.1612882611652215,0.028678691757682683,0.14774703679351248
hybrid-PCG,128,182531,32768,1,24,576,All,168,0.6501993783805641,0.17544745455095026,1.1225550738828523,4.6686668041206545,2.165432348996497,0.5596449696237132,0.5718231905429136,0.1772022236670766,0.11497813142098792,0.02653068737994282,0.32745079625511236
hybrid-PCG,128,182531,32768,1,24,576,ID,48,0.7717459909043166,0.17276278040977464,1.1390193502108257,6.788080657521884,2.7450959512995365,0.6734207086265087,0.6568554422507683,0.1622169467930992,0.06536989668287178,0.048874872510010485,0.7765921243527282
hybrid-PCG,128,182531,32768,1,24,576,OOD,120,0.6015807333710631,0.151878148437619,1.115969363351663,3.820901262760162,1.0332766468544767,0.514134674022595,0.5378102898597718,0.18319633441666758,0.1348214253162344,0.027174448711191294,0.1848766496909955
hybrid-PCG,128,182531,32768,1,32,1024,All,168,0.6631769512031562,0.1701337854392827,1.177485629916191,4.844356282835915,2.283283063835507,0.6193774576698031,0.6097503387857051,0.1857738713512108,0.09111546205462041,0.02572716877431283,0.3452718611482971
hybrid-PCG,128,182531,32768,1,32,1024,ID,48,0.7776892120850453,0.1585603066706439,1.2276444708307583,7.05503664414088,2.936134539147816,0.7190645498534044,0.7007620123525461,0.17549049807712433,0.05203018583415537,0.04485696951215208,0.8306372526114352
hybrid-PCG,128,182531,32768,1,32,1024,OOD,120,0.6173720468504005,0.15259815427581805,1.157422093550364,3.9600841383139294,1.0731225173712395,0.5795026207963626,0.5733456693589687,0.1898872206608454,0.10674957254280643,0.02730327410130286,0.19200598051211273
hybrid-PCG,128,182531,32768,1,48,2304,All,168,0.6753301691103205,0.17460934177743598,1.3445166789350056,5.351715612979162,2.8171569180737888,0.7466170706209683,0.6774169110826084,0.20040614672359963,0.07148171618298091,0.026403950243515533,0.42600281483111474
hybrid-PCG,128,182531,32768,1,48,2304,ID,48,0.7856011402349791,0.17047934316550636,1.4648905470967293,8.143332799275717,3.682346448636453,0.8034389565388361,0.7602195292711258,0.1930979713797569,0.0399925584060838,0.048228884387259086,1.0417418195511623
hybrid-PCG,128,182531,32768,1,48,2304,OOD,120,0.6312217806604571,0.1563357956490231,1.296367131670316,4.235068738460541,1.1752756293676359,0.7238883162538211,0.6442958638072014,0.20332941686113673,0.08407737929373975,0.027972022995346065,0.21028349134030686
hybrid-PCG,128,182531,32768,2,8,64,All,168,0.5758884264640917,0.25539507565232616,0.875216237845875,1.9530389404722623,1.557278655420158,0.22843186397637635,0.22994429272200376,0.1552935552206777,0.24899780807373598,0.03862014942223631,0.23548744708867672
hybrid-PCG,128,182531,32768,2,8,64,ID,48,0.7987617198480592,0.1812353489088562,0.7243698574602604,3.1796367752055326,2.304882194082596,0.24086259212344882,0.24470398885508374,0.10546194327374296,0.23432184876097983,0.051271775964809904,0.6520549340499414
hybrid-PCG,128,182531,32768,2,8,64,OOD,120,0.4867391091105046,0.2247516556674427,0.9355547900001208,1.462399806578954,0.6748956822809201,0.22345957271754738,0.22404041426877178,0.1752261999994516,0.25486819179883846,0.040213173537592774,0.12075415912171254
hybrid-PCG,128,182531,32768,2,12,144,All,168,0.7386891270654244,0.15888185041177688,1.0159097452248846,3.05800114713964,1.671269589339177,0.27135092844920494,0.2810032067909127,0.1098937080352611,0.23274264563362865,0.02402568173137888,0.25272484639830856
hybrid-PCG,128,182531,32768,2,12,144,ID,48,0.8251259207389371,0.13120772816065004,0.9296013017495474,4.877504010995229,1.9763336944716028,0.25679328199476,0.2811444550752639,0.0823049516184255,0.15539965635010347,0.03711888041492217,0.5591080273507367
hybrid-PCG,128,182531,32768,2,12,144,OOD,120,0.7041144095960192,0.15622799621902947,1.0504331226150194,2.3302000015974045,0.7124697759308211,0.27717398703098295,0.2809467074771722,0.12092921060199534,0.2636798413470387,0.027952735230044785,0.1274770174872009
hybrid-PCG,128,182531,32768,2,16,256,All,168,0.7362150251953132,0.16058969089054567,1.019786441609973,3.692942513596444,2.0203397204559432,0.29551194129245617,0.31736171777759276,0.1019150661969823,0.220883436717226,0.02428393672831227,0.30551028318927176
hybrid-PCG,128,182531,32768,2,16,256,ID,48,0.8210297141056652,0.1327755559958841,0.9729214459657669,5.681224142511685,2.7422684114780593,0.27295105252414936,0.32698019035160536,0.0937977137509733,0.12481398420641195,0.03756242146805269,0.7757922087229618
hybrid-PCG,128,182531,32768,2,16,256,OOD,120,0.7022891496311724,0.15863881259513044,1.0385324398676554,2.8976298620303473,0.725032588034191,0.30453629679977895,0.31351432874798774,0.10516200717538592,0.25931121772155163,0.02838408501036795,0.12972478977494104
hybrid-PCG,128,182531,32768,2,24,576,All,168,0.7644280298502311,0.1524153882480263,1.0588615192543893,4.154341669309707,2.6908729215579466,0.33130305987738423,0.35620980230825283,0.11442525281260407,0.16501912864762178,0.023047840892594446,0.4069064919962991
hybrid-PCG,128,182531,32768,2,24,576,ID,48,0.8576544603931957,0.1543019138287469,1.117087638626496,6.880958144863446,3.6825042358547613,0.3012607029328743,0.3734017685055733,0.10804190548757708,0.09351083977283751,0.04365226322789571,1.041786457812715
hybrid-PCG,128,182531,32768,2,24,576,OOD,120,0.727137457633045,0.13523748210059694,1.0355710715055466,3.063695079088211,0.7792452647981563,0.34332000265518825,0.34933301582932474,0.11697859174261487,0.1936224441975355,0.02419705572512137,0.1394246683906186
hybrid-PCG,128,182531,32768,2,32,1024,All,168,0.7642074038068782,0.15230956510696872,1.1308770807726043,4.283489150660379,2.724761969010627,0.3616524799061673,0.3802595044530573,0.13164515997327506,0.12948706013100617,0.023031838604729123,0.41203110167429247
hybrid-PCG,128,182531,32768,2,32,1024,ID,48,0.8463837730726246,0.13896420347248334,1.2172224186360836,6.957087074716886,3.8040887386334092,0.3529731702680389,0.4114187955856323,0.1293435826276739,0.07259778751661843,0.039313199938454495,1.0761829120628992
hybrid-PCG,128,182531,32768,2,32,1024,OOD,120,0.7313368561005796,0.14530992787430425,1.0963389456272126,3.2140499810377756,0.8166718667843966,0.3651242037614187,0.3677957880000273,0.13256579091151552,0.15224276917676127,0.02599924493989368,0.14612113714910488
hybrid-PCG,128,182531,32768,2,48,2304,All,168,0.7667524292674986,0.15369288344476084,1.2622709033035098,4.462583243846893,2.525437215827381,0.42630471839081674,0.4227068406485376,0.15873083024330079,0.08429755683686203,0.023241020245242733,0.3818897540706813
hybrid-PCG,128,182531,32768,2,48,2304,ID,48,0.863038869992378,0.1276719230350812,1.3530690918366115,6.8269116679827375,3.49256144150811,0.4235247479130824,0.45787962960700196,0.15932651624704397,0.0466358411237403,0.03611859537480804,0.9880513313238473
hybrid-PCG,128,182531,32768,2,48,2304,OOD,120,0.728237852977547,0.14654763131866566,1.225951627890269,3.5168518741925556,0.9879166268608588,0.42741670658191044,0.40863772506515184,0.15849255584180352,0.09936224312211071,0.02622069818458002,0.1767607123455948
hybrid-PCG,128,182531,32768,4,8,64,All,168,0.5265770387520534,0.27284728420269044,0.8173729117427554,1.5745192880609207,0.9396310147304984,0.09412791534504361,0.09400160749265477,0.05567968060772507,0.471498415140169,0.041259224980923416,0.14208844903517173
hybrid-PCG,128,182531,32768,4,8,64,ID,48,0.7753895036015872,0.2204920543616808,0.5528589100576937,2.055164179454247,1.3189508734722655,0.10099051333963867,0.10041605440589285,0.042283324660578075,0.4335140264593065,0.06237756200054611,0.3731333545050812
hybrid-PCG,128,182531,32768,4,8,64,OOD,120,0.42705205281223996,0.22430548857138777,0.92317851241678,1.3822613315035899,0.6492282996898578,0.09138287614720558,0.09143582872735953,0.06103822298658387,0.486692170612514,0.040133344115170326,0.11616168167221406
hybrid-PCG,128,182531,32768,4,12,144,All,168,0.748754382615199,0.15948410937269444,0.7816299622257551,2.1212030109905062,0.7053736155519336,0.12999313067467436,0.13581167673692102,0.053772588487758836,0.43737092215035644,0.024116753695088866,0.10666468161744536
hybrid-PCG,128,182531,32768,4,12,144,ID,48,0.8502155811616824,0.1359177239618865,0.6452937039236227,2.79729371269544,0.6703986028214028,0.1225814450687418,0.13446899332726991,0.043414129584561985,0.3308620277481774,0.03845134591334785,0.1896568587636101
hybrid-PCG,128,182531,32768,4,12,144,OOD,120,0.7081699031966056,0.15028356284844177,0.836164465546608,1.8507667303085327,0.5124560541948637,0.1329578049170474,0.13634875010078149,0.05791597204903757,0.47997447991122805,0.026889141148816714,0.09169002193345481
hybrid-PCG,128,182531,32768,4,16,256,All,168,0.7454056020955968,0.16626985523977633,0.7590578462751139,2.3861390260003863,0.5573394198490532,0.15031365917197292,0.16122655801120253,0.05043332566994992,0.41709942188823507,0.025142875747985374,0.08427935275766499
hybrid-PCG,128,182531,32768,4,16,256,ID,48,0.8478780068324675,0.14696483788126063,0.6539492687831322,2.70473995556434,0.4553424223531806,0.13168174074962732,0.15795289026573298,0.045399272426341925,0.3163796730029086,0.04157659246895622,0.1288171143583419
hybrid-PCG,128,182531,32768,4,16,256,OOD,120,0.7044166402008486,0.1560017487615428,0.8011012772719065,2.258698654174805,0.5447124057970408,0.15776642654091116,0.1625360251093904,0.05244694696739312,0.45738732144236566,0.02791225442360386,0.09746141552259603
hybrid-PCG,128,182531,32768,4,24,576,All,168,0.7815227008480712,0.15607517435746346,0.835564819475015,2.733673523579325,0.6064206776072198,0.16978383215055576,0.1845518076526267,0.053090714649962484,0.3753188697709923,0.023601263804288713,0.09170128720025424
hybrid-PCG,128,182531,32768,4,24,576,ID,48,0.8778523946847413,0.14893208034130345,0.7975370573500792,3.0333032409350076,0.35824251333415047,0.14590005110949275,0.1810924982031186,0.04379615804646159,0.269398379450043,0.04213312857125104,0.10134739163923354
hybrid-PCG,128,182531,32768,4,24,576,OOD,120,0.7429908233134032,0.14207222533332334,0.8507759243249893,2.6138216366370517,0.6439677241762166,0.17933734456698097,0.1859355314324299,0.056808537291362836,0.4176870658993721,0.025419946452605917,0.11522044528661571
hybrid-PCG,128,182531,32768,4,32,1024,All,168,0.7903059032305703,0.15077806903517063,0.9327462031727746,2.9688841650883355,0.7203443131329581,0.1888760055548378,0.20129043147677464,0.0656384879479273,0.30070152431948194,0.02280024992988354,0.1089285098297064
hybrid-PCG,128,182531,32768,4,32,1024,ID,48,0.8800094142989422,0.13117144891705898,0.8827137040595213,3.229126662015915,0.6152478826484175,0.1716166242646674,0.20456527577092246,0.05798272528530404,0.18199935885301477,0.03710861695770606,0.17405463002605145
hybrid-PCG,128,182531,32768,4,32,1024,OOD,120,0.7544244988032215,0.14340291648662662,0.9527592028180758,2.864787166317304,0.7351528422352689,0.19577975807090597,0.1999804937591155,0.0687007930129766,0.34818239050606886,0.02565803730943993,0.1315355330027225
hybrid-PCG,128,182531,32768,4,48,2304,All,168,0.7939740212167272,0.14764526140941972,1.1175123474427633,3.313089303317524,0.8732398377467859,0.2314646963828376,0.23067853165169552,0.09380967917275566,0.1757394888492334,0.02232651527267219,0.132048955638989
hybrid-PCG,128,182531,32768,4,48,2304,ID,48,0.8831935127440608,0.12316599588409101,1.0601741808156173,3.428964175283909,0.7974083713211719,0.19962219940498468,0.22658884773651755,0.08366523675310111,0.07714179250130349,0.03484386123055726,0.22558812953980645
hybrid-PCG,128,182531,32768,4,48,2304,OOD,120,0.7582862246057938,0.14179373498343287,1.1404476140936215,3.26673935453097,0.9007828822767288,0.24420169517397877,0.23231440521776672,0.09786745614061748,0.21517856738840538,0.025370118206689624,0.16117050731891172
hybrid-PCG,128,182531,32768,8,8,64,All,168,0.5110897296009119,0.2757261414384915,0.054141732431786285,0.2361170727915321,0.5368962358556829,0.008394394510540922,0.008722403740911124,0.0023653057382814952,0.9348123151631582,0.04169455795015919,0.0811879900190779
hybrid-PCG,128,182531,32768,8,8,64,ID,48,0.7640545604908926,0.23393734466787763,0.062107363859752206,0.45936277783359714,0.7999886360866582,0.012812441728990806,0.01324541331869726,0.004115199875588441,0.8079028440018495,0.06618125656957766,0.2263180906527041
hybrid-PCG,128,182531,32768,8,8,64,OOD,120,0.4099037972449197,0.2212226550249761,0.05095547986059991,0.14681879077470603,0.3515955408487254,0.006627175623160966,0.006913199909796668,0.001665348083358717,0.9855761036276818,0.03958175520686524,0.06290842422141815
hybrid-PCG,128,182531,32768,8,12,144,All,168,0.7355822557690702,0.16421835023908768,0.3936335008059229,1.0597492527394068,0.5885118871060049,0.04730993777602197,0.047481215348289786,0.029785666219790286,0.6023217213916636,0.024832652735796535,0.0889931685595096
hybrid-PCG,128,182531,32768,8,12,144,ID,48,0.8463381931053044,0.15162319854419815,0.2907727311054865,1.4174382388591766,0.7802131735489976,0.05258711477896816,0.05180558822272962,0.025886908513105735,0.4342580665834248,0.042894450302493586,0.22072358002916492
hybrid-PCG,128,182531,32768,8,12,144,OOD,120,0.6912798808345765,0.14777780284036302,0.43477780868609744,0.9166736582914988,0.41638427090359015,0.0451990669748435,0.045751466198513856,0.0313451693024641,0.6695471833149592,0.02644080379731116,0.07450059886965119
hybrid-PCG,128,182531,32768,8,16,256,All,168,0.7461482037987454,0.1691195042432833,0.40715036541223526,1.3401461378449486,0.6041865584742657,0.06146334164908949,0.06233517804537851,0.029896103488724807,0.5442176770330185,0.025573791927693493,0.0913634497751536
hybrid-PCG,128,182531,32768,8,16,256,ID,48,0.8604571101479787,0.14306643537628708,0.34870404129227,1.6456888156632583,0.8218749165156627,0.06844628381077196,0.06734443060122426,0.028117180530292246,0.39458438909302157,0.04047372803848477,0.23250975510235436
hybrid-PCG,128,182531,32768,8,16,256,OOD,120,0.7004246412590521,0.15708393457704736,0.43052889506022135,1.2179290667176246,0.43906780882173996,0.05867016478441651,0.06033147702304021,0.03060767267209783,0.6040709922090173,0.028105882033908094,0.07855919876757068
hybrid-PCG,128,182531,32768,8,24,576,All,168,0.784848923563016,0.15556010631102737,0.5030779723255407,1.9829676339314097,1.596958785601843,0.07626895494537335,0.07843577123380129,0.030809063553100497,0.5019588070322892,0.023523376613765665,0.24148776856236331
hybrid-PCG,128,182531,32768,8,24,576,ID,48,0.8818973239092963,0.15096612005871896,0.5445714195569357,3.4320864205559096,2.3388477724092582,0.0976015833439305,0.09016160418589904,0.02674657932948317,0.38331737955256057,0.04270856172666323,0.6616638515870804
hybrid-PCG,128,182531,32768,8,24,576,OOD,120,0.7460295634245039,0.14014224435497494,0.4864805934329828,1.4033201192816098,0.4822930162367351,0.06773590358595048,0.07374543805296217,0.03243405724254743,0.5494153780241807,0.025074629040922794,0.08629316967788796
hybrid-PCG,128,182531,32768,8,32,1024,All,168,0.7969341186231981,0.1527031296596311,0.6281063049322083,2.3457702387656485,2.0055813209782465,0.08165235234247073,0.088038961669164,0.034924398098761786,0.45559249596581575,0.023091352367053217,0.30327855811937415
hybrid-PCG,128,182531,32768,8,32,1024,ID,48,0.8955538949494747,0.11562250757226462,0.7148020025342703,4.31936331341664,2.8375649260157707,0.10230782938500242,0.10226591009025769,0.028760957182384982,0.36354697433610755,0.032709796076901,0.8027517482003405
hybrid-PCG,128,182531,32768,8,32,1024,OOD,120,0.7574862080926875,0.14816090273536234,0.5934280258913834,1.5563330089052518,0.514915629551048,0.07339016152545805,0.08234818230072653,0.03738977446531252,0.492410704617699,0.026509349065705692,0.092130095802247
hybrid-PCG,128,182531,32768,8,48,2304,All,168,0.8043695373173596,0.14500205346885775,0.8380652627065068,2.6037375341568674,2.286695474124399,0.07750932231456746,0.09645308075206616,0.04451536314029774,0.3566113865180384,0.021926816549594576,0.34578787656053783
hybrid-PCG,128,182531,32768,8,48,2304,ID,48,0.8888742637679486,0.11509321806281647,0.958469291528066,4.666204822560151,3.3788480396676346,0.0661747138947248,0.09958028374239798,0.03710758852927631,0.2824192120072742,0.03256005921092902,0.9558816243739446
hybrid-PCG,128,182531,32768,8,48,2304,OOD,120,0.7705676467371242,0.14227482210733364,0.7899036511778832,1.7787506187955537,0.6533991921407866,0.08204316568250453,0.09520219955593343,0.04747847298470631,0.38628825632234415,0.0254561956148523,0.11690794901977929
hybrid-PCG,128,182531,32768,16,8,64,All,168,0.5113357206754252,0.2753507521621602,4.4574389999158235e-06,3.0575898263809266e-05,6.885497150645567e-05,1.2059067655979475e-06,8.099804707585787e-07,1.348914128628835e-06,1.0,0.04163779260373898,1.0412061709690686e-05
hybrid-PCG,128,182531,32768,16,8,64,ID,48,0.7639285889874764,0.23405296095598863,6.768337254510944e-06,8.274629783735506e-05,0.00011332765301888135,2.8373432202262925e-06,2.0249095668371333e-06,1.8522057555851272e-06,1.0,0.06621396460615882,3.2060577978769034e-05
hybrid-PCG,128,182531,32768,16,8,64,OOD,120,0.4102985733506047,0.22075772704567642,3.5330796980777754e-06,9.707738434390951e-06,6.6219459496045086e-06,5.533321837466095e-07,3.240088323271569e-07,1.1475974778463184e-06,1.0,0.03949856903651852,1.18481646258493e-06
hybrid-PCG,128,182531,32768,16,12,144,All,168,0.738456331320555,0.16527584072033066,0.009181961541135767,0.06069295690407387,0.26160521719269386,0.002882551756455482,0.0032598158187414636,0.00031527286707546596,0.9847470232773394,0.024992563573129182,0.03955923015278543
hybrid-PCG,128,182531,32768,16,12,144,ID,48,0.8506091651528723,0.154581282143163,0.02765413383665795,0.2013586572291691,0.46299536555273213,0.007536167688732789,0.008371057761590207,0.0009871965459282502,0.9466145814706882,0.043731296979946,0.13098214447835535
hybrid-PCG,128,182531,32768,16,12,144,OOD,120,0.693595197787628,0.1476268240111214,0.0017930926229268933,0.0044266767740358,0.014263568085554613,0.0010211053835445588,0.0012153190416019659,4.6503395534352286e-05,1.0,0.026413790257220585,0.0025520761437165525
hybrid-PCG,128,182531,32768,16,16,256,All,168,0.7481269732471144,0.17068243003516112,0.10102633201555966,0.4103526681345621,0.5299023832174811,0.015340137578840764,0.016029493439765157,0.005712434224170372,0.8615919496154502,0.025810133319413817,0.08013039862568644
hybrid-PCG,128,182531,32768,16,16,256,ID,48,0.8622339721057245,0.15205529890635738,0.11742335383314635,0.7586890021339059,0.8162195889538167,0.02288629145671919,0.024399689432660382,0.006259176631525961,0.6996173402294517,0.04301669220009428,0.2309098537061626
hybrid-PCG,128,182531,32768,16,16,256,OOD,120,0.7024841737036704,0.1562016724193368,0.09446752328852498,0.27101813453482465,0.2498237480324173,0.012321676027689393,0.012681415042607065,0.005493737261228137,0.9263817933698495,0.02794802530467375,0.044699140051294994
hybrid-PCG,128,182531,32768,16,24,576,All,168,0.7780574600720818,0.16175970283004584,0.1964401691442444,0.669664441829636,0.47155623527241775,0.022514849586600747,0.025125283287793704,0.010502572400755908,0.766847352585977,0.02446086275483758,0.07130745266208549
hybrid-PCG,128,182531,32768,16,24,576,ID,48,0.8738981037590356,0.16146675377566708,0.18801960457737243,0.8302772783984741,0.6010396353815058,0.02034741372820761,0.025601677111505173,0.010172875069353366,0.6331313651365539,0.04567920814120264,0.17003509368776198
hybrid-PCG,128,182531,32768,16,24,576,OOD,120,0.7397212025973002,0.1457272035629039,0.19980839497099318,0.6054193072021008,0.39346331611427177,0.023381823929958002,0.024934725758309118,0.010634451333316924,0.8203337475657463,0.026073905033626228,0.0703995197036137
hybrid-PCG,128,182531,32768,16,32,1024,All,168,0.7913852130847968,0.15853098491680176,0.27553787020345527,0.8375206946262291,0.4526763102641538,0.026500848177376905,0.03035823316756809,0.013924096103957144,0.7056608224021537,0.023972624804543326,0.06845248169979345
hybrid-PCG,128,182531,32768,16,32,1024,ID,48,0.8955117625705177,0.11629467991570498,0.2696749800816178,1.0321847889572382,0.512977456297043,0.02348786208312953,0.029631977357591155,0.013005759285685245,0.5541825971255699,0.03289995472978028,0.1451221595158406
hybrid-PCG,128,182531,32768,16,32,1024,OOD,120,0.7497345932905084,0.15428887604979566,0.27788302625219025,0.7596550568938255,0.40279074268774223,0.027706042615075855,0.030648735491558866,0.014291430831265902,0.7662521125127871,0.02760578260963327,0.07206840806994959
hybrid-PCG,128,182531,32768,16,48,2304,All,168,0.8065638591772338,0.14627988128880332,0.46624136467774707,1.4360667334071227,0.9772138018502979,0.03959700406440307,0.04092795527096656,0.020671872593950254,0.6021015450491437,0.022120046200621087,0.147771615989599
hybrid-PCG,128,182531,32768,16,48,2304,ID,48,0.894234292130843,0.10912770304065571,0.4697325633217891,2.0095193535089493,1.4094428609991136,0.0429781551744478,0.044710104508946295,0.018424060700150787,0.4273224835439275,0.030872405276018377,0.398733685450565
hybrid-PCG,128,182531,32768,16,48,2304,OOD,120,0.7714956859957901,0.1448618802475797,0.4648448852201303,1.206685685366392,0.6081426970430315,0.03824454362038518,0.039415095575774654,0.021570997351470046,0.6720131696512301,0.02591907904784241,0.10881053462848289
hybrid-PCG,128,182531,32768,32,8,64,All,168,0.5113357206754252,0.2753507521621602,3.081933620477241e-06,2.5156728637074404e-05,4.416264068604153e-05,8.833017135078166e-07,3.6586706303729615e-07,1.3317350890622898e-06,1.0,0.04163779260373898,6.678154533007817e-06
hybrid-PCG,128,182531,32768,32,8,64,ID,48,0.7639285889874764,0.23405296095598863,2.048789009260569e-06,6.389954284219655e-05,6.837913744456832e-05,1.6944833080382675e-06,4.3353763867770567e-07,1.7951856491708422e-06,1.0,0.06621396460615882,1.934456957118221e-05
hybrid-PCG,128,182531,32768,32,8,64,OOD,120,0.4102985733506047,0.22075772704567642,3.4951914649639095e-06,9.659602955025549e-06,6.534203856460382e-06,5.588290756956364e-07,3.3879883278113234e-07,1.146354865018869e-06,1.0,0.03949856903651852,1.1691174101900626e-06
hybrid-PCG,128,182531,32768,32,12,144,All,168,0.738233445184776,0.165172497137825,4.362460005933956e-06,5.4097406551323965e-05,7.612312903627308e-05,1.652418979636834e-06,5.485826403087014e-07,2.296171077022434e-06,1.0,0.024976936237371027,1.1511132743495655e-05
hybrid-PCG,128,182531,32768,32,12,144,ID,48,0.8500356493655409,0.15414857037704524,4.4879476466993156e-06,0.0001311541191928929,0.00010799918143413943,3.308878402682088e-06,8.195309799674533e-07,3.5365894390793073e-06,1.0,0.04360888211516769,3.055314467189722e-05
hybrid-PCG,128,182531,32768,32,12,144,OOD,120,0.69351256351247,0.1477933060425541,4.312264949627812e-06,2.3274721494696376e-05,1.3126541663985723e-05,9.898352104187325e-07,4.4020330444520063e-07,1.8000037321996843e-06,1.0,0.026443577672138677,2.348636303989484e-06
hybrid-PCG,128,182531,32768,32,16,256,All,168,0.7476055091003566,0.17021002502134674,4.238610157174024e-05,0.0003005178694073492,0.0016320885440716563,1.3084160960779285e-05,1.4116682890407418e-05,3.957768038377805e-06,1.0,0.02573869751676678,0.0002467999951893096
hybrid-PCG,128,182531,32768,32,16,256,ID,48,0.8611704376528427,0.14978076842939408,0.00013425743522787003,0.0009475227149474841,0.0029773201421959897,4.127590726217433e-05,4.725691469135049e-05,7.730946739078112e-06,1.0,0.04237322381634844,0.0008422887269246693
hybrid-PCG,128,182531,32768,32,16,256,OOD,120,0.702179537679362,0.15656887130564356,5.637568109288319e-06,4.1715931191295266e-05,2.6036770549653624e-05,1.8074624402212672e-06,8.60590170030188e-07,2.4484965580976827e-06,1.0,0.028013725521626606,4.658569341179614e-06
hybrid-PCG,128,182531,32768,32,24,576,All,168,0.7780919496048361,0.1599945821583875,0.02955692578715176,0.12767354682416351,0.23559024823039662,0.003940308744003663,0.004021958712655711,0.0009764198409513725,0.9749984786446605,0.024193946002767846,0.03562531722994397
hybrid-PCG,128,182531,32768,32,24,576,ID,48,0.8720568170096739,0.16147386880518683,0.035978025262011167,0.22308308184437917,0.38869110318456185,0.004879787639765658,0.005040621528981571,0.001206265596617073,0.9211309487000108,0.04568122099466482,0.1099613473970575
hybrid-PCG,128,182531,32768,32,24,576,OOD,120,0.740506002642901,0.14366469947724367,0.026988485997207996,0.08950973281607726,0.11436507913433479,0.003564517185698865,0.0036144935861253677,0.0008844815386850924,0.9965454906225204,0.02570487622948975,0.020462508986694595
hybrid-PCG,128,182531,32768,32,32,1024,All,168,0.7894695816921902,0.15958509608609325,0.07584352724855606,0.3144980597495478,0.45750887609111446,0.008452301423988326,0.00850016926865676,0.0024955867657981733,0.93524507264651,0.024132024631504382,0.06918324917388556
hybrid-PCG,128,182531,32768,32,32,1024,ID,48,0.8949560211989739,0.11863899584068908,0.09851487244789796,0.5911960944067687,0.7223173912236718,0.011001748125029992,0.011248375422534637,0.00289797777713824,0.8393919955318173,0.03356316553065428,0.20434476872903423
hybrid-PCG,128,182531,32768,32,32,1024,OOD,120,0.7472750058894768,0.15458702955214657,0.06677498916881931,0.20381884588665947,0.21081381948655942,0.00743252274357166,0.00740088680710561,0.002334630361262147,0.9735863034923872,0.027659129039919943,0.03771937822642618
hybrid-PCG,128,182531,32768,32,48,2304,All,168,0.8048292345843344,0.14679199714373245,0.18447383908954046,0.6301697079934889,0.5700345366464714,0.014499375764335944,0.014445227200797313,0.005687821355552659,0.8346999439721307,0.022197486968765667,0.08619907382666658
hybrid-PCG,128,182531,32768,32,48,2304,ID,48,0.8960303415761026,0.11147006127613872,0.21544525935314593,1.0193977632249396,0.7478147351685039,0.016991897403689366,0.017049972365687865,0.00621913470361803,0.699803349096328,0.031535062243337755,0.21155800894021717
hybrid-PCG,128,182531,32768,32,48,2304,OOD,120,0.768348791787627,0.14364844340697586,0.1720852709840983,0.4744784859009087,0.3867611060606745,0.013502367108594574,0.013403329134841092,0.005475296016326511,0.8886585819224516,0.025701967649471615,0.06920034217065929
hybrid-PCG,128,182531,32768,48,8,64,All,168,0.5113357206754252,0.2753507521621602,3.0819324913909983e-06,2.5156744344128707e-05,4.416268530083453e-05,9.151480032612437e-07,4.2133772745888195e-07,1.3317080652188094e-06,1.0,0.04163779260373898,6.678161279535594e-06
hybrid-PCG,128,182531,32768,48,8,64,ID,48,0.7639285889874764,0.23405296095598863,2.048777839528763e-06,6.389961437963777e-05,6.837919947672534e-05,1.7077610288869967e-06,4.867793895376357e-07,1.7951671808328722e-06,1.0,0.06621396460615882,1.9344587120180662e-05
hybrid-PCG,128,182531,32768,48,8,64,OOD,120,0.4102985733506047,0.22075772704567642,3.4951943521358923e-06,9.65959632992508e-06,6.534183698419314e-06,5.981027930109424e-07,3.951610626273805e-07,1.1463244189731843e-06,1.0,0.03949856903651852,1.1691138034588853e-06
hybrid-PCG,128,182531,32768,48,12,144,All,168,0.738233445184776,0.165172497137825,4.07794070427025e-06,5.373531482853823e-05,7.516911284790471e-05,1.635629687817592e-06,5.476101262182792e-07,2.2977615680628915e-06,1.0,0.024976936237371027,1.1366869007588016e-05
hybrid-PCG,128,182531,32768,48,12,144,ID,48,0.8500356493655407,0.1541485703770452,3.459379473251071e-06,0.00012981192336759402,0.00010659589148222481,3.1688767130333417e-06,6.377592303152824e-07,3.542807942125137e-06,1.0,0.04360888211516768,3.0156151654467613e-05
hybrid-PCG,128,182531,32768,48,12,144,OOD,120,0.69351256351247,0.1477933060425541,4.325365196677922e-06,2.3304671412915922e-05,1.3169801351153519e-05,1.0223308777312923e-06,5.115504845794779e-07,1.7997430184379936e-06,1.0,0.026443577672138677,2.3563764441103405e-06
hybrid-PCG,128,182531,32768,48,16,256,All,168,0.7476055091003566,0.1702100250213467,4.889467088478991e-06,8.14960290567509e-05,0.000104256147805443,2.392707904231797e-06,7.110227936582955e-07,3.0544069956035745e-06,1.0,0.02573869751676677,1.5765331403312394e-05
hybrid-PCG,128,182531,32768,48,16,256,ID,48,0.8611704376528427,0.1497807684293941,5.565770171263769e-06,0.00018538526016221958,0.000149370763196872,4.385082194839167e-06,1.0189014515068113e-06,4.640056388893754e-06,1.0,0.04237322381634845,4.2257232666979215e-05
hybrid-PCG,128,182531,32768,48,16,256,OOD,120,0.702179537679362,0.15656887130564356,4.618945855365079e-06,3.994033661456342e-05,1.8617421110946276e-05,1.5957581879888494e-06,5.878713305188891e-07,2.420147238287503e-06,1.0,0.028013725521626606,3.3310792916458005e-06
hybrid-PCG,128,182531,32768,48,24,576,All,168,0.7779604408665607,0.15965252548528217,0.0001061995787624997,0.0008143058736485138,0.004517821985303595,5.627533365559946e-05,5.271829300365006e-05,5.854849685790534e-06,1.0,0.024142221122041545,0.0006831727655274388
hybrid-PCG,128,182531,32768,48,24,576,ID,48,0.8715584233602116,0.16137542907219682,0.000332300714191536,0.002589982370106222,0.008243248777780834,0.00017795394507420128,0.00016974841840658718,1.174233127206388e-05,1.0,0.04565337223355786,0.002332028531415921
hybrid-PCG,128,182531,32768,48,24,576,OOD,120,0.7405212478691003,0.1433091687771422,1.5759124590885175e-05,0.00010403527506543056,0.00015882980289105101,7.603889088158729e-06,5.906242842475223e-06,3.4998570512811966e-06,1.0,0.02564126371594157,2.8418257510192445e-05
hybrid-PCG,128,182531,32768,48,32,1024,All,168,0.7901103219988037,0.16026687729295389,0.015375259165305457,0.07755669924953115,0.22067502111793916,0.0018101846974318226,0.0018409162012074324,0.00035859370619830484,0.9868121344063964,0.024235121733180976,0.03336987711122432
hybrid-PCG,128,182531,32768,48,32,1024,ID,48,0.8952784745057422,0.11923132524899707,0.025697381610977222,0.18713282442028378,0.38065273232343344,0.0033137829985510343,0.003189081257914901,0.0006253163206034825,0.9539221903930107,0.0337307364868887,0.10768727916260343
hybrid-PCG,128,182531,32768,48,32,1024,OOD,120,0.7480430609960284,0.15551653778179464,0.01124641018703675,0.03372624918123009,0.06581585682565179,0.0012087453769841381,0.0013016501785244445,0.00025190466043623376,0.9999681120117505,0.02782543916400983,0.011775950945480349
hybrid-PCG,128,182531,32768,48,48,2304,All,168,0.8035245364454927,0.14661453991043294,0.06879650738569792,0.24962334586251966,0.3269685520410895,0.005276849971951762,0.005206104995782573,0.0017004799248773728,0.9531705494792688,0.02217065236810401,0.04944329605395079
hybrid-PCG,128,182531,32768,48,48,2304,ID,48,0.8946192318836054,0.11294802838979764,0.07987452051020223,0.41843751550186425,0.47294964174786774,0.006737647143988044,0.006720998157106754,0.0017379911178825626,0.8861341346055269,0.03195318155169071,0.13379822545837158
hybrid-PCG,128,182531,32768,48,48,2304,OOD,120,0.7670866582702477,0.14297468316489428,0.06436530213589621,0.18209767800678187,0.21352589725969226,0.004692531103137249,0.004600147731252901,0.001685475447675297,0.9799851154287657,0.02558141664637846,0.03820463050995024
hybrid-PCG,128,182531,32768,64,8,64,All,168,0.5113357206754252,0.2753507521621602,3.0819374118994435e-06,2.5156688637578223e-05,4.4162699018896973e-05,9.628070373984038e-07,4.901703575519551e-07,1.3316688765876334e-06,1.0,0.04163779260373898,6.6781633539437245e-06
hybrid-PCG,128,182531,32768,64,8,64,ID,48,0.7639285889874764,0.23405296095598863,2.0487956196764876e-06,6.389961476333085e-05,6.837919879441778e-05,1.7283081354217227e-06,5.340726974741491e-07,1.7951651027914295e-06,1.0,0.06621396460615882,1.934458692715474e-05
hybrid-PCG,128,182531,32768,64,8,64,OOD,120,0.4102985733506047,0.22075772704567642,3.4951941287886257e-06,9.659518187277172e-06,6.5341288266141565e-06,6.566065981890764e-07,4.726094215830775e-07,1.1462703861061149e-06,1.0,0.03949856903651852,1.1691039856472364e-06
hybrid-PCG,128,182531,32768,64,12,144,All,168,0.738233445184776,0.165172497137825,4.077999445176569e-06,5.373157776353074e-05,7.516116892757929e-05,1.6987853025660742e-06,6.535969486689975e-07,2.2976814235792495e-06,1.0,0.024976936237371027,1.1365667749540331e-05
hybrid-PCG,128,182531,32768,64,12,144,ID,48,0.8500356493655407,0.1541485703770452,3.4595779870490637e-06,0.0001297988717396645,0.00010658548980674778,3.227122647331271e-06,7.373567291561282e-07,3.5426576860212813e-06,1.0,0.04360888211516768,3.0153209003500637e-05
hybrid-PCG,128,182531,32768,64,12,144,OOD,120,0.69351256351247,0.1477933060425541,4.325368028427571e-06,2.3304660173077232e-05,1.3169807484644776e-05,1.0874503646599957e-06,6.200930364741453e-07,1.7996909186024367e-06,1.0,0.026443577672138677,2.3563775415311694e-06
hybrid-PCG,128,182531,32768,64,16,256,All,168,0.7476055091003566,0.1702100250213467,4.721119920992307e-06,8.118243302608483e-05,0.00010344593656310391,2.411548699060837e-06,7.31643966152736e-07,3.053860793789638e-06,1.0,0.02573869751676677,1.564281346061992e-05
hybrid-PCG,128,182531,32768,64,16,256,ID,48,0.8611704376528427,0.1497807684293941,4.94306482560584e-06,0.00018422068721214894,0.0001481889943264783,4.3714925202683235e-06,8.806907250876369e-07,4.639825540664333e-06,1.0,0.04237322381634845,4.192290832501276e-05
hybrid-PCG,128,182531,32768,64,16,256,OOD,120,0.702179537679362,0.15656887130564356,4.632341959146894e-06,3.996713135165919e-05,1.8675443954931987e-05,1.6275711705778424e-06,6.720252625787755e-07,2.41947489503976e-06,1.0,0.028013725521626606,3.3414608956763154e-06
hybrid-PCG,128,182531,32768,64,24,576,All,168,0.7779604408665607,0.15965252548528217,8.295412250108568e-06,0.00014583911522656569,0.00018058073655552456,3.952995466452844e-06,1.1018360872583344e-06,4.219276888423315e-06,1.0,0.024142221122041545,2.7306928337356642e-05
hybrid-PCG,128,182531,32768,64,24,576,ID,48,0.8715584233602116,0.16137542907219682,1.3603375307978041e-05,0.0003205851799823939,0.0002628208336645761,6.755497996853895e-06,2.0186381467131773e-06,6.664412675642477e-06,1.0,0.04565337223355786,7.435244274179358e-05
hybrid-PCG,128,182531,32768,64,24,576,OOD,120,0.7405212478691003,0.1433091687771422,6.172227026960779e-06,7.594068932423442e-05,3.517343205605248e-05,2.831994454292423e-06,7.351152634763972e-07,3.2412225735356514e-06,1.0,0.02564126371594157,6.29332550624525e-06
hybrid-PCG,128,182531,32768,64,32,1024,All,168,0.7901139433674154,0.16035031162431404,0.000953938921308383,0.006560086410207124,0.036178644019295575,0.00017511648546462923,0.00020268204509898047,1.5830893297044936e-05,0.9999696303691182,0.02424773844607508,0.0054708362498780425
hybrid-PCG,128,182531,32768,64,32,1024,ID,48,0.8950928663079206,0.11940175865558245,0.0033069529134005728,0.022650983423166755,0.06542588013226734,0.00059748605611767,0.0007000427001055087,4.404052153005644e-05,0.999893706291914,0.03377895237574248,0.018509088258103042
hybrid-PCG,128,182531,32768,64,32,1024,OOD,120,0.7481223741912133,0.15565772346835563,1.2733324471507027e-05,0.0001237276050232723,6.304138005758594e-05,6.168657203412901e-06,3.737783096369185e-06,4.547042003840337e-06,1.0,0.027850700488549755,1.1279534065173408e-05
hybrid-PCG,128,182531,32768,64,48,2304,All,168,0.8038032448170286,0.1466545984605483,0.023558054877477273,0.09311042791679414,0.16550603170532063,0.0019250685494127502,0.0018539959076925678,0.0005429018020370871,0.9816037998312995,0.022176709913211887,0.025027372428441906
hybrid-PCG,128,182531,32768,64,48,2304,ID,48,0.8952811166085334,0.11257787335725755,0.030806874122693697,0.17915166227127577,0.26000914205607606,0.002464357907835271,0.0023444853762460104,0.0006952918609688729,0.9389880883196989,0.03184846408892804,0.0735570105973412
hybrid-PCG,128,182531,32768,64,48,2304,OOD,120,0.7672120961004267,0.1430094826692514,0.020658527179390707,0.05869393417500149,0.08694602872674913,0.0017093528060437419,0.0016578001202711904,0.0004819457784643727,0.9986500844359398,0.025587643067730415,0.015556618398250007
hybrid-PCG,128,182531,32768,96,8,64,All,168,0.5113357206754252,0.2753507521621602,3.081950879898646e-06,2.5156653979333677e-05,4.416268870559638e-05,1.0198145219303137e-06,5.69513094123273e-07,1.3316582672118216e-06,1.0,0.04163779260373898,6.678161794394431e-06
hybrid-PCG,128,182531,32768,96,8,64,ID,48,0.7639285889874764,0.23405296095598863,2.0487755758580306e-06,6.389961590493611e-05,6.837916295036649e-05,1.7505774128068197e-06,6.184250572379332e-07,1.7951635539562953e-06,1.0,0.06621396460615882,1.9344576786814135e-05
hybrid-PCG,128,182531,32768,96,8,64,OOD,120,0.4102985733506047,0.22075772704567642,3.495221001514892e-06,9.6594692090927e-06,6.534059286012238e-06,7.275093655797112e-07,5.49948308877409e-07,1.146256152514032e-06,1.0,0.03949856903651852,1.1690915432548342e-06
hybrid-PCG,128,182531,32768,96,12,144,All,168,0.738233445184776,0.165172497137825,4.0780051795948e-06,5.373178481974532e-05,7.5161867262075e-05,1.8479600808315614e-06,8.658070956053214e-07,2.2977026647468048e-06,1.0,0.024976936237371027,1.1365773349785373e-05
hybrid-PCG,128,182531,32768,96,12,144,ID,48,0.8500356493655407,0.1541485703770452,3.4595730771987596e-06,0.00012979968509320119,0.00010658663517488441,3.3389610424687057e-06,9.144021309026584e-07,3.5425539467818603e-06,1.0,0.04360888211516768,3.0153533030015618e-05
hybrid-PCG,128,182531,32768,96,12,144,OOD,120,0.69351256351247,0.1477933060425541,4.325378020553216e-06,2.3304624710362988e-05,1.3169761841041145e-05,1.2515596961767035e-06,8.463690814863867e-07,1.7997621519327823e-06,1.0,0.026443577672138677,2.3563693748542735e-06
hybrid-PCG,128,182531,32768,96,16,256,All,168,0.7476055091003566,0.1702100250213467,4.722992181476522e-06,8.115271811263297e-05,0.00010335557433070294,2.5508594950181194e-06,9.722650321667255e-07,3.0536918064258532e-06,1.0,0.02573869751676677,1.562914912935379e-05
hybrid-PCG,128,182531,32768,96,16,256,ID,48,0.8611704376528427,0.1497807684293941,4.949595253359955e-06,0.00018411738911554903,0.00014803802643056753,4.465894001270954e-06,1.0537390622289422e-06,4.6394963698996134e-06,1.0,0.04237322381634845,4.188019926089466e-05
hybrid-PCG,128,182531,32768,96,16,256,OOD,120,0.702179537679362,0.15656887130564356,4.632350952723148e-06,3.996684971146654e-05,1.8675394607640333e-05,1.7848456925169861e-06,9.396754201418389e-07,2.4193699810363495e-06,1.0,0.028013725521626606,3.3414520663255504e-06
hybrid-PCG,128,182531,32768,96,24,576,All,168,0.7779604408665607,0.15965252548528217,6.867873883904741e-06,0.0001413162501107358,0.00016196285318680206,3.847717543354043e-06,9.775067917010866e-07,4.149368895885648e-06,1.0,0.024142221122041545,2.449158259981919e-05
hybrid-PCG,128,182531,32768,96,24,576,ID,48,0.8715584233602116,0.16137542907219682,7.970785494156493e-06,0.0003039511562595169,0.00022848651947688338,6.272417005940649e-06,1.1920475249856584e-06,6.419581329926889e-06,1.0,0.04565337223355786,6.463920922782786e-05
hybrid-PCG,128,182531,32768,96,24,576,OOD,120,0.7405212478691003,0.1433091687771422,6.42670923980404e-06,7.626228765122337e-05,3.545674450547256e-05,2.8778377583194015e-06,8.91690498387258e-07,3.241283922269152e-06,1.0,0.02564126371594157,6.34401653523926e-06
hybrid-PCG,128,182531,32768,96,32,1024,All,168,0.7901122197049775,0.16034970385300545,1.1866854035382449e-05,0.00021354519961794104,0.0002597229400674984,5.3090566054725924e-06,1.1936152857639995e-06,5.85853229108038e-06,1.0,0.024247646540549138,3.927459732013025e-05
hybrid-PCG,128,182531,32768,96,32,1024,ID,48,0.8950868334893878,0.11940427534307153,1.8562284414731427e-05,0.0004556171656985917,0.0003862044363183619,8.488547431776775e-06,1.863094216976909e-06,9.286409820674635e-06,1.0,0.03377966435074013,0.00010925786528261062
hybrid-PCG,128,182531,32768,96,32,1024,OOD,120,0.7481223741912133,0.15565772346835566,9.188681883642857e-06,0.00011671641318568078,5.161911025105626e-05,4.037260274950919e-06,9.258237132788357e-07,4.487381279242678e-06,1.0,0.027850700488549762,9.235830687064225e-06
hybrid-PCG,128,182531,32768,96,48,2304,All,168,0.8036908478236562,0.14684970174393544,0.0007797101149467888,0.004422430058119539,0.01720816910371561,0.00013862435997950002,0.00013163792153865174,1.798842262701248e-05,1.0,0.02220621290162282,0.002602172576629138
hybrid-PCG,128,182531,32768,96,48,2304,ID,48,0.8954116274530612,0.11232985634286458,0.002087707296463251,0.013356408322882344,0.03026302874066436,0.0002886876081238973,0.0002748385257025973,3.406255775454482e-05,1.0,0.03177829967081658,0.008561460217058815
hybrid-PCG,128,182531,32768,96,48,2304,OOD,120,0.7670025359718943,0.1432793607881466,0.0002565112423402039,0.000848838752214418,0.0029613693237385747,7.859906072174112e-05,7.435767987307354e-05,1.155876857599954e-05,1.0,0.02563593039000576,0.0005298562013737091
hybrid-PCG,128,182531,32768,128,8,64,All,168,0.5113357206754252,0.2753507521621602,3.0819555589071492e-06,2.5156705478455698e-05,4.416272741297713e-05,1.0109336947667067e-06,5.474137275537519e-07,1.331664853731511e-06,1.0,0.04163779260373898,6.678167647619378e-06
hybrid-PCG,128,182531,32768,128,8,64,ID,48,0.7639285889874764,0.23405296095598863,2.048793417290066e-06,6.389968371676492e-05,6.837922912025523e-05,1.7852040710882495e-06,6.444211892997487e-07,1.7951791567346238e-06,1.0,0.06621396460615882,1.9344595506383642e-05
hybrid-PCG,128,182531,32768,128,8,64,OOD,120,0.4102985733506047,0.22075772704567642,3.495220415553983e-06,9.659514183132007e-06,6.534098311862794e-06,7.012255442380895e-07,5.086107428553532e-07,1.1462591325302658e-06,1.0,0.03949856903651852,1.1690985258654682e-06
hybrid-PCG,128,182531,32768,128,12,144,All,168,0.738233445184776,0.165172497137825,4.078007597470224e-06,5.3731749771716804e-05,7.516168084238481e-05,1.8862006600426997e-06,9.239995824557246e-07,2.2976962556513282e-06,1.0,0.024976936237371027,1.136574515990633e-05
hybrid-PCG,128,182531,32768,128,12,144,ID,48,0.8500356493655407,0.1541485703770452,3.459579289710746e-06,0.00012979956420619513,0.00010658625851976938,3.3327941710107703e-06,9.55515027101228e-07,3.5425203535055516e-06,1.0,0.04360888211516768,3.0153426473668908e-05
hybrid-PCG,128,182531,32768,128,12,144,OOD,120,0.69351256351247,0.1477933060425541,4.3253789205740155e-06,2.330462399792547e-05,1.3169752731041063e-05,1.3075632556554714e-06,9.113934045975233e-07,1.7997666165096385e-06,1.0,0.026443577672138677,2.3563677448684424e-06
hybrid-PCG,128,182531,32768,128,16,256,All,168,0.7476055091003566,0.1702100250213467,4.722995489222133e-06,8.11527875373954e-05,0.00010335590776583173,2.6282520398776147e-06,1.0962036380000144e-06,3.0537342275189464e-06,1.0,0.02573869751676677,1.562919955050801e-05
hybrid-PCG,128,182531,32768,128,16,256,ID,48,0.8611704376528427,0.1497807684293941,4.949608448138558e-06,0.00018411787804474317,0.00014803847270863075,4.528718515454481e-06,1.1799845426689142e-06,4.6395388319335025e-06,1.0,0.04237322381634845,4.188032551368703e-05
hybrid-PCG,128,182531,32768,128,16,256,OOD,120,0.702179537679362,0.15656887130564356,4.632350305655564e-06,3.99667513344563e-05,1.867528097297829e-05,1.8680654496468681e-06,1.0626912761324547e-06,2.419412385753124e-06,1.0,0.028013725521626606,3.341431734504764e-06
hybrid-PCG,128,182531,32768,128,24,576,All,168,0.7779604408665607,0.15965252548528217,6.88385328219608e-06,0.00014128363082881586,0.00016187820607003683,3.947301225691392e-06,1.2477599624849928e-06,4.148912710531606e-06,1.0,0.024142221122041545,2.447878249281131e-05
hybrid-PCG,128,182531,32768,128,24,576,ID,48,0.8715584233602116,0.16137542907219682,8.02595333955954e-06,0.00030384543371531764,0.000228348433153115,6.359520526189044e-06,1.4649014161705054e-06,6.417912885581245e-06,1.0,0.04565337223355786,6.460014438149031e-05
hybrid-PCG,128,182531,32768,128,24,576,OOD,120,0.7405212478691003,0.1433091687771422,6.427013259250695e-06,7.625890967421515e-05,3.5454918013971694e-05,2.9824135054923318e-06,1.1609033810107879e-06,3.241312640511751e-06,1.0,0.02564126371594157,6.343689734444529e-06
hybrid-PCG,128,182531,32768,128,32,1024,All,168,0.7901122197049775,0.16034970385300545,1.0762694594339856e-05,0.00020863483543850293,0.0002304893740339801,5.339884249825186e-06,1.3349159126667992e-06,5.851945411720971e-06,1.0,0.024247646540549138,3.4853976893226556e-05
hybrid-PCG,128,182531,32768,128,32,1024,ID,48,0.8950868334893878,0.11940427534307153,1.4154657975495866e-05,0.0004376315585734854,0.0003270338646612962,8.448918407566453e-06,1.8053470801267697e-06,9.26084197298375e-06,1.0,0.03377966435074013,9.251841400019827e-05
hybrid-PCG,128,182531,32768,128,32,1024,OOD,120,0.7481223741912133,0.15565772346835566,9.405909241877453e-06,0.00011703614618450991,5.196115024749842e-05,4.096270586728679e-06,1.1467434456828112e-06,4.488386787215859e-06,1.0,0.027850700488549762,9.29702940746021e-06
hybrid-PCG,128,182531,32768,128,48,2304,All,168,0.8036908478236562,0.14684970174393544,2.221549205961172e-05,0.00036678620998434027,0.00039963656103295163,7.969377187626897e-06,1.6003659597106975e-06,1.2492968999194567e-05,1.0,0.02220621290162282,6.043195493202015e-05
hybrid-PCG,128,182531,32768,128,48,2304,ID,48,0.8954116274530612,0.11232985634286458,3.2892643294717066e-05,0.0007673644919728917,0.0005623895908526542,1.2298240212279174e-05,2.472735152044455e-06,2.1174251429556534e-05,1.0,0.03177829967081658,0.00015910093301742948
hybrid-PCG,128,182531,32768,128,48,2304,OOD,120,0.7670025359718943,0.1432793607881466,1.794463156556958e-05,0.00020655489718891972,9.272255812054793e-05,6.237831977765988e-06,1.2514182827771947e-06,9.02045602704978e-06,1.0,0.02563593039000576,1.6590170646254586e-05
identity-CG,0,0,0,1,8,64,All,168,0.5656997010094273,0.26061409902649363,1.238107413408302,1.2381074212136722,0.6489534618264374,0.38707485812760534,0.3870748584823949,0.36865508609584396,0.13310859779830064,0.03940935595659752,0.0981329792667295
identity-CG,0,0,0,1,8,64,ID,48,0.8262057250693656,0.1835875425918785,1.7837683719893296,1.7837683632969856,0.9105115734143922,0.3847465372333924,0.38474653599162895,0.3913900072996815,0.10002125658259801,0.05193721539628864,0.25758520998542384
identity-CG,0,0,0,1,8,64,OOD,120,0.461497291385452,0.20900053262235382,1.0198430299758912,1.019843044380347,0.3089353517559036,0.3880061864852905,0.38800618747870125,0.359561117614309,0.14634353428458172,0.037394940040966794,0.05527554791605053
identity-CG,0,0,0,1,12,144,All,168,0.6971703420236972,0.21335242804546992,1.6084292807749339,1.6084292868063563,0.7011144574527121,0.3970635515593347,0.39706355209151906,0.4035020245327836,0.09878370832164014,0.032262574482562936,0.10602062330197187
identity-CG,0,0,0,1,12,144,ID,48,0.8393462534204416,0.1688448483070226,2.3376886819799743,2.3376886869470277,0.9441240384406503,0.3867295812815428,0.3867295825233062,0.4518874827772379,0.058540602757905874,0.0477664831244571,0.26709423119363196
identity-CG,0,0,0,1,12,144,OOD,120,0.6402999774649996,0.20299092734260338,1.3167255202929178,1.3167255267500877,0.19355395846856255,0.4011971396704515,0.4011971399188042,0.3841478412350019,0.11488095054713383,0.036319685225649115,0.034631197254898924
identity-CG,0,0,0,1,16,256,All,168,0.7084582380671263,0.19435130114848914,1.7144783962340582,1.7144784054585867,0.645398008740794,0.39767290598579813,0.39767290509882425,0.41575003716917264,0.1068999008705196,0.02938927569996917,0.09759533331141663
identity-CG,0,0,0,1,16,256,ID,48,0.839117737458133,0.16401398968944828,2.3559326057632766,2.355932625631491,0.9232841203474202,0.38507095413903397,0.3850709522763888,0.4639975807319085,0.06536989668287177,0.046399825338053056,0.26119858435633403
identity-CG,0,0,0,1,16,256,OOD,120,0.6561944383107235,0.1809507069598489,1.457896712422371,1.4578967173894246,0.12455900427643656,0.40271368672450386,0.40271368622779846,0.3964510197440783,0.12351190254557873,0.03237618943948266,0.02228643361831167
identity-CG,0,0,0,1,24,576,All,168,0.7295638411227753,0.18857944961246143,1.7425530453523,1.7425530453523,0.6163581054030116,0.39891158416867256,0.3989115839025804,0.40308782724397524,0.10172952861120432,0.028516471993026107,0.09320399803117337
identity-CG,0,0,0,1,24,576,ID,48,0.8554021983151499,0.17322864577537905,2.3517346555987992,2.351734660565853,0.8762872146203584,0.39034470232824486,0.390344699844718,0.46392492825786275,0.06271258325917486,0.04900666658218702,0.24790308303176076
identity-CG,0,0,0,1,24,576,OOD,120,0.6792284982458254,0.1706235116774755,1.4988804012537003,1.4988803992668787,0.14244133768455633,0.40233833690484366,0.40233833752572534,0.37875298683842024,0.11733630675201612,0.030528419754256488,0.02548598903187378
identity-CG,0,0,0,1,32,1024,All,168,0.7246381047886479,0.18884580666730993,1.7313646659964608,1.7313646716730935,0.5952937287890557,0.4066923704175722,0.4066923702401774,0.38464584068528246,0.08034195638624836,0.02855674978315828,0.09001870023230478
identity-CG,0,0,0,1,32,1024,ID,48,0.8569773203830909,0.15680404623095226,2.31727647036314,2.3172764852643013,0.8520733224533513,0.4060573757936557,0.4060573720683654,0.45002135323981446,0.04961203134492578,0.04436012056771677,0.2410529334229932
identity-CG,0,0,0,1,32,1024,OOD,120,0.6717024185508705,0.17448955459073073,1.496999944249789,1.4969999462366104,0.12924913493757784,0.4069463682671388,0.40694636950890223,0.35849563566346965,0.09263392640277739,0.031220142598801626,0.02312560446949121
identity-CG,0,0,0,1,48,2304,All,168,0.7281950310910629,0.19313210726789504,1.7473873985665185,1.7473873850845156,0.6057704095014284,0.40833050048067454,0.40833050065806936,0.3576896181773571,0.06017674790789546,0.029204912513940796,0.09160295542409906
identity-CG,0,0,0,1,48,2304,ID,48,0.854147229938996,0.15447425416697244,2.3403013572096825,2.340301332374414,0.8685458420417622,0.39958513031403226,0.3995851296931505,0.42965648261209327,0.03653805187301861,0.04370101859082243,0.2457130360961074
identity-CG,0,0,0,1,48,2304,OOD,120,0.6778141515518896,0.18428868632779072,1.510221815109253,1.5102218061685562,0.13604613203350102,0.4118286485473315,0.4118286490440369,0.3289028724034627,0.06963222632184621,0.032973429727610123,0.024341741556184394
identity-CG,0,0,0,2,8,64,All,168,0.600870004880463,0.25988270848825634,1.3231133332564717,1.3231133399974733,0.7075779161747021,0.20413176380541348,0.2041317649363052,0.24436188855075405,0.19793184647347686,0.03929875706662053,0.10699800996845374
identity-CG,0,0,0,2,8,64,ID,48,0.8394269152667874,0.1722726162716996,1.6961527330180008,1.6961527168750763,0.9460490172119781,0.16736369975842533,0.16736370294044411,0.2389865621613959,0.1764987189720462,0.048736204275448766,0.26763881082941904
identity-CG,0,0,0,2,8,64,OOD,120,0.5054472407259333,0.22566141633305348,1.17389757335186,1.173897589246432,0.52013615631557,0.21883898942420876,0.21883898973464963,0.24651201910649734,0.20650509747404913,0.04037595037416485,0.09306416655743648
identity-CG,0,0,0,2,12,144,All,168,0.7330107950906287,0.1943163295765247,1.9224003915275847,1.9224003972042174,0.8138598960045442,0.23105323172750922,0.23105323248143703,0.25996456153336023,0.1258731148222328,0.02938398739387577,0.1230696821862349
identity-CG,0,0,0,2,12,144,ID,48,0.8617179035184773,0.14227002963999744,2.642505077024301,2.642505094408989,1.0444633641675296,0.1727494873727361,0.1727494878383974,0.27842793148010964,0.07262436117161992,0.040248423556031594,0.2954803901858044
identity-CG,0,0,0,2,12,144,OOD,120,0.6815279517194893,0.18878663630078482,1.6343585173288981,1.6343585183223088,0.45370887540867944,0.25437472946941847,0.2543747303386529,0.25257921355466045,0.14717261628247794,0.033778215090771405,0.08117881796320066
identity-CG,0,0,0,2,16,256,All,168,0.7462457553042112,0.18231017513613929,2.2122388843979155,2.212238895751181,0.7252789479981424,0.23874181491278462,0.2387418143806003,0.2825993171760014,0.11919187009750329,0.027568449340568325,0.10967471190643333
identity-CG,0,0,0,2,16,256,ID,48,0.8729412685310858,0.13338991535702407,2.730285589893659,2.7302856147289276,0.969882770318874,0.18043926140914357,0.18043926327178872,0.3061309270560741,0.07286351883764529,0.037736224733894035,0.2743814184777311
identity-CG,0,0,0,2,16,256,OOD,120,0.6955675500134613,0.17479006180998657,2.005020202199618,2.0050202081600825,0.4638231527321346,0.26206283631424104,0.26206283482412496,0.2731866732239723,0.1377232106014465,0.03127391016247696,0.08298849179188765
identity-CG,0,0,0,2,24,576,All,168,0.7557262957505382,0.17959830351214062,2.387971328837531,2.3879713259992146,0.9137473318935704,0.24950087265599338,0.24950087128118387,0.3043847833538339,0.10525236651855738,0.027158367481843197,0.1381743888434993
identity-CG,0,0,0,2,24,576,ID,48,0.8716757402376869,0.1518927136066774,2.99956185122331,2.9995618388056755,1.2313491676202506,0.17987914911160863,0.1798791474041839,0.3403075548509757,0.06369578941181918,0.04297069655349139,0.3483506889620669
identity-CG,0,0,0,2,24,576,OOD,120,0.7093465179556787,0.16900266345162593,2.1433351198832193,2.14333512087663,0.6013706070834984,0.27734956207374734,0.27734956083198387,0.2900156747549772,0.12187499736125268,0.030238413209963743,0.10759885399393464
identity-CG,0,0,0,2,32,1024,All,168,0.7514271571495974,0.18272039692303282,2.44590415982973,2.445904179697945,0.9865585234161084,0.2553621407243467,0.2553621429417814,0.3144270747545219,0.08211096739493462,0.02763048196459453,0.1491846993948252
identity-CG,0,0,0,2,32,1024,ID,48,0.8595709004823403,0.1530948548856,3.085556631286939,3.085556643704573,1.361323706066237,0.18350019212812183,0.1835001930594444,0.35534648845593136,0.04761904639841907,0.04331078428307645,0.38512069799426485
identity-CG,0,0,0,2,32,1024,OOD,120,0.7081696598165003,0.17604644819844492,2.1900431712468467,2.190043194095294,0.6347432476601816,0.2841069201628367,0.28410692289471623,0.2980593092739582,0.09590773579354082,0.03149870621000464,0.11356997702273945
identity-CG,0,0,0,2,48,2304,All,168,0.7571191531656583,0.17787540758021148,2.501054856748808,2.5010548553296497,1.011387042115664,0.26859933661208263,0.2685993359912009,0.31693024543069653,0.062332967617770706,0.02689783584018912,0.15293920053256435
identity-CG,0,0,0,2,48,2304,ID,48,0.8649566880623821,0.13887772851748206,3.2005140061179795,3.2005139912168183,1.4149493230720618,0.1933040367439389,0.19330403643349803,0.3640877262999614,0.035421980506119576,0.0392887360325659,0.4002914725570135
identity-CG,0,0,0,2,48,2304,OOD,120,0.7139841392069687,0.17383148558011763,2.221271197001139,2.2212712009747824,0.607031323732954,0.2987174565593401,0.2987174558142821,0.29806725308299065,0.07309736246243115,0.031102399113242377,0.1086116847127816
identity-CG,0,0,0,4,8,64,All,168,0.5504411838055219,0.27965709753562057,1.1090970296590101,1.109096999235806,0.4282374456179925,0.08778004268450393,0.08778004232971437,0.08983121052872207,0.33822278407890166,0.0422889864506133,0.06475690298930409
identity-CG,0,0,0,4,8,64,ID,48,0.803185758615763,0.2007338531900717,0.9364099881301323,0.9364098335305849,0.39905334681394167,0.060647848101022285,0.06064785244719431,0.06680003464377171,0.2970344345861425,0.056787934645631775,0.11289284302998466
identity-CG,0,0,0,4,8,64,OOD,120,0.44934335388142543,0.24034648896035865,1.1781718462705613,1.1781718655178943,0.4214547752122959,0.09863292051789657,0.09863291828272239,0.09904368088270223,0.35469812387600536,0.04300344324944657,0.07540782720166758
identity-CG,0,0,0,4,12,144,All,168,0.7521153465529613,0.17254279158819513,1.7195449659512156,1.7195449773044813,0.5711769366828704,0.12077798513651244,0.12077798423845139,0.10055269150152088,0.23713860064855816,0.02609145213879217,0.08637182445622751
identity-CG,0,0,0,4,12,144,ID,48,0.8564764506428951,0.14667811063575262,1.7293804809451103,1.7293804995715618,0.5930836427886452,0.08084105502348389,0.0808410562264422,0.08188332850113507,0.12324617106545092,0.04149547686329096,0.16778433039983423
identity-CG,0,0,0,4,12,144,OOD,120,0.7103709049169878,0.1647174346345162,1.7156107599536579,1.7156107683976491,0.5646738481972713,0.1367527571817239,0.13675275544325508,0.10802043670167522,0.28269557248180105,0.029471688490811034,0.10103297073502517
identity-CG,0,0,0,4,16,256,All,168,0.7647178558864735,0.17187568508851667,2.0551516133404912,2.055151616888387,0.7029280408369324,0.14318915386684233,0.14318915211506894,0.11835904319637584,0.18835792903943605,0.025990574106463934,0.10629486845376024
identity-CG,0,0,0,4,16,256,ID,48,0.8659123371729095,0.1348359423462277,1.9096145791312058,1.9096145443618298,0.6393063146905903,0.1024099815404042,0.10240997618529941,0.10120640353610112,0.09111925790784876,0.0381453081289154,0.18086079971180757
identity-CG,0,0,0,4,16,256,OOD,120,0.724240063371899,0.1688006346308918,2.1133664270242054,2.11336644589901,0.7211286167649197,0.15950082279741762,0.15950082248697675,0.12522009906048573,0.22725339749207096,0.030202265667452207,0.12902628068645056
identity-CG,0,0,0,4,24,576,All,168,0.7800454519596934,0.16747045006274067,2.2770834519040015,2.277083452258791,0.8068676951048115,0.18113471915768012,0.18113471802678843,0.15131140422696865,0.13321489005327397,0.025324426435053306,0.12201234056424691
identity-CG,0,0,0,4,24,576,ID,48,0.8752709456692752,0.15072733331395505,2.204920375098785,2.2049203738570213,0.7455596691014222,0.1184124014495561,0.11841239438702657,0.13623196732563272,0.07270407989077886,0.042641008566892735,0.21092004706979087
identity-CG,0,0,0,4,24,576,OOD,120,0.7419552544758609,0.15895134133578895,2.3059486826260884,2.305948683619499,0.8313580906571654,0.20622364624092973,0.20622364748269317,0.15734317898750302,0.15741921411827203,0.028440003497136216,0.14874883600833577
identity-CG,0,0,0,4,32,1024,All,168,0.7809019734482877,0.1696677164464552,2.3475679748115086,2.3475680120644116,0.8833314199269833,0.20699302805587644,0.20699302865458383,0.17476312656487733,0.09792577572599315,0.025656691087544228,0.13357497727707476
identity-CG,0,0,0,4,32,1024,ID,48,0.8667212251143915,0.1499137020106675,2.2893302254378796,2.2893302850425243,0.8415655263032269,0.13673367312488452,0.13673367475469902,0.1621058603438238,0.05397002436802719,0.04241083094342539,0.2380802607444198
identity-CG,0,0,0,4,32,1024,OOD,120,0.7465742727818463,0.16541883679532512,2.37086307456096,2.3708631028731664,0.9018700343096668,0.23509677002827323,0.23509677021453776,0.17982603305329875,0.11550807626917954,0.029597185260694617,0.16136502349825846
identity-CG,0,0,0,4,48,2304,All,168,0.7844620342076849,0.16726660982067676,2.625480410243784,2.6254804152108373,0.9772699674334369,0.24702349098931461,0.24702349231977544,0.20331334526694952,0.0714057931590581,0.025293602267489914,0.1477801091964773
identity-CG,0,0,0,4,48,2304,ID,48,0.8665951680390492,0.13976046635817085,2.5977991881469884,2.5977991558611393,1.0030198650620115,0.16043120366521177,0.16043121235755578,0.19079074294616774,0.03791985457549644,0.03953846400823921,0.2837559566570863
identity-CG,0,0,0,4,48,2304,OOD,120,0.7516087806751393,0.1665511294216855,2.636552899082502,2.636552918950717,0.9708294224228082,0.28166040591895575,0.28166040430466327,0.20832238619526225,0.08480016859248277,0.029799778116991707,0.17370342355589002
identity-CG,0,0,0,8,8,64,All,168,0.5106198362163429,0.27542449504725797,0.20273117598676868,0.2027311883089697,0.41722570042239393,0.011143811187101437,0.011143813685172102,0.0034884468342747704,0.8798590852834639,0.041648943802461307,0.06309173680014646
identity-CG,0,0,0,8,8,64,ID,48,0.7639089544238057,0.23407350777521002,0.5440353262272973,0.5440353859609198,0.6305487886766107,0.00984124124875049,0.009841249050187626,0.006414861974777228,0.6553199385913709,0.06621977733484696,0.1783832813110205
identity-CG,0,0,0,8,8,64,OOD,120,0.40930418893335774,0.22042747755350817,0.06620951589055718,0.0662095092481896,0.14655891268638563,0.011664839162441817,0.011664839539165892,0.0023178807780737877,0.9696747439603011,0.03943947990500656,0.02622271667737607
identity-CG,0,0,0,8,12,144,All,168,0.7374385405804736,0.16695835871710968,1.0704815148242883,1.0704815311446076,0.6769420584815157,0.05547512738987622,0.05547512691867135,0.045093450104884227,0.4514546809451921,0.025246989373138202,0.10236533880685356
identity-CG,0,0,0,8,12,144,ID,48,0.8508367581006602,0.15212490927118855,1.6958886434634526,1.6958886533975601,0.8492264672636184,0.048777559267667386,0.04877755321407065,0.036613011451360415,0.3100286923193683,0.04303638508590237,0.24024755344402646
identity-CG,0,0,0,8,12,144,OOD,120,0.692079253572399,0.1507218463088284,0.8203186633686225,0.8203186822434266,0.3706445632061689,0.05815415463875974,0.058154156400511615,0.04848562556629375,0.5080250763955215,0.026967560009842878,0.06631672677432489
identity-CG,0,0,0,8,16,256,All,168,0.7495860851165995,0.17112512030263077,1.4151808497096812,1.415180822745675,1.034974357285171,0.0796726158420954,0.07967261723907926,0.04347497424931217,0.38935707360949545,0.025877075738854675,0.1565060102448856
identity-CG,0,0,0,8,16,256,ID,48,0.8648528624731985,0.14294131765852475,2.138829621796807,2.1388295305271945,1.558998604273304,0.06655148214971021,0.06655148358549919,0.03476618643617253,0.29230441269464785,0.040438332031949846,0.44104324928328703
identity-CG,0,0,0,8,16,256,OOD,120,0.7034793741739599,0.1597590961650772,1.1257213408748308,1.1257213396330674,0.49758116963775123,0.08492106931904947,0.08492107070051129,0.04695848937456802,0.42817813797543447,0.02858452917384162,0.08902856739479767
identity-CG,0,0,0,8,24,576,All,168,0.7861698419217766,0.16075079817843305,1.7731248715094157,1.7731248711546261,1.4528113785493628,0.11702449035476002,0.11702449073172391,0.05833867835324431,0.3056289414387373,0.024308298934652115,0.21969018932174728
identity-CG,0,0,0,8,24,576,ID,48,0.8863807754012014,0.1492193089352406,2.954829511543115,2.954829520235459,2.227668974173648,0.08775324417122947,0.08775324758607889,0.0480491195339709,0.18829718977212903,0.04221438600920504,0.6302111881332212
identity-CG,0,0,0,8,24,576,OOD,120,0.7460854685300068,0.1476441883149593,1.300443015495936,1.3004430115222931,0.46202537169128083,0.12873298882817225,0.12873298798998192,0.06245450188095367,0.3525616421053807,0.026416897125383663,0.08266682795024094
identity-CG,0,0,0,8,32,1024,All,168,0.8031856786046466,0.1617527745641864,1.9797716690670877,1.9797716680027189,1.3588209444863466,0.1479310259289507,0.14793103043034314,0.07640113207578123,0.2575619471968994,0.024459815081298675,0.20547721125823906
identity-CG,0,0,0,8,32,1024,ID,48,0.9022041498177549,0.1126889348143228,2.7320400240520635,2.73203998307387,2.0359920734823924,0.11272190872114148,0.11272192020745324,0.061198617777942325,0.14314944397968546,0.03187988355637331,0.5759854801295717
identity-CG,0,0,0,8,32,1024,OOD,120,0.7635782901194034,0.16175676641743422,1.6788643270730972,1.6788643419742584,0.7964810793813634,0.1620146728120744,0.1620146745194991,0.08248213779491678,0.303326948483785,0.028941957733334793,0.14250854690905695
identity-CG,0,0,0,8,48,2304,All,168,0.8142471260311653,0.15128683783777708,2.2456445108566965,2.2456445282413844,1.5649637380605426,0.19577074560913296,0.19577074407910303,0.1120145912004989,0.12809007205179931,0.022877184565869946,0.23664956440490065
identity-CG,0,0,0,8,48,2304,ID,48,0.8961750209427094,0.10981775535379344,2.940882367392381,2.9408824319640794,2.2018967068965383,0.15026031380208826,0.15026030836937324,0.08905288703196368,0.06606079779642941,0.031067622201503425,0.6229201716626888
identity-CG,0,0,0,8,48,2304,OOD,120,0.781475968066548,0.15351269278251287,1.9675493682424228,1.9675493667523065,1.1176494946659765,0.21397491833195087,0.21397491836299495,0.121199272867913,0.1529017817539473,0.02746690580211198,0.1999728676068497
identity-CG,0,0,0,16,8,64,All,168,0.5113357206754252,0.2753507521621602,2.419292998044733e-05,2.4677841805172696e-05,4.986667677614344e-05,3.4759990110816694e-06,3.466058209799003e-06,1.2990321216171147e-06,1.0,0.04163779260373898,7.540703372475067e-06
identity-CG,0,0,0,16,8,64,ID,48,0.7639285889874764,0.23405296095598863,6.327751163699454e-05,6.422786160933983e-05,8.057786949061274e-05,1.0685880549606471e-05,1.0682185179966552e-05,1.7752495153899872e-06,1.0,0.06621396460615882,2.2795610774154585e-05
identity-CG,0,0,0,16,8,64,OOD,120,0.4102985733506047,0.22075772704567642,8.559097317828445e-06,8.857833883505842e-06,6.4824805291248994e-06,5.920463956717489e-07,5.796074217319832e-07,1.1085451641079658e-06,1.0,0.03949856903651852,1.1598629327006459e-06
identity-CG,0,0,0,16,12,144,All,168,0.7384973011442539,0.16535126604783187,0.1228354478873825,0.12283549542026079,0.1653892520918001,0.003491079494251583,0.0034910781016297774,0.0016441625163836123,0.9811406689030784,0.025003969186220495,0.025009713332579876
identity-CG,0,0,0,16,12,144,ID,48,0.8508813190388924,0.15450146685578783,0.2566421657805525,0.25664209707853536,0.18864063214111396,0.006750103732883831,0.006750114496147294,0.0021514057211788405,0.9437712542712688,0.043708717104896766,0.05336674267591893
identity-CG,0,0,0,16,12,144,OOD,120,0.6935436939863986,0.1476790629347718,0.06931276073011453,0.06931285475695098,0.119254715002989,0.0021874697987986835,0.002187463543822771,0.001441265234465521,0.9960884347558021,0.026423136986595864,0.02133737584868903
identity-CG,0,0,0,16,16,256,All,168,0.7457908774804082,0.16934053666180873,0.47427863419233335,0.4742786091796699,0.37983359676492645,0.024994536415241346,0.024994533313604555,0.017961810843276166,0.5812530263681852,0.025607215849469615,0.05743740448079897
identity-CG,0,0,0,16,16,256,ID,48,0.8634334742161345,0.1442617546182514,0.6081711376706759,0.6081710464010636,0.501224129685273,0.019232933191233263,0.019232916757270332,0.016015028537367422,0.3574883008841425,0.04081188580268144,0.14179712423708285
identity-CG,0,0,0,16,16,256,OOD,120,0.6987338387861176,0.1555893300056095,0.4207216328009963,0.4207216342911124,0.3051569837958895,0.027299177704844576,0.027299179936138243,0.01874052376563966,0.6707589165618022,0.02783846334538799,0.054599512111047396
identity-CG,0,0,0,16,24,576,All,168,0.7700533252100957,0.15946495168352118,0.9666793561939683,0.9666793797874734,0.7022918339217397,0.04793383775921978,0.0479338408469976,0.03696964501536314,0.2720025443039568,0.024113856721384233,0.1061986629726426
identity-CG,0,0,0,16,24,576,ID,48,0.8722827737777988,0.15552659818818498,1.2335878827919562,1.2335879417757194,0.9543956364007115,0.036702750444722626,0.03670275797291343,0.031214448468138725,0.16645407538938642,0.04399872843174673,0.2700000830187839
identity-CG,0,0,0,16,24,576,OOD,120,0.7291615457830145,0.14223594006307147,0.859915945554773,0.8599159549921751,0.5405290698350689,0.052426272685018635,0.05242627399663126,0.0392717236342529,0.314221931869785,0.025449238734429024,0.09671292174841113
identity-CG,0,0,0,16,32,1024,All,168,0.7860803053180302,0.1591209057527802,1.3809694951134068,1.3809694988386971,0.9691105358587625,0.06358391388008987,0.06358391386345912,0.04253819613673143,0.20352738854680427,0.024061831030523163,0.14654626212323374
identity-CG,0,0,0,16,32,1024,ID,48,0.8946700714723574,0.11714849713042114,1.7089883803079526,1.7089884461214144,1.365231514354523,0.041840370725064184,0.041840369211665,0.036062570094751764,0.129092259434401,0.03314150101317029,0.3862262233361847
identity-CG,0,0,0,16,32,1024,OOD,120,0.7426443988562993,0.1531443079221817,1.2497619410355887,1.2497619199256103,0.7218702385897036,0.07228133114210016,0.07228133172417676,0.0451284465535233,0.2333014401917656,0.027400993387482038,0.12915897366729084
identity-CG,0,0,0,16,48,2304,All,168,0.7985377448721693,0.14922871944763072,2.106192646991639,2.106192607609999,1.4023778196990795,0.09754536003761344,0.09754535913955238,0.04564655800571749,0.28134869455728523,0.022565961494896144,0.21206376358226042
identity-CG,0,0,0,16,48,2304,ID,48,0.8880896913066194,0.12083522075425181,2.335778142636021,2.3357780476411185,1.998184351427069,0.0722303791165662,0.07223036792129274,0.03579437717174486,0.24997342290832114,0.03418448114272701,0.5652896138615889
identity-CG,0,0,0,16,48,2304,OOD,120,0.7627169662983891,0.14476263610438567,2.014358448733886,2.0143584315975507,1.0738758947236344,0.10767135240603234,0.10767135562685624,0.04958743033930655,0.2938988032168709,0.02590132201757271,0.19214077682371802
identity-CG,0,0,0,32,8,64,All,168,0.5113357206754252,0.2753507521621602,1.879184731108425e-05,1.931244261280945e-05,2.8541366677548147e-05,8.74677335174635e-07,8.552107258554185e-07,1.237655787675979e-06,1.0,0.04163779260373898,4.315947921025258e-06
identity-CG,0,0,0,32,8,64,ID,48,0.7639285889874764,0.23405296095598863,4.375073631971235e-05,4.484415453020723e-05,4.296182163147131e-05,1.59600462386796e-06,1.5621923103263196e-06,1.5936739983975674e-06,1.0,0.06621396460615882,1.2153969449065258e-05
identity-CG,0,0,0,32,8,64,OOD,120,0.4102985733506047,0.22075772704567642,8.808291707633014e-06,9.099757845850338e-06,6.789452379858075e-06,5.861464196973051e-07,5.724180920670581e-07,1.0952485033873435e-06,1.0,0.03949856903651852,1.2147871657080977e-06
identity-CG,0,0,0,32,12,144,All,168,0.7382337680423819,0.16517210238356655,4.465053618082799e-05,4.550562243820628e-05,5.291158478958305e-05,1.4899023962503373e-06,1.468042639832642e-06,1.9273579982363267e-06,1.0,0.024976876543704625,8.001146089139214e-06
identity-CG,0,0,0,32,12,144,ID,48,0.8500356493655407,0.15414857037704524,9.86084074459572e-05,0.00010044114124712563,7.243494178912419e-05,2.732567472444695e-06,2.6948114329646464e-06,2.780826143577997e-06,1.0,0.04360888211516769,2.0491963238936006e-05
identity-CG,0,0,0,32,12,144,OOD,120,0.6935130155131184,0.1477928248364742,2.3067387674776305e-05,2.353141491463854e-05,1.2344824302754898e-05,9.928363657725944e-07,9.773351225798403e-07,1.5859707400996588e-06,1.0,0.02644349157344658,2.208769321425235e-06
identity-CG,0,0,0,32,16,256,All,168,0.7475376776867838,0.17014466467161823,0.01841801064176161,0.01841804202434729,0.018971487483567535,0.0007311007187578612,0.0007310967567343491,0.00014005757167720787,1.0,0.02572881390226733,0.0028688167910288003
identity-CG,0,0,0,32,16,256,ID,48,0.8612052461692441,0.1497791578194206,0.03526143300890297,0.03526139491198891,0.02059545210567972,0.0009887372599829251,0.0009887262825334646,0.0002197260514548935,1.0,0.042372768172158584,0.005826487010475153
identity-CG,0,0,0,32,16,256,OOD,120,0.7020706502937998,0.15642765917184628,0.011680641694905068,0.011680700869290645,0.013317562566701779,0.0006280461022678356,0.0006280449464147028,0.00010819017976613361,1.0,0.027988459465075697,0.0023828142800645276
identity-CG,0,0,0,32,24,576,All,168,0.7779675395902097,0.1592926103871676,0.21041483335596106,0.21041483056199334,0.13161397515101972,0.007039226460619782,0.0070392235225188,0.004401679183675171,0.9534514613804363,0.02408779573880735,0.019902307722277267
identity-CG,0,0,0,32,24,576,ID,48,0.8721171205466473,0.15972044217539413,0.3042945228517055,0.3042945281292001,0.10848399578978817,0.006957825443047673,0.006957818191343248,0.004141626641891534,0.9477572130660216,0.045185173739674435,0.03069029944428021
identity-CG,0,0,0,32,24,576,OOD,120,0.7403077072076347,0.1432753443893575,0.1728629575576633,0.17286295153511064,0.12117842137920076,0.007071786867648625,0.007071785654989021,0.004505700200388626,0.9557291607062022,0.02563521176508163,0.02168157059160315
identity-CG,0,0,0,32,32,1024,All,168,0.7900095660811146,0.16014591114747723,0.49635549754436525,0.49635547532566954,0.2780731427730853,0.01539840446119857,0.01539840451524854,0.012906855764976168,0.587410403371212,0.024216829561331508,0.04204946511508665
identity-CG,0,0,0,32,32,1024,ID,48,0.8955668845789426,0.11854915989843244,0.7105982483675083,0.7105983238046368,0.2638631130605844,0.01719166691570227,0.017191657951722502,0.011845250706149528,0.36553996009752154,0.033537750795986344,0.07464730528382313
identity-CG,0,0,0,32,32,1024,OOD,120,0.7477866386819835,0.15539869677715112,0.41065839721510805,0.4106583359340827,0.23472538178852498,0.01468109947939709,0.014681103140658956,0.013331497788506822,0.6761585806806882,0.02780435473303867,0.04199769956536523
identity-CG,0,0,0,32,48,2304,All,168,0.8015683249352973,0.1474511752344827,1.0670318732126838,1.0670319030150062,0.6115513140879296,0.03003508476762185,0.03003508204017716,0.029218813543030502,0.24327319729629723,0.022297166088637563,0.09247712810873725
identity-CG,0,0,0,32,48,2304,ID,48,0.8911109024444023,0.11580301343079198,1.4332999226947625,1.4333000580469768,0.7217604133455127,0.028249886585399456,0.028249875797579635,0.024424075401232842,0.12088116200175132,0.03276086147884642,0.2041871987783692
identity-CG,0,0,0,32,48,2304,OOD,120,0.7657512939316552,0.1438311871033269,0.9205246534198522,0.920524641002218,0.49329996255799896,0.030749164040510805,0.03074916453721617,0.031136708799749564,0.29223001141411564,0.025734664645417835,0.08826256225576015
identity-CG,0,0,0,48,8,64,All,168,0.5113357206754252,0.2753507521621602,1.8809643672886634e-05,1.932939015738285e-05,2.858200420925787e-05,1.124750887981918e-06,1.1083934922900035e-06,1.2376238892132716e-06,1.0,0.04163779260373898,4.322093018156719e-06
identity-CG,0,0,0,48,8,64,ID,48,0.7639285889874764,0.23405296095598863,4.38048999680942e-05,4.4896314201749815e-05,4.3025762205837185e-05,2.194563323657898e-06,2.165680682490271e-06,1.593754465289976e-06,1.0,0.06621396460615882,1.2172058341898175e-05
identity-CG,0,0,0,48,8,64,OOD,120,0.4102985733506047,0.22075772704567642,8.811541154803612e-06,9.102620539636064e-06,6.794613536200701e-06,6.968259137115259e-07,6.854786162098965e-07,1.0951716587825898e-06,1.0,0.03949856903651852,1.2157106137469758e-06
identity-CG,0,0,0,48,12,144,All,168,0.7382337680423818,0.16517210238356653,4.847769642288183e-05,4.925028992731502e-05,5.920413367805035e-05,1.7321264020135156e-06,1.7111994648779556e-06,1.924359759457383e-06,1.0,0.02497687654370462,8.952688234964141e-06
identity-CG,0,0,0,48,12,144,ID,48,0.8500356493655409,0.1541485703770452,0.000108853879434389,0.0001104486814634983,8.133803550927668e-05,3.0657608694658243e-06,3.036559518202845e-06,2.771053409844626e-06,1.0,0.04360888211516768,2.3010662981351755e-05
identity-CG,0,0,0,48,12,144,OOD,120,0.6935130155131184,0.1477928248364742,2.432722321827896e-05,2.477093331284171e-05,1.3820611258188225e-05,1.198672615032592e-06,1.1810554435479995e-06,1.5856822993024858e-06,1.0,0.02644349157344658,2.472821111242385e-06
identity-CG,0,0,0,48,16,256,All,168,0.747605835640433,0.17020898487805375,8.041312628933664e-05,8.134405162589738e-05,9.137828703911735e-05,2.6375104678912804e-06,2.607144720641264e-06,2.5261135013195034e-06,1.0,0.025738540229124123,1.3817976287854742e-05
identity-CG,0,0,0,48,16,256,ID,48,0.8611704376528427,0.14978076842939408,0.00017124312906463234,0.00017312942683623457,0.00012920814790108416,4.833792580427598e-06,4.7892050787368134e-06,3.407256760586582e-06,1.0,0.04237322381634844,3.6553195896370117e-05
identity-CG,0,0,0,48,16,256,OOD,120,0.7021799948354691,0.15656741818090555,4.4081125179218364e-05,4.4629901541762504e-05,1.9155580074407723e-05,1.758997622876753e-06,1.7343205774030442e-06,2.1736561976126723e-06,1.0,0.02801346552462197,3.4273681475575355e-06
identity-CG,0,0,0,48,24,576,All,168,0.7778167688856337,0.15951295130877957,0.03829511912287363,0.03829510986231196,0.02565522096883518,0.001337272282225487,0.0013372747455702297,0.0003092589065978124,1.0,0.024121115094299046,0.003879512808718794
identity-CG,0,0,0,48,24,576,ID,48,0.871748855953534,0.1608877891367884,0.0488067819193626,0.04880675892733654,0.02375861924243376,0.0011655696550102377,0.0011655831937483583,0.0002490817295210712,1.0,0.045515418100049776,0.006721352155444547
identity-CG,0,0,0,48,24,576,OOD,120,0.7402439340584733,0.14318410360162107,0.03409045400427805,0.034090450236302125,0.025265374532894208,0.0014059533331115869,0.0014059513662989785,0.0003333297774285089,1.0,0.02561888671679642,0.004520549081457684
identity-CG,0,0,0,48,32,1024,All,168,0.7899487177838511,0.16045529250562612,0.1451085358470057,0.14510851834590233,0.0826790124261933,0.004559890445393815,0.00455989201215002,0.0020960293321487223,0.9987472654098556,0.02426361336971014,0.012502495617140669
identity-CG,0,0,0,48,32,1024,ID,48,0.8945339584492121,0.12023945862050692,0.1849617023641864,0.1849618670530617,0.06217300217524045,0.005146313846732129,0.005146321566523156,0.0017134185851924498,1.0,0.034015939062864625,0.017588843775679108
identity-CG,0,0,0,48,32,1024,OOD,120,0.7481146215177066,0.15570450316864462,0.12916726924013341,0.12916717886303858,0.08467292870114622,0.00432532108485849,0.004325320190400766,0.002249073630931232,0.9982461715737979,0.027859070438929746,0.015149909199483835
identity-CG,0,0,0,48,48,2304,All,168,0.8029770672325139,0.14714597346366026,0.4848159044271424,0.48481600044206496,0.24371104697210688,0.013828544621078605,0.013828539268745594,0.01037128875447831,0.6430924946353549,0.02225101430609834,0.03685332235115353
identity-CG,0,0,0,48,48,2304,ID,48,0.8942342135819971,0.11390485999123517,0.6690152573088805,0.6690155994147062,0.1858089935563751,0.014567056821154695,0.014567057529347895,0.008645396631133387,0.4820631279920538,0.03222387077319367,0.052565667499337033
identity-CG,0,0,0,48,48,2304,OOD,120,0.7664742086927206,0.14338196071159398,0.41113616327444713,0.4111361608530084,0.22484806054675419,0.013533139741048169,0.013533131964504673,0.01106164560381628,0.7075042412926753,0.025654287845546103,0.04023042255909658
identity-CG,0,0,0,64,8,64,All,168,0.5113357206754252,0.2753507521621602,1.8811515948597546e-05,1.933152674162537e-05,2.8587424375376605e-05,1.3785802192922164e-06,1.3636352363056132e-06,1.2376445171993634e-06,1.0,0.04163779260373898,4.322912640950401e-06
identity-CG,0,0,0,64,8,64,ID,48,0.7639285889874764,0.23405296095598863,4.381118276578644e-05,4.490353033876987e-05,4.3034158750107964e-05,2.6333683183684307e-06,2.610561570470793e-06,1.5937025260962894e-06,1.0,0.06621396460615882,1.2174433737974723e-05
identity-CG,0,0,0,64,8,64,OOD,120,0.4102985733506047,0.22075772704567642,8.811649221721988e-06,9.102725302767567e-06,6.7948172151915625e-06,8.766649796617305e-07,8.648647026395414e-07,1.095221313640593e-06,1.0,0.03949856903651852,1.2157470565423854e-06
identity-CG,0,0,0,64,12,144,All,168,0.7382337680423818,0.16517210238356653,4.888336914225757e-05,4.96538974738507e-05,6.012718118387743e-05,2.1417262849982286e-06,2.1268831122121073e-06,1.9244577360260403e-06,1.0,0.02497687654370462,9.092268970840948e-06
identity-CG,0,0,0,64,12,144,ID,48,0.8500356493655407,0.1541485703770452,0.00011015812136366441,0.00011175206714139682,8.273255686949071e-05,3.949833520996056e-06,3.931757191821816e-06,2.7713403127904712e-06,1.0,0.04360888211516768,2.340517534987978e-05
identity-CG,0,0,0,64,12,144,OOD,120,0.6935130155131184,0.14779282483647418,2.4373468253694833e-05,2.4814629606832266e-05,1.3877061030351238e-05,1.4184833905990975e-06,1.4049334803682238e-06,1.5857047053202677e-06,1.0,0.026443491573446578,2.4829212570117567e-06
identity-CG,0,0,0,64,16,256,All,168,0.747605835640433,0.17020898487805375,8.506560254230824e-05,8.596818792651887e-05,9.477353192268532e-05,2.79293527344613e-06,2.767892354427204e-06,2.522316541282115e-06,1.0,0.025738540229124123,1.4331395994141409e-05
identity-CG,0,0,0,64,16,256,ID,48,0.8611704376528427,0.14978076842939408,0.00018005963587102618,0.00018189251113651453,0.00013283360639420886,4.852298680191325e-06,4.818381057702936e-06,3.3981047404078404e-06,1.0,0.04237322381634844,3.7578844020471384e-05
identity-CG,0,0,0,64,16,256,OOD,120,0.7021799948354691,0.15656741818090555,4.7067989210821067e-05,4.75984586425206e-05,2.0975077630041462e-05,1.969189910748052e-06,1.947696873116911e-06,2.1720012616318247e-06,1.0,0.02801346552462197,3.7529175667092644e-06
identity-CG,0,0,0,64,24,576,All,168,0.7779620731581545,0.15962885464376922,0.004859934223304623,0.004860093230079267,0.0040136344805444275,0.00015756868654036643,0.00015755607025858556,2.475565674925038e-05,1.0,0.024138641681702513,0.0006069309009539384
identity-CG,0,0,0,64,24,576,ID,48,0.8716010423514421,0.16134552551028378,0.0062544869239596805,0.006254903048102225,0.0037206253055006096,0.00017289091651186315,0.00017286518633830795,2.3522645354508615e-05,1.0,0.045644912467092943,0.0010525709706254102
identity-CG,0,0,0,64,24,576,OOD,120,0.7405064854808394,0.14327033745248252,0.0043021131430426,0.004302169302870083,0.004005129075389896,0.00015143979455176773,0.0001514324238266966,2.5248861307147087e-05,1.0,0.025634315910406626,0.000716608516501546
identity-CG,0,0,0,64,32,1024,All,168,0.7901053817869921,0.16040111017468348,0.03966181607462372,0.03966175860564575,0.024186517499626303,0.001310617278379869,0.0013106196180333344,0.0002679233744380209,1.0,0.0242554200648404,0.003657419460626916
identity-CG,0,0,0,64,32,1024,ID,48,0.8950656574274897,0.11939346012984994,0.04984742566011841,0.04984720326804861,0.020072279729729622,0.0012128126882088874,0.001212818648734,0.00022372318767335632,1.0,0.033776604709270366,0.0056784806915523445
identity-CG,0,0,0,64,32,1024,OOD,120,0.748121271530793,0.15574076605765255,0.035587572240425844,0.0355875807406846,0.024560892250792925,0.0013497391144482618,0.0013497400057530683,0.00028560344914388674,1.0,0.027865558693017666,0.004394501207949618
identity-CG,0,0,0,64,48,2304,All,168,0.8036881397746491,0.1469218033862206,0.20064740043710025,0.20064748166173338,0.09954323011757764,0.005678658325840407,0.005678653457185339,0.002837227756528888,0.9903273777592749,0.022217115916066343,0.015052656795725837
identity-CG,0,0,0,64,48,2304,ID,48,0.8950897208641448,0.11265850099989287,0.25499825800458586,0.25499853243430454,0.0713836851819823,0.005584010005501672,0.0055839951334443125,0.002378603867934198,0.9969175147513548,0.03187127378060606,0.020194561029226843
identity-CG,0,0,0,64,48,2304,OOD,120,0.7671275073388508,0.1433963218840336,0.17890705741010604,0.17890706135270493,0.1011186517894896,0.005716517653975901,0.00571651678668175,0.0030206773119667643,0.987691322962443,0.025656857385324586,0.018092422412740436
identity-CG,0,0,0,96,8,64,All,168,0.5113357206754252,0.2753507521621602,1.8811789807670576e-05,1.9332057340935792e-05,2.8588459145451234e-05,2.027975348624301e-06,2.0199881454291677e-06,1.2376938670568972e-06,1.0,0.04163779260373898,4.323069116069578e-06
identity-CG,0,0,0,96,8,64,ID,48,0.7639285889874764,0.23405296095598863,4.381172493594722e-05,4.490480360648302e-05,4.303585830917557e-05,3.8656764112706315e-06,3.858712679753277e-06,1.5937057510721313e-06,1.0,0.06621396460615882,1.2174914546008464e-05
identity-CG,0,0,0,96,8,64,OOD,120,0.4102985733506047,0.22075772704567642,8.81181575635992e-06,9.102958834716901e-06,6.795097120174324e-06,1.2928949235657683e-06,1.284498331699524e-06,1.0952891134508036e-06,1.0,0.03949856903651852,1.2157971378982373e-06
identity-CG,0,0,0,96,12,144,All,168,0.7382337680423818,0.16517210238356653,4.8989959866821234e-05,4.9764025599560584e-05,6.038978111258626e-05,3.3652777424836564e-06,3.3569391962914995e-06,1.9245122294093907e-06,1.0,0.02497687654370462,9.131978618566535e-06
identity-CG,0,0,0,96,12,144,ID,48,0.8500356493655407,0.1541485703770452,0.00011051678328989513,0.00011212124510012277,8.31290712689647e-05,5.981642641946412e-06,5.970653861690304e-06,2.7712589438048476e-06,1.0,0.04360888211516768,2.3517349920563976e-05
identity-CG,0,0,0,96,12,144,OOD,120,0.6935130155131184,0.14779282483647418,2.4379230497591684e-05,2.4821137799335702e-05,1.3885417929428252e-05,2.318731782698554e-06,2.3114533301319776e-06,1.585813543651208e-06,1.0,0.026443491573446578,2.484416495975947e-06
identity-CG,0,0,0,96,16,256,All,168,0.747605835640433,0.17020898487805375,8.704664232286451e-05,8.794559048076812e-05,9.872502499231214e-05,3.949083792674303e-06,3.9327588970379455e-06,2.5227061328791933e-06,1.0,0.025738540229124123,1.4928930039776908e-05
identity-CG,0,0,0,96,16,256,ID,48,0.8611704376528427,0.14978076842939408,0.00018605195449099708,0.00018787266708384376,0.0001385767377132392,7.02040204222006e-06,7.001138006520098e-06,3.3988631050381932e-06,1.0,0.04237322381634844,3.920358524285782e-05
identity-CG,0,0,0,96,16,256,OOD,120,0.7021799948354691,0.15656741818090555,4.744451745561149e-05,4.797475983953787e-05,2.132224969525074e-05,2.7205564928560005e-06,2.7054072532450847e-06,2.1722433440155933e-06,1.0,0.02801346552462197,3.815034530716518e-06
identity-CG,0,0,0,96,24,576,All,168,0.777959565181123,0.15965586663478726,0.00017427790474007902,0.00017538042913566807,0.00019200443004965565,5.420713480794975e-06,5.393079334902766e-06,3.3778259207684597e-06,1.0,0.024142726361591677,2.903438822893953e-05
identity-CG,0,0,0,96,24,576,ID,48,0.8715532522193148,0.16139025519383407,0.00036756155395774505,0.0003698630363638743,0.0002686691832226797,9.112819716013595e-06,9.071221815778093e-06,4.614503945769381e-06,1.0,0.045657566567563826,7.600695037571979e-05
identity-CG,0,0,0,96,24,576,OOD,120,0.7405220903658463,0.14330938241847205,9.696444505301259e-05,9.75873862443856e-05,4.3214028953183665e-05,3.943870986707528e-06,3.921822342552635e-06,2.8831547107680916e-06,1.0,0.025641301941225592,7.731970829724416e-06
identity-CG,0,0,0,96,32,1024,All,168,0.7901047616803092,0.16035373539221986,0.0025339024682146656,0.0025344937369784783,0.0019357011375837675,8.260172359355696e-05,8.258560932613581e-05,1.0398873447754686e-05,1.0,0.024248256178955298,0.00029271146665351533
identity-CG,0,0,0,96,32,1024,ID,48,0.8950925577674237,0.11939973150377226,0.0030783136486812624,0.0030799357142919834,0.0016450631542851268,8.184148824358372e-05,8.180570224187088e-05,1.1104434311922281e-05,1.0,0.03377837889118726,0.00046539105093062187
identity-CG,0,0,0,96,32,1024,OOD,120,0.7481096432454635,0.15565990780805927,0.002316137996028027,0.0023163169460530763,0.002005357084841711,8.290581773354625e-05,8.289757215984179e-05,1.011664910208765e-05,1.0,0.027851091316511877,0.00035880390833206477
identity-CG,0,0,0,96,48,2304,All,168,0.8036538432051279,0.14683294652267714,0.03559568438989416,0.0355957557677313,0.02159718751822783,0.0010073409915396744,0.0010073445273952192,0.0002045979339516462,1.0,0.022203679222588698,0.0032658680161455913
identity-CG,0,0,0,96,48,2304,ID,48,0.8953049869178232,0.1123683916884999,0.042413743523259904,0.04241399606689806,0.01420807142474968,0.0010216576883976313,0.0010216646166250978,0.0001708008380016014,1.0,0.03178920138298275,0.004019486592254882
identity-CG,0,0,0,96,48,2304,OOD,120,0.7669933857200497,0.14326849162973618,0.03286846073654786,0.0328684596480646,0.023422203360416533,0.0010016143127964917,0.0010016164917032676,0.00021811677233166411,1.0,0.025633985650813217,0.004190763914811323
identity-CG,0,0,0,128,8,64,All,168,0.5113357206754252,0.2753507521621602,1.8812049852269975e-05,1.933227343795959e-05,2.858861993121486e-05,2.749006003658191e-06,2.7394328463225564e-06,1.2377251809713216e-06,1.0,0.04163779260373898,4.323093429655893e-06
identity-CG,0,0,0,128,8,64,ID,48,0.7639285889874764,0.23405296095598863,4.38121392534157e-05,4.4905037576363256e-05,4.303608954113749e-05,5.853759718140357e-06,5.842542166215973e-06,1.5937283934045847e-06,1.0,0.06621396460615882,1.2174979961907839e-05
identity-CG,0,0,0,128,8,64,OOD,120,0.4102985733506047,0.22075772704567642,8.812014091811686e-06,9.10316778259812e-06,6.795430041351396e-06,1.5071045178653245e-06,1.4981891183651896e-06,1.0953238959980164e-06,1.0,0.03949856903651852,1.2158567050548317e-06
identity-CG,0,0,0,128,12,144,All,168,0.7382337680423818,0.16517210238356653,4.900021584878959e-05,4.97747347237306e-05,6.041429350574843e-05,4.976339891440841e-06,4.972152709791815e-06,1.924484235040663e-06,1.0,0.02497687654370462,9.135685316059435e-06
identity-CG,0,0,0,128,12,144,ID,48,0.8500356493655407,0.1541485703770452,0.00011055019581360557,0.00011215611891655197,8.316597465902445e-05,9.152961647866201e-06,9.151799967336652e-06,2.7712530865642293e-06,1.0,0.04360888211516768,2.3527789949834627e-05
identity-CG,0,0,0,128,12,144,OOD,120,0.6935130155131184,0.14779282483647418,2.4380223862863204e-05,2.4822181046602054e-05,1.3886485739157568e-05,3.3056911888706963e-06,3.3002938067738795e-06,1.5857766944312364e-06,1.0,0.026443491573446578,2.4846075513780637e-06
identity-CG,0,0,0,128,16,256,All,168,0.747605835640433,0.17020898487805375,8.731340333918831e-05,8.821063987137246e-05,9.933369897329333e-05,5.950441864534978e-06,5.943087315142206e-06,2.5227367295261025e-06,1.0,0.025738540229124123,1.5020972065391066e-05
identity-CG,0,0,0,128,16,256,ID,48,0.8611704376528427,0.14978076842939408,0.00018694194424518666,0.00018875778240117757,0.00013947052122738525,1.0757074861089677e-05,1.0754738809737319e-05,3.3988448085627474e-06,1.0,0.04237322381634844,3.945643805757766e-05
identity-CG,0,0,0,128,16,256,OOD,120,0.7021799948354691,0.15656741818090555,4.746198697678898e-05,4.799178285945041e-05,2.134170531687012e-05,4.027788665913098e-06,4.018426717304162e-06,2.1722934979114447e-06,1.0,0.02801346552462197,3.8185155831080495e-06
identity-CG,0,0,0,128,24,576,All,168,0.777959565181123,0.15965586663478726,0.00018023935543469245,0.00018131909271120955,0.00020057205612353154,6.313894860996004e-06,6.293415398637253e-06,3.3774512383880997e-06,1.0,0.024142726361591677,3.0329961365272712e-05
identity-CG,0,0,0,128,24,576,ID,48,0.8715532522193148,0.16139025519383407,0.00038312833339655396,0.00038535723327484195,0.0002801877432989761,1.061117778059876e-05,1.0594729322595716e-05,4.613900514982561e-06,1.0,0.045657566567563826,7.926556981847585e-05
identity-CG,0,0,0,128,24,576,OOD,120,0.7405220903658463,0.14330938241847205,9.908376424994785e-05,9.97038364857566e-05,4.4047712744587166e-05,4.594981693154902e-06,4.572889829053869e-06,2.8828715277503155e-06,1.0,0.025641301941225592,7.881135786394606e-06
identity-CG,0,0,0,128,32,1024,All,168,0.7901110873754321,0.16035182832062145,0.0003300893771708753,0.00033134480621633866,0.00031864938839449967,9.498627154666142e-06,9.47072180814584e-06,4.569849678437961e-06,1.0,0.024247967796769767,4.818529473079017e-05
identity-CG,0,0,0,128,32,1024,ID,48,0.895098417184028,0.11939750027019708,0.0006475781595629854,0.0006502531135386375,0.00043180186960801065,1.5070427233846809e-05,1.5036737020561e-05,6.157450561280105e-06,1.0,0.03377774767156768,0.00012215745357083664
identity-CG,0,0,0,128,32,1024,OOD,120,0.7481161554519937,0.15565800435003127,0.00020309386421403123,0.00020378148328741906,0.00010686748761080748,7.269907122993876e-06,7.244315723179777e-06,3.934809325301103e-06,1.0,0.027850750744658134,1.912101965192542e-05
identity-CG,0,0,0,128,48,2304,All,168,0.8036832747157409,0.14683296937252388,0.006204305257813794,0.006205112786292754,0.004394932178884256,0.00018205736455994927,0.00018204245049259377,2.192831621663399e-05,1.0,0.02220368267788044,0.0006645897028968757
identity-CG,0,0,0,128,48,2304,ID,48,0.8953994198495819,0.11234517701033515,0.006925919136847318,0.006928334817833521,0.002932845322026485,0.00017081114318289177,0.00017078119208233024,2.5800078674365068e-05,1.0,0.031782633912645845,0.0008297067277201276
identity-CG,0,0,0,128,48,2304,OOD,120,0.7669968166622044,0.14325222394173526,0.005915659706200384,0.005915823973676447,0.004838790487836275,0.00018655585311077227,0.00018654695385669914,2.0379611233541557e-05,1.0,0.025631074992118873,0.0008657694690682559
looped-Chebyshev,128,149251,32768,1,8,64,All,168,0.036598466383931764,0.04265940210772767,0.6664093521734079,0.9612563593047005,0.6828133550390724,0.49170626291916486,0.48066685490664984,0.4894227564689659,0.06708576134544615,0.006450838879550258,0.1032531803197564
looped-Chebyshev,128,149251,32768,1,8,64,ID,48,0.01462894979727688,0.008935921212662434,0.8024476580321789,0.802447666724523,0.14775038552596964,0.6308124326169491,0.6308124307543039,0.5670437340935072,0.04892112964686623,0.0025279866936180925,0.04179882517958188
looped-Chebyshev,128,149251,32768,1,8,64,OOD,120,0.04538627301859372,0.047431772743655995,0.6119940298298995,1.0247798363367717,0.7946262543470937,0.43606379504005116,0.4206086245675882,0.4583743654191494,0.07435161402487812,0.008486620945558637,0.14217667660196864
looped-Chebyshev,128,149251,32768,1,12,144,All,168,0.11691800835679161,0.048436465216487694,0.5814306203808103,1.9809252577168601,0.5486502359969597,0.7350771203637123,0.5296949896784056,0.3470048193065893,0.10195729839393776,0.007324430666361864,0.08296539798438672
looped-Chebyshev,128,149251,32768,1,12,144,ID,48,0.07909914441595052,0.05582832045282188,0.6215052306652069,2.3018756732344627,0.4102911829391531,0.6903053739418586,0.5845534726977348,0.38705648326625425,0.060613306122831966,0.015793922962502288,0.11607204520886452
looped-Chebyshev,128,149251,32768,1,12,144,OOD,120,0.13204555393312803,0.03540802421296252,0.5654007762670517,1.852545091509819,0.5456913759503683,0.7529858189324538,0.5077515964706739,0.33098415372272333,0.11849489530238008,0.006335299368855368,0.09763657550772262
looped-Chebyshev,128,149251,32768,1,16,256,All,168,0.1187824103121968,0.05278042950633524,0.682030609853211,1.8179931959935598,0.4327538998838513,0.6933478195042837,0.5187150454592138,0.38138365151271936,0.10456146505644674,0.007981313143560258,0.06543986893201324
looped-Chebyshev,128,149251,32768,1,16,256,ID,48,0.07780375644242181,0.05575238497554881,0.6990614645183086,1.9720695813496907,0.2767372553974938,0.6457753156622251,0.5582522048304478,0.41589238432546455,0.06590135910179616,0.01577244069206241,0.07828942116028521
looped-Chebyshev,128,149251,32768,1,16,256,OOD,120,0.13517387186010676,0.041635389485544586,0.6752182679871718,1.7563626418511074,0.46814814987100245,0.7123768210411072,0.50290018171072,0.36758015838762126,0.12002550743830698,0.007449516390503752,0.08376233196662804
looped-Chebyshev,128,149251,32768,1,24,576,All,168,0.11003313728019563,0.043627922275409216,0.7390536307578995,1.75089140804041,0.43668802172287924,0.6612667970004535,0.5560834789205165,0.37831550251160345,0.10067419654487383,0.006597295867801784,0.06603477614735584
looped-Chebyshev,128,149251,32768,1,24,576,ID,48,0.07743753882648458,0.056505764108477706,0.7631831827263037,1.8533865064382553,0.35735455568221125,0.6398899766306082,0.5995511393994093,0.4245432938138644,0.06257971783391739,0.0159855728782096,0.10109618697043925
looped-Chebyshev,128,149251,32768,1,24,576,OOD,120,0.12307137666168005,0.028462346143768504,0.7294018099705378,1.7098933686812718,0.45961569591397583,0.6698175251483918,0.5386964147289593,0.35982438599069916,0.11591198802925642,0.0050925598806709806,0.08223568224893639
looped-Chebyshev,128,149251,32768,1,32,1024,All,168,0.11525767529902001,0.05090478784973255,0.770370130382833,1.6984332615420932,0.47108151352382177,0.6608960043106761,0.5953257293218658,0.36752155494122274,0.0798104938446721,0.007697683708436859,0.07123566652909943
looped-Chebyshev,128,149251,32768,1,32,1024,ID,48,0.07838158454339006,0.05819791550484033,0.802487451583147,1.6547846744457881,0.3711065558557769,0.6553306567172209,0.6465527297308048,0.41824743648370105,0.04905399523947073,0.016464285269667384,0.10498665026147017
looped-Chebyshev,128,149251,32768,1,32,1024,OOD,120,0.13000811160127196,0.039126613901627284,0.7575232019027074,1.7158926963806151,0.5059262109672783,0.6631221433480581,0.5748349291582903,0.3472312023242315,0.09211309328675266,0.007000639484020718,0.090521684738766
looped-Chebyshev,128,149251,32768,1,48,2304,All,168,0.1096153164728639,0.048768501781068535,0.8019641123357273,1.7526037175030935,0.5229078750056185,0.682738004341012,0.6662506361802419,0.34283106552348247,0.0602450787929618,0.007374640333502098,0.07907270809822725
looped-Chebyshev,128,149251,32768,1,48,2304,ID,48,0.07506521332297206,0.056696435145448525,0.8355448928972086,1.6186413168907166,0.472286668052438,0.7211065317193667,0.7216776174803575,0.3968963250517845,0.0368569296309336,0.016039514025725263,0.1336106691180258
looped-Chebyshev,128,149251,32768,1,48,2304,OOD,120,0.12343535773282065,0.03733666190043355,0.7885318001111349,1.8061886777480443,0.5343158269096352,0.6673905933896701,0.6440798436601957,0.3212049617121617,0.06960033845777308,0.006680376435304978,0.09560123153527479
looped-Chebyshev,128,149251,32768,2,8,64,All,168,0.05086662332920152,0.039908147203494684,0.5388534264195532,0.7633923758708295,0.5064810299402772,0.32932863517531324,0.31494031278859996,0.4962405196967579,0.05675261083108901,0.006034801588193929,0.07658868521979463
looped-Chebyshev,128,149251,32768,2,8,64,ID,48,0.03491171106802359,0.027969909843600864,0.7098722122609615,0.7098722153653702,0.20320318625346784,0.5372735237081846,0.5372735209142169,0.594988388940692,0.04591836699546543,0.007912733138932137,0.05748651299897836
looped-Chebyshev,128,149251,32768,2,8,64,OOD,120,0.057248588233672695,0.042217825540067686,0.47044591208299,0.7848004400730133,0.5848662584767373,0.24615067976216473,0.22600702953835325,0.4567413719991843,0.06108630836533844,0.007553727423190179,0.10464585134450965
looped-Chebyshev,128,149251,32768,2,12,144,All,168,0.1542880344389301,0.11925605820389804,0.3818909704153027,1.9142841639972867,0.49582824045862595,0.5827411422949462,0.31851521781867453,0.328890749475076,0.0625911065788906,0.018033577098452967,0.07497779933840411
looped-Chebyshev,128,149251,32768,2,12,144,ID,48,0.2001789742559458,0.21043641218958603,0.4064061188449462,2.049687703450521,0.45658354211249824,0.47965106399108964,0.3448224598541856,0.3447901289910078,0.034252762884231396,0.05953280442022871,0.12916822916363982
looped-Chebyshev,128,149251,32768,2,12,144,OOD,120,0.13593165851212383,0.03576648884785623,0.37208491104344527,1.8601227482159932,0.5023152182307914,0.6239771736164887,0.3079923210044702,0.3225309976687034,0.07392644405675426,0.00639943682994442,0.089875596161024
looped-Chebyshev,128,149251,32768,2,16,256,All,168,0.12731701132207318,0.04518774055323871,0.5102021591294379,1.917365700716064,0.42297687492940783,0.5284859890206939,0.3125182129442691,0.34489166168939495,0.07723669670078721,0.006833167349690953,0.0639614137829423
looped-Chebyshev,128,149251,32768,2,16,256,ID,48,0.10028211145943161,0.0439513043371674,0.5104643851518631,1.9219512169559796,0.40081349352244744,0.42296690338601667,0.31847878172993654,0.3634701833749811,0.04753932723542672,0.012433895721246396,0.11339079140620949
looped-Chebyshev,128,149251,32768,2,16,256,OOD,120,0.1381309712671298,0.04110821893571718,0.5100972687204679,1.9155314942200978,0.43314216873182415,0.5706936232745647,0.3101339854300022,0.3374602530151606,0.08911564448693142,0.007355193611251414,0.07749896723090212
looped-Chebyshev,128,149251,32768,2,24,576,All,168,0.1540343153909882,0.13206466599044525,0.593630214887006,1.8273844378335136,0.42208516940338126,0.4880815964369547,0.35021913495092166,0.3564077489787624,0.09996811009408525,0.01997045996647144,0.06382657249609361
looped-Chebyshev,128,149251,32768,2,24,576,ID,48,0.21624810847593182,0.2336904878095397,0.6064880682776371,1.8094938124219577,0.482337391988403,0.42315904796123505,0.3644437678158283,0.3883678037673235,0.06348320428272317,0.06611142036150743,0.136454035321316
looped-Chebyshev,128,149251,32768,2,24,576,OOD,120,0.12914879815701075,0.02685627066548846,0.5884870735307535,1.8345406879981359,0.3974287606707141,0.5140506158272425,0.34452928180495895,0.3436237270633379,0.11456207241863008,0.004805196516291087,0.07110902775875289
looped-Chebyshev,128,149251,32768,2,32,1024,All,168,0.15900143064228564,0.12070195574103339,0.639145860537177,1.7365109445083708,0.4359781946042366,0.48673667749833494,0.39199676134047057,0.36385450228339145,0.09526087024728652,0.01825222179546125,0.06592743801910136
looped-Chebyshev,128,149251,32768,2,32,1024,ID,48,0.2145290657310741,0.2108866235215809,0.662503320723772,1.6593267346421878,0.4915750250329719,0.43026419666906196,0.4065131625781457,0.4065645784139633,0.06167623145787118,0.05966016994075125,0.13906737678454484
looped-Chebyshev,128,149251,32768,2,32,1024,OOD,120,0.13679037660677024,0.03375377874161102,0.6298028764625391,1.7673846284548442,0.409807876824413,0.5093256698300441,0.3861902008454005,0.3467704718311628,0.10869472576305265,0.0060393172991541075,0.07332393267080965
looped-Chebyshev,128,149251,32768,2,48,2304,All,168,0.18414327035292516,0.17607730900865745,0.6837993643823124,1.7126970500463532,0.4568660491365481,0.5155679653620436,0.4727157471435411,0.3600308174001319,0.06328960032468392,0.026625932259699343,0.06908604262840076
looped-Chebyshev,128,149251,32768,2,48,2304,ID,48,0.31657648121499815,0.28645725321150695,0.7092753437658151,1.5477211885154247,0.5016951914427368,0.550327663620313,0.5156739658365647,0.41729499213397503,0.04012542458561555,0.08103922440396231,0.14193038837699642
looped-Chebyshev,128,149251,32768,2,48,2304,OOD,120,0.13116998600809596,0.034572052388072025,0.6736089726289113,1.7786873946587245,0.42206521260838065,0.5016640860587358,0.4555324596663316,0.33712514750659467,0.07255527062031125,0.006185725031051149,0.07551704831004916
looped-Chebyshev,128,149251,32768,4,8,64,All,168,0.2011348128190986,0.17530434272829712,0.4362816939219123,0.6058126311926615,0.3900059848931004,0.23099978676154495,0.22423384112438982,0.421833055448674,0.09823706060428988,0.026509046398961355,0.05897564537478499
looped-Chebyshev,128,149251,32768,4,8,64,ID,48,0.22106923372764822,0.22472949430013472,0.6129900788267454,0.6129900937279066,0.25860575912587863,0.4267300915283461,0.4267300932357709,0.5131885368997852,0.08665497252513883,0.06357634067422531,0.07315999127620364
looped-Chebyshev,128,149251,32768,4,8,64,OOD,120,0.19316104445567872,0.15151387447247494,0.36559833995997904,0.6029416461785634,0.4324524708754072,0.1527076648548245,0.14323534027983742,0.38529086286822956,0.10286989583595031,0.02710927182903635,0.07737556462678676
looped-Chebyshev,128,149251,32768,4,12,144,All,168,0.19294256420192685,0.17744978614682788,0.2644420549096096,1.8764832466840744,0.37622625548172234,0.40027134643778917,0.2002034201064989,0.2791404898854948,0.06245444448307219,0.026833474523462103,0.05689191213323312
looped-Chebyshev,128,149251,32768,4,12,144,ID,48,0.3235462602140688,0.2884556295736551,0.27022101078182453,1.9957189584771793,0.5011410738123074,0.2658271407708525,0.19074969195450342,0.27838245965540404,0.03656462494351819,0.08160456833797025,0.14177362759508177
looped-Chebyshev,128,149251,32768,4,12,144,OOD,120,0.14070108579707002,0.041159906877608926,0.2621304725607236,1.8287889619668325,0.30235949078039215,0.45404902870456376,0.20398491136729716,0.2794437019775311,0.07281037229889378,0.007364441757481622,0.05409897710155738
looped-Chebyshev,128,149251,32768,4,16,256,All,168,0.15626837057485535,0.10220545341062993,0.34839918659556474,2.1676584489288784,0.38841219087771367,0.3662957549982127,0.19178998807356468,0.2733698183049758,0.0627429529461854,0.015455230968741615,0.058734636174175764
looped-Chebyshev,128,149251,32768,4,16,256,ID,48,0.19295490891868153,0.17830183224592758,0.33109723124653095,2.1247060373425484,0.3943076054742766,0.26176189910620445,0.18771813871959842,0.2859972078974048,0.04041772875158733,0.050441879313652994,0.11155026506040427
looped-Chebyshev,128,149251,32768,4,16,256,OOD,120,0.1415937552373249,0.036648142586961044,0.3553199687351783,2.1848394135634104,0.3863514549357122,0.40810929735501605,0.19341872781515118,0.2683188624680042,0.07167304262402463,0.006557184699277803,0.0691270462844552
looped-Chebyshev,128,149251,32768,4,24,576,All,168,0.1911416902000894,0.19441218395718254,0.4312250654967058,2.026932499948002,0.36472653730833565,0.3210101520110453,0.19901001834798424,0.2886308525644597,0.08419885616638649,0.029398482232878935,0.055152955996215086
looped-Chebyshev,128,149251,32768,4,24,576,ID,48,0.3291360553095476,0.32425806153439335,0.4329391395052274,1.9567570760846138,0.4314382785757262,0.23389814840629694,0.19752918990949786,0.3085369387020667,0.05306653820055842,0.09173313476575624,0.1220545930744581
looped-Chebyshev,128,149251,32768,4,24,576,OOD,120,0.1359439441563061,0.027586578985301147,0.4305394358932972,2.055002669493357,0.3322419988449352,0.35585495345294477,0.19960234972337879,0.28066841810941695,0.09665178335271771,0.004935865254251489,0.05944563619053895
looped-Chebyshev,128,149251,32768,4,32,1024,All,168,0.18815220530715215,0.1572970910688911,0.48649326765111517,1.904096516115325,0.32971856978378894,0.3147837269075569,0.2232292478992825,0.30490587465465063,0.10092474285504843,0.0237860387293977,0.04985914626510144
looped-Chebyshev,128,149251,32768,4,32,1024,ID,48,0.2955151843568981,0.26238717709052417,0.49751350345710915,1.8072563012440999,0.406390351498398,0.23258153985564903,0.2218060679733753,0.32783637754619116,0.0632440463256595,0.07422976058930886,0.11496849362849669
looped-Chebyshev,128,149251,32768,4,32,1024,OOD,120,0.14520701368725378,0.03196171231823695,0.48208517332871753,1.9428326020638147,0.2864282218054959,0.34766460172832014,0.2237985198696454,0.2957336734980345,0.115997021466804,0.0057186759323084434,0.05124851140839464
looped-Chebyshev,128,149251,32768,4,48,2304,All,168,0.2145044733499452,0.2128805543429913,0.5447219376053128,1.8716055651505787,0.38185460730918636,0.3585838678603371,0.29992173071063694,0.31766954605423264,0.08049380293648153,0.0321912190233725,0.057743016204141226
looped-Chebyshev,128,149251,32768,4,48,2304,ID,48,0.3991909051562324,0.32949513865910346,0.555097047239542,1.7144059439500172,0.5090538535273144,0.39823913434520364,0.3354504778981209,0.34813674290974933,0.05123299189532792,0.09321471243073817,0.14401216588934554
looped-Chebyshev,128,149251,32768,4,48,2304,OOD,120,0.14062990062743033,0.03816665699457606,0.5405718937516213,1.9344854136308034,0.2971962782737087,0.3427217612663905,0.28571023183564337,0.305482667312026,0.09219812735294299,0.0068288814002939345,0.0531751611682503
looped-Chebyshev,128,149251,32768,8,8,64,All,168,0.41354112635803114,0.22038043942337956,0.350377756525718,0.45746919317614465,0.2652175240054018,0.11229268559032958,0.10755752889616854,0.3399871423995743,0.15097333311097735,0.03332533126776242,0.04010547337423132
looped-Chebyshev,128,149251,32768,8,8,64,ID,48,0.44306510818839345,0.26317679010751643,0.5349954136957725,0.5349954351161917,0.2789208022342843,0.20942478588161365,0.20942478114739058,0.42363752572176355,0.13873830397884976,0.07445314340038776,0.0789071501237497
looped-Chebyshev,128,149251,32768,8,8,64,OOD,120,0.4017315336258862,0.20077345951885728,0.2765306936576962,0.42645869640012585,0.2541502948959473,0.07343984547381595,0.06681062799567973,0.3065269890706986,0.1558673447638284,0.035922929890763955,0.04547325750695947
looped-Chebyshev,128,149251,32768,8,12,144,All,168,0.333416837232497,0.2779148907521583,0.17566020400928598,1.3046407071607453,0.28013589950813117,0.22539773587847037,0.10780411164852831,0.2564784456487922,0.0683612716259501,0.04202553467445868,0.0423613895839736
looped-Chebyshev,128,149251,32768,8,12,144,ID,48,0.5409368687435251,0.32143259437889865,0.16910700313746926,1.2514233676095803,0.339650471548633,0.14629518380388615,0.10466012203445034,0.24369021427507198,0.04958545794458279,0.0909338054965787,0.09608767267770343
looped-Chebyshev,128,149251,32768,8,12,144,OOD,120,0.2504088246280857,0.20800369829015836,0.17828148435801264,1.3259276429812112,0.2509337430745683,0.25703875670830406,0.1090617074941595,0.2615937381982803,0.07587159709849702,0.037216583748686034,0.04489774336357462
looped-Chebyshev,128,149251,32768,8,16,256,All,168,0.28998635290160085,0.24891378675575607,0.21698261220895104,1.7979624977424031,0.6162304477915959,0.2064381698589949,0.1025996286244619,0.2229499258100986,0.06436770991283643,0.03764006652519969,0.09318469399402557
looped-Chebyshev,128,149251,32768,8,16,256,ID,48,0.48145210582469283,0.3290836098830234,0.18915357875327266,1.5043219414850075,0.3635595759866134,0.13272272904093063,0.09684810973703857,0.23405763600021598,0.04998405489701929,0.0930982902684101,0.10285159734054536
looped-Chebyshev,128,149251,32768,8,16,256,OOD,120,0.21340005173236407,0.1532173537558954,0.2281142255912224,1.9154187202453614,0.6572799665984294,0.23592434618622063,0.10490023617943124,0.2185068417340517,0.07012117191916327,0.027414062945428582,0.11760230767205261
looped-Chebyshev,128,149251,32768,8,24,576,All,168,0.29354878738914614,0.24793605019536621,0.2745780841935248,1.8192073362214225,0.48403604672742523,0.184447305986569,0.10649773017281573,0.22242091999699667,0.07027453692890477,0.03749221585908409,0.07319461584220037
looped-Chebyshev,128,149251,32768,8,24,576,ID,48,0.5041511126403209,0.34815391401392404,0.26167687556395924,1.5961942598223686,0.3706864035522647,0.1299864646668235,0.10508686521401005,0.24312652523318923,0.0453071842542461,0.09849331042792683,0.1048677884891588
looped-Chebyshev,128,149251,32768,8,24,576,OOD,120,0.2093078572886763,0.11553322619871695,0.2797385676453511,1.908412566781044,0.4964259099162988,0.2062316425144672,0.10706207615633802,0.21413867790251967,0.08026147799876825,0.020671517015925477,0.0888218652037869
looped-Chebyshev,128,149251,32768,8,32,1024,All,168,0.28812550261440684,0.2455450063115823,0.3307546742615245,1.7878425362564268,0.45535787843446723,0.19074020335184672,0.12434142198236212,0.23609715629191622,0.08863277272515305,0.03713064869953334,0.06885798115258791
looped-Chebyshev,128,149251,32768,8,32,1024,ID,48,0.4846005319004654,0.34345749372800366,0.3174086939543485,1.5398078535993893,0.3302180191429185,0.13396371419851974,0.11562030451993144,0.2571096426496903,0.05559098488204953,0.09716468546493799,0.0934192164992802
looped-Chebyshev,128,149251,32768,8,32,1024,OOD,120,0.2095354908999834,0.12736750722021903,0.33609306638439496,1.887056409319242,0.4617130424195228,0.2134507990131775,0.1278298689673344,0.2276921617488066,0.10184948786239446,0.022788938553920585,0.08261094515298735
looped-Chebyshev,128,149251,32768,8,48,2304,All,168,0.2979797161388199,0.2612502277035957,0.41910141333937645,1.7341546444665819,0.6719858428892259,0.25040022875847556,0.21631852559567913,0.2571570291405632,0.10105381250364835,0.03950554960676364,0.10161587335120938
looped-Chebyshev,128,149251,32768,8,48,2304,ID,48,0.5053464912589756,0.36558564835439805,0.39178854040801525,1.4364680821696918,0.3667083772653049,0.2910011874046176,0.222073169114689,0.2826637423907717,0.06622023593808986,0.10342477651974503,0.10374239836082519
looped-Chebyshev,128,149251,32768,8,48,2304,OOD,120,0.21503300609075765,0.13679034666027431,0.43002656251192095,1.8532292693853378,0.7283914709334679,0.23415984530001877,0.2140166681880752,0.24695434384047982,0.11498724312987174,0.024474898448162676,0.13032577017937877
looped-Chebyshev,128,149251,32768,16,8,64,All,168,0.5660471020738973,0.26548899748953647,0.25200879683585037,0.3214746908329072,0.2208186582081419,0.0547860768967352,0.052291012563121776,0.2349118094785981,0.196906885166148,0.040146524856898624,0.03339159752173747
looped-Chebyshev,128,149251,32768,16,8,64,ID,48,0.800880432539265,0.20960177353887227,0.41815685108304024,0.418156907428056,0.2807548303783755,0.10199499945156272,0.10199500546635436,0.28394060470357846,0.1521843085089737,0.05929668378389254,0.07942599967866898
looped-Chebyshev,128,149251,32768,16,8,64,OOD,120,0.4721137698877503,0.22454794665568162,0.18554957513697443,0.28280180419484774,0.1789376753256163,0.03590250787480419,0.03240941540182874,0.215300291388606,0.21479591582901772,0.040176725370762625,0.032016012380036034
looped-Chebyshev,128,149251,32768,16,12,144,All,168,0.524342879698036,0.28197329799713483,0.11577315096344262,0.8982156202906654,0.19098589247308786,0.11467476284486193,0.05579634882243612,0.20266020302439017,0.12795341078058944,0.042639235991200786,0.028880367744015385
looped-Chebyshev,128,149251,32768,16,12,144,ID,48,0.7837503868549711,0.2204253683440674,0.11589502574255066,0.904108482102553,0.1720819629612336,0.08080160338431593,0.057341166151066575,0.2036058294276396,0.08960458965157155,0.06235869641733816,0.048682268142790246
looped-Chebyshev,128,149251,32768,16,12,144,OOD,120,0.4205798768352619,0.2332155289248239,0.11572440105179942,0.8958584755659104,0.19867882932978598,0.12822402662908033,0.05517842189098394,0.2022819524630904,0.14329293923219663,0.041727552611190696,0.035548152997396644
looped-Chebyshev,128,149251,32768,16,16,256,All,168,0.4564050013792655,0.2809019927684849,0.13385333258303853,1.2270397689370882,0.5627107064534327,0.10790053060987871,0.053680986986451164,0.17333683491285354,0.1340120835742536,0.042477236125300445,0.085091584123994
looped-Chebyshev,128,149251,32768,16,16,256,ID,48,0.7244290759101405,0.25644167989573463,0.11939502197007333,1.0088505384822686,0.16043763047390378,0.07429336259762442,0.0532812040764838,0.19599194948871926,0.10275828801968596,0.07254776973042869,0.04538806747970448
looped-Chebyshev,128,149251,32768,16,16,256,OOD,120,0.34919537156691555,0.2102223811590901,0.13963665682822463,1.314315461119016,0.6382123613817398,0.12134339781478043,0.053840900150438104,0.16427478908250726,0.14651360179608064,0.037613556482739,0.11419068022375649
looped-Chebyshev,128,149251,32768,16,24,576,All,168,0.4538696129564284,0.28663288188943475,0.156673878165228,1.2957982974393027,0.572335417418997,0.09582368359856658,0.05493460894961438,0.16508634747671225,0.11891854694113131,0.04334384560713184,0.08654700676550937
looped-Chebyshev,128,149251,32768,16,24,576,ID,48,0.7293362549665,0.2455573649571234,0.13783516393353537,1.0576086764534314,0.19769773188886416,0.06696041673421856,0.0538947269475708,0.18864600593224165,0.09114583110203962,0.06946857927215029,0.055929010974864954
looped-Chebyshev,128,149251,32768,16,24,576,OOD,120,0.3436829561523997,0.22052585858222354,0.16420936385790505,1.3910741458336513,0.6420445053463362,0.10736899034430579,0.05535056175043181,0.1556624840945005,0.13002763327676797,0.0394570825045015,0.11487633777680863
looped-Chebyshev,128,149251,32768,16,32,1024,All,168,0.4358139012812314,0.2938210090749201,0.2041984404925079,1.424585952290467,0.8089493256503704,0.11673996568701803,0.0776239370794168,0.1742783157775799,0.1078944946777829,0.044430814669712326,0.1223271190794788
looped-Chebyshev,128,149251,32768,16,32,1024,ID,48,0.7033145268804203,0.28085228452755173,0.1644798424094915,1.1415498418112595,0.23597451991847276,0.06942876901788013,0.05930707207880911,0.1974563390637437,0.06818664804450232,0.07945356961650665,0.06675757677244325
looped-Chebyshev,128,149251,32768,16,32,1024,OOD,120,0.3288136510415558,0.22269118680158603,0.2200858797257145,1.5378003964821498,0.9225655394641694,0.1356644443546732,0.08495068307965989,0.1650071064631144,0.12377763333109514,0.03984450888048296,0.16506791920220637
looped-Chebyshev,128,149251,32768,16,48,2304,All,168,0.42519038701618217,0.2922357445483292,1.2583600999343962,2.963628811495645,20.304493677204476,1.059731091195274,1.684445440990939,0.19562674429090246,0.1054421740451029,0.04419109527522386,3.070390365803229
looped-Chebyshev,128,149251,32768,16,48,2304,ID,48,0.6741205911105729,0.3022794913257993,0.2309368305529157,1.176048976679643,0.2905571497061394,0.21575419915219143,0.1514751710152874,0.21767830817649758,0.06648596753560312,0.08551536138685216,0.0821990918129269
looped-Chebyshev,128,149251,32768,16,48,2304,OOD,120,0.3256183053784259,0.22083552834084536,1.6693294076869885,3.6786607454220452,24.015191239132445,1.397321848012507,2.2976335489812,0.18680611873666442,0.12102465664890281,0.03951248945447845,4.296862908394606
looped-Chebyshev,128,149251,32768,32,8,64,All,168,0.5321234989345452,0.28263703889063746,0.13350110384635622,0.17579629610935665,0.1775092914784667,0.019994252488859658,0.01897613214705844,0.09673647037457804,0.4017173802380317,0.04273960508570759,0.02684247275803433
looped-Chebyshev,128,149251,32768,32,8,64,ID,48,0.7728451329844516,0.23440107659411227,0.27599882109401125,0.27599949094777304,0.2308394923897953,0.038592598556230415,0.03859259591748313,0.12201639465153369,0.2993462979987574,0.06631244708827493,0.06530486910471399
looped-Chebyshev,128,149251,32768,32,8,64,OOD,120,0.4358348453145827,0.2401712191549294,0.07650201694729424,0.13571501817399012,0.1322995692850513,0.012554914061911353,0.011129546638888566,0.08662450066379578,0.4426658131337414,0.042972083502259416,0.0236713964255758
looped-Chebyshev,128,149251,32768,32,12,144,All,168,0.6820564361504001,0.20718761560116905,0.07066946239432403,0.569319627646889,0.14754106809634376,0.05585599747220316,0.02686867698849662,0.13446814724288522,0.23291726912152838,0.03133034829476019,0.022310759442965948
looped-Chebyshev,128,149251,32768,32,12,144,ID,48,0.8391681927330246,0.1696003175269786,0.07100549945607777,0.5791417409976324,0.11132792018858527,0.039518196213369515,0.027903728769160762,0.13362365479891494,0.17256589763807517,0.04798020659963508,0.03149485029770843
looped-Chebyshev,128,149251,32768,32,12,144,OOD,120,0.6192117335173503,0.18692711631904232,0.07053504756962255,0.5653907823065917,0.15999791572681468,0.06239111797573661,0.02645465627623096,0.13480594422047334,0.2570578177149097,0.03344550475099497,0.028627259415146412
looped-Chebyshev,128,149251,32768,32,16,256,All,168,0.6659833866748821,0.1995029529004755,0.07850978055614087,0.7321589780705315,0.3360460921496717,0.053994661629466034,0.026612952783969853,0.12328115258631958,0.23305393184862272,0.030168294480675355,0.05081597700515689
looped-Chebyshev,128,149251,32768,32,16,256,ID,48,0.8472318904398014,0.1617330586053905,0.07403767357269918,0.6513648213197788,0.09216220838992391,0.03902935713995243,0.02701208398987845,0.15012427675537762,0.16384991221032877,0.045754546212115034,0.026072839153286148
looped-Chebyshev,128,149251,32768,32,16,256,OOD,120,0.5934839851689144,0.16423603619587282,0.08029862334951754,0.7644766407708327,0.389148303263194,0.05998078342527147,0.026453300301606416,0.11254390291869636,0.2607355397039403,0.0293855553813734,0.06962746594462345
looped-Chebyshev,128,149251,32768,32,24,576,All,168,0.669435843242826,0.2130645553882378,0.0907179242487819,0.8069086779086363,0.3919345901787739,0.04865524233762348,0.027458759024739213,0.11964424962310914,0.2327350534864568,0.03221904316149699,0.05926728382599233
looped-Chebyshev,128,149251,32768,32,24,576,ID,48,0.8463938599401678,0.16505482780322273,0.08626570599153634,0.7082383949309587,0.0976340170372774,0.03601413569413121,0.027686871704645403,0.15115240969074265,0.18223851618434608,0.04669428013898661,0.02762082274908294
looped-Chebyshev,128,149251,32768,32,24,576,OOD,120,0.5986526365638892,0.18778855865880661,0.09249881155168012,0.8463767910997073,0.4542151274119347,0.053711684995020374,0.02736751395277674,0.10704098559605574,0.2529336684073011,0.03359963634214475,0.08126939793957591
looped-Chebyshev,128,149251,32768,32,32,1024,All,168,0.6484151299508559,0.2248697264319156,0.17108250325102178,1.1043377257883549,2.8722094310542343,0.13826181661958492,0.10361080916066251,0.12654818209730795,0.21358721577174336,0.03400418905163367,0.43432770626429473
looped-Chebyshev,128,149251,32768,32,32,1024,ID,48,0.831226757303157,0.166198407026465,0.10188642299423611,0.791504118591547,0.11267970005225457,0.0356663250131532,0.02995527275682734,0.15923492462995148,0.14819833856502854,0.04701780056745211,0.031877271027113976
looped-Chebyshev,128,149251,32768,32,32,1024,OOD,120,0.5752904790099355,0.20293079212157597,0.19876093535373604,1.229471168667078,3.393651719338057,0.1793000132621576,0.13307302372219657,0.11347348508425052,0.2397427666544293,0.03630892566941041,0.607201335672564
looped-Chebyshev,128,149251,32768,32,48,2304,All,168,0.616785984642814,0.22820137259428483,1472.9225134724486,2282.2460216610207,29568.602888047444,1340.4770199394497,2302.74667868669,0.1572211877376373,0.17508654851865552,0.03450799153210075,4471.283789738016
looped-Chebyshev,128,149251,32768,32,48,2304,ID,48,0.8034228993901499,0.1849077460242908,0.12685106943051017,0.9258987853924433,0.4974507620234149,0.22588438754125184,0.1452517461730167,0.1683761704092224,0.11506164654080442,0.05231070310176192,0.1407296323677735
looped-Chebyshev,128,149251,32768,32,48,2304,OOD,120,0.5421312187438796,0.19976663453281912,2062.0407784336558,3194.7740708112715,34986.0408034273,1876.5774741602131,3223.7872494628964,0.15275919466900323,0.19909650930979597,0.035742786043701735,6259.79695697221
looped-Chebyshev,128,149251,32768,48,8,64,All,168,0.5201909041997508,0.2796012394466268,0.07928133534213491,0.10529317899393689,0.13486257204423607,0.008950478124981034,0.008271801402380673,0.044546821753794444,0.6063380656969024,0.042280539742164155,0.020393551717910997
looped-Chebyshev,128,149251,32768,48,8,64,ID,48,0.7692810476342018,0.23499388126895807,0.19553596355156813,0.19553702397873465,0.17956533653278076,0.01708793491707179,0.01708792835900865,0.06358143141793936,0.447172614755497,0.06648015249818848,0.05079932673832009
looped-Chebyshev,128,149251,32768,48,8,64,OOD,120,0.42055484682597044,0.2299179645177049,0.032779484058361605,0.0691956410000178,0.09050064342976712,0.005695495408144731,0.004745350619729483,0.03693297788813647,0.6700042460734645,0.04113754347705966,0.016192619665903615
looped-Chebyshev,128,149251,32768,48,12,144,All,168,0.7233250830831118,0.17563240605639716,0.04865559460484374,0.3954938123712227,0.14747934883700517,0.03419875825333981,0.01640518141599988,0.09400103992915575,0.3329840802187044,0.02655865524407639,0.022301426424262284
looped-Chebyshev,128,149251,32768,48,12,144,ID,48,0.8520268383663309,0.1587055345184093,0.051014896210593436,0.4205689757751922,0.11776886968914585,0.02355800582639247,0.016631070466246404,0.08867484067256247,0.24880420545378,0.044898054707282656,0.033317005422421296
looped-Chebyshev,128,149251,32768,48,12,144,OOD,120,0.6718443809698242,0.15487825523562243,0.04771187396254386,0.385463747009635,0.1571317677416429,0.038455059224118744,0.016314825795901274,0.09613151963179306,0.36665603012467424,0.027711235926133712,0.028114440472968398
looped-Chebyshev,128,149251,32768,48,16,256,All,168,0.7201609167024989,0.1784243639687315,0.05393656403092397,0.5104740391529742,0.24918735075692497,0.03416121148482138,0.01669649816938627,0.08686083982077733,0.3341912614733224,0.026980847533726218,0.03768143413017289
looped-Chebyshev,128,149251,32768,48,16,256,ID,48,0.8595534610339338,0.15251337104677687,0.053464018468124125,0.4807049063965678,0.10122653383949988,0.024643900377365403,0.01728282476930564,0.10642972118997322,0.22842261565286506,0.04314628155614821,0.02863715161507033
looped-Chebyshev,128,149251,32768,48,16,256,OOD,120,0.6644038989699248,0.15657942966113284,0.05412558225604391,0.5223816922555368,0.2873904793308291,0.03796813592780377,0.016461967529418524,0.07903328727309898,0.3764987198015054,0.028015614651120672,0.05142068112496099
looped-Chebyshev,128,149251,32768,48,24,576,All,168,0.7409023287566638,0.16957818433716162,0.06270719678806402,0.568318104726218,0.2785963329897345,0.031567677877665935,0.017723785070258895,0.09064262900834101,0.3245945647026279,0.025643152285238918,0.042128580518121087
looped-Chebyshev,128,149251,32768,48,24,576,ID,48,0.8686392279613901,0.1630140694912937,0.06297576450742777,0.5360629446804523,0.1210393581208179,0.023413429036736436,0.017863539047539175,0.11917608256529393,0.2251806958035255,0.046116946282222446,0.03424223193686093
looped-Chebyshev,128,149251,32768,48,24,576,OOD,120,0.6898075690747734,0.1436890071568086,0.06259976970031852,0.5812201687445243,0.3202332238152243,0.03482937741403773,0.017667883479346783,0.07922924758555984,0.3643601122622689,0.025709225425199742,0.057296993713091646
looped-Chebyshev,128,149251,32768,48,32,1024,All,168,0.7343187604109603,0.1836974801832567,0.3329449801129244,1.529039368920383,11.580985693526692,0.3950338329776145,0.3149642301113566,0.10120470573504761,0.29884140574861134,0.027778233840434076,1.751245190606744
looped-Chebyshev,128,149251,32768,48,32,1024,ID,48,0.8698989514247484,0.14771973135551136,0.07430481289823845,0.605438911045591,0.10687445081782472,0.023468805593438394,0.019417780548489295,0.13410422943222022,0.1866762293114637,0.04179015306473461,0.03023495654509062
looped-Chebyshev,128,149251,32768,48,32,1024,OOD,120,0.680086684005445,0.16839612723519704,0.4364010469987988,1.8984795520702997,13.701515087451252,0.543659843931285,0.4331828099365035,0.08804489625617858,0.3437074763234705,0.030129890111187642,2.451512102562177
looped-Chebyshev,128,149251,32768,48,48,2304,All,168,0.7222298997338279,0.1891770310298336,2663520.858927599,4125656.370551563,53474608.497627005,2424053.6420802847,4164367.312472755,0.1481615656964658,0.250539050021741,0.028606836631310213,8086285.00451329
looped-Chebyshev,128,149251,32768,48,48,2304,ID,48,0.8439011667389772,0.17147619019476013,0.10604740275690949,0.81246376161774,0.9055426129657581,0.33129374131870765,0.20278417454877243,0.14676984190009532,0.14564731812182188,0.04851089403859255,0.2561794829656442
looped-Chebyshev,128,149251,32768,48,48,2304,OOD,120,0.6735613929317681,0.17392584295750124,3728929.160079678,5775918.593786684,63272010.05047454,3393674.966394902,5830114.156348187,0.148718255215014,0.29249574278170865,0.03111928179016866,11320799.006690573
looped-Chebyshev,128,149251,32768,64,8,64,All,168,0.5155591627153259,0.2783982987485593,0.050779912990817216,0.06655363453033451,0.10326553861411691,0.004634527151059305,0.004259918006612501,0.022085776563580104,0.7625425133211094,0.04209863431823697,0.015615534172922038
looped-Chebyshev,128,149251,32768,64,8,64,ID,48,0.7683585739791498,0.2367116798356025,0.1441006975243605,0.14410220323285705,0.13999831588304643,0.009592329638204874,0.009592312198947135,0.03743182371090365,0.5045174316425497,0.06696612051597269,0.03960575202697385
looped-Chebyshev,128,149251,32768,64,8,64,OOD,120,0.41443939820979625,0.2248309686877008,0.01345159917739991,0.03553420704932549,0.061871780362377046,0.0026514061562010766,0.0021269603296786475,0.015947357704650687,0.8657525459925334,0.040227364437490525,0.01107026612730983
looped-Chebyshev,128,149251,32768,64,12,144,All,168,0.7371006043599325,0.1706734319211838,0.0347587607157904,0.284957737972339,0.14377292680623044,0.022677152628256404,0.010803935835914021,0.06724490955405465,0.4301961782039143,0.025808772649066378,0.02174095135525488
looped-Chebyshev,128,149251,32768,64,12,144,ID,48,0.8564810168788456,0.15480188207674678,0.03784735207833966,0.31481812677035725,0.10988805352782595,0.015763116864642702,0.011253286211285699,0.06176299663881457,0.3042357531085144,0.04379370506115453,0.031087509669657017
looped-Chebyshev,128,149251,32768,64,12,144,OOD,120,0.6893484393523672,0.15286094751325463,0.0335233241707707,0.2730135824531316,0.15406366245605183,0.025442766933701885,0.010624195685765348,0.06943767472015068,0.48058034824207424,0.027350293777443444,0.027565486784886836
looped-Chebyshev,128,149251,32768,64,16,256,All,168,0.7387917738333017,0.17258515020757176,0.03801689940016889,0.3616901311491217,0.20320198273614282,0.02322053393748185,0.011251003758626987,0.06081059404338395,0.43235239568111,0.02609785749412436,0.030727651722023484
looped-Chebyshev,128,149251,32768,64,16,256,ID,48,0.8646407382797072,0.15041582539440448,0.039463078176292236,0.35981240806480247,0.11263744159518947,0.016918604766639516,0.011636190019392673,0.07500042626634236,0.29931971973079874,0.0425528824681012,0.031865316040648566
looped-Chebyshev,128,149251,32768,64,16,256,OOD,120,0.6884521880547395,0.15466196777139848,0.03743842788971956,0.36244122038284937,0.23007250642219526,0.02574130560581878,0.011096929254320712,0.05513466115420059,0.48556546606123446,0.027672537188600438,0.04116519453220159
looped-Chebyshev,128,149251,32768,64,24,576,All,168,0.7688725376339715,0.15666739851497155,0.04559733185340602,0.4189887084066868,0.2275818081944869,0.022045666346370767,0.012386748744618278,0.06842563412196576,0.3968355113424228,0.02369081833229205,0.034414302686942795
looped-Chebyshev,128,149251,32768,64,24,576,ID,48,0.871959936936029,0.16027375926314927,0.0478568306813637,0.417685207289954,0.14085212404274622,0.01669877812188735,0.01279337269564465,0.09010857260242722,0.2804528008855413,0.04534170804676013,0.039847295748684945
looped-Chebyshev,128,149251,32768,64,24,576,OOD,120,0.7276375779131485,0.13527141892149708,0.044693532322222944,0.41951010885337986,0.2546533119135234,0.024184421636164136,0.012224099164207728,0.05975245872978117,0.44338859552517534,0.024203127792818132,0.0455632586709557
looped-Chebyshev,128,149251,32768,64,32,1024,All,168,0.7623811124836232,0.17121847171190993,1.134515321957657,4.21012336840587,48.38520472308669,1.5386835370113008,1.245678630657494,0.0826930349825748,0.3633989229870383,0.02589119208532662,7.316679193826428
looped-Chebyshev,128,149251,32768,64,32,1024,ID,48,0.8782135358938593,0.14460448031520784,0.05776446634748325,0.48441782873123884,0.1329883627127867,0.0172817586183858,0.01414778192217146,0.10731180186849083,0.23551764020036592,0.040908843461645486,0.03762262483554434
looped-Chebyshev,128,149251,32768,64,32,1024,OOD,120,0.7160481431195289,0.15907581945837487,1.5652156642017265,5.700405584275723,57.25035360321725,2.147244248368467,1.7382909701516231,0.07284552822820838,0.4145514361017073,0.02846227545918391,10.24338796391889
looped-Chebyshev,128,149251,32768,64,48,2304,All,168,0.7584822361261536,0.17624558720506373,5276429360.837581,8172915761.376406,105933095590.80972,4802044684.339187,8249603023.3290205,0.1470598336420066,0.3129175719527882,0.02665137883134179,16018914891.086119
looped-Chebyshev,128,149251,32768,64,48,2304,ID,48,0.8602562115339031,0.17097351602912841,0.09441983521295087,0.7687260887275139,1.4711231538490064,0.46136258061354357,0.27773406172248843,0.12854990716247505,0.16908481808301679,0.0483686866968199,0.4161831409540494
looped-Chebyshev,128,149251,32768,64,48,2304,OOD,120,0.7177726459630538,0.16185592809822572,7387001105.134846,11442082065.619476,125341729037.19525,6722862557.890317,11549444232.549534,0.15446380423381922,0.3704506735006968,0.028959700009208604,22426480847.52156
looped-Chebyshev,128,149251,32768,96,8,64,All,168,0.5121241075551608,0.2767316570250162,0.02600329652489375,0.03169356803496992,0.06177884488056081,0.001568703459456911,0.0013957897109480781,0.007884930531232463,0.8495429406896056,0.041846609285130246,0.009342029067421785
looped-Chebyshev,128,149251,32768,96,8,64,ID,48,0.7663572282344839,0.23574180700128994,0.0836499128827199,0.08365259779202457,0.08619517084095656,0.003323698127132906,0.0033236780888424773,0.01669954392309587,0.5520567593242353,0.06669174190840735,0.024384754493057305
looped-Chebyshev,128,149251,32768,96,8,64,OOD,120,0.4104308592834316,0.22140696127757453,0.0029446499817632884,0.010909956132148065,0.02995267364170452,0.0008667055923865127,0.0006246343597903185,0.0043590851744871,0.9685374132357538,0.03961473177959746,0.005359213303642979
looped-Chebyshev,128,149251,32768,96,12,144,All,168,0.7408071106014996,0.16679690866292604,0.019150724281124454,0.15852639783129446,0.11509589230009928,0.011167632457467547,0.005088586692138348,0.03679469664209695,0.6048347832568522,0.025222575334610343,0.01740448811380583
looped-Chebyshev,128,149251,32768,96,12,144,ID,48,0.8575489442237464,0.15564169909693654,0.021426884190683834,0.1804091594725226,0.09493695218685254,0.007410634881428706,0.005171998374862546,0.032531007382203776,0.45227465332330513,0.04403129066666605,0.026857818701549754
looped-Chebyshev,128,149251,32768,96,12,144,OOD,120,0.6941103771526009,0.14757855865213756,0.018240260317300704,0.14977329317480323,0.12149172658275695,0.012670431487883082,0.00505522201904867,0.03850017234605422,0.665858835230271,0.02640515448877248,0.021737628005211163
looped-Chebyshev,128,149251,32768,96,16,256,All,168,0.743084333268931,0.17238424031774516,0.02144706283330114,0.20747648338077673,0.13700564671823132,0.01249597635164497,0.006028473446522568,0.03218083492191948,0.5845936507297059,0.026067476446464417,0.020717621647299057
looped-Chebyshev,128,149251,32768,96,16,256,ID,48,0.8682661527498426,0.1438282420241021,0.024140414791569684,0.2246242462812612,0.102233256138808,0.009082840115297534,0.006231502537654358,0.039416412134111505,0.4177561590913683,0.04068924438234614,0.028921954996417653
looped-Chebyshev,128,149251,32768,96,16,256,OOD,120,0.6930116054765664,0.15710889106055612,0.020369722049993717,0.20061737822058298,0.14848519420550554,0.013861230846183946,0.005947261810069854,0.02928660403704266,0.6513286473850409,0.028110347315372854,0.026567372171817653
looped-Chebyshev,128,149251,32768,96,24,576,All,168,0.7767357401986197,0.15945551832880156,0.026983378549283767,0.24990916988324546,0.15790561477762602,0.012397079290600355,0.006922267876299315,0.039756770802861295,0.5525236775727189,0.02411243023511431,0.023878058031251072
looped-Chebyshev,128,149251,32768,96,24,576,ID,48,0.8724338743768599,0.16231107039941056,0.031099553976673588,0.27864860122402507,0.13064877679467202,0.009341041703009922,0.007126915491729304,0.05354591601644638,0.39609905899851583,0.04591806669190243,0.03696075216133262
looped-Chebyshev,128,149251,32768,96,24,576,OOD,120,0.7384564865273234,0.14179273400233314,0.025336908378327843,0.23841339734693365,0.16668433874867683,0.013619494325636526,0.00684040883012732,0.03424111271742727,0.6150935250024001,0.025369939108446496,0.02982361228972436
looped-Chebyshev,128,149251,32768,96,32,1024,All,168,0.7739889714394492,0.16711505281086203,20.037320467172236,69.48924797564922,896.8601308693982,28.101757146370975,22.825029783785187,0.05791984232685835,0.5177812087654491,0.025270684228251756,135.62075218777653
looped-Chebyshev,128,149251,32768,96,32,1024,ID,48,0.8815974462919888,0.14220750680312103,0.038606234826147515,0.3364612908723454,0.14009409968691144,0.010001852070369391,0.008015138504560987,0.07052681675607643,0.33729272156294127,0.04023073574344806,0.03963284942139713
looped-Chebyshev,128,149251,32768,96,32,1024,OOD,120,0.7309455814984336,0.1570541512967531,28.036806160110668,97.15036264955998,1061.1807407557242,39.33845926409121,31.95183564189744,0.052877052555171104,0.5899766036464522,0.028100553128919892,189.86932557197093
looped-Chebyshev,128,149251,32768,96,48,2304,All,168,0.775133626938648,0.17017613141944518,2.3328454375162636e+16,5952.883303210317,77151.6360141905,5952.68025759653,3.647361491952006e+16,0.06612710390583652,0.44464436630507753,0.0257335722183774,11666.66077420466
looped-Chebyshev,128,149251,32768,96,48,2304,ID,48,0.8661901590663601,0.17252788326868768,0.10508010323004173,0.9048921189581355,3.457076867606291,1.0128297526098322,0.6011727783479728,0.0924083970021456,0.26357886351373355,0.04880841972546765,0.978012687459643
looped-Chebyshev,128,149251,32768,96,48,2304,OOD,120,0.738711014087563,0.15557254471640927,3.2659836125227692e+16,8333.67466764686,91287.06149652271,8333.347228734097,5.106306088732809e+16,0.055614586667312886,0.5170705674216152,0.027835460076088444,16333.32771140222
looped-Chebyshev,128,149251,32768,128,8,64,All,168,0.5115770515364866,0.27596480335976664,0.015218940226209999,0.01801364985615464,0.03813197614477082,0.0005783928302388521,0.0005002672663903558,0.0037888499073503537,0.8758958931790576,0.04173064775744111,0.005766213826616458
looped-Chebyshev,128,149251,32768,128,8,64,ID,48,0.764985521315535,0.2348678106350293,0.050836513252572,0.05083953245336182,0.05456874301698401,0.0012232162836198525,0.001223157977430343,0.00880452552483269,0.6016422170990458,0.06644448691011498,0.015437586450395663
looped-Chebyshev,128,149251,32768,128,8,64,OOD,120,0.41021366362486716,0.22096401832342963,0.0009719110156651986,0.004883296817271769,0.0159992687904559,0.000320463448886452,0.00021111098197436099,0.0017825796603574188,0.9855973636110623,0.03953547922935757,0.002862632403906223
looped-Chebyshev,128,149251,32768,128,12,144,All,168,0.7396682073976738,0.16622766167504405,0.01116611080388312,0.09286421210882027,0.08818442734702892,0.005926090292632529,0.002623373031729807,0.021481984979583875,0.7160471264117708,0.02513649535176804,0.013335009503052565
looped-Chebyshev,128,149251,32768,128,12,144,ID,48,0.853632060487603,0.1564009299264082,0.013540366974969659,0.11481960179905093,0.06722509884602955,0.00384886101286,0.0026591090378739104,0.019623258430025648,0.5194780964326734,0.04424607830731459,0.019018090168376637
looped-Chebyshev,128,149251,32768,128,12,144,OOD,120,0.6940826661617021,0.14758637632524751,0.010216408335448504,0.08408205623272802,0.0941069606397638,0.006756982004541541,0.0026090786292721655,0.022225475599407168,0.7946747384034097,0.02640655324796959,0.016837871685812147
looped-Chebyshev,128,149251,32768,128,16,256,All,168,0.7460969165514075,0.1728948845573607,0.012812705606587977,0.12441978006002799,0.09466104088973638,0.007191628645939169,0.003420625215983857,0.018922893811360926,0.7018267024042351,0.02614469468093971,0.014314385405781185
looped-Chebyshev,128,149251,32768,128,16,256,ID,48,0.8661504871151894,0.1450549168532773,0.015891891162027553,0.14969546029654637,0.08378964327746471,0.005184604194558479,0.0035703805066683437,0.024867743622356355,0.48480016163860756,0.04103627269333403,0.023704226819758017
looped-Chebyshev,128,149251,32768,128,16,256,OOD,120,0.6980754883258947,0.15968991031623353,0.011581031384412148,0.11430950796542064,0.09716720920314277,0.007994438426491444,0.0033607230997100626,0.016544953886962754,0.7886373187104861,0.028572150254818157,0.017385419627925724
looped-Chebyshev,128,149251,32768,128,24,576,All,168,0.7782400929810358,0.15988917802981792,0.017262876881951685,0.16134132572361043,0.11929830903414526,0.007549179794122639,0.004175485971028915,0.024585358892744803,0.6611546294298023,0.024178007076832486,0.018039966154205878
looped-Chebyshev,128,149251,32768,128,24,576,ID,48,0.8708382359291446,0.1625152923242031,0.021388833682673632,0.19560347334481773,0.11251022654975816,0.0059078147945304275,0.004391974978110085,0.034952351178314175,0.46101721201557666,0.045975841407696595,0.03182932669669344
looped-Chebyshev,128,149251,32768,128,24,576,OOD,120,0.7412008358017924,0.14353729387664557,0.015612494161662908,0.1476364666751275,0.11962549485820988,0.008205725793959524,0.004088890368196448,0.020438561978517053,0.7412095963954926,0.02568208047516573,0.021403716782276205
looped-Chebyshev,128,149251,32768,128,32,1024,All,168,0.778174977676265,0.16680467073267163,385.9893882224098,1335.2901240034428,17304.7872645734,541.9697550389822,440.2489367647504,0.04762334335273837,0.6138924211540836,0.02522374909370744,2616.7829123989195
looped-Chebyshev,128,149251,32768,128,32,1024,ID,48,0.8836599860328661,0.13519128796736463,0.027586269871486924,0.2468261923640966,0.1319282319180498,0.006486175222865564,0.00507953625735045,0.04939858171079924,0.4053465028021795,0.03824583598502459,0.03732271210368275
looped-Chebyshev,128,149251,32768,128,32,1024,OOD,120,0.7359809743336245,0.1598273723700028,540.3741090034251,1869.3074431278742,20475.302259152948,758.7550625844858,616.3464796561476,0.04691324800951401,0.6973107884948452,0.028596745336917296,3663.496406897689
looped-Chebyshev,128,149251,32768,128,48,2304,All,168,0.782714959730126,0.16716849804075834,5952.446481253597,5952.949895928836,77151.63093446953,5953.019655997273,5952.759389278515,0.04891896351806017,0.5417273949549001,0.025278766070704003,11666.660006063055
looped-Chebyshev,128,149251,32768,128,48,2304,ID,48,0.8683076971244197,0.1727862445214705,0.1622239709249697,1.4270158872629206,7.736738161402974,2.21309173021776,1.3093111773584194,0.0694896535230024,0.33381164067153196,0.0488815105455004,2.1887358514664723
looped-Chebyshev,128,149251,32768,128,48,2304,OOD,120,0.7484778647724083,0.15260654433053372,8333.360184166666,8333.559047945464,91287.07213970255,8333.342281704096,8333.339420518978,0.04069068751608328,0.6248936966682473,0.027304775272563506,16333.329615708715
looped-HB,128,149251,32768,1,8,64,All,168,0.06523662357599509,0.03750608250069433,1.0890910189066614,1.6592661163636617,0.8058988707724526,1.1107459103777295,1.3380321931271326,0.29663874767720694,0.2449586925171648,0.0056715678903354935,0.1218658375810393
looped-HB,128,149251,32768,1,8,64,ID,48,0.0399326067937966,0.03540124170373915,1.0451078712940216,1.3114975268642108,0.15149828810703284,1.461334618429343,1.5822925542791684,0.38805854599922895,0.19334608451754318,0.010015069049377394,0.04285911293597782
looped-HB,128,149251,32768,1,8,64,OOD,120,0.07535823028887449,0.03342991918444568,1.1066842779517174,1.798373552163442,0.9132815009277049,0.9705104271570841,1.2403280486663182,0.2600708283483982,0.26560373571701346,0.005981371472079232,0.16340679394069121
looped-HB,128,149251,32768,1,12,144,All,168,0.10497267707296891,0.040186752797411615,0.9129454422564733,2.641080922314099,0.7678976958495947,1.017180520154181,1.2161300920304798,0.25021748776946745,0.18899568296287073,0.006076931569124299,0.11611940315980873
looped-HB,128,149251,32768,1,12,144,ID,48,0.07327045903204829,0.0482582849080385,0.7988398112356663,3.2131426483392715,0.7724838578267629,1.2409432257215183,1.2952986545860767,0.2960688568030794,0.09614157962399376,0.013652347553319984,0.21853694399785187
looped-HB,128,149251,32768,1,12,144,OOD,120,0.11765356428933717,0.027911364299607777,0.9585876946647962,2.41225623190403,0.6379884719589433,0.927675437927246,1.184462667008241,0.23187694015602267,0.2261373242984215,0.00499397672029559,0.11415062132325401
looped-HB,128,149251,32768,1,16,256,All,168,0.10514100558732904,0.04273909465306493,0.8415748913373265,2.402547617753347,0.6396073992748366,0.9934928942294348,1.1123995869642211,0.28517611568704954,0.14733660998310713,0.006462889769728551,0.09671969308127558
looped-HB,128,149251,32768,1,16,256,ID,48,0.07050256226822556,0.0468224356820817,0.7738846130669117,2.7691844403743744,0.6155335357524644,1.1902028570572536,1.1480337070922058,0.32349483327319223,0.07581313680081313,0.013246143464130267,0.17413544175534446
looped-HB,128,149251,32768,1,16,256,OOD,120,0.11899638291497043,0.0319373363180069,0.8686510026454926,2.2558928887049357,0.5903899531491127,0.9148089090983073,1.0981459389130275,0.2698486286525925,0.17594599925602472,0.005714314512480445,0.10563416572096782
looped-HB,128,149251,32768,1,24,576,All,168,0.09867707636947695,0.03795001565209445,0.8439501449465752,2.162452378443309,0.5028213417758406,0.969065031835011,1.0157535409643537,0.29761640878305545,0.10215469911539302,0.005738698255307356,0.07603527711907723
looped-HB,128,149251,32768,1,24,576,ID,48,0.07013461222664343,0.04843104131470041,0.8054506195088228,2.381818264722824,0.31130840937485266,1.2245483075579007,1.0804841369390488,0.3417383562773466,0.05649447179166595,0.013701220622686324,0.08806965703724705
looped-HB,128,149251,32768,1,24,576,OOD,120,0.11009406202661036,0.025192777612184636,0.8593499551216761,2.0747060239315034,0.5379218363034612,0.8668717215458552,0.9898613025744756,0.27996762978533896,0.12041879004488384,0.004507559844238855,0.09624642847988231
looped-HB,128,149251,32768,1,32,1024,All,168,0.10308242223057838,0.04316740019763328,0.8648246516074453,2.000264286285355,0.48472576341571144,0.950490605263483,0.9827201210317158,0.2979791884620984,0.0838799789960917,0.0065276569704561015,0.07329891292581715
looped-HB,128,149251,32768,1,32,1024,ID,48,0.07182275315706406,0.050603268686760836,0.8528422837456068,2.001188258330027,0.3068051526847306,1.191572543233633,1.0594339358309905,0.3455754624058803,0.0501169206933506,0.014315747291106401,0.08679567837073379
looped-HB,128,149251,32768,1,32,1024,OOD,120,0.11558628985998412,0.03243270957245744,0.8696175987521807,1.999894697467486,0.5408833789417254,0.8540578300754229,0.9520345951120058,0.2789406788845857,0.09738520231718814,0.0058029480337239,0.09677631569115927
looped-HB,128,149251,32768,1,48,2304,All,168,0.09735409817218432,0.043308729053921816,0.8956968280531111,1.9214356399717785,0.4679483284263841,0.956089490935916,0.9881444066053345,0.2915760926192715,0.07032009088461992,0.006549028336108301,0.07076187479164522
looped-HB,128,149251,32768,1,48,2304,ID,48,0.06577928018195064,0.04718943956268389,0.8890048029522101,1.7827013706167538,0.2984579482732508,1.1962231360375881,1.0568247536818187,0.3423331292967002,0.04041772873703541,0.013349969460867328,0.08443424062089892
looped-HB,128,149251,32768,1,48,2304,OOD,120,0.1099840253682778,0.03449210453365553,0.8983736380934715,1.9769293477137884,0.5111273911131826,0.8600360328952471,0.9606722677747409,0.2712732779483,0.08228103574365372,0.006171420544910385,0.09145229394467554
looped-HB,128,149251,32768,2,8,64,All,168,0.11525261749515311,0.07295062638300466,0.8502908913152558,1.3503329182664554,0.5439135203920166,0.9089728407561779,1.0302765866120656,0.30532495464597426,0.20271500981678917,0.011031395512075971,0.08224912472043948
looped-HB,128,149251,32768,2,8,64,ID,48,0.1527320766781992,0.10654460473946209,0.8792425195376078,1.1591231003403664,0.14323692277592384,1.3668369476993878,1.4365755456189315,0.37055559549480677,0.16855335468426344,0.030141642551245053,0.0405219592020609
looped-HB,128,149251,32768,2,8,64,OOD,120,0.1002608338219347,0.046815451678024686,0.838710240026315,1.426816845436891,0.6216297205526156,0.725827197978894,0.8677570030093193,0.2792326983064413,0.21637967186979948,0.008376347115123419,0.11122366931835144
looped-HB,128,149251,32768,2,12,144,All,168,0.1803268852088618,0.16545743963282655,0.7244251503476075,2.5084723078069233,0.7536737175876035,0.7680144598264069,0.8667903907951855,0.22955615171009583,0.15168701109637148,0.025020024467265815,0.11396849181410779
looped-HB,128,149251,32768,2,12,144,ID,48,0.2964497118900858,0.27625024324953823,0.6568784030775229,3.1107331812381744,0.7971411182635972,0.9296370300774773,0.9368779597183069,0.24643290865545467,0.08189838238467924,0.07815164462887206,0.2255125232136875
looped-HB,128,149251,32768,2,12,144,OOD,120,0.1338777545363722,0.025748143133385012,0.7514438492556413,2.2675679584344226,0.584246721494223,0.7033654317259789,0.8387553632259369,0.22280544893195228,0.17960246258104837,0.004606927343955395,0.10453500211353593
looped-HB,128,149251,32768,2,16,256,All,168,0.14921369164290765,0.08512009803814811,0.6866006936345782,2.4273282495282946,0.48941315252760875,0.7437737421797854,0.7885808446222827,0.24959371930786536,0.14928783636146575,0.012871629950860183,0.07400772717150791
looped-HB,128,149251,32768,2,16,256,ID,48,0.17622364520123,0.1517858246192918,0.6496973757942518,2.80036668976148,0.4917320458350821,0.8784337940936288,0.8437632403026024,0.26658850473662216,0.07916134968885062,0.042940457484527544,0.13911179822570452
looped-HB,128,149251,32768,2,16,256,OOD,120,0.13840971021957874,0.025623657628621177,0.7013620207707087,2.2781128734350204,0.40256216254797295,0.6899097214142481,0.7665078863501549,0.24279580513636267,0.17733843103051183,0.004584654061068482,0.07202750989369147
looped-HB,128,149251,32768,2,24,576,All,168,0.15981126734673992,0.12488307660861497,0.7017982240234103,2.2215834870224906,0.4329168431556626,0.7487923837311211,0.735539161378429,0.2719874637911007,0.11903243190179287,0.018884479532796213,0.06546450877085361
looped-HB,128,149251,32768,2,24,576,ID,48,0.22677803640855862,0.21754661537857084,0.6750224816302458,2.470217670003573,0.4546336344747003,0.9811247534429034,0.829400526980559,0.29692607000470156,0.06784119712392563,0.061544292505553835,0.1286165971108468
looped-HB,128,149251,32768,2,24,576,OOD,120,0.13302455972201244,0.025730861644928337,0.712508520980676,2.1221298138300577,0.38271357615974155,0.6558594358464082,0.6979946151375771,0.26201202130566037,0.13950892581293978,0.0046038352933441,0.06847614718387952
looped-HB,128,149251,32768,2,32,1024,All,168,0.16615584522836147,0.11315226178815353,0.7275564358347938,2.0847822725772858,0.4161953597943345,0.7199915596062229,0.7064466762046019,0.2875862990816434,0.08879980396332458,0.0171105775887057,0.06293593148984507
looped-HB,128,149251,32768,2,32,1024,ID,48,0.23324427729584943,0.19216052477436354,0.7067909762263298,2.1203794156511626,0.5184687826881723,0.8503299088527759,0.7268868442624807,0.32379307815184194,0.05189732043800172,0.05436252604598829,0.1466756647132026
looped-HB,128,149251,32768,2,32,1024,OOD,120,0.13932047240136627,0.029018906506383974,0.7358626196781795,2.070543415347735,0.36905836602540054,0.6678562199076017,0.6982706089814504,0.273103587453564,0.10356079737345374,0.005192141164642112,0.06603292008864929
looped-HB,128,149251,32768,2,48,2304,All,168,0.17584907747570072,0.16060054079616157,0.7511776174817767,1.9761938892659687,0.45955380703489407,0.6962689866444894,0.6680203821687472,0.30038129183508094,0.06522564228812583,0.02428557742155991,0.06949247807505057
looped-HB,128,149251,32768,2,48,2304,ID,48,0.28232610444734413,0.26829830958426854,0.7379197639723619,1.874978485206763,0.5825244050184786,0.8271354011570414,0.6890710027267536,0.3480282751843333,0.03791985452213941,0.0759020296181835,0.16479710480300314
looped-HB,128,149251,32768,2,48,2304,OOD,120,0.13325826668704338,0.03692321379679809,0.7564807588855426,2.016680050889651,0.3956859355017763,0.6439224208394686,0.6596001339455445,0.2813224984953801,0.07614795739452039,0.006606401183416813,0.07079719677020666
looped-HB,128,149251,32768,4,8,64,All,168,0.26704704114480815,0.24906399144666605,0.6629936127435594,1.1489572833691324,0.43402895126165414,0.6085670827222722,0.6993603285934243,0.2502377666089506,0.22641064865387128,0.03766278007044737,0.06563267873700261
looped-HB,128,149251,32768,4,8,64,ID,48,0.4873381919588438,0.31314797330940913,0.6826357021927834,0.999914056311051,0.1661923859498832,0.6983519640440742,0.7514297524467111,0.26643617885808146,0.18784544739173722,0.08859007267632282,0.047016097195061314
looped-HB,128,149251,32768,4,8,64,OOD,120,0.17893058081919386,0.14463798485665627,0.6551367769638697,1.208574574192365,0.49082968768955976,0.5726531301935514,0.6785325590521097,0.24375840170929827,0.24183672915872495,0.025879019079506543,0.08782057400132395
looped-HB,128,149251,32768,4,12,144,All,168,0.20860703101868192,0.18063191178391116,0.5357281320861408,2.176396595580237,0.42016709931259333,0.5268543611857153,0.6036794579454831,0.1756500849234206,0.20178115604046196,0.027314666916348266,0.06353652714843235
looped-HB,128,149251,32768,4,12,144,ID,48,0.342934336458596,0.2952350161139351,0.5004861087848743,2.4482899059851966,0.46542012013072903,0.5445110372578105,0.6025773181269566,0.182490164724489,0.12869366277785346,0.08352246785351614,0.13166811150543475
looped-HB,128,149251,32768,4,12,144,OOD,120,0.15487610884271627,0.034252840127207335,0.5498249414066474,2.0676392714182534,0.34705814388740225,0.5197916907568773,0.6041203138728937,0.17291405300299323,0.23101615334550538,0.00612861071078793,0.062096580896514604
looped-HB,128,149251,32768,4,16,256,All,168,0.17694234093363143,0.12593743488694656,0.5365242793091706,2.2998554671094533,0.3368824510681158,0.5429035925439426,0.6106572871406873,0.1769434066400641,0.1973472385933356,0.019043916726914904,0.050942448928385765
looped-HB,128,149251,32768,4,16,256,ID,48,0.23398882719340605,0.2220038321234212,0.5044790909936031,2.3629731039206185,0.3363346555262454,0.5620679731170336,0.5878469459712505,0.19418836369489625,0.11224489554297175,0.062805246396417,0.09514962291388014
looped-HB,128,149251,32768,4,16,256,OOD,120,0.15412374642972154,0.030889152169453808,0.5493423546353976,2.274608412384987,0.3351707632837624,0.5352378403147061,0.619781423608462,0.17004542381813123,0.23138817581348117,0.0055267705723036995,0.05996965863780205
looped-HB,128,149251,32768,4,24,576,All,168,0.20734606409605646,0.19278345053456547,0.5730533427780583,2.146677228666487,0.2901855535734441,0.5924846689615931,0.6202457199494044,0.19646100877296352,0.14849823562655637,0.029152189590039995,0.043881070966446785
looped-HB,128,149251,32768,4,24,576,ID,48,0.34813805370385986,0.31841689312369426,0.5513755393524965,2.195387229323387,0.3394662622985854,0.6783066367109617,0.6327100122968355,0.21822709528108433,0.07762010919880893,0.09008065869014971,0.09603555958025335
looped-HB,128,149251,32768,4,24,576,OOD,120,0.1510292682529351,0.030302321826273432,0.581724464148283,2.127193228403727,0.267058050921913,0.5581558818618456,0.6152600030104319,0.18775457416971522,0.17684948619765536,0.0054217733016168265,0.04778274809340972
looped-HB,128,149251,32768,4,32,1024,All,168,0.18525825008935423,0.13840993381393743,0.6095622630701178,2.0068300302539552,0.3143835618705879,0.5962011831856909,0.6219986572506881,0.22019699774682516,0.10733266296267084,0.020929974126411524,0.047540228034253375
looped-HB,128,149251,32768,4,32,1024,ID,48,0.25027201545327366,0.24238255502616293,0.5984384429951509,2.022049951056639,0.406146775103304,0.6883278644333283,0.6496833631147941,0.23938880457232392,0.05734481156347703,0.06857042036169998,0.11489958546883157
looped-HB,128,149251,32768,4,32,1024,OOD,120,0.15925274394378647,0.03597539144081888,0.6140117911001046,2.0007420619328817,0.27096655280112286,0.559350510686636,0.6109247749050458,0.21252027501662568,0.12732780352234835,0.006436814246356827,0.04848206781087262
looped-HB,128,149251,32768,4,48,2304,All,168,0.1777359718264058,0.13840155808599655,0.6563346059549422,1.9839943675767808,0.39548837065297626,0.6270748968457892,0.6391381949541115,0.2471198907920292,0.07256741838673834,0.020928707571589468,0.059804676853547636
looped-HB,128,149251,32768,4,48,2304,ID,48,0.2363367415163705,0.2421424776140976,0.6481584484378496,1.9480608801047008,0.5709010868376203,0.7213445079202453,0.6513136581828197,0.2720341828341285,0.04179953175480473,0.06850250207004367,0.1615088491215115
looped-HB,128,149251,32768,4,48,2304,OOD,120,0.1542956639504199,0.04224432088640039,0.6596050689617793,1.9983677625656129,0.30007362531983145,0.5893670524160067,0.6342680096626282,0.2371541739751895,0.08487457303951179,0.007558468042149589,0.05368998387667485
looped-HB,128,149251,32768,8,8,64,All,168,0.4519792950695307,0.2717799565600547,0.41769102818909143,0.7315817273088864,0.21063752756264836,0.3670566923738945,0.40984996869450524,0.22308384675887366,0.2105351029340887,0.04109782659477289,0.03185203460803613
looped-HB,128,149251,32768,8,8,64,ID,48,0.7056013537793714,0.24870824245579798,0.4673624938974778,0.6767545882612467,0.13263799331839002,0.5001019852546355,0.5350578466119865,0.1974928760124991,0.17982036271132526,0.0703599676584515,0.03752350476210069
looped-HB,128,149251,32768,8,8,64,OOD,120,0.35053047158559447,0.20713209088085813,0.3978224419057369,0.7535125829279423,0.23155696047448543,0.31383857522159814,0.3597668175275127,0.23332023505742347,0.22282099902319408,0.03706063339582766,0.04143079706240789
looped-HB,128,149251,32768,8,12,144,All,168,0.3374168207762348,0.25860499804047626,0.3145088707762105,1.484798947615283,0.2785144095550655,0.29409962755051394,0.3155323980110032,0.16480317858180826,0.15947673330776432,0.03910554516429399,0.042116192278919454
looped-HB,128,149251,32768,8,12,144,ID,48,0.5588022498000309,0.34795495159262235,0.3038759554425875,1.559834788242976,0.31974123514878855,0.3178011965937912,0.32989794233193,0.16128094362405435,0.09816113718261472,0.09843702363425323,0.0904553172102465
looped-HB,128,149251,32768,8,12,144,OOD,120,0.24886264916671635,0.1354852838632468,0.3187620369096597,1.4547846113642058,0.25554120006697245,0.284618999933203,0.30978618028263244,0.16621207256490983,0.18400297175782418,0.024241393086084372,0.04572212201854969
looped-HB,128,149251,32768,8,16,256,All,168,0.31130952908963927,0.24909327654787541,0.3283276675002915,1.7129690561975752,0.46614059844941913,0.291217984276868,0.31051443082590896,0.1502067763358354,0.16782069617849105,0.037667208483883545,0.07048851477619808
looped-HB,128,149251,32768,8,16,256,ID,48,0.5440607722121905,0.3492779433080822,0.30724894721060986,1.544018343091011,0.27352555923929606,0.28417700839539367,0.2919508405029773,0.16579865990206596,0.10863095026191631,0.09881130014955086,0.07738082707595476
looped-HB,128,149251,32768,8,16,256,OOD,120,0.2182090318406188,0.09110534877012627,0.3367591556161642,1.7805493414402007,0.5091795661754059,0.2940343746294578,0.31793986695508164,0.14397002290934321,0.19149659454512097,0.016300815179386075,0.09110378384355501
looped-HB,128,149251,32768,8,24,576,All,168,0.29956562138747844,0.24448293689763387,0.38041136467031067,1.6523551181668328,0.3683217815481214,0.32911560227650966,0.3430567663162946,0.15388860992555103,0.15641702799032262,0.03697004544843811,0.05569661906174332
looped-HB,128,149251,32768,8,24,576,ID,48,0.5313063781096523,0.3515677434595322,0.36125349315504235,1.562991847594579,0.30745547223963904,0.3399942369821171,0.3325893192862471,0.17778189899399874,0.08357248916581735,0.0994590883491276,0.08697965483407577
looped-HB,128,149251,32768,8,24,576,OOD,120,0.20686931869860892,0.06883302129416058,0.38807451327641806,1.6881004263957342,0.3854046653390845,0.3247641483942667,0.3472437451283137,0.14433129429817196,0.18555484352012472,0.012315790164921427,0.06895764413148904
looped-HB,128,149251,32768,8,32,1024,All,168,0.2978729859768786,0.23586139092976138,0.4216995496480238,1.5956266196001143,0.3139696152898911,0.3395355667120644,0.3478585921582721,0.17499975239237145,0.13948614806715684,0.035666318692237124,0.04747763215702864
looped-HB,128,149251,32768,8,32,1024,ID,48,0.5233734072099828,0.337299206978918,0.41275569796562195,1.4832602789004643,0.26585127373881445,0.3697682341250281,0.3467983392377694,0.19815585560475782,0.07520195325923847,0.09542249609389555,0.07520975918417962
looped-HB,128,149251,32768,8,32,1024,OOD,120,0.20767281748363686,0.06648020077900112,0.42527709032098454,1.6405731558799743,0.32139468872905663,0.32744249974687895,0.3482826933264732,0.1657373111074169,0.16519982599032418,0.0118948171607496,0.05750480615389019
looped-HB,128,149251,32768,8,48,2304,All,168,0.2941616204390366,0.24892392539331568,0.4838149763998531,1.560894056799866,0.27928389483418187,0.37557406439667657,0.37692982073695885,0.20842524600170903,0.09764485913980193,0.0376415996624244,0.04223255175210734
looped-HB,128,149251,32768,8,48,2304,ID,48,0.5218863239973329,0.36311043820965994,0.48034178527692956,1.3700086139142513,0.2939062543731159,0.41252664228280383,0.3829744625836611,0.2341359114895264,0.0556707043506321,0.10272453553049597,0.08314655898862822
looped-HB,128,149251,32768,8,48,2304,OOD,120,0.20307173901571807,0.07481266636999133,0.4852042528490225,1.6372482339541117,0.23402633030334255,0.36079303324222567,0.37451196399827796,0.1981409798065821,0.11443452105546986,0.013385684419597777,0.04187262338471654
looped-HB,128,149251,32768,16,8,64,All,168,0.5241250795417398,0.27883223441667626,0.2093987144263727,0.4289831151919706,0.1744603590331872,0.13122399823207936,0.1411376041803686,0.16498536452473625,0.2651694559483855,0.04216425289095028,0.026381421477721885
looped-HB,128,149251,32768,16,8,64,ID,48,0.7882422242024033,0.2210798515515656,0.24926218530163166,0.4054931591575344,0.1683654111282253,0.19919641758315262,0.20599755551666019,0.1262425788445398,0.2568824376843016,0.06254385078479247,0.04763084956418042
looped-HB,128,149251,32768,16,8,64,OOD,120,0.41847822167747434,0.22452383898865644,0.1934533260762691,0.438379097605745,0.1766518031174289,0.10403503049165005,0.11519362364585196,0.18048247879681484,0.26848426325401914,0.04017241196183671,0.03160701794784989
looped-HB,128,149251,32768,16,12,144,All,168,0.44229147976343,0.2675896056501314,0.15652970703584804,0.9738951619891894,0.2461131166777965,0.10212388557071483,0.08724991988301982,0.13964172644496314,0.17290755264860175,0.04046417311551338,0.03721655680553529
looped-HB,128,149251,32768,16,12,144,ID,48,0.664793712235529,0.3035826890631994,0.15802942837278044,0.9325862849752108,0.252272108083396,0.09186728609104948,0.08693113806657489,0.12644961841093993,0.10972044921557726,0.08588403815345483,0.0713681910603817
looped-HB,128,149251,32768,16,12,144,OOD,120,0.3532905867745903,0.19007692029556625,0.15592981850107507,0.9904187127947808,0.2427029070909501,0.10622652536258097,0.0873774326095978,0.14491856965857244,0.19818239402181156,0.034009076189617765,0.043425059948692675
looped-HB,128,149251,32768,16,16,256,All,168,0.4041545178053163,0.2657728242393873,0.17055997199245856,1.163945961920988,0.43570938304209483,0.10611961828544732,0.09387742016198375,0.12797124628421092,0.17367437720115828,0.04018944436684325,0.06588678906504528
looped-HB,128,149251,32768,16,16,256,ID,48,0.6380588755285427,0.3258291180246144,0.15795294335111973,0.9558260726432005,0.2318686975261898,0.09015395647535718,0.08469756762497123,0.13409332426575318,0.11963222544000014,0.09217758921065144,0.06559603291736286
looped-HB,128,149251,32768,16,16,256,OOD,120,0.3105927747160257,0.16217390413905233,0.17560278344899413,1.247193917632103,0.4698128238057136,0.11250588300948337,0.09754936117678878,0.125522415091594,0.1952912379056215,0.029016593141642198,0.08406017992517255
looped-HB,128,149251,32768,16,24,576,All,168,0.3915023318957448,0.26777308070629435,0.20772980823225914,1.1803263546455474,0.37110777798071676,0.1214498577506414,0.11516330506475195,0.12748319571394293,0.14369229443781517,0.040491917714997806,0.056117909872624584
looped-HB,128,149251,32768,16,24,576,ID,48,0.6279693752434218,0.3280147619925326,0.19854134445389107,1.0205125361680984,0.2533115333229328,0.11986008798703546,0.11393323369945085,0.14153100115557507,0.09324510803950636,0.09279591145593427,0.07166224615688774
looped-HB,128,149251,32768,16,24,576,OOD,120,0.29691551455667403,0.16295077674542374,0.2114051937436064,1.244251882036527,0.3917987930249631,0.1220857656560838,0.11565533361087238,0.12186407353729005,0.16387116899713872,0.0291555932875759,0.0701016987347362
looped-HB,128,149251,32768,16,32,1024,All,168,0.3822289951860653,0.26178712091760914,0.2539663391099089,1.2252903034289677,0.3190311674002004,0.13523960215527384,0.12867898551658502,0.1418233284771087,0.1333895137760832,0.03958673713982795,0.04824302631472449
looped-HB,128,149251,32768,16,32,1024,ID,48,0.6095249336921766,0.33058473124641014,0.24736122724910573,1.0765414784351985,0.24038878941230774,0.14039244921877977,0.12930113558347023,0.1592380193372567,0.07326211623148988,0.09352295995179653,0.06800638081590843
looped-HB,128,149251,32768,16,32,1024,OOD,120,0.29131061978362066,0.15439470040796166,0.25660838385423024,1.2847898334264756,0.3278981731306548,0.13317846332987146,0.12843012548983093,0.13485745213304953,0.15744047279392057,0.027624716989746275,0.058668427156208694
looped-HB,128,149251,32768,16,48,2304,All,168,0.3824440855659912,0.2703266436012497,0.32038480921515394,1.2306221102674801,0.2550173633551478,0.1550541867812474,0.14787423748168202,0.17040961923166395,0.11814413040563172,0.0408780605578477,0.03856303279491534
looped-HB,128,149251,32768,16,48,2304,ID,48,0.5962268734741004,0.3481418013717721,0.3186093351493279,1.1104238691429298,0.27321813156601904,0.1698908990559478,0.1490206179829935,0.19271990920727447,0.06909013432596108,0.09848988374169537,0.07729385528549257
looped-HB,128,149251,32768,16,48,2304,OOD,120,0.29693097040274746,0.16992336343287245,0.3210949988414844,1.2787014067173004,0.23156956384361643,0.14911950187136727,0.14741568528115748,0.16148550324141978,0.1377657288375,0.03040314733844869,0.0414330520912686
looped-HB,128,149251,32768,32,8,64,All,168,0.5392951809236234,0.2687349995062782,0.10217455020895046,0.23735703494665875,0.1625836686781011,0.023273960875701997,0.0210023314243049,0.10056967468145077,0.36790876764626723,0.04063737646236224,0.024585460631634675
looped-HB,128,149251,32768,32,8,64,ID,48,0.7957160158629235,0.20881562366538142,0.12576358194928614,0.22469833753226942,0.148083604493733,0.030037555048086945,0.02946971758501599,0.07532327341808312,0.3344228289982614,0.059074280701761704,0.041893093369343146
looped-HB,128,149251,32768,32,8,64,OOD,120,0.4367268469479033,0.216786938668015,0.0927389375128162,0.24242051391241448,0.16835752019817174,0.020568523206748016,0.01761537696002046,0.11066823518679783,0.38130314310546964,0.03878810485044718,0.030122982435802293
looped-HB,128,149251,32768,32,12,144,All,168,0.5877629645832373,0.23410535669762916,0.09523983913961616,0.6667521113441104,0.23156382586049634,0.039309901301749,0.01585019402028545,0.10447661418445582,0.2344433261175817,0.035400775966864334,0.035016452579106815
looped-HB,128,149251,32768,32,12,144,ID,48,0.7950779940725831,0.20302408262578558,0.09777114501533406,0.6179565824568272,0.16731833636315302,0.024034539431643936,0.017285224719671487,0.08948455898401635,0.1627869869601757,0.05743584429042733,0.047334630404417107
looped-HB,128,149251,32768,32,12,144,OOD,120,0.504836952787499,0.1906861052663404,0.09422731678932901,0.6862703228990237,0.25069739799460283,0.04542004604979103,0.015276181740531032,0.1104734362646316,0.26310586178054407,0.034118073210678564,0.04485545586323482
looped-HB,128,149251,32768,32,16,256,All,168,0.5370582100937815,0.2490440819650758,0.1013431598521059,0.7999708503484726,0.3666008462101358,0.03912516922268657,0.017053739838523832,0.09910001900667942,0.22097454573737366,0.03765976941273609,0.05543638389577838
looped-HB,128,149251,32768,32,16,256,ID,48,0.7672796511898383,0.22504099779268683,0.09610224647137022,0.6507218983024359,0.1251247514282411,0.025049935424855552,0.017583593182886586,0.10052289433466888,0.1704400473584731,0.06366446552061177,0.035397996370496204
looped-HB,128,149251,32768,32,16,256,OOD,120,0.44496963365535885,0.19263460382965067,0.10343952520440018,0.8596704311668872,0.4121212169126419,0.04475526274181898,0.016841798500778726,0.09853086887548362,0.2411883450889339,0.03446670383869977,0.0737378417303143
looped-HB,128,149251,32768,32,24,576,All,168,0.5084251461293996,0.26135976069179306,0.12085683497467208,0.8423161776292891,0.34697926209262825,0.03744583899000034,0.01930824738173253,0.10161639942920629,0.17749331566128165,0.03952211288763365,0.05246926125810188
looped-HB,128,149251,32768,32,24,576,ID,48,0.7454412788860877,0.25957709489499264,0.11511020913409686,0.6899649072438478,0.14921116090490377,0.02580269191336503,0.01872908931303144,0.1073788978780309,0.13249362050555644,0.07343478375041168,0.042212080918125956
looped-HB,128,149251,32768,32,24,576,OOD,120,0.4136186930267244,0.19371743905079875,0.12315548531090216,0.9032566857834657,0.38347942491014453,0.04210309782065446,0.01953991060921297,0.09931140004967645,0.19549319372357177,0.03466044764241651,0.06861317491171559
looped-HB,128,149251,32768,32,32,1024,All,168,0.498979020374354,0.26176982031289237,0.15405648594189963,0.9153428521184694,0.31993628135766766,0.040069717636686666,0.023259001301734528,0.11476360225961317,0.12861394287375286,0.03958412098938906,0.048379895188144444
looped-HB,128,149251,32768,32,32,1024,ID,48,0.7365964877514798,0.2593010568807997,0.15114664783080417,0.7957208777467409,0.1615997668725774,0.030558174282001905,0.02241032560899228,0.12477733963169153,0.06680484545843983,0.07335669214572924,0.045716837763383034
looped-HB,128,149251,32768,32,32,1024,OOD,120,0.40393203342350364,0.19422379466836906,0.15522042118633783,0.9631916418671608,0.353909935429153,0.04387433497856056,0.023598471578831427,0.11075810731078183,0.15333758183987808,0.034751046157745,0.06332252195351633
looped-HB,128,149251,32768,32,48,2304,All,168,0.47758170557321267,0.2702587006904104,0.2130656147020913,0.9827291791637739,0.24338291406237328,0.04321636751826315,0.029769680817567118,0.13940646676790142,0.09457756136405455,0.040867786415474,0.03680370298409292
looped-HB,128,149251,32768,32,48,2304,ID,48,0.6969590660869972,0.278370669946428,0.21106954229374722,0.8895753808319569,0.19582331381900073,0.036407160301071856,0.029238338310581896,0.15409476341058806,0.052455356034139755,0.07875151680175267,0.055398735044032275
looped-HB,128,149251,32768,32,48,2304,OOD,120,0.3898307613676988,0.21146754429415696,0.21386404366542894,1.0199906984965006,0.2511628520293199,0.04594005040513968,0.02998221782036121,0.13353114811082678,0.11142644349602046,0.03783634443544333,0.0449387361568383
looped-HB,128,149251,32768,48,8,64,All,168,0.5318882706214358,0.2697205322225805,0.06686324252205803,0.1601463701226748,0.14153968529973188,0.008790963846140967,0.005975104967850057,0.06783805639601524,0.48118621986525667,0.040786406041992476,0.021403246642442305
looped-HB,128,149251,32768,48,8,64,ID,48,0.7875766522060434,0.2161967023785453,0.08406685178488256,0.1559371475377702,0.12048136083542715,0.007666181819028323,0.007236180788216442,0.05025950549164307,0.38352997262457694,0.06116239991491964,0.03408437359422649
looped-HB,128,149251,32768,48,8,64,OOD,120,0.4296129179875929,0.21613446867959835,0.05998179881692821,0.16183005915663667,0.14956969988645338,0.009240876656986023,0.005470674639703504,0.0748694767577641,0.5202487187615286,0.03867136315706854,0.026761414858715544
looped-HB,128,149251,32768,48,12,144,All,168,0.6660608197552195,0.20022136400484816,0.07238513653144414,0.5192181468453436,0.22761871216304133,0.027074299989700536,0.010049579441935396,0.08211678957256174,0.32197521083677805,0.030276930655928926,0.03441988320479814
looped-HB,128,149251,32768,48,12,144,ID,48,0.8318181260173897,0.17749149294237337,0.07338042493211101,0.47376737867792446,0.1386153503879199,0.01613986229252376,0.011469300487078676,0.06862001165670027,0.2408588390680961,0.05021263300228244,0.039214508831537126
looped-HB,128,149251,32768,48,12,144,OOD,120,0.5997578972503512,0.16822830930114793,0.07198702117117738,0.5373984541123112,0.25288965981176303,0.031448075068571245,0.009481691023878084,0.08751550073890632,0.35442175954425087,0.030099863672963658,0.04524770127131202
looped-HB,128,149251,32768,48,16,256,All,168,0.6236051455823874,0.22139457158097475,0.07635075319004019,0.6283076770071473,0.3323457116095239,0.02758123950722312,0.01006532853630012,0.07877422017710545,0.3012329873218689,0.03347868557719922,0.05025641551394714
looped-HB,128,149251,32768,48,16,256,ID,48,0.8276402280408024,0.18180650984193558,0.07361489681837455,0.5146968755871058,0.10263251223043504,0.017533747673345063,0.011449145148314174,0.0801543066821371,0.2316911096568219,0.051433358324857244,0.029034905196286126
looped-HB,128,149251,32768,48,16,256,OOD,120,0.5419911125990214,0.17950729057218948,0.07744509573870645,0.6737519975751638,0.3788895058925619,0.03160023624077435,0.0095118018914945,0.07822218557509279,0.3290497383878877,0.03211792947912072,0.06779193419858527
looped-HB,128,149251,32768,48,24,576,All,168,0.6032477083538842,0.23331473376080555,0.09080904453904141,0.6748983654237929,0.32262214353934704,0.025615850022794366,0.00947618497524494,0.08258861539486259,0.25598274467934273,0.03528122011450976,0.04878604396967067
looped-HB,128,149251,32768,48,24,576,ID,48,0.8028339248072873,0.22125218382331696,0.08733296836726363,0.5489419618000587,0.12964505765187007,0.015385721092267537,0.010077907587401515,0.08706201748767244,0.21210671264755845,0.06259260386570047,0.03667679837786175
looped-HB,128,149251,32768,48,24,576,OOD,120,0.523413221772523,0.18591393358628694,0.09219947500775254,0.7252809268732866,0.36120835205610013,0.029707901595005096,0.009235495930382311,0.08079925455773866,0.2735331574920565,0.033264223358710716,0.06462837437759524
looped-HB,128,149251,32768,48,32,1024,All,168,0.5806897538820671,0.24025470444126543,0.11605085552270919,0.7523476204701832,0.314973130898214,0.026172886694049675,0.010282827962544656,0.09399071009829636,0.17950528108936153,0.03633066362465075,0.047629381060730044
looped-HB,128,149251,32768,48,32,1024,ID,48,0.8019423077820607,0.21163288711353323,0.11509952748504775,0.654653932278355,0.1276081575634138,0.016845071125620305,0.010629084970181142,0.10218898354408638,0.10103103526247038,0.05987128912874429,0.036100556018814275
looped-HB,128,149251,32768,48,32,1024,OOD,120,0.49218873232206967,0.18886989186111144,0.11643138673777377,0.7914250957469146,0.3569366283593313,0.029904012921421426,0.010144325159490063,0.09071140071998035,0.210894979420118,0.03379311140059143,0.06386406603106635
looped-HB,128,149251,32768,48,48,2304,All,168,0.5553484996913469,0.24956966703224048,0.16744465607085393,0.8435775483293193,0.2503396564253063,0.026690944929474113,0.013107850440844308,0.11688844799729325,0.10825133420959376,0.037739246958558584,0.03785568266248821
looped-HB,128,149251,32768,48,48,2304,ID,48,0.7745094863879441,0.21283089408060352,0.16579593655963734,0.770762083431085,0.14983271353677957,0.017807756589415122,0.012599922939746893,0.12906176038086412,0.052109905668961155,0.060210207254759535,0.04238791917199717
looped-HB,128,149251,32768,48,48,2304,OOD,120,0.4676841050127081,0.20589873211218257,0.1681041438753406,0.872703734288613,0.2758400069699892,0.030244220265497713,0.013311021441283271,0.11201912304386492,0.1307079056258468,0.03683995751225486,0.04935403939941614
looped-HB,128,149251,32768,64,8,64,All,168,0.5270101866797935,0.2707935487815307,0.04797436820599826,0.11644799815808035,0.12103892101533509,0.005585819242063297,0.00353614849907331,0.04868467917058401,0.5804330618231601,0.04094866469061107,0.018303176768693984
looped-HB,128,149251,32768,64,8,64,ID,48,0.781362082601336,0.2206229101469397,0.06081066296367979,0.11490187083139362,0.0977447678479001,0.00437405384536755,0.004146496854370177,0.0355580379441941,0.4381377527994725,0.062414581315739785,0.027652154334142674
looped-HB,128,149251,32768,64,8,64,OOD,120,0.4252694283111765,0.21713897826639,0.042839850302925656,0.11706644908875503,0.12955708976456395,0.006070525400741596,0.0032920091569545633,0.05393533566113998,0.6373511854326352,0.0388510927266411,0.02318070457926596
looped-HB,128,149251,32768,64,12,144,All,168,0.7049335689441026,0.1791316170471608,0.058002880427964164,0.4225240674180289,0.22370975547276134,0.020569844447891176,0.007572252444723303,0.06719479599546282,0.3994396794919989,0.02708779642261341,0.033828781394874545
looped-HB,128,149251,32768,64,12,144,ID,48,0.8471531872109045,0.1616201484544522,0.0581465988749793,0.3802327911059062,0.12940747527286436,0.012215439836533379,0.008799652382246321,0.055228081929574985,0.30952380504459137,0.04572260374615617,0.03660958593512966
looped-HB,128,149251,32768,64,12,144,OOD,120,0.6480457216373819,0.152618955827487,0.05794539304915811,0.439440577942878,0.2502171256639504,0.023911606292434294,0.007081292469714095,0.07198148162181796,0.4354060292709619,0.027306995971135724,0.04476952424008181
looped-HB,128,149251,32768,64,16,256,All,168,0.6772188226934781,0.19621768855892258,0.06108779024742983,0.5160459306179768,0.3064874052186687,0.021534882366679383,0.0077164663906885,0.06466130018677736,0.3773612049962615,0.029671505733130984,0.04634619267950111
looped-HB,128,149251,32768,64,16,256,ID,48,0.8489468690606231,0.16657123806276408,0.059719785349443506,0.4258912407482664,0.10661406009699498,0.013863263428599221,0.009028170665260358,0.06628395097019767,0.29610437368197984,0.04712327507604518,0.03016129158523551
looped-HB,128,149251,32768,64,16,256,OOD,120,0.6085276041466201,0.16254040661020083,0.061634992206624356,0.5521078065658609,0.35034971103139745,0.024603529941911447,0.007191784680859756,0.06401223987340923,0.40986393752197425,0.029082168754113142,0.06268551698412222
looped-HB,128,149251,32768,64,24,576,All,168,0.6682219788144845,0.20613305176313806,0.0730982380919158,0.5631431142489115,0.3018449259093914,0.020448082550761373,0.0072787544659582305,0.06901931860262435,0.33357627944843393,0.031170880016462267,0.04564416957214095
looped-HB,128,149251,32768,64,24,576,ID,48,0.8380534464774515,0.19160064790131784,0.07136992772575464,0.4590880637988448,0.1325733465918679,0.012128214836896654,0.007944247137250638,0.07347022530545166,0.28632545793273795,0.05420413596493896,0.0375052160976704
looped-HB,128,149251,32768,64,24,576,OOD,120,0.6002893917492977,0.16983259624763206,0.07378956223838026,0.6047651344289382,0.33882852547221587,0.02377602963630726,0.007012557397441267,0.06723895592149343,0.3524766080547124,0.0303869070284018,0.06062411533226649
looped-HB,128,149251,32768,64,32,1024,All,168,0.642562483052332,0.2174887339708789,0.09343127641339029,0.640078792791991,0.3064835151675825,0.02085659432313622,0.0076667566027026094,0.07908667813587397,0.24094994686588286,0.03288805542610641,0.04634560443654527
looped-HB,128,149251,32768,64,32,1024,ID,48,0.8350661807702825,0.18802106180028613,0.09389583541390793,0.5586093949774901,0.12020693882089092,0.013259221101179669,0.008203479558384618,0.08685957869359599,0.15024446866785482,0.053191465215420085,0.0340067391584841
looped-HB,128,149251,32768,64,32,1024,OOD,120,0.5655610039651519,0.17745894204389376,0.09324545281318322,0.6726665519177913,0.34980796514703827,0.023895543611918837,0.007452067420429808,0.07597751791278516,0.2772321381450941,0.0317514334255579,0.06258858634663117
looped-HB,128,149251,32768,64,48,2304,All,168,0.6171737761212938,0.2294064238080382,0.1386951453141158,0.7422664793474334,0.2536612398038204,0.021456652914085154,0.009562767539007009,0.10003906935231667,0.13879524743450536,0.034690216102475614,0.03835796347612167
looped-HB,128,149251,32768,64,48,2304,ID,48,0.8229488993039945,0.1747899241806774,0.13781190989539024,0.6840380678574244,0.12062920846953792,0.0141419181018136,0.009459679985108427,0.1112455627104888,0.06335033872164782,0.049448354790900706,0.03412619993118941
looped-HB,128,149251,32768,64,48,2304,OOD,120,0.5348637268482135,0.19462013033718514,0.13904843948160606,0.765557843943437,0.2874648857836995,0.02438254683899378,0.009604002560566443,0.09555647200904782,0.16897321091964837,0.03482195960655546,0.051433994128563594
looped-HB,128,149251,32768,96,8,64,All,168,0.5203391090171241,0.2724232120795716,0.027586255321775065,0.06792929890118582,0.08901150869969347,0.00300952809173553,0.0018512311845311391,0.027783935561449688,0.7117878366261721,0.04119509794668509,0.013460078497991738
looped-HB,128,149251,32768,96,8,64,ID,48,0.7729806724623316,0.22713005930683042,0.03469600957885173,0.06680339630537442,0.06589127403860205,0.0022945647050059935,0.002180992402188018,0.01945133197567606,0.5800116885996734,0.06425546443210857,0.018640748953682805
looped-HB,128,149251,32768,96,8,64,OOD,120,0.419282483639041,0.21847334006204036,0.024742353618944397,0.06837965993951037,0.0969711870687343,0.0032955134464273447,0.0017193266974683877,0.03111697699575914,0.7644982958367715,0.03908984034472236,0.017350346817962353
looped-HB,128,149251,32768,96,12,144,All,168,0.7331035701252673,0.16418048465034887,0.040372306035091454,0.29981658238241266,0.20952389661816825,0.013446696835152136,0.004889868705937382,0.048239546335632086,0.517530665721833,0.02482692680434967,0.03168363436238849
looped-HB,128,149251,32768,96,12,144,ID,48,0.8552167527425284,0.15277963861925528,0.039813137352515036,0.26390758888252697,0.11876968503113834,0.00781923699347918,0.005819304377837348,0.03875958643887613,0.41212265690167743,0.04322160908692519,0.03360013771590445
looped-HB,128,149251,32768,96,12,144,OOD,120,0.6842582970783629,0.14208549115136127,0.040595973508122024,0.314180179782367,0.23517737527027757,0.01569768077182132,0.004518094437177395,0.05203153029433447,0.5596938692498952,0.025422320008615072,0.04207857146046029
looped-HB,128,149251,32768,96,16,256,All,168,0.7281569486802267,0.172729698725971,0.04267137262061057,0.37272693515600014,0.2644437504931696,0.014561319702417107,0.00512371443463568,0.046409154236676964,0.5018752940453678,0.026119715728333,0.03998846544608294
looped-HB,128,149251,32768,96,16,256,ID,48,0.8628051603011597,0.1528010887716266,0.042942249545982684,0.3138191554850588,0.11768673431920339,0.00945213022835858,0.006210470715207778,0.048486479592005055,0.39285713591380045,0.04322767737003559,0.033293769192227624
looped-HB,128,149251,32768,96,16,256,OOD,120,0.6742976640318534,0.14970073976839285,0.042563021850461714,0.3962900470243767,0.30117755808217084,0.016604995492040517,0.00468901192240684,0.045578224094545726,0.5454825572979947,0.02678486086847742,0.05388750250946959
looped-HB,128,149251,32768,96,24,576,All,168,0.7349579739363785,0.17471236643142504,0.05187507949969062,0.41680253727272865,0.26760955614433757,0.014371721498069437,0.005001996317462553,0.051079977476980405,0.45070303977644516,0.02641952935176995,0.04046718997504101
looped-HB,128,149251,32768,96,24,576,ID,48,0.8619516121494598,0.1737195127436313,0.052638937622153464,0.3463478192376594,0.1407017766641958,0.00845284919826852,0.005635887870691132,0.055982425862263534,0.38422086970725405,0.04914553364855282,0.03980476222994071
looped-HB,128,149251,32768,96,24,576,OOD,120,0.684160518651146,0.14768318269379485,0.051569536250705476,0.44498442448675635,0.29979900322838493,0.016739270417989803,0.004748439696171122,0.04911899812286715,0.47729590780412157,0.02642387410501235,0.05364084775001184
looped-HB,128,149251,32768,96,32,1024,All,168,0.7154951422367419,0.18414597545544675,0.06659163460357198,0.4894340070674107,0.28464605378084373,0.01483462765532918,0.00523235683829707,0.05960648708389181,0.35618621742885026,0.027846054076916336,0.04304340285883649
looped-HB,128,149251,32768,96,32,1024,ID,48,0.8681841970760008,0.15794112657997225,0.06898679149647549,0.4328881500599285,0.12729508573061682,0.009421784202762212,0.00580430756478255,0.06733180200293035,0.25502231717109675,0.044681802454059276,0.036011987486413176
looped-HB,128,149251,32768,96,32,1024,OOD,120,0.6544195203010384,0.15674728312989458,0.06563357184641058,0.5120523498704036,0.3248069419317925,0.016999765036355967,0.005003576547702879,0.056516361116276385,0.3966517775319517,0.028045647447311466,0.0581153357172357
looped-HB,128,149251,32768,96,48,2304,All,168,0.6994501776321959,0.19177122779649186,0.10291801602579649,0.5986245449277616,0.25311892654325496,0.015660098879986085,0.006458299710564929,0.07743144789821509,0.21225096747123942,0.02899912401783529,0.03827595633834425
looped-HB,128,149251,32768,96,48,2304,ID,48,0.8683054451085822,0.13574091637708385,0.10368490343292551,0.5593463238328695,0.09458989751951873,0.010436225342952287,0.006700665457174131,0.08774479001294817,0.10124361992347981,0.038401326759074365,0.026759636369801495
looped-HB,128,149251,32768,96,48,2304,OOD,120,0.6319080706416412,0.1680238527368125,0.10261126106294488,0.6143358333657185,0.292416180302002,0.0177496482947996,0.006361353411921247,0.07330611105232185,0.2566539064903433,0.030063281752006926,0.05231989312276208
looped-HB,128,149251,32768,128,8,64,All,168,0.5165908531410581,0.2739596121317721,0.01714126887846233,0.042655083971776094,0.06671587195011586,0.0018075039285148416,0.0010926946449438192,0.017182250073582577,0.7991071384666222,0.04142742818812284,0.01008859288679394
looped-HB,128,149251,32768,128,8,64,ID,48,0.769240345729282,0.2306115187071584,0.02097388536384411,0.04076686221560518,0.045277454815376476,0.0013278810876619091,0.0012689293787098565,0.011385224214974898,0.7084927672209839,0.0652403749778651,0.012809065855680576
looped-HB,128,149251,32768,128,8,64,OOD,120,0.4155310561057685,0.21972027372591268,0.015608222284309612,0.043410372674244455,0.07372025357010169,0.001999353064856015,0.001022200751437404,0.01950106041702565,0.8353528869648774,0.03931294508522474,0.013190226969612846
looped-HB,128,149251,32768,128,12,144,All,168,0.7408091646248509,0.16065137050686962,0.02990291839159904,0.22467069801600048,0.19171044381382119,0.009565282596906264,0.0034416788436958403,0.03656062103623078,0.6076363496637592,0.024293263752306966,0.02898993242912817
looped-HB,128,149251,32768,128,12,144,ID,48,0.8570960657820083,0.1515683469178843,0.02917119612751165,0.19454164361620008,0.1073379311979276,0.005430271878064206,0.0041727159032612865,0.028901797609250882,0.4823288630771761,0.04287893268789687,0.030366075900976706
looped-HB,128,149251,32768,128,12,144,OOD,120,0.6942944041619881,0.13967637150452464,0.03019560729723399,0.23672231977592065,0.21567218738203917,0.011219286884443087,0.003149264019869661,0.03962415040702273,0.6577593442983926,0.024991273811676644,0.038588650538170476
looped-HB,128,149251,32768,128,16,256,All,168,0.7432379373187301,0.167826802236762,0.031815195923540804,0.28373791519455455,0.23013439396138316,0.010586387069560256,0.003690654509433569,0.03504980919184332,0.5812454359727868,0.02537831304258672,0.03480029777114249
looped-HB,128,149251,32768,128,16,256,ID,48,0.8657411851678783,0.14697168419964643,0.0330892884448985,0.24509213521378112,0.1183205013410273,0.0068960606228453064,0.004612079259762398,0.037512083486944854,0.4453124961776969,0.04157852930360008,0.03347306291694786
looped-HB,128,149251,32768,128,16,256,OOD,120,0.6942366381790708,0.15006971190822924,0.03130555891499773,0.2991962271868639,0.26067585685982736,0.012062517648246236,0.003322084609302037,0.034064899473802694,0.6356186118908227,0.02685087836074334,0.046640828686377644
looped-HB,128,149251,32768,128,24,576,All,168,0.7633746258440204,0.1618412040855425,0.03925643449405292,0.3237338096923416,0.24001875207805837,0.010760285301200464,0.0037004912355768672,0.03957151169569915,0.5356611311103084,0.024473187153251846,0.03629498354937791
looped-HB,128,149251,32768,128,24,576,ID,48,0.8720005193807508,0.1667773897231164,0.04153772336818894,0.2766843870437393,0.14083679407586933,0.006338282969712307,0.004304662399287379,0.044888654718912784,0.4292623247407998,0.04718159571717835,0.03984295887603845
looped-HB,128,149251,32768,128,24,576,OOD,120,0.7199242684293281,0.13823427908570457,0.03834391894439851,0.3425535787517825,0.2678846633103348,0.012529086233795726,0.0034588227700926627,0.03744465448641369,0.5782206536581119,0.02473325073939697,0.04793064781555065
looped-HB,128,149251,32768,128,32,1024,All,168,0.7504753692800141,0.16515617946248543,0.05094530932339169,0.39113843424378764,0.26171601775170955,0.01130640704425219,0.0039037359343810692,0.04727663978077799,0.4462691262929833,0.024974468722841904,0.039575985112270555
looped-HB,128,149251,32768,128,32,1024,ID,48,0.879436174682119,0.14432549322920568,0.05459415733154548,0.3533034447270135,0.13449893848156733,0.007208091286884104,0.004463996353782275,0.0550955334474565,0.3402689158101566,0.04082991755973563,0.03804996918564539
looped-HB,128,149251,32768,128,32,1024,OOD,120,0.6988910471191723,0.14373725752415512,0.04948577012013018,0.40627243005049724,0.2969351361107611,0.012945733347199423,0.003679631766620588,0.044149082314106594,0.488669210486114,0.02571785851130358,0.053128436906818684
looped-HB,128,149251,32768,128,48,2304,All,168,0.7452682972591942,0.16614050142856904,0.08108461504092525,0.49853074918722823,0.24712858749219757,0.012230619510990474,0.0048404391986661115,0.06279577369735173,0.28563076452839936,0.02512331521611372,0.03737011354301709
looped-HB,128,149251,32768,128,48,2304,ID,48,0.886172443580493,0.11926865393285145,0.08323705072204267,0.47154785351206857,0.09170611564084899,0.008250586494492939,0.005234251812604825,0.0726233547320589,0.15598426541934407,0.03374129683246789,0.025943809770273767
looped-HB,128,149251,32768,128,48,2304,OOD,120,0.6889066387306746,0.14800869696521723,0.08022364076847827,0.5093239074572921,0.28631117633152525,0.013822632717589487,0.004682914153090625,0.05886474128346886,0.3374893641720215,0.02648211599803333,0.051227569315921095
looped-Richardson,128,149251,32768,1,8,64,All,168,0.03706865668606228,0.04204585237086751,0.6681267608489309,0.9976817227545238,0.7667518672790392,0.5047312456937063,0.488728521303052,0.4854177295097283,0.06788295538059341,0.006358059555379693,0.11594613407662813
looped-Richardson,128,149251,32768,1,8,64,ID,48,0.01462894979727688,0.008935921212662434,0.8025210077563921,0.8025210176904997,0.14785262374308977,0.6324989516288042,0.6324989497661591,0.5664974680791298,0.0493197266235559,0.0025279866936180925,0.041827748538048014
looped-Richardson,128,149251,32768,1,8,64,OOD,120,0.046044539441576444,0.04653007231370334,0.6143690620859464,1.0757460047801335,0.8915748267037111,0.4536241633196672,0.43122034991780916,0.4529858340819677,0.07530824688340844,0.008325286268130226,0.15952297713453142
looped-Richardson,128,149251,32768,1,12,144,All,168,0.12136950265406417,0.045757162148263114,0.5904231215161937,2.1801764234190895,0.6997774766563789,0.7674150149382296,0.5648982393599692,0.32435166915612557,0.11288265063887502,0.0069192737361509155,0.10581844869857686
looped-Richardson,128,149251,32768,1,12,144,ID,48,0.08575494657561646,0.05548740524068151,0.6018170472234488,2.68272806952397,0.535898030768878,0.7172983015576998,0.5940579778204361,0.3572698508699735,0.06675169901670107,0.01569747749264725,0.151606427438075
looped-Richardson,128,149251,32768,1,12,144,OOD,120,0.13561532508544324,0.031716785689636505,0.5858655512332916,1.9791557649771372,0.6566294075866561,0.7874617002904415,0.5532343439757824,0.31118439647058643,0.1313350312877446,0.005674852998098514,0.1174859078957787
looped-Richardson,128,149251,32768,1,16,256,All,168,0.12226502967931907,0.0466800102986749,0.6896928463663373,1.9656243118501844,0.5568838868777432,0.7294238796901136,0.5557768343105203,0.363445517207895,0.11342929783027748,0.007058824326043477,0.08421046829944347
looped-Richardson,128,149251,32768,1,16,256,ID,48,0.0840324197184384,0.05648762717408538,0.6938606922825178,2.171498375634352,0.37554213292631405,0.6854114029556513,0.5850079624603192,0.39196441570917767,0.069568450654818,0.015980441909872294,0.10624148225315629
looped-Richardson,128,149251,32768,1,16,256,OOD,120,0.13755807366367134,0.031181015911857526,0.6880257079998652,1.8832746863365173,0.5963000151059225,0.7470288703838984,0.5440843830506007,0.35203795780738195,0.13097363670046128,0.005578991621744948,0.10669160997596712
looped-Richardson,128,149251,32768,1,24,576,All,168,0.11523041719970027,0.04304115137915158,0.7394778763964063,1.9212799072265625,0.5698991102018995,0.702500997732083,0.5890634235526834,0.36372882207589485,0.09979348697344813,0.006508565967148029,0.08617859500767712
looped-Richardson,128,149251,32768,1,24,576,ID,48,0.08367726895537118,0.05771008411993486,0.756653635452191,2.0437067449092865,0.4118396243716962,0.6731465123593807,0.6275388995806376,0.4069600645452738,0.0600286977520833,0.016326276974784167,0.11651010181703705
looped-Richardson,128,149251,32768,1,24,576,OOD,120,0.1278516764974319,0.026873274289348662,0.7326075727740924,1.8723091721534728,0.6167148007024803,0.7142427918811639,0.5736732331415018,0.34643632508814337,0.11569940266199405,0.004808238850617959,0.11034427857807011
looped-Richardson,128,149251,32768,1,32,1024,All,168,0.12079841587445747,0.04784591864132518,0.7628785939443679,1.8206906020641327,0.5786169180639259,0.6911523193120956,0.6130346827918575,0.3612081273680641,0.07895256150403011,0.007235129817802772,0.08749687822596491
looped-Richardson,128,149251,32768,1,32,1024,ID,48,0.0856727170167398,0.059903753621808144,0.7964349972705046,1.7285562430818875,0.41729532224640414,0.6693951245397329,0.6636435277760029,0.4125641683737437,0.04823022923665116,0.01694686965671978,0.1180535276489612
looped-Richardson,128,149251,32768,1,32,1024,OOD,120,0.13484869541754455,0.03314492969958908,0.7494560326139132,1.8575443456570306,0.6295014857623581,0.6998551972210407,0.5927911447981994,0.34066571096579235,0.09124149441098169,0.005930380383373369,0.11263210682011983
looped-Richardson,128,149251,32768,1,48,2304,All,168,0.11554854092837383,0.04787453191571155,0.7920197837409519,1.8057986561741148,0.5929265101720474,0.7110072168565932,0.675317244160743,0.344027342274785,0.05991101663468202,0.00723945663941215,0.0896607358648617
looped-Richardson,128,149251,32768,1,48,2304,ID,48,0.08170376970045308,0.05864490086792617,0.8317824403444926,1.6139514644940693,0.44015566717963706,0.7044035953780016,0.7259410296877226,0.4000708758831024,0.03698979525506725,0.016590738158321086,0.12452075653643636
looped-Richardson,128,149251,32768,1,48,2304,OOD,120,0.12908644941954212,0.03480317913583665,0.7761147210995356,1.882537532846133,0.6293378516121557,0.7136486654480299,0.6550677299499512,0.3216099288314581,0.06907950518652792,0.0062270788532930235,0.11260282895580678
looped-Richardson,128,149251,32768,2,8,64,All,168,0.04796685114029865,0.04034514231914007,0.5678728128827754,0.7643051080050922,0.4320870534410736,0.355387525987767,0.3313864245123806,0.5571757537268457,0.02037779365145109,0.0061008828022498605,0.06533903022478295
looped-Richardson,128,149251,32768,2,8,64,ID,48,0.029170568960111127,0.02729707992781415,0.7328541042904059,0.732854093114535,0.18537780672374363,0.5098390088727077,0.5098390203590194,0.6393361532439789,0.01923894532228582,0.0077223884577629735,0.05244368404073054
looped-Richardson,128,149251,32768,2,8,64,OOD,120,0.05548536401237366,0.04231415948034464,0.5018802963197231,0.7768855139613151,0.4978706447283458,0.2936069328337908,0.2600053861737251,0.5243115939199925,0.0208333329831172,0.00757096375209024,0.0890803610602028
looped-Richardson,128,149251,32768,2,12,144,All,168,0.14854643644147375,0.09316849048762484,0.43345305137336254,1.6694774907969294,0.4106454240054245,0.6726061508414292,0.39293965768246425,0.3750290673758302,0.048476979266741216,0.014088685989288769,0.06209668527922782
looped-Richardson,128,149251,32768,2,12,144,ID,48,0.16774377612284833,0.16512603409828422,0.4378282030423482,1.8423937857151031,0.301123959450052,0.58107039394478,0.412868848691384,0.3736954387277365,0.029841623664348494,0.04671442451606127,0.0851884595334874
looped-Richardson,128,149251,32768,2,12,144,OOD,120,0.14086750056892391,0.034704649808353055,0.4317029907057683,1.6003109728296598,0.4288945716051471,0.7092204536000888,0.3849679812788963,0.37556251883506775,0.05593112150769831,0.006209449719781755,0.07673897567548689
looped-Richardson,128,149251,32768,2,16,256,All,168,0.13278872297069938,0.03864201265188943,0.5657006622779936,1.5999133054699217,0.33609104555174096,0.6198352364202341,0.38807954639196396,0.39938917986693834,0.06043488691613584,0.005843340161434796,0.05082277473647774
looped-Richardson,128,149251,32768,2,16,256,ID,48,0.10958103254950569,0.04278672271278841,0.5592633622388045,1.646775911251704,0.2800176806242238,0.5351422050346931,0.40578581516941387,0.39878633121649426,0.042012116529804154,0.01210443367922543,0.07921745881026264
looped-Richardson,128,149251,32768,2,16,256,OOD,120,0.14207179913917686,0.03268495866799296,0.5682755822936694,1.5811682631572088,0.35540256893705785,0.6537124489744505,0.38099703888098396,0.399630319327116,0.06780399507066852,0.005848081123504025,0.06358958797402307
looped-Richardson,128,149251,32768,2,24,576,All,168,0.16244269589744306,0.14889232005019923,0.635621302539394,1.5646579350743974,0.34920339043206416,0.581763339539369,0.42895211101997466,0.40370618853540646,0.08911868095414574,0.02251509209202621,0.052805587902552055
looped-Richardson,128,149251,32768,2,24,576,ID,48,0.23294995054278822,0.26472212255931,0.6455882415175438,1.5891450320680935,0.3471662798604736,0.5177733829865853,0.45653797561923665,0.420441718151172,0.05771683540175818,0.0748903204728327,0.09821390711419263
looped-Richardson,128,149251,32768,2,24,576,OOD,120,0.13423979403930503,0.02501829433622262,0.6316345269481342,1.554863096276919,0.3509834918829098,0.6073593221604824,0.41791776518026985,0.39701197668910027,0.10167941917510077,0.004476340825029269,0.06279891476662568
looped-Richardson,128,149251,32768,2,32,1024,All,168,0.15381865962788246,0.09376618111430052,0.6705288447084881,1.5370821817999794,0.38575847107473715,0.5679358574783518,0.4606224012871583,0.4009842925838062,0.09495717717800285,0.01417906714190703,0.05833334787582494
looped-Richardson,128,149251,32768,2,32,1024,ID,48,0.18675292895580056,0.1659656592642998,0.6980672578016917,1.4690433368086815,0.3542467725388283,0.5045929048210382,0.4972326972832282,0.43351948261260986,0.059869258800366226,0.04695195584571383,0.10021699004757584
looped-Richardson,128,149251,32768,2,32,1024,OOD,120,0.14064495189671522,0.029103464825651824,0.6595134794712066,1.5642977197964987,0.395797763573214,0.5932730385412772,0.44597828288873037,0.3879702165722847,0.1089923445290575,0.005207270567612102,0.07081720535092098
looped-Richardson,128,149251,32768,2,48,2304,All,168,0.1655341493625699,0.14614163387627838,0.7115185140144258,1.523171532366957,0.41315055032616693,0.5853310356892291,0.5359549242116156,0.38703940134672893,0.06389698603293034,0.02209914080252242,0.06247550367492922
looped-Richardson,128,149251,32768,2,48,2304,ID,48,0.2414071856065837,0.25464812219444194,0.7467440068721771,1.3657600643734138,0.3615699325936531,0.5417281625171503,0.5778495265791813,0.43620179904003936,0.039275084343292556,0.07204036932982094,0.10228872397777204
looped-Richardson,128,149251,32768,2,48,2304,OOD,120,0.1351849348649644,0.03331593749903393,0.6974283168713252,1.5861361195643744,0.4170348025468261,0.6027721849580606,0.5191970832645894,0.36737444226940474,0.07374574670878546,0.0059609775609333554,0.07461699374907246
looped-Richardson,128,149251,32768,4,8,64,All,168,0.08726963720207073,0.06618024487189873,0.48686966335489634,0.6952806943584056,0.4539720279612683,0.23754233179525247,0.2156505988289912,0.5157776411090579,0.023984146763853288,0.010007596815344617,0.06864841660943799
looped-Richardson,128,149251,32768,4,8,64,ID,48,0.08074380745212321,0.08236440337126093,0.6623599150528511,0.6623599156737328,0.218554480792195,0.38727220613509417,0.3872722138961156,0.6020550994823376,0.02242772056342796,0.023301024124439806,0.06182941927580662
looped-Richardson,128,149251,32768,4,8,64,OOD,120,0.08987996910204973,0.05867771766375045,0.4166735626757145,0.7084490058322748,0.5193669047866863,0.1776503820593158,0.14700195280214148,0.4812666577597459,0.024606717244023413,0.010498775798536116,0.09292652999527994
looped-Richardson,128,149251,32768,4,12,144,All,168,0.16674110455521274,0.13211200412004798,0.30330491607033067,1.8112898944389253,0.40129103753766143,0.5637031843264898,0.254069826255242,0.3335043545812368,0.04506043386728765,0.01997761830981051,0.06068214037378823
looped-Richardson,128,149251,32768,4,12,144,ID,48,0.23060810454464842,0.22887900314032997,0.2994420475636919,1.978126789132754,0.35436153916440244,0.43302809602270526,0.2565200931082169,0.3284004973247647,0.026174531771781962,0.06475024349671213,0.10024945771323876
looped-Richardson,128,149251,32768,4,12,144,OOD,120,0.14119430455943846,0.03873163941777727,0.3048500634729862,1.7445551365613938,0.4008435488147813,0.6159732196480036,0.25308971951405207,0.3355458974838257,0.052614794705489916,0.006929969582102471,0.07172001088065111
looped-Richardson,128,149251,32768,4,16,256,All,168,0.14335107564508517,0.06123309022041624,0.4445827996269578,1.822557087455477,0.3235733269016006,0.5044634878812801,0.24895255906241276,0.35151171675395393,0.05062560634160898,0.009259501530550409,0.048929879333310125
looped-Richardson,128,149251,32768,4,16,256,ID,48,0.1480825708714116,0.10463196972765046,0.4249577106287082,1.859967899819215,0.3066747766300603,0.3849136680364609,0.250386928829054,0.347259193037947,0.03462478673463916,0.02960055498516889,0.0867587947721065
looped-Richardson,128,149251,32768,4,16,256,OOD,120,0.14145847755455462,0.03041888741626448,0.45243283522625766,1.8075927625099817,0.3301448096112885,0.5522834158192078,0.24837881115575627,0.35321272624035677,0.05702593418439691,0.005442629531952044,0.059070401426001354
looped-Richardson,128,149251,32768,4,24,576,All,168,0.1793030919187104,0.1697842488415825,0.5300193514142718,1.7555631839093708,0.3465756225134019,0.4582210160969269,0.28765159357516534,0.364888038663637,0.0791727387653996,0.02567431279971253,0.05240822397763501
looped-Richardson,128,149251,32768,4,24,576,ID,48,0.286120939909126,0.29052916066412815,0.5289946502695481,1.7750151231884956,0.37945631400722435,0.36155296054979164,0.2974312261988719,0.37168659331897896,0.0501169208194672,0.0821911736672665,0.10734881046850933
looped-Richardson,128,149251,32768,4,24,576,OOD,120,0.13657595272254416,0.025954680052751075,0.5304292318721612,1.747782408197721,0.33388882750983373,0.49688823831578094,0.2837397405256828,0.3621686168015003,0.09079506594377255,0.004643881487655571,0.05974029122518854
looped-Richardson,128,149251,32768,4,32,1024,All,168,0.17038982770641015,0.11981666083314317,0.5758319850124064,1.6984015823829741,0.36954163530272305,0.44500941401791005,0.3225939570970478,0.3726834959927059,0.09608843361811951,0.018118349904869244,0.05588108203212622
looped-Richardson,128,149251,32768,4,32,1024,ID,48,0.23946749201397707,0.20571383848280664,0.5923332087695599,1.6418519789973895,0.38640766981720676,0.34542188079406816,0.3377965074032545,0.3908919996271531,0.06101190348029676,0.05819678061179901,0.10931536037109117
looped-Richardson,128,149251,32768,4,32,1024,OOD,120,0.14275876198338336,0.027169392290183524,0.569231495509545,1.7210214237372081,0.3617555542272513,0.4848444273074468,0.3165129369745652,0.3654000945389271,0.11011904567324862,0.004861221083473218,0.06472628126866263
looped-Richardson,128,149251,32768,4,48,2304,All,168,0.18378876138638567,0.16712323368303858,0.6269281423162847,1.6771362934793745,0.40608542024124755,0.4546877145767212,0.3975704691949345,0.37178646187697134,0.0703732369126685,0.02527192131751456,0.061407133899708616
looped-Richardson,128,149251,32768,4,48,2304,ID,48,0.2996572145906065,0.277003326378588,0.651230284323295,1.5272151976823807,0.4315679057138763,0.37017943679044646,0.41870848772426444,0.40520959595839184,0.04371279688105759,0.07836469307503878,0.12209126480337967
looped-Richardson,128,149251,32768,4,48,2304,OOD,120,0.13744138010469736,0.03618302634443566,0.6172072855134805,1.737104731798172,0.38100923636102474,0.4884910256912311,0.3891152617832025,0.3584172082444032,0.08103741292531287,0.006473964844366026,0.06817120210176526
looped-Richardson,128,149251,32768,8,8,64,All,168,0.18602525280960466,0.17522281587708627,0.42364047485448064,0.6056455466009322,0.4011174145461898,0.1515910023756857,0.13536815366352947,0.46432792723533656,0.03331511109233053,0.02649671813003273,0.060655885576758016
looped-Richardson,128,149251,32768,8,8,64,ID,48,0.19828347520306955,0.22521715817988508,0.6007656299819549,0.6007656337072452,0.24597567482205354,0.2585105946442733,0.25851060457838076,0.550085848197341,0.030559098139444008,0.0637143015816268,0.06958691981558011
looped-Richardson,128,149251,32768,8,8,64,OOD,120,0.1811219638522187,0.15155604740902562,0.35279041280349094,0.6075975117584069,0.44931512120596206,0.10882316546825067,0.08611117329758898,0.43002475885053476,0.03441751627348514,0.027116817524800267,0.0803926755888066
looped-Richardson,128,149251,32768,8,12,144,All,168,0.20371749815836257,0.19468979489299995,0.22194879063005954,1.766354582849003,0.3469355457882849,0.4528333334961817,0.16917188988909831,0.3071697309081043,0.041461673189630864,0.029440461804314012,0.0524626505973379
looped-Richardson,128,149251,32768,8,12,144,ID,48,0.35791364268397774,0.3108382794542477,0.21233138923222816,1.8377622688810031,0.4457033068899267,0.3023494843704005,0.15716556956370667,0.3009608642508586,0.024181547150268014,0.08793665651550152,0.12609019286368672
looped-Richardson,128,149251,32768,8,12,144,OOD,120,0.14203904034811649,0.04006815771373411,0.2257957511891921,1.737791508436203,0.29593264240237055,0.5130268731464942,0.17397441801925498,0.3096532775710026,0.048373723605376,0.007169103047045686,0.052949068023656794
looped-Richardson,128,149251,32768,8,16,256,All,168,0.18065235854430028,0.14437467643021892,0.3414996512056816,1.9330745062657766,0.286162253178513,0.40001934035015957,0.16170654902678155,0.3093939331315812,0.042061466407696,0.021831946298418337,0.04327267841218194
looped-Richardson,128,149251,32768,8,16,256,ID,48,0.27405414489939334,0.24360620744632303,0.3085507483532031,1.8958444148302078,0.33604932936912807,0.271277531205366,0.1510972400816778,0.3075605537742376,0.02853954024370367,0.06891659362824523,0.09506890367840706
looped-Richardson,128,149251,32768,8,16,256,OOD,120,0.14329164400226307,0.029781129154850025,0.354679212346673,1.947966542840004,0.2636941948533023,0.451516064008077,0.1659502726048231,0.31012728487451874,0.047470236873292944,0.005328520100521466,0.04718087787607667
looped-Richardson,128,149251,32768,8,24,576,All,168,0.2164896650968584,0.22464450208014014,0.42947210868199664,1.8571804449671792,0.30679878906760316,0.35160821631905576,0.18539736623920142,0.3245831884975944,0.06571155100772597,0.03397013123710111,0.0463932792990955
looped-Richardson,128,149251,32768,8,24,576,ID,48,0.40689687896022714,0.3540673801770994,0.41703967067102593,1.8268714422980945,0.3963924615732976,0.24381860904395578,0.1809142787630359,0.3288522499303023,0.04166666596817469,0.10016623965569181,0.11214007425310007
looped-Richardson,128,149251,32768,8,24,576,OOD,120,0.1403267795515109,0.0288805601639485,0.434445083886385,1.869304046034813,0.26365653508264864,0.39472405922909576,0.18719060122966763,0.3228755639245113,0.07532950502354648,0.005167387863225366,0.04717413968815016
looped-Richardson,128,149251,32768,8,32,1024,All,168,0.20665824216659273,0.1902267047116897,0.4827754096615882,1.781583688798405,0.3122952143265753,0.3402289665703262,0.21636552203978807,0.3397712148725986,0.08983995173669726,0.028765565433478107,0.04722443379276565
looped-Richardson,128,149251,32768,8,32,1024,ID,48,0.3557722169250413,0.30758680474939354,0.48630028031766415,1.6947931696971257,0.39365610095445996,0.23293663142248985,0.21596311964094636,0.34988011171420413,0.05713222657019889,0.08701680901540722,0.11136595336855602
looped-Richardson,128,149251,32768,8,32,1024,OOD,120,0.1470126522632133,0.029313085768697636,0.48136546139915787,1.8162998964389165,0.2672246875818396,0.3831459006294608,0.21652648299932478,0.33572765613595645,0.10292304180329662,0.005244776513162457,0.04781256317487576
looped-Richardson,128,149251,32768,8,48,2304,All,168,0.2154100311243076,0.2153596900236137,0.5416164339653083,1.7597327792928332,0.3652027685573443,0.3403985069266387,0.27834162320054706,0.35062902376410504,0.08175412820544023,0.032566107185092466,0.05522497039175218
looped-Richardson,128,149251,32768,8,48,2304,ID,48,0.39932562345350836,0.3351293955774931,0.5527578958620628,1.5951593940456708,0.46056059750000583,0.23823430032158888,0.27914871492733556,0.37127434462308884,0.0512595651695543,0.09480865290751089,0.130293344622934
looped-Richardson,128,149251,32768,8,48,2304,OOD,120,0.14184379419262727,0.04034922989620334,0.5371598492066065,1.8255621333916983,0.29681466861112504,0.38126418956865865,0.27801878650983175,0.3423708954205116,0.09395195341979459,0.007219393241423384,0.05310688253626636
looped-Richardson,128,149251,32768,16,8,64,All,168,0.3127594358340064,0.2231974975894114,0.3731661657581017,0.518962849508084,0.3333084739524137,0.08722884244551612,0.07610409455152135,0.40998553866077037,0.05538599258579775,0.03375131914957807,0.05040200181957788
looped-Richardson,128,149251,32768,16,8,64,ID,48,0.3232205555654865,0.2817777292262475,0.5534942441930374,0.5534942538167039,0.26462311243570463,0.14250874336964137,0.1425087538082152,0.4942428752159079,0.048735118175197024,0.07971537943200357,0.07486231034728984
looped-Richardson,128,149251,32768,16,8,64,OOD,120,0.3085749879414143,0.1961899081527748,0.3010349343841275,0.505150287784636,0.3571768868606911,0.06511688207586602,0.04954223084884381,0.3762826040387154,0.058046342350038034,0.03510282849504621,0.06390705373133655
looped-Richardson,128,149251,32768,16,12,144,All,168,0.24376759685841906,0.23314871066971632,0.17443278520589778,1.5676239363494373,0.32337281772505394,0.3409086744567113,0.11498127298961788,0.2903680152126721,0.03954081563902682,0.03525611455376615,0.04889955888042362
looped-Richardson,128,149251,32768,16,12,144,ID,48,0.4344569228908914,0.34969879257337655,0.1598134686549504,1.5189079828560352,0.47427967847165364,0.1977044472005218,0.09700083678277827,0.28216897013286746,0.022932610202891085,0.09893035909348777,0.13417449501802142
looped-Richardson,128,149251,32768,16,12,144,OOD,120,0.16749186644543013,0.0863202243225383,0.18028051182627675,1.5871103177467982,0.23783808308578866,0.3981903653591871,0.12217344747235373,0.2936476332445939,0.04618409781348111,0.01544464778325104,0.042554632492358954
looped-Richardson,128,149251,32768,16,16,256,All,168,0.2338777243489833,0.2129171557578348,0.25817900381627534,1.8774147140128272,0.36919853013026566,0.30167584218794385,0.1069599240131321,0.27543272007079345,0.03696701821172605,0.03219675378987773,0.05582919860017671
looped-Richardson,128,149251,32768,16,16,256,ID,48,0.4127757099027638,0.32107542252033566,0.21644318600495652,1.707291769484679,0.3933966210483489,0.1837526705736915,0.09229739087944226,0.2774137016385793,0.02497874087081674,0.09083276099492142,0.11129254607967118
looped-Richardson,128,149251,32768,16,16,256,OOD,120,0.16231853012747113,0.06950156868895091,0.27487333094080285,1.9454638918240865,0.3373738071707435,0.3488451108336449,0.11282493726660804,0.2746403274436791,0.04176232914808978,0.0124354084712915,0.060363833202946034
looped-Richardson,128,149251,32768,16,24,576,All,168,0.24417057698155212,0.24109610810720533,0.33646632872876664,1.840993270987556,0.31688786905514227,0.26178874966821497,0.11673881951719518,0.28599002185676775,0.05211370149031388,0.03645789840088916,0.04791892256240603
looped-Richardson,128,149251,32768,16,24,576,ID,48,0.4615451150804371,0.3639368105323848,0.3139168079942464,1.7255282203356426,0.40634110166421594,0.16399887095515922,0.10637238916630543,0.2921269088983535,0.032578655511315405,0.10295831760915423,0.11495456077003564
looped-Richardson,128,149251,32768,16,24,576,OOD,120,0.15722076174199812,0.050775582714365324,0.34548613702257475,1.8871792912483216,0.2611151790487325,0.3009047011534373,0.12088539165755109,0.2835352670401335,0.05992771988191327,0.009084904460888244,0.046719433399517105
looped-Richardson,128,149251,32768,16,32,1024,All,168,0.24337721583915478,0.22735130716309648,0.3925430788880303,1.7771757834014439,0.2896314136983659,0.25330875308385914,0.1391976682380551,0.303982816104378,0.07710762722750324,0.0343794469472558,0.04379727544015609
looped-Richardson,128,149251,32768,16,32,1024,ID,48,0.44715715707121095,0.34556455718131257,0.3827386386692524,1.6294711828231812,0.38632831202784074,0.1609093304723501,0.13197465318565563,0.3120734666784604,0.049585458337484505,0.09776077715440208,0.10929290992297531
looped-Richardson,128,149251,32768,16,32,1024,OOD,120,0.16186523934633235,0.04386145842513247,0.39646485497554146,1.836257623632749,0.21553554687644635,0.29026852212846277,0.1420868742590149,0.300746555874745,0.08811649478351072,0.007847810660276558,0.03856420244969099
looped-Richardson,128,149251,32768,16,48,2304,All,168,0.25123368614714015,0.2514799778997708,0.45738197508312406,1.759225256741047,0.3372058656611342,0.24853623494328483,0.1839163026195906,0.3239287930939878,0.09340834380418524,0.03802811897756092,0.05099135480441254
looped-Richardson,128,149251,32768,16,48,2304,ID,48,0.4888847935859835,0.36988232828815726,0.4563635519395272,1.5526435983677704,0.45152129800916013,0.1575192430367072,0.17489149856070674,0.3372929412871599,0.06098533063050122,0.10464031428477004,0.12773611204571456
looped-Richardson,128,149251,32768,16,48,2304,OOD,120,0.15617324317160278,0.05312985740492829,0.45778934434056284,1.8418579200903575,0.23442072825805665,0.28494303170591595,0.18752622424314416,0.31858313381671904,0.10637754907365884,0.009506137650052622,0.04194319013248394
looped-Richardson,128,149251,32768,32,8,64,All,168,0.468627635859802,0.22432602958250375,0.32800851793338853,0.4421167879010595,0.2786177326467813,0.04803644210499308,0.040744282939981266,0.3520873336321009,0.09277058805968232,0.03392197269131014,0.042131816516116034
looped-Richardson,128,149251,32768,32,8,64,ID,48,0.5507571957188303,0.2358946110595184,0.5074880026901761,0.5074880197644234,0.27919867420847594,0.0699979398438396,0.06999794698397935,0.428258940577507,0.07613201326118234,0.06673497042584156,0.07898576055870861
looped-Richardson,128,149251,32768,32,8,64,OOD,120,0.43577581191619075,0.2117384153071114,0.25621672403067347,0.41596829515571393,0.27520714597526597,0.039251843009454467,0.029042817322382033,0.32161869085393846,0.09942601797908229,0.037884809409006674,0.049240806200174944
looped-Richardson,128,149251,32768,32,12,144,All,168,0.32798657815778737,0.2881960979576703,0.14149905852086483,1.3221183369557064,0.29880804710078634,0.23817858190852256,0.07661325145246722,0.27446391557653743,0.040125424435245756,0.04358023089365429,0.04518494101001624
looped-Richardson,128,149251,32768,32,12,144,ID,48,0.5357480916367358,0.3587449105863704,0.12744723089660204,1.2375634610652924,0.41096135547675766,0.1275751774664968,0.062453353777527754,0.263484532944858,0.02532419159494258,0.10148952064175011,0.11626163811340937
looped-Richardson,128,149251,32768,32,12,144,OOD,120,0.244881972766208,0.20335501064139364,0.14711978957056995,1.3559402873118718,0.23357940528964632,0.2824199436853329,0.08227721052244301,0.2788556686292092,0.04604591757136703,0.03638482799326483,0.04179265835362173
looped-Richardson,128,149251,32768,32,16,256,All,168,0.300134533368507,0.2625793388897601,0.1922375294158146,1.6808668779475349,0.5149897026308857,0.2123181577550158,0.06909633048677015,0.24755544818582984,0.036412778783068464,0.03970653418909095,0.07787534358568866
looped-Richardson,128,149251,32768,32,16,256,ID,48,0.5075018556533627,0.35552262598724255,0.15074515528976914,1.386404735346635,0.39986548153804113,0.11803324807745712,0.055916275518635865,0.2530928204456965,0.025457057335491567,0.1005779310702012,0.11312259726875742
looped-Richardson,128,149251,32768,32,16,256,OOD,120,0.21718760445456464,0.1501817359814062,0.20883447906623281,1.7986517349878948,0.5099768188896626,0.2500321216260393,0.07436835247402386,0.2453404992818832,0.04079506736209922,0.026870922010618463,0.09124643045346101
looped-Richardson,128,149251,32768,32,24,576,All,168,0.30864379027020306,0.264739128255995,0.25349717081657475,1.7048235936533838,0.40264489658581326,0.1858517980380427,0.0713788873205582,0.25109006358044483,0.04271440634952987,0.04003313166882505,0.06088686726056443
looped-Richardson,128,149251,32768,32,24,576,ID,48,0.5293124133072025,0.3628859401124321,0.2226808490231633,1.5017719479898612,0.39676725269403207,0.10731435194611545,0.06034360585423803,0.2601465911914905,0.02710459155787243,0.10266102465243111,0.11224610327277856
looped-Richardson,128,149251,32768,32,24,576,OOD,120,0.22037634105540332,0.1372896422621645,0.2658236995339393,1.7860442519187927,0.3769061638830013,0.2172667764748136,0.07579299990708625,0.24746745253602662,0.04895833226619284,0.02456423376640868,0.06743706928700986
looped-Richardson,128,149251,32768,32,32,1024,All,168,0.3027942408279155,0.2663923274863441,0.3075182093750862,1.6888365600080717,0.3413652524078931,0.1811899177597037,0.08526847742143127,0.26796242896290046,0.061383927325507404,0.040283123964634716,0.05162032596704911
looped-Richardson,128,149251,32768,32,32,1024,ID,48,0.5296226887650585,0.3724976007922324,0.2852175797646244,1.4839294652144115,0.3652352188575052,0.1099990142975002,0.07674543544029193,0.27752049018939334,0.03826530544514143,0.10538017914404371,0.10332563944320715
looped-Richardson,128,149251,32768,32,32,1024,OOD,120,0.21206286165305835,0.12542891039026915,0.31643846121927105,1.7707993979255359,0.29519087290188956,0.2096662791445851,0.088677694213887,0.2641392044723034,0.0706313760776538,0.02244207957078788,0.052816348620281756
looped-Richardson,128,149251,32768,32,48,2304,All,168,0.3036434181235682,0.28131496957906604,0.3758204107483228,1.6843348106458074,0.3433964163048418,0.1760523858746247,0.11486585553558096,0.29273063973301927,0.09204931751481209,0.04253968535652319,0.05192747305279792
looped-Richardson,128,149251,32768,32,48,2304,ID,48,0.5462647178846468,0.3930059217889483,0.3645472526550293,1.4353037364780903,0.41002960386480475,0.10647392451452707,0.10435882909223433,0.30389055733879405,0.06048044083096702,0.11118201662160349,0.1159980440618597
looped-Richardson,128,149251,32768,32,48,2304,OOD,120,0.2065948982191368,0.12967342844456595,0.3803296739856402,1.7839472403128942,0.25310633719365183,0.2038837704186638,0.11906866611291961,0.28826667269070944,0.1046768681883501,0.0232015202102528,0.0452864697739675
looped-Richardson,128,149251,32768,48,8,64,All,168,0.5469712783499903,0.24047487863709419,0.29967507739396143,0.39868576261436656,0.2574859728984615,0.03528226576357454,0.029618546053478884,0.31398217573518017,0.12339801770992506,0.0363639577683225,0.03893632922275139
looped-Richardson,128,149251,32768,48,8,64,ID,48,0.7269373424652499,0.1994459449689494,0.47545205677549046,0.4754520844047268,0.28592552442647323,0.04781095597233307,0.04781096259830515,0.3801936892947803,0.10637223462496569,0.05642358330813509,0.08088879746294654
looped-Richardson,128,149251,32768,48,8,64,OOD,120,0.47498485270388646,0.21714818233491742,0.22936428564134984,0.36797923389822246,0.23963405473018254,0.030270789680071124,0.02234157943554838,0.2874975703113402,0.1302083309439088,0.03885273954345251,0.04287597259190185
looped-Richardson,128,149251,32768,48,12,144,All,168,0.3723386127881488,0.30704960588904673,0.12557602966470374,1.1853107618434089,0.2711352248290993,0.18765927343407554,0.0598750176196474,0.26296265441037353,0.04323827664345676,0.04643120713735557,0.04100033201417788
looped-Richardson,128,149251,32768,48,12,144,ID,48,0.6141802049353082,0.34784048793155015,0.11464543330172694,1.1174307862917583,0.34527672832023115,0.10027258827661471,0.05019206627427286,0.2513141622766852,0.027582907564161926,0.09840464167774232,0.09767934989989338
looped-Richardson,128,149251,32768,48,12,144,OOD,120,0.275601975929285,0.22692034585117932,0.12994826820989444,1.2124627520640692,0.23125706992869327,0.22261394749705987,0.06374819815779721,0.2676220512638489,0.04950042427517469,0.04060120144532448,0.04137713983561501
looped-Richardson,128,149251,32768,48,16,256,All,168,0.350770166707978,0.2897541519009463,0.1618977148706714,1.53113285806917,0.5686344470862434,0.16838942732041076,0.05312757090931487,0.23266051221816308,0.0389865761154353,0.04381583557766603,0.08598735608746427
looped-Richardson,128,149251,32768,48,16,256,ID,48,0.5696786895139696,0.362241315200732,0.12491306181376176,1.20878595734636,0.35882431179463337,0.0911515498689065,0.04263824108056719,0.2403890037288268,0.027954931594043303,0.10247865921294588,0.10151198337314275
looped-Richardson,128,149251,32768,48,16,256,OOD,120,0.2632067575855814,0.1973208745621955,0.17669157609343525,1.6600716183582942,0.5867197814425815,0.19928457830101248,0.057323302840813946,0.22956911561389762,0.04339923392399211,0.03530518406102485,0.10497748868199694
looped-Richardson,128,149251,32768,48,24,576,All,168,0.3584622758995178,0.2822005016451565,0.2109696282783434,1.5806697656710942,0.45945973783190514,0.14858832027363986,0.052922738704919065,0.23245534495938389,0.04076317961222399,0.04267359310953386,0.0694782531857641
looped-Richardson,128,149251,32768,48,24,576,ID,48,0.5835541358408797,0.3469306179040541,0.1773910031964381,1.3444391936063766,0.37025763095505987,0.08272462543876216,0.0428791991434991,0.24322337005287406,0.026413690032010547,0.09814723796214414,0.1047464880216943
looped-Richardson,128,149251,32768,48,24,576,OOD,120,0.268425531922973,0.18870770225119693,0.22440107831110553,1.6751619944969813,0.458907097674661,0.17493379820759095,0.05694015452948705,0.22814813492198782,0.04650297544430937,0.03376409199733,0.08210889793724187
looped-Richardson,128,149251,32768,48,32,1024,All,168,0.3432649816657514,0.28269701867237074,0.2615980124544529,1.6017543155522573,0.3903897440415311,0.1461744042823002,0.0627098631424208,0.24782682937525563,0.05372327368933748,0.042748675065333995,0.05903367639052282
looped-Richardson,128,149251,32768,48,32,1024,ID,48,0.5665380751923944,0.3692666218540594,0.23295351490378377,1.3756781319777172,0.34493990645458383,0.08745051020135479,0.05471593389908468,0.25891303302099306,0.03372130027855743,0.10446612992979062,0.09758406244444118
looped-Richardson,128,149251,32768,48,32,1024,OOD,120,0.2539557442550942,0.17362769959538807,0.27305581147472063,1.6921847889820734,0.3715134329179416,0.1696639619146784,0.06590743483975525,0.24339234791696068,0.0617240630536495,0.031065937174200718,0.06647218729094405
looped-Richardson,128,149251,32768,48,48,2304,All,168,0.33625483832492153,0.2953470263090909,0.3299087169801905,1.6136411052374613,0.3588183415562291,0.14183613599189332,0.08513282144087407,0.2731662436077992,0.08568695172878156,0.044661574849618114,0.054259534687368875
looped-Richardson,128,149251,32768,48,48,2304,ID,48,0.5705205439879771,0.3952092338109481,0.3132188264280557,1.3489923290908337,0.3761704363829079,0.08445206971373405,0.07550663951163485,0.28471034920463956,0.05604272808219923,0.11180533718821856,0.10641923032635693
looped-Richardson,128,149251,32768,48,48,2304,OOD,120,0.2425485560596993,0.1724386975100443,0.3365846732010444,1.7195006156961123,0.2919657255684304,0.16478976250315702,0.08898329421256974,0.26854860136906306,0.09754464118741449,0.030853197708266653,0.05223929654464945
looped-Richardson,128,149251,32768,64,8,64,All,168,0.5705348747780017,0.25368510329076444,0.2777423876035581,0.3673945110501899,0.2464213431049546,0.0288603754833318,0.0241330501036524,0.28439790842960405,0.15246142770670948,0.038361572047779374,0.03726316596838748
looped-Richardson,128,149251,32768,64,8,64,ID,48,0.7924469926465963,0.182334455498256,0.4499683315710475,0.4499683732865378,0.28850575297422765,0.03757610469862504,0.037576106406049754,0.3421936077453817,0.13740964922423393,0.05158271501258635,0.08161874832978874
looped-Richardson,128,149251,32768,64,8,64,OOD,120,0.4817700276305638,0.22220544023914407,0.2088520100165624,0.3343649661556507,0.22020902531571027,0.02537408379721451,0.018755827582693455,0.2612796287032931,0.15848213909969971,0.03975759779298614,0.03940039384033596
looped-Richardson,128,149251,32768,64,12,144,All,168,0.40839702412715356,0.3101258076458725,0.11517478086586505,1.0931777283549309,0.24987355147526125,0.1567564651237002,0.05008036424849355,0.2532774296012662,0.047125545650487724,0.046896382008868316,0.03778519953836686
looped-Richardson,128,149251,32768,64,12,144,ID,48,0.6779210642193788,0.31582277076979154,0.10677693629016476,1.0425457172095776,0.29370204071197775,0.0848458926969518,0.04342739272397006,0.24169476299236214,0.02960246536046417,0.08934677724287479,0.08308878661063537
looped-Richardson,128,149251,32768,64,12,144,OOD,120,0.30058740809026335,0.2335717570525708,0.11853391869614517,1.1134305328130722,0.22826360427736403,0.18552069409439959,0.05274155285830295,0.25791049624482787,0.05413477776649714,0.041791289910377734,0.040841540872580705
looped-Richardson,128,149251,32768,64,16,256,All,168,0.3821667635075656,0.29768925131994267,0.14395694714039559,1.4192865842155047,0.5810251985138103,0.1417254105409873,0.04415020998567338,0.22228031485740624,0.04334456892406918,0.045015759751846754,0.08786105185220898
looped-Richardson,128,149251,32768,64,16,256,ID,48,0.6207612149598578,0.3457379843166142,0.11151089581350482,1.1034806023041408,0.3141584151428677,0.07655495587581143,0.035927348343344975,0.23166509578004477,0.03220663164393041,0.09780983997399514,0.08887592831995123
looped-Richardson,128,149251,32768,64,16,256,OOD,120,0.2867289829266487,0.21214601511936215,0.15693536767115193,1.5456089769800505,0.6151914528385026,0.16779359240705766,0.04743935464260474,0.21852640248835084,0.047799743836124696,0.03795773826879752,0.11007171706198099
looped-Richardson,128,149251,32768,64,24,576,All,168,0.3909882420159497,0.2915590817170753,0.18414184158401825,1.4800824796160061,0.4917181574266856,0.12574306164779475,0.0427798414713747,0.21989125829367406,0.041340195855203356,0.044088772160399706,0.07435628374956238
looped-Richardson,128,149251,32768,64,24,576,ID,48,0.6332135444528109,0.3228038970178298,0.15030754947413996,1.2331232118109863,0.3378894395924568,0.0689907447667792,0.03400993871036913,0.23193028320868805,0.027264029946915454,0.0913217492509651,0.09558947386346801
looped-Richardson,128,149251,32768,64,24,576,OOD,120,0.29409812104120536,0.21214739864440835,0.19767555842796958,1.5788661867380143,0.5096874809242162,0.14844398840020098,0.04628780257577693,0.21507564832766848,0.04697066221851852,0.03795798581283723,0.0911946613228579
looped-Richardson,128,149251,32768,64,32,1024,All,168,0.374170562568363,0.2923916646559261,0.23129269219047963,1.5261458985152698,0.42427041798603543,0.12457275978245191,0.05010262628396348,0.23415652272247128,0.050192843917535486,0.04421467309025394,0.064157019849361
looped-Richardson,128,149251,32768,64,32,1024,ID,48,0.6045475414316396,0.3543188392256906,0.19920029537752268,1.2931564102570217,0.32463942915116656,0.0741289671665678,0.04275587666779752,0.24648187557856238,0.03148915769027852,0.10023737783089502,0.0918410242868963
looped-Richardson,128,149251,32768,64,32,1024,OOD,120,0.2820197710230524,0.201054002025444,0.2441296509156624,1.6193416938185692,0.4246564842504908,0.14475027682880556,0.05304132613042986,0.22922638158003486,0.05767431840843827,0.03597312531410151,0.07598068563417816
looped-Richardson,128,149251,32768,64,48,2304,All,168,0.35796841955328224,0.30035110819389155,0.2983708296503339,1.5535437603081976,0.37103037059337857,0.12101038919007845,0.06815853138409905,0.259032969762172,0.07975734768080565,0.045418278515961294,0.05610620453783005
looped-Richardson,128,149251,32768,64,48,2304,ID,48,0.587444292076429,0.3868855465517209,0.2780159059911966,1.2845043664177258,0.3495238244791322,0.0715217309383054,0.059430128118644114,0.2713459969187776,0.052853952564570705,0.10945055247913367,0.0988808603340951
looped-Richardson,128,149251,32768,64,48,2304,OOD,120,0.2661780705440235,0.19427791252730578,0.3065127991139889,1.6611595178643863,0.3225929932789623,0.14080585249078767,0.07164989269028103,0.25410775889952975,0.09051870572729963,0.03476072907129882,0.05771921004192002
looped-Richardson,128,149251,32768,96,8,64,All,168,0.5733247395708938,0.2660722057157461,0.2441823817974918,0.32238856111317066,0.23386756752431948,0.021931837717602275,0.018269437328117803,0.23961130532898958,0.19518342782560333,0.04023471602026763,0.03536481813415846
looped-Richardson,128,149251,32768,96,8,64,ID,48,0.8092708883089953,0.1987726999178666,0.410640702029923,0.41064077666184556,0.28740475831395795,0.027643526613246604,0.02764353397409039,0.2858640451546913,0.18556015893166958,0.05623312118451321,0.08130727514368205
looped-Richardson,128,149251,32768,96,8,64,OOD,120,0.4789462800756531,0.22870859671860208,0.17759905370451934,0.28708767489370074,0.19933187115365866,0.019647162159344544,0.014519798669728771,0.2211102093987089,0.19903273538317684,0.040921160122589256,0.03566499700512024
looped-Richardson,128,149251,32768,96,12,144,All,168,0.4700132789574707,0.30326865412769827,0.10145332890429663,0.9699456904615674,0.22308720800522205,0.11976951622359805,0.03862206290830809,0.2372093782981946,0.054497691036279584,0.04585946188499086,0.03373464145831785
looped-Richardson,128,149251,32768,96,12,144,ID,48,0.7527390720698576,0.2560274312247201,0.09623608257000639,0.9415494029720625,0.22285035495243496,0.06695363523128127,0.035480209354621615,0.22611257806420323,0.035528273239227276,0.07243057810538507,0.06304472908618808
looped-Richardson,128,149251,32768,96,12,144,OOD,120,0.3569229617125159,0.2409172756133849,0.10354022743801271,0.9813042054573695,0.22309748107319252,0.14089586862052475,0.03987880432978267,0.24164809839179116,0.0620854581551005,0.04310556993973912,0.03991720414941401
looped-Richardson,128,149251,32768,96,16,256,All,168,0.42966583526115104,0.29776363988944654,0.12280023408432797,1.259762161544391,0.564025502592325,0.11009371901551879,0.03410107399603081,0.20743140853231856,0.05191630132668204,0.045027008589210625,0.08529040402376734
looped-Richardson,128,149251,32768,96,16,256,ID,48,0.7048140821722241,0.29537830112850383,0.09735344676300879,0.9805039403339227,0.2426106764564715,0.060616133618168484,0.028995539643801697,0.21913965449978903,0.038079293653330105,0.08356300341796485,0.0686349562866063
looped-Richardson,128,149251,32768,96,16,256,OOD,120,0.3196065364967218,0.21729040390496057,0.13297894901285565,1.3714654500285783,0.615758169224021,0.1298847531744589,0.03614328773692246,0.2027481101453304,0.05745110439602282,0.03887818621106414,0.11017311548901268
looped-Richardson,128,149251,32768,96,24,576,All,168,0.43324665352005165,0.2977368479019563,0.15170752390154765,1.329922243243172,0.5182183097577017,0.09852802027238618,0.03189447499989039,0.20289654994294753,0.04589558924254514,0.04502295717765718,0.07836356478316026
looped-Richardson,128,149251,32768,96,24,576,ID,48,0.7041624249184526,0.28296882975446513,0.12046636889378226,1.0865884932378929,0.2735114497257025,0.05405041264990962,0.025445665853718866,0.2168643958866596,0.03138286483105423,0.08005234371519677,0.07737683547153379
looped-Richardson,128,149251,32768,96,24,576,OOD,120,0.3248803449606913,0.2265667354195791,0.16420398590465385,1.4272557432452837,0.5602586869211322,0.1163190633213768,0.034473998658359005,0.19730941156546272,0.0517006790071415,0.040537932511405333,0.10024299814921003
looped-Richardson,128,149251,32768,96,32,1024,All,168,0.4145329260117548,0.2995241096789151,0.19249095820954865,1.404226197728089,0.46240967334055766,0.09851402506631396,0.03637878543009888,0.21576058456585517,0.04792273954219469,0.045293222047512245,0.06992433441829818
looped-Richardson,128,149251,32768,96,32,1024,ID,48,0.6690248827238333,0.31650737721408867,0.15818297971660888,1.174622856080532,0.2850838818561644,0.05856624916971967,0.030229754474324428,0.23006580366442597,0.029841623424241893,0.08954045352317769,0.08065069540632719
looped-Richardson,128,149251,32768,96,32,1024,OOD,120,0.3127361433269233,0.22307538563064558,0.20621414960672454,1.4960675343871117,0.48805858156853993,0.11449313542495167,0.03883839781240865,0.21003849692642687,0.05515518598937581,0.039913250773129,0.08732476020629437
looped-Richardson,128,149251,32768,96,48,2304,All,168,0.39104279124233976,0.3020305201088222,0.25571790718961324,1.4563617809187799,0.38572433691523633,0.09612716680082178,0.049225478555031434,0.2391070923102753,0.07125394632540905,0.04567223462271254,0.05832818620096901
looped-Richardson,128,149251,32768,96,48,2304,ID,48,0.6289711664738564,0.35499451190203324,0.230572714159886,1.1924298492570717,0.30877521778802214,0.0564927932961533,0.04183394260083631,0.25299746698389447,0.045546342279218714,0.10042852673366456,0.08735301300340995
looped-Richardson,128,149251,32768,96,48,2304,OOD,120,0.29587144114973307,0.21512100806814052,0.2657759844015042,1.561934553583463,0.36304696103814743,0.11198091620268917,0.05218209293670948,0.23355094244082766,0.08153698794388518,0.03849003204597599,0.06495734326480222
looped-Richardson,128,149251,32768,128,8,64,All,168,0.5659760277277496,0.2723529104256397,0.2188268379663354,0.29006484514486275,0.2256721871214579,0.017998106040912277,0.014934123691337649,0.20665311073102674,0.22728376781118897,0.04118446712158971,0.03412553497679075
looped-Richardson,128,149251,32768,128,8,64,ID,48,0.8017162099005612,0.20735517393129335,0.3807897642691387,0.3807898738935667,0.28273548842615637,0.022468904803342057,0.022468904277047796,0.2460390215637744,0.21702274364118537,0.058661117088676,0.07998633107262784
looped-Richardson,128,149251,32768,128,8,64,OOD,120,0.4716799548586249,0.2360753221840091,0.1540416674452141,0.25377483364538117,0.1877484973953829,0.016209786535940365,0.011920211457053593,0.1908987463979277,0.2313881774791904,0.042239234548623966,0.0335924684726427
looped-Richardson,128,149251,32768,128,12,144,All,168,0.5179659556418947,0.2905089095123873,0.09235062951310755,0.8875133455509231,0.20702129230622024,0.09788967684532202,0.031897719317514936,0.22414892468424066,0.061892612912786325,0.04392996797296367,0.0313051973380046
looped-Richardson,128,149251,32768,128,12,144,ID,48,0.7929366592385767,0.2222490170606365,0.08888802568738653,0.8708014984925588,0.17696055676670602,0.05645562491069233,0.030653715288887374,0.2133745740478237,0.04097576419250492,0.06287460961527322,0.05006243029174985
looped-Richardson,128,149251,32768,128,12,144,OOD,120,0.40797767420322195,0.23713222850045293,0.09373567104339595,0.8941980843742688,0.218218153868514,0.11446329761917388,0.03239532092896596,0.22845866493880745,0.0702593524008989,0.04242833908264806,0.03904418174143333
looped-Richardson,128,149251,32768,128,16,256,All,168,0.4687368123955995,0.287396197080707,0.10996219114444791,1.1478657474120457,0.5339032370679009,0.09140796337409739,0.028393760916688215,0.19642951530182642,0.06047284852164527,0.043459272056400294,0.0807353968744784
looped-Richardson,128,149251,32768,128,16,256,ID,48,0.7486037357642621,0.260660893914199,0.08916713312889135,0.9039811939001083,0.19392461133901226,0.051670428714714896,0.0251993796943376,0.20955164528762296,0.04594493948873904,0.07374139226159993,0.054861589013945423
looped-Richardson,128,149251,32768,128,16,256,OOD,120,0.3567900430481345,0.21177088157866664,0.11828021435067053,1.2454195688168208,0.592950489274197,0.10730297723785039,0.02967151340562846,0.1911806633075078,0.06628401213480777,0.037890618362041044,0.10609230376333957
looped-Richardson,128,149251,32768,128,24,576,All,168,0.4693761741808406,0.29487282514162755,0.1325293887583982,1.2221539783335866,0.5217710574814584,0.08244341659537024,0.026072973795678595,0.19119543759595775,0.05272867980862165,0.044589867437496496,0.0789008016409992
looped-Richardson,128,149251,32768,128,24,576,ID,48,0.7579504415617405,0.24321338155747388,0.10494813664505874,0.9928016178309917,0.21987541897567378,0.04580187890678641,0.021330952333907246,0.20657182531431315,0.03712266093255792,0.06880546254323609,0.06220311484355564
looped-Richardson,128,149251,32768,128,24,576,OOD,120,0.3539464672284806,0.2272299526958969,0.14356188960373398,1.3138949225346248,0.5772857988661717,0.09710003167080378,0.02796978238038714,0.18504488250861562,0.058971087359047145,0.040656597138575695,0.10328953502768821
looped-Richardson,128,149251,32768,128,32,1024,All,168,0.44353806417152986,0.298769001255806,0.16815110943501899,1.3102326364744277,0.4794311865388904,0.08295515239504828,0.029042440549736533,0.20324380926433058,0.04913751108341824,0.04517903660342733,0.07249828139606634
looped-Richardson,128,149251,32768,128,32,1024,ID,48,0.7116136529910846,0.2864953316199182,0.134756869636476,1.0922771928211052,0.24951278011751488,0.04952139422918355,0.02393573619580513,0.21913468527297175,0.030691963668990217,0.08104999684784213,0.07058757267587856
looped-Richardson,128,149251,32768,128,32,1024,OOD,120,0.336307828643708,0.22862157516268536,0.1815088053544362,1.3974148139357567,0.520724228219227,0.09632865566139416,0.031085122291309095,0.19688745886087414,0.056515730049189444,0.04090558999066209,0.09316938597147868
looped-Richardson,128,149251,32768,128,48,2304,All,168,0.4209343156229738,0.2997081480404604,0.2270144816221935,1.3794809207320213,0.39275046628729743,0.0813285146307732,0.038803367526270394,0.22513635651696293,0.06612912860873617,0.045321051828506057,0.05939065839435756
looped-Richardson,128,149251,32768,128,48,2304,ID,48,0.6709637555141987,0.3194741605268474,0.19901757004360354,1.127532000343005,0.27760698711956,0.04774817354821906,0.03231521913160875,0.24041026799629128,0.042038689474187124,0.09037976136385949,0.07853546968377548
looped-Richardson,128,149251,32768,128,48,2304,OOD,120,0.32092253966648376,0.22459647615852005,0.2382132462536295,1.4802604888876278,0.3875414327235429,0.09476065106379485,0.04139862688413506,0.21902679192523158,0.07576530426255577,0.04018540840054294,0.0693399603257147
population-PCG,128,149251,32768,1,8,64,All,168,0.3372159530022679,0.28458636428344947,1.0049703667561214,2.3274819886400584,2.1673241265958056,0.5783928877540997,0.49791760547530084,0.2843515742570161,0.14121719838779725,0.04303437677521911,0.3277368657236498
population-PCG,128,149251,32768,1,8,64,ID,48,0.6144615812528197,0.354001038960591,1.4933799772212903,4.125490002334118,3.1033782352654256,0.5145681065817674,0.49477591427663964,0.21968161640688774,0.12850765007897277,0.10014747161727916,0.8779507671685824
population-PCG,128,149251,32768,1,8,64,OOD,120,0.22631770170204718,0.14407064434899441,0.8096065225700537,1.608278783162435,0.981110487178962,0.6039228002230327,0.4991742819547653,0.31021955739706747,0.14630101771132706,0.02577750898285449,0.17554293944271482
population-PCG,128,149251,32768,1,12,144,All,168,0.39639834912755534,0.2349209634755601,1.1595294833892869,3.426000539036024,2.068656142104947,0.6057574470483121,0.5505848269732225,0.2141093506610819,0.1355153638890312,0.03552410980778914,0.3128165611935216
population-PCG,128,149251,32768,1,12,144,ID,48,0.6235481860799513,0.312241990975671,1.258503516515096,5.4099433074394865,2.5447329630401705,0.5605739994595448,0.5705794046322504,0.18469501535097754,0.08112776221969394,0.08833376879563311,0.7199091080012088
population-PCG,128,149251,32768,1,12,144,OOD,120,0.30553841434659695,0.09901968857963149,1.1199398701389631,2.6324234316746393,1.1068618953328753,0.6238308260838191,0.5425869959096113,0.22587508478512364,0.15727040455676614,0.01771687024358561,0.19804272118480104
population-PCG,128,149251,32768,1,16,256,All,168,0.3923850988356765,0.23089528007852284,1.3882700176466078,4.040153577923775,1.7592247442320617,0.616360414595831,0.5884456198130336,0.1998678599706008,0.13252398836041154,0.03491535690242051,0.2660251859437872
population-PCG,128,149251,32768,1,16,256,ID,48,0.6123794885626818,0.3082293504205532,1.3410181552171707,5.680546169479688,2.2509581438416264,0.6151569920281569,0.6233223285526037,0.1845575751115878,0.07634459807741219,0.08719858623435045,0.6367997322379563
population-PCG,128,149251,32768,1,16,256,OOD,120,0.30438734294487435,0.09981682918887046,1.4071707626183827,3.3839965413014093,0.9069096090144289,0.6168417836229007,0.5744949363172054,0.205991973914206,0.15499574447361128,0.017859496795358917,0.16226671782196178
population-PCG,128,149251,32768,1,24,576,All,168,0.4050913791390924,0.2415035821159116,1.566072241181419,4.5833541211627775,2.019424354184467,0.6509757159011704,0.6582059482378619,0.20283799458827287,0.10864613479186244,0.0365195155133637,0.3053718639887833
population-PCG,128,149251,32768,1,24,576,ID,48,0.6476092256659519,0.3142215533738088,1.5106382643183072,6.414850686987241,2.5165131403822407,0.7169030519823233,0.7257788081963857,0.19328106070558226,0.058886053161889586,0.08889379022851994,0.7119256741192694
population-PCG,128,149251,32768,1,24,576,OOD,120,0.3080842405283486,0.09818475712917894,1.5882458319266637,3.8507554948329927,1.152201986205359,0.6246047814687093,0.6311768042544524,0.20666076814134912,0.1285501674438516,0.01756748205238704,0.20615509275799757
population-PCG,128,149251,32768,1,32,1024,All,168,0.4081087576103248,0.234656229210645,1.6992526210489727,4.871724350111825,2.1556148779769613,0.6981786367084298,0.7137764032397952,0.21181562596133774,0.08665876902454152,0.03548407741154151,0.3259662249619717
population-PCG,128,149251,32768,1,32,1024,ID,48,0.6287247476524375,0.3093572951191279,1.666657177110513,6.77923362950484,2.6650869746052597,0.8041685515393814,0.7984851002693176,0.20077550318092105,0.048708544978580855,0.08751768363027347,0.7539574542790349
population-PCG,128,149251,32768,1,32,1024,OOD,120,0.31986236159347975,0.1095023916819518,1.7122907986243565,4.10872063835462,1.288785130994654,0.6557826707760493,0.6798929244279861,0.2162316750735044,0.10183885864292577,0.019592463808157216,0.23059291808752067
population-PCG,128,149251,32768,1,48,2304,All,168,0.39723798309042657,0.23896109169977298,1.9300689810798282,5.5158154510316395,2.6110865976292086,0.7783388424487341,0.8135831654071808,0.22607008678217724,0.07366830527704826,0.03613504702067613,0.3948414208742015
population-PCG,128,149251,32768,1,48,2304,ID,48,0.6310702260210302,0.3076021556753259,1.882174089550972,7.845253298679988,3.3380413500692914,0.9322356941799322,0.9075579879184564,0.21450306847691533,0.0383450246978706,0.0870211518174047,0.9443373452940176
population-PCG,128,149251,32768,1,48,2304,OOD,120,0.3037050859181851,0.10903222521562594,1.9492269376913707,4.5840403119723,1.4500756952596496,0.7167801017562548,0.7759932364026706,0.23069689410428204,0.08779761750871933,0.019508340353556756,0.2594514616720077
population-PCG,128,149251,32768,2,8,64,All,168,0.4851490890681663,0.28023442647603836,0.7924759238958359,1.897375805392152,1.2208886234119005,0.3504373787325762,0.280707071136151,0.20800228308265403,0.19112912661789558,0.04237628856435909,0.18461946043260186
population-PCG,128,149251,32768,2,8,64,ID,48,0.738913347459595,0.25133028267535246,1.0198738866796095,2.6952113608519235,1.718546426760895,0.24539823628341154,0.23893294669687745,0.15029793869083122,0.16966942612392202,0.07110174711547855,0.4861795886315834
population-PCG,128,149251,32768,2,8,64,OOD,120,0.3836433857115947,0.22112121933712645,0.7015167387823263,1.578241583208243,0.752249002294465,0.3924530357122421,0.29741672091186044,0.23108402083938318,0.199713006815485,0.03956360605950395,0.13459442415636175
population-PCG,128,149251,32768,2,12,144,All,168,0.5810462869102677,0.21441915984574578,0.9533379989720526,3.2162055387383415,1.2537849280066915,0.3925295720941254,0.32382353208959097,0.14240620342925897,0.17542820372008935,0.03242388276705072,0.18959395023294445
population-PCG,128,149251,32768,2,12,144,ID,48,0.7563034646374528,0.22480219542273636,1.0068297957380612,4.56801870961984,1.1529979843871465,0.27073769752557075,0.29096647662421066,0.12101330670217669,0.10395407945422142,0.06359690794045049,0.3261850113638973
population-PCG,128,149251,32768,2,12,144,OOD,120,0.5109434158193936,0.16497197809607633,0.9319412802656492,2.675480270385742,0.8056360952407756,0.4412463219215473,0.3369663542757432,0.1509633621200919,0.20401785342643655,0.02951723209475993,0.14414658708455938
population-PCG,128,149251,32768,2,16,256,All,168,0.5788554619092489,0.21111175847661157,1.1956772261432238,4.061860689095089,1.561384398968003,0.3920254980524381,0.35815779013293125,0.12935950309925132,0.17026542299537958,0.03192374651834263,0.2361083064725241
population-PCG,128,149251,32768,2,16,256,ID,48,0.7612258854231464,0.22276046561597598,1.1776660631100337,5.639555046955745,1.8919889922546194,0.28166093801458675,0.3372250832617283,0.12412121798843141,0.0938031440794778,0.06301929924621316,0.5352467734511865
population-PCG,128,149251,32768,2,16,256,OOD,120,0.5059072925036899,0.15545102986147769,1.2028816913565,3.430782945950826,0.7757986802932997,0.43617132206757864,0.3665308728814125,0.1314548171435793,0.20085033456174034,0.027813718309896564,0.1388079961779304
population-PCG,128,149251,32768,2,24,576,All,168,0.6011700447579394,0.2064734491308668,1.3829389253542537,4.6666788430440995,2.233198550380573,0.4236304240212554,0.42266606468529927,0.13913385312826856,0.13701864331406316,0.03122235398153791,0.33769821710512565
population-PCG,128,149251,32768,2,24,576,ID,48,0.7696452346380003,0.22446470908526486,1.4263048072655995,6.926371097564697,2.8281869085831146,0.3271662636349598,0.39867756081124145,0.13960831270863608,0.07262436081267269,0.06350143250483486,0.8000986917646281
population-PCG,128,149251,32768,2,24,576,OOD,120,0.533779968805915,0.15459244825677373,1.3655925725897153,3.76280194123586,0.9778426192716452,0.46221608817577364,0.4322614662349224,0.13894406929612158,0.16277635631461934,0.02766009856919382,0.17495824368657187
population-PCG,128,149251,32768,2,32,1024,All,168,0.5944788264624703,0.20457887670975025,1.527565466151351,5.0996185810793015,2.6582906617448527,0.4762695738602252,0.4829964471005258,0.15390319306226,0.10036291083781089,0.03093586188764032,0.4019794911945733
population-PCG,128,149251,32768,2,32,1024,ID,48,0.744707857265492,0.22316596550426063,1.593947745859623,7.826477597157161,3.425687703786414,0.3897118456661701,0.4589046109467745,0.15266959276050326,0.053916877809873115,0.06313401582634533,0.9691326417909318
population-PCG,128,149251,32768,2,32,1024,OOD,120,0.5343872141412617,0.16223248841641674,1.5010125542680421,4.008874974648157,1.040616986174179,0.5108926651378473,0.49263318156202635,0.1543966331829627,0.11894132404898601,0.02902707519884989,0.18619000303654218
population-PCG,128,149251,32768,2,48,2304,All,168,0.5904666909421464,0.21261173716906584,1.7128518124421437,5.762338080576488,2.988084336936102,0.5997278272573437,0.5922836629407746,0.1776045268135411,0.07372145091565988,0.03215056922071773,0.4518499946953267
population-PCG,128,149251,32768,2,48,2304,ID,48,0.7601822119786347,0.21954989164212108,1.760220545033614,8.759216686089834,3.8397370528317967,0.5096506318077445,0.5597297238806883,0.17698814223210013,0.041002337224199395,0.06211102262966457,1.0862678783242108
population-PCG,128,149251,32768,2,48,2304,OOD,120,0.5225804825275512,0.16773176456224861,1.6939043194055556,4.56358663837115,1.2787658784544196,0.6357587054371834,0.6053052385648091,0.1778510806461175,0.08680909639224406,0.03001102054655714,0.22880024634981572
population-PCG,128,149251,32768,4,8,64,All,168,0.5335999806298419,0.2697901083784836,0.612684145481104,1.556573830190159,0.715670324331568,0.1512269467958027,0.10465281713931329,0.10138609429954414,0.35245838770753746,0.04079692715924714,0.1082217219425614
population-PCG,128,149251,32768,4,8,64,ID,48,0.7933508215261043,0.20939091604532464,0.6283907576774558,1.621978770941496,0.892591701312279,0.10127633895414566,0.08860357416172819,0.07747894416873649,0.3276466748211532,0.05923703185486895,0.2525156489242445
population-PCG,128,149251,32768,4,8,64,OOD,120,0.42969964427133694,0.21616729546192462,0.6064015006025633,1.5304118538896243,0.6337922689667237,0.17120718993246553,0.11107251433034733,0.11094895435186719,0.36238307286209115,0.03867723661366421,0.11339982534524896
population-PCG,128,149251,32768,4,12,144,All,168,0.7305325136502846,0.1606646167226634,0.6704871650962603,2.360109947976612,0.6025057875849493,0.2087731460951978,0.14838727106828062,0.0733234396847408,0.33687894176026534,0.024295266809068846,0.09110928816798812
population-PCG,128,149251,32768,4,12,144,ID,48,0.8547330822284737,0.1540384360641122,0.6688566294809183,2.5928203215201697,0.7454279233969413,0.1406052878592163,0.13258608120183146,0.05149483583712325,0.24391474920169756,0.04357772493831043,0.21088277599499702
population-PCG,128,149251,32768,4,12,144,OOD,120,0.680852286219009,0.13469448514936097,0.6711393793423971,2.267025798559189,0.5093074933543134,0.2360402893895904,0.1547077470148603,0.08205488122378782,0.3740646187836925,0.024099901243364204,0.0911266729200795
population-PCG,128,149251,32768,4,16,256,All,168,0.7116486571338753,0.16658426032070858,0.8229064111198697,2.7746007917892364,0.6966028027596098,0.21204087579445466,0.1722102154578481,0.06145545083009412,0.3465895212721079,0.025190419230073667,0.10533838313761436
population-PCG,128,149251,32768,4,16,256,ID,48,0.8472298562597765,0.15600286019989262,0.7668139711022377,2.6480104277531304,0.47142149521406546,0.15331307418333984,0.1613431818162401,0.05579298754067466,0.24348957863791532,0.044133463732072185,0.13336591031017211
population-PCG,128,149251,32768,4,16,256,OOD,120,0.6574161774835149,0.13766299178067817,0.8453433871269226,2.825236937403679,0.76430656171132,0.2355319964389006,0.1765570289144913,0.0637204361458619,0.387829498325785,0.02463103447109573,0.13675179526817807
population-PCG,128,149251,32768,4,24,576,All,168,0.7332196986533608,0.1542801514244673,1.010758418057646,2.9651721126976467,0.7373877953027849,0.23142238324951553,0.20897614201974296,0.06460268600356008,0.29748237942944145,0.02332982531350503,0.11150577889565338
population-PCG,128,149251,32768,4,24,576,ID,48,0.8592303625915888,0.15802673933370193,0.9697841554880142,2.9273065527280173,0.5455707194235723,0.16492956240350998,0.18710982954750455,0.06087236378031468,0.18667622898162028,0.044706022441801094,0.15434284684337687
population-PCG,128,149251,32768,4,24,576,OOD,120,0.6828154330780696,0.12072059603044984,1.0271481230854989,2.9803183366854986,0.8029301766637283,0.25801951158791775,0.21772266700863835,0.06609481489285822,0.34180483960856994,0.021599655243106357,0.14366243682104182
population-PCG,128,149251,32768,4,32,1024,All,168,0.7431012571816051,0.15348234822701534,1.151407476337183,3.239645175281025,0.7600882706361147,0.26488310014385547,0.24262274952516666,0.07870873332112313,0.21584213589362441,0.023209183681647268,0.11493848309752472
population-PCG,128,149251,32768,4,32,1024,ID,48,0.8747206389100568,0.13308256929804216,1.1176432681580384,3.2987872660160065,0.5359459594427829,0.19658653143172458,0.22030612236509717,0.07036299336080747,0.11245748028159136,0.03764927603224912,0.15161998653813766
population-PCG,128,149251,32768,4,32,1024,OOD,120,0.6904535044902246,0.127596565798992,1.164913159608841,3.2159883389870325,0.8338750651148643,0.29220172762870783,0.25154940038919443,0.0820470293052494,0.25719599813843763,0.02282992233377804,0.14919917987947012
population-PCG,128,149251,32768,4,48,2304,All,168,0.7457864664549069,0.15173766608058947,1.3006559649393672,3.6850713995240985,0.8708635177900318,0.32727049570530653,0.2945178173305023,0.10741454961576628,0.12746750219819308,0.022945357587830954,0.13168961499167825
population-PCG,128,149251,32768,4,48,2304,ID,48,0.8724063660653897,0.13091647639365447,1.2906856189171474,3.8768653770287833,0.5673836401751081,0.24124810021991527,0.26180733771373826,0.09667462203651662,0.055325253793853287,0.037036484814744516,0.16051375772055534
population-PCG,128,149251,32768,4,48,2304,OOD,120,0.6951385066107137,0.12840756590758237,1.3046441033482552,3.6083538085222244,0.9572850311403762,0.36167945389946304,0.30760200917720787,0.11171052064746614,0.15632440155992902,0.0229750286646253,0.17128002446908902
population-PCG,128,149251,32768,8,8,64,All,168,0.5087566578816651,0.27618409835066465,0.2896991756708649,0.42154050998388337,0.45942583026919664,0.03841232513548757,0.042022372290375594,0.013382237850800262,0.8698979528354747,0.04176380895013207,0.06947312577625943
population-PCG,128,149251,32768,8,8,64,ID,48,0.7623215187816178,0.2342468032653177,0.14501971604962208,0.20507146799233544,0.2568511694851567,0.030202812112596147,0.03958104341533419,0.008960098214174603,0.7709927664448818,0.06626880291179985,0.07266361500352346
population-PCG,128,149251,32768,8,8,64,OOD,120,0.4073307135216841,0.22150690402888035,0.34757095951936207,0.5081281267805025,0.4936522826477923,0.041696130344644144,0.04299890384039216,0.015151093705450525,0.9094600273917118,0.039632613806718245,0.08832560031823657
population-PCG,128,149251,32768,8,12,144,All,168,0.7409973452773414,0.16560906424373073,0.44036129569368704,1.697404917861734,0.8619982725343848,0.08319859703381852,0.06750124359192944,0.03638064163082851,0.5578990431413764,0.025042952728957044,0.13034903669132
population-PCG,128,149251,32768,8,12,144,ID,48,0.8597576667903994,0.1537581932766384,0.47060558448235196,2.3694006527463594,1.1924955499501453,0.06005059155480311,0.05860653814549244,0.029003078195576817,0.38860543724149466,0.043498443796405065,0.33735893711786213
population-PCG,128,149251,32768,8,12,144,OOD,120,0.6934932166721182,0.14555770429205622,0.4282635801782211,1.428606623907884,0.4754974938926575,0.09245779922542469,0.07105912577050423,0.03933166700492919,0.6256164855013291,0.02604357776607907,0.08507729645777994
population-PCG,128,149251,32768,8,16,256,All,168,0.7516776481732157,0.16480680987708873,0.5404571390577725,2.2427182314651355,1.3129265175156466,0.09689137909472693,0.07673875508563854,0.03273236790361499,0.5129297159257389,0.024921638003388362,0.19853718070859286
population-PCG,128,149251,32768,8,16,256,ID,48,0.8716917235998617,0.14307626291575867,0.5922217244903246,3.3543361499905586,1.8301593067394921,0.09242678410373623,0.08592913656805949,0.029283711628522672,0.35985330926875275,0.04047650826543888,0.5177550545189129
population-PCG,128,149251,32768,8,16,256,OOD,120,0.7036720180025573,0.14798078185210017,0.5197513048847516,1.798071064054966,0.6311669207757037,0.09867721709112322,0.07306260249267017,0.03411183041365192,0.5741602785885334,0.026477121350564483,0.11293009095291012
population-PCG,128,149251,32768,8,24,576,All,168,0.7844411850848975,0.1514025189590464,0.6597273993705001,2.4645935800813494,1.5229083245054655,0.10767524345733576,0.09030333225659667,0.031139465093257834,0.5153896268900662,0.022894677550718393,0.23029005903322286
population-PCG,128,149251,32768,8,24,576,ID,48,0.8801511873799844,0.15204321976629268,0.7073622898509105,3.6854152753949165,2.1674169749094068,0.10785557042496896,0.09539052781959369,0.03207630396354939,0.33556547093515593,0.04301327499165799,0.613165799215954
population-PCG,128,149251,32768,8,24,576,OOD,120,0.7461571841668627,0.13366237102440698,0.6406734431783359,1.9762649019559224,0.7468011642564628,0.10760311267028248,0.08826845403139785,0.03076472954514121,0.5873192892720301,0.023915232595232917,0.13361968225389925
population-PCG,128,149251,32768,8,32,1024,All,168,0.7945707953758232,0.14759948887677812,0.8284773227004778,2.848716360827287,1.7472920244617995,0.12239086993836927,0.10668658784457612,0.034062601282216914,0.4793944254162766,0.022319593674651802,0.26422075248177107
population-PCG,128,149251,32768,8,32,1024,ID,48,0.900204089464499,0.1105336122741731,0.8960483483970165,4.3150031591455145,2.432765608646361,0.1313787948650618,0.11746042299394803,0.03270828914052492,0.33274871669709677,0.03127013929248783,0.6882333607233478
population-PCG,128,149251,32768,8,32,1024,OOD,120,0.7523174777403526,0.13945035534781516,0.8014489124218623,2.2622016414999964,0.8560890965437861,0.11879569996769225,0.10237705378482735,0.034604326138893714,0.5380527089039485,0.02495083439019578,0.15317377440767485
population-PCG,128,149251,32768,8,48,2304,All,168,0.8035974510301406,0.14089885201251132,1.1481631259833063,3.8111978889930818,2.5976397258965447,0.1512723547583889,0.1423542469385124,0.041657162098480076,0.3866693924535953,0.02130634157391666,0.39280802146643806
population-PCG,128,149251,32768,8,48,2304,ID,48,0.8923114821813928,0.11459295281480203,1.2476049078007538,6.1270113835732145,3.5884382911285395,0.14356168569065628,0.13916466742133096,0.03732051591699317,0.3183460799821963,0.03241853335588142,1.0151750485431774
population-PCG,128,149251,32768,8,48,2304,OOD,120,0.7681118385696396,0.13501654388175427,1.1083864132563273,2.8848724911610284,1.1641146815809615,0.15435662238548195,0.14363007874538497,0.04339182057107484,0.4139987174421549,0.02415752486200483,0.2082865444041132
population-PCG,128,149251,32768,16,8,64,All,168,0.5113359772537779,0.2753509762351086,6.727686074184259e-06,2.2926567556592866e-05,2.6717863417119406e-05,1.0865838482521623e-06,7.029633527129894e-07,1.922199698840237e-06,1.0,0.04163782648744142,4.0402027125093255e-06
population-PCG,128,149251,32768,16,8,64,ID,48,0.7639285889874764,0.23405296095598863,8.89488022555914e-06,4.294997264271696e-05,4.1647037882307164e-05,1.4253549274201305e-06,1.0030705238269395e-06,1.995676387404425e-06,1.0,0.06621396460615882,1.1782014980827287e-05
population-PCG,128,149251,32768,16,8,64,OOD,120,0.4102989325602985,0.22075828505050923,5.860808413634307e-06,1.4917205522143225e-05,9.503946576183102e-06,9.510754165849751e-07,5.829204842674092e-07,1.892809023414562e-06,1.0,0.039498668876251,1.700471802199162e-06
population-PCG,128,149251,32768,16,12,144,All,168,0.737164167163102,0.16527189566863776,0.04277495306586482,0.13233357551542296,0.26547942719023276,0.00844022024198018,0.007735593877939726,0.002091714100869225,0.9512193249095053,0.02499196701313103,0.040145077662240784
population-PCG,128,149251,32768,16,12,144,ID,48,0.849640899165601,0.153950976429233,0.046251374444381065,0.2458187059656893,0.39611482566714734,0.006962057453430699,0.006875193291762075,0.002043718271314263,0.8694993574172258,0.04355298246487747,0.1120615306021753
population-PCG,128,149251,32768,16,12,144,OOD,120,0.6921734743621022,0.14774156530532173,0.04138438451445832,0.08693952333531642,0.17223104002211817,0.009031485357399973,0.008079754112410787,0.002110912432691209,0.9839073119064172,0.02643432007962346,0.0308160430694118
population-PCG,128,149251,32768,16,16,256,All,168,0.7491359525072082,0.17027772282986803,0.21435749666055748,0.6358136449541364,0.36697445870456663,0.02868367001203638,0.02731119520363526,0.01109863638772536,0.7986212216672444,0.025748934595433905,0.05549288056206719
population-PCG,128,149251,32768,16,16,256,ID,48,0.864213321804081,0.14898202889019574,0.22134706742751098,0.7502202888329824,0.4014724662808688,0.023637742230979055,0.029880691261496353,0.010835166705267766,0.6073022851099571,0.042147259097243844,0.11357721587494646
population-PCG,128,149251,32768,16,16,256,OOD,120,0.703105004788459,0.15634938382997376,0.2115616683537761,0.5900509874025981,0.3434243390979593,0.03070204112445931,0.026283396780490822,0.011204024260708398,0.8751487962901592,0.02797445422939863,0.06144641072461685
population-PCG,128,149251,32768,16,24,576,All,168,0.780746113398357,0.15958275084554635,0.3421375325304411,0.9724220227272737,0.45700248372166696,0.03640751344417883,0.035914118058003784,0.013897001712826873,0.7189853493833825,0.02413166999060098,0.06910667389566459
population-PCG,128,149251,32768,16,24,576,ID,48,0.8742470760328523,0.16216078640790035,0.3383006025105715,1.0926954591025908,0.522996479372164,0.029387113715832386,0.039546498718361,0.012688439038659701,0.5246067106102904,0.04587555110545532,0.14795655749386527
population-PCG,128,149251,32768,16,24,576,OOD,120,0.7433457283445588,0.14288510727896836,0.34367230453838904,0.9243126481771469,0.42058759602446766,0.039215673335517405,0.0344611657938609,0.014380426782493742,0.7967368048926194,0.025565389486823947,0.07525266915816055
population-PCG,128,149251,32768,16,32,1024,All,168,0.7950183538410601,0.15654993986478286,0.4355213857655014,1.1526479490456127,0.5869023877706728,0.04046239474389165,0.040658191533847886,0.017720042641961992,0.6288948491925285,0.02367305655435003,0.08874978444309019
population-PCG,128,149251,32768,16,32,1024,ID,48,0.899391184200223,0.11332215532884689,0.4316987603281935,1.3791598031918209,0.789142217851398,0.031198665266856506,0.03964059419619535,0.016374313777002148,0.45756270332882804,0.032059022673286586,0.22324962123364747
population-PCG,128,149251,32768,16,32,1024,OOD,120,0.753269221697395,0.15221587243785606,0.4370504359404246,1.0620432073871295,0.45657640100252755,0.044167886534705714,0.0410652304689089,0.018258334187945927,0.6974277075380086,0.02723487520188393,0.0816918833908455
population-PCG,128,149251,32768,16,48,2304,All,168,0.8077036768240591,0.14538735853336002,0.6447447392025164,1.5269046230685144,0.6881367958354959,0.05237302133658276,0.055926192651635794,0.025245522847399067,0.4573463223475431,0.02198508133456044,0.10405817657300517
population-PCG,128,149251,32768,16,48,2304,ID,48,0.8969279667171342,0.11126253403139857,0.6114465668797493,1.6054369695484638,0.6718650949699368,0.0415005978235664,0.05251444200985129,0.022482950783645064,0.29961202549748117,0.03147635244713646,0.19007173178560322
population-PCG,128,149251,32768,16,48,2304,OOD,120,0.772013960866829,0.14240293363681011,0.6580640081316232,1.4954916844765345,0.6948158210747264,0.0567219907417893,0.057290892908349586,0.02635055167290067,0.5204400410875678,0.025479117675878744,0.12431832418127299
population-PCG,128,149251,32768,32,8,64,All,168,0.5113361001099379,0.27535084427577217,5.912914926702635e-06,2.132623863984458e-05,2.1942470218268413e-05,1.0773566962996028e-06,6.871941981805614e-07,1.911075895755232e-06,1.0,0.0416378065329091,3.3180807278998053e-06
population-PCG,128,149251,32768,32,8,64,ID,48,0.7639285889874764,0.23405296095598863,6.2195681511667544e-06,3.805047606893614e-05,3.3241476754981396e-05,1.3453714888811419e-06,7.473382028777564e-07,1.9722455378475465e-06,1.0,0.06621396460615882,9.404068020847107e-06
population-PCG,128,149251,32768,32,8,64,OOD,120,0.4102991045589225,0.22075813345006004,5.790253636916986e-06,1.4636543668207953e-05,9.016872357360607e-06,9.701507792669872e-07,6.631365963016833e-07,1.8866080389183063e-06,1.0,0.03949864175148899,1.6133231668352546e-06
population-PCG,128,149251,32768,32,12,144,All,168,0.7382334207554566,0.16517203894392957,7.949888661024614e-06,5.594901982757347e-05,5.408636350435263e-05,1.8917333913951291e-06,8.855416221684837e-07,2.7525635816787254e-06,1.0,0.02497686695053509,8.178792934469258e-06
population-PCG,128,149251,32768,32,12,144,ID,48,0.8500356493655409,0.1541485703770452,8.347894199308334e-06,0.00010628632071527364,7.3880313379606e-05,2.5668834950920427e-06,1.1248898399429663e-06,3.5455661446803788e-06,1.0,0.04360888211516768,2.0900861220589424e-05
population-PCG,128,149251,32768,32,12,144,OOD,120,0.6935125293114229,0.14779257698176432,7.790686445711127e-06,3.5814099472493406e-05,2.2773354839225772e-05,1.6216733499163637e-06,7.898023350586906e-07,2.435362556478064e-06,1.0,0.026443447226612158,4.0746701841343746e-06
population-PCG,128,149251,32768,32,16,256,All,168,0.747578492975497,0.17018949004235176,0.0007045105004746717,0.0034340188077142723,0.011374069324620179,0.00017740929244305985,0.0002148446132239325,2.2012695117788015e-05,0.9999848153619539,0.02573559227303746,0.0017199558595001625
population-PCG,128,149251,32768,32,16,256,ID,48,0.8611704376528427,0.14978076842939408,0.002175436675121484,0.011174438743031085,0.01904341160944105,0.0004444976474075925,0.0006031353969101605,6.18965158546696e-05,0.9999468537668387,0.04237322381634844,0.0053874122213098214
population-PCG,128,149251,32768,32,16,256,OOD,120,0.7021417151045589,0.1565264715231793,0.00011614003061594662,0.0003378508335875468,0.0021180484318069053,7.057395045724678e-05,5.952829974944126e-05,6.0591668230353805e-06,1.0,0.02800613923797887,0.0003789669486364343
population-PCG,128,149251,32768,32,24,576,All,168,0.7779747921453157,0.15973254701651504,0.06264290523124921,0.22436615211301522,0.2953010454036439,0.007479707684459315,0.007014693628402011,0.0020511769211484713,0.9415770737188203,0.024154321760573107,0.04465462174202825
population-PCG,128,149251,32768,32,24,576,ID,48,0.8718318334794141,0.16170818017034555,0.08607532715541306,0.40954142787571374,0.44731470521733935,0.008130983202136073,0.009166106105112658,0.002568347434741208,0.8157153427600861,0.04574750806224162,0.1265460600801574
population-PCG,128,149251,32768,32,24,576,OOD,120,0.7404319756116763,0.1431904354987649,0.053269936461583664,0.15029604180793585,0.15487379190392875,0.007219197477388611,0.006154128637717751,0.0018443087157113765,0.991921766102314,0.02562001963694293,0.027710437334766632
population-PCG,128,149251,32768,32,32,1024,All,168,0.7897163465927722,0.159602980441588,0.1282880243933981,0.430444609506854,0.48604285483656023,0.012317533071230428,0.011599723288478903,0.003544171641676337,0.9112761098714102,0.024134729055149837,0.07349807991189158
population-PCG,128,149251,32768,32,32,1024,ID,48,0.8950499286824769,0.11983088255263313,0.17810812126845119,0.7995874284145733,0.745108278438151,0.013987169353640598,0.014864983580385597,0.004214873013552225,0.7336575190226237,0.033900352226506655,0.21079234791452572
population-PCG,128,149251,32768,32,32,1024,OOD,120,0.7475829137568903,0.15430845760170891,0.10835998564337686,0.2827874819437663,0.18788578039882595,0.011649678558266359,0.010293619171716227,0.0032758910929259815,0.9823235462109248,0.02760928619381326,0.033617031518573655
population-PCG,128,149251,32768,32,48,2304,All,168,0.8046462357055093,0.14722147363187205,0.2209890099863211,0.673281703410404,0.5682563816373403,0.017181797099987087,0.016468585898456605,0.0053274198954957695,0.8540299961432105,0.022262431236398563,0.08593018605749901
population-PCG,128,149251,32768,32,48,2304,ID,48,0.8969013826798798,0.11150467655330798,0.26644515106454486,1.12741106779625,0.8167256178012529,0.018604702005783666,0.01911337533965702,0.00532994207848479,0.6695631292338172,0.031544854961737714,0.2310530100928922
population-PCG,128,149251,32768,32,48,2304,OOD,120,0.7677441769157611,0.1438743710223577,0.20280655355503158,0.4916299576560656,0.2706520804111636,0.016612635137668454,0.015410670121976435,0.005326411022300162,0.9278167429069678,0.025742391228898886,0.048425801561119496
population-PCG,128,149251,32768,48,8,64,All,168,0.5113361001099379,0.27535084427577217,5.9129722837423874e-06,2.132634086731974e-05,2.194258460286538e-05,1.110679864355223e-06,7.556940828022464e-07,1.9110924327492285e-06,1.0,0.0416378065329091,3.318098024827771e-06
population-PCG,128,149251,32768,48,8,64,ID,48,0.7639285889874764,0.23405296095598863,6.219581209758e-06,3.805076541851748e-05,3.324158395201424e-05,1.3716669139777575e-06,8.060345851509018e-07,1.9722345380538777e-06,1.0,0.06621396460615882,9.404098347062634e-06
population-PCG,128,149251,32768,48,8,64,OOD,120,0.4102991045589225,0.22075813345006004,5.790328713336142e-06,1.4636571046840648e-05,9.016910912262117e-06,1.006285044506209e-06,7.355578818627843e-07,1.8866355906273687e-06,1.0,0.03949864175148899,1.6133300651824125e-06
population-PCG,128,149251,32768,48,12,144,All,168,0.7382334207554566,0.16517203894392957,7.423831681037319e-06,5.491858168429643e-05,5.089616223342326e-05,1.9430109723489728e-06,1.0065916669077524e-06,2.7597154746401774e-06,1.0,0.02497686695053509,7.696379366174688e-06
population-PCG,128,149251,32768,48,12,144,ID,48,0.8500356493655407,0.1541485703770452,7.29935441275605e-06,0.00010389643735680867,6.943063506087856e-05,2.6277045132398293e-06,1.0787375520256621e-06,3.5484217685658828e-06,1.0,0.04360888211516768,1.9642039962778406e-05
population-PCG,128,149251,32768,48,12,144,OOD,120,0.6935125293114229,0.14779257698176432,7.473622588349826e-06,3.532743941529154e-05,1.9409305111050574e-05,1.6691335559926302e-06,9.777333128605883e-07,2.4442329570698953e-06,1.0,0.026443447226612158,3.4727653167087527e-06
population-PCG,128,149251,32768,48,16,256,All,168,0.7476036108014555,0.17021150418802544,9.408907754418361e-06,8.679927707686409e-05,8.34938903151163e-05,2.735649576921094e-06,1.1348276548314322e-06,3.41703192539117e-06,1.0,0.025738921192332984,1.2625719237450109e-05
population-PCG,128,149251,32768,48,16,256,ID,48,0.8611704376528427,0.14978076842939408,1.0920211195752927e-05,0.00016405988871305644,0.00012025015604546637,3.941143548994812e-06,1.5157033933140458e-06,4.967766223273884e-06,1.0,0.04237322381634844,3.401896538184281e-05
population-PCG,128,149251,32768,48,16,256,OOD,120,0.7021768800609006,0.15657035041771358,8.804386377884535e-06,5.5895032422387155e-05,2.6479781418441023e-05,2.2534519880916075e-06,9.824773594383866e-07,2.7967382062380846e-06,1.0,0.028013990168354912,4.737834042890855e-06
population-PCG,128,149251,32768,48,24,576,All,168,0.7779139861118154,0.15961282507339833,0.0038021054617959453,0.013446376997048223,0.03035624397249264,0.0007397893545902761,0.0007492752195836705,7.331384072712261e-05,1.0,0.02413621773362396,0.004590388734477731
population-PCG,128,149251,32768,48,24,576,ID,48,0.8715532522193148,0.16139025519383407,0.004097900613288608,0.022258829377278713,0.03765169877535485,0.0012445703566991244,0.0014053845823826109,6.876100647918655e-05,1.0,0.045657566567563826,0.010651727027464933
population-PCG,128,149251,32768,48,24,576,OOD,120,0.7404582796688156,0.14322526034301697,0.00368378740119888,0.009921396044956026,0.026257049099919067,0.0005378769537467368,0.0004868314744640943,7.513497442629703e-05,1.0,0.025626250592177362,0.004697982174611821
population-PCG,128,149251,32768,48,32,1024,All,168,0.7901512063689815,0.16034855932231587,0.028583571301039307,0.10310965284276916,0.1773768352798726,0.002812391290284498,0.0027324710550016454,0.000649098586490805,0.9782859546442827,0.024247473467727987,0.026822443091571342
population-PCG,128,149251,32768,48,32,1024,ID,48,0.8951262664117908,0.11945809187309987,0.04507092559166869,0.22743058209501513,0.27887049822218896,0.003937576580938132,0.004003780505930333,0.0009891922480467481,0.924426012362043,0.033794889134908496,0.07889291903663667
population-PCG,128,149251,32768,48,32,1024,OOD,120,0.7481611823518578,0.15563958937553193,0.021988629584787554,0.05338128114187077,0.0686294635280593,0.0023623171740230443,0.0022239472746301697,0.0005130611218684278,0.9998299315571785,0.027847455887661274,0.012279369059373412
population-PCG,128,149251,32768,48,48,2304,All,168,0.8036941845912967,0.14671033846196968,0.08198556660984949,0.27691297382781543,0.36538518680559584,0.006571846214813197,0.006211434041601667,0.001485921675425909,0.948744226424467,0.022185138764779174,0.05525255518361561
population-PCG,128,149251,32768,48,48,2304,ID,48,0.8948353087592644,0.11310236700949153,0.11894073034636672,0.5772472312673926,0.5475203960781053,0.009328447500592986,0.008805368081084402,0.0019542468920310794,0.8304634280502796,0.03199684419906775,0.15489441355062727
population-PCG,128,149251,32768,48,48,2304,OOD,120,0.7672377349241096,0.14304767470764,0.06720350111524259,0.1567792708519846,0.1342417134908095,0.0054692057005012815,0.005173860425808571,0.0012985915887838407,0.9960565457741419,0.02559447649043831,0.024018890114773563
population-PCG,128,149251,32768,64,8,64,All,168,0.5113361001099379,0.27535084427577217,5.912980180240657e-06,2.1326339572440193e-05,2.194258260113694e-05,1.138261934231975e-06,8.188263691638873e-07,1.9110546151271786e-06,1.0,0.0416378065329091,3.3180977221318352e-06
population-PCG,128,149251,32768,64,8,64,ID,48,0.7639285889874764,0.23405296095598863,6.21958266518637e-06,3.8050770397053575e-05,3.324158681861757e-05,1.3827122528435136e-06,8.359372814699858e-07,1.9721461879858757e-06,1.0,0.06621396460615882,9.404099158029393e-06
population-PCG,128,149251,32768,64,8,64,OOD,120,0.4102991045589225,0.22075813345006004,5.790339186262372e-06,1.463656724259484e-05,9.016893331475838e-06,1.0404818067873596e-06,8.119820042414479e-07,1.8866179859837e-06,1.0,0.03949864175148899,1.6133269195806263e-06
population-PCG,128,149251,32768,64,12,144,All,168,0.7382334207554566,0.16517203894392957,7.4263653207903446e-06,5.49156821502205e-05,5.088381981828457e-05,2.0294325569888575e-06,1.2237002006407865e-06,2.7596779853903777e-06,1.0,0.02497686695053509,7.694512979692217e-06
population-PCG,128,149251,32768,64,12,144,ID,48,0.8500356493655407,0.1541485703770452,7.3021891372112196e-06,0.00010388248324485653,6.94082716939421e-05,2.7318183531595728e-06,1.2875734078932055e-06,3.548565156089959e-06,1.0,0.04360888211516768,1.9635713329777236e-05
population-PCG,128,149251,32768,64,12,144,OOD,120,0.6935125293114229,0.14779257698176432,7.476035794221995e-06,3.532896171236607e-05,1.9411232373819318e-05,1.7484782385205713e-06,1.198150917739819e-06,2.4441231171105453e-06,1.0,0.026443447226612158,3.4731101477710286e-06
population-PCG,128,149251,32768,64,16,256,All,168,0.7476036108014555,0.17021150418802544,9.291906489276395e-06,8.659596430571611e-05,8.235764339967074e-05,2.778477884086377e-06,1.285895235709978e-06,3.418772462417846e-06,1.0,0.025738921192332984,1.2453899066121511e-05
population-PCG,128,149251,32768,64,16,256,ID,48,0.8611704376528427,0.14978076842939408,9.690183929933482e-06,0.00016280921045106324,0.00011830596316061765,3.9280292796206595e-06,1.4138871975433176e-06,4.97577269698013e-06,1.0,0.04237322381634844,3.346895004198507e-05
population-PCG,128,149251,32768,64,16,256,OOD,120,0.7021768800609006,0.15657035041771358,9.13259551301356e-06,5.611066584757726e-05,2.6658424136518758e-05,2.3186573258726638e-06,1.234698450976642e-06,2.7959723685929325e-06,1.0,0.028013990168354912,4.769797280723092e-06
population-PCG,128,149251,32768,64,24,576,All,168,0.777959565181123,0.15965586663478726,1.91100089461112e-05,0.00017041795908445467,0.0002453990892817891,5.279603228592307e-06,2.6639651659636567e-06,4.649285394347793e-06,1.0,0.024142726361591677,3.710858352275001e-05
population-PCG,128,149251,32768,64,24,576,ID,48,0.8715532522193148,0.16139025519383407,3.325043473977966e-05,0.00036999431540604303,0.00039019607364151453,8.82395687066643e-06,5.2045346935850984e-06,7.703192740867356e-06,1.0,0.045657566567563826,0.0001103871059952951
population-PCG,128,149251,32768,64,24,576,OOD,120,0.7405220903658463,0.14330938241847205,1.345383862864382e-05,9.058741655581932e-05,4.341945979845774e-05,3.861861771762657e-06,1.6477373549150799e-06,3.4277224557399676e-06,1.0,0.025641301941225592,7.768727071659314e-06
population-PCG,128,149251,32768,64,32,1024,All,168,0.7901526993757584,0.1604001996154937,0.005746674670593225,0.022853882042129785,0.0678041415826225,0.0005929672774752161,0.0006047916910399872,7.13409640458832e-05,0.9997266761603809,0.024255282372553744,0.010253158063752576
population-PCG,128,149251,32768,64,32,1024,ID,48,0.8953081014741309,0.11951087900463951,0.011448318637386934,0.059331042314321736,0.11494695884064193,0.001146574026175026,0.001245808896153224,9.215263833557104e-05,0.9990433665613333,0.03380982270056453,0.032518682238294995
population-PCG,128,149251,32768,64,32,1024,OOD,120,0.7480905385364095,0.15562951042840364,0.003466017083875741,0.008263017933253004,0.021952798877751326,0.0003715245779952922,0.00034838480899469234,6.301629433000806e-05,1.0,0.027845652535206572,0.003927854094268042
population-PCG,128,149251,32768,64,48,2304,All,168,0.8036478768967196,0.1468713402007689,0.02720580597538386,0.09470208295914784,0.15172339215163755,0.0021073100033390337,0.002048054961397514,0.000433209559884839,0.9844509212388879,0.022209485010272687,0.022943199123077643
population-PCG,128,149251,32768,64,48,2304,ID,48,0.8953771162768045,0.11232983937522842,0.040708628182377006,0.2093533662264235,0.22681850545905102,0.0031266500191122273,0.0029638170083974478,0.0007001135591811178,0.9460565404345592,0.031778294870644624,0.06416732534014613
population-PCG,128,149251,32768,64,48,2304,OOD,120,0.7669561811446856,0.1433074305285177,0.021804677092586596,0.04884156965223758,0.06755064870026117,0.0016995739970297559,0.00168175014259754,0.0003264479601663274,0.9998086735606193,0.025640952703800717,0.012086344595298424
population-PCG,128,149251,32768,96,8,64,All,168,0.5113361001099379,0.27535084427577217,5.912991373995575e-06,2.132633058272117e-05,2.194258291769604e-05,1.2399740732183501e-06,1.0011490467542488e-06,1.9111343120534856e-06,1.0,0.0416378065329091,3.318097770001042e-06
population-PCG,128,149251,32768,96,8,64,ID,48,0.7639285889874764,0.23405296095598863,6.219584407792429e-06,3.805076323951975e-05,3.3241589597189894e-05,1.4479957239169987e-06,9.3117676591703e-07,1.9721544640323905e-06,1.0,0.06621396460615882,9.404099944092038e-06
population-PCG,128,149251,32768,96,8,64,OOD,120,0.4102991045589225,0.22075813345006004,5.790354160476833e-06,1.463655752000174e-05,9.016888447763485e-06,1.156765412938891e-06,1.0291379590891362e-06,1.8867262512619239e-06,1.0,0.03949864175148899,1.6133260457736157e-06
population-PCG,128,149251,32768,96,12,144,All,168,0.7382334207554566,0.16517203894392957,7.4273429260886455e-06,5.4914706164960284e-05,5.0880533330313785e-05,2.347302549919407e-06,1.873965064733273e-06,2.7596346764572184e-06,1.0,0.02497686695053509,7.694016005910784e-06
population-PCG,128,149251,32768,96,12,144,ID,48,0.8500356493655407,0.1541485703770452,7.302248008045353e-06,0.00010387884462182612,6.940163400411811e-05,2.9432275212570858e-06,1.766142909550202e-06,3.5485422481921583e-06,1.0,0.04360888211516768,1.9633835516493963e-05
population-PCG,128,149251,32768,96,12,144,OOD,120,0.6935125293114229,0.14779257698176432,7.4773808933059625e-06,3.5329050782213944e-05,1.9412309155115512e-05,2.108932561384336e-06,1.917093926806501e-06,2.4440716477632425e-06,1.0,0.026443447226612158,3.4733028083901344e-06
population-PCG,128,149251,32768,96,16,256,All,168,0.7476036108014555,0.17021150418802541,9.335775271914654e-06,8.666201429041369e-05,8.256396124320247e-05,3.1704181348383522e-06,2.1451159791955173e-06,3.418948152229751e-06,1.0,0.025738921192332977,1.2485097889847132e-05
population-PCG,128,149251,32768,96,16,256,ID,48,0.8611704376528427,0.14978076842939408,9.821087852894076e-06,0.0001630362974082991,0.0001186657541050303,4.241703981241092e-06,2.053617433735629e-06,4.976296610929391e-06,1.0,0.04237322381634844,3.3570735487303295e-05
population-PCG,128,149251,32768,96,16,256,OOD,120,0.7021768800609006,0.15657035041771358,9.141650239522885e-06,5.611230104325953e-05,2.6662190773363896e-05,2.7419037962772565e-06,2.1817153973794725e-06,2.7960087687498952e-06,1.0,0.028013990168354912,4.770471217565321e-06
population-PCG,128,149251,32768,96,24,576,All,168,0.7779604620720173,0.1596561699609597,1.451313863483284e-05,0.0001503931529051619,0.00015569207606075543,4.4609714183793806e-06,1.86671259732358e-06,4.603560359753157e-06,1.0,0.024142772229751322,2.354333272075283e-05
population-PCG,128,149251,32768,96,24,576,ID,48,0.8715593365054842,0.16138767885016228,1.5501475540228665e-05,0.00030119700659266734,0.00022244513336605351,6.359777728448535e-06,1.8439971481617097e-06,7.549032389420063e-06,1.0,0.045656837715734734,6.293009123811847e-05
population-PCG,128,149251,32768,96,24,576,OOD,120,0.7405209122986306,0.14330908938921066,1.411780387267451e-05,9.007161143015973e-05,4.0395970346721514e-05,3.7014488943517185e-06,1.8757987769883281e-06,3.4253715478863946e-06,1.0,0.02564124951163834,7.227756169128326e-06
population-PCG,128,149251,32768,96,32,1024,All,168,0.7901049573935507,0.1603511744353556,2.0817335436753465e-05,0.00021948817987188648,0.00023313124199835996,5.717121513812561e-06,1.8064393900306727e-06,5.909027423388666e-06,1.0,0.0242478689180165,3.5253472988746676e-05
population-PCG,128,149251,32768,96,32,1024,ID,48,0.895098417184028,0.11939750027019708,2.5596348677936476e-05,0.00044666174335357677,0.0003339713753122287,8.4048387615591e-06,2.1480109424487637e-06,9.574364109236436e-06,1.0,0.03377774767156768,9.448104708469094e-05
population-PCG,128,149251,32768,96,32,1024,OOD,120,0.7481075734773598,0.1556547241556153,1.890573014028026e-05,0.00012861875447921036,5.547351670102863e-05,4.642034614713945e-06,1.6698107690634363e-06,4.4428927490495575e-06,1.0,0.027850163843409756,9.925471504155695e-06
population-PCG,128,149251,32768,96,48,2304,All,168,0.8036844230368343,0.14681980990632876,0.0024331969555943973,0.009616832960004753,0.02479513538822329,0.00023509553661578972,0.00022242325135866844,3.2156490100356574e-05,0.9999924075035822,0.02220169273915717,0.0037494530041031386
population-PCG,128,149251,32768,96,48,2304,ID,48,0.8954012003593008,0.11234439983832402,0.004307650279921845,0.023901756817698044,0.041045364214509,0.0004657346739425545,0.0004268081812597002,5.451353612783439e-05,0.9999734262625376,0.03178241404941563,0.011611800518334174
population-PCG,128,149251,32768,96,48,2304,OOD,120,0.7669977121078478,0.1432333065961719,0.0016834156258634186,0.003902863416927437,0.00906405351130665,0.00014283988168508382,0.00014066927939825576,2.3213671689365443e-05,1.0,0.02562769024953377,0.0016217649463883428
population-PCG,128,149251,32768,128,8,64,All,168,0.5113361001099379,0.27535084427577217,5.913000088463875e-06,2.132633456345226e-05,2.1942579917573676e-05,1.329529009045213e-06,1.1558451470013627e-06,1.911052214338616e-06,1.0,0.0416378065329091,3.31809731633069e-06
population-PCG,128,149251,32768,128,8,64,ID,48,0.7639285889874764,0.23405296095598863,6.219586733635651e-06,3.805076183738209e-05,3.324158296159313e-05,1.4776785306480633e-06,1.0229697643045672e-06,1.9722121227990406e-06,1.0,0.06621396460615882,9.404098066870884e-06
population-PCG,128,149251,32768,128,8,64,OOD,120,0.4102991045589225,0.22075813345006004,5.790365430395165e-06,1.463656365388033e-05,9.01689350193877e-06,1.2702692004040728e-06,1.208995300080081e-06,1.8865882509544463e-06,1.0,0.03949864175148899,1.6133269500803146e-06
population-PCG,128,149251,32768,128,12,144,All,168,0.7382334207554566,0.16517203894392957,7.427590592864622e-06,5.491451968065109e-05,5.0879670915584596e-05,2.774436547424232e-06,2.5642156607153494e-06,2.7594653805148743e-06,1.0,0.02497686695053509,7.693885593898648e-06
population-PCG,128,149251,32768,128,12,144,ID,48,0.8500356493655407,0.1541485703770452,7.302259864635137e-06,0.0001038778129895663,6.940022889790827e-05,3.257938888149662e-06,2.299967012694045e-06,3.548521291918405e-06,1.0,0.04360888211516768,1.9633438009654205e-05
population-PCG,128,149251,32768,128,12,144,OOD,120,0.6935125293114229,0.14779257698176432,7.4777228841564165e-06,3.5329202357085e-05,1.9412324808885168e-05,2.58103561113406e-06,2.6699151199238715e-06,2.443843015953462e-06,1.0,0.026443447226612158,3.473305609204899e-06
population-PCG,128,149251,32768,128,16,256,All,168,0.7476036108014555,0.17021150418802541,9.336097020552967e-06,8.666335112852379e-05,8.256891850622832e-05,3.838150571292924e-06,3.2316807915002583e-06,3.4190465153674917e-06,1.0,0.025738921192332977,1.2485847513692836e-05
population-PCG,128,149251,32768,128,16,256,ID,48,0.8611704376528427,0.14978076842939408,9.821128590677594e-06,0.00016304134665761196,0.0001186745155953071,4.683992438951161e-06,2.749614144666642e-06,4.976256716323253e-06,1.0,0.04237322381634844,3.357321412720051e-05
population-PCG,128,149251,32768,128,16,256,OOD,120,0.7021768800609006,0.15657035041771358,9.142084392503117e-06,5.6112152916888544e-05,2.6662327135511974e-05,3.4998138242296286e-06,3.4245074502337046e-06,2.796162434985187e-06,1.0,0.028013990168354912,4.770495615849323e-06
population-PCG,128,149251,32768,128,24,576,All,168,0.7779604620720173,0.1596561699609597,1.4724838560401362e-05,0.00015079967492746975,0.00015647288175306843,5.090874576499768e-06,3.165922797571901e-06,4.603641130529468e-06,1.0,0.024142772229751322,2.366140403606633e-05
population-PCG,128,149251,32768,128,24,576,ID,48,0.8715593365054842,0.16138767885016228,1.597714239665038e-05,0.0003024551241044697,0.00022351863779762615,6.764777907619646e-06,2.8022336332848377e-06,7.549864747602442e-06,1.0,0.045656837715734734,6.323378739366539e-05
population-PCG,128,149251,32768,128,24,576,OOD,120,0.7405209122986306,0.14330908938921066,1.4223917025901755e-05,9.013749525666979e-05,4.048892672528655e-05,4.421313244051817e-06,3.3113984632867264e-06,3.425151683700278e-06,1.0,0.02564124951163834,7.244388175560318e-06
population-PCG,128,149251,32768,128,32,1024,All,168,0.7901049573935507,0.16035117443535563,2.0999098862397486e-05,0.00021968753911828532,0.0002312466573345075,5.99705448475366e-06,2.509792030160779e-06,5.9128502326324275e-06,1.0,0.024247868918016502,3.496849121636545e-05
population-PCG,128,149251,32768,128,32,1024,ID,48,0.895098417184028,0.11939750027019705,2.3520661670772824e-05,0.00044572782765796927,0.00033013048389745735,8.46678304355919e-06,2.3621260657099206e-06,9.591295456819656e-06,1.0,0.03377774767156767,9.339445263549023e-05
population-PCG,128,149251,32768,128,32,1024,OOD,120,0.7481075734773598,0.1556547241556153,1.999047373904735e-05,0.0001292714237024117,5.609478025268621e-05,5.0091630612314475e-06,2.568858415941122e-06,4.4414721429575366e-06,1.0,0.027850163843409756,1.0036629657545915e-05
population-PCG,128,149251,32768,128,48,2304,All,168,0.8036925542033347,0.1468526510250105,8.457733880125166e-05,0.0004722552227922735,0.0006122380973081989,1.2862374250386264e-05,7.192312933075751e-06,1.2450788786855766e-05,1.0,0.022206658883893688,9.258098160129085e-05
population-PCG,128,149251,32768,128,48,2304,ID,48,0.8954012003593008,0.11234439983832402,4.032093158912039e-05,0.0007687612505832979,0.0005664873528824072,1.2361190925957999e-05,2.6132676111956243e-06,2.1418149240541123e-05,1.0,0.03178241404941563,0.0001602601965827964
population-PCG,128,149251,32768,128,48,2304,OOD,120,0.7670090957409482,0.1432834851607306,0.00010227990168610415,0.0003536528116758638,0.0005913018735110065,1.306284758015757e-05,9.023931061827801e-06,8.863844605381625e-06,1.0,0.025636668333893036,0.0001057973289762346
