seed,joint_severity,geometry_draw,method,context_size,depth,tasks_per_geometry,raw_condition_median,transformed_condition_median,condition_reduction_median,geometry_commutator_mean,mean_relative_residual_mean,covariance_relative_residual_mean
17,0.0,0,identity-CG,48,32,4,25401.845703125,25401.845703125,1.0,0.16923674941062927,0.8474206328392029,0.03309926018118858
17,0.0,0,population-PCG,48,32,4,25401.845703125,2050.77734375,9.274470329284668,0.16923674941062927,0.14555557072162628,0.012719525024294853
17,0.0,0,context-PCG,48,32,4,25401.845703125,1006.6260986328125,23.292247772216797,0.16923674941062927,0.12042826414108276,0.011794843710958958
17,0.0,0,hybrid-PCG,48,32,4,25401.845703125,941.3289184570312,21.131776809692383,0.16923674941062927,0.15646106004714966,0.014062021858990192
17,0.0,0,angular-Jacobi-PCG,48,32,4,25401.845703125,928.3929443359375,23.037212371826172,0.16923674941062927,0.161062091588974,0.01259211078286171
17,0.0,1,identity-CG,48,32,4,26329.224609375,26329.224609375,1.0,0.18162328004837036,0.860731840133667,0.03263482451438904
17,0.0,1,population-PCG,48,32,4,26329.224609375,2058.72021484375,10.692209243774414,0.18162328004837036,0.13427886366844177,0.01256396435201168
17,0.0,1,context-PCG,48,32,4,26329.224609375,797.6273803710938,24.73801040649414,0.18162328004837036,0.11736363172531128,0.010876770131289959
17,0.0,1,hybrid-PCG,48,32,4,26329.224609375,775.2017822265625,25.684133529663086,0.18162328004837036,0.136696919798851,0.01203109510242939
17,0.0,1,angular-Jacobi-PCG,48,32,4,26329.224609375,748.1788330078125,25.441125869750977,0.18162328004837036,0.12135181576013565,0.01216701976954937
17,0.0,2,identity-CG,48,32,4,26942.21484375,26942.21484375,1.0,0.18397971987724304,0.7188339829444885,0.02244594506919384
17,0.0,2,population-PCG,48,32,4,26942.21484375,2112.352783203125,10.529276847839355,0.18397971987724304,0.15414196252822876,0.013303757645189762
17,0.0,2,context-PCG,48,32,4,26942.21484375,1121.643798828125,21.711515426635742,0.18397971987724304,0.10259644687175751,0.010430595837533474
17,0.0,2,hybrid-PCG,48,32,4,26942.21484375,1131.586669921875,22.511709213256836,0.18397971987724304,0.16306723654270172,0.01306916680186987
17,0.0,2,angular-Jacobi-PCG,48,32,4,26942.21484375,1071.2041015625,22.944896697998047,0.18397971987724304,0.1645350456237793,0.013376046903431416
17,0.0,3,identity-CG,48,32,4,26963.625,26963.625,1.0,0.21708524227142334,0.9691411256790161,0.03637726604938507
17,0.0,3,population-PCG,48,32,4,26963.625,2545.334228515625,10.51702880859375,0.21708524227142334,0.18795205652713776,0.016313154250383377
17,0.0,3,context-PCG,48,32,4,26963.625,1170.3570556640625,22.124479293823242,0.21708524227142334,0.13002920150756836,0.011960532516241074
17,0.0,3,hybrid-PCG,48,32,4,26963.625,1079.83642578125,19.9150447845459,0.21708524227142334,0.18446096777915955,0.013537251390516758
17,0.0,3,angular-Jacobi-PCG,48,32,4,26963.625,1082.8865966796875,20.519746780395508,0.21708524227142334,0.17659345269203186,0.013106992468237877
17,0.0,4,identity-CG,48,32,4,26686.685546875,26686.685546875,1.0,0.19547779858112335,1.0394656658172607,0.028139036148786545
17,0.0,4,population-PCG,48,32,4,26686.685546875,2703.68603515625,9.352453231811523,0.19547779858112335,0.20097263157367706,0.01563766971230507
17,0.0,4,context-PCG,48,32,4,26686.685546875,1255.3505859375,20.386144638061523,0.19547779858112335,0.15702292323112488,0.013585847802460194
17,0.0,4,hybrid-PCG,48,32,4,26686.685546875,1151.2640380859375,20.226112365722656,0.19547779858112335,0.18655085563659668,0.015666130930185318
17,0.0,4,angular-Jacobi-PCG,48,32,4,26686.685546875,1114.9381103515625,19.78180694580078,0.19547779858112335,0.1944940984249115,0.015409327112138271
17,0.0,5,identity-CG,48,32,4,26549.681640625,26549.681640625,1.0,0.18119043111801147,0.8709838390350342,0.02740226313471794
17,0.0,5,population-PCG,48,32,4,26549.681640625,1614.7122802734375,7.66187858581543,0.18119043111801147,0.2169608473777771,0.01803729310631752
17,0.0,5,context-PCG,48,32,4,26549.681640625,909.9305419921875,24.3870792388916,0.18119043111801147,0.1597433090209961,0.013174101710319519
17,0.0,5,hybrid-PCG,48,32,4,26549.681640625,873.5712890625,24.114410400390625,0.18119043111801147,0.17059195041656494,0.014371750876307487
17,0.0,5,angular-Jacobi-PCG,48,32,4,26549.681640625,884.1785888671875,24.618112564086914,0.18119043111801147,0.183302104473114,0.01652391627430916
17,0.0,6,identity-CG,48,32,4,26443.02734375,26443.02734375,1.0,0.17505720257759094,0.8184370398521423,0.01803160272538662
17,0.0,6,population-PCG,48,32,4,26443.02734375,1473.0794677734375,14.298750877380371,0.17505720257759094,0.13220250606536865,0.012864497490227222
17,0.0,6,context-PCG,48,32,4,26443.02734375,827.3505859375,31.8085994720459,0.17505720257759094,0.08146204054355621,0.008260409347712994
17,0.0,6,hybrid-PCG,48,32,4,26443.02734375,857.5829467773438,30.093460083007812,0.17505720257759094,0.09807965904474258,0.008959254249930382
17,0.0,6,angular-Jacobi-PCG,48,32,4,26443.02734375,839.1561279296875,30.06029510498047,0.17505720257759094,0.10507066547870636,0.009942912496626377
17,0.0,7,identity-CG,48,32,4,27047.0234375,27047.0234375,1.0,0.18619932234287262,0.7914648056030273,0.03227028250694275
17,0.0,7,population-PCG,48,32,4,27047.0234375,2750.071533203125,7.831021785736084,0.18619932234287262,0.22136911749839783,0.017808668315410614
17,0.0,7,context-PCG,48,32,4,27047.0234375,1101.4339599609375,20.543556213378906,0.18619932234287262,0.13978755474090576,0.013523074798285961
17,0.0,7,hybrid-PCG,48,32,4,27047.0234375,1031.1927490234375,19.090675354003906,0.18619932234287262,0.19260352849960327,0.015755653381347656
17,0.0,7,angular-Jacobi-PCG,48,32,4,27047.0234375,1251.8521728515625,20.02882194519043,0.18619932234287262,0.19053466618061066,0.015894634649157524
17,0.0,8,identity-CG,48,32,4,26631.1328125,26631.1328125,1.0,0.16135939955711365,0.9504932761192322,0.026542235165834427
17,0.0,8,population-PCG,48,32,4,26631.1328125,1379.509033203125,13.827271461486816,0.16135939955711365,0.1942165195941925,0.014179125428199768
17,0.0,8,context-PCG,48,32,4,26631.1328125,641.1826171875,21.77643394470215,0.16135939955711365,0.12855184078216553,0.01103811152279377
17,0.0,8,hybrid-PCG,48,32,4,26631.1328125,603.8681640625,19.620738983154297,0.16135939955711365,0.1611098051071167,0.01209965255111456
17,0.0,8,angular-Jacobi-PCG,48,32,4,26631.1328125,594.2528686523438,19.412715911865234,0.16135939955711365,0.14127498865127563,0.012410208582878113
17,0.0,9,identity-CG,48,32,4,25178.458984375,25178.458984375,1.0,0.1623045951128006,0.9330074787139893,0.031976230442523956
17,0.0,9,population-PCG,48,32,4,25178.458984375,1452.421630859375,13.87420654296875,0.1623045951128006,0.17555992305278778,0.014811191707849503
17,0.0,9,context-PCG,48,32,4,25178.458984375,682.19873046875,31.80807113647461,0.1623045951128006,0.10613572597503662,0.009779008105397224
17,0.0,9,hybrid-PCG,48,32,4,25178.458984375,618.3460083007812,36.48971176147461,0.1623045951128006,0.09961806237697601,0.008764250203967094
17,0.0,9,angular-Jacobi-PCG,48,32,4,25178.458984375,615.16064453125,33.93236541748047,0.1623045951128006,0.12867030501365662,0.00957289058715105
17,0.0,10,identity-CG,48,32,4,26905.681640625,26905.681640625,1.0,0.16802763938903809,0.8162083625793457,0.02209463343024254
17,0.0,10,population-PCG,48,32,4,26905.681640625,1547.8917236328125,13.842554092407227,0.16802763938903809,0.1843387484550476,0.01170018408447504
17,0.0,10,context-PCG,48,32,4,26905.681640625,757.2445068359375,32.893226623535156,0.16802763938903809,0.09886448085308075,0.010011538863182068
17,0.0,10,hybrid-PCG,48,32,4,26905.681640625,665.038330078125,34.44912338256836,0.16802763938903809,0.1089007779955864,0.011127140372991562
17,0.0,10,angular-Jacobi-PCG,48,32,4,26905.681640625,688.423583984375,34.63988494873047,0.16802763938903809,0.12583942711353302,0.009878262877464294
17,0.0,11,identity-CG,48,32,4,26416.8828125,26416.8828125,1.0,0.21202543377876282,0.9231581091880798,0.044201597571372986
17,0.0,11,population-PCG,48,32,4,26416.8828125,1932.2178955078125,11.112278938293457,0.21202543377876282,0.16772720217704773,0.013879776000976562
17,0.0,11,context-PCG,48,32,4,26416.8828125,805.0902709960938,25.071664810180664,0.21202543377876282,0.11671927571296692,0.013032008893787861
17,0.0,11,hybrid-PCG,48,32,4,26416.8828125,889.9376220703125,23.1197452545166,0.21202543377876282,0.16257236897945404,0.015825292095541954
17,0.0,11,angular-Jacobi-PCG,48,32,4,26416.8828125,811.5825805664062,23.391687393188477,0.21202543377876282,0.1402515023946762,0.014035649597644806
17,0.0,12,identity-CG,48,32,4,26150.396484375,26150.396484375,1.0,0.216031014919281,1.1577520370483398,0.030784903094172478
17,0.0,12,population-PCG,48,32,4,26150.396484375,1795.169189453125,13.986939430236816,0.216031014919281,0.159715473651886,0.01270432211458683
17,0.0,12,context-PCG,48,32,4,26150.396484375,990.182373046875,18.446311950683594,0.216031014919281,0.1445147693157196,0.012917633168399334
17,0.0,12,hybrid-PCG,48,32,4,26150.396484375,1076.373046875,17.472633361816406,0.216031014919281,0.20634259283542633,0.017268545925617218
17,0.0,12,angular-Jacobi-PCG,48,32,4,26150.396484375,1015.5557861328125,18.60943603515625,0.216031014919281,0.19285006821155548,0.015987060964107513
17,0.0,13,identity-CG,48,32,4,25910.94921875,25910.94921875,1.0,0.15297561883926392,0.6815124750137329,0.02775547280907631
17,0.0,13,population-PCG,48,32,4,25910.94921875,1404.6014404296875,16.193758010864258,0.15297561883926392,0.14522036910057068,0.009321184828877449
17,0.0,13,context-PCG,48,32,4,25910.94921875,566.8712768554688,27.180561065673828,0.15297561883926392,0.07757839560508728,0.007436824031174183
17,0.0,13,hybrid-PCG,48,32,4,25910.94921875,495.05072021484375,32.51585006713867,0.15297561883926392,0.09307555854320526,0.00821907538920641
17,0.0,13,angular-Jacobi-PCG,48,32,4,25910.94921875,469.5865783691406,31.863407135009766,0.15297561883926392,0.09596413373947144,0.00783743616193533
17,0.0,14,identity-CG,48,32,4,26860.544921875,26860.544921875,1.0,0.1989831030368805,1.1024729013442993,0.040998674929142
17,0.0,14,population-PCG,48,32,4,26860.544921875,3023.70654296875,8.997491836547852,0.1989831030368805,0.21293863654136658,0.017858045175671577
17,0.0,14,context-PCG,48,32,4,26860.544921875,1294.4317626953125,18.915653228759766,0.1989831030368805,0.15385134518146515,0.010649260133504868
17,0.0,14,hybrid-PCG,48,32,4,26860.544921875,1334.796630859375,15.350813865661621,0.1989831030368805,0.22012531757354736,0.016206324100494385
17,0.0,14,angular-Jacobi-PCG,48,32,4,26860.544921875,1289.677978515625,16.334320068359375,0.1989831030368805,0.20011702179908752,0.01505516842007637
17,0.0,15,identity-CG,48,32,4,26739.96875,26739.96875,1.0,0.20346836745738983,1.051293969154358,0.033574171364307404
17,0.0,15,population-PCG,48,32,4,26739.96875,1630.216796875,13.692051887512207,0.20346836745738983,0.16956380009651184,0.010259512811899185
17,0.0,15,context-PCG,48,32,4,26739.96875,763.6199340820312,18.99287223815918,0.20346836745738983,0.1405109167098999,0.009900899603962898
17,0.0,15,hybrid-PCG,48,32,4,26739.96875,825.3815307617188,22.17751693725586,0.20346836745738983,0.1814616173505783,0.011230827309191227
17,0.0,15,angular-Jacobi-PCG,48,32,4,26739.96875,738.9200439453125,21.393144607543945,0.20346836745738983,0.18510702252388,0.01053545530885458
17,0.0,16,identity-CG,48,32,4,25899.458984375,25899.458984375,1.0,0.18829838931560516,1.0804941654205322,0.029746484011411667
17,0.0,16,population-PCG,48,32,4,25899.458984375,2886.186767578125,5.977459907531738,0.18829838931560516,0.28063035011291504,0.015009578317403793
17,0.0,16,context-PCG,48,32,4,25899.458984375,1604.4737548828125,14.850452423095703,0.18829838931560516,0.23887062072753906,0.015402575023472309
17,0.0,16,hybrid-PCG,48,32,4,25899.458984375,1931.8021240234375,12.296111106872559,0.18829838931560516,0.28083086013793945,0.018917251378297806
17,0.0,16,angular-Jacobi-PCG,48,32,4,25899.458984375,1881.28076171875,12.929573059082031,0.18829838931560516,0.2605607211589813,0.01822923868894577
17,0.0,17,identity-CG,48,32,4,27291.91796875,27291.91796875,1.0,0.19523769617080688,0.7741057276725769,0.025964034721255302
17,0.0,17,population-PCG,48,32,4,27291.91796875,1755.881103515625,11.590670585632324,0.19523769617080688,0.17899085581302643,0.011274974793195724
17,0.0,17,context-PCG,48,32,4,27291.91796875,1006.650390625,26.060504913330078,0.19523769617080688,0.1288130134344101,0.012272212654352188
17,0.0,17,hybrid-PCG,48,32,4,27291.91796875,1009.0450439453125,23.0687313079834,0.19523769617080688,0.17584064602851868,0.015102622099220753
17,0.0,17,angular-Jacobi-PCG,48,32,4,27291.91796875,1044.6356201171875,24.600303649902344,0.19523769617080688,0.15186408162117004,0.01374880876392126
17,0.0,18,identity-CG,48,32,4,26720.69140625,26720.69140625,1.0,0.16840903460979462,1.0008275508880615,0.03687433898448944
17,0.0,18,population-PCG,48,32,4,26720.69140625,2101.938232421875,12.563531875610352,0.16840903460979462,0.20629125833511353,0.017227761447429657
17,0.0,18,context-PCG,48,32,4,26720.69140625,1032.8065185546875,24.881467819213867,0.16840903460979462,0.10274185240268707,0.010992510244250298
17,0.0,18,hybrid-PCG,48,32,4,26720.69140625,1011.3114624023438,25.295988082885742,0.16840903460979462,0.1352255940437317,0.012832734733819962
17,0.0,18,angular-Jacobi-PCG,48,32,4,26720.69140625,998.7139892578125,25.524276733398438,0.16840903460979462,0.14636918902397156,0.013378158211708069
17,0.0,19,identity-CG,48,32,4,26375.548828125,26375.548828125,1.0,0.21127566695213318,0.9828172326087952,0.03505442664027214
17,0.0,19,population-PCG,48,32,4,26375.548828125,2415.47705078125,10.208161354064941,0.21127566695213318,0.2234908491373062,0.013919270597398281
17,0.0,19,context-PCG,48,32,4,26375.548828125,1449.8428955078125,17.201637268066406,0.21127566695213318,0.18073558807373047,0.012055356055498123
17,0.0,19,hybrid-PCG,48,32,4,26375.548828125,1488.7049560546875,15.86923599243164,0.21127566695213318,0.23741570115089417,0.015698149800300598
17,0.0,19,angular-Jacobi-PCG,48,32,4,26375.548828125,1332.9632568359375,16.007068634033203,0.21127566695213318,0.227798193693161,0.015930606052279472
17,0.0,20,identity-CG,48,32,4,26814.19921875,26814.19921875,1.0,0.1743202805519104,1.0756235122680664,0.033108800649642944
17,0.0,20,population-PCG,48,32,4,26814.19921875,1796.9359130859375,10.210657119750977,0.1743202805519104,0.15738624334335327,0.012964066118001938
17,0.0,20,context-PCG,48,32,4,26814.19921875,705.3939819335938,23.651765823364258,0.1743202805519104,0.1506957709789276,0.01231757365167141
17,0.0,20,hybrid-PCG,48,32,4,26814.19921875,705.4193115234375,19.36618995666504,0.1743202805519104,0.16767200827598572,0.012567313387989998
17,0.0,20,angular-Jacobi-PCG,48,32,4,26814.19921875,639.44189453125,21.560359954833984,0.1743202805519104,0.18321682512760162,0.01200016587972641
17,0.0,21,identity-CG,48,32,4,26100.177734375,26100.177734375,1.0,0.17615684866905212,0.725178062915802,0.02646118402481079
17,0.0,21,population-PCG,48,32,4,26100.177734375,1335.3218994140625,13.277338981628418,0.17615684866905212,0.13168901205062866,0.012403227388858795
17,0.0,21,context-PCG,48,32,4,26100.177734375,931.9266357421875,21.850191116333008,0.17615684866905212,0.12017624080181122,0.009916520677506924
17,0.0,21,hybrid-PCG,48,32,4,26100.177734375,830.95068359375,20.704608917236328,0.17615684866905212,0.15673702955245972,0.012768985703587532
17,0.0,21,angular-Jacobi-PCG,48,32,4,26100.177734375,857.503173828125,21.025806427001953,0.17615684866905212,0.16238173842430115,0.012114946730434895
17,0.0,22,identity-CG,48,32,4,26601.23828125,26601.23828125,1.0,0.1665532886981964,1.0656921863555908,0.040565375238657
17,0.0,22,population-PCG,48,32,4,26601.23828125,1310.7113037109375,11.994714736938477,0.1665532886981964,0.17260974645614624,0.013799379579722881
17,0.0,22,context-PCG,48,32,4,26601.23828125,890.69873046875,27.07029151916504,0.1665532886981964,0.09605614840984344,0.00971816573292017
17,0.0,22,hybrid-PCG,48,32,4,26601.23828125,924.0162963867188,23.066801071166992,0.1665532886981964,0.13260984420776367,0.012138615362346172
17,0.0,22,angular-Jacobi-PCG,48,32,4,26601.23828125,899.265380859375,25.12436866760254,0.1665532886981964,0.1398847997188568,0.010600892826914787
17,0.0,23,identity-CG,48,32,4,25729.08984375,25729.08984375,1.0,0.1831825077533722,1.1845929622650146,0.025305572897195816
17,0.0,23,population-PCG,48,32,4,25729.08984375,1744.3006591796875,13.695879936218262,0.1831825077533722,0.11850172281265259,0.010351049713790417
17,0.0,23,context-PCG,48,32,4,25729.08984375,737.7425537109375,20.393775939941406,0.1831825077533722,0.0921778604388237,0.012110888957977295
17,0.0,23,hybrid-PCG,48,32,4,25729.08984375,808.7346801757812,21.464696884155273,0.1831825077533722,0.12206236273050308,0.012278033420443535
17,0.0,23,angular-Jacobi-PCG,48,32,4,25729.08984375,648.4478149414062,22.44637107849121,0.1831825077533722,0.11679354310035706,0.012031536549329758
17,0.0,24,identity-CG,48,32,4,26817.68359375,26817.68359375,1.0,0.1661173403263092,0.8196263313293457,0.029299182817339897
17,0.0,24,population-PCG,48,32,4,26817.68359375,1977.822509765625,11.205584526062012,0.1661173403263092,0.16060101985931396,0.012664840556681156
17,0.0,24,context-PCG,48,32,4,26817.68359375,1020.0838623046875,19.200057983398438,0.1661173403263092,0.1382964551448822,0.011718385852873325
17,0.0,24,hybrid-PCG,48,32,4,26817.68359375,1061.7080078125,19.365652084350586,0.1661173403263092,0.1676938682794571,0.012843816541135311
17,0.0,24,angular-Jacobi-PCG,48,32,4,26817.68359375,999.0010986328125,19.937679290771484,0.1661173403263092,0.1748334765434265,0.014249162748456001
17,0.0,25,identity-CG,48,32,4,26741.712890625,26741.712890625,1.0,0.19317102432250977,0.6690990328788757,0.02599027380347252
17,0.0,25,population-PCG,48,32,4,26741.712890625,2112.39453125,13.157681465148926,0.19317102432250977,0.1754690706729889,0.01647578552365303
17,0.0,25,context-PCG,48,32,4,26741.712890625,703.9095458984375,19.562606811523438,0.19317102432250977,0.13116656243801117,0.010322285816073418
17,0.0,25,hybrid-PCG,48,32,4,26741.712890625,819.4656372070312,22.246829986572266,0.19317102432250977,0.15787163376808167,0.012082865461707115
17,0.0,25,angular-Jacobi-PCG,48,32,4,26741.712890625,742.7208862304688,21.85466194152832,0.19317102432250977,0.16257967054843903,0.011692136526107788
17,0.0,26,identity-CG,48,32,4,26708.056640625,26708.056640625,1.0,0.1930459886789322,1.0197625160217285,0.04018709808588028
17,0.0,26,population-PCG,48,32,4,26708.056640625,1698.02197265625,14.387895584106445,0.1930459886789322,0.13680888712406158,0.011625710874795914
17,0.0,26,context-PCG,48,32,4,26708.056640625,904.5306396484375,29.460922241210938,0.1930459886789322,0.10553981363773346,0.010157999582588673
17,0.0,26,hybrid-PCG,48,32,4,26708.056640625,921.4813842773438,23.49944496154785,0.1930459886789322,0.14497004449367523,0.011839153245091438
17,0.0,26,angular-Jacobi-PCG,48,32,4,26708.056640625,920.2318725585938,25.925222396850586,0.1930459886789322,0.14421691000461578,0.011871963739395142
17,0.0,27,identity-CG,48,32,4,26346.216796875,26346.216796875,1.0,0.20884758234024048,1.092358946800232,0.038160961121320724
17,0.0,27,population-PCG,48,32,4,26346.216796875,2121.708251953125,12.614595413208008,0.20884758234024048,0.1851717233657837,0.015358394011855125
17,0.0,27,context-PCG,48,32,4,26346.216796875,1179.312744140625,20.59642219543457,0.20884758234024048,0.1773819923400879,0.013976608403027058
17,0.0,27,hybrid-PCG,48,32,4,26346.216796875,1205.8984375,20.249975204467773,0.20884758234024048,0.15632376074790955,0.012680375948548317
17,0.0,27,angular-Jacobi-PCG,48,32,4,26346.216796875,1172.5439453125,21.302200317382812,0.20884758234024048,0.1675877720117569,0.012741588056087494
17,0.0,28,identity-CG,48,32,4,26221.400390625,26221.400390625,1.0,0.19143524765968323,1.0793027877807617,0.044871143996715546
17,0.0,28,population-PCG,48,32,4,26221.400390625,1232.72607421875,16.571073532104492,0.19143524765968323,0.10689656436443329,0.010445959866046906
17,0.0,28,context-PCG,48,32,4,26221.400390625,972.9453125,25.349815368652344,0.19143524765968323,0.09189905226230621,0.010526442900300026
17,0.0,28,hybrid-PCG,48,32,4,26221.400390625,1052.0740966796875,23.902929306030273,0.19143524765968323,0.1359512209892273,0.01278587058186531
17,0.0,28,angular-Jacobi-PCG,48,32,4,26221.400390625,888.5015869140625,23.994247436523438,0.19143524765968323,0.11722755432128906,0.012750416062772274
17,0.0,29,identity-CG,48,32,4,26319.36328125,26319.36328125,1.0,0.18176811933517456,0.8667359948158264,0.03027072735130787
17,0.0,29,population-PCG,48,32,4,26319.36328125,2435.490478515625,6.872829914093018,0.18176811933517456,0.19226616621017456,0.017188159748911858
17,0.0,29,context-PCG,48,32,4,26319.36328125,1443.0419921875,17.7745418548584,0.18176811933517456,0.15889954566955566,0.011561822146177292
17,0.0,29,hybrid-PCG,48,32,4,26319.36328125,1599.583740234375,16.69649314880371,0.18176811933517456,0.2216169238090515,0.01391149777919054
17,0.0,29,angular-Jacobi-PCG,48,32,4,26319.36328125,1521.08251953125,15.820049285888672,0.18176811933517456,0.19966132938861847,0.012810233049094677
17,0.0,30,identity-CG,48,32,4,26472.494140625,26472.494140625,1.0,0.18288663029670715,0.9710881114006042,0.03767361491918564
17,0.0,30,population-PCG,48,32,4,26472.494140625,1897.7705078125,13.663764953613281,0.18288663029670715,0.17047861218452454,0.014754259027540684
17,0.0,30,context-PCG,48,32,4,26472.494140625,802.4179077148438,21.67460823059082,0.18288663029670715,0.10869456827640533,0.010593783110380173
17,0.0,30,hybrid-PCG,48,32,4,26472.494140625,836.1705932617188,24.8592529296875,0.18288663029670715,0.1327270269393921,0.012531903572380543
17,0.0,30,angular-Jacobi-PCG,48,32,4,26472.494140625,776.8289184570312,22.587736129760742,0.18288663029670715,0.1372559815645218,0.011892298236489296
17,0.0,31,identity-CG,48,32,4,25790.333984375,25790.333984375,1.0,0.19446241855621338,0.7493057250976562,0.032220274209976196
17,0.0,31,population-PCG,48,32,4,25790.333984375,1297.7366943359375,16.2851505279541,0.19446241855621338,0.11654249578714371,0.010288843885064125
17,0.0,31,context-PCG,48,32,4,25790.333984375,622.5018310546875,29.791399002075195,0.19446241855621338,0.08131346851587296,0.008866957388818264
17,0.0,31,hybrid-PCG,48,32,4,25790.333984375,566.7381591796875,30.81237030029297,0.19446241855621338,0.10405956208705902,0.010822204872965813
17,0.0,31,angular-Jacobi-PCG,48,32,4,25790.333984375,549.3489379882812,32.15955352783203,0.19446241855621338,0.10407152771949768,0.010355332866311073
17,0.0,32,identity-CG,48,32,4,26527.41796875,26527.41796875,1.0,0.19150498509407043,0.7279091477394104,0.02287679724395275
17,0.0,32,population-PCG,48,32,4,26527.41796875,1578.9842529296875,13.994366645812988,0.19150498509407043,0.09919662773609161,0.009812507778406143
17,0.0,32,context-PCG,48,32,4,26527.41796875,825.4591064453125,27.918272018432617,0.19150498509407043,0.1008453369140625,0.01042547170072794
17,0.0,32,hybrid-PCG,48,32,4,26527.41796875,841.2916259765625,26.01531982421875,0.19150498509407043,0.1205189898610115,0.011953392997384071
17,0.0,32,angular-Jacobi-PCG,48,32,4,26527.41796875,779.93505859375,27.160085678100586,0.19150498509407043,0.1192595586180687,0.010556938126683235
17,0.0,33,identity-CG,48,32,4,25735.935546875,25735.935546875,1.0,0.18600241839885712,0.8174067735671997,0.0379955917596817
17,0.0,33,population-PCG,48,32,4,25735.935546875,1721.3331298828125,10.204145431518555,0.18600241839885712,0.1684039831161499,0.014998157508671284
17,0.0,33,context-PCG,48,32,4,25735.935546875,884.438232421875,22.81789207458496,0.18600241839885712,0.11477451026439667,0.011750152334570885
17,0.0,33,hybrid-PCG,48,32,4,25735.935546875,878.5809936523438,25.01862907409668,0.18600241839885712,0.1244523674249649,0.012190315872430801
17,0.0,33,angular-Jacobi-PCG,48,32,4,25735.935546875,875.9908447265625,24.091957092285156,0.18600241839885712,0.1401510089635849,0.012806056998670101
17,0.0,34,identity-CG,48,32,4,26213.201171875,26213.201171875,1.0,0.18215695023536682,0.8993611931800842,0.021261829882860184
17,0.0,34,population-PCG,48,32,4,26213.201171875,1846.1124267578125,11.66707706451416,0.18215695023536682,0.1680448055267334,0.012608750723302364
17,0.0,34,context-PCG,48,32,4,26213.201171875,1023.1529541015625,23.210268020629883,0.18215695023536682,0.1287539303302765,0.01222127117216587
17,0.0,34,hybrid-PCG,48,32,4,26213.201171875,1203.6258544921875,21.776386260986328,0.18215695023536682,0.1917838603258133,0.015818029642105103
17,0.0,34,angular-Jacobi-PCG,48,32,4,26213.201171875,1068.65087890625,22.23045539855957,0.18215695023536682,0.19331562519073486,0.013728762976825237
17,0.0,35,identity-CG,48,32,4,27387.111328125,27387.111328125,1.0,0.17816868424415588,0.7383130788803101,0.018202558159828186
17,0.0,35,population-PCG,48,32,4,27387.111328125,1640.006103515625,16.519447326660156,0.17816868424415588,0.1333109587430954,0.013564921915531158
17,0.0,35,context-PCG,48,32,4,27387.111328125,646.5355834960938,30.80621337890625,0.17816868424415588,0.09919337928295135,0.0098895113915205
17,0.0,35,hybrid-PCG,48,32,4,27387.111328125,674.3154296875,30.39150047302246,0.17816868424415588,0.10232379287481308,0.010709998197853565
17,0.0,35,angular-Jacobi-PCG,48,32,4,27387.111328125,635.833251953125,33.01563262939453,0.17816868424415588,0.09976048767566681,0.010269326157867908
17,0.0,36,identity-CG,48,32,4,26602.478515625,26602.478515625,1.0,0.16108927130699158,0.8712039589881897,0.03241204470396042
17,0.0,36,population-PCG,48,32,4,26602.478515625,1611.7608642578125,16.035741806030273,0.16108927130699158,0.13760140538215637,0.012464023195207119
17,0.0,36,context-PCG,48,32,4,26602.478515625,749.105224609375,33.835506439208984,0.16108927130699158,0.07177925109863281,0.00804230384528637
17,0.0,36,hybrid-PCG,48,32,4,26602.478515625,730.7947387695312,32.474327087402344,0.16108927130699158,0.10748306661844254,0.00973433256149292
17,0.0,36,angular-Jacobi-PCG,48,32,4,26602.478515625,714.4682006835938,33.93305587768555,0.16108927130699158,0.09173612296581268,0.008728811517357826
17,0.0,37,identity-CG,48,32,4,26045.947265625,26045.947265625,1.0,0.1717967540025711,0.9805678129196167,0.028017373755574226
17,0.0,37,population-PCG,48,32,4,26045.947265625,1542.312744140625,14.733972549438477,0.1717967540025711,0.14688317477703094,0.012396498583257198
17,0.0,37,context-PCG,48,32,4,26045.947265625,801.8810424804688,26.703256607055664,0.1717967540025711,0.09840711951255798,0.009976211935281754
17,0.0,37,hybrid-PCG,48,32,4,26045.947265625,783.4542846679688,24.96919059753418,0.1717967540025711,0.13350746035575867,0.011373022571206093
17,0.0,37,angular-Jacobi-PCG,48,32,4,26045.947265625,769.0137329101562,24.873741149902344,0.1717967540025711,0.13558128476142883,0.011647628620266914
17,0.0,38,identity-CG,48,32,4,25605.904296875,25605.904296875,1.0,0.17856848239898682,0.8900630474090576,0.02967344969511032
17,0.0,38,population-PCG,48,32,4,25605.904296875,1213.0823974609375,19.959896087646484,0.17856848239898682,0.10357176512479782,0.010322194546461105
17,0.0,38,context-PCG,48,32,4,25605.904296875,551.326171875,33.290321350097656,0.17856848239898682,0.07270115613937378,0.008108627051115036
17,0.0,38,hybrid-PCG,48,32,4,25605.904296875,507.6625061035156,36.05377197265625,0.17856848239898682,0.07979387044906616,0.007077853195369244
17,0.0,38,angular-Jacobi-PCG,48,32,4,25605.904296875,513.1399536132812,36.8885498046875,0.17856848239898682,0.07828137278556824,0.007879899814724922
17,0.0,39,identity-CG,48,32,4,26849.7421875,26849.7421875,1.0,0.1915593147277832,0.9527873992919922,0.03806774318218231
17,0.0,39,population-PCG,48,32,4,26849.7421875,2365.357666015625,10.664730072021484,0.1915593147277832,0.13288921117782593,0.010622953996062279
17,0.0,39,context-PCG,48,32,4,26849.7421875,1165.7841796875,16.271547317504883,0.1915593147277832,0.15693174302577972,0.01473715715110302
17,0.0,39,hybrid-PCG,48,32,4,26849.7421875,1454.497802734375,15.039676666259766,0.1915593147277832,0.22642827033996582,0.01818137802183628
17,0.0,39,angular-Jacobi-PCG,48,32,4,26849.7421875,1299.5299072265625,15.054023742675781,0.1915593147277832,0.2078397274017334,0.015954365953803062
17,0.0,40,identity-CG,48,32,4,25718.935546875,25718.935546875,1.0,0.1769954413175583,1.0658403635025024,0.03375576436519623
17,0.0,40,population-PCG,48,32,4,25718.935546875,2308.365234375,10.810678482055664,0.1769954413175583,0.1419004499912262,0.012704858556389809
17,0.0,40,context-PCG,48,32,4,25718.935546875,1185.9742431640625,22.526670455932617,0.1769954413175583,0.1425352692604065,0.009323067031800747
17,0.0,40,hybrid-PCG,48,32,4,25718.935546875,1056.4786376953125,21.067232131958008,0.1769954413175583,0.1869639754295349,0.012461788952350616
17,0.0,40,angular-Jacobi-PCG,48,32,4,25718.935546875,1048.9539794921875,21.357316970825195,0.1769954413175583,0.19196467101573944,0.011264756321907043
17,0.0,41,identity-CG,48,32,4,26065.67578125,26065.67578125,1.0,0.20441709458827972,1.2197989225387573,0.043728046119213104
17,0.0,41,population-PCG,48,32,4,26065.67578125,1497.7884521484375,17.161039352416992,0.20441709458827972,0.1819796860218048,0.015088380314409733
17,0.0,41,context-PCG,48,32,4,26065.67578125,957.4338989257812,26.75653839111328,0.20441709458827972,0.09268978238105774,0.009680471383035183
17,0.0,41,hybrid-PCG,48,32,4,26065.67578125,892.6343383789062,27.65328598022461,0.20441709458827972,0.11240538954734802,0.011102715507149696
17,0.0,41,angular-Jacobi-PCG,48,32,4,26065.67578125,846.8113403320312,30.78097152709961,0.20441709458827972,0.13784116506576538,0.01187191717326641
17,0.0,42,identity-CG,48,32,4,26779.525390625,26779.525390625,1.0,0.150251567363739,0.9979881644248962,0.03056972473859787
17,0.0,42,population-PCG,48,32,4,26779.525390625,1394.9315185546875,15.880451202392578,0.150251567363739,0.1786503791809082,0.012456578202545643
17,0.0,42,context-PCG,48,32,4,26779.525390625,527.2753295898438,41.05597686767578,0.150251567363739,0.06956648826599121,0.006467248313128948
17,0.0,42,hybrid-PCG,48,32,4,26779.525390625,455.68267822265625,42.926700592041016,0.150251567363739,0.07491075992584229,0.006839219946414232
17,0.0,42,angular-Jacobi-PCG,48,32,4,26779.525390625,494.7402038574219,44.266178131103516,0.150251567363739,0.08385071158409119,0.006870080716907978
17,0.0,43,identity-CG,48,32,4,25789.103515625,25789.103515625,1.0,0.19434861838817596,0.927154541015625,0.026324007660150528
17,0.0,43,population-PCG,48,32,4,25789.103515625,1933.2672119140625,12.23177719116211,0.19434861838817596,0.14543187618255615,0.011490777134895325
17,0.0,43,context-PCG,48,32,4,25789.103515625,933.7012329101562,25.559036254882812,0.19434861838817596,0.12987272441387177,0.011191070079803467
17,0.0,43,hybrid-PCG,48,32,4,25789.103515625,770.0130615234375,24.67354393005371,0.19434861838817596,0.1627497673034668,0.012727112509310246
17,0.0,43,angular-Jacobi-PCG,48,32,4,25789.103515625,790.5747680664062,24.33385467529297,0.19434861838817596,0.15234485268592834,0.012134570628404617
17,0.0,44,identity-CG,48,32,4,25885.130859375,25885.130859375,1.0,0.24485106766223907,0.8029178977012634,0.015070726163685322
17,0.0,44,population-PCG,48,32,4,25885.130859375,1955.669677734375,12.382362365722656,0.24485106766223907,0.13993105292320251,0.011133563704788685
17,0.0,44,context-PCG,48,32,4,25885.130859375,1166.409912109375,23.804983139038086,0.24485106766223907,0.13178978860378265,0.012329726479947567
17,0.0,44,hybrid-PCG,48,32,4,25885.130859375,1217.851806640625,22.79946517944336,0.24485106766223907,0.16257771849632263,0.01075827982276678
17,0.0,44,angular-Jacobi-PCG,48,32,4,25885.130859375,1161.3984375,23.907703399658203,0.24485106766223907,0.17356857657432556,0.012449679896235466
17,0.0,45,identity-CG,48,32,4,26980.21875,26980.21875,1.0,0.17219853401184082,0.8742720484733582,0.0374622568488121
17,0.0,45,population-PCG,48,32,4,26980.21875,1548.564697265625,16.61595344543457,0.17219853401184082,0.11502483487129211,0.012574801221489906
17,0.0,45,context-PCG,48,32,4,26980.21875,652.91455078125,35.68021011352539,0.17219853401184082,0.08742163330316544,0.009246185421943665
17,0.0,45,hybrid-PCG,48,32,4,26980.21875,629.0675048828125,39.472900390625,0.17219853401184082,0.09924648702144623,0.009783666580915451
17,0.0,45,angular-Jacobi-PCG,48,32,4,26980.21875,665.0402221679688,39.199546813964844,0.17219853401184082,0.10529332607984543,0.009549613110721111
17,0.0,46,identity-CG,48,32,4,27014.57421875,27014.57421875,1.0,0.18765679001808167,1.2030320167541504,0.0559556670486927
17,0.0,46,population-PCG,48,32,4,27014.57421875,1729.41552734375,13.769853591918945,0.18765679001808167,0.18681120872497559,0.013753187842667103
17,0.0,46,context-PCG,48,32,4,27014.57421875,755.857666015625,18.683029174804688,0.18765679001808167,0.1617845743894577,0.013334343209862709
17,0.0,46,hybrid-PCG,48,32,4,27014.57421875,727.7841796875,16.82697296142578,0.18765679001808167,0.20040659606456757,0.014990709722042084
17,0.0,46,angular-Jacobi-PCG,48,32,4,27014.57421875,652.2005004882812,18.789976119995117,0.18765679001808167,0.17158082127571106,0.012647038325667381
17,0.0,47,identity-CG,48,32,4,27200.95703125,27200.95703125,1.0,0.1778157353401184,0.7925459742546082,0.03309589624404907
17,0.0,47,population-PCG,48,32,4,27200.95703125,993.9005126953125,25.836650848388672,0.1778157353401184,0.0994206964969635,0.008712241426110268
17,0.0,47,context-PCG,48,32,4,27200.95703125,537.3361206054688,48.87977981567383,0.1778157353401184,0.05722212418913841,0.0065366122871637344
17,0.0,47,hybrid-PCG,48,32,4,27200.95703125,513.7127685546875,50.9000244140625,0.1778157353401184,0.05846568942070007,0.006326926872134209
17,0.0,47,angular-Jacobi-PCG,48,32,4,27200.95703125,469.6121520996094,55.98468780517578,0.1778157353401184,0.06609373539686203,0.007116063963621855
17,0.0,48,identity-CG,48,32,4,26487.734375,26487.734375,1.0,0.18831801414489746,1.3588547706604004,0.044559553265571594
17,0.0,48,population-PCG,48,32,4,26487.734375,2259.24462890625,7.5847954750061035,0.18831801414489746,0.21235261857509613,0.01638161391019821
17,0.0,48,context-PCG,48,32,4,26487.734375,1276.594482421875,19.852205276489258,0.18831801414489746,0.19935601949691772,0.018311968073248863
17,0.0,48,hybrid-PCG,48,32,4,26487.734375,1383.2384033203125,15.86323356628418,0.18831801414489746,0.20036208629608154,0.016012534499168396
17,0.0,48,angular-Jacobi-PCG,48,32,4,26487.734375,1293.736572265625,15.696736335754395,0.18831801414489746,0.21420818567276,0.01600298285484314
17,0.0,49,identity-CG,48,32,4,26884.732421875,26884.732421875,1.0,0.1807256042957306,0.8241867423057556,0.025141410529613495
17,0.0,49,population-PCG,48,32,4,26884.732421875,1766.6297607421875,13.533173561096191,0.1807256042957306,0.21105827391147614,0.01622937247157097
17,0.0,49,context-PCG,48,32,4,26884.732421875,1250.31884765625,21.446426391601562,0.1807256042957306,0.1461639255285263,0.013049459084868431
17,0.0,49,hybrid-PCG,48,32,4,26884.732421875,1256.2978515625,20.613359451293945,0.1807256042957306,0.19199714064598083,0.014229458756744862
17,0.0,49,angular-Jacobi-PCG,48,32,4,26884.732421875,1252.6226806640625,20.428401947021484,0.1807256042957306,0.16959193348884583,0.014536632224917412
17,0.0,50,identity-CG,48,32,4,26783.591796875,26783.591796875,1.0,0.21112661063671112,0.967336893081665,0.03291068971157074
17,0.0,50,population-PCG,48,32,4,26783.591796875,2219.294189453125,9.143814086914062,0.21112661063671112,0.20755507051944733,0.013004248961806297
17,0.0,50,context-PCG,48,32,4,26783.591796875,1182.1160888671875,15.162531852722168,0.21112661063671112,0.193658709526062,0.01450437679886818
17,0.0,50,hybrid-PCG,48,32,4,26783.591796875,1171.8619384765625,13.245430946350098,0.21112661063671112,0.26434326171875,0.017200060188770294
17,0.0,50,angular-Jacobi-PCG,48,32,4,26783.591796875,1176.9405517578125,12.920040130615234,0.21112661063671112,0.2595061659812927,0.017757920548319817
17,0.0,51,identity-CG,48,32,4,26313.265625,26313.265625,1.0,0.18592709302902222,1.0182442665100098,0.036848410964012146
17,0.0,51,population-PCG,48,32,4,26313.265625,1817.8465576171875,9.712319374084473,0.18592709302902222,0.12722361087799072,0.011571358889341354
17,0.0,51,context-PCG,48,32,4,26313.265625,1090.558837890625,21.680816650390625,0.18592709302902222,0.10789432376623154,0.011157181113958359
17,0.0,51,hybrid-PCG,48,32,4,26313.265625,985.3456420898438,20.016645431518555,0.18592709302902222,0.15846312046051025,0.014338635839521885
17,0.0,51,angular-Jacobi-PCG,48,32,4,26313.265625,1066.0462646484375,21.17993927001953,0.18592709302902222,0.17535921931266785,0.015616733580827713
17,0.0,52,identity-CG,48,32,4,27239.5078125,27239.5078125,1.0,0.19252178072929382,0.8128963708877563,0.025972019881010056
17,0.0,52,population-PCG,48,32,4,27239.5078125,1954.729248046875,12.184870719909668,0.19252178072929382,0.20023339986801147,0.0152004798874259
17,0.0,52,context-PCG,48,32,4,27239.5078125,919.3707885742188,22.690710067749023,0.19252178072929382,0.11385060846805573,0.010875757783651352
17,0.0,52,hybrid-PCG,48,32,4,27239.5078125,841.3407592773438,22.31760597229004,0.19252178072929382,0.16104134917259216,0.012793157249689102
17,0.0,52,angular-Jacobi-PCG,48,32,4,27239.5078125,815.7833251953125,21.56748390197754,0.19252178072929382,0.15701159834861755,0.012548832222819328
17,0.0,53,identity-CG,48,32,4,26908.662109375,26908.662109375,1.0,0.18656516075134277,0.9198164343833923,0.03659830242395401
17,0.0,53,population-PCG,48,32,4,26908.662109375,1717.089111328125,13.880145072937012,0.18656516075134277,0.1168316900730133,0.01056710071861744
17,0.0,53,context-PCG,48,32,4,26908.662109375,892.1502685546875,28.1120662689209,0.18656516075134277,0.11444619297981262,0.011436890810728073
17,0.0,53,hybrid-PCG,48,32,4,26908.662109375,1001.021240234375,25.42972755432129,0.18656516075134277,0.15668359398841858,0.01429394818842411
17,0.0,53,angular-Jacobi-PCG,48,32,4,26908.662109375,909.501708984375,27.402849197387695,0.18656516075134277,0.136358380317688,0.01243378221988678
17,0.0,54,identity-CG,48,32,4,27030.408203125,27030.408203125,1.0,0.18359997868537903,0.9207413792610168,0.03233318403363228
17,0.0,54,population-PCG,48,32,4,27030.408203125,1460.4334716796875,15.879210472106934,0.18359997868537903,0.11260238289833069,0.013043558225035667
17,0.0,54,context-PCG,48,32,4,27030.408203125,876.2440795898438,30.626012802124023,0.18359997868537903,0.09879213571548462,0.009719744324684143
17,0.0,54,hybrid-PCG,48,32,4,27030.408203125,960.2699584960938,28.148759841918945,0.18359997868537903,0.12438016384840012,0.011405165307223797
17,0.0,54,angular-Jacobi-PCG,48,32,4,27030.408203125,845.3960571289062,30.926502227783203,0.18359997868537903,0.11036518216133118,0.009735289961099625
17,0.0,55,identity-CG,48,32,4,26804.025390625,26804.025390625,1.0,0.14981964230537415,0.9512443542480469,0.026633821427822113
17,0.0,55,population-PCG,48,32,4,26804.025390625,1933.2213134765625,13.29033088684082,0.14981964230537415,0.17796996235847473,0.013362894766032696
17,0.0,55,context-PCG,48,32,4,26804.025390625,958.1344604492188,25.04094696044922,0.14981964230537415,0.12103168666362762,0.011058262549340725
17,0.0,55,hybrid-PCG,48,32,4,26804.025390625,916.2656860351562,24.997760772705078,0.14981964230537415,0.14192721247673035,0.010685484856367111
17,0.0,55,angular-Jacobi-PCG,48,32,4,26804.025390625,857.4932250976562,27.800310134887695,0.14981964230537415,0.14229363203048706,0.01048700138926506
17,0.0,56,identity-CG,48,32,4,25816.26171875,25816.26171875,1.0,0.179826021194458,0.8604898452758789,0.026479382067918777
17,0.0,56,population-PCG,48,32,4,25816.26171875,1446.464599609375,16.74469566345215,0.179826021194458,0.14682433009147644,0.011767460033297539
17,0.0,56,context-PCG,48,32,4,25816.26171875,800.0018310546875,31.93802833557129,0.179826021194458,0.11823800206184387,0.011525623500347137
17,0.0,56,hybrid-PCG,48,32,4,25816.26171875,733.559814453125,31.45139503479004,0.179826021194458,0.14877130091190338,0.011965312995016575
17,0.0,56,angular-Jacobi-PCG,48,32,4,25816.26171875,714.52001953125,35.21805953979492,0.179826021194458,0.14159885048866272,0.012184226885437965
17,0.0,57,identity-CG,48,32,4,26969.255859375,26969.255859375,1.0,0.1894490122795105,0.7964491248130798,0.02712152525782585
17,0.0,57,population-PCG,48,32,4,26969.255859375,2597.0048828125,9.675627708435059,0.1894490122795105,0.15352803468704224,0.012525897473096848
17,0.0,57,context-PCG,48,32,4,26969.255859375,1459.03662109375,18.466842651367188,0.1894490122795105,0.14829978346824646,0.011676527559757233
17,0.0,57,hybrid-PCG,48,32,4,26969.255859375,1476.4561767578125,15.546927452087402,0.1894490122795105,0.20554347336292267,0.014929641038179398
17,0.0,57,angular-Jacobi-PCG,48,32,4,26969.255859375,1483.8204345703125,15.583269119262695,0.1894490122795105,0.21429495513439178,0.01451342087239027
17,0.0,58,identity-CG,48,32,4,26789.123046875,26789.123046875,1.0,0.1719588041305542,0.7595984935760498,0.03260165452957153
17,0.0,58,population-PCG,48,32,4,26789.123046875,1285.1278076171875,19.120330810546875,0.1719588041305542,0.11962978541851044,0.011715464293956757
17,0.0,58,context-PCG,48,32,4,26789.123046875,471.9692687988281,47.13800811767578,0.1719588041305542,0.05866675451397896,0.006553492043167353
17,0.0,58,hybrid-PCG,48,32,4,26789.123046875,471.6348571777344,54.977298736572266,0.1719588041305542,0.08846190571784973,0.008398721925914288
17,0.0,58,angular-Jacobi-PCG,48,32,4,26789.123046875,434.5370788574219,56.56046676635742,0.1719588041305542,0.08507625013589859,0.008119655773043633
17,0.0,59,identity-CG,48,32,4,27429.908203125,27429.908203125,1.0,0.18762634694576263,0.9952777028083801,0.032175756990909576
17,0.0,59,population-PCG,48,32,4,27429.908203125,1643.063720703125,15.486838340759277,0.18762634694576263,0.14678525924682617,0.011601967737078667
17,0.0,59,context-PCG,48,32,4,27429.908203125,955.7199096679688,25.395811080932617,0.18762634694576263,0.1246313527226448,0.012104971334338188
17,0.0,59,hybrid-PCG,48,32,4,27429.908203125,1079.670166015625,22.734546661376953,0.18762634694576263,0.14941555261611938,0.013788511976599693
17,0.0,59,angular-Jacobi-PCG,48,32,4,27429.908203125,1034.449462890625,23.387474060058594,0.18762634694576263,0.12729880213737488,0.011216153390705585
17,0.0,60,identity-CG,48,32,4,26474.078125,26474.078125,1.0,0.172573983669281,0.9977692365646362,0.03997325524687767
17,0.0,60,population-PCG,48,32,4,26474.078125,1528.5186767578125,14.710626602172852,0.172573983669281,0.11377706378698349,0.009751962497830391
17,0.0,60,context-PCG,48,32,4,26474.078125,705.5028686523438,22.25827980041504,0.172573983669281,0.11339521408081055,0.011150906793773174
17,0.0,60,hybrid-PCG,48,32,4,26474.078125,678.1508178710938,24.418542861938477,0.172573983669281,0.14975646138191223,0.011563995853066444
17,0.0,60,angular-Jacobi-PCG,48,32,4,26474.078125,670.19580078125,25.632823944091797,0.172573983669281,0.1279846578836441,0.012926757335662842
17,0.0,61,identity-CG,48,32,4,27330.779296875,27330.779296875,1.0,0.20223607122898102,0.9745069742202759,0.04105481877923012
17,0.0,61,population-PCG,48,32,4,27330.779296875,1284.8956298828125,17.901166915893555,0.20223607122898102,0.15703734755516052,0.011470654979348183
17,0.0,61,context-PCG,48,32,4,27330.779296875,600.1875,44.1060905456543,0.20223607122898102,0.10295499861240387,0.010407557711005211
17,0.0,61,hybrid-PCG,48,32,4,27330.779296875,657.0526123046875,40.56513214111328,0.20223607122898102,0.12904559075832367,0.011015128344297409
17,0.0,61,angular-Jacobi-PCG,48,32,4,27330.779296875,624.071044921875,42.672401428222656,0.20223607122898102,0.15835702419281006,0.011401769705116749
17,0.0,62,identity-CG,48,32,4,25708.65625,25708.65625,1.0,0.18853668868541718,0.9163174629211426,0.03091687522828579
17,0.0,62,population-PCG,48,32,4,25708.65625,1609.4456787109375,14.150749206542969,0.18853668868541718,0.1529577076435089,0.013427359983325005
17,0.0,62,context-PCG,48,32,4,25708.65625,624.4651489257812,32.20742416381836,0.18853668868541718,0.07925094664096832,0.00792782474309206
17,0.0,62,hybrid-PCG,48,32,4,25708.65625,657.1239624023438,30.55513572692871,0.18853668868541718,0.09726158529520035,0.009473465383052826
17,0.0,62,angular-Jacobi-PCG,48,32,4,25708.65625,607.864013671875,34.718894958496094,0.18853668868541718,0.08849557489156723,0.008971224538981915
17,0.0,63,identity-CG,48,32,4,25728.7734375,25728.7734375,1.0,0.17738832533359528,0.8522665500640869,0.04247843101620674
17,0.0,63,population-PCG,48,32,4,25728.7734375,1532.0953369140625,16.096237182617188,0.17738832533359528,0.11936478316783905,0.009342774748802185
17,0.0,63,context-PCG,48,32,4,25728.7734375,688.9647827148438,31.401737213134766,0.17738832533359528,0.11447358131408691,0.011311661452054977
17,0.0,63,hybrid-PCG,48,32,4,25728.7734375,657.3160400390625,25.614110946655273,0.17738832533359528,0.12683650851249695,0.012236951850354671
17,0.0,63,angular-Jacobi-PCG,48,32,4,25728.7734375,643.4559936523438,27.989028930664062,0.17738832533359528,0.12654323875904083,0.01218964159488678
17,1.0,0,identity-CG,48,32,4,6585.8544921875,6585.8544921875,1.0,0.2688200771808624,0.32607585191726685,0.023173585534095764
17,1.0,0,population-PCG,48,32,4,6585.8544921875,2547.112060546875,2.718801975250244,0.2688200771808624,0.1613902598619461,0.019431406632065773
17,1.0,0,context-PCG,48,32,4,6585.8544921875,754.2369384765625,8.7318115234375,0.2688200771808624,0.08656768500804901,0.009547955356538296
17,1.0,0,hybrid-PCG,48,32,4,6585.8544921875,810.95654296875,8.12109375,0.2688200771808624,0.10196969658136368,0.012103492394089699
17,1.0,0,angular-Jacobi-PCG,48,32,4,6585.8544921875,826.7215576171875,7.966230392456055,0.2688200771808624,0.09504271298646927,0.010323809459805489
17,1.0,1,identity-CG,48,32,4,7138.240234375,7138.240234375,1.0,0.2941843569278717,0.5118961930274963,0.03283160924911499
17,1.0,1,population-PCG,48,32,4,7138.240234375,2447.826416015625,2.8717942237854004,0.2941843569278717,0.166448712348938,0.016778746619820595
17,1.0,1,context-PCG,48,32,4,7138.240234375,786.3206787109375,7.78859281539917,0.2941843569278717,0.0908747985959053,0.008876084350049496
17,1.0,1,hybrid-PCG,48,32,4,7138.240234375,777.051025390625,7.783964157104492,0.2941843569278717,0.10447067022323608,0.010261939838528633
17,1.0,1,angular-Jacobi-PCG,48,32,4,7138.240234375,749.3492431640625,8.075699806213379,0.2941843569278717,0.10227622091770172,0.009353695437312126
17,1.0,2,identity-CG,48,32,4,6808.36962890625,6808.36962890625,1.0,0.28183260560035706,0.41345131397247314,0.03206469118595123
17,1.0,2,population-PCG,48,32,4,6808.36962890625,2327.544921875,2.722339630126953,0.28183260560035706,0.13312649726867676,0.016294922679662704
17,1.0,2,context-PCG,48,32,4,6808.36962890625,699.7715454101562,8.811171531677246,0.28183260560035706,0.07471899688243866,0.009643908590078354
17,1.0,2,hybrid-PCG,48,32,4,6808.36962890625,699.7114868164062,8.35707950592041,0.28183260560035706,0.07977202534675598,0.00959369633346796
17,1.0,2,angular-Jacobi-PCG,48,32,4,6808.36962890625,689.472900390625,8.209574699401855,0.28183260560035706,0.08100840449333191,0.010787850245833397
17,1.0,3,identity-CG,48,32,4,6996.2685546875,6996.2685546875,1.0,0.3015502393245697,0.40738263726234436,0.026592422276735306
17,1.0,3,population-PCG,48,32,4,6996.2685546875,1888.0260009765625,2.834698438644409,0.3015502393245697,0.21470710635185242,0.019556645303964615
17,1.0,3,context-PCG,48,32,4,6996.2685546875,869.9811401367188,9.75162410736084,0.3015502393245697,0.07571988552808762,0.008682956919074059
17,1.0,3,hybrid-PCG,48,32,4,6996.2685546875,823.940185546875,9.678205490112305,0.3015502393245697,0.09532752633094788,0.010111360810697079
17,1.0,3,angular-Jacobi-PCG,48,32,4,6996.2685546875,834.8212280273438,9.717564582824707,0.3015502393245697,0.10235875099897385,0.011121364310383797
17,1.0,4,identity-CG,48,32,4,7565.9599609375,7565.9599609375,1.0,0.2801899313926697,0.40854156017303467,0.020609119907021523
17,1.0,4,population-PCG,48,32,4,7565.9599609375,2538.478271484375,2.4844391345977783,0.2801899313926697,0.18814241886138916,0.0236191488802433
17,1.0,4,context-PCG,48,32,4,7565.9599609375,897.3931884765625,8.42583179473877,0.2801899313926697,0.08486071228981018,0.009302200749516487
17,1.0,4,hybrid-PCG,48,32,4,7565.9599609375,958.302490234375,7.124026298522949,0.2801899313926697,0.1138758659362793,0.011502008885145187
17,1.0,4,angular-Jacobi-PCG,48,32,4,7565.9599609375,943.5987548828125,7.14601993560791,0.2801899313926697,0.11884544044733047,0.011907519772648811
17,1.0,5,identity-CG,48,32,4,7405.2861328125,7405.2861328125,1.0,0.2614155411720276,0.47398096323013306,0.02856505662202835
17,1.0,5,population-PCG,48,32,4,7405.2861328125,2823.81884765625,2.39925217628479,0.2614155411720276,0.18422052264213562,0.017069600522518158
17,1.0,5,context-PCG,48,32,4,7405.2861328125,793.7053833007812,8.535980224609375,0.2614155411720276,0.10932109504938126,0.00949309952557087
17,1.0,5,hybrid-PCG,48,32,4,7405.2861328125,859.4002685546875,7.883467197418213,0.2614155411720276,0.1143045574426651,0.010841988027095795
17,1.0,5,angular-Jacobi-PCG,48,32,4,7405.2861328125,869.3754272460938,7.793012619018555,0.2614155411720276,0.11823360621929169,0.01162482239305973
17,1.0,6,identity-CG,48,32,4,6562.453125,6562.453125,1.0,0.23898237943649292,0.3509366512298584,0.020205950364470482
17,1.0,6,population-PCG,48,32,4,6562.453125,2861.204345703125,1.8937307596206665,0.23898237943649292,0.2004048377275467,0.017232835292816162
17,1.0,6,context-PCG,48,32,4,6562.453125,993.5714721679688,6.5367302894592285,0.23898237943649292,0.10553783923387527,0.010460404679179192
17,1.0,6,hybrid-PCG,48,32,4,6562.453125,1057.830810546875,6.055081844329834,0.23898237943649292,0.12235051393508911,0.01155306026339531
17,1.0,6,angular-Jacobi-PCG,48,32,4,6562.453125,1058.791015625,5.949486255645752,0.23898237943649292,0.12663936614990234,0.012233049608767033
17,1.0,7,identity-CG,48,32,4,7020.8740234375,7020.8740234375,1.0,0.2507362365722656,0.4350215196609497,0.02149018459022045
17,1.0,7,population-PCG,48,32,4,7020.8740234375,2595.284912109375,2.0558276176452637,0.2507362365722656,0.18086552619934082,0.019460316747426987
17,1.0,7,context-PCG,48,32,4,7020.8740234375,872.1529541015625,7.706244468688965,0.2507362365722656,0.08439099788665771,0.010509209707379341
17,1.0,7,hybrid-PCG,48,32,4,7020.8740234375,894.5481567382812,7.442783355712891,0.2507362365722656,0.10311046242713928,0.011723142117261887
17,1.0,7,angular-Jacobi-PCG,48,32,4,7020.8740234375,863.8345336914062,7.340649604797363,0.2507362365722656,0.09867916256189346,0.010989425703883171
17,1.0,8,identity-CG,48,32,4,7271.310546875,7271.310546875,1.0,0.22419358789920807,0.3327402174472809,0.026487406343221664
17,1.0,8,population-PCG,48,32,4,7271.310546875,4089.566162109375,1.4741284847259521,0.22419358789920807,0.22673669457435608,0.018411368131637573
17,1.0,8,context-PCG,48,32,4,7271.310546875,992.6416015625,6.057048797607422,0.22419358789920807,0.1262124925851822,0.010212366469204426
17,1.0,8,hybrid-PCG,48,32,4,7271.310546875,1159.2730712890625,5.42923641204834,0.22419358789920807,0.13786612451076508,0.01262214407324791
17,1.0,8,angular-Jacobi-PCG,48,32,4,7271.310546875,1163.636962890625,5.430764198303223,0.22419358789920807,0.14517104625701904,0.014397071674466133
17,1.0,9,identity-CG,48,32,4,7587.85595703125,7587.85595703125,1.0,0.2738174796104431,0.45315852761268616,0.026913966983556747
17,1.0,9,population-PCG,48,32,4,7587.85595703125,2775.016357421875,1.547066569328308,0.2738174796104431,0.21488986909389496,0.01982194557785988
17,1.0,9,context-PCG,48,32,4,7587.85595703125,976.7228393554688,7.716937065124512,0.2738174796104431,0.11642439663410187,0.010683486238121986
17,1.0,9,hybrid-PCG,48,32,4,7587.85595703125,1070.569580078125,7.01585054397583,0.2738174796104431,0.17710091173648834,0.013778120279312134
17,1.0,9,angular-Jacobi-PCG,48,32,4,7587.85595703125,1066.18359375,7.044328689575195,0.2738174796104431,0.16625761985778809,0.012716112658381462
17,1.0,10,identity-CG,48,32,4,7834.08203125,7834.08203125,1.0,0.30305907130241394,0.46630018949508667,0.028236763551831245
17,1.0,10,population-PCG,48,32,4,7834.08203125,5440.6884765625,0.8529590964317322,0.30305907130241394,0.23828589916229248,0.018579332157969475
17,1.0,10,context-PCG,48,32,4,7834.08203125,1211.3155517578125,5.840660572052002,0.30305907130241394,0.17274209856987,0.011353423818945885
17,1.0,10,hybrid-PCG,48,32,4,7834.08203125,1339.946533203125,4.988526821136475,0.30305907130241394,0.17883652448654175,0.013213776051998138
17,1.0,10,angular-Jacobi-PCG,48,32,4,7834.08203125,1376.8673095703125,4.7563323974609375,0.30305907130241394,0.19070501625537872,0.012728984467685223
17,1.0,11,identity-CG,48,32,4,7141.927734375,7141.927734375,1.0,0.288760781288147,0.40414732694625854,0.021060248836874962
17,1.0,11,population-PCG,48,32,4,7141.927734375,2638.374267578125,2.0856850147247314,0.288760781288147,0.21715611219406128,0.019952842965722084
17,1.0,11,context-PCG,48,32,4,7141.927734375,933.7354125976562,7.059717178344727,0.288760781288147,0.10262627899646759,0.009514227509498596
17,1.0,11,hybrid-PCG,48,32,4,7141.927734375,1029.0001220703125,6.301753044128418,0.288760781288147,0.11980511993169785,0.010936934500932693
17,1.0,11,angular-Jacobi-PCG,48,32,4,7141.927734375,1051.95849609375,6.079020023345947,0.288760781288147,0.13237255811691284,0.011188996955752373
17,1.0,12,identity-CG,48,32,4,7325.73876953125,7325.73876953125,1.0,0.28333574533462524,0.4309631884098053,0.027881840243935585
17,1.0,12,population-PCG,48,32,4,7325.73876953125,2051.655517578125,2.377454996109009,0.28333574533462524,0.20835061371326447,0.017891405150294304
17,1.0,12,context-PCG,48,32,4,7325.73876953125,766.9154663085938,9.450533866882324,0.28333574533462524,0.10440090298652649,0.009242814034223557
17,1.0,12,hybrid-PCG,48,32,4,7325.73876953125,780.2830810546875,9.05413818359375,0.28333574533462524,0.11297345906496048,0.010670296847820282
17,1.0,12,angular-Jacobi-PCG,48,32,4,7325.73876953125,776.1822509765625,8.98869800567627,0.28333574533462524,0.11795235425233841,0.011831237934529781
17,1.0,13,identity-CG,48,32,4,7422.8115234375,7422.8115234375,1.0,0.2646273672580719,0.4761013090610504,0.029729893431067467
17,1.0,13,population-PCG,48,32,4,7422.8115234375,2550.11376953125,2.5105249881744385,0.2646273672580719,0.16227269172668457,0.021020378917455673
17,1.0,13,context-PCG,48,32,4,7422.8115234375,744.9375,7.474269390106201,0.2646273672580719,0.08789810538291931,0.00885723065584898
17,1.0,13,hybrid-PCG,48,32,4,7422.8115234375,659.9603271484375,6.386616230010986,0.2646273672580719,0.11040082573890686,0.010723069310188293
17,1.0,13,angular-Jacobi-PCG,48,32,4,7422.8115234375,677.1748046875,6.464008808135986,0.2646273672580719,0.11565843969583511,0.011008698493242264
17,1.0,14,identity-CG,48,32,4,6884.88818359375,6884.88818359375,1.0,0.27985072135925293,0.40420010685920715,0.029528789222240448
17,1.0,14,population-PCG,48,32,4,6884.88818359375,2198.640380859375,3.0539796352386475,0.27985072135925293,0.15674947202205658,0.01823202520608902
17,1.0,14,context-PCG,48,32,4,6884.88818359375,709.4695434570312,8.713635444641113,0.27985072135925293,0.07316945493221283,0.007608955260366201
17,1.0,14,hybrid-PCG,48,32,4,6884.88818359375,727.4801025390625,8.646190643310547,0.27985072135925293,0.08728592097759247,0.010185549966990948
17,1.0,14,angular-Jacobi-PCG,48,32,4,6884.88818359375,736.5319213867188,8.916241645812988,0.27985072135925293,0.09246203303337097,0.009786196053028107
17,1.0,15,identity-CG,48,32,4,7525.20947265625,7525.20947265625,1.0,0.25162428617477417,0.3782930374145508,0.026832394301891327
17,1.0,15,population-PCG,48,32,4,7525.20947265625,2454.8515625,2.69035005569458,0.25162428617477417,0.19486868381500244,0.018986377865076065
17,1.0,15,context-PCG,48,32,4,7525.20947265625,791.7027587890625,9.094708442687988,0.25162428617477417,0.10978484898805618,0.010400049388408661
17,1.0,15,hybrid-PCG,48,32,4,7525.20947265625,847.5449829101562,8.416755676269531,0.25162428617477417,0.11097979545593262,0.011941219680011272
17,1.0,15,angular-Jacobi-PCG,48,32,4,7525.20947265625,852.8822021484375,8.618582725524902,0.25162428617477417,0.10971709340810776,0.011831685900688171
17,1.0,16,identity-CG,48,32,4,7093.04248046875,7093.04248046875,1.0,0.25661468505859375,0.3609512150287628,0.027800055220723152
17,1.0,16,population-PCG,48,32,4,7093.04248046875,2738.777587890625,2.0331692695617676,0.25661468505859375,0.18809375166893005,0.019471406936645508
17,1.0,16,context-PCG,48,32,4,7093.04248046875,937.401123046875,7.1683349609375,0.25661468505859375,0.10020551085472107,0.010992891155183315
17,1.0,16,hybrid-PCG,48,32,4,7093.04248046875,1016.5379028320312,6.381649017333984,0.25661468505859375,0.12578743696212769,0.012272244319319725
17,1.0,16,angular-Jacobi-PCG,48,32,4,7093.04248046875,1004.0136108398438,6.338420391082764,0.25661468505859375,0.12945029139518738,0.011791538447141647
17,1.0,17,identity-CG,48,32,4,7262.77734375,7262.77734375,1.0,0.2578803598880768,0.493476003408432,0.02709205076098442
17,1.0,17,population-PCG,48,32,4,7262.77734375,2829.845703125,1.5048582553863525,0.2578803598880768,0.24043643474578857,0.021992038935422897
17,1.0,17,context-PCG,48,32,4,7262.77734375,984.2332763671875,6.588023662567139,0.2578803598880768,0.128697469830513,0.01103261299431324
17,1.0,17,hybrid-PCG,48,32,4,7262.77734375,1139.8941650390625,5.543741703033447,0.2578803598880768,0.1570865511894226,0.012766934931278229
17,1.0,17,angular-Jacobi-PCG,48,32,4,7262.77734375,1140.13623046875,5.455772876739502,0.2578803598880768,0.1724652200937271,0.014420694671571255
17,1.0,18,identity-CG,48,32,4,7025.4384765625,7025.4384765625,1.0,0.29181456565856934,0.40343523025512695,0.024805590510368347
17,1.0,18,population-PCG,48,32,4,7025.4384765625,1901.61328125,3.163973093032837,0.29181456565856934,0.1882093846797943,0.01806596666574478
17,1.0,18,context-PCG,48,32,4,7025.4384765625,779.6099243164062,7.034032344818115,0.29181456565856934,0.08034427464008331,0.009520595893263817
17,1.0,18,hybrid-PCG,48,32,4,7025.4384765625,771.2279052734375,6.865425109863281,0.29181456565856934,0.10043083131313324,0.009177036583423615
17,1.0,18,angular-Jacobi-PCG,48,32,4,7025.4384765625,773.5029907226562,6.808364391326904,0.29181456565856934,0.10682918131351471,0.010332695208489895
17,1.0,19,identity-CG,48,32,4,7538.17626953125,7538.17626953125,1.0,0.25134578347206116,0.46982038021087646,0.03238767758011818
17,1.0,19,population-PCG,48,32,4,7538.17626953125,3865.3134765625,1.3506107330322266,0.25134578347206116,0.2449558675289154,0.01833345741033554
17,1.0,19,context-PCG,48,32,4,7538.17626953125,1227.38427734375,6.178386688232422,0.25134578347206116,0.16569122672080994,0.012981335632503033
17,1.0,19,hybrid-PCG,48,32,4,7538.17626953125,1323.4810791015625,5.506104946136475,0.25134578347206116,0.18410228192806244,0.01415996067225933
17,1.0,19,angular-Jacobi-PCG,48,32,4,7538.17626953125,1342.9322509765625,5.381834983825684,0.25134578347206116,0.17217455804347992,0.01335245929658413
17,1.0,20,identity-CG,48,32,4,7653.36083984375,7653.36083984375,1.0,0.31424301862716675,0.473735511302948,0.029890647158026695
17,1.0,20,population-PCG,48,32,4,7653.36083984375,1975.4940185546875,2.5405004024505615,0.31424301862716675,0.16067953407764435,0.01454259268939495
17,1.0,20,context-PCG,48,32,4,7653.36083984375,650.8506469726562,7.77410364151001,0.31424301862716675,0.10463319718837738,0.009357649832963943
17,1.0,20,hybrid-PCG,48,32,4,7653.36083984375,695.0197143554688,7.451614856719971,0.31424301862716675,0.11026601493358612,0.0099705271422863
17,1.0,20,angular-Jacobi-PCG,48,32,4,7653.36083984375,672.3967895507812,7.514622688293457,0.31424301862716675,0.1172264963388443,0.01036834716796875
17,1.0,21,identity-CG,48,32,4,6624.0869140625,6624.0869140625,1.0,0.2742903232574463,0.40116435289382935,0.019035369157791138
17,1.0,21,population-PCG,48,32,4,6624.0869140625,2118.605712890625,3.057910919189453,0.2742903232574463,0.17999675869941711,0.02005080319941044
17,1.0,21,context-PCG,48,32,4,6624.0869140625,807.4640502929688,8.203568458557129,0.2742903232574463,0.12789683043956757,0.010004555806517601
17,1.0,21,hybrid-PCG,48,32,4,6624.0869140625,801.0853881835938,8.268890380859375,0.2742903232574463,0.13475587964057922,0.0121920770034194
17,1.0,21,angular-Jacobi-PCG,48,32,4,6624.0869140625,795.0136108398438,8.33204174041748,0.2742903232574463,0.13183888792991638,0.012979768216609955
17,1.0,22,identity-CG,48,32,4,6755.52734375,6755.52734375,1.0,0.2474859356880188,0.40061473846435547,0.021238630637526512
17,1.0,22,population-PCG,48,32,4,6755.52734375,2401.58056640625,2.492976427078247,0.2474859356880188,0.17841726541519165,0.016746684908866882
17,1.0,22,context-PCG,48,32,4,6755.52734375,720.9828491210938,8.181994438171387,0.2474859356880188,0.11001880466938019,0.010254575870931149
17,1.0,22,hybrid-PCG,48,32,4,6755.52734375,755.0028686523438,7.676177024841309,0.2474859356880188,0.12057732790708542,0.011729109100997448
17,1.0,22,angular-Jacobi-PCG,48,32,4,6755.52734375,772.6558227539062,7.53489351272583,0.2474859356880188,0.13063278794288635,0.012135657481849194
17,1.0,23,identity-CG,48,32,4,6632.57568359375,6632.57568359375,1.0,0.27965664863586426,0.36570048332214355,0.024819208309054375
17,1.0,23,population-PCG,48,32,4,6632.57568359375,3481.271484375,1.8909416198730469,0.27965664863586426,0.24351510405540466,0.019257741048932076
17,1.0,23,context-PCG,48,32,4,6632.57568359375,835.0850830078125,7.893382549285889,0.27965664863586426,0.09487086534500122,0.010098383761942387
17,1.0,23,hybrid-PCG,48,32,4,6632.57568359375,906.0975341796875,7.3199357986450195,0.27965664863586426,0.10814790427684784,0.010397959500551224
17,1.0,23,angular-Jacobi-PCG,48,32,4,6632.57568359375,909.432373046875,7.293093681335449,0.27965664863586426,0.12509037554264069,0.01178563479334116
17,1.0,24,identity-CG,48,32,4,6666.068359375,6666.068359375,1.0,0.29718583822250366,0.4012194275856018,0.02051946148276329
17,1.0,24,population-PCG,48,32,4,6666.068359375,2181.39013671875,2.8188772201538086,0.29718583822250366,0.15036353468894958,0.01489311270415783
17,1.0,24,context-PCG,48,32,4,6666.068359375,828.206298828125,8.189129829406738,0.29718583822250366,0.08551698923110962,0.009438315406441689
17,1.0,24,hybrid-PCG,48,32,4,6666.068359375,931.1798706054688,7.2462263107299805,0.29718583822250366,0.11134254187345505,0.011425670236349106
17,1.0,24,angular-Jacobi-PCG,48,32,4,6666.068359375,942.1882934570312,7.190872669219971,0.29718583822250366,0.11869125068187714,0.011666368693113327
17,1.0,25,identity-CG,48,32,4,7111.2412109375,7111.2412109375,1.0,0.24468974769115448,0.46605798602104187,0.03130311518907547
17,1.0,25,population-PCG,48,32,4,7111.2412109375,3258.12353515625,1.7840964794158936,0.24468974769115448,0.20455077290534973,0.019806623458862305
17,1.0,25,context-PCG,48,32,4,7111.2412109375,894.8471069335938,7.482320308685303,0.24468974769115448,0.10393466055393219,0.010217146947979927
17,1.0,25,hybrid-PCG,48,32,4,7111.2412109375,1038.326416015625,6.661764144897461,0.24468974769115448,0.10559317469596863,0.011952709406614304
17,1.0,25,angular-Jacobi-PCG,48,32,4,7111.2412109375,1049.659912109375,6.552374362945557,0.24468974769115448,0.1190415471792221,0.012580826878547668
17,1.0,26,identity-CG,48,32,4,7283.55224609375,7283.55224609375,1.0,0.27053511142730713,0.3910585939884186,0.028477752581238747
17,1.0,26,population-PCG,48,32,4,7283.55224609375,4163.4345703125,1.597809910774231,0.27053511142730713,0.2171759307384491,0.019715335220098495
17,1.0,26,context-PCG,48,32,4,7283.55224609375,924.3519287109375,7.297129154205322,0.27053511142730713,0.1073908731341362,0.010683858767151833
17,1.0,26,hybrid-PCG,48,32,4,7283.55224609375,1035.2874755859375,6.441863536834717,0.27053511142730713,0.13270458579063416,0.012160832062363625
17,1.0,26,angular-Jacobi-PCG,48,32,4,7283.55224609375,1088.55029296875,6.339756488800049,0.27053511142730713,0.13467246294021606,0.013651736080646515
17,1.0,27,identity-CG,48,32,4,6349.705078125,6349.705078125,1.0,0.25274837017059326,0.2770881950855255,0.021540792658925056
17,1.0,27,population-PCG,48,32,4,6349.705078125,2710.71337890625,2.3424479961395264,0.25274837017059326,0.1569904088973999,0.01742490567266941
17,1.0,27,context-PCG,48,32,4,6349.705078125,720.779052734375,6.9646430015563965,0.25274837017059326,0.0941719263792038,0.010656915605068207
17,1.0,27,hybrid-PCG,48,32,4,6349.705078125,815.99560546875,6.105137825012207,0.25274837017059326,0.12021841108798981,0.011170981451869011
17,1.0,27,angular-Jacobi-PCG,48,32,4,6349.705078125,818.3096313476562,5.980132579803467,0.25274837017059326,0.12045270949602127,0.011440029367804527
17,1.0,28,identity-CG,48,32,4,7648.478515625,7648.478515625,1.0,0.2753306031227112,0.5264143347740173,0.02903776243329048
17,1.0,28,population-PCG,48,32,4,7648.478515625,2103.353515625,3.472750425338745,0.2753306031227112,0.1468828320503235,0.01826096512377262
17,1.0,28,context-PCG,48,32,4,7648.478515625,772.56884765625,9.034077644348145,0.2753306031227112,0.08600816130638123,0.008103448897600174
17,1.0,28,hybrid-PCG,48,32,4,7648.478515625,775.8617553710938,8.778939247131348,0.2753306031227112,0.09561310708522797,0.00983995571732521
17,1.0,28,angular-Jacobi-PCG,48,32,4,7648.478515625,765.1047973632812,8.902366638183594,0.2753306031227112,0.08691784739494324,0.008897161111235619
17,1.0,29,identity-CG,48,32,4,6710.20947265625,6710.20947265625,1.0,0.25474119186401367,0.30202537775039673,0.023935308679938316
17,1.0,29,population-PCG,48,32,4,6710.20947265625,2295.93798828125,2.179433822631836,0.25474119186401367,0.15517596900463104,0.016737716272473335
17,1.0,29,context-PCG,48,32,4,6710.20947265625,765.4408569335938,7.536640644073486,0.25474119186401367,0.10183292627334595,0.011431019753217697
17,1.0,29,hybrid-PCG,48,32,4,6710.20947265625,773.6883544921875,7.202197551727295,0.25474119186401367,0.09884615987539291,0.012073476798832417
17,1.0,29,angular-Jacobi-PCG,48,32,4,6710.20947265625,791.6105346679688,7.377247333526611,0.25474119186401367,0.11218643188476562,0.012665708549320698
17,1.0,30,identity-CG,48,32,4,7987.7939453125,7987.7939453125,1.0,0.2790997624397278,0.47726547718048096,0.029392940923571587
17,1.0,30,population-PCG,48,32,4,7987.7939453125,2215.72119140625,3.4772908687591553,0.2790997624397278,0.1785106658935547,0.017335310578346252
17,1.0,30,context-PCG,48,32,4,7987.7939453125,763.7410278320312,10.32603645324707,0.2790997624397278,0.07107927650213242,0.0072685424238443375
17,1.0,30,hybrid-PCG,48,32,4,7987.7939453125,732.1448364257812,10.910127639770508,0.2790997624397278,0.08086664974689484,0.009461754932999611
17,1.0,30,angular-Jacobi-PCG,48,32,4,7987.7939453125,698.3482055664062,10.842557907104492,0.2790997624397278,0.08075771480798721,0.00939487386494875
17,1.0,31,identity-CG,48,32,4,6674.544921875,6674.544921875,1.0,0.2425585389137268,0.320803701877594,0.02061760239303112
17,1.0,31,population-PCG,48,32,4,6674.544921875,3036.90625,1.8460181951522827,0.2425585389137268,0.16974614560604095,0.017332375049591064
17,1.0,31,context-PCG,48,32,4,6674.544921875,749.0675659179688,8.098669052124023,0.2425585389137268,0.09156033396720886,0.009823726490139961
17,1.0,31,hybrid-PCG,48,32,4,6674.544921875,798.21044921875,8.007540702819824,0.2425585389137268,0.09682103991508484,0.009988376870751381
17,1.0,31,angular-Jacobi-PCG,48,32,4,6674.544921875,824.0447998046875,7.933670520782471,0.2425585389137268,0.1002735123038292,0.01031426340341568
17,1.0,32,identity-CG,48,32,4,6944.59619140625,6944.59619140625,1.0,0.2568666338920593,0.33231350779533386,0.024472879245877266
17,1.0,32,population-PCG,48,32,4,6944.59619140625,2969.85400390625,2.5933127403259277,0.2568666338920593,0.16302891075611115,0.01770579069852829
17,1.0,32,context-PCG,48,32,4,6944.59619140625,796.262939453125,8.962557792663574,0.2568666338920593,0.07421445101499557,0.00858018547296524
17,1.0,32,hybrid-PCG,48,32,4,6944.59619140625,806.8064575195312,9.170793533325195,0.2568666338920593,0.08910037577152252,0.010138647630810738
17,1.0,32,angular-Jacobi-PCG,48,32,4,6944.59619140625,801.2272338867188,9.03641414642334,0.2568666338920593,0.09468959271907806,0.010809007100760937
17,1.0,33,identity-CG,48,32,4,6934.93505859375,6934.93505859375,1.0,0.27603983879089355,0.4493579864501953,0.02366384118795395
17,1.0,33,population-PCG,48,32,4,6934.93505859375,2616.693359375,2.5521302223205566,0.27603983879089355,0.16981478035449982,0.01805693656206131
17,1.0,33,context-PCG,48,32,4,6934.93505859375,848.7673950195312,8.00540828704834,0.27603983879089355,0.08794781565666199,0.010483777150511742
17,1.0,33,hybrid-PCG,48,32,4,6934.93505859375,945.7786254882812,7.22102689743042,0.27603983879089355,0.10130982100963593,0.01117311604321003
17,1.0,33,angular-Jacobi-PCG,48,32,4,6934.93505859375,963.7549438476562,7.27597188949585,0.27603983879089355,0.1124725490808487,0.012222329154610634
17,1.0,34,identity-CG,48,32,4,6441.0048828125,6441.0048828125,1.0,0.24020496010780334,0.384391725063324,0.021066073328256607
17,1.0,34,population-PCG,48,32,4,6441.0048828125,3179.05126953125,1.7210551500320435,0.24020496010780334,0.24140505492687225,0.020718108862638474
17,1.0,34,context-PCG,48,32,4,6441.0048828125,1009.6472778320312,5.946114540100098,0.24020496010780334,0.14025169610977173,0.012000072747468948
17,1.0,34,hybrid-PCG,48,32,4,6441.0048828125,1201.7764892578125,5.090556621551514,0.24020496010780334,0.15214334428310394,0.012950568459928036
17,1.0,34,angular-Jacobi-PCG,48,32,4,6441.0048828125,1254.9481201171875,5.1490092277526855,0.24020496010780334,0.15073275566101074,0.012906362302601337
17,1.0,35,identity-CG,48,32,4,6885.35205078125,6885.35205078125,1.0,0.2685322165489197,0.41121822595596313,0.022689206525683403
17,1.0,35,population-PCG,48,32,4,6885.35205078125,2682.950439453125,1.859417200088501,0.2685322165489197,0.17414236068725586,0.019139517098665237
17,1.0,35,context-PCG,48,32,4,6885.35205078125,716.424072265625,7.9804768562316895,0.2685322165489197,0.0846659317612648,0.008591475896537304
17,1.0,35,hybrid-PCG,48,32,4,6885.35205078125,695.5675048828125,8.28409194946289,0.2685322165489197,0.0695313960313797,0.008148150518536568
17,1.0,35,angular-Jacobi-PCG,48,32,4,6885.35205078125,692.8402709960938,8.269598960876465,0.2685322165489197,0.08872220665216446,0.008889839053153992
17,1.0,36,identity-CG,48,32,4,7283.6728515625,7283.6728515625,1.0,0.2342890202999115,0.5012778043746948,0.03450990468263626
17,1.0,36,population-PCG,48,32,4,7283.6728515625,4632.9482421875,1.2396469116210938,0.2342890202999115,0.28522002696990967,0.024025224149227142
17,1.0,36,context-PCG,48,32,4,7283.6728515625,940.4612426757812,7.164181709289551,0.2342890202999115,0.12737888097763062,0.010965658351778984
17,1.0,36,hybrid-PCG,48,32,4,7283.6728515625,1044.356201171875,6.558172702789307,0.2342890202999115,0.13952979445457458,0.011938593350350857
17,1.0,36,angular-Jacobi-PCG,48,32,4,7283.6728515625,1023.2855834960938,6.31496000289917,0.2342890202999115,0.16985081136226654,0.013676821254193783
17,1.0,37,identity-CG,48,32,4,6030.9326171875,6030.9326171875,1.0,0.24069148302078247,0.3054713010787964,0.01724362000823021
17,1.0,37,population-PCG,48,32,4,6030.9326171875,2767.90380859375,1.8029654026031494,0.24069148302078247,0.23224590718746185,0.025771580636501312
17,1.0,37,context-PCG,48,32,4,6030.9326171875,748.19140625,7.270462512969971,0.24069148302078247,0.10258407890796661,0.010581173934042454
17,1.0,37,hybrid-PCG,48,32,4,6030.9326171875,790.1692504882812,7.026674270629883,0.24069148302078247,0.10725492238998413,0.012369144707918167
17,1.0,37,angular-Jacobi-PCG,48,32,4,6030.9326171875,797.5765380859375,7.070267677307129,0.24069148302078247,0.11199238896369934,0.011412940919399261
17,1.0,38,identity-CG,48,32,4,6757.646484375,6757.646484375,1.0,0.25262466073036194,0.43893706798553467,0.022480443120002747
17,1.0,38,population-PCG,48,32,4,6757.646484375,2201.834716796875,2.4448957443237305,0.25262466073036194,0.16075170040130615,0.019393697381019592
17,1.0,38,context-PCG,48,32,4,6757.646484375,825.0463256835938,7.904379367828369,0.25262466073036194,0.0813339352607727,0.009176870808005333
17,1.0,38,hybrid-PCG,48,32,4,6757.646484375,806.719970703125,8.333773612976074,0.25262466073036194,0.09797458350658417,0.011551350355148315
17,1.0,38,angular-Jacobi-PCG,48,32,4,6757.646484375,818.2725830078125,8.174217224121094,0.25262466073036194,0.10034015774726868,0.011835441924631596
17,1.0,39,identity-CG,48,32,4,7086.51708984375,7086.51708984375,1.0,0.26763641834259033,0.3675726056098938,0.023176074028015137
17,1.0,39,population-PCG,48,32,4,7086.51708984375,2362.43408203125,2.6435389518737793,0.26763641834259033,0.16593524813652039,0.018319353461265564
17,1.0,39,context-PCG,48,32,4,7086.51708984375,672.9203491210938,8.66592025756836,0.26763641834259033,0.06801142543554306,0.0074981022626161575
17,1.0,39,hybrid-PCG,48,32,4,7086.51708984375,635.265869140625,8.648714065551758,0.26763641834259033,0.07863476127386093,0.008279252797365189
17,1.0,39,angular-Jacobi-PCG,48,32,4,7086.51708984375,632.14404296875,8.686028480529785,0.26763641834259033,0.09663544595241547,0.010405255481600761
17,1.0,40,identity-CG,48,32,4,6773.0830078125,6773.0830078125,1.0,0.23778846859931946,0.44990989565849304,0.025766128674149513
17,1.0,40,population-PCG,48,32,4,6773.0830078125,3035.366455078125,1.9274137020111084,0.23778846859931946,0.18566608428955078,0.018537813797593117
17,1.0,40,context-PCG,48,32,4,6773.0830078125,856.134765625,7.870214939117432,0.23778846859931946,0.08306848257780075,0.009178245440125465
17,1.0,40,hybrid-PCG,48,32,4,6773.0830078125,837.3614501953125,7.288254737854004,0.23778846859931946,0.10259224474430084,0.009548642672598362
17,1.0,40,angular-Jacobi-PCG,48,32,4,6773.0830078125,839.0438842773438,6.9972004890441895,0.23778846859931946,0.11339303851127625,0.010565591976046562
17,1.0,41,identity-CG,48,32,4,7678.076171875,7678.076171875,1.0,0.30304405093193054,0.4618740677833557,0.026093512773513794
17,1.0,41,population-PCG,48,32,4,7678.076171875,2488.8876953125,2.2087934017181396,0.30304405093193054,0.17175832390785217,0.01618165895342827
17,1.0,41,context-PCG,48,32,4,7678.076171875,893.4225463867188,8.290935516357422,0.30304405093193054,0.1079038679599762,0.00833788514137268
17,1.0,41,hybrid-PCG,48,32,4,7678.076171875,961.6401977539062,7.702785968780518,0.30304405093193054,0.11099562048912048,0.011228438466787338
17,1.0,41,angular-Jacobi-PCG,48,32,4,7678.076171875,966.6669311523438,7.662730693817139,0.30304405093193054,0.12156156450510025,0.010986764915287495
17,1.0,42,identity-CG,48,32,4,6672.0244140625,6672.0244140625,1.0,0.2508947551250458,0.49906718730926514,0.022491827607154846
17,1.0,42,population-PCG,48,32,4,6672.0244140625,3273.088623046875,2.040999412536621,0.2508947551250458,0.18894046545028687,0.018699968233704567
17,1.0,42,context-PCG,48,32,4,6672.0244140625,758.85107421875,6.4110870361328125,0.2508947551250458,0.08839718997478485,0.008902831934392452
17,1.0,42,hybrid-PCG,48,32,4,6672.0244140625,707.3509521484375,6.500117778778076,0.2508947551250458,0.11300347745418549,0.011002994142472744
17,1.0,42,angular-Jacobi-PCG,48,32,4,6672.0244140625,731.9948120117188,6.331862926483154,0.2508947551250458,0.12369375675916672,0.0118294982239604
17,1.0,43,identity-CG,48,32,4,7020.2080078125,7020.2080078125,1.0,0.242043137550354,0.39774516224861145,0.021451052278280258
17,1.0,43,population-PCG,48,32,4,7020.2080078125,2219.97900390625,2.4346141815185547,0.242043137550354,0.1899300068616867,0.021095871925354004
17,1.0,43,context-PCG,48,32,4,7020.2080078125,756.725830078125,6.878261089324951,0.242043137550354,0.10955704003572464,0.011190855875611305
17,1.0,43,hybrid-PCG,48,32,4,7020.2080078125,776.961181640625,6.069955348968506,0.242043137550354,0.10448367893695831,0.00982577633112669
17,1.0,43,angular-Jacobi-PCG,48,32,4,7020.2080078125,799.5850219726562,5.947920799255371,0.242043137550354,0.1155865490436554,0.009869543835520744
17,1.0,44,identity-CG,48,32,4,6728.759765625,6728.759765625,1.0,0.2833961546421051,0.4119274616241455,0.02644774131476879
17,1.0,44,population-PCG,48,32,4,6728.759765625,2186.77587890625,2.4457333087921143,0.2833961546421051,0.17942725121974945,0.015700848773121834
17,1.0,44,context-PCG,48,32,4,6728.759765625,1007.6640014648438,7.613193035125732,0.2833961546421051,0.12142574787139893,0.010114832781255245
17,1.0,44,hybrid-PCG,48,32,4,6728.759765625,1006.9075927734375,6.434502124786377,0.2833961546421051,0.13430306315422058,0.010226177051663399
17,1.0,44,angular-Jacobi-PCG,48,32,4,6728.759765625,975.2236938476562,6.046608924865723,0.2833961546421051,0.13991527259349823,0.009633330628275871
17,1.0,45,identity-CG,48,32,4,7357.7470703125,7357.7470703125,1.0,0.2812395691871643,0.3354964256286621,0.024364132434129715
17,1.0,45,population-PCG,48,32,4,7357.7470703125,2258.5107421875,1.728468418121338,0.2812395691871643,0.17512556910514832,0.01638500764966011
17,1.0,45,context-PCG,48,32,4,7357.7470703125,953.1607055664062,7.597591876983643,0.2812395691871643,0.10484239459037781,0.009518977254629135
17,1.0,45,hybrid-PCG,48,32,4,7357.7470703125,948.8080444335938,6.706319808959961,0.2812395691871643,0.12174968421459198,0.010234883986413479
17,1.0,45,angular-Jacobi-PCG,48,32,4,7357.7470703125,947.1730346679688,6.660839557647705,0.2812395691871643,0.13411308825016022,0.011542627587914467
17,1.0,46,identity-CG,48,32,4,7405.720703125,7405.720703125,1.0,0.266281396150589,0.3991206884384155,0.019251488149166107
17,1.0,46,population-PCG,48,32,4,7405.720703125,3312.5673828125,2.0025320053100586,0.266281396150589,0.21357473731040955,0.02031984180212021
17,1.0,46,context-PCG,48,32,4,7405.720703125,1070.89697265625,6.9154372215271,0.266281396150589,0.10605403780937195,0.010759616270661354
17,1.0,46,hybrid-PCG,48,32,4,7405.720703125,1170.399169921875,6.3905229568481445,0.266281396150589,0.1185314878821373,0.013582621701061726
17,1.0,46,angular-Jacobi-PCG,48,32,4,7405.720703125,1175.4713134765625,6.23168420791626,0.266281396150589,0.13712602853775024,0.01279133465141058
17,1.0,47,identity-CG,48,32,4,6948.765625,6948.765625,1.0,0.26735031604766846,0.4945727288722992,0.026211556047201157
17,1.0,47,population-PCG,48,32,4,6948.765625,1794.444580078125,3.2906250953674316,0.26735031604766846,0.14382562041282654,0.016435429453849792
17,1.0,47,context-PCG,48,32,4,6948.765625,691.8712158203125,7.909558296203613,0.26735031604766846,0.08438724279403687,0.008935111574828625
17,1.0,47,hybrid-PCG,48,32,4,6948.765625,643.6285400390625,7.506093978881836,0.26735031604766846,0.07576816529035568,0.009953657165169716
17,1.0,47,angular-Jacobi-PCG,48,32,4,6948.765625,645.8862915039062,7.795102119445801,0.26735031604766846,0.07810688018798828,0.009455110877752304
17,1.0,48,identity-CG,48,32,4,7002.4638671875,7002.4638671875,1.0,0.2642783224582672,0.4451029896736145,0.022808879613876343
17,1.0,48,population-PCG,48,32,4,7002.4638671875,2699.27392578125,2.210202217102051,0.2642783224582672,0.15905743837356567,0.0159690473228693
17,1.0,48,context-PCG,48,32,4,7002.4638671875,762.0193481445312,9.098052978515625,0.2642783224582672,0.08111128211021423,0.008468392305076122
17,1.0,48,hybrid-PCG,48,32,4,7002.4638671875,797.8910522460938,8.689022064208984,0.2642783224582672,0.08822011202573776,0.009766673669219017
17,1.0,48,angular-Jacobi-PCG,48,32,4,7002.4638671875,819.220947265625,8.462787628173828,0.2642783224582672,0.08739545941352844,0.009672919288277626
17,1.0,49,identity-CG,48,32,4,6392.49658203125,6392.49658203125,1.0,0.2765548825263977,0.409207820892334,0.02086612582206726
17,1.0,49,population-PCG,48,32,4,6392.49658203125,2729.689453125,2.0814454555511475,0.2765548825263977,0.20137754082679749,0.017439156770706177
17,1.0,49,context-PCG,48,32,4,6392.49658203125,890.122802734375,7.426681041717529,0.2765548825263977,0.10588443279266357,0.010497971437871456
17,1.0,49,hybrid-PCG,48,32,4,6392.49658203125,1039.09619140625,6.2232985496521,0.2765548825263977,0.11875257641077042,0.010839313268661499
17,1.0,49,angular-Jacobi-PCG,48,32,4,6392.49658203125,1045.43408203125,6.3974480628967285,0.2765548825263977,0.12842638790607452,0.010922066867351532
17,1.0,50,identity-CG,48,32,4,6642.9150390625,6642.9150390625,1.0,0.25298798084259033,0.4813989996910095,0.028315074741840363
17,1.0,50,population-PCG,48,32,4,6642.9150390625,2767.23486328125,2.1315863132476807,0.25298798084259033,0.19781267642974854,0.020076829940080643
17,1.0,50,context-PCG,48,32,4,6642.9150390625,914.4737548828125,7.240837097167969,0.25298798084259033,0.10345369577407837,0.010187799111008644
17,1.0,50,hybrid-PCG,48,32,4,6642.9150390625,990.2992553710938,6.6864190101623535,0.25298798084259033,0.11653207987546921,0.010252345353364944
17,1.0,50,angular-Jacobi-PCG,48,32,4,6642.9150390625,1027.3177490234375,6.445479869842529,0.25298798084259033,0.12971895933151245,0.011104041710495949
17,1.0,51,identity-CG,48,32,4,6510.7978515625,6510.7978515625,1.0,0.23220409452915192,0.3555373549461365,0.022341018542647362
17,1.0,51,population-PCG,48,32,4,6510.7978515625,2945.69921875,1.99412202835083,0.23220409452915192,0.2010096311569214,0.023487769067287445
17,1.0,51,context-PCG,48,32,4,6510.7978515625,816.9718017578125,7.024489879608154,0.23220409452915192,0.10325436294078827,0.010470803827047348
17,1.0,51,hybrid-PCG,48,32,4,6510.7978515625,869.4073486328125,6.2627458572387695,0.23220409452915192,0.11083824187517166,0.012364588677883148
17,1.0,51,angular-Jacobi-PCG,48,32,4,6510.7978515625,894.1192626953125,6.027161598205566,0.23220409452915192,0.10236592590808868,0.010538597591221333
17,1.0,52,identity-CG,48,32,4,6696.013671875,6696.013671875,1.0,0.2750948965549469,0.40842270851135254,0.02450462430715561
17,1.0,52,population-PCG,48,32,4,6696.013671875,1862.406005859375,2.838888645172119,0.2750948965549469,0.15708816051483154,0.01999526470899582
17,1.0,52,context-PCG,48,32,4,6696.013671875,573.3076171875,11.679617881774902,0.2750948965549469,0.06914560496807098,0.007007477805018425
17,1.0,52,hybrid-PCG,48,32,4,6696.013671875,570.8767700195312,11.877100944519043,0.2750948965549469,0.08202968537807465,0.00936327688395977
17,1.0,52,angular-Jacobi-PCG,48,32,4,6696.013671875,580.2626953125,11.539624214172363,0.2750948965549469,0.07621878385543823,0.008974503725767136
17,1.0,53,identity-CG,48,32,4,6255.43310546875,6255.43310546875,1.0,0.2641105055809021,0.3246595859527588,0.02251429483294487
17,1.0,53,population-PCG,48,32,4,6255.43310546875,1986.1998291015625,1.600234866142273,0.2641105055809021,0.17745466530323029,0.017072662711143494
17,1.0,53,context-PCG,48,32,4,6255.43310546875,781.3540649414062,6.508403301239014,0.2641105055809021,0.09486725926399231,0.009824613109230995
17,1.0,53,hybrid-PCG,48,32,4,6255.43310546875,769.3321533203125,5.46808385848999,0.2641105055809021,0.1045059934258461,0.011471128091216087
17,1.0,53,angular-Jacobi-PCG,48,32,4,6255.43310546875,760.6227416992188,5.533257961273193,0.2641105055809021,0.11505098640918732,0.012825019657611847
17,1.0,54,identity-CG,48,32,4,7527.75927734375,7527.75927734375,1.0,0.2641751766204834,0.5505409240722656,0.03911262005567551
17,1.0,54,population-PCG,48,32,4,7527.75927734375,3000.223876953125,2.393982410430908,0.2641751766204834,0.15174099802970886,0.01417563483119011
17,1.0,54,context-PCG,48,32,4,7527.75927734375,785.7139892578125,9.821962356567383,0.2641751766204834,0.0881427451968193,0.008962851949036121
17,1.0,54,hybrid-PCG,48,32,4,7527.75927734375,821.761474609375,8.779016494750977,0.2641751766204834,0.10262415558099747,0.009722348302602768
17,1.0,54,angular-Jacobi-PCG,48,32,4,7527.75927734375,810.192138671875,8.574883460998535,0.2641751766204834,0.10586801916360855,0.009722563438117504
17,1.0,55,identity-CG,48,32,4,6940.97607421875,6940.97607421875,1.0,0.26924535632133484,0.38745540380477905,0.024538490921258926
17,1.0,55,population-PCG,48,32,4,6940.97607421875,2933.56396484375,2.204892873764038,0.26924535632133484,0.177057683467865,0.01887403428554535
17,1.0,55,context-PCG,48,32,4,6940.97607421875,786.7997436523438,7.418542861938477,0.26924535632133484,0.0928979218006134,0.00865011103451252
17,1.0,55,hybrid-PCG,48,32,4,6940.97607421875,864.222412109375,6.739996910095215,0.26924535632133484,0.1050930917263031,0.010043946094810963
17,1.0,55,angular-Jacobi-PCG,48,32,4,6940.97607421875,873.14990234375,6.731302738189697,0.26924535632133484,0.1157461404800415,0.011237520724534988
17,1.0,56,identity-CG,48,32,4,7131.96044921875,7131.96044921875,1.0,0.29275989532470703,0.37132659554481506,0.020333174616098404
17,1.0,56,population-PCG,48,32,4,7131.96044921875,2479.3505859375,2.028134346008301,0.29275989532470703,0.18621525168418884,0.018164727836847305
17,1.0,56,context-PCG,48,32,4,7131.96044921875,952.2110595703125,7.489894390106201,0.29275989532470703,0.1032881885766983,0.00975133292376995
17,1.0,56,hybrid-PCG,48,32,4,7131.96044921875,1051.53515625,6.308233261108398,0.29275989532470703,0.11556541174650192,0.011630706489086151
17,1.0,56,angular-Jacobi-PCG,48,32,4,7131.96044921875,1009.3195190429688,6.552423477172852,0.29275989532470703,0.12114589661359787,0.011463465169072151
17,1.0,57,identity-CG,48,32,4,6747.73388671875,6747.73388671875,1.0,0.2667488753795624,0.42588579654693604,0.02435307204723358
17,1.0,57,population-PCG,48,32,4,6747.73388671875,1750.5977783203125,2.78650164604187,0.2667488753795624,0.15295888483524323,0.01672382652759552
17,1.0,57,context-PCG,48,32,4,6747.73388671875,814.6714477539062,7.776843070983887,0.2667488753795624,0.09694713354110718,0.008954955264925957
17,1.0,57,hybrid-PCG,48,32,4,6747.73388671875,884.0852661132812,7.516076564788818,0.2667488753795624,0.10812503844499588,0.010674891993403435
17,1.0,57,angular-Jacobi-PCG,48,32,4,6747.73388671875,907.3947143554688,7.172421932220459,0.2667488753795624,0.1053009182214737,0.01172378845512867
17,1.0,58,identity-CG,48,32,4,7187.48193359375,7187.48193359375,1.0,0.2671455144882202,0.5296107530593872,0.031757839024066925
17,1.0,58,population-PCG,48,32,4,7187.48193359375,2770.9990234375,1.3187453746795654,0.2671455144882202,0.2063336819410324,0.0182623490691185
17,1.0,58,context-PCG,48,32,4,7187.48193359375,988.5029907226562,6.935604095458984,0.2671455144882202,0.11267407238483429,0.011893183924257755
17,1.0,58,hybrid-PCG,48,32,4,7187.48193359375,1065.6697998046875,6.214838027954102,0.2671455144882202,0.13938528299331665,0.012659055180847645
17,1.0,58,angular-Jacobi-PCG,48,32,4,7187.48193359375,1066.6983642578125,6.305355548858643,0.2671455144882202,0.13012835383415222,0.013340618461370468
17,1.0,59,identity-CG,48,32,4,6751.55126953125,6751.55126953125,1.0,0.271007776260376,0.404821515083313,0.01968308538198471
17,1.0,59,population-PCG,48,32,4,6751.55126953125,2351.76904296875,2.779543876647949,0.271007776260376,0.19332747161388397,0.015744291245937347
17,1.0,59,context-PCG,48,32,4,6751.55126953125,862.7216186523438,7.5770039558410645,0.271007776260376,0.09249913692474365,0.008364635519683361
17,1.0,59,hybrid-PCG,48,32,4,6751.55126953125,918.4735717773438,7.117074966430664,0.271007776260376,0.11778600513935089,0.010183967649936676
17,1.0,59,angular-Jacobi-PCG,48,32,4,6751.55126953125,916.4655151367188,7.132668972015381,0.271007776260376,0.11759839206933975,0.010436203330755234
17,1.0,60,identity-CG,48,32,4,7070.35986328125,7070.35986328125,1.0,0.27265965938568115,0.36247625946998596,0.030303694307804108
17,1.0,60,population-PCG,48,32,4,7070.35986328125,2079.857177734375,2.4824275970458984,0.27265965938568115,0.15586882829666138,0.017293885350227356
17,1.0,60,context-PCG,48,32,4,7070.35986328125,662.5745239257812,8.414783477783203,0.27265965938568115,0.08453106880187988,0.010192415677011013
17,1.0,60,hybrid-PCG,48,32,4,7070.35986328125,684.4739990234375,7.670495510101318,0.27265965938568115,0.09527624398469925,0.011443817056715488
17,1.0,60,angular-Jacobi-PCG,48,32,4,7070.35986328125,705.1405639648438,7.844974994659424,0.27265965938568115,0.09836020320653915,0.011048984713852406
17,1.0,61,identity-CG,48,32,4,6412.7333984375,6412.7333984375,1.0,0.24136897921562195,0.4683854579925537,0.02309245616197586
17,1.0,61,population-PCG,48,32,4,6412.7333984375,2801.8798828125,2.1141860485076904,0.24136897921562195,0.18473272025585175,0.01922972872853279
17,1.0,61,context-PCG,48,32,4,6412.7333984375,858.795166015625,6.576418876647949,0.24136897921562195,0.11552891135215759,0.010229706764221191
17,1.0,61,hybrid-PCG,48,32,4,6412.7333984375,958.4850463867188,6.353133201599121,0.24136897921562195,0.13295461237430573,0.012293723411858082
17,1.0,61,angular-Jacobi-PCG,48,32,4,6412.7333984375,945.0938110351562,6.504354000091553,0.24136897921562195,0.13215894997119904,0.011021253652870655
17,1.0,62,identity-CG,48,32,4,6418.48046875,6418.48046875,1.0,0.24115432798862457,0.362231969833374,0.02700931951403618
17,1.0,62,population-PCG,48,32,4,6418.48046875,2034.7510986328125,2.495100975036621,0.24115432798862457,0.20001566410064697,0.01907588168978691
17,1.0,62,context-PCG,48,32,4,6418.48046875,715.5474853515625,8.970026969909668,0.24115432798862457,0.08340153098106384,0.009279454126954079
17,1.0,62,hybrid-PCG,48,32,4,6418.48046875,756.8865966796875,8.091238975524902,0.24115432798862457,0.11593715846538544,0.011389011517167091
17,1.0,62,angular-Jacobi-PCG,48,32,4,6418.48046875,788.667724609375,8.138383865356445,0.24115432798862457,0.12786877155303955,0.012358267791569233
17,1.0,63,identity-CG,48,32,4,6003.79541015625,6003.79541015625,1.0,0.2678613066673279,0.504763662815094,0.02694208361208439
17,1.0,63,population-PCG,48,32,4,6003.79541015625,2146.630859375,2.1437394618988037,0.2678613066673279,0.15352456271648407,0.016938671469688416
17,1.0,63,context-PCG,48,32,4,6003.79541015625,717.322265625,8.162032127380371,0.2678613066673279,0.08207874000072479,0.007991792634129524
17,1.0,63,hybrid-PCG,48,32,4,6003.79541015625,710.3685302734375,7.34413480758667,0.2678613066673279,0.0859290361404419,0.010089332237839699
17,1.0,63,angular-Jacobi-PCG,48,32,4,6003.79541015625,740.8735961914062,7.1779279708862305,0.2678613066673279,0.10388463735580444,0.010760186240077019
17,2.0,0,identity-CG,48,32,4,7292.64697265625,7292.64697265625,1.0,0.22558532655239105,0.3274649679660797,0.024461880326271057
17,2.0,0,population-PCG,48,32,4,7292.64697265625,5232.27880859375,0.9058058261871338,0.22558532655239105,0.258550226688385,0.020991072058677673
17,2.0,0,context-PCG,48,32,4,7292.64697265625,892.5355224609375,8.170707702636719,0.22558532655239105,0.10306541621685028,0.009783132001757622
17,2.0,0,hybrid-PCG,48,32,4,7292.64697265625,988.00341796875,6.562049388885498,0.22558532655239105,0.13052836060523987,0.013604036532342434
17,2.0,0,angular-Jacobi-PCG,48,32,4,7292.64697265625,966.4999389648438,7.04927921295166,0.22558532655239105,0.12633885443210602,0.012806057929992676
17,2.0,1,identity-CG,48,32,4,7321.09423828125,7321.09423828125,1.0,0.23455771803855896,0.3290967047214508,0.02023184671998024
17,2.0,1,population-PCG,48,32,4,7321.09423828125,9020.0654296875,0.7929868102073669,0.23455771803855896,0.36281031370162964,0.026675986126065254
17,2.0,1,context-PCG,48,32,4,7321.09423828125,1442.7164306640625,4.719303131103516,0.23455771803855896,0.17618581652641296,0.014596687629818916
17,2.0,1,hybrid-PCG,48,32,4,7321.09423828125,1936.8035888671875,3.485940456390381,0.23455771803855896,0.21333372592926025,0.01744809001684189
17,2.0,1,angular-Jacobi-PCG,48,32,4,7321.09423828125,1996.8599853515625,3.555633783340454,0.23455771803855896,0.21766537427902222,0.017417214810848236
17,2.0,2,identity-CG,48,32,4,7182.17333984375,7182.17333984375,1.0,0.22338293492794037,0.3221682608127594,0.022123653441667557
17,2.0,2,population-PCG,48,32,4,7182.17333984375,6051.75537109375,1.0024558305740356,0.22338293492794037,0.25846627354621887,0.024191899225115776
17,2.0,2,context-PCG,48,32,4,7182.17333984375,970.3585205078125,6.226325511932373,0.22338293492794037,0.133811354637146,0.013669795356690884
17,2.0,2,hybrid-PCG,48,32,4,7182.17333984375,1227.1055908203125,4.964757919311523,0.22338293492794037,0.18561451137065887,0.014647509902715683
17,2.0,2,angular-Jacobi-PCG,48,32,4,7182.17333984375,1190.8741455078125,4.932601451873779,0.22338293492794037,0.1748524159193039,0.013884484767913818
17,2.0,3,identity-CG,48,32,4,7519.58203125,7519.58203125,1.0,0.256822794675827,0.31009209156036377,0.021150626242160797
17,2.0,3,population-PCG,48,32,4,7519.58203125,5295.64697265625,0.8427023887634277,0.256822794675827,0.2882910966873169,0.02305566892027855
17,2.0,3,context-PCG,48,32,4,7519.58203125,1216.603271484375,5.118113994598389,0.256822794675827,0.1452425718307495,0.0130127789452672
17,2.0,3,hybrid-PCG,48,32,4,7519.58203125,1676.856689453125,3.4809162616729736,0.256822794675827,0.1908612847328186,0.016300557181239128
17,2.0,3,angular-Jacobi-PCG,48,32,4,7519.58203125,1673.4007568359375,3.6993348598480225,0.256822794675827,0.19469909369945526,0.017083894461393356
17,2.0,4,identity-CG,48,32,4,7029.47509765625,7029.47509765625,1.0,0.24984417855739594,0.3322410583496094,0.020205488428473473
17,2.0,4,population-PCG,48,32,4,7029.47509765625,6490.45654296875,1.0201475620269775,0.24984417855739594,0.3232533931732178,0.02042279578745365
17,2.0,4,context-PCG,48,32,4,7029.47509765625,1056.4805908203125,4.983396530151367,0.24984417855739594,0.1724047064781189,0.01087011769413948
17,2.0,4,hybrid-PCG,48,32,4,7029.47509765625,1179.105224609375,3.6774861812591553,0.24984417855739594,0.1563103199005127,0.012616558000445366
17,2.0,4,angular-Jacobi-PCG,48,32,4,7029.47509765625,1134.9566650390625,3.923384428024292,0.24984417855739594,0.15448638796806335,0.012207627296447754
17,2.0,5,identity-CG,48,32,4,7039.27734375,7039.27734375,1.0,0.24753043055534363,0.4006577134132385,0.02500670775771141
17,2.0,5,population-PCG,48,32,4,7039.27734375,6073.5,0.7604572772979736,0.24753043055534363,0.39862099289894104,0.025917310267686844
17,2.0,5,context-PCG,48,32,4,7039.27734375,1358.676513671875,4.334659099578857,0.24753043055534363,0.19368630647659302,0.012703685089945793
17,2.0,5,hybrid-PCG,48,32,4,7039.27734375,1295.5050048828125,3.242802143096924,0.24753043055534363,0.2259080410003662,0.014990009367465973
17,2.0,5,angular-Jacobi-PCG,48,32,4,7039.27734375,1268.48974609375,3.697437286376953,0.24753043055534363,0.20866936445236206,0.01497636828571558
17,2.0,6,identity-CG,48,32,4,7197.3359375,7197.3359375,1.0,0.2372632920742035,0.24796094000339508,0.020730067044496536
17,2.0,6,population-PCG,48,32,4,7197.3359375,10845.1513671875,0.41010692715644836,0.2372632920742035,0.31144148111343384,0.021439779549837112
17,2.0,6,context-PCG,48,32,4,7197.3359375,1435.38037109375,4.534783363342285,0.2372632920742035,0.17500489950180054,0.012797726318240166
17,2.0,6,hybrid-PCG,48,32,4,7197.3359375,1707.7894287109375,3.1811492443084717,0.2372632920742035,0.22868141531944275,0.01944763772189617
17,2.0,6,angular-Jacobi-PCG,48,32,4,7197.3359375,1655.859375,3.0571348667144775,0.2372632920742035,0.22693213820457458,0.01785840280354023
17,2.0,7,identity-CG,48,32,4,6822.02294921875,6822.02294921875,1.0,0.22160221636295319,0.3635283410549164,0.021545739844441414
17,2.0,7,population-PCG,48,32,4,6822.02294921875,9178.4853515625,0.5741599202156067,0.22160221636295319,0.3777675926685333,0.02532314881682396
17,2.0,7,context-PCG,48,32,4,6822.02294921875,1429.3033447265625,4.770766258239746,0.22160221636295319,0.1897820234298706,0.011970074847340584
17,2.0,7,hybrid-PCG,48,32,4,6822.02294921875,1785.380615234375,3.2306036949157715,0.22160221636295319,0.2562703490257263,0.018056567758321762
17,2.0,7,angular-Jacobi-PCG,48,32,4,6822.02294921875,1575.71142578125,3.5543603897094727,0.22160221636295319,0.22565557062625885,0.016276003792881966
17,2.0,8,identity-CG,48,32,4,6938.46728515625,6938.46728515625,1.0,0.2462611049413681,0.3165570795536041,0.01709144562482834
17,2.0,8,population-PCG,48,32,4,6938.46728515625,7288.21533203125,0.9121960401535034,0.2462611049413681,0.28023290634155273,0.01991395652294159
17,2.0,8,context-PCG,48,32,4,6938.46728515625,1078.9718017578125,5.8065714836120605,0.2462611049413681,0.13987594842910767,0.012244385667145252
17,2.0,8,hybrid-PCG,48,32,4,6938.46728515625,1368.93701171875,4.371200084686279,0.2462611049413681,0.18170391023159027,0.014171655289828777
17,2.0,8,angular-Jacobi-PCG,48,32,4,6938.46728515625,1381.1827392578125,4.390697479248047,0.2462611049413681,0.17705604434013367,0.01482907123863697
17,2.0,9,identity-CG,48,32,4,7052.66015625,7052.66015625,1.0,0.21710675954818726,0.3183269202709198,0.0209159255027771
17,2.0,9,population-PCG,48,32,4,7052.66015625,6157.25927734375,0.7208331823348999,0.21710675954818726,0.30469489097595215,0.022725559771060944
17,2.0,9,context-PCG,48,32,4,7052.66015625,1258.7418212890625,5.1346869468688965,0.21710675954818726,0.1618977189064026,0.012386925518512726
17,2.0,9,hybrid-PCG,48,32,4,7052.66015625,1590.8043212890625,3.4894912242889404,0.21710675954818726,0.18858927488327026,0.01547224447131157
17,2.0,9,angular-Jacobi-PCG,48,32,4,7052.66015625,1585.2705078125,3.6998488903045654,0.21710675954818726,0.183388352394104,0.01505836471915245
17,2.0,10,identity-CG,48,32,4,7364.29931640625,7364.29931640625,1.0,0.24187171459197998,0.46349257230758667,0.03203736990690231
17,2.0,10,population-PCG,48,32,4,7364.29931640625,7855.96484375,0.5704278349876404,0.24187171459197998,0.3924225866794586,0.026565508916974068
17,2.0,10,context-PCG,48,32,4,7364.29931640625,1858.9466552734375,3.872938632965088,0.24187171459197998,0.2273332178592682,0.015410611405968666
17,2.0,10,hybrid-PCG,48,32,4,7364.29931640625,2642.7646484375,2.455920934677124,0.24187171459197998,0.2509692311286926,0.017689593136310577
17,2.0,10,angular-Jacobi-PCG,48,32,4,7364.29931640625,2367.0859375,2.6501307487487793,0.24187171459197998,0.26052209734916687,0.0170748308300972
17,2.0,11,identity-CG,48,32,4,7119.138671875,7119.138671875,1.0,0.22759270668029785,0.3911249041557312,0.027440831065177917
17,2.0,11,population-PCG,48,32,4,7119.138671875,9073.98046875,0.7559242248535156,0.22759270668029785,0.32623210549354553,0.0219266377389431
17,2.0,11,context-PCG,48,32,4,7119.138671875,1234.5296630859375,4.877521991729736,0.22759270668029785,0.19852060079574585,0.012253208085894585
17,2.0,11,hybrid-PCG,48,32,4,7119.138671875,1434.646728515625,3.602799892425537,0.22759270668029785,0.2073667049407959,0.013703634962439537
17,2.0,11,angular-Jacobi-PCG,48,32,4,7119.138671875,1417.8270263671875,3.568798542022705,0.22759270668029785,0.201072558760643,0.013434800319373608
17,2.0,12,identity-CG,48,32,4,7393.52294921875,7393.52294921875,1.0,0.34527862071990967,0.3293328881263733,0.020704463124275208
17,2.0,12,population-PCG,48,32,4,7393.52294921875,5061.41162109375,1.1290743350982666,0.34527862071990967,0.37058788537979126,0.028299855068325996
17,2.0,12,context-PCG,48,32,4,7393.52294921875,1263.9716796875,6.055629730224609,0.34527862071990967,0.1389009952545166,0.011134397238492966
17,2.0,12,hybrid-PCG,48,32,4,7393.52294921875,1330.8310546875,5.555568218231201,0.34527862071990967,0.19456928968429565,0.014965455047786236
17,2.0,12,angular-Jacobi-PCG,48,32,4,7393.52294921875,1352.8404541015625,5.465184688568115,0.34527862071990967,0.19289915263652802,0.014878212474286556
17,2.0,13,identity-CG,48,32,4,7235.96240234375,7235.96240234375,1.0,0.245682954788208,0.4014623761177063,0.024879131466150284
17,2.0,13,population-PCG,48,32,4,7235.96240234375,8062.822265625,0.6133072972297668,0.245682954788208,0.3622291684150696,0.022275304421782494
17,2.0,13,context-PCG,48,32,4,7235.96240234375,1141.5286865234375,5.99890661239624,0.245682954788208,0.13540056347846985,0.011346528306603432
17,2.0,13,hybrid-PCG,48,32,4,7235.96240234375,1390.1063232421875,3.8005123138427734,0.245682954788208,0.20018534362316132,0.017923779785633087
17,2.0,13,angular-Jacobi-PCG,48,32,4,7235.96240234375,1312.8487548828125,3.9464635848999023,0.245682954788208,0.18030917644500732,0.01583651453256607
17,2.0,14,identity-CG,48,32,4,6996.0205078125,6996.0205078125,1.0,0.24749654531478882,0.30108267068862915,0.02117263525724411
17,2.0,14,population-PCG,48,32,4,6996.0205078125,7186.2744140625,0.8896819353103638,0.24749654531478882,0.29480117559432983,0.019564922899007797
17,2.0,14,context-PCG,48,32,4,6996.0205078125,1174.7119140625,5.612354755401611,0.24749654531478882,0.11907021701335907,0.010276459157466888
17,2.0,14,hybrid-PCG,48,32,4,6996.0205078125,1449.3382568359375,4.770236968994141,0.24749654531478882,0.17581075429916382,0.013882993720471859
17,2.0,14,angular-Jacobi-PCG,48,32,4,6996.0205078125,1416.9989013671875,4.780261993408203,0.24749654531478882,0.16821783781051636,0.013566415756940842
17,2.0,15,identity-CG,48,32,4,7340.578125,7340.578125,1.0,0.23389187455177307,0.3414613604545593,0.02521730586886406
17,2.0,15,population-PCG,48,32,4,7340.578125,5797.763671875,0.7711228132247925,0.23389187455177307,0.24587827920913696,0.018917057663202286
17,2.0,15,context-PCG,48,32,4,7340.578125,987.748291015625,4.781310081481934,0.23389187455177307,0.142923042178154,0.014268938452005386
17,2.0,15,hybrid-PCG,48,32,4,7340.578125,1207.8084716796875,3.3700196743011475,0.23389187455177307,0.20567375421524048,0.016014359891414642
17,2.0,15,angular-Jacobi-PCG,48,32,4,7340.578125,1210.27392578125,3.2230865955352783,0.23389187455177307,0.20407463610172272,0.01652352139353752
17,2.0,16,identity-CG,48,32,4,6640.537109375,6640.537109375,1.0,0.2268979847431183,0.3424531817436218,0.02210548333823681
17,2.0,16,population-PCG,48,32,4,6640.537109375,3975.15087890625,1.0594003200531006,0.2268979847431183,0.26997077465057373,0.022004209458827972
17,2.0,16,context-PCG,48,32,4,6640.537109375,920.2395629882812,6.554081439971924,0.2268979847431183,0.10539828985929489,0.010991420596837997
17,2.0,16,hybrid-PCG,48,32,4,6640.537109375,979.3125,5.093116283416748,0.2268979847431183,0.14845426380634308,0.013312418013811111
17,2.0,16,angular-Jacobi-PCG,48,32,4,6640.537109375,995.5064086914062,4.92563009262085,0.2268979847431183,0.13768525421619415,0.012811742722988129
17,2.0,17,identity-CG,48,32,4,7281.85205078125,7281.85205078125,1.0,0.22139544785022736,0.2838531732559204,0.021550152450799942
17,2.0,17,population-PCG,48,32,4,7281.85205078125,3028.731201171875,0.8512601852416992,0.22139544785022736,0.24242134392261505,0.02216624841094017
17,2.0,17,context-PCG,48,32,4,7281.85205078125,775.642578125,8.134029388427734,0.22139544785022736,0.12468700855970383,0.011746246367692947
17,2.0,17,hybrid-PCG,48,32,4,7281.85205078125,913.4247436523438,6.701747894287109,0.22139544785022736,0.13523134589195251,0.01284125354140997
17,2.0,17,angular-Jacobi-PCG,48,32,4,7281.85205078125,980.0291137695312,6.798739910125732,0.22139544785022736,0.1351911425590515,0.013016385026276112
17,2.0,18,identity-CG,48,32,4,6979.80322265625,6979.80322265625,1.0,0.2392749786376953,0.30249840021133423,0.026422038674354553
17,2.0,18,population-PCG,48,32,4,6979.80322265625,5512.4814453125,1.2492361068725586,0.2392749786376953,0.27244406938552856,0.022116320207715034
17,2.0,18,context-PCG,48,32,4,6979.80322265625,901.3621826171875,6.870462417602539,0.2392749786376953,0.14271870255470276,0.012813218869268894
17,2.0,18,hybrid-PCG,48,32,4,6979.80322265625,1164.606689453125,5.9409356117248535,0.2392749786376953,0.18339979648590088,0.013873277232050896
17,2.0,18,angular-Jacobi-PCG,48,32,4,6979.80322265625,1152.030517578125,6.058696269989014,0.2392749786376953,0.170345276594162,0.013072352856397629
17,2.0,19,identity-CG,48,32,4,7453.61865234375,7453.61865234375,1.0,0.22753635048866272,0.36994922161102295,0.026746630668640137
17,2.0,19,population-PCG,48,32,4,7453.61865234375,12296.9345703125,0.5406255125999451,0.22753635048866272,0.3384320139884949,0.025186898186802864
17,2.0,19,context-PCG,48,32,4,7453.61865234375,1812.5115966796875,3.868335008621216,0.22753635048866272,0.19325515627861023,0.013245833106338978
17,2.0,19,hybrid-PCG,48,32,4,7453.61865234375,2531.115966796875,2.714244842529297,0.22753635048866272,0.2747070789337158,0.02242596074938774
17,2.0,19,angular-Jacobi-PCG,48,32,4,7453.61865234375,2485.888671875,2.8652291297912598,0.22753635048866272,0.26662877202033997,0.020018691197037697
17,2.0,20,identity-CG,48,32,4,6921.431640625,6921.431640625,1.0,0.19814786314964294,0.3407602906227112,0.019963901489973068
17,2.0,20,population-PCG,48,32,4,6921.431640625,7124.025390625,0.7768654227256775,0.19814786314964294,0.32432788610458374,0.024222321808338165
17,2.0,20,context-PCG,48,32,4,6921.431640625,1159.2127685546875,5.745997428894043,0.19814786314964294,0.14592638611793518,0.010080268606543541
17,2.0,20,hybrid-PCG,48,32,4,6921.431640625,1445.2230224609375,4.65255880355835,0.19814786314964294,0.18533912301063538,0.014318559318780899
17,2.0,20,angular-Jacobi-PCG,48,32,4,6921.431640625,1401.62646484375,4.786849021911621,0.19814786314964294,0.18640252947807312,0.013757606968283653
17,2.0,21,identity-CG,48,32,4,7131.96923828125,7131.96923828125,1.0,0.19878970086574554,0.34787818789482117,0.024721071124076843
17,2.0,21,population-PCG,48,32,4,7131.96923828125,8412.427734375,0.5672508478164673,0.19878970086574554,0.38077619671821594,0.02559666335582733
17,2.0,21,context-PCG,48,32,4,7131.96923828125,1560.08447265625,4.186557292938232,0.19878970086574554,0.18695969879627228,0.01197771355509758
17,2.0,21,hybrid-PCG,48,32,4,7131.96923828125,1865.2762451171875,3.1835856437683105,0.19878970086574554,0.2905374765396118,0.0187852680683136
17,2.0,21,angular-Jacobi-PCG,48,32,4,7131.96923828125,1749.6175537109375,3.2746293544769287,0.19878970086574554,0.2727697193622589,0.016936056315898895
17,2.0,22,identity-CG,48,32,4,6967.7998046875,6967.7998046875,1.0,0.24463851749897003,0.33717167377471924,0.023725342005491257
17,2.0,22,population-PCG,48,32,4,6967.7998046875,7285.30712890625,0.7118859887123108,0.24463851749897003,0.2897379398345947,0.01954665780067444
17,2.0,22,context-PCG,48,32,4,6967.7998046875,980.5277099609375,5.32765531539917,0.24463851749897003,0.13987571001052856,0.012130295857787132
17,2.0,22,hybrid-PCG,48,32,4,6967.7998046875,1501.4324951171875,3.908034086227417,0.24463851749897003,0.1927495151758194,0.01486414484679699
17,2.0,22,angular-Jacobi-PCG,48,32,4,6967.7998046875,1431.4287109375,4.360816955566406,0.24463851749897003,0.18058070540428162,0.01437243539839983
17,2.0,23,identity-CG,48,32,4,7160.67333984375,7160.67333984375,1.0,0.22478197515010834,0.3204808235168457,0.01932697184383869
17,2.0,23,population-PCG,48,32,4,7160.67333984375,8653.810546875,0.6372803449630737,0.22478197515010834,0.3463286757469177,0.02413409948348999
17,2.0,23,context-PCG,48,32,4,7160.67333984375,1501.81201171875,4.458835601806641,0.22478197515010834,0.1552044153213501,0.01327609084546566
17,2.0,23,hybrid-PCG,48,32,4,7160.67333984375,2093.01123046875,3.234605073928833,0.22478197515010834,0.24408242106437683,0.01683165319263935
17,2.0,23,angular-Jacobi-PCG,48,32,4,7160.67333984375,2047.113037109375,3.3071279525756836,0.22478197515010834,0.2331053763628006,0.016888706013560295
17,2.0,24,identity-CG,48,32,4,6552.72021484375,6552.72021484375,1.0,0.24309583008289337,0.36298668384552,0.019709430634975433
17,2.0,24,population-PCG,48,32,4,6552.72021484375,13700.087890625,0.4576834738254547,0.24309583008289337,0.3301343023777008,0.018166664987802505
17,2.0,24,context-PCG,48,32,4,6552.72021484375,1213.38427734375,4.684500694274902,0.24309583008289337,0.15730096399784088,0.01163989957422018
17,2.0,24,hybrid-PCG,48,32,4,6552.72021484375,1438.9588623046875,3.2161591053009033,0.24309583008289337,0.21229229867458344,0.01579495146870613
17,2.0,24,angular-Jacobi-PCG,48,32,4,6552.72021484375,1511.6949462890625,3.3287088871002197,0.24309583008289337,0.21146070957183838,0.015415572561323643
17,2.0,25,identity-CG,48,32,4,6927.21728515625,6927.21728515625,1.0,0.2284611165523529,0.4290579855442047,0.025053299963474274
17,2.0,25,population-PCG,48,32,4,6927.21728515625,9166.3759765625,0.7013295888900757,0.2284611165523529,0.3330304026603699,0.02347884327173233
17,2.0,25,context-PCG,48,32,4,6927.21728515625,1115.140625,4.716541767120361,0.2284611165523529,0.18096551299095154,0.012811376713216305
17,2.0,25,hybrid-PCG,48,32,4,6927.21728515625,1391.603759765625,3.8203210830688477,0.2284611165523529,0.2120419442653656,0.01700296625494957
17,2.0,25,angular-Jacobi-PCG,48,32,4,6927.21728515625,1394.5361328125,4.115044116973877,0.2284611165523529,0.19730187952518463,0.016352344304323196
17,2.0,26,identity-CG,48,32,4,7006.72998046875,7006.72998046875,1.0,0.22570979595184326,0.34250161051750183,0.029430720955133438
17,2.0,26,population-PCG,48,32,4,7006.72998046875,5546.65625,1.1515432596206665,0.22570979595184326,0.23252929747104645,0.02042275480926037
17,2.0,26,context-PCG,48,32,4,7006.72998046875,909.4556274414062,6.403727054595947,0.22570979595184326,0.10984504967927933,0.011094346642494202
17,2.0,26,hybrid-PCG,48,32,4,7006.72998046875,1213.276611328125,5.111603736877441,0.22570979595184326,0.14748361706733704,0.014528036117553711
17,2.0,26,angular-Jacobi-PCG,48,32,4,7006.72998046875,1183.3175048828125,5.048306941986084,0.22570979595184326,0.1425890177488327,0.01417236402630806
17,2.0,27,identity-CG,48,32,4,6997.20849609375,6997.20849609375,1.0,0.26487287878990173,0.34262096881866455,0.029071856290102005
17,2.0,27,population-PCG,48,32,4,6997.20849609375,7289.96875,0.8910895586013794,0.26487287878990173,0.3366353213787079,0.028282562270760536
17,2.0,27,context-PCG,48,32,4,6997.20849609375,1190.1446533203125,5.579296112060547,0.26487287878990173,0.15545020997524261,0.012653854675590992
17,2.0,27,hybrid-PCG,48,32,4,6997.20849609375,1603.2216796875,4.243001937866211,0.26487287878990173,0.19409748911857605,0.014428438618779182
17,2.0,27,angular-Jacobi-PCG,48,32,4,6997.20849609375,1509.505615234375,4.16895866394043,0.26487287878990173,0.18194745481014252,0.013973494991660118
17,2.0,28,identity-CG,48,32,4,7152.2216796875,7152.2216796875,1.0,0.21172748506069183,0.3925665616989136,0.02207968384027481
17,2.0,28,population-PCG,48,32,4,7152.2216796875,4049.9765625,1.234130620956421,0.21172748506069183,0.25680896639823914,0.02180730551481247
17,2.0,28,context-PCG,48,32,4,7152.2216796875,1003.2088623046875,5.829356670379639,0.21172748506069183,0.1533544659614563,0.01271611638367176
17,2.0,28,hybrid-PCG,48,32,4,7152.2216796875,1235.9532470703125,4.351930141448975,0.21172748506069183,0.18631520867347717,0.014029473066329956
17,2.0,28,angular-Jacobi-PCG,48,32,4,7152.2216796875,1247.0943603515625,4.262551784515381,0.21172748506069183,0.1741950809955597,0.013915239833295345
17,2.0,29,identity-CG,48,32,4,7263.70751953125,7263.70751953125,1.0,0.21991156041622162,0.3580012321472168,0.026203308254480362
17,2.0,29,population-PCG,48,32,4,7263.70751953125,5878.46337890625,1.016540765762329,0.21991156041622162,0.2935168445110321,0.024953462183475494
17,2.0,29,context-PCG,48,32,4,7263.70751953125,776.0556030273438,7.107823848724365,0.21991156041622162,0.08146949112415314,0.009270851500332355
17,2.0,29,hybrid-PCG,48,32,4,7263.70751953125,866.7518310546875,5.108727931976318,0.21991156041622162,0.1393304169178009,0.012604217045009136
17,2.0,29,angular-Jacobi-PCG,48,32,4,7263.70751953125,880.7015380859375,5.359626293182373,0.21991156041622162,0.1352108269929886,0.012680625542998314
17,2.0,30,identity-CG,48,32,4,7007.673828125,7007.673828125,1.0,0.2474181056022644,0.3008236289024353,0.02457061968743801
17,2.0,30,population-PCG,48,32,4,7007.673828125,6778.166015625,1.0906754732131958,0.2474181056022644,0.2685048580169678,0.019808553159236908
17,2.0,30,context-PCG,48,32,4,7007.673828125,995.009521484375,6.673783302307129,0.2474181056022644,0.11850597709417343,0.009939742274582386
17,2.0,30,hybrid-PCG,48,32,4,7007.673828125,1096.7490234375,6.048341751098633,0.2474181056022644,0.1412898302078247,0.013177606277167797
17,2.0,30,angular-Jacobi-PCG,48,32,4,7007.673828125,1104.855224609375,6.027675628662109,0.2474181056022644,0.1398930847644806,0.01308574341237545
17,2.0,31,identity-CG,48,32,4,7524.1826171875,7524.1826171875,1.0,0.24288970232009888,0.48014941811561584,0.030909594148397446
17,2.0,31,population-PCG,48,32,4,7524.1826171875,6803.9326171875,0.7149604558944702,0.24288970232009888,0.34675657749176025,0.02459508180618286
17,2.0,31,context-PCG,48,32,4,7524.1826171875,1099.3935546875,4.418364524841309,0.24288970232009888,0.16635549068450928,0.012745912186801434
17,2.0,31,hybrid-PCG,48,32,4,7524.1826171875,1366.31884765625,3.7101192474365234,0.24288970232009888,0.2362108826637268,0.017014089971780777
17,2.0,31,angular-Jacobi-PCG,48,32,4,7524.1826171875,1357.9130859375,3.718479871749878,0.24288970232009888,0.221310555934906,0.015432682819664478
17,2.0,32,identity-CG,48,32,4,7292.65576171875,7292.65576171875,1.0,0.24243304133415222,0.3550202250480652,0.023064181208610535
17,2.0,32,population-PCG,48,32,4,7292.65576171875,11311.3115234375,0.6494905352592468,0.24243304133415222,0.26443764567375183,0.01979534514248371
17,2.0,32,context-PCG,48,32,4,7292.65576171875,1088.970703125,5.504173755645752,0.24243304133415222,0.10975780338048935,0.010345571674406528
17,2.0,32,hybrid-PCG,48,32,4,7292.65576171875,1584.155517578125,3.8930909633636475,0.24243304133415222,0.1975848525762558,0.015828056260943413
17,2.0,32,angular-Jacobi-PCG,48,32,4,7292.65576171875,1576.546142578125,4.108161449432373,0.24243304133415222,0.18044418096542358,0.01585952751338482
17,2.0,33,identity-CG,48,32,4,6954.5859375,6954.5859375,1.0,0.2131766378879547,0.2886286675930023,0.02083442360162735
17,2.0,33,population-PCG,48,32,4,6954.5859375,7680.97216796875,0.6454418897628784,0.2131766378879547,0.29194432497024536,0.027818631380796432
17,2.0,33,context-PCG,48,32,4,6954.5859375,1087.2169189453125,5.288991928100586,0.2131766378879547,0.10850809514522552,0.012496010400354862
17,2.0,33,hybrid-PCG,48,32,4,6954.5859375,1376.3968505859375,3.593829870223999,0.2131766378879547,0.16971728205680847,0.01524157915264368
17,2.0,33,angular-Jacobi-PCG,48,32,4,6954.5859375,1285.611083984375,3.6455788612365723,0.2131766378879547,0.18440422415733337,0.01745688170194626
17,2.0,34,identity-CG,48,32,4,7602.60595703125,7602.60595703125,1.0,0.23155269026756287,0.3750271201133728,0.025380844250321388
17,2.0,34,population-PCG,48,32,4,7602.60595703125,8056.61181640625,0.753463089466095,0.23155269026756287,0.38551926612854004,0.031780906021595
17,2.0,34,context-PCG,48,32,4,7602.60595703125,1157.6954345703125,6.047633171081543,0.23155269026756287,0.1358853578567505,0.010263899341225624
17,2.0,34,hybrid-PCG,48,32,4,7602.60595703125,1367.2037353515625,4.729898929595947,0.23155269026756287,0.1853741705417633,0.015439104288816452
17,2.0,34,angular-Jacobi-PCG,48,32,4,7602.60595703125,1383.0244140625,5.2862677574157715,0.23155269026756287,0.16938364505767822,0.014373669400811195
17,2.0,35,identity-CG,48,32,4,7044.35205078125,7044.35205078125,1.0,0.2094539999961853,0.3976912796497345,0.026621153578162193
17,2.0,35,population-PCG,48,32,4,7044.35205078125,9058.5869140625,0.7635622024536133,0.2094539999961853,0.26987749338150024,0.019335564225912094
17,2.0,35,context-PCG,48,32,4,7044.35205078125,1228.763916015625,4.529455661773682,0.2094539999961853,0.1600954234600067,0.01284000463783741
17,2.0,35,hybrid-PCG,48,32,4,7044.35205078125,1751.42041015625,2.9556376934051514,0.2094539999961853,0.19801877439022064,0.019343849271535873
17,2.0,35,angular-Jacobi-PCG,48,32,4,7044.35205078125,1648.081298828125,3.095471143722534,0.2094539999961853,0.18000926077365875,0.016856539994478226
17,2.0,36,identity-CG,48,32,4,6969.74755859375,6969.74755859375,1.0,0.24467258155345917,0.26856374740600586,0.017718762159347534
17,2.0,36,population-PCG,48,32,4,6969.74755859375,5836.65771484375,0.7356407642364502,0.24467258155345917,0.2696121037006378,0.020030565559864044
17,2.0,36,context-PCG,48,32,4,6969.74755859375,1173.8499755859375,4.902087211608887,0.24467258155345917,0.15606726706027985,0.011544960550963879
17,2.0,36,hybrid-PCG,48,32,4,6969.74755859375,1229.11865234375,3.7936301231384277,0.24467258155345917,0.24139107763767242,0.016776591539382935
17,2.0,36,angular-Jacobi-PCG,48,32,4,6969.74755859375,1191.4744873046875,3.896062135696411,0.24467258155345917,0.21451465785503387,0.014491412788629532
17,2.0,37,identity-CG,48,32,4,7187.3349609375,7187.3349609375,1.0,0.24521127343177795,0.4081180989742279,0.028843119740486145
17,2.0,37,population-PCG,48,32,4,7187.3349609375,7895.0849609375,0.9660716652870178,0.24521127343177795,0.3010903000831604,0.02192036807537079
17,2.0,37,context-PCG,48,32,4,7187.3349609375,1404.307373046875,5.265575885772705,0.24521127343177795,0.17859001457691193,0.012642999179661274
17,2.0,37,hybrid-PCG,48,32,4,7187.3349609375,1733.1353759765625,3.8503870964050293,0.24521127343177795,0.19892001152038574,0.015370560809969902
17,2.0,37,angular-Jacobi-PCG,48,32,4,7187.3349609375,1732.2542724609375,3.9186477661132812,0.24521127343177795,0.19947734475135803,0.015096493065357208
17,2.0,38,identity-CG,48,32,4,8121.314453125,8121.314453125,1.0,0.2773019075393677,0.3452395796775818,0.021859053522348404
17,2.0,38,population-PCG,48,32,4,8121.314453125,9549.048828125,0.7388978600502014,0.2773019075393677,0.329129159450531,0.023252077400684357
17,2.0,38,context-PCG,48,32,4,8121.314453125,1624.089599609375,4.937678813934326,0.2773019075393677,0.19511030614376068,0.014726179651916027
17,2.0,38,hybrid-PCG,48,32,4,8121.314453125,2094.880126953125,3.260558605194092,0.2773019075393677,0.22408482432365417,0.016544483602046967
17,2.0,38,angular-Jacobi-PCG,48,32,4,8121.314453125,1902.13720703125,3.5909500122070312,0.2773019075393677,0.2313748449087143,0.0167133416980505
17,2.0,39,identity-CG,48,32,4,6890.8251953125,6890.8251953125,1.0,0.22434315085411072,0.4353032112121582,0.025838665664196014
17,2.0,39,population-PCG,48,32,4,6890.8251953125,5750.7939453125,0.5482127070426941,0.22434315085411072,0.27448979020118713,0.017927136272192
17,2.0,39,context-PCG,48,32,4,6890.8251953125,946.951171875,4.875430107116699,0.22434315085411072,0.14957338571548462,0.011844063177704811
17,2.0,39,hybrid-PCG,48,32,4,6890.8251953125,998.4830932617188,3.1412527561187744,0.22434315085411072,0.17884337902069092,0.01746704801917076
17,2.0,39,angular-Jacobi-PCG,48,32,4,6890.8251953125,1019.3176879882812,3.3702566623687744,0.22434315085411072,0.17440283298492432,0.01621234603226185
17,2.0,40,identity-CG,48,32,4,7514.42236328125,7514.42236328125,1.0,0.2368655800819397,0.3914322257041931,0.026634424924850464
17,2.0,40,population-PCG,48,32,4,7514.42236328125,11292.146484375,0.5885930061340332,0.2368655800819397,0.3717222213745117,0.028823619708418846
17,2.0,40,context-PCG,48,32,4,7514.42236328125,1377.07080078125,4.459995746612549,0.2368655800819397,0.16766946017742157,0.01380254328250885
17,2.0,40,hybrid-PCG,48,32,4,7514.42236328125,1851.402099609375,3.907038450241089,0.2368655800819397,0.22313286364078522,0.017592906951904297
17,2.0,40,angular-Jacobi-PCG,48,32,4,7514.42236328125,1723.3568115234375,4.01265287399292,0.2368655800819397,0.2128937840461731,0.01670859381556511
17,2.0,41,identity-CG,48,32,4,7180.63671875,7180.63671875,1.0,0.2508198916912079,0.33889251947402954,0.028586354106664658
17,2.0,41,population-PCG,48,32,4,7180.63671875,6870.724609375,0.6582716107368469,0.2508198916912079,0.26944538950920105,0.016676040366292
17,2.0,41,context-PCG,48,32,4,7180.63671875,1060.095458984375,5.228553295135498,0.2508198916912079,0.12591227889060974,0.01183764636516571
17,2.0,41,hybrid-PCG,48,32,4,7180.63671875,1436.282958984375,4.59765100479126,0.2508198916912079,0.18760928511619568,0.014985950663685799
17,2.0,41,angular-Jacobi-PCG,48,32,4,7180.63671875,1353.7967529296875,4.5520405769348145,0.2508198916912079,0.17739588022232056,0.015290752984583378
17,2.0,42,identity-CG,48,32,4,7484.205078125,7484.205078125,1.0,0.23282653093338013,0.3883233368396759,0.024485262110829353
17,2.0,42,population-PCG,48,32,4,7484.205078125,10710.318359375,0.7056395411491394,0.23282653093338013,0.3246719241142273,0.021575795486569405
17,2.0,42,context-PCG,48,32,4,7484.205078125,1532.4122314453125,4.931848049163818,0.23282653093338013,0.19252723455429077,0.012807353399693966
17,2.0,42,hybrid-PCG,48,32,4,7484.205078125,1950.8245849609375,3.8740663528442383,0.23282653093338013,0.24017050862312317,0.018327081575989723
17,2.0,42,angular-Jacobi-PCG,48,32,4,7484.205078125,1889.530029296875,3.999737501144409,0.23282653093338013,0.24859686195850372,0.017574526369571686
17,2.0,43,identity-CG,48,32,4,6734.2783203125,6734.2783203125,1.0,0.22328808903694153,0.3356398344039917,0.02068929746747017
17,2.0,43,population-PCG,48,32,4,6734.2783203125,7139.3037109375,0.5058879256248474,0.22328808903694153,0.37209445238113403,0.024645591154694557
17,2.0,43,context-PCG,48,32,4,6734.2783203125,1211.3995361328125,4.574106216430664,0.22328808903694153,0.14061355590820312,0.010780373588204384
17,2.0,43,hybrid-PCG,48,32,4,6734.2783203125,1500.169677734375,4.1053080558776855,0.22328808903694153,0.1783742904663086,0.017098773270845413
17,2.0,43,angular-Jacobi-PCG,48,32,4,6734.2783203125,1520.2581787109375,3.968355894088745,0.22328808903694153,0.16922292113304138,0.0158450398594141
17,2.0,44,identity-CG,48,32,4,7685.94677734375,7685.94677734375,1.0,0.23794472217559814,0.36653628945350647,0.02510836161673069
17,2.0,44,population-PCG,48,32,4,7685.94677734375,7967.51611328125,0.923870861530304,0.23794472217559814,0.38875144720077515,0.0247153602540493
17,2.0,44,context-PCG,48,32,4,7685.94677734375,1424.424072265625,4.80143928527832,0.23794472217559814,0.18738222122192383,0.012990608811378479
17,2.0,44,hybrid-PCG,48,32,4,7685.94677734375,1874.3961181640625,2.610447883605957,0.23794472217559814,0.23857493698596954,0.018615752458572388
17,2.0,44,angular-Jacobi-PCG,48,32,4,7685.94677734375,1735.583251953125,2.956753969192505,0.23794472217559814,0.25806450843811035,0.019857347011566162
17,2.0,45,identity-CG,48,32,4,7548.4951171875,7548.4951171875,1.0,0.255920946598053,0.26735997200012207,0.017910372465848923
17,2.0,45,population-PCG,48,32,4,7548.4951171875,8539.298828125,0.7617928981781006,0.255920946598053,0.35228586196899414,0.02560492232441902
17,2.0,45,context-PCG,48,32,4,7548.4951171875,1061.0869140625,4.899877071380615,0.255920946598053,0.1704203188419342,0.012370373122394085
17,2.0,45,hybrid-PCG,48,32,4,7548.4951171875,1360.143310546875,3.7189111709594727,0.255920946598053,0.1913197636604309,0.015173269435763359
17,2.0,45,angular-Jacobi-PCG,48,32,4,7548.4951171875,1162.5145263671875,3.683286190032959,0.255920946598053,0.17439058423042297,0.01450597494840622
17,2.0,46,identity-CG,48,32,4,7162.5615234375,7162.5615234375,1.0,0.24724392592906952,0.4331747591495514,0.029069600626826286
17,2.0,46,population-PCG,48,32,4,7162.5615234375,5527.47705078125,1.1453492641448975,0.24724392592906952,0.28975778818130493,0.024038013070821762
17,2.0,46,context-PCG,48,32,4,7162.5615234375,892.3275146484375,7.192183017730713,0.24724392592906952,0.12562142312526703,0.012029912322759628
17,2.0,46,hybrid-PCG,48,32,4,7162.5615234375,969.3280029296875,5.939218521118164,0.24724392592906952,0.16310365498065948,0.01483208779245615
17,2.0,46,angular-Jacobi-PCG,48,32,4,7162.5615234375,961.23583984375,6.980990886688232,0.24724392592906952,0.1486935019493103,0.01345527358353138
17,2.0,47,identity-CG,48,32,4,7112.36962890625,7112.36962890625,1.0,0.2390279322862625,0.29515573382377625,0.014258801937103271
17,2.0,47,population-PCG,48,32,4,7112.36962890625,8737.8408203125,0.6067238450050354,0.2390279322862625,0.42017263174057007,0.02579946629703045
17,2.0,47,context-PCG,48,32,4,7112.36962890625,1294.1690673828125,5.049655914306641,0.2390279322862625,0.17244040966033936,0.011532359756529331
17,2.0,47,hybrid-PCG,48,32,4,7112.36962890625,1660.302001953125,3.5303456783294678,0.2390279322862625,0.2033006101846695,0.014003481715917587
17,2.0,47,angular-Jacobi-PCG,48,32,4,7112.36962890625,1538.3194580078125,3.5896100997924805,0.2390279322862625,0.1937292516231537,0.013809634372591972
17,2.0,48,identity-CG,48,32,4,7299.02490234375,7299.02490234375,1.0,0.22529883682727814,0.3508060574531555,0.022118285298347473
17,2.0,48,population-PCG,48,32,4,7299.02490234375,9162.1142578125,0.6756587624549866,0.22529883682727814,0.3528096675872803,0.025320129469037056
17,2.0,48,context-PCG,48,32,4,7299.02490234375,1107.4359130859375,6.003642559051514,0.22529883682727814,0.14140738546848297,0.011699339374899864
17,2.0,48,hybrid-PCG,48,32,4,7299.02490234375,1402.1368408203125,4.247440338134766,0.22529883682727814,0.212961345911026,0.01598241925239563
17,2.0,48,angular-Jacobi-PCG,48,32,4,7299.02490234375,1447.314208984375,4.5388689041137695,0.22529883682727814,0.20040079951286316,0.015812784433364868
17,2.0,49,identity-CG,48,32,4,7182.5751953125,7182.5751953125,1.0,0.2283370941877365,0.3213213086128235,0.017831839621067047
17,2.0,49,population-PCG,48,32,4,7182.5751953125,9314.12109375,0.7049521803855896,0.2283370941877365,0.30822110176086426,0.02579982951283455
17,2.0,49,context-PCG,48,32,4,7182.5751953125,1201.17529296875,4.851103782653809,0.2283370941877365,0.2003595232963562,0.015202812850475311
17,2.0,49,hybrid-PCG,48,32,4,7182.5751953125,1753.9339599609375,3.0973072052001953,0.2283370941877365,0.2045159488916397,0.01648331619799137
17,2.0,49,angular-Jacobi-PCG,48,32,4,7182.5751953125,1699.4425048828125,3.3275485038757324,0.2283370941877365,0.20051386952400208,0.016417119652032852
17,2.0,50,identity-CG,48,32,4,6962.4013671875,6962.4013671875,1.0,0.24225696921348572,0.34695592522621155,0.02015356719493866
17,2.0,50,population-PCG,48,32,4,6962.4013671875,5332.94482421875,1.004119873046875,0.24225696921348572,0.23710721731185913,0.019210804253816605
17,2.0,50,context-PCG,48,32,4,6962.4013671875,797.2703247070312,6.183861255645752,0.24225696921348572,0.11986014246940613,0.011301364749670029
17,2.0,50,hybrid-PCG,48,32,4,6962.4013671875,894.0494995117188,5.990593433380127,0.24225696921348572,0.13980762660503387,0.012200331315398216
17,2.0,50,angular-Jacobi-PCG,48,32,4,6962.4013671875,894.1953125,5.896478652954102,0.24225696921348572,0.14080995321273804,0.01225148793309927
17,2.0,51,identity-CG,48,32,4,7120.89501953125,7120.89501953125,1.0,0.22188794612884521,0.3723796606063843,0.022203098982572556
17,2.0,51,population-PCG,48,32,4,7120.89501953125,8086.875,0.5962660312652588,0.22188794612884521,0.3255128264427185,0.029804162681102753
17,2.0,51,context-PCG,48,32,4,7120.89501953125,1236.5576171875,4.818036079406738,0.22188794612884521,0.15560504794120789,0.01435642410069704
17,2.0,51,hybrid-PCG,48,32,4,7120.89501953125,1386.0238037109375,3.2415454387664795,0.22188794612884521,0.21279798448085785,0.017606373876333237
17,2.0,51,angular-Jacobi-PCG,48,32,4,7120.89501953125,1450.9407958984375,3.4000988006591797,0.22188794612884521,0.19737425446510315,0.01749340258538723
17,2.0,52,identity-CG,48,32,4,6843.15869140625,6843.15869140625,1.0,0.23532205820083618,0.2939407527446747,0.018892087042331696
17,2.0,52,population-PCG,48,32,4,6843.15869140625,7119.55712890625,0.7328782677650452,0.23532205820083618,0.2862154543399811,0.01947145350277424
17,2.0,52,context-PCG,48,32,4,6843.15869140625,1058.35595703125,4.405135631561279,0.23532205820083618,0.1272270381450653,0.010679274797439575
17,2.0,52,hybrid-PCG,48,32,4,6843.15869140625,1380.319580078125,3.1410183906555176,0.23532205820083618,0.1776200532913208,0.012733543291687965
17,2.0,52,angular-Jacobi-PCG,48,32,4,6843.15869140625,1329.029296875,3.057246685028076,0.23532205820083618,0.16913604736328125,0.012082558125257492
17,2.0,53,identity-CG,48,32,4,6922.4658203125,6922.4658203125,1.0,0.2172572910785675,0.302473247051239,0.02138768881559372
17,2.0,53,population-PCG,48,32,4,6922.4658203125,8963.9169921875,0.6277267336845398,0.2172572910785675,0.37100204825401306,0.029479578137397766
17,2.0,53,context-PCG,48,32,4,6922.4658203125,1085.3114013671875,5.212455749511719,0.2172572910785675,0.13251714408397675,0.010560025461018085
17,2.0,53,hybrid-PCG,48,32,4,6922.4658203125,1364.009765625,3.9882540702819824,0.2172572910785675,0.2020270824432373,0.015135311521589756
17,2.0,53,angular-Jacobi-PCG,48,32,4,6922.4658203125,1333.072998046875,4.276859760284424,0.2172572910785675,0.1909610778093338,0.016535671427845955
17,2.0,54,identity-CG,48,32,4,6565.47021484375,6565.47021484375,1.0,0.22381648421287537,0.32302671670913696,0.02009507641196251
17,2.0,54,population-PCG,48,32,4,6565.47021484375,7031.4462890625,0.6906281113624573,0.22381648421287537,0.32964813709259033,0.026675906032323837
17,2.0,54,context-PCG,48,32,4,6565.47021484375,1035.4169921875,5.694492340087891,0.22381648421287537,0.13024327158927917,0.01114952377974987
17,2.0,54,hybrid-PCG,48,32,4,6565.47021484375,1243.9974365234375,5.224224090576172,0.22381648421287537,0.19922620058059692,0.014012901112437248
17,2.0,54,angular-Jacobi-PCG,48,32,4,6565.47021484375,1220.222900390625,5.380549907684326,0.22381648421287537,0.18858171999454498,0.01389453373849392
17,2.0,55,identity-CG,48,32,4,6750.20166015625,6750.20166015625,1.0,0.22872130572795868,0.34670737385749817,0.02031475119292736
17,2.0,55,population-PCG,48,32,4,6750.20166015625,5879.13134765625,1.1334115266799927,0.22872130572795868,0.27250242233276367,0.025241300463676453
17,2.0,55,context-PCG,48,32,4,6750.20166015625,1083.8758544921875,5.960024356842041,0.22872130572795868,0.12436707317829132,0.011214563623070717
17,2.0,55,hybrid-PCG,48,32,4,6750.20166015625,1089.6407470703125,4.732605457305908,0.22872130572795868,0.15735377371311188,0.016131676733493805
17,2.0,55,angular-Jacobi-PCG,48,32,4,6750.20166015625,1057.4478759765625,4.903843879699707,0.22872130572795868,0.15593576431274414,0.01599770039319992
17,2.0,56,identity-CG,48,32,4,6680.66015625,6680.66015625,1.0,0.22600525617599487,0.2909432053565979,0.019183024764060974
17,2.0,56,population-PCG,48,32,4,6680.66015625,5365.3720703125,0.833228588104248,0.22600525617599487,0.36562949419021606,0.028758253902196884
17,2.0,56,context-PCG,48,32,4,6680.66015625,994.0587768554688,6.088711261749268,0.22600525617599487,0.11184528470039368,0.011092291213572025
17,2.0,56,hybrid-PCG,48,32,4,6680.66015625,984.6654052734375,4.301800727844238,0.22600525617599487,0.1759827435016632,0.014599643647670746
17,2.0,56,angular-Jacobi-PCG,48,32,4,6680.66015625,1003.2794799804688,4.040909767150879,0.22600525617599487,0.16587120294570923,0.01327560655772686
17,2.0,57,identity-CG,48,32,4,6822.55517578125,6822.55517578125,1.0,0.25040900707244873,0.2417754828929901,0.015826435759663582
17,2.0,57,population-PCG,48,32,4,6822.55517578125,6485.10693359375,0.9091587066650391,0.25040900707244873,0.24082259833812714,0.020296789705753326
17,2.0,57,context-PCG,48,32,4,6822.55517578125,864.4691162109375,7.205204486846924,0.25040900707244873,0.09641730040311813,0.010014260187745094
17,2.0,57,hybrid-PCG,48,32,4,6822.55517578125,904.464111328125,7.543201446533203,0.25040900707244873,0.12226096540689468,0.013155985623598099
17,2.0,57,angular-Jacobi-PCG,48,32,4,6822.55517578125,883.7536010742188,7.292533874511719,0.25040900707244873,0.11790360510349274,0.013162859715521336
17,2.0,58,identity-CG,48,32,4,6947.0908203125,6947.0908203125,1.0,0.2246876060962677,0.3491048216819763,0.01923583820462227
17,2.0,58,population-PCG,48,32,4,6947.0908203125,4928.5595703125,1.1995736360549927,0.2246876060962677,0.23298890888690948,0.017992570996284485
17,2.0,58,context-PCG,48,32,4,6947.0908203125,973.3260498046875,7.019737243652344,0.2246876060962677,0.12834373116493225,0.011529777199029922
17,2.0,58,hybrid-PCG,48,32,4,6947.0908203125,1121.3408203125,5.7235589027404785,0.2246876060962677,0.14307013154029846,0.0123037900775671
17,2.0,58,angular-Jacobi-PCG,48,32,4,6947.0908203125,1093.7490234375,5.728671073913574,0.2246876060962677,0.14026853442192078,0.012325982563197613
17,2.0,59,identity-CG,48,32,4,7189.00244140625,7189.00244140625,1.0,0.24789580702781677,0.29169678688049316,0.01987024024128914
17,2.0,59,population-PCG,48,32,4,7189.00244140625,7332.5107421875,0.8787029981613159,0.24789580702781677,0.2823432683944702,0.018470579758286476
17,2.0,59,context-PCG,48,32,4,7189.00244140625,1283.9552001953125,4.652281284332275,0.24789580702781677,0.18765296041965485,0.01090814545750618
17,2.0,59,hybrid-PCG,48,32,4,7189.00244140625,1560.8323974609375,4.219522476196289,0.24789580702781677,0.2081383764743805,0.014193827286362648
17,2.0,59,angular-Jacobi-PCG,48,32,4,7189.00244140625,1554.463134765625,4.4880595207214355,0.24789580702781677,0.21431967616081238,0.01479780301451683
17,2.0,60,identity-CG,48,32,4,7337.166015625,7337.166015625,1.0,0.20578080415725708,0.306943416595459,0.020070219412446022
17,2.0,60,population-PCG,48,32,4,7337.166015625,7094.03759765625,0.8936758041381836,0.20578080415725708,0.2906891703605652,0.019789651036262512
17,2.0,60,context-PCG,48,32,4,7337.166015625,1249.1136474609375,6.116971492767334,0.20578080415725708,0.15817633271217346,0.013633692637085915
17,2.0,60,hybrid-PCG,48,32,4,7337.166015625,1416.23486328125,4.343577861785889,0.20578080415725708,0.19935178756713867,0.016548287123441696
17,2.0,60,angular-Jacobi-PCG,48,32,4,7337.166015625,1403.62646484375,4.609320163726807,0.20578080415725708,0.18816809356212616,0.014887301251292229
17,2.0,61,identity-CG,48,32,4,7016.79248046875,7016.79248046875,1.0,0.2515891492366791,0.36865949630737305,0.022139765322208405
17,2.0,61,population-PCG,48,32,4,7016.79248046875,6042.56982421875,0.7511463165283203,0.2515891492366791,0.28130805492401123,0.020410895347595215
17,2.0,61,context-PCG,48,32,4,7016.79248046875,895.410400390625,6.295579433441162,0.2515891492366791,0.12113494426012039,0.01222478412091732
17,2.0,61,hybrid-PCG,48,32,4,7016.79248046875,915.1294555664062,5.204286575317383,0.2515891492366791,0.15650993585586548,0.01308371964842081
17,2.0,61,angular-Jacobi-PCG,48,32,4,7016.79248046875,920.2927856445312,5.190418720245361,0.2515891492366791,0.15572601556777954,0.013428017497062683
17,2.0,62,identity-CG,48,32,4,6810.36962890625,6810.36962890625,1.0,0.2419564425945282,0.30923938751220703,0.013261022046208382
17,2.0,62,population-PCG,48,32,4,6810.36962890625,6586.0634765625,0.9375476241111755,0.2419564425945282,0.3414970338344574,0.026443302631378174
17,2.0,62,context-PCG,48,32,4,6810.36962890625,1254.03125,5.061818599700928,0.2419564425945282,0.12940090894699097,0.01165643148124218
17,2.0,62,hybrid-PCG,48,32,4,6810.36962890625,1927.597412109375,3.519519805908203,0.2419564425945282,0.18511292338371277,0.016043100506067276
17,2.0,62,angular-Jacobi-PCG,48,32,4,6810.36962890625,1745.6715087890625,3.6959283351898193,0.2419564425945282,0.17236486077308655,0.01531493291258812
17,2.0,63,identity-CG,48,32,4,7140.18603515625,7140.18603515625,1.0,0.25356820225715637,0.294897198677063,0.016765110194683075
17,2.0,63,population-PCG,48,32,4,7140.18603515625,5664.25390625,0.8984499573707581,0.25356820225715637,0.293846070766449,0.021343015134334564
17,2.0,63,context-PCG,48,32,4,7140.18603515625,940.6292724609375,6.798336982727051,0.25356820225715637,0.13511113822460175,0.013169851154088974
17,2.0,63,hybrid-PCG,48,32,4,7140.18603515625,1104.2991943359375,5.979204177856445,0.25356820225715637,0.17388391494750977,0.014891183003783226
17,2.0,63,angular-Jacobi-PCG,48,32,4,7140.18603515625,1158.607421875,6.0678253173828125,0.25356820225715637,0.1669817715883255,0.015129996463656425
17,3.0,0,identity-CG,48,32,4,3627.876220703125,3627.876220703125,1.0,0.3484407365322113,0.11102564632892609,0.011052092537283897
17,3.0,0,population-PCG,48,32,4,3627.876220703125,1576.4169921875,1.3701421022415161,0.3484407365322113,0.092439666390419,0.01400135550647974
17,3.0,0,context-PCG,48,32,4,3627.876220703125,492.7926025390625,5.482669353485107,0.3484407365322113,0.04736305773258209,0.0049054501578211784
17,3.0,0,hybrid-PCG,48,32,4,3627.876220703125,491.6667175292969,4.85972785949707,0.3484407365322113,0.06964779645204544,0.0067069875076413155
17,3.0,0,angular-Jacobi-PCG,48,32,4,3627.876220703125,481.9701232910156,4.76669454574585,0.3484407365322113,0.06788057088851929,0.006700614001601934
17,3.0,1,identity-CG,48,32,4,3449.5673828125,3449.5673828125,1.0,0.3192196786403656,0.0924953892827034,0.008652894757688046
17,3.0,1,population-PCG,48,32,4,3449.5673828125,1974.9344482421875,1.3849313259124756,0.3192196786403656,0.15190255641937256,0.01685185171663761
17,3.0,1,context-PCG,48,32,4,3449.5673828125,589.9706420898438,5.847015380859375,0.3192196786403656,0.052969250828027725,0.005489862523972988
17,3.0,1,hybrid-PCG,48,32,4,3449.5673828125,621.7100219726562,5.6614508628845215,0.3192196786403656,0.07238996773958206,0.007274530362337828
17,3.0,1,angular-Jacobi-PCG,48,32,4,3449.5673828125,621.9454345703125,5.638484477996826,0.3192196786403656,0.07647747546434402,0.007511070929467678
17,3.0,2,identity-CG,48,32,4,3598.0439453125,3598.0439453125,1.0,0.3009907603263855,0.1081833764910698,0.010451184585690498
17,3.0,2,population-PCG,48,32,4,3598.0439453125,1808.1824951171875,1.989740252494812,0.3009907603263855,0.10791321098804474,0.011704551056027412
17,3.0,2,context-PCG,48,32,4,3598.0439453125,599.1022338867188,5.939160346984863,0.3009907603263855,0.042346131056547165,0.00472774263471365
17,3.0,2,hybrid-PCG,48,32,4,3598.0439453125,533.1832275390625,6.200257301330566,0.3009907603263855,0.056640513241291046,0.006281841546297073
17,3.0,2,angular-Jacobi-PCG,48,32,4,3598.0439453125,542.140380859375,6.200904369354248,0.3009907603263855,0.05320574343204498,0.006215697154402733
17,3.0,3,identity-CG,48,32,4,3471.98486328125,3471.98486328125,1.0,0.3390337824821472,0.09775461256504059,0.009079718962311745
17,3.0,3,population-PCG,48,32,4,3471.98486328125,2385.283935546875,1.1367448568344116,0.3390337824821472,0.1306600719690323,0.013315580785274506
17,3.0,3,context-PCG,48,32,4,3471.98486328125,595.1559448242188,5.734431266784668,0.3390337824821472,0.042127400636672974,0.004393190145492554
17,3.0,3,hybrid-PCG,48,32,4,3471.98486328125,556.8932495117188,6.128429412841797,0.3390337824821472,0.05812055245041847,0.0056877704337239265
17,3.0,3,angular-Jacobi-PCG,48,32,4,3471.98486328125,561.3993530273438,6.0792388916015625,0.3390337824821472,0.058214880526065826,0.005569936241954565
17,3.0,4,identity-CG,48,32,4,3787.66015625,3787.66015625,1.0,0.35479500889778137,0.16298823058605194,0.017297375947237015
17,3.0,4,population-PCG,48,32,4,3787.66015625,3406.267822265625,0.8212875127792358,0.35479500889778137,0.20762750506401062,0.020910216495394707
17,3.0,4,context-PCG,48,32,4,3787.66015625,735.7396240234375,4.325991630554199,0.35479500889778137,0.06008625030517578,0.005994347855448723
17,3.0,4,hybrid-PCG,48,32,4,3787.66015625,791.107177734375,3.93941068649292,0.35479500889778137,0.09209544956684113,0.007716679014265537
17,3.0,4,angular-Jacobi-PCG,48,32,4,3787.66015625,799.27587890625,4.093878269195557,0.35479500889778137,0.09449809789657593,0.008318224921822548
17,3.0,5,identity-CG,48,32,4,3420.887939453125,3420.887939453125,1.0,0.3309828042984009,0.11725635081529617,0.013362913392484188
17,3.0,5,population-PCG,48,32,4,3420.887939453125,2177.2060546875,1.3815714120864868,0.3309828042984009,0.12643098831176758,0.014177940785884857
17,3.0,5,context-PCG,48,32,4,3420.887939453125,669.0642700195312,5.112943649291992,0.3309828042984009,0.05183146148920059,0.005284945014864206
17,3.0,5,hybrid-PCG,48,32,4,3420.887939453125,645.7034912109375,5.297924041748047,0.3309828042984009,0.07405077666044235,0.007089504972100258
17,3.0,5,angular-Jacobi-PCG,48,32,4,3420.887939453125,650.7303466796875,5.256997585296631,0.3309828042984009,0.07924513518810272,0.007497827522456646
17,3.0,6,identity-CG,48,32,4,3423.23779296875,3423.23779296875,1.0,0.35294076800346375,0.09030331671237946,0.008859395049512386
17,3.0,6,population-PCG,48,32,4,3423.23779296875,1666.6112060546875,2.054011106491089,0.35294076800346375,0.12828055024147034,0.015963319689035416
17,3.0,6,context-PCG,48,32,4,3423.23779296875,506.4305114746094,6.145711421966553,0.35294076800346375,0.03817147761583328,0.004770015366375446
17,3.0,6,hybrid-PCG,48,32,4,3423.23779296875,447.9718933105469,7.641635417938232,0.35294076800346375,0.04845939949154854,0.005545135587453842
17,3.0,6,angular-Jacobi-PCG,48,32,4,3423.23779296875,441.3119812011719,7.859035015106201,0.35294076800346375,0.04658198356628418,0.005308370105922222
17,3.0,7,identity-CG,48,32,4,3654.835693359375,3654.835693359375,1.0,0.3288807272911072,0.11277756094932556,0.011287222616374493
17,3.0,7,population-PCG,48,32,4,3654.835693359375,3040.08056640625,1.1557972431182861,0.3288807272911072,0.15718136727809906,0.013985143974423409
17,3.0,7,context-PCG,48,32,4,3654.835693359375,600.482666015625,5.851487636566162,0.3288807272911072,0.048001132905483246,0.005248621106147766
17,3.0,7,hybrid-PCG,48,32,4,3654.835693359375,647.2366333007812,5.428797721862793,0.3288807272911072,0.07460938394069672,0.007325293496251106
17,3.0,7,angular-Jacobi-PCG,48,32,4,3654.835693359375,635.995361328125,5.524752140045166,0.3288807272911072,0.07457028329372406,0.00714768934994936
17,3.0,8,identity-CG,48,32,4,3683.733642578125,3683.733642578125,1.0,0.33562955260276794,0.1074492335319519,0.011503280140459538
17,3.0,8,population-PCG,48,32,4,3683.733642578125,1628.2921142578125,1.5485565662384033,0.33562955260276794,0.12294330447912216,0.01322221476584673
17,3.0,8,context-PCG,48,32,4,3683.733642578125,553.7481689453125,6.652362823486328,0.33562955260276794,0.037053182721138,0.004081361927092075
17,3.0,8,hybrid-PCG,48,32,4,3683.733642578125,518.3163452148438,7.584362030029297,0.33562955260276794,0.060338541865348816,0.006522628478705883
17,3.0,8,angular-Jacobi-PCG,48,32,4,3683.733642578125,473.6432800292969,7.64435338973999,0.33562955260276794,0.05835084989666939,0.006418968550860882
17,3.0,9,identity-CG,48,32,4,3855.1328125,3855.1328125,1.0,0.32876843214035034,0.11803527176380157,0.010834742337465286
17,3.0,9,population-PCG,48,32,4,3855.1328125,1491.4820556640625,1.7679585218429565,0.32876843214035034,0.10035113245248795,0.010882405564188957
17,3.0,9,context-PCG,48,32,4,3855.1328125,598.8720092773438,6.522409439086914,0.32876843214035034,0.04403374344110489,0.0041000074706971645
17,3.0,9,hybrid-PCG,48,32,4,3855.1328125,596.3590087890625,6.498355388641357,0.32876843214035034,0.07527077943086624,0.006751533597707748
17,3.0,9,angular-Jacobi-PCG,48,32,4,3855.1328125,579.1841430664062,6.477004528045654,0.32876843214035034,0.07786629348993301,0.006677660625427961
17,3.0,10,identity-CG,48,32,4,3826.873046875,3826.873046875,1.0,0.34251153469085693,0.09496153146028519,0.009101172909140587
17,3.0,10,population-PCG,48,32,4,3826.873046875,1617.535400390625,2.041179895401001,0.34251153469085693,0.12691035866737366,0.014016401022672653
17,3.0,10,context-PCG,48,32,4,3826.873046875,553.1957397460938,6.884415149688721,0.34251153469085693,0.037743281573057175,0.004357508383691311
17,3.0,10,hybrid-PCG,48,32,4,3826.873046875,470.6017761230469,6.849483489990234,0.34251153469085693,0.044848594814538956,0.005376671440899372
17,3.0,10,angular-Jacobi-PCG,48,32,4,3826.873046875,465.3369445800781,7.025006294250488,0.34251153469085693,0.041177500039339066,0.004893280565738678
17,3.0,11,identity-CG,48,32,4,3759.20166015625,3759.20166015625,1.0,0.3490341305732727,0.10927765816450119,0.010430032387375832
17,3.0,11,population-PCG,48,32,4,3759.20166015625,1406.0933837890625,1.336533546447754,0.3490341305732727,0.1531214714050293,0.015486042015254498
17,3.0,11,context-PCG,48,32,4,3759.20166015625,496.1676330566406,7.089745998382568,0.3490341305732727,0.03847724571824074,0.004117951728403568
17,3.0,11,hybrid-PCG,48,32,4,3759.20166015625,454.5777282714844,6.936647415161133,0.3490341305732727,0.05648082494735718,0.006357390433549881
17,3.0,11,angular-Jacobi-PCG,48,32,4,3759.20166015625,433.76715087890625,7.013338565826416,0.3490341305732727,0.058576956391334534,0.007332967594265938
17,3.0,12,identity-CG,48,32,4,3846.00634765625,3846.00634765625,1.0,0.3523668348789215,0.08051182329654694,0.00820310227572918
17,3.0,12,population-PCG,48,32,4,3846.00634765625,1803.953857421875,1.4229481220245361,0.3523668348789215,0.16529937088489532,0.014595630578696728
17,3.0,12,context-PCG,48,32,4,3846.00634765625,588.996337890625,6.5297627449035645,0.3523668348789215,0.04835221916437149,0.004852720536291599
17,3.0,12,hybrid-PCG,48,32,4,3846.00634765625,556.6344604492188,6.218667984008789,0.3523668348789215,0.05723574385046959,0.00623223464936018
17,3.0,12,angular-Jacobi-PCG,48,32,4,3846.00634765625,545.7982177734375,6.375702857971191,0.3523668348789215,0.057823777198791504,0.0063283792696893215
17,3.0,13,identity-CG,48,32,4,3661.457763671875,3661.457763671875,1.0,0.3228057622909546,0.12959322333335876,0.014971073716878891
17,3.0,13,population-PCG,48,32,4,3661.457763671875,2327.5029296875,1.044318437576294,0.3228057622909546,0.1311027556657791,0.014029750600457191
17,3.0,13,context-PCG,48,32,4,3661.457763671875,619.2984619140625,5.54761266708374,0.3228057622909546,0.047216400504112244,0.0051106917671859264
17,3.0,13,hybrid-PCG,48,32,4,3661.457763671875,676.6435546875,5.141526699066162,0.3228057622909546,0.08480671793222427,0.007172096986323595
17,3.0,13,angular-Jacobi-PCG,48,32,4,3661.457763671875,636.8213500976562,5.364920139312744,0.3228057622909546,0.08229313790798187,0.006999310106039047
17,3.0,14,identity-CG,48,32,4,3478.37451171875,3478.37451171875,1.0,0.3585072457790375,0.10678423196077347,0.009650534018874168
17,3.0,14,population-PCG,48,32,4,3478.37451171875,2039.2921142578125,0.8311943411827087,0.3585072457790375,0.1574852168560028,0.01838594302535057
17,3.0,14,context-PCG,48,32,4,3478.37451171875,547.9573364257812,5.267933368682861,0.3585072457790375,0.03886915743350983,0.004935369826853275
17,3.0,14,hybrid-PCG,48,32,4,3478.37451171875,454.8360290527344,5.436982154846191,0.3585072457790375,0.05583786219358444,0.00655738078057766
17,3.0,14,angular-Jacobi-PCG,48,32,4,3478.37451171875,464.6184387207031,5.342776298522949,0.3585072457790375,0.0578509084880352,0.006796266883611679
17,3.0,15,identity-CG,48,32,4,3584.88330078125,3584.88330078125,1.0,0.32333487272262573,0.09875108301639557,0.012536185793578625
17,3.0,15,population-PCG,48,32,4,3584.88330078125,2050.308349609375,1.5961573123931885,0.32333487272262573,0.13210034370422363,0.014166681095957756
17,3.0,15,context-PCG,48,32,4,3584.88330078125,607.0745239257812,5.450287818908691,0.32333487272262573,0.04994293302297592,0.0050595225766301155
17,3.0,15,hybrid-PCG,48,32,4,3584.88330078125,600.5082397460938,5.502751350402832,0.32333487272262573,0.053281884640455246,0.0058338455855846405
17,3.0,15,angular-Jacobi-PCG,48,32,4,3584.88330078125,596.2815551757812,5.541757106781006,0.32333487272262573,0.05342152714729309,0.005777789279818535
17,3.0,16,identity-CG,48,32,4,3480.634033203125,3480.634033203125,1.0,0.3107614815235138,0.1030709519982338,0.008853293024003506
17,3.0,16,population-PCG,48,32,4,3480.634033203125,1234.23486328125,1.2589898109436035,0.3107614815235138,0.12743449211120605,0.013853978365659714
17,3.0,16,context-PCG,48,32,4,3480.634033203125,522.131103515625,6.1551337242126465,0.3107614815235138,0.04656895995140076,0.0049971845000982285
17,3.0,16,hybrid-PCG,48,32,4,3480.634033203125,579.568359375,5.533818244934082,0.3107614815235138,0.06998251378536224,0.007903010584414005
17,3.0,16,angular-Jacobi-PCG,48,32,4,3480.634033203125,557.8479614257812,5.60771369934082,0.3107614815235138,0.06891727447509766,0.007191303186118603
17,3.0,17,identity-CG,48,32,4,3295.461181640625,3295.461181640625,1.0,0.3440038561820984,0.08567541837692261,0.009180901572108269
17,3.0,17,population-PCG,48,32,4,3295.461181640625,2625.61181640625,1.0882502794265747,0.3440038561820984,0.18144363164901733,0.018107615411281586
17,3.0,17,context-PCG,48,32,4,3295.461181640625,667.3751220703125,5.2335662841796875,0.3440038561820984,0.04948043078184128,0.005038570612668991
17,3.0,17,hybrid-PCG,48,32,4,3295.461181640625,616.9085693359375,5.440671920776367,0.3440038561820984,0.08953547477722168,0.0071851699613034725
17,3.0,17,angular-Jacobi-PCG,48,32,4,3295.461181640625,617.2058715820312,5.358373165130615,0.3440038561820984,0.09159599989652634,0.007396269589662552
17,3.0,18,identity-CG,48,32,4,3648.162841796875,3648.162841796875,1.0,0.31240805983543396,0.12433666735887527,0.014286912977695465
17,3.0,18,population-PCG,48,32,4,3648.162841796875,1273.3782958984375,2.0450663566589355,0.31240805983543396,0.10509172827005386,0.011221740394830704
17,3.0,18,context-PCG,48,32,4,3648.162841796875,501.74053955078125,7.27101469039917,0.31240805983543396,0.030434321612119675,0.004046386107802391
17,3.0,18,hybrid-PCG,48,32,4,3648.162841796875,501.93316650390625,6.462183475494385,0.31240805983543396,0.047061752527952194,0.005722127389162779
17,3.0,18,angular-Jacobi-PCG,48,32,4,3648.162841796875,483.5396728515625,6.868502140045166,0.31240805983543396,0.04485064744949341,0.005503090098500252
17,3.0,19,identity-CG,48,32,4,3755.975830078125,3755.975830078125,1.0,0.3172862231731415,0.1195545420050621,0.012683067470788956
17,3.0,19,population-PCG,48,32,4,3755.975830078125,1431.93310546875,2.373741626739502,0.3172862231731415,0.11520275473594666,0.014631262049078941
17,3.0,19,context-PCG,48,32,4,3755.975830078125,523.9227294921875,6.627685546875,0.3172862231731415,0.031340427696704865,0.0036539665888994932
17,3.0,19,hybrid-PCG,48,32,4,3755.975830078125,477.80535888671875,7.715085983276367,0.3172862231731415,0.05207370966672897,0.0057893842458724976
17,3.0,19,angular-Jacobi-PCG,48,32,4,3755.975830078125,461.36175537109375,7.9224324226379395,0.3172862231731415,0.05099114030599594,0.005776450037956238
17,3.0,20,identity-CG,48,32,4,3478.79931640625,3478.79931640625,1.0,0.3233773112297058,0.13766694068908691,0.016992945224046707
17,3.0,20,population-PCG,48,32,4,3478.79931640625,1275.2301025390625,1.4833226203918457,0.3233773112297058,0.12934209406375885,0.016188476234674454
17,3.0,20,context-PCG,48,32,4,3478.79931640625,536.6334838867188,5.065096378326416,0.3233773112297058,0.047526441514492035,0.004911994095891714
17,3.0,20,hybrid-PCG,48,32,4,3478.79931640625,487.82421875,4.586435317993164,0.3233773112297058,0.07721857726573944,0.006852691061794758
17,3.0,20,angular-Jacobi-PCG,48,32,4,3478.79931640625,477.7239990234375,4.578837871551514,0.3233773112297058,0.08107241988182068,0.007340254727751017
17,3.0,21,identity-CG,48,32,4,3636.8955078125,3636.8955078125,1.0,0.34449878334999084,0.08644883334636688,0.008028360083699226
17,3.0,21,population-PCG,48,32,4,3636.8955078125,3369.683837890625,1.009822130203247,0.34449878334999084,0.20430243015289307,0.01642349176108837
17,3.0,21,context-PCG,48,32,4,3636.8955078125,656.1636962890625,5.542665004730225,0.34449878334999084,0.0520031712949276,0.005627661477774382
17,3.0,21,hybrid-PCG,48,32,4,3636.8955078125,674.0257568359375,5.028643608093262,0.34449878334999084,0.0830664336681366,0.007795353420078754
17,3.0,21,angular-Jacobi-PCG,48,32,4,3636.8955078125,685.9354858398438,5.041759490966797,0.34449878334999084,0.08020099997520447,0.007758812513202429
17,3.0,22,identity-CG,48,32,4,3634.60302734375,3634.60302734375,1.0,0.36232686042785645,0.09396575391292572,0.00995953194797039
17,3.0,22,population-PCG,48,32,4,3634.60302734375,2888.2177734375,1.139950156211853,0.36232686042785645,0.19597676396369934,0.018740378320217133
17,3.0,22,context-PCG,48,32,4,3634.60302734375,654.1679077148438,4.4781880378723145,0.36232686042785645,0.05381204932928085,0.005278864409774542
17,3.0,22,hybrid-PCG,48,32,4,3634.60302734375,624.8995361328125,3.8809690475463867,0.36232686042785645,0.09580624103546143,0.008270264603197575
17,3.0,22,angular-Jacobi-PCG,48,32,4,3634.60302734375,621.3375854492188,3.8642683029174805,0.36232686042785645,0.09513755887746811,0.008134953677654266
17,3.0,23,identity-CG,48,32,4,3535.2197265625,3535.2197265625,1.0,0.3473301827907562,0.09533452242612839,0.008989802561700344
17,3.0,23,population-PCG,48,32,4,3535.2197265625,2880.087890625,1.2274694442749023,0.3473301827907562,0.1267092525959015,0.014541972428560257
17,3.0,23,context-PCG,48,32,4,3535.2197265625,628.7485961914062,5.26467227935791,0.3473301827907562,0.04268506169319153,0.004213306121528149
17,3.0,23,hybrid-PCG,48,32,4,3535.2197265625,589.01904296875,5.051310062408447,0.3473301827907562,0.06155044212937355,0.007203151471912861
17,3.0,23,angular-Jacobi-PCG,48,32,4,3535.2197265625,589.077880859375,4.989924430847168,0.3473301827907562,0.06325739622116089,0.0072885071858763695
17,3.0,24,identity-CG,48,32,4,3627.35791015625,3627.35791015625,1.0,0.3013831377029419,0.11835262924432755,0.013040786609053612
17,3.0,24,population-PCG,48,32,4,3627.35791015625,1388.089111328125,2.1389901638031006,0.3013831377029419,0.09083550423383713,0.010849791578948498
17,3.0,24,context-PCG,48,32,4,3627.35791015625,465.69451904296875,6.90739631652832,0.3013831377029419,0.035673677921295166,0.004066133871674538
17,3.0,24,hybrid-PCG,48,32,4,3627.35791015625,435.78033447265625,8.162219047546387,0.3013831377029419,0.049652036279439926,0.0054288338869810104
17,3.0,24,angular-Jacobi-PCG,48,32,4,3627.35791015625,422.999755859375,8.254668235778809,0.3013831377029419,0.04901212453842163,0.005493310280144215
17,3.0,25,identity-CG,48,32,4,3609.211181640625,3609.211181640625,1.0,0.3116159439086914,0.12619845569133759,0.013939970172941685
17,3.0,25,population-PCG,48,32,4,3609.211181640625,1832.013916015625,1.3854663372039795,0.3116159439086914,0.11966948956251144,0.012845665216445923
17,3.0,25,context-PCG,48,32,4,3609.211181640625,575.1528930664062,5.797694683074951,0.3116159439086914,0.04716372489929199,0.004977288655936718
17,3.0,25,hybrid-PCG,48,32,4,3609.211181640625,648.0557861328125,5.5112409591674805,0.3116159439086914,0.06301534920930862,0.007279133424162865
17,3.0,25,angular-Jacobi-PCG,48,32,4,3609.211181640625,653.5770874023438,5.6729841232299805,0.3116159439086914,0.06439521908760071,0.007340933661907911
17,3.0,26,identity-CG,48,32,4,3552.4111328125,3552.4111328125,1.0,0.33728301525115967,0.07564160227775574,0.0076146903447806835
17,3.0,26,population-PCG,48,32,4,3552.4111328125,2725.560791015625,0.8312264680862427,0.33728301525115967,0.19091838598251343,0.018035581335425377
17,3.0,26,context-PCG,48,32,4,3552.4111328125,639.6390991210938,4.099772930145264,0.33728301525115967,0.06940314173698425,0.006507772486656904
17,3.0,26,hybrid-PCG,48,32,4,3552.4111328125,715.0580444335938,3.076456308364868,0.33728301525115967,0.10538523644208908,0.009472383186221123
17,3.0,26,angular-Jacobi-PCG,48,32,4,3552.4111328125,727.3909912109375,3.1376588344573975,0.33728301525115967,0.10569771379232407,0.009497175924479961
17,3.0,27,identity-CG,48,32,4,3494.080810546875,3494.080810546875,1.0,0.3275792598724365,0.11656617373228073,0.01179368793964386
17,3.0,27,population-PCG,48,32,4,3494.080810546875,2284.5146484375,0.8958479166030884,0.3275792598724365,0.18210895359516144,0.021068891510367393
17,3.0,27,context-PCG,48,32,4,3494.080810546875,516.9273681640625,5.710341453552246,0.3275792598724365,0.04205434024333954,0.004941730760037899
17,3.0,27,hybrid-PCG,48,32,4,3494.080810546875,507.6368408203125,5.264533042907715,0.3275792598724365,0.06660991907119751,0.007174414582550526
17,3.0,27,angular-Jacobi-PCG,48,32,4,3494.080810546875,513.7946166992188,5.211705207824707,0.3275792598724365,0.06558787822723389,0.00722652580589056
17,3.0,28,identity-CG,48,32,4,3755.846923828125,3755.846923828125,1.0,0.319923996925354,0.09558995068073273,0.008148924447596073
17,3.0,28,population-PCG,48,32,4,3755.846923828125,1999.1612548828125,0.9137299656867981,0.319923996925354,0.14780983328819275,0.013572719879448414
17,3.0,28,context-PCG,48,32,4,3755.846923828125,587.846435546875,5.057132720947266,0.319923996925354,0.04888789728283882,0.004751052241772413
17,3.0,28,hybrid-PCG,48,32,4,3755.846923828125,601.7083740234375,4.622067451477051,0.319923996925354,0.07575765252113342,0.007884729653596878
17,3.0,28,angular-Jacobi-PCG,48,32,4,3755.846923828125,590.8547973632812,4.623074531555176,0.319923996925354,0.07600758969783783,0.0077933864668011665
17,3.0,29,identity-CG,48,32,4,3531.81689453125,3531.81689453125,1.0,0.3078743815422058,0.11692442744970322,0.012148277834057808
17,3.0,29,population-PCG,48,32,4,3531.81689453125,3641.636474609375,0.9151756167411804,0.3078743815422058,0.21990105509757996,0.017852049320936203
17,3.0,29,context-PCG,48,32,4,3531.81689453125,676.3497924804688,4.465706825256348,0.3078743815422058,0.06609176099300385,0.0061342548578977585
17,3.0,29,hybrid-PCG,48,32,4,3531.81689453125,798.6809692382812,3.747929811477661,0.3078743815422058,0.13042791187763214,0.008848387748003006
17,3.0,29,angular-Jacobi-PCG,48,32,4,3531.81689453125,801.6001586914062,3.832498550415039,0.3078743815422058,0.12996837496757507,0.009554869495332241
17,3.0,30,identity-CG,48,32,4,3578.66259765625,3578.66259765625,1.0,0.3580979108810425,0.10251839458942413,0.01138131134212017
17,3.0,30,population-PCG,48,32,4,3578.66259765625,3560.555908203125,0.6808252930641174,0.3580979108810425,0.1839556246995926,0.016542427241802216
17,3.0,30,context-PCG,48,32,4,3578.66259765625,742.7548217773438,4.818094253540039,0.3580979108810425,0.05854920297861099,0.005781729705631733
17,3.0,30,hybrid-PCG,48,32,4,3578.66259765625,885.6470336914062,4.040732383728027,0.3580979108810425,0.10253462195396423,0.009350869804620743
17,3.0,30,angular-Jacobi-PCG,48,32,4,3578.66259765625,834.7077026367188,4.056958198547363,0.3580979108810425,0.0992078185081482,0.009122481569647789
17,3.0,31,identity-CG,48,32,4,3892.2841796875,3892.2841796875,1.0,0.3460674583911896,0.10960429906845093,0.010374839417636395
17,3.0,31,population-PCG,48,32,4,3892.2841796875,3227.044921875,0.8682828545570374,0.3460674583911896,0.19843348860740662,0.01631460338830948
17,3.0,31,context-PCG,48,32,4,3892.2841796875,625.5589599609375,5.4464850425720215,0.3460674583911896,0.0610925555229187,0.0059333317913115025
17,3.0,31,hybrid-PCG,48,32,4,3892.2841796875,631.4766235351562,4.416472911834717,0.3460674583911896,0.12361256033182144,0.007881668396294117
17,3.0,31,angular-Jacobi-PCG,48,32,4,3892.2841796875,653.1510009765625,4.482367038726807,0.3460674583911896,0.11223558336496353,0.007645401172339916
17,3.0,32,identity-CG,48,32,4,3717.3525390625,3717.3525390625,1.0,0.3001402020454407,0.11624843627214432,0.01417003944516182
17,3.0,32,population-PCG,48,32,4,3717.3525390625,925.3179321289062,1.7256919145584106,0.3001402020454407,0.1064092367887497,0.012946642935276031
17,3.0,32,context-PCG,48,32,4,3717.3525390625,481.70556640625,6.519320487976074,0.3001402020454407,0.02957024984061718,0.0036375646013766527
17,3.0,32,hybrid-PCG,48,32,4,3717.3525390625,428.2284851074219,6.235989093780518,0.3001402020454407,0.046320840716362,0.005445857532322407
17,3.0,32,angular-Jacobi-PCG,48,32,4,3717.3525390625,422.1742858886719,6.294711112976074,0.3001402020454407,0.04775896668434143,0.0054554808884859085
17,3.0,33,identity-CG,48,32,4,3539.8115234375,3539.8115234375,1.0,0.31926971673965454,0.1277177631855011,0.012240614742040634
17,3.0,33,population-PCG,48,32,4,3539.8115234375,2179.389404296875,1.0354660749435425,0.31926971673965454,0.18738582730293274,0.01780279166996479
17,3.0,33,context-PCG,48,32,4,3539.8115234375,589.8717651367188,5.733583450317383,0.31926971673965454,0.05717740207910538,0.006189977750182152
17,3.0,33,hybrid-PCG,48,32,4,3539.8115234375,610.9736328125,5.420693874359131,0.31926971673965454,0.09325069189071655,0.009015191346406937
17,3.0,33,angular-Jacobi-PCG,48,32,4,3539.8115234375,611.3428344726562,5.391171932220459,0.31926971673965454,0.09394066780805588,0.00908607617020607
17,3.0,34,identity-CG,48,32,4,3766.052978515625,3766.052978515625,1.0,0.33362266421318054,0.1050710529088974,0.009581226855516434
17,3.0,34,population-PCG,48,32,4,3766.052978515625,1802.1068115234375,1.9748648405075073,0.33362266421318054,0.12365241348743439,0.013294864445924759
17,3.0,34,context-PCG,48,32,4,3766.052978515625,552.0718383789062,5.552978038787842,0.33362266421318054,0.04855460673570633,0.005515042692422867
17,3.0,34,hybrid-PCG,48,32,4,3766.052978515625,516.4122924804688,4.619890213012695,0.33362266421318054,0.0717352032661438,0.007831289432942867
17,3.0,34,angular-Jacobi-PCG,48,32,4,3766.052978515625,537.3287963867188,4.703393936157227,0.33362266421318054,0.06839993596076965,0.0074882786720991135
17,3.0,35,identity-CG,48,32,4,3383.44970703125,3383.44970703125,1.0,0.31556737422943115,0.11395339667797089,0.01159309409558773
17,3.0,35,population-PCG,48,32,4,3383.44970703125,2734.01806640625,0.9414305686950684,0.31556737422943115,0.16518008708953857,0.0154294203966856
17,3.0,35,context-PCG,48,32,4,3383.44970703125,634.6383056640625,4.739673137664795,0.31556737422943115,0.053967032581567764,0.00546306325122714
17,3.0,35,hybrid-PCG,48,32,4,3383.44970703125,716.4788208007812,4.48408842086792,0.31556737422943115,0.09309805184602737,0.00859484076499939
17,3.0,35,angular-Jacobi-PCG,48,32,4,3383.44970703125,696.8735961914062,4.502004623413086,0.31556737422943115,0.09220286458730698,0.008204976096749306
17,3.0,36,identity-CG,48,32,4,3439.1162109375,3439.1162109375,1.0,0.3404027223587036,0.09705245494842529,0.010501274839043617
17,3.0,36,population-PCG,48,32,4,3439.1162109375,2409.618408203125,1.1064456701278687,0.3404027223587036,0.12362180650234222,0.01432446576654911
17,3.0,36,context-PCG,48,32,4,3439.1162109375,612.0555419921875,4.551822662353516,0.3404027223587036,0.05889708921313286,0.006405425723642111
17,3.0,36,hybrid-PCG,48,32,4,3439.1162109375,622.9837036132812,3.987138032913208,0.3404027223587036,0.08767307549715042,0.008667923510074615
17,3.0,36,angular-Jacobi-PCG,48,32,4,3439.1162109375,631.430419921875,4.12524938583374,0.3404027223587036,0.08570654690265656,0.008146345615386963
17,3.0,37,identity-CG,48,32,4,3584.264892578125,3584.264892578125,1.0,0.3316546380519867,0.10781438648700714,0.011600226163864136
17,3.0,37,population-PCG,48,32,4,3584.264892578125,2328.638671875,1.4939724206924438,0.3316546380519867,0.14707781374454498,0.01648731529712677
17,3.0,37,context-PCG,48,32,4,3584.264892578125,588.7282104492188,6.088148593902588,0.3316546380519867,0.04246905818581581,0.004451232962310314
17,3.0,37,hybrid-PCG,48,32,4,3584.264892578125,524.7711791992188,6.13178825378418,0.3316546380519867,0.06819654256105423,0.0070918104611337185
17,3.0,37,angular-Jacobi-PCG,48,32,4,3584.264892578125,533.8755493164062,6.321238040924072,0.3316546380519867,0.06823559105396271,0.007082708179950714
17,3.0,38,identity-CG,48,32,4,3768.032470703125,3768.032470703125,1.0,0.35141777992248535,0.1282656192779541,0.014458348974585533
17,3.0,38,population-PCG,48,32,4,3768.032470703125,2412.746337890625,1.3192543983459473,0.35141777992248535,0.12019501626491547,0.01102924533188343
17,3.0,38,context-PCG,48,32,4,3768.032470703125,612.9666748046875,6.05159330368042,0.35141777992248535,0.04737295210361481,0.004729459993541241
17,3.0,38,hybrid-PCG,48,32,4,3768.032470703125,556.2735595703125,5.660398960113525,0.35141777992248535,0.06990481913089752,0.0071782744489610195
17,3.0,38,angular-Jacobi-PCG,48,32,4,3768.032470703125,538.0964965820312,6.027451515197754,0.35141777992248535,0.06872302293777466,0.006920869927853346
17,3.0,39,identity-CG,48,32,4,3385.64794921875,3385.64794921875,1.0,0.32581284642219543,0.0827193334698677,0.009052254259586334
17,3.0,39,population-PCG,48,32,4,3385.64794921875,2045.93408203125,1.3201439380645752,0.32581284642219543,0.1788153052330017,0.017189612612128258
17,3.0,39,context-PCG,48,32,4,3385.64794921875,626.6322631835938,5.402926445007324,0.32581284642219543,0.056254882365465164,0.005350102670490742
17,3.0,39,hybrid-PCG,48,32,4,3385.64794921875,539.6839599609375,5.6889777183532715,0.32581284642219543,0.0681144967675209,0.00702232401818037
17,3.0,39,angular-Jacobi-PCG,48,32,4,3385.64794921875,531.146728515625,5.7528886795043945,0.32581284642219543,0.06676726043224335,0.006922496482729912
17,3.0,40,identity-CG,48,32,4,3395.11083984375,3395.11083984375,1.0,0.30150139331817627,0.11423914134502411,0.012225352227687836
17,3.0,40,population-PCG,48,32,4,3395.11083984375,2703.07373046875,0.9627796411514282,0.30150139331817627,0.1596682369709015,0.01939166523516178
17,3.0,40,context-PCG,48,32,4,3395.11083984375,713.1056518554688,5.003918170928955,0.30150139331817627,0.05338476598262787,0.006033400073647499
17,3.0,40,hybrid-PCG,48,32,4,3395.11083984375,666.9131469726562,5.154027938842773,0.30150139331817627,0.09088629484176636,0.00892292708158493
17,3.0,40,angular-Jacobi-PCG,48,32,4,3395.11083984375,683.4157104492188,5.009863376617432,0.30150139331817627,0.09413394331932068,0.009412821382284164
17,3.0,41,identity-CG,48,32,4,3692.1171875,3692.1171875,1.0,0.3040443956851959,0.10496670007705688,0.0113262003287673
17,3.0,41,population-PCG,48,32,4,3692.1171875,4052.546875,0.9031597971916199,0.3040443956851959,0.21381406486034393,0.018436577171087265
17,3.0,41,context-PCG,48,32,4,3692.1171875,673.825927734375,4.787201881408691,0.3040443956851959,0.049326010048389435,0.005179540254175663
17,3.0,41,hybrid-PCG,48,32,4,3692.1171875,764.3142700195312,4.152004718780518,0.3040443956851959,0.11074705421924591,0.009329421445727348
17,3.0,41,angular-Jacobi-PCG,48,32,4,3692.1171875,764.604248046875,4.240111351013184,0.3040443956851959,0.10636941343545914,0.009234415367245674
17,3.0,42,identity-CG,48,32,4,3689.60400390625,3689.60400390625,1.0,0.3237663507461548,0.08534974604845047,0.011034524068236351
17,3.0,42,population-PCG,48,32,4,3689.60400390625,2356.271484375,1.1923267841339111,0.3237663507461548,0.11016667634248734,0.011680151335895061
17,3.0,42,context-PCG,48,32,4,3689.60400390625,565.5311889648438,5.570419788360596,0.3237663507461548,0.04899613931775093,0.005274529568850994
17,3.0,42,hybrid-PCG,48,32,4,3689.60400390625,555.992431640625,5.270132541656494,0.3237663507461548,0.0909048318862915,0.007925164885818958
17,3.0,42,angular-Jacobi-PCG,48,32,4,3689.60400390625,563.0391845703125,5.352569103240967,0.3237663507461548,0.08298881351947784,0.007420601323246956
17,3.0,43,identity-CG,48,32,4,3506.145263671875,3506.145263671875,1.0,0.3521307706832886,0.09092707931995392,0.009876474738121033
17,3.0,43,population-PCG,48,32,4,3506.145263671875,3715.609375,1.0002079010009766,0.3521307706832886,0.18464809656143188,0.016266360878944397
17,3.0,43,context-PCG,48,32,4,3506.145263671875,729.0320434570312,4.636233806610107,0.3521307706832886,0.05520744249224663,0.005711061879992485
17,3.0,43,hybrid-PCG,48,32,4,3506.145263671875,800.4970703125,4.2997355461120605,0.3521307706832886,0.08748255670070648,0.007786774542182684
17,3.0,43,angular-Jacobi-PCG,48,32,4,3506.145263671875,799.7670288085938,4.309187889099121,0.3521307706832886,0.08798177540302277,0.007950946688652039
17,3.0,44,identity-CG,48,32,4,3563.970947265625,3563.970947265625,1.0,0.3341154158115387,0.11507036536931992,0.01067429967224598
17,3.0,44,population-PCG,48,32,4,3563.970947265625,1950.8494873046875,1.2963783740997314,0.3341154158115387,0.13565784692764282,0.015971727669239044
17,3.0,44,context-PCG,48,32,4,3563.970947265625,633.00146484375,5.693525314331055,0.3341154158115387,0.046921469271183014,0.005441921763122082
17,3.0,44,hybrid-PCG,48,32,4,3563.970947265625,699.5961303710938,4.759559154510498,0.3341154158115387,0.0827828198671341,0.007638031616806984
17,3.0,44,angular-Jacobi-PCG,48,32,4,3563.970947265625,694.0482177734375,5.03921365737915,0.3341154158115387,0.08557954430580139,0.007784861605614424
17,3.0,45,identity-CG,48,32,4,3703.046630859375,3703.046630859375,1.0,0.3067987263202667,0.1411740779876709,0.01358025148510933
17,3.0,45,population-PCG,48,32,4,3703.046630859375,2005.070068359375,1.4329925775527954,0.3067987263202667,0.1125333160161972,0.012972382828593254
17,3.0,45,context-PCG,48,32,4,3703.046630859375,551.7279663085938,5.946256160736084,0.3067987263202667,0.04023114964365959,0.004118865355849266
17,3.0,45,hybrid-PCG,48,32,4,3703.046630859375,514.1981201171875,6.650466442108154,0.3067987263202667,0.05791987478733063,0.0064085703343153
17,3.0,45,angular-Jacobi-PCG,48,32,4,3703.046630859375,493.40863037109375,6.7062811851501465,0.3067987263202667,0.059997886419296265,0.0065004173666238785
17,3.0,46,identity-CG,48,32,4,3843.3662109375,3843.3662109375,1.0,0.35447853803634644,0.09851571917533875,0.010546976700425148
17,3.0,46,population-PCG,48,32,4,3843.3662109375,1261.77001953125,2.213914155960083,0.35447853803634644,0.09467101097106934,0.011499902233481407
17,3.0,46,context-PCG,48,32,4,3843.3662109375,533.4820556640625,6.454090595245361,0.35447853803634644,0.03825981914997101,0.004158191382884979
17,3.0,46,hybrid-PCG,48,32,4,3843.3662109375,524.0174560546875,6.304322719573975,0.35447853803634644,0.06018957495689392,0.006244960241019726
17,3.0,46,angular-Jacobi-PCG,48,32,4,3843.3662109375,505.4608154296875,6.347290992736816,0.35447853803634644,0.06022660806775093,0.006238893605768681
17,3.0,47,identity-CG,48,32,4,3829.36083984375,3829.36083984375,1.0,0.32479605078697205,0.13546445965766907,0.014559175819158554
17,3.0,47,population-PCG,48,32,4,3829.36083984375,2841.689208984375,1.2121775150299072,0.32479605078697205,0.15624594688415527,0.01855890080332756
17,3.0,47,context-PCG,48,32,4,3829.36083984375,612.9051513671875,5.240604877471924,0.32479605078697205,0.06292429566383362,0.00566892372444272
17,3.0,47,hybrid-PCG,48,32,4,3829.36083984375,686.8529052734375,5.374082088470459,0.32479605078697205,0.1087007224559784,0.00980687141418457
17,3.0,47,angular-Jacobi-PCG,48,32,4,3829.36083984375,664.7060546875,5.5721001625061035,0.32479605078697205,0.10600173473358154,0.009467042982578278
17,3.0,48,identity-CG,48,32,4,3393.318359375,3393.318359375,1.0,0.3152126371860504,0.10369765758514404,0.012100097723305225
17,3.0,48,population-PCG,48,32,4,3393.318359375,2080.765625,1.2989556789398193,0.3152126371860504,0.11458839476108551,0.012783929705619812
17,3.0,48,context-PCG,48,32,4,3393.318359375,582.8306884765625,5.124855995178223,0.3152126371860504,0.041234340518713,0.005258471705019474
17,3.0,48,hybrid-PCG,48,32,4,3393.318359375,553.7377319335938,5.580688953399658,0.3152126371860504,0.06562209129333496,0.0073382556438446045
17,3.0,48,angular-Jacobi-PCG,48,32,4,3393.318359375,563.35107421875,5.764605522155762,0.3152126371860504,0.06572546809911728,0.007348235696554184
17,3.0,49,identity-CG,48,32,4,3642.4150390625,3642.4150390625,1.0,0.3128722310066223,0.1310281753540039,0.012460285797715187
17,3.0,49,population-PCG,48,32,4,3642.4150390625,1652.2918701171875,1.1909533739089966,0.3128722310066223,0.14463861286640167,0.013715474866330624
17,3.0,49,context-PCG,48,32,4,3642.4150390625,709.645751953125,4.703548908233643,0.3128722310066223,0.06070103496313095,0.006215889472514391
17,3.0,49,hybrid-PCG,48,32,4,3642.4150390625,773.7662963867188,4.1173601150512695,0.3128722310066223,0.09099634736776352,0.008528945967555046
17,3.0,49,angular-Jacobi-PCG,48,32,4,3642.4150390625,774.6589965820312,4.126862049102783,0.3128722310066223,0.08743102848529816,0.008096347562968731
17,3.0,50,identity-CG,48,32,4,3263.6611328125,3263.6611328125,1.0,0.291903555393219,0.1034257635474205,0.01084914244711399
17,3.0,50,population-PCG,48,32,4,3263.6611328125,2206.01171875,1.3538943529129028,0.291903555393219,0.1507301926612854,0.017467733472585678
17,3.0,50,context-PCG,48,32,4,3263.6611328125,669.97216796875,5.023548126220703,0.291903555393219,0.05461198836565018,0.005431968253105879
17,3.0,50,hybrid-PCG,48,32,4,3263.6611328125,740.4922485351562,4.778020858764648,0.291903555393219,0.0836917981505394,0.007639406248927116
17,3.0,50,angular-Jacobi-PCG,48,32,4,3263.6611328125,726.6083984375,4.730903148651123,0.291903555393219,0.08270762860774994,0.007629647850990295
17,3.0,51,identity-CG,48,32,4,3600.411865234375,3600.411865234375,1.0,0.3330926299095154,0.12997110188007355,0.012023472227156162
17,3.0,51,population-PCG,48,32,4,3600.411865234375,1884.18408203125,1.1079108715057373,0.3330926299095154,0.20184245705604553,0.016974832862615585
17,3.0,51,context-PCG,48,32,4,3600.411865234375,637.0086669921875,5.6520609855651855,0.3330926299095154,0.056372471153736115,0.005386178847402334
17,3.0,51,hybrid-PCG,48,32,4,3600.411865234375,607.7958984375,5.923718452453613,0.3330926299095154,0.08856862038373947,0.008121481165289879
17,3.0,51,angular-Jacobi-PCG,48,32,4,3600.411865234375,610.0752563476562,5.782922267913818,0.3330926299095154,0.08404898643493652,0.007515554782003164
17,3.0,52,identity-CG,48,32,4,3513.991943359375,3513.991943359375,1.0,0.32309243083000183,0.10284174978733063,0.010029721073806286
17,3.0,52,population-PCG,48,32,4,3513.991943359375,2081.628173828125,1.5573341846466064,0.32309243083000183,0.12204732745885849,0.013461129739880562
17,3.0,52,context-PCG,48,32,4,3513.991943359375,553.8606567382812,6.1141839027404785,0.32309243083000183,0.03707819804549217,0.004846806172281504
17,3.0,52,hybrid-PCG,48,32,4,3513.991943359375,522.316162109375,6.425725936889648,0.32309243083000183,0.049267109483480453,0.00601947819814086
17,3.0,52,angular-Jacobi-PCG,48,32,4,3513.991943359375,525.5156860351562,6.198293209075928,0.32309243083000183,0.05052701383829117,0.006033386569470167
17,3.0,53,identity-CG,48,32,4,3546.968017578125,3546.968017578125,1.0,0.33238333463668823,0.11497018486261368,0.009532932192087173
17,3.0,53,population-PCG,48,32,4,3546.968017578125,2466.125732421875,1.2200145721435547,0.33238333463668823,0.15696951746940613,0.015578251332044601
17,3.0,53,context-PCG,48,32,4,3546.968017578125,689.7760620117188,4.83392333984375,0.33238333463668823,0.04885442182421684,0.005371882580220699
17,3.0,53,hybrid-PCG,48,32,4,3546.968017578125,699.7664184570312,4.489007472991943,0.33238333463668823,0.08984590321779251,0.007593302521854639
17,3.0,53,angular-Jacobi-PCG,48,32,4,3546.968017578125,699.1777954101562,4.431302547454834,0.33238333463668823,0.09203700721263885,0.008063048124313354
17,3.0,54,identity-CG,48,32,4,3619.7919921875,3619.7919921875,1.0,0.33545008301734924,0.09634942561388016,0.009150605648756027
17,3.0,54,population-PCG,48,32,4,3619.7919921875,3817.17431640625,0.9043548703193665,0.33545008301734924,0.15353739261627197,0.016314448788762093
17,3.0,54,context-PCG,48,32,4,3619.7919921875,659.941162109375,5.221189498901367,0.33545008301734924,0.05423947423696518,0.00534094637259841
17,3.0,54,hybrid-PCG,48,32,4,3619.7919921875,684.6734619140625,4.397996425628662,0.33545008301734924,0.0847862958908081,0.00969768688082695
17,3.0,54,angular-Jacobi-PCG,48,32,4,3619.7919921875,685.2617797851562,4.525787830352783,0.33545008301734924,0.08407889306545258,0.009639019146561623
17,3.0,55,identity-CG,48,32,4,3607.381591796875,3607.381591796875,1.0,0.3205142021179199,0.12034934759140015,0.010843638330698013
17,3.0,55,population-PCG,48,32,4,3607.381591796875,3194.417724609375,1.0633631944656372,0.3205142021179199,0.17634382843971252,0.013026192784309387
17,3.0,55,context-PCG,48,32,4,3607.381591796875,738.6873779296875,4.531742572784424,0.3205142021179199,0.06761699914932251,0.006126835010945797
17,3.0,55,hybrid-PCG,48,32,4,3607.381591796875,838.2395629882812,3.958432912826538,0.3205142021179199,0.11309307813644409,0.00997951440513134
17,3.0,55,angular-Jacobi-PCG,48,32,4,3607.381591796875,827.37060546875,4.126497268676758,0.3205142021179199,0.10953390598297119,0.009827789850533009
17,3.0,56,identity-CG,48,32,4,3618.0625,3618.0625,1.0,0.3416784405708313,0.08941777050495148,0.01124594546854496
17,3.0,56,population-PCG,48,32,4,3618.0625,2957.03466796875,1.1099058389663696,0.3416784405708313,0.13655954599380493,0.017730679363012314
17,3.0,56,context-PCG,48,32,4,3618.0625,578.7501220703125,5.9143242835998535,0.3416784405708313,0.033861834555864334,0.004395972937345505
17,3.0,56,hybrid-PCG,48,32,4,3618.0625,603.4069213867188,5.698001861572266,0.3416784405708313,0.06831137090921402,0.007255845703184605
17,3.0,56,angular-Jacobi-PCG,48,32,4,3618.0625,603.3746337890625,5.710411548614502,0.3416784405708313,0.06606392562389374,0.006881475914269686
17,3.0,57,identity-CG,48,32,4,3693.171630859375,3693.171630859375,1.0,0.33482789993286133,0.11149822175502777,0.012649568729102612
17,3.0,57,population-PCG,48,32,4,3693.171630859375,3405.57666015625,0.834600567817688,0.33482789993286133,0.16944801807403564,0.015580384992063046
17,3.0,57,context-PCG,48,32,4,3693.171630859375,694.1864624023438,4.564671039581299,0.33482789993286133,0.06565630435943604,0.005410300567746162
17,3.0,57,hybrid-PCG,48,32,4,3693.171630859375,737.846923828125,4.33782958984375,0.33482789993286133,0.09238365292549133,0.008077304810285568
17,3.0,57,angular-Jacobi-PCG,48,32,4,3693.171630859375,753.10400390625,4.2499494552612305,0.33482789993286133,0.09475299715995789,0.008392365649342537
17,3.0,58,identity-CG,48,32,4,3787.273193359375,3787.273193359375,1.0,0.3201197683811188,0.14836552739143372,0.015916716307401657
17,3.0,58,population-PCG,48,32,4,3787.273193359375,1303.695068359375,2.533259630203247,0.3201197683811188,0.1058209091424942,0.015482071787118912
17,3.0,58,context-PCG,48,32,4,3787.273193359375,490.2837219238281,6.85666036605835,0.3201197683811188,0.04507296904921532,0.004748132079839706
17,3.0,58,hybrid-PCG,48,32,4,3787.273193359375,452.50830078125,7.214939117431641,0.3201197683811188,0.08068964630365372,0.006464840844273567
17,3.0,58,angular-Jacobi-PCG,48,32,4,3787.273193359375,447.5718994140625,7.1966938972473145,0.3201197683811188,0.08400893211364746,0.006183448247611523
17,3.0,59,identity-CG,48,32,4,3760.327880859375,3760.327880859375,1.0,0.36462289094924927,0.09401668608188629,0.009747667238116264
17,3.0,59,population-PCG,48,32,4,3760.327880859375,2100.7294921875,1.1388815641403198,0.36462289094924927,0.18245773017406464,0.02091378904879093
17,3.0,59,context-PCG,48,32,4,3760.327880859375,575.7710571289062,5.944551467895508,0.36462289094924927,0.05707048624753952,0.005277369637042284
17,3.0,59,hybrid-PCG,48,32,4,3760.327880859375,591.5680541992188,5.527912616729736,0.36462289094924927,0.09176824986934662,0.007176553830504417
17,3.0,59,angular-Jacobi-PCG,48,32,4,3760.327880859375,583.0691528320312,5.576952934265137,0.36462289094924927,0.09270182251930237,0.0071901301853358746
17,3.0,60,identity-CG,48,32,4,3352.8212890625,3352.8212890625,1.0,0.320884108543396,0.08644142746925354,0.009078094735741615
17,3.0,60,population-PCG,48,32,4,3352.8212890625,2411.084228515625,0.8949168920516968,0.320884108543396,0.18771953880786896,0.01771615445613861
17,3.0,60,context-PCG,48,32,4,3352.8212890625,717.3607177734375,4.673829078674316,0.320884108543396,0.06894346326589584,0.006347731687128544
17,3.0,60,hybrid-PCG,48,32,4,3352.8212890625,759.9120483398438,3.7795217037200928,0.320884108543396,0.12041980773210526,0.008766918443143368
17,3.0,60,angular-Jacobi-PCG,48,32,4,3352.8212890625,750.516357421875,3.77009916305542,0.320884108543396,0.11553102731704712,0.008612511679530144
17,3.0,61,identity-CG,48,32,4,3500.57763671875,3500.57763671875,1.0,0.31847313046455383,0.09897705167531967,0.009295698255300522
17,3.0,61,population-PCG,48,32,4,3500.57763671875,1532.382568359375,1.688801884651184,0.31847313046455383,0.11855429410934448,0.014197366312146187
17,3.0,61,context-PCG,48,32,4,3500.57763671875,548.698974609375,6.06580114364624,0.31847313046455383,0.04156707227230072,0.004860634915530682
17,3.0,61,hybrid-PCG,48,32,4,3500.57763671875,495.5406188964844,6.8978800773620605,0.31847313046455383,0.06057656183838844,0.006505036726593971
17,3.0,61,angular-Jacobi-PCG,48,32,4,3500.57763671875,495.8467102050781,7.059798240661621,0.31847313046455383,0.059614405035972595,0.006462810095399618
17,3.0,62,identity-CG,48,32,4,3508.522705078125,3508.522705078125,1.0,0.30577751994132996,0.09448713064193726,0.009813088923692703
17,3.0,62,population-PCG,48,32,4,3508.522705078125,3176.251953125,1.1046109199523926,0.30577751994132996,0.16153159737586975,0.017986565828323364
17,3.0,62,context-PCG,48,32,4,3508.522705078125,596.38525390625,5.8829803466796875,0.30577751994132996,0.05258362367749214,0.005229492671787739
17,3.0,62,hybrid-PCG,48,32,4,3508.522705078125,577.423095703125,5.939062595367432,0.30577751994132996,0.0702277272939682,0.00871710479259491
17,3.0,62,angular-Jacobi-PCG,48,32,4,3508.522705078125,578.8486938476562,6.061208724975586,0.30577751994132996,0.07126319408416748,0.008638044819235802
17,3.0,63,identity-CG,48,32,4,3435.099609375,3435.099609375,1.0,0.32871711254119873,0.12276802211999893,0.011388659477233887
17,3.0,63,population-PCG,48,32,4,3435.099609375,2782.048828125,1.0284920930862427,0.32871711254119873,0.17180314660072327,0.01559639722108841
17,3.0,63,context-PCG,48,32,4,3435.099609375,589.718505859375,5.862543106079102,0.32871711254119873,0.04374934732913971,0.005018249619752169
17,3.0,63,hybrid-PCG,48,32,4,3435.099609375,634.435546875,5.39573335647583,0.32871711254119873,0.06539906561374664,0.007858213037252426
17,3.0,63,angular-Jacobi-PCG,48,32,4,3435.099609375,625.2780151367188,5.407763481140137,0.32871711254119873,0.06460705399513245,0.007413896732032299
29,0.0,0,identity-CG,48,32,4,27414.1484375,27414.1484375,1.0,0.18175184726715088,1.423543930053711,0.05116266757249832
29,0.0,0,population-PCG,48,32,4,27414.1484375,2095.193603515625,13.08430290222168,0.18175184726715088,0.19904473423957825,0.01649659499526024
29,0.0,0,context-PCG,48,32,4,27414.1484375,628.07421875,30.085861206054688,0.18175184726715088,0.11134634912014008,0.011287018656730652
29,0.0,0,hybrid-PCG,48,32,4,27414.1484375,714.21484375,24.409503936767578,0.18175184726715088,0.1735345721244812,0.015022799372673035
29,0.0,0,angular-Jacobi-PCG,48,32,4,27414.1484375,576.0237426757812,30.709733963012695,0.18175184726715088,0.13084276020526886,0.011187277734279633
29,0.0,1,identity-CG,48,32,4,26647.4296875,26647.4296875,1.0,0.14238286018371582,0.8022423386573792,0.027804691344499588
29,0.0,1,population-PCG,48,32,4,26647.4296875,1964.93310546875,9.967497825622559,0.14238286018371582,0.13054968416690826,0.010996744967997074
29,0.0,1,context-PCG,48,32,4,26647.4296875,583.9840698242188,39.53106689453125,0.14238286018371582,0.07201209664344788,0.009234163910150528
29,0.0,1,hybrid-PCG,48,32,4,26647.4296875,685.42138671875,31.292085647583008,0.14238286018371582,0.09142772108316422,0.00896196998655796
29,0.0,1,angular-Jacobi-PCG,48,32,4,26647.4296875,591.759033203125,37.846195220947266,0.14238286018371582,0.08993683010339737,0.008542703464627266
29,0.0,2,identity-CG,48,32,4,26688.875,26688.875,1.0,0.19195431470870972,0.8469549417495728,0.029452135786414146
29,0.0,2,population-PCG,48,32,4,26688.875,2059.7197265625,12.23967456817627,0.19195431470870972,0.19953344762325287,0.01648952066898346
29,0.0,2,context-PCG,48,32,4,26688.875,744.9439086914062,35.826690673828125,0.19195431470870972,0.10481581091880798,0.010765407234430313
29,0.0,2,hybrid-PCG,48,32,4,26688.875,829.5148315429688,31.015758514404297,0.19195431470870972,0.12013080716133118,0.011296752840280533
29,0.0,2,angular-Jacobi-PCG,48,32,4,26688.875,701.5982055664062,37.79096603393555,0.19195431470870972,0.10453994572162628,0.010042778216302395
29,0.0,3,identity-CG,48,32,4,26446.724609375,26446.724609375,1.0,0.2043033391237259,1.2990083694458008,0.04145234078168869
29,0.0,3,population-PCG,48,32,4,26446.724609375,2753.92041015625,8.433911323547363,0.2043033391237259,0.18159282207489014,0.01473274827003479
29,0.0,3,context-PCG,48,32,4,26446.724609375,1262.8089599609375,13.306183815002441,0.2043033391237259,0.18505069613456726,0.012141386047005653
29,0.0,3,hybrid-PCG,48,32,4,26446.724609375,1297.1248779296875,12.640422821044922,0.2043033391237259,0.2816659212112427,0.015827063471078873
29,0.0,3,angular-Jacobi-PCG,48,32,4,26446.724609375,1246.4156494140625,14.155845642089844,0.2043033391237259,0.20938217639923096,0.014133866876363754
29,0.0,4,identity-CG,48,32,4,26419.59765625,26419.59765625,1.0,0.17812877893447876,1.0784542560577393,0.03334794566035271
29,0.0,4,population-PCG,48,32,4,26419.59765625,1945.82568359375,12.203747749328613,0.17812877893447876,0.14553922414779663,0.011589854024350643
29,0.0,4,context-PCG,48,32,4,26419.59765625,1065.1514892578125,23.19806480407715,0.17812877893447876,0.14888763427734375,0.010812923312187195
29,0.0,4,hybrid-PCG,48,32,4,26419.59765625,1139.9984130859375,20.310686111450195,0.17812877893447876,0.17930260300636292,0.01155449915677309
29,0.0,4,angular-Jacobi-PCG,48,32,4,26419.59765625,1016.2099609375,23.77009391784668,0.17812877893447876,0.16710561513900757,0.011936966329813004
29,0.0,5,identity-CG,48,32,4,26251.37890625,26251.37890625,1.0,0.17797832190990448,1.13312566280365,0.04174219071865082
29,0.0,5,population-PCG,48,32,4,26251.37890625,1773.1536865234375,11.70236873626709,0.17797832190990448,0.1457136869430542,0.01315154880285263
29,0.0,5,context-PCG,48,32,4,26251.37890625,923.4496459960938,25.136198043823242,0.17797832190990448,0.11611546576023102,0.01131282839924097
29,0.0,5,hybrid-PCG,48,32,4,26251.37890625,1310.923095703125,20.352306365966797,0.17797832190990448,0.1848898082971573,0.011285820975899696
29,0.0,5,angular-Jacobi-PCG,48,32,4,26251.37890625,962.8571166992188,25.26118278503418,0.17797832190990448,0.12855425477027893,0.011171257123351097
29,0.0,6,identity-CG,48,32,4,26919.13671875,26919.13671875,1.0,0.18679261207580566,1.1416966915130615,0.034794390201568604
29,0.0,6,population-PCG,48,32,4,26919.13671875,2040.62548828125,12.977076530456543,0.18679261207580566,0.15522588789463043,0.01374456100165844
29,0.0,6,context-PCG,48,32,4,26919.13671875,1070.03271484375,19.127994537353516,0.18679261207580566,0.1557941436767578,0.010611053556203842
29,0.0,6,hybrid-PCG,48,32,4,26919.13671875,1291.700927734375,17.16929054260254,0.18679261207580566,0.20744718611240387,0.014600705355405807
29,0.0,6,angular-Jacobi-PCG,48,32,4,26919.13671875,1101.9625244140625,19.13924217224121,0.18679261207580566,0.21122309565544128,0.012139517813920975
29,0.0,7,identity-CG,48,32,4,27117.943359375,27117.943359375,1.0,0.19162413477897644,0.8213170170783997,0.031072737649083138
29,0.0,7,population-PCG,48,32,4,27117.943359375,2386.54736328125,10.391036987304688,0.19162413477897644,0.19698534905910492,0.015156308189034462
29,0.0,7,context-PCG,48,32,4,27117.943359375,1031.9097900390625,21.845348358154297,0.19162413477897644,0.12721610069274902,0.013347422704100609
29,0.0,7,hybrid-PCG,48,32,4,27117.943359375,1124.4532470703125,19.176923751831055,0.19162413477897644,0.16626308858394623,0.014359163120388985
29,0.0,7,angular-Jacobi-PCG,48,32,4,27117.943359375,984.5074462890625,20.975099563598633,0.19162413477897644,0.1300320029258728,0.012293466366827488
29,0.0,8,identity-CG,48,32,4,26137.326171875,26137.326171875,1.0,0.20207688212394714,0.9585542678833008,0.03977307677268982
29,0.0,8,population-PCG,48,32,4,26137.326171875,2142.57421875,7.842647552490234,0.20207688212394714,0.17421148717403412,0.015988731756806374
29,0.0,8,context-PCG,48,32,4,26137.326171875,758.127197265625,17.643815994262695,0.20207688212394714,0.1533016860485077,0.014154134318232536
29,0.0,8,hybrid-PCG,48,32,4,26137.326171875,846.1437377929688,16.972610473632812,0.20207688212394714,0.21855388581752777,0.014902176335453987
29,0.0,8,angular-Jacobi-PCG,48,32,4,26137.326171875,759.529296875,18.32965850830078,0.20207688212394714,0.1796393096446991,0.013707857578992844
29,0.0,9,identity-CG,48,32,4,26157.037109375,26157.037109375,1.0,0.20677229762077332,0.8137143850326538,0.0246027410030365
29,0.0,9,population-PCG,48,32,4,26157.037109375,4347.607421875,5.527571678161621,0.20677229762077332,0.16251489520072937,0.013498954474925995
29,0.0,9,context-PCG,48,32,4,26157.037109375,1297.6756591796875,18.75974464416504,0.20677229762077332,0.1787187159061432,0.017921211197972298
29,0.0,9,hybrid-PCG,48,32,4,26157.037109375,1416.7625732421875,17.76308822631836,0.20677229762077332,0.2133079171180725,0.019104167819023132
29,0.0,9,angular-Jacobi-PCG,48,32,4,26157.037109375,1313.6402587890625,18.282379150390625,0.20677229762077332,0.20970532298088074,0.018740154802799225
29,0.0,10,identity-CG,48,32,4,27068.060546875,27068.060546875,1.0,0.18950726091861725,0.8013386130332947,0.029089197516441345
29,0.0,10,population-PCG,48,32,4,27068.060546875,1547.8028564453125,12.075532913208008,0.18950726091861725,0.1778133660554886,0.014936625957489014
29,0.0,10,context-PCG,48,32,4,27068.060546875,961.6616821289062,26.4335994720459,0.18950726091861725,0.11147651821374893,0.011186173185706139
29,0.0,10,hybrid-PCG,48,32,4,27068.060546875,1219.6356201171875,21.19409942626953,0.18950726091861725,0.1607063114643097,0.013230770826339722
29,0.0,10,angular-Jacobi-PCG,48,32,4,27068.060546875,978.9856567382812,25.93515968322754,0.18950726091861725,0.13475695252418518,0.012116888538002968
29,0.0,11,identity-CG,48,32,4,26311.2734375,26311.2734375,1.0,0.18017926812171936,1.1996054649353027,0.04231071099638939
29,0.0,11,population-PCG,48,32,4,26311.2734375,2608.372802734375,9.742132186889648,0.18017926812171936,0.17026224732398987,0.014757218770682812
29,0.0,11,context-PCG,48,32,4,26311.2734375,1198.9102783203125,20.553571701049805,0.18017926812171936,0.13074196875095367,0.01293716300278902
29,0.0,11,hybrid-PCG,48,32,4,26311.2734375,1250.614501953125,17.685279846191406,0.18017926812171936,0.18328352272510529,0.01568218693137169
29,0.0,11,angular-Jacobi-PCG,48,32,4,26311.2734375,1135.7525634765625,19.4222354888916,0.18017926812171936,0.17017191648483276,0.013896645046770573
29,0.0,12,identity-CG,48,32,4,26790.884765625,26790.884765625,1.0,0.19185131788253784,0.9381885528564453,0.02751735970377922
29,0.0,12,population-PCG,48,32,4,26790.884765625,2026.1490478515625,11.958667755126953,0.19185131788253784,0.161862313747406,0.013758455403149128
29,0.0,12,context-PCG,48,32,4,26790.884765625,767.1222534179688,32.21434783935547,0.19185131788253784,0.10204289853572845,0.011774120852351189
29,0.0,12,hybrid-PCG,48,32,4,26790.884765625,793.1722412109375,29.03425407409668,0.19185131788253784,0.15009109675884247,0.012944637797772884
29,0.0,12,angular-Jacobi-PCG,48,32,4,26790.884765625,683.6112670898438,36.220359802246094,0.19185131788253784,0.12623202800750732,0.012030372396111488
29,0.0,13,identity-CG,48,32,4,26316.322265625,26316.322265625,1.0,0.18124352395534515,0.7667837738990784,0.022136107087135315
29,0.0,13,population-PCG,48,32,4,26316.322265625,1823.46044921875,9.537850379943848,0.18124352395534515,0.17460854351520538,0.01731252670288086
29,0.0,13,context-PCG,48,32,4,26316.322265625,991.2377319335938,21.836681365966797,0.18124352395534515,0.13786953687667847,0.011926831677556038
29,0.0,13,hybrid-PCG,48,32,4,26316.322265625,1095.93701171875,23.666515350341797,0.18124352395534515,0.17721325159072876,0.01359741110354662
29,0.0,13,angular-Jacobi-PCG,48,32,4,26316.322265625,987.231689453125,23.435352325439453,0.18124352395534515,0.15910670161247253,0.01125313714146614
29,0.0,14,identity-CG,48,32,4,26883.25390625,26883.25390625,1.0,0.1977667212486267,1.178959608078003,0.041895270347595215
29,0.0,14,population-PCG,48,32,4,26883.25390625,2277.732666015625,11.731115341186523,0.1977667212486267,0.1820562183856964,0.016847139224410057
29,0.0,14,context-PCG,48,32,4,26883.25390625,922.9946899414062,27.387720108032227,0.1977667212486267,0.12594808638095856,0.012120882049202919
29,0.0,14,hybrid-PCG,48,32,4,26883.25390625,1224.879638671875,22.34885025024414,0.1977667212486267,0.18049931526184082,0.013994158245623112
29,0.0,14,angular-Jacobi-PCG,48,32,4,26883.25390625,970.9400024414062,27.32965087890625,0.1977667212486267,0.15180331468582153,0.012767404317855835
29,0.0,15,identity-CG,48,32,4,26492.18359375,26492.18359375,1.0,0.168044313788414,0.7278002500534058,0.024475663900375366
29,0.0,15,population-PCG,48,32,4,26492.18359375,2020.6212158203125,7.549106121063232,0.168044313788414,0.1976086050271988,0.017708951607346535
29,0.0,15,context-PCG,48,32,4,26492.18359375,618.986572265625,27.459571838378906,0.168044313788414,0.0989234447479248,0.011198501102626324
29,0.0,15,hybrid-PCG,48,32,4,26492.18359375,657.4183959960938,26.617023468017578,0.168044313788414,0.11559483408927917,0.009550008922815323
29,0.0,15,angular-Jacobi-PCG,48,32,4,26492.18359375,586.6087036132812,28.61192512512207,0.168044313788414,0.10221344232559204,0.008967725560069084
29,0.0,16,identity-CG,48,32,4,27034.833984375,27034.833984375,1.0,0.1871555596590042,1.0174167156219482,0.04214075952768326
29,0.0,16,population-PCG,48,32,4,27034.833984375,3362.6982421875,5.857467174530029,0.1871555596590042,0.20058545470237732,0.01505074929445982
29,0.0,16,context-PCG,48,32,4,27034.833984375,913.8240966796875,12.55187702178955,0.1871555596590042,0.1806134283542633,0.015242685563862324
29,0.0,16,hybrid-PCG,48,32,4,27034.833984375,990.0335083007812,12.972331047058105,0.1871555596590042,0.22917188704013824,0.016180258244276047
29,0.0,16,angular-Jacobi-PCG,48,32,4,27034.833984375,946.5911865234375,12.157541275024414,0.1871555596590042,0.19408896565437317,0.015061352401971817
29,0.0,17,identity-CG,48,32,4,27045.25,27045.25,1.0,0.15738514065742493,0.7404412627220154,0.021001992747187614
29,0.0,17,population-PCG,48,32,4,27045.25,2766.9091796875,7.170080184936523,0.15738514065742493,0.17024970054626465,0.01398362684994936
29,0.0,17,context-PCG,48,32,4,27045.25,587.2159423828125,44.73268127441406,0.15738514065742493,0.09959939122200012,0.009196705184876919
29,0.0,17,hybrid-PCG,48,32,4,27045.25,630.3713989257812,39.39155960083008,0.15738514065742493,0.11586065590381622,0.010619034990668297
29,0.0,17,angular-Jacobi-PCG,48,32,4,27045.25,553.2702026367188,48.112850189208984,0.15738514065742493,0.1065843254327774,0.010151000693440437
29,0.0,18,identity-CG,48,32,4,26294.765625,26294.765625,1.0,0.18759112060070038,0.8275473713874817,0.031276918947696686
29,0.0,18,population-PCG,48,32,4,26294.765625,2893.397216796875,6.808096408843994,0.18759112060070038,0.20963701605796814,0.018143180757761
29,0.0,18,context-PCG,48,32,4,26294.765625,887.767333984375,24.473678588867188,0.18759112060070038,0.11886430531740189,0.012740671634674072
29,0.0,18,hybrid-PCG,48,32,4,26294.765625,963.1405029296875,25.086647033691406,0.18759112060070038,0.17696285247802734,0.01530429720878601
29,0.0,18,angular-Jacobi-PCG,48,32,4,26294.765625,863.4686279296875,26.56757354736328,0.18759112060070038,0.143159881234169,0.013892631977796555
29,0.0,19,identity-CG,48,32,4,26732.677734375,26732.677734375,1.0,0.1637747883796692,0.8256100416183472,0.030581409111618996
29,0.0,19,population-PCG,48,32,4,26732.677734375,2667.692626953125,6.9906840324401855,0.1637747883796692,0.1687842309474945,0.015698285773396492
29,0.0,19,context-PCG,48,32,4,26732.677734375,411.3329162597656,18.376535415649414,0.1637747883796692,0.11213928461074829,0.010144392028450966
29,0.0,19,hybrid-PCG,48,32,4,26732.677734375,470.72027587890625,17.2811222076416,0.1637747883796692,0.14739954471588135,0.01219981350004673
29,0.0,19,angular-Jacobi-PCG,48,32,4,26732.677734375,387.896728515625,17.599594116210938,0.1637747883796692,0.1349456012248993,0.011553353630006313
29,0.0,20,identity-CG,48,32,4,27503.3046875,27503.3046875,1.0,0.19491732120513916,0.835880696773529,0.03661870211362839
29,0.0,20,population-PCG,48,32,4,27503.3046875,2241.857666015625,11.311089515686035,0.19491732120513916,0.1362200230360031,0.01360860001295805
29,0.0,20,context-PCG,48,32,4,27503.3046875,849.9304809570312,30.07763671875,0.19491732120513916,0.10797380656003952,0.011855106800794601
29,0.0,20,hybrid-PCG,48,32,4,27503.3046875,910.8392333984375,24.935291290283203,0.19491732120513916,0.14128552377223969,0.012062478810548782
29,0.0,20,angular-Jacobi-PCG,48,32,4,27503.3046875,822.9777221679688,29.35016441345215,0.19491732120513916,0.11192850768566132,0.010959743522107601
29,0.0,21,identity-CG,48,32,4,26264.130859375,26264.130859375,1.0,0.18139341473579407,1.013092279434204,0.03974239155650139
29,0.0,21,population-PCG,48,32,4,26264.130859375,1510.53173828125,9.16495418548584,0.18139341473579407,0.17819124460220337,0.014690864831209183
29,0.0,21,context-PCG,48,32,4,26264.130859375,706.1405639648438,28.04400062561035,0.18139341473579407,0.11237606406211853,0.01050852332264185
29,0.0,21,hybrid-PCG,48,32,4,26264.130859375,730.3993530273438,22.41851806640625,0.18139341473579407,0.17637065052986145,0.010133190080523491
29,0.0,21,angular-Jacobi-PCG,48,32,4,26264.130859375,652.4993286132812,26.91815757751465,0.18139341473579407,0.13648803532123566,0.009332375600934029
29,0.0,22,identity-CG,48,32,4,27035.05078125,27035.05078125,1.0,0.179019957780838,1.0056862831115723,0.040811918675899506
29,0.0,22,population-PCG,48,32,4,27035.05078125,2376.534423828125,11.16024112701416,0.179019957780838,0.17307236790657043,0.013592059724032879
29,0.0,22,context-PCG,48,32,4,27035.05078125,775.8413696289062,30.692909240722656,0.179019957780838,0.09706593304872513,0.00993613712489605
29,0.0,22,hybrid-PCG,48,32,4,27035.05078125,762.4024047851562,32.25859069824219,0.179019957780838,0.10243714600801468,0.010009064339101315
29,0.0,22,angular-Jacobi-PCG,48,32,4,27035.05078125,732.3583984375,35.62710189819336,0.179019957780838,0.09428967535495758,0.009636808186769485
29,0.0,23,identity-CG,48,32,4,26504.806640625,26504.806640625,1.0,0.1829119473695755,0.7509645819664001,0.02069701813161373
29,0.0,23,population-PCG,48,32,4,26504.806640625,1904.6431884765625,12.898006439208984,0.1829119473695755,0.1523234248161316,0.013285789638757706
29,0.0,23,context-PCG,48,32,4,26504.806640625,562.590087890625,30.976856231689453,0.1829119473695755,0.10549674928188324,0.009515060111880302
29,0.0,23,hybrid-PCG,48,32,4,26504.806640625,620.822509765625,35.179588317871094,0.1829119473695755,0.1287803202867508,0.010517125017940998
29,0.0,23,angular-Jacobi-PCG,48,32,4,26504.806640625,578.1077880859375,34.95989227294922,0.1829119473695755,0.11750428378582001,0.010635356418788433
29,0.0,24,identity-CG,48,32,4,26316.251953125,26316.251953125,1.0,0.1723579466342926,0.9641649723052979,0.027836959809064865
29,0.0,24,population-PCG,48,32,4,26316.251953125,3444.94482421875,7.185431957244873,0.1723579466342926,0.2313164919614792,0.01596808433532715
29,0.0,24,context-PCG,48,32,4,26316.251953125,865.9669799804688,26.87393569946289,0.1723579466342926,0.1428256630897522,0.009663216769695282
29,0.0,24,hybrid-PCG,48,32,4,26316.251953125,906.9613647460938,27.111894607543945,0.1723579466342926,0.16305036842823029,0.010166001506149769
29,0.0,24,angular-Jacobi-PCG,48,32,4,26316.251953125,817.0428466796875,29.597881317138672,0.1723579466342926,0.13719867169857025,0.008703537285327911
29,0.0,25,identity-CG,48,32,4,26320.240234375,26320.240234375,1.0,0.18929460644721985,1.1005983352661133,0.036009542644023895
29,0.0,25,population-PCG,48,32,4,26320.240234375,1829.255615234375,14.176523208618164,0.18929460644721985,0.19256755709648132,0.01781468279659748
29,0.0,25,context-PCG,48,32,4,26320.240234375,722.1497192382812,23.13067054748535,0.18929460644721985,0.13363797962665558,0.011881614103913307
29,0.0,25,hybrid-PCG,48,32,4,26320.240234375,824.5123901367188,19.81453514099121,0.18929460644721985,0.15662631392478943,0.011834565550088882
29,0.0,25,angular-Jacobi-PCG,48,32,4,26320.240234375,719.2346801757812,23.465560913085938,0.18929460644721985,0.14913904666900635,0.011814205907285213
29,0.0,26,identity-CG,48,32,4,26919.70703125,26919.70703125,1.0,0.192511186003685,1.0287690162658691,0.0366361066699028
29,0.0,26,population-PCG,48,32,4,26919.70703125,2341.037841796875,8.937933921813965,0.192511186003685,0.19735510647296906,0.015785589814186096
29,0.0,26,context-PCG,48,32,4,26919.70703125,949.2120361328125,24.371784210205078,0.192511186003685,0.16242381930351257,0.01353437639772892
29,0.0,26,hybrid-PCG,48,32,4,26919.70703125,1221.099853515625,20.35813331604004,0.192511186003685,0.2336454689502716,0.01579158380627632
29,0.0,26,angular-Jacobi-PCG,48,32,4,26919.70703125,1034.25732421875,24.30152702331543,0.192511186003685,0.19692300260066986,0.013622323051095009
29,0.0,27,identity-CG,48,32,4,26732.970703125,26732.970703125,1.0,0.19571933150291443,0.7320109009742737,0.02883431315422058
29,0.0,27,population-PCG,48,32,4,26732.970703125,2204.08447265625,12.129505157470703,0.19571933150291443,0.170958012342453,0.013773981481790543
29,0.0,27,context-PCG,48,32,4,26732.970703125,1155.3505859375,22.59014129638672,0.19571933150291443,0.13403043150901794,0.015635915100574493
29,0.0,27,hybrid-PCG,48,32,4,26732.970703125,1294.5234375,18.59532356262207,0.19571933150291443,0.16744783520698547,0.015121402218937874
29,0.0,27,angular-Jacobi-PCG,48,32,4,26732.970703125,1129.041259765625,21.59249496459961,0.19571933150291443,0.15074282884597778,0.014254719018936157
29,0.0,28,identity-CG,48,32,4,26357.62109375,26357.62109375,1.0,0.17691552639007568,0.9928514957427979,0.033896978944540024
29,0.0,28,population-PCG,48,32,4,26357.62109375,2517.05615234375,8.501986503601074,0.17691552639007568,0.1721818745136261,0.01478895079344511
29,0.0,28,context-PCG,48,32,4,26357.62109375,651.0336303710938,16.39900016784668,0.17691552639007568,0.11520891636610031,0.012517236173152924
29,0.0,28,hybrid-PCG,48,32,4,26357.62109375,795.1095581054688,17.983173370361328,0.17691552639007568,0.1601545810699463,0.013377653434872627
29,0.0,28,angular-Jacobi-PCG,48,32,4,26357.62109375,643.1968994140625,15.841575622558594,0.17691552639007568,0.13366487622261047,0.01328990701586008
29,0.0,29,identity-CG,48,32,4,26854.3046875,26854.3046875,1.0,0.185135617852211,0.7832496166229248,0.022228773683309555
29,0.0,29,population-PCG,48,32,4,26854.3046875,1510.86328125,8.855216979980469,0.185135617852211,0.15431129932403564,0.012483350932598114
29,0.0,29,context-PCG,48,32,4,26854.3046875,777.5445556640625,13.888168334960938,0.185135617852211,0.1807255744934082,0.01161104440689087
29,0.0,29,hybrid-PCG,48,32,4,26854.3046875,786.6825561523438,12.087356567382812,0.185135617852211,0.202440083026886,0.013188593089580536
29,0.0,29,angular-Jacobi-PCG,48,32,4,26854.3046875,704.8988647460938,12.964254379272461,0.185135617852211,0.19411161541938782,0.013451503589749336
29,0.0,30,identity-CG,48,32,4,26936.689453125,26936.689453125,1.0,0.1786355972290039,0.8778223991394043,0.030616935342550278
29,0.0,30,population-PCG,48,32,4,26936.689453125,2164.125244140625,11.905264854431152,0.1786355972290039,0.15927749872207642,0.012888753786683083
29,0.0,30,context-PCG,48,32,4,26936.689453125,934.201171875,19.933259963989258,0.1786355972290039,0.14574943482875824,0.014362480491399765
29,0.0,30,hybrid-PCG,48,32,4,26936.689453125,1006.92529296875,15.803772926330566,0.1786355972290039,0.2371310293674469,0.016854748129844666
29,0.0,30,angular-Jacobi-PCG,48,32,4,26936.689453125,865.1760864257812,18.666276931762695,0.1786355972290039,0.1860685795545578,0.01617169938981533
29,0.0,31,identity-CG,48,32,4,27269.404296875,27269.404296875,1.0,0.19013026356697083,0.867462694644928,0.021336054429411888
29,0.0,31,population-PCG,48,32,4,27269.404296875,3782.395263671875,5.107825756072998,0.19013026356697083,0.2591177523136139,0.017700597643852234
29,0.0,31,context-PCG,48,32,4,27269.404296875,1327.6077880859375,19.85020637512207,0.19013026356697083,0.15406033396720886,0.014940757304430008
29,0.0,31,hybrid-PCG,48,32,4,27269.404296875,1297.7894287109375,16.872798919677734,0.19013026356697083,0.20156507194042206,0.016742324456572533
29,0.0,31,angular-Jacobi-PCG,48,32,4,27269.404296875,1180.588134765625,17.086645126342773,0.19013026356697083,0.17547082901000977,0.015425369143486023
29,0.0,32,identity-CG,48,32,4,26965.876953125,26965.876953125,1.0,0.19715234637260437,1.0688456296920776,0.03709413856267929
29,0.0,32,population-PCG,48,32,4,26965.876953125,1833.9647216796875,14.212387084960938,0.19715234637260437,0.1630229353904724,0.015703711658716202
29,0.0,32,context-PCG,48,32,4,26965.876953125,776.10595703125,28.89101791381836,0.19715234637260437,0.11342191696166992,0.010865593329071999
29,0.0,32,hybrid-PCG,48,32,4,26965.876953125,1038.8531494140625,22.90462875366211,0.19715234637260437,0.15464943647384644,0.011235145851969719
29,0.0,32,angular-Jacobi-PCG,48,32,4,26965.876953125,793.1555786132812,28.61383056640625,0.19715234637260437,0.11259785294532776,0.011584484949707985
29,0.0,33,identity-CG,48,32,4,27123.005859375,27123.005859375,1.0,0.19691477715969086,1.0241601467132568,0.034905336797237396
29,0.0,33,population-PCG,48,32,4,27123.005859375,2153.27587890625,12.509796142578125,0.19691477715969086,0.15958726406097412,0.013192287646234035
29,0.0,33,context-PCG,48,32,4,27123.005859375,803.1763916015625,30.876115798950195,0.19691477715969086,0.10979637503623962,0.011035488918423653
29,0.0,33,hybrid-PCG,48,32,4,27123.005859375,1071.4788818359375,24.660608291625977,0.19691477715969086,0.15856918692588806,0.01480132807046175
29,0.0,33,angular-Jacobi-PCG,48,32,4,27123.005859375,779.2759399414062,28.88762664794922,0.19691477715969086,0.13577932119369507,0.011648142710328102
29,0.0,34,identity-CG,48,32,4,26918.3359375,26918.3359375,1.0,0.20933204889297485,1.1374433040618896,0.03910389170050621
29,0.0,34,population-PCG,48,32,4,26918.3359375,1942.265625,12.058189392089844,0.20933204889297485,0.15185174345970154,0.010093167424201965
29,0.0,34,context-PCG,48,32,4,26918.3359375,627.7319946289062,27.183591842651367,0.20933204889297485,0.11431325227022171,0.011163928546011448
29,0.0,34,hybrid-PCG,48,32,4,26918.3359375,713.0120239257812,20.706077575683594,0.20933204889297485,0.16410791873931885,0.011956332251429558
29,0.0,34,angular-Jacobi-PCG,48,32,4,26918.3359375,614.5407104492188,25.006004333496094,0.20933204889297485,0.12337064743041992,0.012046017684042454
29,0.0,35,identity-CG,48,32,4,24980.8671875,24980.8671875,1.0,0.2187773883342743,1.280387282371521,0.045974887907505035
29,0.0,35,population-PCG,48,32,4,24980.8671875,2296.626220703125,9.337646484375,0.2187773883342743,0.21572357416152954,0.015770716592669487
29,0.0,35,context-PCG,48,32,4,24980.8671875,627.8779296875,34.823883056640625,0.2187773883342743,0.11659780889749527,0.008889500051736832
29,0.0,35,hybrid-PCG,48,32,4,24980.8671875,617.3280639648438,32.27109146118164,0.2187773883342743,0.14850980043411255,0.009418981149792671
29,0.0,35,angular-Jacobi-PCG,48,32,4,24980.8671875,567.4653930664062,36.817970275878906,0.2187773883342743,0.12588225305080414,0.00833101850003004
29,0.0,36,identity-CG,48,32,4,26760.740234375,26760.740234375,1.0,0.16866794228553772,0.8067923188209534,0.02348540909588337
29,0.0,36,population-PCG,48,32,4,26760.740234375,1693.87353515625,15.504389762878418,0.16866794228553772,0.1807418167591095,0.01405736617743969
29,0.0,36,context-PCG,48,32,4,26760.740234375,682.1497192382812,39.08828353881836,0.16866794228553772,0.08353397250175476,0.008893611840903759
29,0.0,36,hybrid-PCG,48,32,4,26760.740234375,661.4129028320312,37.22220993041992,0.16866794228553772,0.09695900976657867,0.009743936359882355
29,0.0,36,angular-Jacobi-PCG,48,32,4,26760.740234375,632.3731689453125,41.88505935668945,0.16866794228553772,0.09828358888626099,0.009937109425663948
29,0.0,37,identity-CG,48,32,4,26060.93359375,26060.93359375,1.0,0.16959252953529358,1.0042016506195068,0.030133888125419617
29,0.0,37,population-PCG,48,32,4,26060.93359375,1683.0767822265625,12.039191246032715,0.16959252953529358,0.16229836642742157,0.01671055145561695
29,0.0,37,context-PCG,48,32,4,26060.93359375,598.7868041992188,37.74871826171875,0.16959252953529358,0.09322064369916916,0.008505851030349731
29,0.0,37,hybrid-PCG,48,32,4,26060.93359375,765.8880615234375,30.351282119750977,0.16959252953529358,0.13062435388565063,0.009625988081097603
29,0.0,37,angular-Jacobi-PCG,48,32,4,26060.93359375,588.2388305664062,35.736854553222656,0.16959252953529358,0.11595752090215683,0.008716552518308163
29,0.0,38,identity-CG,48,32,4,26904.958984375,26904.958984375,1.0,0.1774495244026184,0.8404214382171631,0.03082176484167576
29,0.0,38,population-PCG,48,32,4,26904.958984375,2740.92578125,9.809453964233398,0.1774495244026184,0.15714791417121887,0.013828721828758717
29,0.0,38,context-PCG,48,32,4,26904.958984375,714.458740234375,27.514434814453125,0.1774495244026184,0.09903629124164581,0.010910491459071636
29,0.0,38,hybrid-PCG,48,32,4,26904.958984375,861.0958251953125,24.094472885131836,0.1774495244026184,0.12439818680286407,0.01191286463290453
29,0.0,38,angular-Jacobi-PCG,48,32,4,26904.958984375,723.3272705078125,27.428726196289062,0.1774495244026184,0.11023391783237457,0.010842209681868553
29,0.0,39,identity-CG,48,32,4,26417.65625,26417.65625,1.0,0.1836935579776764,0.9098525047302246,0.03610675409436226
29,0.0,39,population-PCG,48,32,4,26417.65625,2099.830810546875,9.010276794433594,0.1836935579776764,0.1818264126777649,0.015116577036678791
29,0.0,39,context-PCG,48,32,4,26417.65625,637.5206909179688,22.642803192138672,0.1836935579776764,0.14626234769821167,0.012476055882871151
29,0.0,39,hybrid-PCG,48,32,4,26417.65625,650.331298828125,20.405609130859375,0.1836935579776764,0.1911781281232834,0.012380741536617279
29,0.0,39,angular-Jacobi-PCG,48,32,4,26417.65625,592.3744506835938,23.24736213684082,0.1836935579776764,0.16050052642822266,0.012848805636167526
29,0.0,40,identity-CG,48,32,4,26483.361328125,26483.361328125,1.0,0.18253038823604584,0.883243203163147,0.028968796133995056
29,0.0,40,population-PCG,48,32,4,26483.361328125,2074.282958984375,11.967994689941406,0.18253038823604584,0.16618524491786957,0.01423736847937107
29,0.0,40,context-PCG,48,32,4,26483.361328125,891.3317260742188,25.199621200561523,0.18253038823604584,0.12636403739452362,0.012929067015647888
29,0.0,40,hybrid-PCG,48,32,4,26483.361328125,938.5565795898438,22.816661834716797,0.18253038823604584,0.18082651495933533,0.012647872790694237
29,0.0,40,angular-Jacobi-PCG,48,32,4,26483.361328125,836.71923828125,25.640851974487305,0.18253038823604584,0.14383184909820557,0.012695333920419216
29,0.0,41,identity-CG,48,32,4,26256.8359375,26256.8359375,1.0,0.192026287317276,0.8753135204315186,0.02819640561938286
29,0.0,41,population-PCG,48,32,4,26256.8359375,3341.991943359375,7.229805946350098,0.192026287317276,0.2587147355079651,0.018202707171440125
29,0.0,41,context-PCG,48,32,4,26256.8359375,1059.974365234375,21.83578872680664,0.192026287317276,0.1488717943429947,0.013881051912903786
29,0.0,41,hybrid-PCG,48,32,4,26256.8359375,1135.285888671875,21.370479583740234,0.192026287317276,0.19147200882434845,0.014974219724535942
29,0.0,41,angular-Jacobi-PCG,48,32,4,26256.8359375,1002.39208984375,22.87337875366211,0.192026287317276,0.1612892746925354,0.013606477528810501
29,0.0,42,identity-CG,48,32,4,26931.822265625,26931.822265625,1.0,0.1770552694797516,0.9707062840461731,0.034368496388196945
29,0.0,42,population-PCG,48,32,4,26931.822265625,2326.21044921875,10.796990394592285,0.1770552694797516,0.13931390643119812,0.014672009274363518
29,0.0,42,context-PCG,48,32,4,26931.822265625,905.5509033203125,28.237585067749023,0.1770552694797516,0.10388163477182388,0.010230082087218761
29,0.0,42,hybrid-PCG,48,32,4,26931.822265625,1049.35888671875,25.22058868408203,0.1770552694797516,0.11983583867549896,0.012795165181159973
29,0.0,42,angular-Jacobi-PCG,48,32,4,26931.822265625,899.1757202148438,28.88865852355957,0.1770552694797516,0.11030393838882446,0.010076419450342655
29,0.0,43,identity-CG,48,32,4,26721.248046875,26721.248046875,1.0,0.16642272472381592,0.8869359493255615,0.02111375331878662
29,0.0,43,population-PCG,48,32,4,26721.248046875,1645.785888671875,15.553766250610352,0.16642272472381592,0.16334398090839386,0.012753679417073727
29,0.0,43,context-PCG,48,32,4,26721.248046875,746.4109497070312,32.97259521484375,0.16642272472381592,0.0975339263677597,0.00894303247332573
29,0.0,43,hybrid-PCG,48,32,4,26721.248046875,909.1133422851562,27.65873908996582,0.16642272472381592,0.13936318457126617,0.00990629568696022
29,0.0,43,angular-Jacobi-PCG,48,32,4,26721.248046875,753.8056030273438,34.44218063354492,0.16642272472381592,0.12774106860160828,0.009606660343706608
29,0.0,44,identity-CG,48,32,4,26777.142578125,26777.142578125,1.0,0.2035335898399353,1.1194325685501099,0.025136658921837807
29,0.0,44,population-PCG,48,32,4,26777.142578125,2301.95654296875,10.212607383728027,0.2035335898399353,0.16489681601524353,0.013603613711893559
29,0.0,44,context-PCG,48,32,4,26777.142578125,779.5110473632812,26.5610294342041,0.2035335898399353,0.1265498250722885,0.010979578830301762
29,0.0,44,hybrid-PCG,48,32,4,26777.142578125,824.2438354492188,24.2379207611084,0.2035335898399353,0.1357119083404541,0.01219140738248825
29,0.0,44,angular-Jacobi-PCG,48,32,4,26777.142578125,724.6358032226562,26.54902458190918,0.2035335898399353,0.13773459196090698,0.012148456647992134
29,0.0,45,identity-CG,48,32,4,27229.001953125,27229.001953125,1.0,0.19330045580863953,0.7761270999908447,0.02755211666226387
29,0.0,45,population-PCG,48,32,4,27229.001953125,1693.010986328125,9.601903915405273,0.19330045580863953,0.18083524703979492,0.01748218573629856
29,0.0,45,context-PCG,48,32,4,27229.001953125,780.1503295898438,28.082035064697266,0.19330045580863953,0.10128310322761536,0.009752838872373104
29,0.0,45,hybrid-PCG,48,32,4,27229.001953125,1011.8551025390625,23.245441436767578,0.19330045580863953,0.15215203166007996,0.011945078149437904
29,0.0,45,angular-Jacobi-PCG,48,32,4,27229.001953125,791.17919921875,26.305484771728516,0.19330045580863953,0.12906718254089355,0.010752644389867783
29,0.0,46,identity-CG,48,32,4,26271.62890625,26271.62890625,1.0,0.18123853206634521,0.9196840524673462,0.02786337584257126
29,0.0,46,population-PCG,48,32,4,26271.62890625,2132.369384765625,8.736507415771484,0.18123853206634521,0.20677107572555542,0.01966506987810135
29,0.0,46,context-PCG,48,32,4,26271.62890625,812.075439453125,22.404794692993164,0.18123853206634521,0.16131025552749634,0.011919461190700531
29,0.0,46,hybrid-PCG,48,32,4,26271.62890625,880.5769653320312,18.17276954650879,0.18123853206634521,0.20115859806537628,0.014335921965539455
29,0.0,46,angular-Jacobi-PCG,48,32,4,26271.62890625,786.8360595703125,21.400636672973633,0.18123853206634521,0.1904916912317276,0.01179153099656105
29,0.0,47,identity-CG,48,32,4,26675.064453125,26675.064453125,1.0,0.16593393683433533,1.0661084651947021,0.055389195680618286
29,0.0,47,population-PCG,48,32,4,26675.064453125,4014.64013671875,6.4452409744262695,0.16593393683433533,0.25823676586151123,0.018719712272286415
29,0.0,47,context-PCG,48,32,4,26675.064453125,1314.963134765625,19.04936408996582,0.16593393683433533,0.17157942056655884,0.01368749514222145
29,0.0,47,hybrid-PCG,48,32,4,26675.064453125,1011.6993408203125,17.85715675354004,0.16593393683433533,0.1883312463760376,0.015786534175276756
29,0.0,47,angular-Jacobi-PCG,48,32,4,26675.064453125,1098.5433349609375,18.322708129882812,0.16593393683433533,0.1822161227464676,0.012491077184677124
29,0.0,48,identity-CG,48,32,4,26920.4453125,26920.4453125,1.0,0.1758035123348236,1.316551923751831,0.039057761430740356
29,0.0,48,population-PCG,48,32,4,26920.4453125,1496.1478271484375,11.566941261291504,0.1758035123348236,0.15052790939807892,0.012622339650988579
29,0.0,48,context-PCG,48,32,4,26920.4453125,656.9103393554688,37.9398193359375,0.1758035123348236,0.08191608637571335,0.00883068609982729
29,0.0,48,hybrid-PCG,48,32,4,26920.4453125,846.9663696289062,31.159080505371094,0.1758035123348236,0.1292847841978073,0.010282473638653755
29,0.0,48,angular-Jacobi-PCG,48,32,4,26920.4453125,643.2103881835938,38.85250473022461,0.1758035123348236,0.09375640749931335,0.009544898755848408
29,0.0,49,identity-CG,48,32,4,27074.83203125,27074.83203125,1.0,0.19193001091480255,0.9231353998184204,0.032597266137599945
29,0.0,49,population-PCG,48,32,4,27074.83203125,2386.37548828125,9.847009658813477,0.19193001091480255,0.20414429903030396,0.01607862487435341
29,0.0,49,context-PCG,48,32,4,27074.83203125,1275.1114501953125,19.94870948791504,0.19193001091480255,0.1628165990114212,0.014838330447673798
29,0.0,49,hybrid-PCG,48,32,4,27074.83203125,1508.3831787109375,15.195345878601074,0.19193001091480255,0.21922990679740906,0.017294296994805336
29,0.0,49,angular-Jacobi-PCG,48,32,4,27074.83203125,1268.056640625,19.345609664916992,0.19193001091480255,0.1727418601512909,0.014232948422431946
29,0.0,50,identity-CG,48,32,4,26405.70703125,26405.70703125,1.0,0.17155607044696808,1.069697380065918,0.03544743359088898
29,0.0,50,population-PCG,48,32,4,26405.70703125,2396.67529296875,9.480786323547363,0.17155607044696808,0.14199715852737427,0.014323728159070015
29,0.0,50,context-PCG,48,32,4,26405.70703125,805.136474609375,29.08982276916504,0.17155607044696808,0.08772031962871552,0.008621007204055786
29,0.0,50,hybrid-PCG,48,32,4,26405.70703125,859.29052734375,26.184484481811523,0.17155607044696808,0.13023605942726135,0.01121943537145853
29,0.0,50,angular-Jacobi-PCG,48,32,4,26405.70703125,823.2000732421875,30.518692016601562,0.17155607044696808,0.0996796041727066,0.00942403543740511
29,0.0,51,identity-CG,48,32,4,26928.55078125,26928.55078125,1.0,0.19467055797576904,0.909173846244812,0.02668769285082817
29,0.0,51,population-PCG,48,32,4,26928.55078125,2122.07275390625,8.01805305480957,0.19467055797576904,0.17568060755729675,0.012000140734016895
29,0.0,51,context-PCG,48,32,4,26928.55078125,1120.38671875,20.47474479675293,0.19467055797576904,0.1455601006746292,0.013324644416570663
29,0.0,51,hybrid-PCG,48,32,4,26928.55078125,1263.502197265625,19.02601432800293,0.19467055797576904,0.19812390208244324,0.014937748201191425
29,0.0,51,angular-Jacobi-PCG,48,32,4,26928.55078125,1143.6964111328125,19.747272491455078,0.19467055797576904,0.1691528856754303,0.013742766343057156
29,0.0,52,identity-CG,48,32,4,25178.47265625,25178.47265625,1.0,0.1699112206697464,0.8363354206085205,0.026877306401729584
29,0.0,52,population-PCG,48,32,4,25178.47265625,2662.42236328125,7.500674724578857,0.1699112206697464,0.2525009512901306,0.01630287803709507
29,0.0,52,context-PCG,48,32,4,25178.47265625,1008.2925415039062,23.786880493164062,0.1699112206697464,0.12416215240955353,0.011309180408716202
29,0.0,52,hybrid-PCG,48,32,4,25178.47265625,924.2597045898438,23.276594161987305,0.1699112206697464,0.15052931010723114,0.01317425537854433
29,0.0,52,angular-Jacobi-PCG,48,32,4,25178.47265625,911.0445556640625,23.022705078125,0.1699112206697464,0.15250790119171143,0.012731511145830154
29,0.0,53,identity-CG,48,32,4,26573.142578125,26573.142578125,1.0,0.18280035257339478,0.9243605136871338,0.038532525300979614
29,0.0,53,population-PCG,48,32,4,26573.142578125,2165.3271484375,11.633316993713379,0.18280035257339478,0.2091665118932724,0.013548663817346096
29,0.0,53,context-PCG,48,32,4,26573.142578125,958.2227172851562,22.779449462890625,0.18280035257339478,0.14768508076667786,0.011752179823815823
29,0.0,53,hybrid-PCG,48,32,4,26573.142578125,1101.99169921875,22.038301467895508,0.18280035257339478,0.16596850752830505,0.011315032839775085
29,0.0,53,angular-Jacobi-PCG,48,32,4,26573.142578125,970.722900390625,23.49549102783203,0.18280035257339478,0.16113804280757904,0.011108394712209702
29,0.0,54,identity-CG,48,32,4,27001.2109375,27001.2109375,1.0,0.19082216918468475,0.8301986455917358,0.026603804901242256
29,0.0,54,population-PCG,48,32,4,27001.2109375,1910.9251708984375,9.448487281799316,0.19082216918468475,0.14299800992012024,0.012760888785123825
29,0.0,54,context-PCG,48,32,4,27001.2109375,957.0260009765625,23.373960494995117,0.19082216918468475,0.12865674495697021,0.012326312251389027
29,0.0,54,hybrid-PCG,48,32,4,27001.2109375,1186.5804443359375,22.594579696655273,0.19082216918468475,0.15921850502490997,0.0130601916462183
29,0.0,54,angular-Jacobi-PCG,48,32,4,27001.2109375,975.3689575195312,23.819374084472656,0.19082216918468475,0.14111466705799103,0.013038289733231068
29,0.0,55,identity-CG,48,32,4,26396.31640625,26396.31640625,1.0,0.18528711795806885,0.7296739816665649,0.027706213295459747
29,0.0,55,population-PCG,48,32,4,26396.31640625,3725.053466796875,5.2962822914123535,0.18528711795806885,0.2175484001636505,0.01546312216669321
29,0.0,55,context-PCG,48,32,4,26396.31640625,1119.941650390625,20.435815811157227,0.18528711795806885,0.1265646517276764,0.012772641144692898
29,0.0,55,hybrid-PCG,48,32,4,26396.31640625,1185.65771484375,20.274320602416992,0.18528711795806885,0.15748268365859985,0.013172762468457222
29,0.0,55,angular-Jacobi-PCG,48,32,4,26396.31640625,1160.107666015625,22.456668853759766,0.18528711795806885,0.1407615840435028,0.013053695671260357
29,0.0,56,identity-CG,48,32,4,26730.9765625,26730.9765625,1.0,0.18129059672355652,0.9739524126052856,0.02680298127233982
29,0.0,56,population-PCG,48,32,4,26730.9765625,2013.9610595703125,11.357529640197754,0.18129059672355652,0.15131936967372894,0.012068569660186768
29,0.0,56,context-PCG,48,32,4,26730.9765625,644.1318969726562,18.601806640625,0.18129059672355652,0.1212601587176323,0.00940626859664917
29,0.0,56,hybrid-PCG,48,32,4,26730.9765625,785.342041015625,20.328569412231445,0.18129059672355652,0.1578446477651596,0.009696222841739655
29,0.0,56,angular-Jacobi-PCG,48,32,4,26730.9765625,630.6439208984375,21.47594451904297,0.18129059672355652,0.1366521120071411,0.010196805000305176
29,0.0,57,identity-CG,48,32,4,26831.798828125,26831.798828125,1.0,0.19057215750217438,1.2453993558883667,0.048173047602176666
29,0.0,57,population-PCG,48,32,4,26831.798828125,2703.6142578125,6.751941204071045,0.19057215750217438,0.24365225434303284,0.014923016540706158
29,0.0,57,context-PCG,48,32,4,26831.798828125,921.0709838867188,24.001327514648438,0.19057215750217438,0.13048335909843445,0.01310720294713974
29,0.0,57,hybrid-PCG,48,32,4,26831.798828125,899.4217529296875,27.234594345092773,0.19057215750217438,0.13236281275749207,0.010769176296889782
29,0.0,57,angular-Jacobi-PCG,48,32,4,26831.798828125,829.3184814453125,27.948366165161133,0.19057215750217438,0.12909314036369324,0.011671693995594978
29,0.0,58,identity-CG,48,32,4,26170.69140625,26170.69140625,1.0,0.21817296743392944,0.9416946172714233,0.0329229012131691
29,0.0,58,population-PCG,48,32,4,26170.69140625,4470.19384765625,5.947498798370361,0.21817296743392944,0.22798359394073486,0.022042982280254364
29,0.0,58,context-PCG,48,32,4,26170.69140625,1159.671630859375,22.260234832763672,0.21817296743392944,0.16557128727436066,0.014550628140568733
29,0.0,58,hybrid-PCG,48,32,4,26170.69140625,967.7409057617188,20.537294387817383,0.21817296743392944,0.19003695249557495,0.014035682193934917
29,0.0,58,angular-Jacobi-PCG,48,32,4,26170.69140625,1011.1560668945312,22.621320724487305,0.21817296743392944,0.1971740424633026,0.016397960484027863
29,0.0,59,identity-CG,48,32,4,27209.416015625,27209.416015625,1.0,0.1948573887348175,0.7513153553009033,0.034831225872039795
29,0.0,59,population-PCG,48,32,4,27209.416015625,2438.92822265625,5.261904716491699,0.1948573887348175,0.20334671437740326,0.0174460057169199
29,0.0,59,context-PCG,48,32,4,27209.416015625,1151.365234375,21.27774429321289,0.1948573887348175,0.13065201044082642,0.012256702408194542
29,0.0,59,hybrid-PCG,48,32,4,27209.416015625,1380.884765625,16.69495391845703,0.1948573887348175,0.18456125259399414,0.013445738703012466
29,0.0,59,angular-Jacobi-PCG,48,32,4,27209.416015625,1146.4903564453125,18.781169891357422,0.1948573887348175,0.16183510422706604,0.013641992583870888
29,0.0,60,identity-CG,48,32,4,26165.51171875,26165.51171875,1.0,0.21296702325344086,0.8092180490493774,0.025044292211532593
29,0.0,60,population-PCG,48,32,4,26165.51171875,1948.571533203125,12.31119155883789,0.21296702325344086,0.1461096704006195,0.01326934527605772
29,0.0,60,context-PCG,48,32,4,26165.51171875,815.5548095703125,24.407733917236328,0.21296702325344086,0.12362900376319885,0.012901241891086102
29,0.0,60,hybrid-PCG,48,32,4,26165.51171875,952.2020874023438,22.779478073120117,0.21296702325344086,0.16531291604042053,0.014531801454722881
29,0.0,60,angular-Jacobi-PCG,48,32,4,26165.51171875,844.0516967773438,24.376605987548828,0.21296702325344086,0.15134984254837036,0.014129634946584702
29,0.0,61,identity-CG,48,32,4,26876.45703125,26876.45703125,1.0,0.1714964210987091,0.9063702821731567,0.040194183588027954
29,0.0,61,population-PCG,48,32,4,26876.45703125,2031.505126953125,11.046652793884277,0.1714964210987091,0.138769268989563,0.014406959526240826
29,0.0,61,context-PCG,48,32,4,26876.45703125,813.8838500976562,31.724266052246094,0.1714964210987091,0.09236318618059158,0.011363462544977665
29,0.0,61,hybrid-PCG,48,32,4,26876.45703125,811.2196044921875,28.841623306274414,0.1714964210987091,0.11884645372629166,0.013381117023527622
29,0.0,61,angular-Jacobi-PCG,48,32,4,26876.45703125,750.550537109375,34.73786544799805,0.1714964210987091,0.10053873062133789,0.010703468695282936
29,0.0,62,identity-CG,48,32,4,27170.31640625,27170.31640625,1.0,0.2344151735305786,1.362146258354187,0.03386770188808441
29,0.0,62,population-PCG,48,32,4,27170.31640625,2441.82373046875,9.984111785888672,0.2344151735305786,0.1666470766067505,0.013599831610918045
29,0.0,62,context-PCG,48,32,4,27170.31640625,1124.6519775390625,16.470365524291992,0.2344151735305786,0.17839881777763367,0.015386451035737991
29,0.0,62,hybrid-PCG,48,32,4,27170.31640625,1475.11865234375,12.919021606445312,0.2344151735305786,0.22429457306861877,0.015771372243762016
29,0.0,62,angular-Jacobi-PCG,48,32,4,27170.31640625,1380.226318359375,14.76671314239502,0.2344151735305786,0.21113097667694092,0.015503840520977974
29,0.0,63,identity-CG,48,32,4,27612.857421875,27612.857421875,1.0,0.21404120326042175,0.796099066734314,0.019091203808784485
29,0.0,63,population-PCG,48,32,4,27612.857421875,2332.35498046875,11.839045524597168,0.21404120326042175,0.14500847458839417,0.012046691961586475
29,0.0,63,context-PCG,48,32,4,27612.857421875,830.8994140625,25.095550537109375,0.21404120326042175,0.11725236475467682,0.012774389237165451
29,0.0,63,hybrid-PCG,48,32,4,27612.857421875,1127.953125,20.86924934387207,0.21404120326042175,0.17556163668632507,0.014877924695611
29,0.0,63,angular-Jacobi-PCG,48,32,4,27612.857421875,805.6454467773438,26.102087020874023,0.21404120326042175,0.14176024496555328,0.013341176323592663
29,1.0,0,identity-CG,48,32,4,6712.0556640625,6712.0556640625,1.0,0.26515889167785645,0.4747546911239624,0.025008482858538628
29,1.0,0,population-PCG,48,32,4,6712.0556640625,4627.0966796875,1.4373018741607666,0.26515889167785645,0.18655556440353394,0.020051229745149612
29,1.0,0,context-PCG,48,32,4,6712.0556640625,836.1898193359375,6.126386642456055,0.26515889167785645,0.11599086225032806,0.011921304278075695
29,1.0,0,hybrid-PCG,48,32,4,6712.0556640625,695.2730102539062,6.492344856262207,0.26515889167785645,0.09600047022104263,0.010784463956952095
29,1.0,0,angular-Jacobi-PCG,48,32,4,6712.0556640625,725.7706298828125,6.24749231338501,0.26515889167785645,0.10785207152366638,0.011065714992582798
29,1.0,1,identity-CG,48,32,4,6579.34423828125,6579.34423828125,1.0,0.2597695589065552,0.45766615867614746,0.025827042758464813
29,1.0,1,population-PCG,48,32,4,6579.34423828125,4586.638671875,1.0266399383544922,0.2597695589065552,0.21959945559501648,0.0206990335136652
29,1.0,1,context-PCG,48,32,4,6579.34423828125,771.2810668945312,5.833840847015381,0.2597695589065552,0.11104108393192291,0.011061734519898891
29,1.0,1,hybrid-PCG,48,32,4,6579.34423828125,710.3235473632812,6.503407001495361,0.2597695589065552,0.11048772186040878,0.010562030598521233
29,1.0,1,angular-Jacobi-PCG,48,32,4,6579.34423828125,762.0784912109375,6.139857769012451,0.2597695589065552,0.10212455689907074,0.010585905984044075
29,1.0,2,identity-CG,48,32,4,7109.50341796875,7109.50341796875,1.0,0.27660635113716125,0.4429726302623749,0.03238438069820404
29,1.0,2,population-PCG,48,32,4,7109.50341796875,3857.254638671875,1.2563639879226685,0.27660635113716125,0.20189756155014038,0.01617920771241188
29,1.0,2,context-PCG,48,32,4,7109.50341796875,917.2088623046875,6.900405406951904,0.27660635113716125,0.11162646114826202,0.010065068490803242
29,1.0,2,hybrid-PCG,48,32,4,7109.50341796875,803.00341796875,7.0358567237854,0.27660635113716125,0.10759437084197998,0.010139700956642628
29,1.0,2,angular-Jacobi-PCG,48,32,4,7109.50341796875,855.4332275390625,6.492825508117676,0.27660635113716125,0.12499360740184784,0.00971771776676178
29,1.0,3,identity-CG,48,32,4,7025.0380859375,7025.0380859375,1.0,0.2840102016925812,0.46298494935035706,0.02446078695356846
29,1.0,3,population-PCG,48,32,4,7025.0380859375,3858.114990234375,1.5513948202133179,0.2840102016925812,0.1870853304862976,0.020270921289920807
29,1.0,3,context-PCG,48,32,4,7025.0380859375,888.8822631835938,7.318664073944092,0.2840102016925812,0.11760640889406204,0.012225324288010597
29,1.0,3,hybrid-PCG,48,32,4,7025.0380859375,768.0830688476562,8.567867279052734,0.2840102016925812,0.10525689274072647,0.011171204037964344
29,1.0,3,angular-Jacobi-PCG,48,32,4,7025.0380859375,815.9415283203125,8.11382007598877,0.2840102016925812,0.11023124307394028,0.011001983657479286
29,1.0,4,identity-CG,48,32,4,7162.98388671875,7162.98388671875,1.0,0.27399399876594543,0.5087426900863647,0.028787761926651
29,1.0,4,population-PCG,48,32,4,7162.98388671875,2985.99755859375,2.1675612926483154,0.27399399876594543,0.18093755841255188,0.020191259682178497
29,1.0,4,context-PCG,48,32,4,7162.98388671875,794.9534912109375,6.126428127288818,0.27399399876594543,0.10026557743549347,0.011138098314404488
29,1.0,4,hybrid-PCG,48,32,4,7162.98388671875,672.7845458984375,6.411409854888916,0.27399399876594543,0.09812887758016586,0.009589184075593948
29,1.0,4,angular-Jacobi-PCG,48,32,4,7162.98388671875,699.0468139648438,6.097879886627197,0.27399399876594543,0.10546500235795975,0.011321697384119034
29,1.0,5,identity-CG,48,32,4,6996.568359375,6996.568359375,1.0,0.29116958379745483,0.3661959171295166,0.016149045899510384
29,1.0,5,population-PCG,48,32,4,6996.568359375,2651.586669921875,2.013726234436035,0.29116958379745483,0.18344593048095703,0.018376246094703674
29,1.0,5,context-PCG,48,32,4,6996.568359375,867.875244140625,7.951752185821533,0.29116958379745483,0.10187752544879913,0.010648855939507484
29,1.0,5,hybrid-PCG,48,32,4,6996.568359375,756.6448974609375,8.49642562866211,0.29116958379745483,0.08818554878234863,0.009718941524624825
29,1.0,5,angular-Jacobi-PCG,48,32,4,6996.568359375,794.2093505859375,8.121798515319824,0.29116958379745483,0.10053002089262009,0.01103215292096138
29,1.0,6,identity-CG,48,32,4,6417.08642578125,6417.08642578125,1.0,0.24787472188472748,0.44716399908065796,0.023221172392368317
29,1.0,6,population-PCG,48,32,4,6417.08642578125,4684.02880859375,0.911150336265564,0.24787472188472748,0.263731986284256,0.018484976142644882
29,1.0,6,context-PCG,48,32,4,6417.08642578125,1264.9403076171875,3.819453239440918,0.24787472188472748,0.16826078295707703,0.012687470763921738
29,1.0,6,hybrid-PCG,48,32,4,6417.08642578125,1133.1492919921875,4.094399452209473,0.24787472188472748,0.1563487946987152,0.012171482667326927
29,1.0,6,angular-Jacobi-PCG,48,32,4,6417.08642578125,1231.756591796875,3.814472198486328,0.24787472188472748,0.16878047585487366,0.013358446769416332
29,1.0,7,identity-CG,48,32,4,6584.849609375,6584.849609375,1.0,0.24695175886154175,0.3012196123600006,0.01749076507985592
29,1.0,7,population-PCG,48,32,4,6584.849609375,4253.451171875,1.1775448322296143,0.24695175886154175,0.27134424448013306,0.02532031573355198
29,1.0,7,context-PCG,48,32,4,6584.849609375,921.7064819335938,3.8912808895111084,0.24695175886154175,0.16795077919960022,0.01283174380660057
29,1.0,7,hybrid-PCG,48,32,4,6584.849609375,818.4708251953125,4.141548156738281,0.24695175886154175,0.14610669016838074,0.009945636615157127
29,1.0,7,angular-Jacobi-PCG,48,32,4,6584.849609375,880.0806884765625,3.8727385997772217,0.24695175886154175,0.17747563123703003,0.011696314439177513
29,1.0,8,identity-CG,48,32,4,7463.9072265625,7463.9072265625,1.0,0.27358824014663696,0.42299678921699524,0.025855638086795807
29,1.0,8,population-PCG,48,32,4,7463.9072265625,3677.3740234375,1.6475847959518433,0.27358824014663696,0.22708603739738464,0.018816428259015083
29,1.0,8,context-PCG,48,32,4,7463.9072265625,916.9711303710938,7.387995719909668,0.27358824014663696,0.12574166059494019,0.011121668852865696
29,1.0,8,hybrid-PCG,48,32,4,7463.9072265625,816.0252685546875,8.59321403503418,0.27358824014663696,0.10845853388309479,0.010407538153231144
29,1.0,8,angular-Jacobi-PCG,48,32,4,7463.9072265625,859.777099609375,7.998961448669434,0.27358824014663696,0.12585937976837158,0.01115434244275093
29,1.0,9,identity-CG,48,32,4,6696.80224609375,6696.80224609375,1.0,0.26950839161872864,0.3813926577568054,0.018147410824894905
29,1.0,9,population-PCG,48,32,4,6696.80224609375,2939.197021484375,2.03125262260437,0.26950839161872864,0.17778658866882324,0.022421378642320633
29,1.0,9,context-PCG,48,32,4,6696.80224609375,713.470947265625,7.62300968170166,0.26950839161872864,0.08344952017068863,0.01098454650491476
29,1.0,9,hybrid-PCG,48,32,4,6696.80224609375,618.8374633789062,8.65832805633545,0.26950839161872864,0.07369519025087357,0.009170172736048698
29,1.0,9,angular-Jacobi-PCG,48,32,4,6696.80224609375,645.5751342773438,8.199785232543945,0.26950839161872864,0.0762098953127861,0.009072532877326012
29,1.0,10,identity-CG,48,32,4,7269.66552734375,7269.66552734375,1.0,0.2672952115535736,0.328665554523468,0.016789264976978302
29,1.0,10,population-PCG,48,32,4,7269.66552734375,3675.074462890625,1.6083483695983887,0.2672952115535736,0.23904547095298767,0.018422771245241165
29,1.0,10,context-PCG,48,32,4,7269.66552734375,784.6831665039062,7.270981788635254,0.2672952115535736,0.12803421914577484,0.01169934868812561
29,1.0,10,hybrid-PCG,48,32,4,7269.66552734375,728.8031616210938,8.818137168884277,0.2672952115535736,0.10499212145805359,0.010075751692056656
29,1.0,10,angular-Jacobi-PCG,48,32,4,7269.66552734375,773.8115844726562,8.058425903320312,0.2672952115535736,0.11955385655164719,0.011651262640953064
29,1.0,11,identity-CG,48,32,4,7085.53662109375,7085.53662109375,1.0,0.27627938985824585,0.4446564018726349,0.023347413167357445
29,1.0,11,population-PCG,48,32,4,7085.53662109375,3387.3994140625,1.0162684917449951,0.27627938985824585,0.21609990298748016,0.01856556162238121
29,1.0,11,context-PCG,48,32,4,7085.53662109375,925.4262084960938,6.077437877655029,0.27627938985824585,0.128103107213974,0.011405618861317635
29,1.0,11,hybrid-PCG,48,32,4,7085.53662109375,873.6044921875,7.2722086906433105,0.27627938985824585,0.10604909062385559,0.010191051289439201
29,1.0,11,angular-Jacobi-PCG,48,32,4,7085.53662109375,917.498291015625,6.773107528686523,0.27627938985824585,0.1088578999042511,0.010053733363747597
29,1.0,12,identity-CG,48,32,4,8365.171875,8365.171875,1.0,0.2946089208126068,0.46592435240745544,0.024532953277230263
29,1.0,12,population-PCG,48,32,4,8365.171875,4768.64013671875,1.1922578811645508,0.2946089208126068,0.2177637368440628,0.0176073107868433
29,1.0,12,context-PCG,48,32,4,8365.171875,1251.3243408203125,5.65378475189209,0.2946089208126068,0.13263913989067078,0.012625932693481445
29,1.0,12,hybrid-PCG,48,32,4,8365.171875,1078.542236328125,6.559518814086914,0.2946089208126068,0.11575710773468018,0.01159961149096489
29,1.0,12,angular-Jacobi-PCG,48,32,4,8365.171875,1152.0050048828125,6.14122200012207,0.2946089208126068,0.11954271793365479,0.01262826006859541
29,1.0,13,identity-CG,48,32,4,7682.72119140625,7682.72119140625,1.0,0.2795711159706116,0.5375646948814392,0.031577713787555695
29,1.0,13,population-PCG,48,32,4,7682.72119140625,3441.509521484375,1.9473217725753784,0.2795711159706116,0.22849145531654358,0.020411189645528793
29,1.0,13,context-PCG,48,32,4,7682.72119140625,816.0638427734375,8.54985523223877,0.2795711159706116,0.09069347381591797,0.009918155148625374
29,1.0,13,hybrid-PCG,48,32,4,7682.72119140625,721.4755249023438,9.162827491760254,0.2795711159706116,0.0853927806019783,0.009841034188866615
29,1.0,13,angular-Jacobi-PCG,48,32,4,7682.72119140625,741.6001586914062,8.901500701904297,0.2795711159706116,0.10412580519914627,0.010353082790970802
29,1.0,14,identity-CG,48,32,4,6961.2783203125,6961.2783203125,1.0,0.2607620060443878,0.34560006856918335,0.02693937160074711
29,1.0,14,population-PCG,48,32,4,6961.2783203125,2430.632568359375,2.007075071334839,0.2607620060443878,0.1877826303243637,0.0186941958963871
29,1.0,14,context-PCG,48,32,4,6961.2783203125,717.570068359375,8.029180526733398,0.2607620060443878,0.07620402425527573,0.008156663738191128
29,1.0,14,hybrid-PCG,48,32,4,6961.2783203125,640.955078125,8.843602180480957,0.2607620060443878,0.06494588404893875,0.007083181291818619
29,1.0,14,angular-Jacobi-PCG,48,32,4,6961.2783203125,659.2131958007812,8.565653800964355,0.2607620060443878,0.08847547322511673,0.008481848984956741
29,1.0,15,identity-CG,48,32,4,6949.52197265625,6949.52197265625,1.0,0.27441221475601196,0.3819471597671509,0.024723034352064133
29,1.0,15,population-PCG,48,32,4,6949.52197265625,2939.933349609375,2.2562313079833984,0.27441221475601196,0.2086215317249298,0.01977435126900673
29,1.0,15,context-PCG,48,32,4,6949.52197265625,602.2064819335938,8.549997329711914,0.27441221475601196,0.09503541886806488,0.009507402777671814
29,1.0,15,hybrid-PCG,48,32,4,6949.52197265625,557.1759643554688,9.748120307922363,0.27441221475601196,0.08428777754306793,0.008774470537900925
29,1.0,15,angular-Jacobi-PCG,48,32,4,6949.52197265625,580.997802734375,9.192962646484375,0.27441221475601196,0.08700098097324371,0.008472305722534657
29,1.0,16,identity-CG,48,32,4,7114.1669921875,7114.1669921875,1.0,0.29461342096328735,0.3920486271381378,0.02676018327474594
29,1.0,16,population-PCG,48,32,4,7114.1669921875,2878.684326171875,2.2863757610321045,0.29461342096328735,0.16563251614570618,0.018222041428089142
29,1.0,16,context-PCG,48,32,4,7114.1669921875,700.357666015625,8.745430946350098,0.29461342096328735,0.09506094455718994,0.009432104416191578
29,1.0,16,hybrid-PCG,48,32,4,7114.1669921875,623.4756469726562,9.214815139770508,0.29461342096328735,0.082595095038414,0.008248570375144482
29,1.0,16,angular-Jacobi-PCG,48,32,4,7114.1669921875,637.102294921875,8.700742721557617,0.29461342096328735,0.08533395081758499,0.008618935942649841
29,1.0,17,identity-CG,48,32,4,6220.59423828125,6220.59423828125,1.0,0.27518323063850403,0.3925357162952423,0.032204002141952515
29,1.0,17,population-PCG,48,32,4,6220.59423828125,2758.4580078125,2.2780683040618896,0.27518323063850403,0.206934854388237,0.024698998779058456
29,1.0,17,context-PCG,48,32,4,6220.59423828125,634.79931640625,7.041011333465576,0.27518323063850403,0.09537678956985474,0.009275169111788273
29,1.0,17,hybrid-PCG,48,32,4,6220.59423828125,571.7214965820312,8.012504577636719,0.27518323063850403,0.08181026577949524,0.008107789792120457
29,1.0,17,angular-Jacobi-PCG,48,32,4,6220.59423828125,596.991455078125,7.609055042266846,0.27518323063850403,0.08771350979804993,0.0084687490016222
29,1.0,18,identity-CG,48,32,4,7255.7568359375,7255.7568359375,1.0,0.2784517705440521,0.48228195309638977,0.03024173155426979
29,1.0,18,population-PCG,48,32,4,7255.7568359375,4372.044921875,1.4239990711212158,0.2784517705440521,0.2404923290014267,0.021643774583935738
29,1.0,18,context-PCG,48,32,4,7255.7568359375,1104.8292236328125,6.754708766937256,0.2784517705440521,0.11221911758184433,0.010550716891884804
29,1.0,18,hybrid-PCG,48,32,4,7255.7568359375,927.7982788085938,7.682492733001709,0.2784517705440521,0.09320078045129776,0.009425396099686623
29,1.0,18,angular-Jacobi-PCG,48,32,4,7255.7568359375,980.1976318359375,7.048473834991455,0.2784517705440521,0.11187589168548584,0.011629058979451656
29,1.0,19,identity-CG,48,32,4,7823.76416015625,7823.76416015625,1.0,0.2630762457847595,0.602599024772644,0.030695846304297447
29,1.0,19,population-PCG,48,32,4,7823.76416015625,5785.77490234375,1.2627835273742676,0.2630762457847595,0.25920289754867554,0.01902751997113228
29,1.0,19,context-PCG,48,32,4,7823.76416015625,1292.510009765625,4.859513282775879,0.2630762457847595,0.1603507548570633,0.011347892694175243
29,1.0,19,hybrid-PCG,48,32,4,7823.76416015625,1106.7486572265625,5.178553581237793,0.2630762457847595,0.1661447435617447,0.011661399155855179
29,1.0,19,angular-Jacobi-PCG,48,32,4,7823.76416015625,1158.60986328125,4.853249549865723,0.2630762457847595,0.169112429022789,0.012220482341945171
29,1.0,20,identity-CG,48,32,4,6926.43896484375,6926.43896484375,1.0,0.2789713144302368,0.35845625400543213,0.025698060169816017
29,1.0,20,population-PCG,48,32,4,6926.43896484375,3052.19970703125,2.2030413150787354,0.2789713144302368,0.18663296103477478,0.01685839146375656
29,1.0,20,context-PCG,48,32,4,6926.43896484375,769.0062866210938,8.49193000793457,0.2789713144302368,0.08509638160467148,0.01007295772433281
29,1.0,20,hybrid-PCG,48,32,4,6926.43896484375,692.433837890625,9.465720176696777,0.2789713144302368,0.08478496223688126,0.00986581202596426
29,1.0,20,angular-Jacobi-PCG,48,32,4,6926.43896484375,735.5068359375,9.087983131408691,0.2789713144302368,0.09388571977615356,0.010517269372940063
29,1.0,21,identity-CG,48,32,4,6758.36328125,6758.36328125,1.0,0.28059273958206177,0.4896344542503357,0.02750546485185623
29,1.0,21,population-PCG,48,32,4,6758.36328125,2556.4912109375,2.1895127296447754,0.28059273958206177,0.22785143554210663,0.023673756048083305
29,1.0,21,context-PCG,48,32,4,6758.36328125,783.0974731445312,8.716196060180664,0.28059273958206177,0.08902272582054138,0.01060877088457346
29,1.0,21,hybrid-PCG,48,32,4,6758.36328125,729.764892578125,9.261014938354492,0.28059273958206177,0.08442693948745728,0.009829037822782993
29,1.0,21,angular-Jacobi-PCG,48,32,4,6758.36328125,757.907470703125,8.917135238647461,0.28059273958206177,0.08576513826847076,0.010613997466862202
29,1.0,22,identity-CG,48,32,4,7103.85302734375,7103.85302734375,1.0,0.2618684768676758,0.4889373779296875,0.025016510859131813
29,1.0,22,population-PCG,48,32,4,7103.85302734375,4032.4677734375,1.1657497882843018,0.2618684768676758,0.2685878872871399,0.026448756456375122
29,1.0,22,context-PCG,48,32,4,7103.85302734375,986.718505859375,6.239731788635254,0.2618684768676758,0.12763822078704834,0.011273285374045372
29,1.0,22,hybrid-PCG,48,32,4,7103.85302734375,871.0841064453125,7.099160671234131,0.2618684768676758,0.10889501124620438,0.01142497081309557
29,1.0,22,angular-Jacobi-PCG,48,32,4,7103.85302734375,907.5224609375,6.697939395904541,0.2618684768676758,0.1364099383354187,0.012435869313776493
29,1.0,23,identity-CG,48,32,4,6527.0751953125,6527.0751953125,1.0,0.2760949730873108,0.2869676947593689,0.0223617535084486
29,1.0,23,population-PCG,48,32,4,6527.0751953125,2492.11328125,1.5984461307525635,0.2760949730873108,0.14699357748031616,0.018974406644701958
29,1.0,23,context-PCG,48,32,4,6527.0751953125,773.724853515625,8.367934226989746,0.2760949730873108,0.10280966758728027,0.011383522301912308
29,1.0,23,hybrid-PCG,48,32,4,6527.0751953125,707.886474609375,9.422473907470703,0.2760949730873108,0.08497874438762665,0.009628880769014359
29,1.0,23,angular-Jacobi-PCG,48,32,4,6527.0751953125,757.8543701171875,8.925500869750977,0.2760949730873108,0.0878419280052185,0.010051135905086994
29,1.0,24,identity-CG,48,32,4,7713.3701171875,7713.3701171875,1.0,0.2898520827293396,0.3402978181838989,0.024817949160933495
29,1.0,24,population-PCG,48,32,4,7713.3701171875,2851.666015625,2.2170803546905518,0.2898520827293396,0.2290739119052887,0.0202551931142807
29,1.0,24,context-PCG,48,32,4,7713.3701171875,875.5718383789062,8.139825820922852,0.2898520827293396,0.11621380597352982,0.012474201619625092
29,1.0,24,hybrid-PCG,48,32,4,7713.3701171875,767.1456298828125,9.532013893127441,0.2898520827293396,0.099450021982193,0.010579102672636509
29,1.0,24,angular-Jacobi-PCG,48,32,4,7713.3701171875,812.710693359375,9.175971984863281,0.2898520827293396,0.11724358052015305,0.010756639763712883
29,1.0,25,identity-CG,48,32,4,7069.7021484375,7069.7021484375,1.0,0.2555810809135437,0.5770028829574585,0.03531370311975479
29,1.0,25,population-PCG,48,32,4,7069.7021484375,2416.133056640625,2.59914231300354,0.2555810809135437,0.20759019255638123,0.02082653157413006
29,1.0,25,context-PCG,48,32,4,7069.7021484375,744.021484375,7.746801853179932,0.2555810809135437,0.1028812974691391,0.010313162580132484
29,1.0,25,hybrid-PCG,48,32,4,7069.7021484375,665.93798828125,7.951623916625977,0.2555810809135437,0.09949547052383423,0.009581566788256168
29,1.0,25,angular-Jacobi-PCG,48,32,4,7069.7021484375,708.58740234375,7.5634846687316895,0.2555810809135437,0.10995540767908096,0.010388116352260113
29,1.0,26,identity-CG,48,32,4,6995.029296875,6995.029296875,1.0,0.28025883436203003,0.4238366484642029,0.018855080008506775
29,1.0,26,population-PCG,48,32,4,6995.029296875,1895.0303955078125,1.4030531644821167,0.28025883436203003,0.20135225355625153,0.01899508573114872
29,1.0,26,context-PCG,48,32,4,6995.029296875,620.44189453125,8.170825958251953,0.28025883436203003,0.08902426064014435,0.011425474658608437
29,1.0,26,hybrid-PCG,48,32,4,6995.029296875,548.5722045898438,9.53347110748291,0.28025883436203003,0.08777059614658356,0.010177014395594597
29,1.0,26,angular-Jacobi-PCG,48,32,4,6995.029296875,560.6953125,9.296225547790527,0.28025883436203003,0.09930369257926941,0.010292703285813332
29,1.0,27,identity-CG,48,32,4,6856.30322265625,6856.30322265625,1.0,0.29575371742248535,0.3677077889442444,0.018329542130231857
29,1.0,27,population-PCG,48,32,4,6856.30322265625,2289.357421875,1.5917024612426758,0.29575371742248535,0.2291131615638733,0.02346910536289215
29,1.0,27,context-PCG,48,32,4,6856.30322265625,962.4395751953125,6.758750915527344,0.29575371742248535,0.10781584680080414,0.010688193142414093
29,1.0,27,hybrid-PCG,48,32,4,6856.30322265625,837.6141357421875,7.666580677032471,0.29575371742248535,0.11091142147779465,0.010718056000769138
29,1.0,27,angular-Jacobi-PCG,48,32,4,6856.30322265625,874.8643188476562,7.129428863525391,0.29575371742248535,0.11423855274915695,0.010414429008960724
29,1.0,28,identity-CG,48,32,4,7617.14111328125,7617.14111328125,1.0,0.28548410534858704,0.5026898980140686,0.03360060974955559
29,1.0,28,population-PCG,48,32,4,7617.14111328125,3631.03125,2.2250635623931885,0.28548410534858704,0.19241443276405334,0.020282037556171417
29,1.0,28,context-PCG,48,32,4,7617.14111328125,866.0553588867188,9.328821182250977,0.28548410534858704,0.09159335494041443,0.008839031681418419
29,1.0,28,hybrid-PCG,48,32,4,7617.14111328125,788.619384765625,9.828094482421875,0.28548410534858704,0.09106291830539703,0.008111950941383839
29,1.0,28,angular-Jacobi-PCG,48,32,4,7617.14111328125,810.7489624023438,9.455820083618164,0.28548410534858704,0.1009725034236908,0.010201233439147472
29,1.0,29,identity-CG,48,32,4,7296.1865234375,7296.1865234375,1.0,0.27126380801200867,0.4178411364555359,0.024479251354932785
29,1.0,29,population-PCG,48,32,4,7296.1865234375,3782.725341796875,1.762264370918274,0.27126380801200867,0.14895962178707123,0.01955709420144558
29,1.0,29,context-PCG,48,32,4,7296.1865234375,848.5714721679688,7.578745365142822,0.27126380801200867,0.10785253345966339,0.01116909272968769
29,1.0,29,hybrid-PCG,48,32,4,7296.1865234375,768.0217895507812,8.703838348388672,0.27126380801200867,0.09740829467773438,0.009785125963389874
29,1.0,29,angular-Jacobi-PCG,48,32,4,7296.1865234375,803.2301635742188,8.39610481262207,0.27126380801200867,0.1174616888165474,0.011822085827589035
29,1.0,30,identity-CG,48,32,4,7536.431640625,7536.431640625,1.0,0.27640795707702637,0.47494128346443176,0.028221487998962402
29,1.0,30,population-PCG,48,32,4,7536.431640625,2900.961181640625,2.134287118911743,0.27640795707702637,0.19223938882350922,0.02021055296063423
29,1.0,30,context-PCG,48,32,4,7536.431640625,682.6309204101562,8.672451972961426,0.27640795707702637,0.09213662147521973,0.011044742539525032
29,1.0,30,hybrid-PCG,48,32,4,7536.431640625,620.5391845703125,9.131624221801758,0.27640795707702637,0.09108713269233704,0.009707378223538399
29,1.0,30,angular-Jacobi-PCG,48,32,4,7536.431640625,652.02587890625,8.863849639892578,0.27640795707702637,0.08626431226730347,0.010248841717839241
29,1.0,31,identity-CG,48,32,4,6900.35205078125,6900.35205078125,1.0,0.2682352066040039,0.4416806995868683,0.024796869605779648
29,1.0,31,population-PCG,48,32,4,6900.35205078125,3001.50439453125,2.298964500427246,0.2682352066040039,0.26251107454299927,0.02485959231853485
29,1.0,31,context-PCG,48,32,4,6900.35205078125,807.2088623046875,8.548409461975098,0.2682352066040039,0.11717117577791214,0.01046599168330431
29,1.0,31,hybrid-PCG,48,32,4,6900.35205078125,683.6925048828125,9.538878440856934,0.2682352066040039,0.10141150653362274,0.009458146058022976
29,1.0,31,angular-Jacobi-PCG,48,32,4,6900.35205078125,749.6349487304688,9.018975257873535,0.2682352066040039,0.12141008675098419,0.011593983508646488
29,1.0,32,identity-CG,48,32,4,7347.20068359375,7347.20068359375,1.0,0.24569880962371826,0.4488469362258911,0.026336418464779854
29,1.0,32,population-PCG,48,32,4,7347.20068359375,5136.90576171875,1.4302774667739868,0.24569880962371826,0.25832247734069824,0.025795752182602882
29,1.0,32,context-PCG,48,32,4,7347.20068359375,963.8710327148438,7.15091609954834,0.24569880962371826,0.12105202674865723,0.0114449393004179
29,1.0,32,hybrid-PCG,48,32,4,7347.20068359375,930.19384765625,7.252143383026123,0.24569880962371826,0.13645756244659424,0.011854433454573154
29,1.0,32,angular-Jacobi-PCG,48,32,4,7347.20068359375,1009.241943359375,6.966380596160889,0.24569880962371826,0.11795084178447723,0.012802258133888245
29,1.0,33,identity-CG,48,32,4,6704.7724609375,6704.7724609375,1.0,0.25766560435295105,0.28454500436782837,0.022260498255491257
29,1.0,33,population-PCG,48,32,4,6704.7724609375,6564.2685546875,0.9435663223266602,0.25766560435295105,0.2618841528892517,0.021543746814131737
29,1.0,33,context-PCG,48,32,4,6704.7724609375,1298.1646728515625,4.719094276428223,0.25766560435295105,0.17934507131576538,0.012950980104506016
29,1.0,33,hybrid-PCG,48,32,4,6704.7724609375,1171.6422119140625,5.182894229888916,0.25766560435295105,0.15241557359695435,0.01228060107678175
29,1.0,33,angular-Jacobi-PCG,48,32,4,6704.7724609375,1267.7613525390625,4.8322672843933105,0.25766560435295105,0.14987912774085999,0.011900555342435837
29,1.0,34,identity-CG,48,32,4,7354.64892578125,7354.64892578125,1.0,0.2678360939025879,0.5085523128509521,0.03324853628873825
29,1.0,34,population-PCG,48,32,4,7354.64892578125,3655.9169921875,1.0524159669876099,0.2678360939025879,0.21138209104537964,0.02175905741751194
29,1.0,34,context-PCG,48,32,4,7354.64892578125,923.8436889648438,5.56376314163208,0.2678360939025879,0.14039450883865356,0.014482471160590649
29,1.0,34,hybrid-PCG,48,32,4,7354.64892578125,815.653564453125,6.411848545074463,0.2678360939025879,0.127867192029953,0.012686008587479591
29,1.0,34,angular-Jacobi-PCG,48,32,4,7354.64892578125,876.7970581054688,6.011502742767334,0.2678360939025879,0.13878732919692993,0.013556031510233879
29,1.0,35,identity-CG,48,32,4,6579.51806640625,6579.51806640625,1.0,0.24382075667381287,0.5376375913619995,0.024660255759954453
29,1.0,35,population-PCG,48,32,4,6579.51806640625,6223.662109375,1.0571779012680054,0.24382075667381287,0.21046581864356995,0.020927712321281433
29,1.0,35,context-PCG,48,32,4,6579.51806640625,1470.237060546875,5.690391540527344,0.24382075667381287,0.16608010232448578,0.014416528865695
29,1.0,35,hybrid-PCG,48,32,4,6579.51806640625,1348.3690185546875,5.764974594116211,0.24382075667381287,0.1559000462293625,0.01454883348196745
29,1.0,35,angular-Jacobi-PCG,48,32,4,6579.51806640625,1455.5626220703125,5.3813395500183105,0.24382075667381287,0.17561191320419312,0.016088688746094704
29,1.0,36,identity-CG,48,32,4,6739.96875,6739.96875,1.0,0.27193230390548706,0.269700288772583,0.022022075951099396
29,1.0,36,population-PCG,48,32,4,6739.96875,5284.23974609375,1.1669493913650513,0.27193230390548706,0.181701198220253,0.018892908468842506
29,1.0,36,context-PCG,48,32,4,6739.96875,1123.080810546875,5.836827278137207,0.27193230390548706,0.10537344217300415,0.011445695534348488
29,1.0,36,hybrid-PCG,48,32,4,6739.96875,978.29296875,6.596071720123291,0.27193230390548706,0.10320562869310379,0.010889053344726562
29,1.0,36,angular-Jacobi-PCG,48,32,4,6739.96875,1046.034912109375,6.231861591339111,0.27193230390548706,0.10667920112609863,0.011432770639657974
29,1.0,37,identity-CG,48,32,4,7328.11328125,7328.11328125,1.0,0.29059863090515137,0.3527348041534424,0.02780945785343647
29,1.0,37,population-PCG,48,32,4,7328.11328125,2356.919189453125,1.6495587825775146,0.29059863090515137,0.1981237828731537,0.02105448581278324
29,1.0,37,context-PCG,48,32,4,7328.11328125,672.3226318359375,8.283622741699219,0.29059863090515137,0.0846254974603653,0.009774025529623032
29,1.0,37,hybrid-PCG,48,32,4,7328.11328125,632.3912963867188,9.853089332580566,0.29059863090515137,0.08017139136791229,0.008799545466899872
29,1.0,37,angular-Jacobi-PCG,48,32,4,7328.11328125,661.913330078125,9.280064582824707,0.29059863090515137,0.09576822817325592,0.011344592086970806
29,1.0,38,identity-CG,48,32,4,6790.68310546875,6790.68310546875,1.0,0.27157360315322876,0.504792332649231,0.029577624052762985
29,1.0,38,population-PCG,48,32,4,6790.68310546875,4016.29296875,1.5383203029632568,0.27157360315322876,0.1932809054851532,0.017345618456602097
29,1.0,38,context-PCG,48,32,4,6790.68310546875,1043.1944580078125,5.730120658874512,0.27157360315322876,0.11877347528934479,0.011519094929099083
29,1.0,38,hybrid-PCG,48,32,4,6790.68310546875,1094.755615234375,6.02790641784668,0.27157360315322876,0.1084362342953682,0.0114279855042696
29,1.0,38,angular-Jacobi-PCG,48,32,4,6790.68310546875,1147.0023193359375,5.633281707763672,0.27157360315322876,0.11734873056411743,0.01242490392178297
29,1.0,39,identity-CG,48,32,4,6914.166015625,6914.166015625,1.0,0.2541714310646057,0.38243207335472107,0.020825685933232307
29,1.0,39,population-PCG,48,32,4,6914.166015625,3234.866943359375,2.137387990951538,0.2541714310646057,0.185749813914299,0.017886560410261154
29,1.0,39,context-PCG,48,32,4,6914.166015625,886.7471923828125,6.652135848999023,0.2541714310646057,0.11248815804719925,0.011885526590049267
29,1.0,39,hybrid-PCG,48,32,4,6914.166015625,825.7194213867188,7.453437805175781,0.2541714310646057,0.10942615568637848,0.011528787203133106
29,1.0,39,angular-Jacobi-PCG,48,32,4,6914.166015625,896.248779296875,7.07536506652832,0.2541714310646057,0.10753267258405685,0.010922122746706009
29,1.0,40,identity-CG,48,32,4,6740.30419921875,6740.30419921875,1.0,0.25667890906333923,0.26330649852752686,0.020953500643372536
29,1.0,40,population-PCG,48,32,4,6740.30419921875,2948.02294921875,1.0483851432800293,0.25667890906333923,0.18271207809448242,0.017018795013427734
29,1.0,40,context-PCG,48,32,4,6740.30419921875,842.96630859375,4.831489086151123,0.25667890906333923,0.11455202847719193,0.01161186583340168
29,1.0,40,hybrid-PCG,48,32,4,6740.30419921875,789.6603393554688,5.509524822235107,0.25667890906333923,0.1183478832244873,0.012081422843039036
29,1.0,40,angular-Jacobi-PCG,48,32,4,6740.30419921875,835.3394165039062,5.096126556396484,0.25667890906333923,0.11574047803878784,0.012350605800747871
29,1.0,41,identity-CG,48,32,4,8441.2744140625,8441.2744140625,1.0,0.31281518936157227,0.3124133050441742,0.01870766654610634
29,1.0,41,population-PCG,48,32,4,8441.2744140625,4864.9306640625,1.5187058448791504,0.31281518936157227,0.21861563622951508,0.020003963261842728
29,1.0,41,context-PCG,48,32,4,8441.2744140625,1260.7999267578125,4.8871169090271,0.31281518936157227,0.15702331066131592,0.012600529938936234
29,1.0,41,hybrid-PCG,48,32,4,8441.2744140625,1063.396240234375,5.270852565765381,0.31281518936157227,0.13381755352020264,0.011188734322786331
29,1.0,41,angular-Jacobi-PCG,48,32,4,8441.2744140625,1127.3287353515625,4.948968887329102,0.31281518936157227,0.16000235080718994,0.014027364552021027
29,1.0,42,identity-CG,48,32,4,6583.11376953125,6583.11376953125,1.0,0.2809525728225708,0.3959302604198456,0.03129040077328682
29,1.0,42,population-PCG,48,32,4,6583.11376953125,2522.11767578125,1.7956568002700806,0.2809525728225708,0.20000723004341125,0.019524073228240013
29,1.0,42,context-PCG,48,32,4,6583.11376953125,708.365234375,7.4851908683776855,0.2809525728225708,0.08781993389129639,0.009860963560640812
29,1.0,42,hybrid-PCG,48,32,4,6583.11376953125,615.0399169921875,8.657498359680176,0.2809525728225708,0.07725484669208527,0.008375544100999832
29,1.0,42,angular-Jacobi-PCG,48,32,4,6583.11376953125,637.3963012695312,7.925034999847412,0.2809525728225708,0.07490452378988266,0.009851029142737389
29,1.0,43,identity-CG,48,32,4,7032.15087890625,7032.15087890625,1.0,0.25072628259658813,0.3240354657173157,0.02000288851559162
29,1.0,43,population-PCG,48,32,4,7032.15087890625,4106.171875,1.2832140922546387,0.25072628259658813,0.24979105591773987,0.02804962918162346
29,1.0,43,context-PCG,48,32,4,7032.15087890625,859.9496459960938,6.2163472175598145,0.25072628259658813,0.10327252000570297,0.010198421776294708
29,1.0,43,hybrid-PCG,48,32,4,7032.15087890625,811.7146606445312,6.311826705932617,0.25072628259658813,0.10873556137084961,0.010532839223742485
29,1.0,43,angular-Jacobi-PCG,48,32,4,7032.15087890625,815.0966186523438,5.938564300537109,0.25072628259658813,0.12198276817798615,0.011260641738772392
29,1.0,44,identity-CG,48,32,4,6700.38525390625,6700.38525390625,1.0,0.2768193185329437,0.5901752710342407,0.028358101844787598
29,1.0,44,population-PCG,48,32,4,6700.38525390625,2140.62451171875,1.740886926651001,0.2768193185329437,0.22314205765724182,0.021529417484998703
29,1.0,44,context-PCG,48,32,4,6700.38525390625,758.1508178710938,6.627805233001709,0.2768193185329437,0.10410071909427643,0.010497098788619041
29,1.0,44,hybrid-PCG,48,32,4,6700.38525390625,710.553955078125,7.687074184417725,0.2768193185329437,0.10623021423816681,0.009758450090885162
29,1.0,44,angular-Jacobi-PCG,48,32,4,6700.38525390625,764.4674682617188,7.217743873596191,0.2768193185329437,0.12740695476531982,0.01080767810344696
29,1.0,45,identity-CG,48,32,4,7074.828125,7074.828125,1.0,0.2583414912223816,0.42719537019729614,0.03217551112174988
29,1.0,45,population-PCG,48,32,4,7074.828125,4113.6181640625,1.830374836921692,0.2583414912223816,0.21085035800933838,0.019571078941226006
29,1.0,45,context-PCG,48,32,4,7074.828125,835.2031860351562,7.423852920532227,0.2583414912223816,0.12023719400167465,0.011382794007658958
29,1.0,45,hybrid-PCG,48,32,4,7074.828125,737.0823974609375,8.128503799438477,0.2583414912223816,0.11688567698001862,0.01206263154745102
29,1.0,45,angular-Jacobi-PCG,48,32,4,7074.828125,764.3658447265625,7.678999900817871,0.2583414912223816,0.12308786809444427,0.011601418256759644
29,1.0,46,identity-CG,48,32,4,6785.4541015625,6785.4541015625,1.0,0.2742142677307129,0.5102561116218567,0.0371294766664505
29,1.0,46,population-PCG,48,32,4,6785.4541015625,3022.362548828125,2.351116895675659,0.2742142677307129,0.22423508763313293,0.02266114391386509
29,1.0,46,context-PCG,48,32,4,6785.4541015625,704.5562133789062,9.540955543518066,0.2742142677307129,0.0949234589934349,0.010530300438404083
29,1.0,46,hybrid-PCG,48,32,4,6785.4541015625,647.5541381835938,11.274728775024414,0.2742142677307129,0.0997968465089798,0.009785350412130356
29,1.0,46,angular-Jacobi-PCG,48,32,4,6785.4541015625,671.3125,10.765663146972656,0.2742142677307129,0.10615755617618561,0.010747894644737244
29,1.0,47,identity-CG,48,32,4,6696.36865234375,6696.36865234375,1.0,0.23351188004016876,0.49418047070503235,0.02812044508755207
29,1.0,47,population-PCG,48,32,4,6696.36865234375,5592.35595703125,0.9631418585777283,0.23351188004016876,0.21328189969062805,0.02183985896408558
29,1.0,47,context-PCG,48,32,4,6696.36865234375,953.0293579101562,6.8377580642700195,0.23351188004016876,0.12651683390140533,0.011587919667363167
29,1.0,47,hybrid-PCG,48,32,4,6696.36865234375,911.8829345703125,7.303112983703613,0.23351188004016876,0.10929646342992783,0.010966035537421703
29,1.0,47,angular-Jacobi-PCG,48,32,4,6696.36865234375,989.86376953125,7.0467352867126465,0.23351188004016876,0.11959473043680191,0.012369038537144661
29,1.0,48,identity-CG,48,32,4,6990.51318359375,6990.51318359375,1.0,0.2564241290092468,0.353709876537323,0.01869470253586769
29,1.0,48,population-PCG,48,32,4,6990.51318359375,4947.65380859375,1.4610490798950195,0.2564241290092468,0.2208160012960434,0.019727759063243866
29,1.0,48,context-PCG,48,32,4,6990.51318359375,852.2772827148438,7.650044918060303,0.2564241290092468,0.09604539722204208,0.010000580921769142
29,1.0,48,hybrid-PCG,48,32,4,6990.51318359375,832.646484375,8.753936767578125,0.2564241290092468,0.11884240806102753,0.010181007906794548
29,1.0,48,angular-Jacobi-PCG,48,32,4,6990.51318359375,880.1691284179688,8.281288146972656,0.2564241290092468,0.12819060683250427,0.01065167784690857
29,1.0,49,identity-CG,48,32,4,7129.89453125,7129.89453125,1.0,0.24083754420280457,0.325084388256073,0.017443254590034485
29,1.0,49,population-PCG,48,32,4,7129.89453125,2828.86474609375,2.4051382541656494,0.24083754420280457,0.1727822721004486,0.018733518198132515
29,1.0,49,context-PCG,48,32,4,7129.89453125,649.8525390625,10.371027946472168,0.24083754420280457,0.08743414282798767,0.009215339086949825
29,1.0,49,hybrid-PCG,48,32,4,7129.89453125,604.2050170898438,10.813116073608398,0.24083754420280457,0.07994496077299118,0.008041279390454292
29,1.0,49,angular-Jacobi-PCG,48,32,4,7129.89453125,609.8173828125,10.465189933776855,0.24083754420280457,0.08041876554489136,0.008348893374204636
29,1.0,50,identity-CG,48,32,4,6623.18212890625,6623.18212890625,1.0,0.2625691294670105,0.4454030394554138,0.023970145732164383
29,1.0,50,population-PCG,48,32,4,6623.18212890625,2697.337158203125,2.4712469577789307,0.2625691294670105,0.18166446685791016,0.02038329467177391
29,1.0,50,context-PCG,48,32,4,6623.18212890625,850.9505615234375,7.653323173522949,0.2625691294670105,0.09710416942834854,0.010638866573572159
29,1.0,50,hybrid-PCG,48,32,4,6623.18212890625,870.958984375,7.653387069702148,0.2625691294670105,0.09403768181800842,0.009776052087545395
29,1.0,50,angular-Jacobi-PCG,48,32,4,6623.18212890625,904.4536743164062,7.369958400726318,0.2625691294670105,0.09817945957183838,0.010468544438481331
29,1.0,51,identity-CG,48,32,4,6898.4248046875,6898.4248046875,1.0,0.26091325283050537,0.4191114902496338,0.02580242231488228
29,1.0,51,population-PCG,48,32,4,6898.4248046875,6621.6162109375,0.8800773024559021,0.26091325283050537,0.22709310054779053,0.020229224115610123
29,1.0,51,context-PCG,48,32,4,6898.4248046875,1207.6068115234375,5.413450241088867,0.26091325283050537,0.13109645247459412,0.013775266706943512
29,1.0,51,hybrid-PCG,48,32,4,6898.4248046875,1118.441162109375,6.36824369430542,0.26091325283050537,0.12458614259958267,0.01314561627805233
29,1.0,51,angular-Jacobi-PCG,48,32,4,6898.4248046875,1198.680419921875,5.9197096824646,0.26091325283050537,0.1262248456478119,0.013295860029757023
29,1.0,52,identity-CG,48,32,4,7399.82275390625,7399.82275390625,1.0,0.25004178285598755,0.3005134165287018,0.026931174099445343
29,1.0,52,population-PCG,48,32,4,7399.82275390625,3230.394775390625,1.6347442865371704,0.25004178285598755,0.21055686473846436,0.021449793130159378
29,1.0,52,context-PCG,48,32,4,7399.82275390625,845.0889282226562,8.449637413024902,0.25004178285598755,0.08598539233207703,0.011527284979820251
29,1.0,52,hybrid-PCG,48,32,4,7399.82275390625,745.13720703125,8.826407432556152,0.25004178285598755,0.08782189339399338,0.010461569763720036
29,1.0,52,angular-Jacobi-PCG,48,32,4,7399.82275390625,769.31005859375,8.185291290283203,0.25004178285598755,0.10155517607927322,0.01083730161190033
29,1.0,53,identity-CG,48,32,4,6659.23388671875,6659.23388671875,1.0,0.2663797438144684,0.3925800919532776,0.021824941039085388
29,1.0,53,population-PCG,48,32,4,6659.23388671875,3044.987548828125,2.0401535034179688,0.2663797438144684,0.21105322241783142,0.022827383130788803
29,1.0,53,context-PCG,48,32,4,6659.23388671875,809.7562866210938,8.061836242675781,0.2663797438144684,0.08684664964675903,0.010202704928815365
29,1.0,53,hybrid-PCG,48,32,4,6659.23388671875,693.3013916015625,8.773270606994629,0.2663797438144684,0.08762449026107788,0.009874099865555763
29,1.0,53,angular-Jacobi-PCG,48,32,4,6659.23388671875,757.821044921875,8.361313819885254,0.2663797438144684,0.08622409403324127,0.01050037145614624
29,1.0,54,identity-CG,48,32,4,6907.74072265625,6907.74072265625,1.0,0.2827695608139038,0.381625771522522,0.026557011529803276
29,1.0,54,population-PCG,48,32,4,6907.74072265625,2476.11962890625,2.2073922157287598,0.2827695608139038,0.18010148406028748,0.024849973618984222
29,1.0,54,context-PCG,48,32,4,6907.74072265625,603.70751953125,11.442197799682617,0.2827695608139038,0.06527426093816757,0.008517399430274963
29,1.0,54,hybrid-PCG,48,32,4,6907.74072265625,587.08740234375,11.766119956970215,0.2827695608139038,0.059388503432273865,0.007240384817123413
29,1.0,54,angular-Jacobi-PCG,48,32,4,6907.74072265625,598.3878784179688,11.54391860961914,0.2827695608139038,0.0651463195681572,0.007865088991820812
29,1.0,55,identity-CG,48,32,4,6775.32861328125,6775.32861328125,1.0,0.28075623512268066,0.5653883218765259,0.02953984960913658
29,1.0,55,population-PCG,48,32,4,6775.32861328125,3788.65625,1.788319706916809,0.28075623512268066,0.23236380517482758,0.02128831297159195
29,1.0,55,context-PCG,48,32,4,6775.32861328125,936.20263671875,6.467293739318848,0.28075623512268066,0.13203275203704834,0.012218683026731014
29,1.0,55,hybrid-PCG,48,32,4,6775.32861328125,883.044921875,7.349874019622803,0.28075623512268066,0.1063503548502922,0.010110327042639256
29,1.0,55,angular-Jacobi-PCG,48,32,4,6775.32861328125,909.03759765625,6.977746486663818,0.28075623512268066,0.12259650975465775,0.012335311621427536
29,1.0,56,identity-CG,48,32,4,6628.251953125,6628.251953125,1.0,0.2592906355857849,0.4370553493499756,0.020457204431295395
29,1.0,56,population-PCG,48,32,4,6628.251953125,4946.00146484375,1.122078537940979,0.2592906355857849,0.1968054622411728,0.020127054303884506
29,1.0,56,context-PCG,48,32,4,6628.251953125,957.612548828125,6.831573009490967,0.2592906355857849,0.15100184082984924,0.014138334430754185
29,1.0,56,hybrid-PCG,48,32,4,6628.251953125,889.2911987304688,6.621209144592285,0.2592906355857849,0.1335718035697937,0.0128402728587389
29,1.0,56,angular-Jacobi-PCG,48,32,4,6628.251953125,944.3912353515625,6.217478275299072,0.2592906355857849,0.14456705749034882,0.013825743459165096
29,1.0,57,identity-CG,48,32,4,7052.55126953125,7052.55126953125,1.0,0.26695507764816284,0.46745434403419495,0.02437889575958252
29,1.0,57,population-PCG,48,32,4,7052.55126953125,3782.7119140625,1.5351120233535767,0.26695507764816284,0.22071298956871033,0.019978605210781097
29,1.0,57,context-PCG,48,32,4,7052.55126953125,648.893798828125,6.333372592926025,0.26695507764816284,0.1180863231420517,0.010648483410477638
29,1.0,57,hybrid-PCG,48,32,4,7052.55126953125,658.5267333984375,6.938868522644043,0.26695507764816284,0.11250220984220505,0.010310620069503784
29,1.0,57,angular-Jacobi-PCG,48,32,4,7052.55126953125,683.0172119140625,6.574106216430664,0.26695507764816284,0.11400450766086578,0.010417054407298565
29,1.0,58,identity-CG,48,32,4,6072.8232421875,6072.8232421875,1.0,0.2633363902568817,0.3548160791397095,0.02885752171278
29,1.0,58,population-PCG,48,32,4,6072.8232421875,3166.857177734375,1.8158807754516602,0.2633363902568817,0.2137409746646881,0.020868007093667984
29,1.0,58,context-PCG,48,32,4,6072.8232421875,839.5220947265625,6.80828857421875,0.2633363902568817,0.10473135858774185,0.01034174021333456
29,1.0,58,hybrid-PCG,48,32,4,6072.8232421875,768.3814697265625,7.5392746925354,0.2633363902568817,0.10866422206163406,0.01104302890598774
29,1.0,58,angular-Jacobi-PCG,48,32,4,6072.8232421875,790.9273681640625,7.097481727600098,0.2633363902568817,0.11709514260292053,0.010698915459215641
29,1.0,59,identity-CG,48,32,4,7009.59521484375,7009.59521484375,1.0,0.2545044720172882,0.4025176763534546,0.024462588131427765
29,1.0,59,population-PCG,48,32,4,7009.59521484375,5565.265625,1.0727348327636719,0.2545044720172882,0.2411215901374817,0.020858198404312134
29,1.0,59,context-PCG,48,32,4,7009.59521484375,1094.862060546875,5.664557933807373,0.2545044720172882,0.14728492498397827,0.013557576574385166
29,1.0,59,hybrid-PCG,48,32,4,7009.59521484375,982.7261352539062,6.507038593292236,0.2545044720172882,0.14430078864097595,0.012834852561354637
29,1.0,59,angular-Jacobi-PCG,48,32,4,7009.59521484375,1044.723876953125,6.130738735198975,0.2545044720172882,0.14188462495803833,0.01135014183819294
29,1.0,60,identity-CG,48,32,4,7481.88427734375,7481.88427734375,1.0,0.27880966663360596,0.5437769889831543,0.03026726096868515
29,1.0,60,population-PCG,48,32,4,7481.88427734375,2869.096435546875,1.3339531421661377,0.27880966663360596,0.2108578085899353,0.020612364634871483
29,1.0,60,context-PCG,48,32,4,7481.88427734375,955.6116943359375,4.882164001464844,0.27880966663360596,0.11168625950813293,0.011144282296299934
29,1.0,60,hybrid-PCG,48,32,4,7481.88427734375,887.96630859375,5.774607181549072,0.27880966663360596,0.11686591804027557,0.010865888558328152
29,1.0,60,angular-Jacobi-PCG,48,32,4,7481.88427734375,935.73828125,5.669574737548828,0.27880966663360596,0.12875252962112427,0.012625167146325111
29,1.0,61,identity-CG,48,32,4,7354.2080078125,7354.2080078125,1.0,0.27065593004226685,0.3594466745853424,0.023258818313479424
29,1.0,61,population-PCG,48,32,4,7354.2080078125,4066.63525390625,1.3984103202819824,0.27065593004226685,0.20179994404315948,0.015666043385863304
29,1.0,61,context-PCG,48,32,4,7354.2080078125,886.2345581054688,7.553236484527588,0.27065593004226685,0.10625174641609192,0.01190148200839758
29,1.0,61,hybrid-PCG,48,32,4,7354.2080078125,787.2593383789062,8.015871047973633,0.27065593004226685,0.10301709175109863,0.011304868385195732
29,1.0,61,angular-Jacobi-PCG,48,32,4,7354.2080078125,847.0111083984375,7.802924156188965,0.27065593004226685,0.09954486042261124,0.010421812534332275
29,1.0,62,identity-CG,48,32,4,7284.25341796875,7284.25341796875,1.0,0.30152052640914917,0.4872511029243469,0.031377412378787994
29,1.0,62,population-PCG,48,32,4,7284.25341796875,4391.56640625,1.0118110179901123,0.30152052640914917,0.23560449481010437,0.022042321041226387
29,1.0,62,context-PCG,48,32,4,7284.25341796875,1044.6614990234375,6.90045166015625,0.30152052640914917,0.1207406222820282,0.011434624902904034
29,1.0,62,hybrid-PCG,48,32,4,7284.25341796875,892.4641723632812,7.4703593254089355,0.30152052640914917,0.10743927955627441,0.010358806699514389
29,1.0,62,angular-Jacobi-PCG,48,32,4,7284.25341796875,943.0543212890625,6.9232378005981445,0.30152052640914917,0.12404008209705353,0.010344342328608036
29,1.0,63,identity-CG,48,32,4,6756.59033203125,6756.59033203125,1.0,0.24135637283325195,0.33994585275650024,0.017992135137319565
29,1.0,63,population-PCG,48,32,4,6756.59033203125,2961.011962890625,1.5480425357818604,0.24135637283325195,0.19457298517227173,0.018327951431274414
29,1.0,63,context-PCG,48,32,4,6756.59033203125,680.224609375,7.400067329406738,0.24135637283325195,0.08699528872966766,0.010566463693976402
29,1.0,63,hybrid-PCG,48,32,4,6756.59033203125,696.2247314453125,8.721903800964355,0.24135637283325195,0.08275769650936127,0.010218936949968338
29,1.0,63,angular-Jacobi-PCG,48,32,4,6756.59033203125,726.3181762695312,8.33703327178955,0.24135637283325195,0.08773723989725113,0.009782889857888222
29,2.0,0,identity-CG,48,32,4,6833.6083984375,6833.6083984375,1.0,0.21246808767318726,0.3761683404445648,0.023480353876948357
29,2.0,0,population-PCG,48,32,4,6833.6083984375,8426.5234375,0.45988142490386963,0.21246808767318726,0.37579071521759033,0.02773876301944256
29,2.0,0,context-PCG,48,32,4,6833.6083984375,1365.6383056640625,3.752572774887085,0.21246808767318726,0.1611533910036087,0.012242674827575684
29,2.0,0,hybrid-PCG,48,32,4,6833.6083984375,1349.6160888671875,4.341017246246338,0.21246808767318726,0.16279876232147217,0.013882158324122429
29,2.0,0,angular-Jacobi-PCG,48,32,4,6833.6083984375,1442.949462890625,3.9593071937561035,0.21246808767318726,0.16532647609710693,0.012899783439934254
29,2.0,1,identity-CG,48,32,4,7085.8203125,7085.8203125,1.0,0.23819133639335632,0.28882187604904175,0.021409593522548676
29,2.0,1,population-PCG,48,32,4,7085.8203125,9531.943359375,0.5189449787139893,0.23819133639335632,0.3150256872177124,0.028973840177059174
29,2.0,1,context-PCG,48,32,4,7085.8203125,1174.61962890625,4.274435997009277,0.23819133639335632,0.14466381072998047,0.012472951784729958
29,2.0,1,hybrid-PCG,48,32,4,7085.8203125,1355.20458984375,4.292513847351074,0.23819133639335632,0.15291987359523773,0.015690878033638
29,2.0,1,angular-Jacobi-PCG,48,32,4,7085.8203125,1429.1827392578125,3.976635694503784,0.23819133639335632,0.14868786931037903,0.013906325213611126
29,2.0,2,identity-CG,48,32,4,7306.65625,7306.65625,1.0,0.2684227228164673,0.41129451990127563,0.026401732116937637
29,2.0,2,population-PCG,48,32,4,7306.65625,9067.7099609375,0.7307552099227905,0.2684227228164673,0.3208286762237549,0.023168548941612244
29,2.0,2,context-PCG,48,32,4,7306.65625,1240.260986328125,5.660975456237793,0.2684227228164673,0.17766712605953217,0.01418236829340458
29,2.0,2,hybrid-PCG,48,32,4,7306.65625,1041.5963134765625,5.380584239959717,0.2684227228164673,0.158805251121521,0.012338446453213692
29,2.0,2,angular-Jacobi-PCG,48,32,4,7306.65625,1107.5654296875,5.143303871154785,0.2684227228164673,0.1819533258676529,0.014345452189445496
29,2.0,3,identity-CG,48,32,4,6838.11083984375,6838.11083984375,1.0,0.22264501452445984,0.37359416484832764,0.02199266105890274
29,2.0,3,population-PCG,48,32,4,6838.11083984375,9261.361328125,0.7330267429351807,0.22264501452445984,0.3200604319572449,0.023907430469989777
29,2.0,3,context-PCG,48,32,4,6838.11083984375,1637.5299072265625,4.120107650756836,0.22264501452445984,0.1691269874572754,0.01392482127994299
29,2.0,3,hybrid-PCG,48,32,4,6838.11083984375,1431.7294921875,4.401057243347168,0.22264501452445984,0.1847831904888153,0.01522604189813137
29,2.0,3,angular-Jacobi-PCG,48,32,4,6838.11083984375,1569.78271484375,4.304079532623291,0.22264501452445984,0.17898719012737274,0.014145653694868088
29,2.0,4,identity-CG,48,32,4,7359.72802734375,7359.72802734375,1.0,0.27821052074432373,0.3810724914073944,0.0274520106613636
29,2.0,4,population-PCG,48,32,4,7359.72802734375,7637.095703125,0.9631140232086182,0.27821052074432373,0.29039567708969116,0.020092127844691277
29,2.0,4,context-PCG,48,32,4,7359.72802734375,1325.2257080078125,5.553565502166748,0.27821052074432373,0.13471341133117676,0.011270095594227314
29,2.0,4,hybrid-PCG,48,32,4,7359.72802734375,1230.880126953125,5.772220611572266,0.27821052074432373,0.2006102055311203,0.01707221008837223
29,2.0,4,angular-Jacobi-PCG,48,32,4,7359.72802734375,1286.3590087890625,5.2210893630981445,0.27821052074432373,0.1924726963043213,0.016717592254281044
29,2.0,5,identity-CG,48,32,4,7221.5830078125,7221.5830078125,1.0,0.22424305975437164,0.40971675515174866,0.0246210228651762
29,2.0,5,population-PCG,48,32,4,7221.5830078125,8838.8388671875,0.4596066474914551,0.22424305975437164,0.37025076150894165,0.027239929884672165
29,2.0,5,context-PCG,48,32,4,7221.5830078125,1838.019775390625,3.929001808166504,0.22424305975437164,0.17227095365524292,0.012777315452694893
29,2.0,5,hybrid-PCG,48,32,4,7221.5830078125,1747.630615234375,3.1960830688476562,0.22424305975437164,0.22467797994613647,0.01592700183391571
29,2.0,5,angular-Jacobi-PCG,48,32,4,7221.5830078125,1805.5198974609375,3.1688385009765625,0.22424305975437164,0.23389439284801483,0.016852643340826035
29,2.0,6,identity-CG,48,32,4,6734.02294921875,6734.02294921875,1.0,0.2205539345741272,0.3463883399963379,0.024521617218852043
29,2.0,6,population-PCG,48,32,4,6734.02294921875,9087.931640625,0.6202477812767029,0.2205539345741272,0.35190218687057495,0.02285066246986389
29,2.0,6,context-PCG,48,32,4,6734.02294921875,1229.6634521484375,4.874736785888672,0.2205539345741272,0.13355857133865356,0.011882885359227657
29,2.0,6,hybrid-PCG,48,32,4,6734.02294921875,1104.5435791015625,4.281334400177002,0.2205539345741272,0.13967785239219666,0.012611666694283485
29,2.0,6,angular-Jacobi-PCG,48,32,4,6734.02294921875,1207.6396484375,4.267659664154053,0.2205539345741272,0.14566746354103088,0.013883034698665142
29,2.0,7,identity-CG,48,32,4,7078.79150390625,7078.79150390625,1.0,0.2939639091491699,0.4411253035068512,0.02528349868953228
29,2.0,7,population-PCG,48,32,4,7078.79150390625,9297.841796875,0.7574701309204102,0.2939639091491699,0.3238399028778076,0.018431345000863075
29,2.0,7,context-PCG,48,32,4,7078.79150390625,1320.7064208984375,5.029853343963623,0.2939639091491699,0.18824386596679688,0.01613229140639305
29,2.0,7,hybrid-PCG,48,32,4,7078.79150390625,1142.65625,4.810081481933594,0.2939639091491699,0.19492430984973907,0.01516113243997097
29,2.0,7,angular-Jacobi-PCG,48,32,4,7078.79150390625,1219.0257568359375,5.292153835296631,0.2939639091491699,0.20501068234443665,0.015759127214550972
29,2.0,8,identity-CG,48,32,4,7266.390625,7266.390625,1.0,0.2487093210220337,0.418809711933136,0.023693565279245377
29,2.0,8,population-PCG,48,32,4,7266.390625,7718.07470703125,0.6405890583992004,0.2487093210220337,0.2878498435020447,0.022978000342845917
29,2.0,8,context-PCG,48,32,4,7266.390625,1107.22607421875,6.793971538543701,0.2487093210220337,0.10795237123966217,0.01125383097678423
29,2.0,8,hybrid-PCG,48,32,4,7266.390625,1076.4871826171875,6.6441216468811035,0.2487093210220337,0.13147884607315063,0.013499096035957336
29,2.0,8,angular-Jacobi-PCG,48,32,4,7266.390625,1072.61181640625,6.635534763336182,0.2487093210220337,0.14007499814033508,0.013385796919465065
29,2.0,9,identity-CG,48,32,4,6997.609375,6997.609375,1.0,0.21462103724479675,0.3665122985839844,0.026722319424152374
29,2.0,9,population-PCG,48,32,4,6997.609375,10547.560546875,0.5790814161300659,0.21462103724479675,0.3757791817188263,0.026989366859197617
29,2.0,9,context-PCG,48,32,4,6997.609375,1419.245849609375,3.939340353012085,0.21462103724479675,0.16777338087558746,0.012190503068268299
29,2.0,9,hybrid-PCG,48,32,4,6997.609375,1904.585205078125,3.2790658473968506,0.21462103724479675,0.22117209434509277,0.015507303178310394
29,2.0,9,angular-Jacobi-PCG,48,32,4,6997.609375,1915.707275390625,3.049635648727417,0.21462103724479675,0.2147476077079773,0.015790052711963654
29,2.0,10,identity-CG,48,32,4,7325.26953125,7325.26953125,1.0,0.24937006831169128,0.3697565793991089,0.02367708459496498
29,2.0,10,population-PCG,48,32,4,7325.26953125,11366.6279296875,0.6063219904899597,0.24937006831169128,0.3687015473842621,0.02634267695248127
29,2.0,10,context-PCG,48,32,4,7325.26953125,1532.1551513671875,4.656499862670898,0.24937006831169128,0.13463908433914185,0.015231238678097725
29,2.0,10,hybrid-PCG,48,32,4,7325.26953125,1387.371826171875,4.841468811035156,0.24937006831169128,0.18086236715316772,0.01603693887591362
29,2.0,10,angular-Jacobi-PCG,48,32,4,7325.26953125,1514.66748046875,4.675317764282227,0.24937006831169128,0.1797078549861908,0.016161896288394928
29,2.0,11,identity-CG,48,32,4,6999.44580078125,6999.44580078125,1.0,0.23506422340869904,0.3529694378376007,0.01933697611093521
29,2.0,11,population-PCG,48,32,4,6999.44580078125,9459.58984375,0.47394776344299316,0.23506422340869904,0.367023766040802,0.02786356583237648
29,2.0,11,context-PCG,48,32,4,6999.44580078125,1660.533203125,3.781968832015991,0.23506422340869904,0.18449613451957703,0.014170958660542965
29,2.0,11,hybrid-PCG,48,32,4,6999.44580078125,1363.09912109375,3.496196985244751,0.23506422340869904,0.1909293234348297,0.013951975852251053
29,2.0,11,angular-Jacobi-PCG,48,32,4,6999.44580078125,1445.1920166015625,3.2002830505371094,0.23506422340869904,0.1925116330385208,0.015058659017086029
29,2.0,12,identity-CG,48,32,4,7447.1787109375,7447.1787109375,1.0,0.23463305830955505,0.32575470209121704,0.020953018218278885
29,2.0,12,population-PCG,48,32,4,7447.1787109375,6709.47314453125,0.5131601691246033,0.23463305830955505,0.37524670362472534,0.024624299257993698
29,2.0,12,context-PCG,48,32,4,7447.1787109375,1082.9693603515625,4.190208911895752,0.23463305830955505,0.15252435207366943,0.01406068168580532
29,2.0,12,hybrid-PCG,48,32,4,7447.1787109375,1051.775634765625,3.9614098072052,0.23463305830955505,0.18001523613929749,0.01594054326415062
29,2.0,12,angular-Jacobi-PCG,48,32,4,7447.1787109375,1137.9771728515625,3.8316891193389893,0.23463305830955505,0.19361893832683563,0.01617201417684555
29,2.0,13,identity-CG,48,32,4,7029.03955078125,7029.03955078125,1.0,0.2867319583892822,0.30581074953079224,0.019369374960660934
29,2.0,13,population-PCG,48,32,4,7029.03955078125,6561.32861328125,0.6199996471405029,0.2867319583892822,0.3083171248435974,0.023584872484207153
29,2.0,13,context-PCG,48,32,4,7029.03955078125,984.7708740234375,5.284388542175293,0.2867319583892822,0.16490831971168518,0.012116687372326851
29,2.0,13,hybrid-PCG,48,32,4,7029.03955078125,940.009765625,5.688910007476807,0.2867319583892822,0.14572572708129883,0.013518261723220348
29,2.0,13,angular-Jacobi-PCG,48,32,4,7029.03955078125,998.7279052734375,5.4029974937438965,0.2867319583892822,0.14491058886051178,0.01371776033192873
29,2.0,14,identity-CG,48,32,4,7148.3330078125,7148.3330078125,1.0,0.22307398915290833,0.3395005762577057,0.01963047869503498
29,2.0,14,population-PCG,48,32,4,7148.3330078125,15037.8125,0.47549766302108765,0.22307398915290833,0.31352293491363525,0.01899031177163124
29,2.0,14,context-PCG,48,32,4,7148.3330078125,1595.755615234375,3.9132766723632812,0.22307398915290833,0.1869753897190094,0.013285906054079533
29,2.0,14,hybrid-PCG,48,32,4,7148.3330078125,1505.3480224609375,4.266994476318359,0.22307398915290833,0.18162117898464203,0.01610761135816574
29,2.0,14,angular-Jacobi-PCG,48,32,4,7148.3330078125,1633.69287109375,3.858689546585083,0.22307398915290833,0.1852271854877472,0.01687098667025566
29,2.0,15,identity-CG,48,32,4,7159.984375,7159.984375,1.0,0.24317364394664764,0.31913405656814575,0.01979593001306057
29,2.0,15,population-PCG,48,32,4,7159.984375,6974.2021484375,0.8993349671363831,0.24317364394664764,0.30236148834228516,0.02864138036966324
29,2.0,15,context-PCG,48,32,4,7159.984375,1067.25537109375,6.903090953826904,0.24317364394664764,0.09933537244796753,0.009942738339304924
29,2.0,15,hybrid-PCG,48,32,4,7159.984375,1121.5767822265625,6.235753536224365,0.24317364394664764,0.12345297634601593,0.01364225521683693
29,2.0,15,angular-Jacobi-PCG,48,32,4,7159.984375,1152.826416015625,6.3906941413879395,0.24317364394664764,0.1268632411956787,0.01351234968751669
29,2.0,16,identity-CG,48,32,4,7135.43017578125,7135.43017578125,1.0,0.23694860935211182,0.32071027159690857,0.020209427922964096
29,2.0,16,population-PCG,48,32,4,7135.43017578125,6531.6015625,1.0380122661590576,0.23694860935211182,0.231062114238739,0.021008357405662537
29,2.0,16,context-PCG,48,32,4,7135.43017578125,720.47998046875,9.275940895080566,0.23694860935211182,0.09788724780082703,0.010475777089595795
29,2.0,16,hybrid-PCG,48,32,4,7135.43017578125,697.4483032226562,9.83500862121582,0.23694860935211182,0.09642910957336426,0.010073613375425339
29,2.0,16,angular-Jacobi-PCG,48,32,4,7135.43017578125,726.2899780273438,9.619762420654297,0.23694860935211182,0.10062874108552933,0.011308649554848671
29,2.0,17,identity-CG,48,32,4,7421.17333984375,7421.17333984375,1.0,0.22139689326286316,0.45880845189094543,0.02929508313536644
29,2.0,17,population-PCG,48,32,4,7421.17333984375,7080.7919921875,0.5983954668045044,0.22139689326286316,0.36425459384918213,0.02842043712735176
29,2.0,17,context-PCG,48,32,4,7421.17333984375,1291.0555419921875,6.061614513397217,0.22139689326286316,0.15281617641448975,0.01437833160161972
29,2.0,17,hybrid-PCG,48,32,4,7421.17333984375,1319.8262939453125,4.9365997314453125,0.22139689326286316,0.15050238370895386,0.015337686985731125
29,2.0,17,angular-Jacobi-PCG,48,32,4,7421.17333984375,1367.2957763671875,5.009459495544434,0.22139689326286316,0.152349591255188,0.015889348462224007
29,2.0,18,identity-CG,48,32,4,7163.82421875,7163.82421875,1.0,0.2395077794790268,0.33724385499954224,0.025844642892479897
29,2.0,18,population-PCG,48,32,4,7163.82421875,9900.21484375,0.571311354637146,0.2395077794790268,0.3518553376197815,0.02998686395585537
29,2.0,18,context-PCG,48,32,4,7163.82421875,1239.779296875,5.292156219482422,0.2395077794790268,0.13114841282367706,0.013517905957996845
29,2.0,18,hybrid-PCG,48,32,4,7163.82421875,1060.2181396484375,5.490401744842529,0.2395077794790268,0.15695929527282715,0.015568839386105537
29,2.0,18,angular-Jacobi-PCG,48,32,4,7163.82421875,1117.0123291015625,5.181643486022949,0.2395077794790268,0.15221276879310608,0.014716258272528648
29,2.0,19,identity-CG,48,32,4,7026.05126953125,7026.05126953125,1.0,0.22507241368293762,0.33012712001800537,0.020270870998501778
29,2.0,19,population-PCG,48,32,4,7026.05126953125,9313.6376953125,0.5900747179985046,0.22507241368293762,0.3159680962562561,0.02169553004205227
29,2.0,19,context-PCG,48,32,4,7026.05126953125,1461.10888671875,3.4756083488464355,0.22507241368293762,0.17650994658470154,0.013565964996814728
29,2.0,19,hybrid-PCG,48,32,4,7026.05126953125,1863.5089111328125,3.4638054370880127,0.22507241368293762,0.17546415328979492,0.015846243128180504
29,2.0,19,angular-Jacobi-PCG,48,32,4,7026.05126953125,2043.1934814453125,3.283510208129883,0.22507241368293762,0.18117165565490723,0.016017615795135498
29,2.0,20,identity-CG,48,32,4,7549.9423828125,7549.9423828125,1.0,0.22643986344337463,0.42406171560287476,0.028554320335388184
29,2.0,20,population-PCG,48,32,4,7549.9423828125,11073.5556640625,0.6132516264915466,0.22643986344337463,0.3141056299209595,0.024392278864979744
29,2.0,20,context-PCG,48,32,4,7549.9423828125,1474.5380859375,5.120208263397217,0.22643986344337463,0.1060410812497139,0.011141028255224228
29,2.0,20,hybrid-PCG,48,32,4,7549.9423828125,1158.5965576171875,5.377020359039307,0.22643986344337463,0.1262780725955963,0.01641753874719143
29,2.0,20,angular-Jacobi-PCG,48,32,4,7549.9423828125,1303.6019287109375,4.895336151123047,0.22643986344337463,0.12040065228939056,0.015275835990905762
29,2.0,21,identity-CG,48,32,4,7041.42138671875,7041.42138671875,1.0,0.24496060609817505,0.2484593689441681,0.01463869959115982
29,2.0,21,population-PCG,48,32,4,7041.42138671875,7732.02587890625,0.8778043389320374,0.24496060609817505,0.2725263237953186,0.021138373762369156
29,2.0,21,context-PCG,48,32,4,7041.42138671875,1148.9285888671875,6.457325458526611,0.24496060609817505,0.12326487898826599,0.012326432392001152
29,2.0,21,hybrid-PCG,48,32,4,7041.42138671875,1164.5233154296875,6.370851993560791,0.24496060609817505,0.12397818267345428,0.012619741261005402
29,2.0,21,angular-Jacobi-PCG,48,32,4,7041.42138671875,1264.83154296875,5.865607738494873,0.24496060609817505,0.1272796392440796,0.01347221340984106
29,2.0,22,identity-CG,48,32,4,7006.0283203125,7006.0283203125,1.0,0.22688837349414825,0.39294862747192383,0.02759070321917534
29,2.0,22,population-PCG,48,32,4,7006.0283203125,10129.83203125,0.6403390765190125,0.22688837349414825,0.39557307958602905,0.02529478818178177
29,2.0,22,context-PCG,48,32,4,7006.0283203125,1393.7607421875,4.476429462432861,0.22688837349414825,0.15922674536705017,0.015171006321907043
29,2.0,22,hybrid-PCG,48,32,4,7006.0283203125,1523.41650390625,4.485983371734619,0.22688837349414825,0.18188884854316711,0.01344003900885582
29,2.0,22,angular-Jacobi-PCG,48,32,4,7006.0283203125,1623.3048095703125,4.315904140472412,0.22688837349414825,0.18734008073806763,0.013374827802181244
29,2.0,23,identity-CG,48,32,4,6770.47509765625,6770.47509765625,1.0,0.21315732598304749,0.37543290853500366,0.023280678316950798
29,2.0,23,population-PCG,48,32,4,6770.47509765625,12010.28125,0.5637232661247253,0.21315732598304749,0.36854591965675354,0.02734730765223503
29,2.0,23,context-PCG,48,32,4,6770.47509765625,1437.9383544921875,4.290713310241699,0.21315732598304749,0.13938087224960327,0.013684394769370556
29,2.0,23,hybrid-PCG,48,32,4,6770.47509765625,1438.84326171875,4.705498695373535,0.21315732598304749,0.15955980122089386,0.014403306879103184
29,2.0,23,angular-Jacobi-PCG,48,32,4,6770.47509765625,1453.7998046875,4.479421615600586,0.21315732598304749,0.161906898021698,0.014424688182771206
29,2.0,24,identity-CG,48,32,4,7211.50634765625,7211.50634765625,1.0,0.23832710087299347,0.3095499575138092,0.01501026563346386
29,2.0,24,population-PCG,48,32,4,7211.50634765625,12272.1953125,0.5474787950515747,0.23832710087299347,0.37791502475738525,0.025198349729180336
29,2.0,24,context-PCG,48,32,4,7211.50634765625,1464.444091796875,4.451414585113525,0.23832710087299347,0.17125913500785828,0.014307104982435703
29,2.0,24,hybrid-PCG,48,32,4,7211.50634765625,1460.3751220703125,4.5766682624816895,0.23832710087299347,0.20371367037296295,0.013445891439914703
29,2.0,24,angular-Jacobi-PCG,48,32,4,7211.50634765625,1546.6656494140625,4.152499675750732,0.23832710087299347,0.2000046670436859,0.013306031003594398
29,2.0,25,identity-CG,48,32,4,7172.67822265625,7172.67822265625,1.0,0.21672873198986053,0.37738266587257385,0.03245988115668297
29,2.0,25,population-PCG,48,32,4,7172.67822265625,8516.0576171875,0.6308637857437134,0.21672873198986053,0.23811480402946472,0.019395582377910614
29,2.0,25,context-PCG,48,32,4,7172.67822265625,1494.3685302734375,4.57390022277832,0.21672873198986053,0.1591147482395172,0.014582119882106781
29,2.0,25,hybrid-PCG,48,32,4,7172.67822265625,1305.7607421875,5.367409706115723,0.21672873198986053,0.16678743064403534,0.015858763828873634
29,2.0,25,angular-Jacobi-PCG,48,32,4,7172.67822265625,1369.0152587890625,4.988086700439453,0.21672873198986053,0.180440753698349,0.015838133171200752
29,2.0,26,identity-CG,48,32,4,7198.6435546875,7198.6435546875,1.0,0.2731737494468689,0.3893067538738251,0.02765757590532303
29,2.0,26,population-PCG,48,32,4,7198.6435546875,9348.666015625,0.4667229652404785,0.2731737494468689,0.3627593517303467,0.02298712357878685
29,2.0,26,context-PCG,48,32,4,7198.6435546875,1268.0330810546875,3.9843122959136963,0.2731737494468689,0.1737491637468338,0.01409151777625084
29,2.0,26,hybrid-PCG,48,32,4,7198.6435546875,1109.5731201171875,3.037813186645508,0.2731737494468689,0.2081884890794754,0.0184538122266531
29,2.0,26,angular-Jacobi-PCG,48,32,4,7198.6435546875,1177.301025390625,3.075421094894409,0.2731737494468689,0.20322377979755402,0.018319519236683846
29,2.0,27,identity-CG,48,32,4,7323.93896484375,7323.93896484375,1.0,0.2686491906642914,0.47016772627830505,0.028349561616778374
29,2.0,27,population-PCG,48,32,4,7323.93896484375,7455.423828125,0.9016340374946594,0.2686491906642914,0.3176455497741699,0.023796379566192627
29,2.0,27,context-PCG,48,32,4,7323.93896484375,1083.051513671875,6.180968761444092,0.2686491906642914,0.17166584730148315,0.013248734176158905
29,2.0,27,hybrid-PCG,48,32,4,7323.93896484375,1018.2044067382812,6.910290241241455,0.2686491906642914,0.16688372194766998,0.013643380254507065
29,2.0,27,angular-Jacobi-PCG,48,32,4,7323.93896484375,1080.8919677734375,6.468806266784668,0.2686491906642914,0.17226460576057434,0.01406627707183361
29,2.0,28,identity-CG,48,32,4,6771.20068359375,6771.20068359375,1.0,0.2363155484199524,0.3670434355735779,0.020658861845731735
29,2.0,28,population-PCG,48,32,4,6771.20068359375,10414.40625,0.5176104307174683,0.2363155484199524,0.35192665457725525,0.02540275827050209
29,2.0,28,context-PCG,48,32,4,6771.20068359375,1317.7327880859375,4.829194068908691,0.2363155484199524,0.14330925047397614,0.012046338059008121
29,2.0,28,hybrid-PCG,48,32,4,6771.20068359375,1674.2813720703125,3.9009995460510254,0.2363155484199524,0.18497821688652039,0.014992833137512207
29,2.0,28,angular-Jacobi-PCG,48,32,4,6771.20068359375,1688.4228515625,3.7886011600494385,0.2363155484199524,0.16996119916439056,0.014996342360973358
29,2.0,29,identity-CG,48,32,4,7173.88671875,7173.88671875,1.0,0.2341928333044052,0.3748258650302887,0.02722683548927307
29,2.0,29,population-PCG,48,32,4,7173.88671875,9516.8095703125,0.4168705642223358,0.2341928333044052,0.3683144450187683,0.025631049647927284
29,2.0,29,context-PCG,48,32,4,7173.88671875,1705.80517578125,3.415832281112671,0.2341928333044052,0.17455501854419708,0.013266638852655888
29,2.0,29,hybrid-PCG,48,32,4,7173.88671875,1640.4085693359375,3.653815984725952,0.2341928333044052,0.18781226873397827,0.015443030744791031
29,2.0,29,angular-Jacobi-PCG,48,32,4,7173.88671875,1753.3642578125,3.5527212619781494,0.2341928333044052,0.19405178725719452,0.01590290106832981
29,2.0,30,identity-CG,48,32,4,6930.2724609375,6930.2724609375,1.0,0.2553982436656952,0.39844000339508057,0.024063797667622566
29,2.0,30,population-PCG,48,32,4,6930.2724609375,7476.04443359375,0.9269972443580627,0.2553982436656952,0.2488342672586441,0.021997250616550446
29,2.0,30,context-PCG,48,32,4,6930.2724609375,1258.500732421875,5.284586429595947,0.2553982436656952,0.16154539585113525,0.01370236836373806
29,2.0,30,hybrid-PCG,48,32,4,6930.2724609375,1190.741455078125,5.029146194458008,0.2553982436656952,0.1659155935049057,0.013151893392205238
29,2.0,30,angular-Jacobi-PCG,48,32,4,6930.2724609375,1260.433349609375,4.694409370422363,0.2553982436656952,0.16702581942081451,0.01409253478050232
29,2.0,31,identity-CG,48,32,4,6814.8955078125,6814.8955078125,1.0,0.27994483709335327,0.28929463028907776,0.023503988981246948
29,2.0,31,population-PCG,48,32,4,6814.8955078125,13918.7109375,0.38746336102485657,0.27994483709335327,0.3185061812400818,0.02440059930086136
29,2.0,31,context-PCG,48,32,4,6814.8955078125,1430.1715087890625,4.188810348510742,0.27994483709335327,0.19439288973808289,0.015153862535953522
29,2.0,31,hybrid-PCG,48,32,4,6814.8955078125,1378.1165771484375,3.3853914737701416,0.27994483709335327,0.1997249573469162,0.014500543475151062
29,2.0,31,angular-Jacobi-PCG,48,32,4,6814.8955078125,1509.47607421875,3.380012273788452,0.27994483709335327,0.21882997453212738,0.016467079520225525
29,2.0,32,identity-CG,48,32,4,6979.099609375,6979.099609375,1.0,0.21992558240890503,0.3632267117500305,0.022663643583655357
29,2.0,32,population-PCG,48,32,4,6979.099609375,16048.673828125,0.39001357555389404,0.21992558240890503,0.46145254373550415,0.028507497161626816
29,2.0,32,context-PCG,48,32,4,6979.099609375,2477.052490234375,2.810086965560913,0.21992558240890503,0.27988266944885254,0.017136583104729652
29,2.0,32,hybrid-PCG,48,32,4,6979.099609375,2425.287841796875,2.488759756088257,0.21992558240890503,0.2644525468349457,0.015850916504859924
29,2.0,32,angular-Jacobi-PCG,48,32,4,6979.099609375,2730.949951171875,2.415720224380493,0.21992558240890503,0.24839207530021667,0.015807123854756355
29,2.0,33,identity-CG,48,32,4,7197.94677734375,7197.94677734375,1.0,0.23174482583999634,0.4383178651332855,0.02404101938009262
29,2.0,33,population-PCG,48,32,4,7197.94677734375,9847.7939453125,0.6247581243515015,0.23174482583999634,0.3604311943054199,0.022013531997799873
29,2.0,33,context-PCG,48,32,4,7197.94677734375,1245.5067138671875,3.9419875144958496,0.23174482583999634,0.14259597659111023,0.013033543713390827
29,2.0,33,hybrid-PCG,48,32,4,7197.94677734375,1406.5440673828125,4.106949806213379,0.23174482583999634,0.18999232351779938,0.015660244971513748
29,2.0,33,angular-Jacobi-PCG,48,32,4,7197.94677734375,1449.119384765625,3.8412771224975586,0.23174482583999634,0.1873248964548111,0.015310303308069706
29,2.0,34,identity-CG,48,32,4,6757.59423828125,6757.59423828125,1.0,0.23902760446071625,0.35025861859321594,0.023626502603292465
29,2.0,34,population-PCG,48,32,4,6757.59423828125,9569.697265625,0.38019633293151855,0.23902760446071625,0.4374083876609802,0.029138583689928055
29,2.0,34,context-PCG,48,32,4,6757.59423828125,1254.451904296875,4.329519271850586,0.23902760446071625,0.1657155454158783,0.011706165038049221
29,2.0,34,hybrid-PCG,48,32,4,6757.59423828125,1016.6420288085938,4.786585330963135,0.23902760446071625,0.18763086199760437,0.013436478562653065
29,2.0,34,angular-Jacobi-PCG,48,32,4,6757.59423828125,1056.8232421875,4.653292179107666,0.23902760446071625,0.19398662447929382,0.01371036283671856
29,2.0,35,identity-CG,48,32,4,7047.4296875,7047.4296875,1.0,0.22270624339580536,0.29608261585235596,0.022972051054239273
29,2.0,35,population-PCG,48,32,4,7047.4296875,8388.451171875,0.7354881167411804,0.22270624339580536,0.327445387840271,0.02724294178187847
29,2.0,35,context-PCG,48,32,4,7047.4296875,1127.3321533203125,4.961973667144775,0.22270624339580536,0.16022329032421112,0.014363453723490238
29,2.0,35,hybrid-PCG,48,32,4,7047.4296875,1016.282470703125,5.751797199249268,0.22270624339580536,0.13061240315437317,0.010837113484740257
29,2.0,35,angular-Jacobi-PCG,48,32,4,7047.4296875,1045.585693359375,5.142951011657715,0.22270624339580536,0.14123252034187317,0.011594697833061218
29,2.0,36,identity-CG,48,32,4,7000.77099609375,7000.77099609375,1.0,0.23442137241363525,0.2329409420490265,0.015712834894657135
29,2.0,36,population-PCG,48,32,4,7000.77099609375,7812.0654296875,0.8412269353866577,0.23442137241363525,0.36243385076522827,0.02910706400871277
29,2.0,36,context-PCG,48,32,4,7000.77099609375,1598.2958984375,3.9104692935943604,0.23442137241363525,0.13175606727600098,0.013791034929454327
29,2.0,36,hybrid-PCG,48,32,4,7000.77099609375,1254.1644287109375,4.531933307647705,0.23442137241363525,0.16564199328422546,0.015533807687461376
29,2.0,36,angular-Jacobi-PCG,48,32,4,7000.77099609375,1350.6474609375,4.096391201019287,0.23442137241363525,0.16571305692195892,0.014922494068741798
29,2.0,37,identity-CG,48,32,4,7108.212890625,7108.212890625,1.0,0.22229202091693878,0.3081738352775574,0.016494963318109512
29,2.0,37,population-PCG,48,32,4,7108.212890625,10123.0,0.5575703978538513,0.22229202091693878,0.33762121200561523,0.026520224288105965
29,2.0,37,context-PCG,48,32,4,7108.212890625,1254.7088623046875,4.808660507202148,0.22229202091693878,0.13475966453552246,0.013002068735659122
29,2.0,37,hybrid-PCG,48,32,4,7108.212890625,1390.466796875,4.48080587387085,0.22229202091693878,0.17915913462638855,0.016112154349684715
29,2.0,37,angular-Jacobi-PCG,48,32,4,7108.212890625,1484.7178955078125,4.32184362411499,0.22229202091693878,0.1904071867465973,0.01732543855905533
29,2.0,38,identity-CG,48,32,4,7109.76953125,7109.76953125,1.0,0.2262212038040161,0.33053362369537354,0.021072860807180405
29,2.0,38,population-PCG,48,32,4,7109.76953125,6567.40380859375,0.4833129048347473,0.2262212038040161,0.3714248239994049,0.02496916800737381
29,2.0,38,context-PCG,48,32,4,7109.76953125,1206.8895263671875,4.97784948348999,0.2262212038040161,0.12877923250198364,0.010402418673038483
29,2.0,38,hybrid-PCG,48,32,4,7109.76953125,1350.2894287109375,5.143285274505615,0.2262212038040161,0.1614776998758316,0.012757724151015282
29,2.0,38,angular-Jacobi-PCG,48,32,4,7109.76953125,1482.2218017578125,4.796697616577148,0.2262212038040161,0.1687852293252945,0.013204853050410748
29,2.0,39,identity-CG,48,32,4,6872.3427734375,6872.3427734375,1.0,0.21956023573875427,0.3527776002883911,0.02815615013241768
29,2.0,39,population-PCG,48,32,4,6872.3427734375,10412.119140625,0.5226054787635803,0.21956023573875427,0.3916476368904114,0.024953437969088554
29,2.0,39,context-PCG,48,32,4,6872.3427734375,1785.072021484375,3.803809404373169,0.21956023573875427,0.20002110302448273,0.015304302796721458
29,2.0,39,hybrid-PCG,48,32,4,6872.3427734375,1618.171875,3.0356061458587646,0.21956023573875427,0.2017183154821396,0.0178457573056221
29,2.0,39,angular-Jacobi-PCG,48,32,4,6872.3427734375,1757.9046630859375,2.9413397312164307,0.21956023573875427,0.18053646385669708,0.015880344435572624
29,2.0,40,identity-CG,48,32,4,7194.955078125,7194.955078125,1.0,0.2398906946182251,0.3468335270881653,0.022759702056646347
29,2.0,40,population-PCG,48,32,4,7194.955078125,8893.5830078125,0.7608651518821716,0.2398906946182251,0.27859845757484436,0.0235141608864069
29,2.0,40,context-PCG,48,32,4,7194.955078125,1287.816162109375,5.559140682220459,0.2398906946182251,0.11465007066726685,0.010787398554384708
29,2.0,40,hybrid-PCG,48,32,4,7194.955078125,1243.3922119140625,5.314846515655518,0.2398906946182251,0.15437650680541992,0.012975171208381653
29,2.0,40,angular-Jacobi-PCG,48,32,4,7194.955078125,1334.0384521484375,5.0771403312683105,0.2398906946182251,0.15395037829875946,0.014069058001041412
29,2.0,41,identity-CG,48,32,4,6979.35693359375,6979.35693359375,1.0,0.21035534143447876,0.3945571482181549,0.031332165002822876
29,2.0,41,population-PCG,48,32,4,6979.35693359375,11544.564453125,0.5327433347702026,0.21035534143447876,0.3779394328594208,0.029839646071195602
29,2.0,41,context-PCG,48,32,4,6979.35693359375,1478.6727294921875,3.1036789417266846,0.21035534143447876,0.19962143898010254,0.017161453142762184
29,2.0,41,hybrid-PCG,48,32,4,6979.35693359375,1603.2672119140625,3.096137046813965,0.21035534143447876,0.18151557445526123,0.01673583686351776
29,2.0,41,angular-Jacobi-PCG,48,32,4,6979.35693359375,1646.4710693359375,2.887127161026001,0.21035534143447876,0.18095612525939941,0.017012983560562134
29,2.0,42,identity-CG,48,32,4,6653.03564453125,6653.03564453125,1.0,0.21759307384490967,0.29305827617645264,0.024152357131242752
29,2.0,42,population-PCG,48,32,4,6653.03564453125,13337.322265625,0.441699743270874,0.21759307384490967,0.3879002630710602,0.028151968494057655
29,2.0,42,context-PCG,48,32,4,6653.03564453125,1674.6239013671875,3.7627241611480713,0.21759307384490967,0.16462337970733643,0.014177277684211731
29,2.0,42,hybrid-PCG,48,32,4,6653.03564453125,1397.853759765625,4.507730484008789,0.21759307384490967,0.18012915551662445,0.016215592622756958
29,2.0,42,angular-Jacobi-PCG,48,32,4,6653.03564453125,1509.574951171875,4.1741204261779785,0.21759307384490967,0.18049001693725586,0.01630605198442936
29,2.0,43,identity-CG,48,32,4,7363.51806640625,7363.51806640625,1.0,0.23604756593704224,0.3152419924736023,0.023654865100979805
29,2.0,43,population-PCG,48,32,4,7363.51806640625,4792.78466796875,0.6058176159858704,0.23604756593704224,0.29750752449035645,0.022123008966445923
29,2.0,43,context-PCG,48,32,4,7363.51806640625,1067.5106201171875,4.461608409881592,0.23604756593704224,0.11272062361240387,0.011320201680064201
29,2.0,43,hybrid-PCG,48,32,4,7363.51806640625,1161.8720703125,5.417882442474365,0.23604756593704224,0.12456217408180237,0.012776919640600681
29,2.0,43,angular-Jacobi-PCG,48,32,4,7363.51806640625,1180.7147216796875,4.893085956573486,0.23604756593704224,0.12134458869695663,0.012349117547273636
29,2.0,44,identity-CG,48,32,4,7227.759765625,7227.759765625,1.0,0.2267756313085556,0.3533012866973877,0.02502576634287834
29,2.0,44,population-PCG,48,32,4,7227.759765625,6744.5712890625,0.8667265772819519,0.2267756313085556,0.3170744478702545,0.025441233068704605
29,2.0,44,context-PCG,48,32,4,7227.759765625,964.1788940429688,7.325096130371094,0.2267756313085556,0.10886543244123459,0.011422749608755112
29,2.0,44,hybrid-PCG,48,32,4,7227.759765625,959.5859985351562,6.523847579956055,0.2267756313085556,0.12679752707481384,0.014585759490728378
29,2.0,44,angular-Jacobi-PCG,48,32,4,7227.759765625,1050.300048828125,6.107047080993652,0.2267756313085556,0.12833157181739807,0.014518128708004951
29,2.0,45,identity-CG,48,32,4,7345.60498046875,7345.60498046875,1.0,0.24610936641693115,0.3547552525997162,0.022267384454607964
29,2.0,45,population-PCG,48,32,4,7345.60498046875,8815.3583984375,0.7404381632804871,0.24610936641693115,0.3001551628112793,0.027821088209748268
29,2.0,45,context-PCG,48,32,4,7345.60498046875,1220.872314453125,6.016685485839844,0.24610936641693115,0.10896176844835281,0.011620454490184784
29,2.0,45,hybrid-PCG,48,32,4,7345.60498046875,1266.48193359375,5.7788472175598145,0.24610936641693115,0.1527981162071228,0.017314203083515167
29,2.0,45,angular-Jacobi-PCG,48,32,4,7345.60498046875,1307.0374755859375,5.523739337921143,0.24610936641693115,0.15188023447990417,0.01750345714390278
29,2.0,46,identity-CG,48,32,4,7112.490234375,7112.490234375,1.0,0.19702716171741486,0.35480692982673645,0.02131379023194313
29,2.0,46,population-PCG,48,32,4,7112.490234375,10344.767578125,0.5851153135299683,0.19702716171741486,0.2385966181755066,0.020772946998476982
29,2.0,46,context-PCG,48,32,4,7112.490234375,1732.0054931640625,3.688685178756714,0.19702716171741486,0.15315695106983185,0.014390414580702782
29,2.0,46,hybrid-PCG,48,32,4,7112.490234375,1816.1710205078125,3.5150227546691895,0.19702716171741486,0.1850447654724121,0.015718361362814903
29,2.0,46,angular-Jacobi-PCG,48,32,4,7112.490234375,1726.91162109375,3.4290103912353516,0.19702716171741486,0.19175291061401367,0.016705244779586792
29,2.0,47,identity-CG,48,32,4,7199.25830078125,7199.25830078125,1.0,0.2236763834953308,0.2880076766014099,0.014789968729019165
29,2.0,47,population-PCG,48,32,4,7199.25830078125,12428.814453125,0.44688451290130615,0.2236763834953308,0.422647625207901,0.02925889566540718
29,2.0,47,context-PCG,48,32,4,7199.25830078125,1581.9376220703125,4.350310802459717,0.2236763834953308,0.16355614364147186,0.0141511932015419
29,2.0,47,hybrid-PCG,48,32,4,7199.25830078125,1842.567138671875,3.941413402557373,0.2236763834953308,0.21388310194015503,0.01886855624616146
29,2.0,47,angular-Jacobi-PCG,48,32,4,7199.25830078125,1811.841552734375,3.676767587661743,0.2236763834953308,0.2088346779346466,0.01813165284693241
29,2.0,48,identity-CG,48,32,4,7290.28369140625,7290.28369140625,1.0,0.2187306135892868,0.4021758437156677,0.02170444279909134
29,2.0,48,population-PCG,48,32,4,7290.28369140625,10619.5576171875,0.6273860931396484,0.2187306135892868,0.37587717175483704,0.022721797227859497
29,2.0,48,context-PCG,48,32,4,7290.28369140625,1355.7071533203125,4.094715595245361,0.2187306135892868,0.1717558205127716,0.014510488137602806
29,2.0,48,hybrid-PCG,48,32,4,7290.28369140625,1362.9322509765625,3.7027876377105713,0.2187306135892868,0.21332168579101562,0.01657077670097351
29,2.0,48,angular-Jacobi-PCG,48,32,4,7290.28369140625,1449.008056640625,3.4832191467285156,0.2187306135892868,0.2163543999195099,0.016557663679122925
29,2.0,49,identity-CG,48,32,4,6812.34619140625,6812.34619140625,1.0,0.23711848258972168,0.38323360681533813,0.023919830098748207
29,2.0,49,population-PCG,48,32,4,6812.34619140625,10034.7724609375,0.6114162802696228,0.23711848258972168,0.34618279337882996,0.02676694467663765
29,2.0,49,context-PCG,48,32,4,6812.34619140625,1327.455322265625,4.468543529510498,0.23711848258972168,0.1552615761756897,0.013693686574697495
29,2.0,49,hybrid-PCG,48,32,4,6812.34619140625,1081.8712158203125,4.952523708343506,0.23711848258972168,0.14629611372947693,0.013241427019238472
29,2.0,49,angular-Jacobi-PCG,48,32,4,6812.34619140625,1188.0628662109375,4.805427074432373,0.23711848258972168,0.15242859721183777,0.013259576633572578
29,2.0,50,identity-CG,48,32,4,6740.5078125,6740.5078125,1.0,0.20683549344539642,0.3282598555088043,0.019382409751415253
29,2.0,50,population-PCG,48,32,4,6740.5078125,10427.8408203125,0.5342444777488708,0.20683549344539642,0.42950883507728577,0.02750243991613388
29,2.0,50,context-PCG,48,32,4,6740.5078125,1549.6414794921875,4.006063938140869,0.20683549344539642,0.18994487822055817,0.013599134981632233
29,2.0,50,hybrid-PCG,48,32,4,6740.5078125,1682.10498046875,3.260911703109741,0.20683549344539642,0.20145505666732788,0.016903961077332497
29,2.0,50,angular-Jacobi-PCG,48,32,4,6740.5078125,1675.1773681640625,3.2437469959259033,0.20683549344539642,0.201940655708313,0.017476994544267654
29,2.0,51,identity-CG,48,32,4,7037.4384765625,7037.4384765625,1.0,0.2355932593345642,0.3221321702003479,0.023191500455141068
29,2.0,51,population-PCG,48,32,4,7037.4384765625,7846.39697265625,0.8426430225372314,0.2355932593345642,0.37933090329170227,0.03021431900560856
29,2.0,51,context-PCG,48,32,4,7037.4384765625,1157.5020751953125,4.896179676055908,0.2355932593345642,0.15970540046691895,0.01523925643414259
29,2.0,51,hybrid-PCG,48,32,4,7037.4384765625,1167.7598876953125,5.5688676834106445,0.2355932593345642,0.17040285468101501,0.013808831572532654
29,2.0,51,angular-Jacobi-PCG,48,32,4,7037.4384765625,1145.339599609375,5.121572494506836,0.2355932593345642,0.16145002841949463,0.012911144644021988
29,2.0,52,identity-CG,48,32,4,6807.23193359375,6807.23193359375,1.0,0.249271422624588,0.4008084535598755,0.02964729070663452
29,2.0,52,population-PCG,48,32,4,6807.23193359375,8644.685546875,0.5367035865783691,0.249271422624588,0.37245601415634155,0.023197049275040627
29,2.0,52,context-PCG,48,32,4,6807.23193359375,1599.052490234375,3.970276355743408,0.249271422624588,0.15430274605751038,0.011080319061875343
29,2.0,52,hybrid-PCG,48,32,4,6807.23193359375,1377.44287109375,4.087230205535889,0.249271422624588,0.17965257167816162,0.012951118871569633
29,2.0,52,angular-Jacobi-PCG,48,32,4,6807.23193359375,1488.5784912109375,3.8773889541625977,0.249271422624588,0.17471234500408173,0.012597152031958103
29,2.0,53,identity-CG,48,32,4,7100.48486328125,7100.48486328125,1.0,0.22337830066680908,0.4521123766899109,0.03154340758919716
29,2.0,53,population-PCG,48,32,4,7100.48486328125,10712.98046875,0.6046955585479736,0.22337830066680908,0.3304392695426941,0.025068702176213264
29,2.0,53,context-PCG,48,32,4,7100.48486328125,1483.4927978515625,4.268437385559082,0.22337830066680908,0.13357214629650116,0.013835600577294827
29,2.0,53,hybrid-PCG,48,32,4,7100.48486328125,1454.2686767578125,4.889403343200684,0.22337830066680908,0.19136127829551697,0.01692669466137886
29,2.0,53,angular-Jacobi-PCG,48,32,4,7100.48486328125,1437.0634765625,4.610679626464844,0.22337830066680908,0.19033530354499817,0.017115283757448196
29,2.0,54,identity-CG,48,32,4,7208.16650390625,7208.16650390625,1.0,0.2367141842842102,0.3790963888168335,0.019199488684535027
29,2.0,54,population-PCG,48,32,4,7208.16650390625,5164.50048828125,0.5387464165687561,0.2367141842842102,0.31703680753707886,0.025689706206321716
29,2.0,54,context-PCG,48,32,4,7208.16650390625,800.8738403320312,4.599908351898193,0.2367141842842102,0.14149269461631775,0.012251188978552818
29,2.0,54,hybrid-PCG,48,32,4,7208.16650390625,747.894287109375,4.628028869628906,0.2367141842842102,0.15621459484100342,0.011782234534621239
29,2.0,54,angular-Jacobi-PCG,48,32,4,7208.16650390625,801.5519409179688,4.387040138244629,0.2367141842842102,0.16217534244060516,0.012340342625975609
29,2.0,55,identity-CG,48,32,4,7219.88720703125,7219.88720703125,1.0,0.21124562621116638,0.31193047761917114,0.022067654877901077
29,2.0,55,population-PCG,48,32,4,7219.88720703125,7893.88037109375,0.6152356266975403,0.21124562621116638,0.4135233163833618,0.028222665190696716
29,2.0,55,context-PCG,48,32,4,7219.88720703125,1201.1427001953125,4.6457719802856445,0.21124562621116638,0.16653281450271606,0.01330035924911499
29,2.0,55,hybrid-PCG,48,32,4,7219.88720703125,1292.78564453125,4.223666667938232,0.21124562621116638,0.20231395959854126,0.015250077471137047
29,2.0,55,angular-Jacobi-PCG,48,32,4,7219.88720703125,1355.010009765625,4.278248310089111,0.21124562621116638,0.19280385971069336,0.015105596743524075
29,2.0,56,identity-CG,48,32,4,6841.5869140625,6841.5869140625,1.0,0.22177834808826447,0.36490094661712646,0.020431894809007645
29,2.0,56,population-PCG,48,32,4,6841.5869140625,6602.82470703125,0.5137728452682495,0.22177834808826447,0.32192254066467285,0.023260395973920822
29,2.0,56,context-PCG,48,32,4,6841.5869140625,1088.1473388671875,4.414327621459961,0.22177834808826447,0.1553460657596588,0.013666493818163872
29,2.0,56,hybrid-PCG,48,32,4,6841.5869140625,1104.246337890625,3.621330499649048,0.22177834808826447,0.16772182285785675,0.014190983027219772
29,2.0,56,angular-Jacobi-PCG,48,32,4,6841.5869140625,1139.622314453125,3.4665720462799072,0.22177834808826447,0.1457635462284088,0.013647183775901794
29,2.0,57,identity-CG,48,32,4,6949.3095703125,6949.3095703125,1.0,0.2261928915977478,0.3797611594200134,0.029567468911409378
29,2.0,57,population-PCG,48,32,4,6949.3095703125,8462.9951171875,0.5862733721733093,0.2261928915977478,0.4335564970970154,0.02827869914472103
29,2.0,57,context-PCG,48,32,4,6949.3095703125,1011.7794189453125,4.3422770500183105,0.2261928915977478,0.1785677969455719,0.014441519044339657
29,2.0,57,hybrid-PCG,48,32,4,6949.3095703125,861.69287109375,3.918168306350708,0.2261928915977478,0.16859829425811768,0.012917269952595234
29,2.0,57,angular-Jacobi-PCG,48,32,4,6949.3095703125,918.074462890625,3.9324910640716553,0.2261928915977478,0.18920168280601501,0.014063078910112381
29,2.0,58,identity-CG,48,32,4,6861.3193359375,6861.3193359375,1.0,0.21924062073230743,0.38174179196357727,0.030450157821178436
29,2.0,58,population-PCG,48,32,4,6861.3193359375,9014.619140625,0.6120428442955017,0.21924062073230743,0.4078952968120575,0.02821628749370575
29,2.0,58,context-PCG,48,32,4,6861.3193359375,1514.48291015625,4.258021831512451,0.21924062073230743,0.18472158908843994,0.014196282252669334
29,2.0,58,hybrid-PCG,48,32,4,6861.3193359375,1713.958740234375,3.748553991317749,0.21924062073230743,0.21823380887508392,0.01460739504545927
29,2.0,58,angular-Jacobi-PCG,48,32,4,6861.3193359375,1790.53564453125,3.7291929721832275,0.21924062073230743,0.21457786858081818,0.014870580285787582
29,2.0,59,identity-CG,48,32,4,7170.916015625,7170.916015625,1.0,0.2470182627439499,0.375934898853302,0.024112258106470108
29,2.0,59,population-PCG,48,32,4,7170.916015625,5005.9873046875,1.2871055603027344,0.2470182627439499,0.3369150161743164,0.024534735828638077
29,2.0,59,context-PCG,48,32,4,7170.916015625,850.7939453125,7.270651340484619,0.2470182627439499,0.11118161678314209,0.010011482983827591
29,2.0,59,hybrid-PCG,48,32,4,7170.916015625,699.0353393554688,7.655559539794922,0.2470182627439499,0.11758456379175186,0.011869072914123535
29,2.0,59,angular-Jacobi-PCG,48,32,4,7170.916015625,761.0435791015625,7.138581275939941,0.2470182627439499,0.11950471252202988,0.011752445250749588
29,2.0,60,identity-CG,48,32,4,6996.61962890625,6996.61962890625,1.0,0.2511206269264221,0.37116724252700806,0.021877603605389595
29,2.0,60,population-PCG,48,32,4,6996.61962890625,13233.5859375,0.533920407295227,0.2511206269264221,0.3982070982456207,0.028529565781354904
29,2.0,60,context-PCG,48,32,4,6996.61962890625,1336.8956298828125,3.400413751602173,0.2511206269264221,0.17986589670181274,0.014120969921350479
29,2.0,60,hybrid-PCG,48,32,4,6996.61962890625,1085.611328125,4.142007827758789,0.2511206269264221,0.18523246049880981,0.01259641908109188
29,2.0,60,angular-Jacobi-PCG,48,32,4,6996.61962890625,1172.8702392578125,3.814081907272339,0.2511206269264221,0.1990535408258438,0.014497997239232063
29,2.0,61,identity-CG,48,32,4,6913.83349609375,6913.83349609375,1.0,0.2775524854660034,0.37862804532051086,0.023388907313346863
29,2.0,61,population-PCG,48,32,4,6913.83349609375,8790.8505859375,0.749485969543457,0.2775524854660034,0.38983067870140076,0.028964852914214134
29,2.0,61,context-PCG,48,32,4,6913.83349609375,1251.1226806640625,4.413789749145508,0.2775524854660034,0.14899998903274536,0.011760122142732143
29,2.0,61,hybrid-PCG,48,32,4,6913.83349609375,1062.3424072265625,4.369604110717773,0.2775524854660034,0.16762962937355042,0.013451606035232544
29,2.0,61,angular-Jacobi-PCG,48,32,4,6913.83349609375,1096.8087158203125,4.116657733917236,0.2775524854660034,0.1797943115234375,0.013066144660115242
29,2.0,62,identity-CG,48,32,4,6793.22705078125,6793.22705078125,1.0,0.228178471326828,0.4301435351371765,0.02669784426689148
29,2.0,62,population-PCG,48,32,4,6793.22705078125,9560.6572265625,0.42344680428504944,0.228178471326828,0.33710819482803345,0.02435438521206379
29,2.0,62,context-PCG,48,32,4,6793.22705078125,1536.388427734375,3.154975652694702,0.228178471326828,0.19619542360305786,0.012899687513709068
29,2.0,62,hybrid-PCG,48,32,4,6793.22705078125,1234.1156005859375,3.5319597721099854,0.228178471326828,0.2070346474647522,0.014569456689059734
29,2.0,62,angular-Jacobi-PCG,48,32,4,6793.22705078125,1309.4285888671875,3.3659653663635254,0.228178471326828,0.19634473323822021,0.0134291872382164
29,2.0,63,identity-CG,48,32,4,7189.80712890625,7189.80712890625,1.0,0.20389041304588318,0.370888352394104,0.02621505782008171
29,2.0,63,population-PCG,48,32,4,7189.80712890625,10938.09375,0.4589757025241852,0.20389041304588318,0.43204617500305176,0.03253103047609329
29,2.0,63,context-PCG,48,32,4,7189.80712890625,2409.137451171875,3.0260705947875977,0.20389041304588318,0.18489637970924377,0.01445502508431673
29,2.0,63,hybrid-PCG,48,32,4,7189.80712890625,2717.63427734375,2.6456124782562256,0.20389041304588318,0.254016637802124,0.01695249043405056
29,2.0,63,angular-Jacobi-PCG,48,32,4,7189.80712890625,2784.92919921875,2.581683874130249,0.20389041304588318,0.25836533308029175,0.017835155129432678
29,3.0,0,identity-CG,48,32,4,3619.985107421875,3619.985107421875,1.0,0.33912354707717896,0.09294994920492172,0.00872229877859354
29,3.0,0,population-PCG,48,32,4,3619.985107421875,3196.2822265625,0.6524873375892639,0.33912354707717896,0.21472418308258057,0.02070535346865654
29,3.0,0,context-PCG,48,32,4,3619.985107421875,573.6953735351562,5.515501976013184,0.33912354707717896,0.07880668342113495,0.006803745403885841
29,3.0,0,hybrid-PCG,48,32,4,3619.985107421875,594.48779296875,5.762134552001953,0.33912354707717896,0.08984315395355225,0.007453868631273508
29,3.0,0,angular-Jacobi-PCG,48,32,4,3619.985107421875,633.3203735351562,5.4088239669799805,0.33912354707717896,0.10886722803115845,0.008625651709735394
29,3.0,1,identity-CG,48,32,4,3534.252685546875,3534.252685546875,1.0,0.33212655782699585,0.10870549082756042,0.012816868722438812
29,3.0,1,population-PCG,48,32,4,3534.252685546875,1736.0621337890625,0.998280942440033,0.33212655782699585,0.20002193748950958,0.0211667288094759
29,3.0,1,context-PCG,48,32,4,3534.252685546875,462.3501281738281,6.094888687133789,0.33212655782699585,0.05632114037871361,0.006174769252538681
29,3.0,1,hybrid-PCG,48,32,4,3534.252685546875,472.8096618652344,5.620409965515137,0.33212655782699585,0.0746915265917778,0.006976545322686434
29,3.0,1,angular-Jacobi-PCG,48,32,4,3534.252685546875,488.4404602050781,5.214045524597168,0.33212655782699585,0.08658050745725632,0.007341829128563404
29,3.0,2,identity-CG,48,32,4,3393.384765625,3393.384765625,1.0,0.2908983826637268,0.10334324091672897,0.010614053346216679
29,3.0,2,population-PCG,48,32,4,3393.384765625,2586.891845703125,1.2537037134170532,0.2908983826637268,0.12049007415771484,0.013293067924678326
29,3.0,2,context-PCG,48,32,4,3393.384765625,570.3193359375,5.419164180755615,0.2908983826637268,0.044628120958805084,0.005144190974533558
29,3.0,2,hybrid-PCG,48,32,4,3393.384765625,571.5276489257812,4.769952297210693,0.2908983826637268,0.05802854523062706,0.006093516014516354
29,3.0,2,angular-Jacobi-PCG,48,32,4,3393.384765625,608.7218627929688,4.5802130699157715,0.2908983826637268,0.06435967236757278,0.00677894800901413
29,3.0,3,identity-CG,48,32,4,3675.16845703125,3675.16845703125,1.0,0.31186121702194214,0.13716724514961243,0.01617206260561943
29,3.0,3,population-PCG,48,32,4,3675.16845703125,2509.857666015625,1.1960219144821167,0.31186121702194214,0.1177232414484024,0.014911497943103313
29,3.0,3,context-PCG,48,32,4,3675.16845703125,585.486328125,6.174864768981934,0.31186121702194214,0.03368876129388809,0.005281738005578518
29,3.0,3,hybrid-PCG,48,32,4,3675.16845703125,564.3389282226562,6.065804958343506,0.31186121702194214,0.05081428959965706,0.006144215818494558
29,3.0,3,angular-Jacobi-PCG,48,32,4,3675.16845703125,593.0828247070312,5.787571907043457,0.31186121702194214,0.05551328882575035,0.0066614518873393536
29,3.0,4,identity-CG,48,32,4,3681.692626953125,3681.692626953125,1.0,0.30722522735595703,0.11169961839914322,0.010651975870132446
29,3.0,4,population-PCG,48,32,4,3681.692626953125,2101.146240234375,1.462033748626709,0.30722522735595703,0.12142164260149002,0.012612874619662762
29,3.0,4,context-PCG,48,32,4,3681.692626953125,489.3335876464844,6.775506496429443,0.30722522735595703,0.03549307584762573,0.0042279865592718124
29,3.0,4,hybrid-PCG,48,32,4,3681.692626953125,453.19024658203125,7.42479133605957,0.30722522735595703,0.042967744171619415,0.00480657909065485
29,3.0,4,angular-Jacobi-PCG,48,32,4,3681.692626953125,485.54541015625,7.116851329803467,0.30722522735595703,0.047254011034965515,0.004948589485138655
29,3.0,5,identity-CG,48,32,4,3489.966064453125,3489.966064453125,1.0,0.36022335290908813,0.10749393701553345,0.01111560594290495
29,3.0,5,population-PCG,48,32,4,3489.966064453125,3511.001708984375,0.7614173293113708,0.36022335290908813,0.2227451354265213,0.017638569697737694
29,3.0,5,context-PCG,48,32,4,3489.966064453125,517.3760986328125,5.210383415222168,0.36022335290908813,0.05726440250873566,0.006171813700348139
29,3.0,5,hybrid-PCG,48,32,4,3489.966064453125,507.3895263671875,5.237325191497803,0.36022335290908813,0.07573846727609634,0.006567441392689943
29,3.0,5,angular-Jacobi-PCG,48,32,4,3489.966064453125,518.034423828125,4.9778242111206055,0.36022335290908813,0.08466649055480957,0.00676965294405818
29,3.0,6,identity-CG,48,32,4,3950.73876953125,3950.73876953125,1.0,0.3536269962787628,0.1538214236497879,0.01549861952662468
29,3.0,6,population-PCG,48,32,4,3950.73876953125,3237.811767578125,1.059545874595642,0.3536269962787628,0.16409683227539062,0.014025360345840454
29,3.0,6,context-PCG,48,32,4,3950.73876953125,610.0914916992188,6.192812919616699,0.3536269962787628,0.06111195683479309,0.00595152098685503
29,3.0,6,hybrid-PCG,48,32,4,3950.73876953125,618.3922119140625,5.890058994293213,0.3536269962787628,0.08834443241357803,0.00855344720184803
29,3.0,6,angular-Jacobi-PCG,48,32,4,3950.73876953125,665.0089111328125,5.606080055236816,0.3536269962787628,0.08442360907793045,0.007875408977270126
29,3.0,7,identity-CG,48,32,4,3667.521728515625,3667.521728515625,1.0,0.32347550988197327,0.10285240411758423,0.010140344500541687
29,3.0,7,population-PCG,48,32,4,3667.521728515625,4356.9111328125,0.8417710661888123,0.32347550988197327,0.27208396792411804,0.023424671962857246
29,3.0,7,context-PCG,48,32,4,3667.521728515625,832.8495483398438,4.403582572937012,0.32347550988197327,0.08533728122711182,0.008053572848439217
29,3.0,7,hybrid-PCG,48,32,4,3667.521728515625,892.4085693359375,4.109689235687256,0.32347550988197327,0.1191457211971283,0.010791748762130737
29,3.0,7,angular-Jacobi-PCG,48,32,4,3667.521728515625,951.314208984375,3.8552160263061523,0.32347550988197327,0.13937902450561523,0.012564945966005325
29,3.0,8,identity-CG,48,32,4,3410.0908203125,3410.0908203125,1.0,0.31303325295448303,0.07097455859184265,0.008075793273746967
29,3.0,8,population-PCG,48,32,4,3410.0908203125,4235.53369140625,0.6671844720840454,0.31303325295448303,0.2203267514705658,0.022722560912370682
29,3.0,8,context-PCG,48,32,4,3410.0908203125,667.9957275390625,4.875988006591797,0.31303325295448303,0.07161670923233032,0.0068274810910224915
29,3.0,8,hybrid-PCG,48,32,4,3410.0908203125,625.99658203125,5.269290924072266,0.31303325295448303,0.08342208713293076,0.0073981210589408875
29,3.0,8,angular-Jacobi-PCG,48,32,4,3410.0908203125,676.4088745117188,4.822122097015381,0.31303325295448303,0.09517727047204971,0.00796051137149334
29,3.0,9,identity-CG,48,32,4,3580.403076171875,3580.403076171875,1.0,0.3180709779262543,0.07266997545957565,0.007763175293803215
29,3.0,9,population-PCG,48,32,4,3580.403076171875,5224.2021484375,0.6541991233825684,0.3180709779262543,0.29309308528900146,0.02500654198229313
29,3.0,9,context-PCG,48,32,4,3580.403076171875,825.7503051757812,4.450453758239746,0.3180709779262543,0.08436177670955658,0.006881638430058956
29,3.0,9,hybrid-PCG,48,32,4,3580.403076171875,793.9651489257812,4.628620624542236,0.3180709779262543,0.10046207159757614,0.009262188337743282
29,3.0,9,angular-Jacobi-PCG,48,32,4,3580.403076171875,833.509033203125,4.409026622772217,0.3180709779262543,0.10577104985713959,0.008872289210557938
29,3.0,10,identity-CG,48,32,4,3563.781982421875,3563.781982421875,1.0,0.31191903352737427,0.11492876708507538,0.011791421100497246
29,3.0,10,population-PCG,48,32,4,3563.781982421875,3130.891357421875,0.7538734674453735,0.31191903352737427,0.20428645610809326,0.01978367194533348
29,3.0,10,context-PCG,48,32,4,3563.781982421875,640.83447265625,4.237220287322998,0.31191903352737427,0.06944873929023743,0.006783393211662769
29,3.0,10,hybrid-PCG,48,32,4,3563.781982421875,597.5220947265625,4.1628313064575195,0.31191903352737427,0.08146533370018005,0.007774068508297205
29,3.0,10,angular-Jacobi-PCG,48,32,4,3563.781982421875,630.263916015625,3.8554139137268066,0.31191903352737427,0.09436068683862686,0.008592081256210804
29,3.0,11,identity-CG,48,32,4,3264.6376953125,3264.6376953125,1.0,0.3436439633369446,0.11820812523365021,0.011131075210869312
29,3.0,11,population-PCG,48,32,4,3264.6376953125,1644.94677734375,0.8871446251869202,0.3436439633369446,0.1485384702682495,0.01789230853319168
29,3.0,11,context-PCG,48,32,4,3264.6376953125,352.0884704589844,4.402031898498535,0.3436439633369446,0.05624184012413025,0.004978948272764683
29,3.0,11,hybrid-PCG,48,32,4,3264.6376953125,354.793212890625,4.449081897735596,0.3436439633369446,0.07922763377428055,0.006325220223516226
29,3.0,11,angular-Jacobi-PCG,48,32,4,3264.6376953125,373.1822509765625,4.141842842102051,0.3436439633369446,0.08805622905492783,0.007408717647194862
29,3.0,12,identity-CG,48,32,4,3777.965087890625,3777.965087890625,1.0,0.28848421573638916,0.12828563153743744,0.011890429072082043
29,3.0,12,population-PCG,48,32,4,3777.965087890625,1564.944091796875,2.3319761753082275,0.28848421573638916,0.08252201229333878,0.01165119931101799
29,3.0,12,context-PCG,48,32,4,3777.965087890625,388.1587829589844,7.714450359344482,0.28848421573638916,0.028857748955488205,0.0040847002528607845
29,3.0,12,hybrid-PCG,48,32,4,3777.965087890625,359.8609924316406,7.672868728637695,0.28848421573638916,0.034207820892333984,0.004478190094232559
29,3.0,12,angular-Jacobi-PCG,48,32,4,3777.965087890625,377.01776123046875,7.378470420837402,0.28848421573638916,0.0385194793343544,0.004936818964779377
29,3.0,13,identity-CG,48,32,4,3742.078857421875,3742.078857421875,1.0,0.3165810704231262,0.14772237837314606,0.01612478494644165
29,3.0,13,population-PCG,48,32,4,3742.078857421875,2901.375244140625,1.359274983406067,0.3165810704231262,0.15147358179092407,0.016012031584978104
29,3.0,13,context-PCG,48,32,4,3742.078857421875,578.1221313476562,6.000799655914307,0.3165810704231262,0.042054690420627594,0.004944831132888794
29,3.0,13,hybrid-PCG,48,32,4,3742.078857421875,590.1544189453125,6.595508098602295,0.3165810704231262,0.05895677208900452,0.006089434958994389
29,3.0,13,angular-Jacobi-PCG,48,32,4,3742.078857421875,618.9124145507812,6.449139595031738,0.3165810704231262,0.0728432685136795,0.007247354835271835
29,3.0,14,identity-CG,48,32,4,3557.4677734375,3557.4677734375,1.0,0.3226058781147003,0.12014376372098923,0.01353011280298233
29,3.0,14,population-PCG,48,32,4,3557.4677734375,3198.671142578125,0.786766529083252,0.3226058781147003,0.20428425073623657,0.016614429652690887
29,3.0,14,context-PCG,48,32,4,3557.4677734375,620.8861694335938,5.183844089508057,0.3226058781147003,0.0616290383040905,0.006027894094586372
29,3.0,14,hybrid-PCG,48,32,4,3557.4677734375,599.0643310546875,5.096917152404785,0.3226058781147003,0.10082720220088959,0.00745014101266861
29,3.0,14,angular-Jacobi-PCG,48,32,4,3557.4677734375,631.4852294921875,4.804847717285156,0.3226058781147003,0.11517089605331421,0.009037340991199017
29,3.0,15,identity-CG,48,32,4,3734.8564453125,3734.8564453125,1.0,0.35832810401916504,0.12381689250469208,0.011594227515161037
29,3.0,15,population-PCG,48,32,4,3734.8564453125,1674.8387451171875,1.606126308441162,0.35832810401916504,0.11354077607393265,0.014805739745497704
29,3.0,15,context-PCG,48,32,4,3734.8564453125,405.6260986328125,7.199282169342041,0.35832810401916504,0.04292827099561691,0.0044235303066670895
29,3.0,15,hybrid-PCG,48,32,4,3734.8564453125,399.4246520996094,6.811776161193848,0.35832810401916504,0.05615391209721565,0.005017468705773354
29,3.0,15,angular-Jacobi-PCG,48,32,4,3734.8564453125,420.1830749511719,6.409340858459473,0.35832810401916504,0.05696887522935867,0.005503030959516764
29,3.0,16,identity-CG,48,32,4,3604.723388671875,3604.723388671875,1.0,0.3150402903556824,0.07385813444852829,0.008540907874703407
29,3.0,16,population-PCG,48,32,4,3604.723388671875,2700.767578125,1.0308799743652344,0.3150402903556824,0.16366052627563477,0.018810372799634933
29,3.0,16,context-PCG,48,32,4,3604.723388671875,566.359619140625,5.301192283630371,0.3150402903556824,0.0547463521361351,0.0059113213792443275
29,3.0,16,hybrid-PCG,48,32,4,3604.723388671875,626.9548950195312,5.364301681518555,0.3150402903556824,0.06156148761510849,0.007000119891017675
29,3.0,16,angular-Jacobi-PCG,48,32,4,3604.723388671875,663.187255859375,4.9759979248046875,0.3150402903556824,0.06545738875865936,0.006827171891927719
29,3.0,17,identity-CG,48,32,4,3588.002197265625,3588.002197265625,1.0,0.30966734886169434,0.08882301300764084,0.010157066397368908
29,3.0,17,population-PCG,48,32,4,3588.002197265625,1762.366943359375,0.7620252966880798,0.30966734886169434,0.15185533463954926,0.017242971807718277
29,3.0,17,context-PCG,48,32,4,3588.002197265625,487.41900634765625,5.943194389343262,0.30966734886169434,0.05056440085172653,0.005274922586977482
29,3.0,17,hybrid-PCG,48,32,4,3588.002197265625,485.67535400390625,5.63242244720459,0.30966734886169434,0.06948903948068619,0.00581749901175499
29,3.0,17,angular-Jacobi-PCG,48,32,4,3588.002197265625,510.2186279296875,5.373597145080566,0.30966734886169434,0.08151215314865112,0.0068454439751803875
29,3.0,18,identity-CG,48,32,4,3658.221923828125,3658.221923828125,1.0,0.32278865575790405,0.09206235408782959,0.010124756023287773
29,3.0,18,population-PCG,48,32,4,3658.221923828125,3318.25,0.9566981196403503,0.32278865575790405,0.18380388617515564,0.021648045629262924
29,3.0,18,context-PCG,48,32,4,3658.221923828125,592.840576171875,5.378689289093018,0.32278865575790405,0.06217683479189873,0.006463552825152874
29,3.0,18,hybrid-PCG,48,32,4,3658.221923828125,619.5008544921875,5.476070404052734,0.32278865575790405,0.08465949445962906,0.008081257343292236
29,3.0,18,angular-Jacobi-PCG,48,32,4,3658.221923828125,667.7691650390625,5.179527759552002,0.32278865575790405,0.086430124938488,0.008599866181612015
29,3.0,19,identity-CG,48,32,4,3584.14306640625,3584.14306640625,1.0,0.3253173828125,0.07759319990873337,0.009016875177621841
29,3.0,19,population-PCG,48,32,4,3584.14306640625,2664.892333984375,1.1519849300384521,0.3253173828125,0.14114275574684143,0.018421079963445663
29,3.0,19,context-PCG,48,32,4,3584.14306640625,543.3714599609375,6.023722171783447,0.3253173828125,0.04327654466032982,0.004805612377822399
29,3.0,19,hybrid-PCG,48,32,4,3584.14306640625,515.6407470703125,6.636200904846191,0.3253173828125,0.055038291960954666,0.00646296888589859
29,3.0,19,angular-Jacobi-PCG,48,32,4,3584.14306640625,538.624755859375,6.307453632354736,0.3253173828125,0.056384894996881485,0.006222896743565798
29,3.0,20,identity-CG,48,32,4,3677.085693359375,3677.085693359375,1.0,0.3188788890838623,0.11938385665416718,0.012372554279863834
29,3.0,20,population-PCG,48,32,4,3677.085693359375,1889.2786865234375,1.415887713432312,0.3188788890838623,0.17479193210601807,0.015526690520346165
29,3.0,20,context-PCG,48,32,4,3677.085693359375,626.4931030273438,5.244475364685059,0.3188788890838623,0.06907659024000168,0.006502097472548485
29,3.0,20,hybrid-PCG,48,32,4,3677.085693359375,609.9733276367188,4.973657131195068,0.3188788890838623,0.07866980135440826,0.007199631538242102
29,3.0,20,angular-Jacobi-PCG,48,32,4,3677.085693359375,639.6392211914062,4.632297992706299,0.3188788890838623,0.07820288836956024,0.007471982389688492
29,3.0,21,identity-CG,48,32,4,3519.4296875,3519.4296875,1.0,0.32940787076950073,0.11182084679603577,0.012373228557407856
29,3.0,21,population-PCG,48,32,4,3519.4296875,2825.40185546875,1.1064003705978394,0.32940787076950073,0.16727085411548615,0.018448807299137115
29,3.0,21,context-PCG,48,32,4,3519.4296875,519.595703125,6.740532398223877,0.32940787076950073,0.04594601318240166,0.0052756620571017265
29,3.0,21,hybrid-PCG,48,32,4,3519.4296875,538.4326171875,6.764086723327637,0.32940787076950073,0.05470379441976547,0.006401012185961008
29,3.0,21,angular-Jacobi-PCG,48,32,4,3519.4296875,569.8211059570312,6.475380897521973,0.32940787076950073,0.06307533383369446,0.007747124880552292
29,3.0,22,identity-CG,48,32,4,3626.283935546875,3626.283935546875,1.0,0.3261968493461609,0.10228215157985687,0.010210607200860977
29,3.0,22,population-PCG,48,32,4,3626.283935546875,3477.7587890625,0.9359827041625977,0.3261968493461609,0.1998765468597412,0.022708609700202942
29,3.0,22,context-PCG,48,32,4,3626.283935546875,592.48193359375,5.516897678375244,0.3261968493461609,0.058476462960243225,0.006609816569834948
29,3.0,22,hybrid-PCG,48,32,4,3626.283935546875,523.4752197265625,5.443994045257568,0.3261968493461609,0.05379188060760498,0.007199139799922705
29,3.0,22,angular-Jacobi-PCG,48,32,4,3626.283935546875,567.8261108398438,5.176513195037842,0.3261968493461609,0.05949655547738075,0.007625692058354616
29,3.0,23,identity-CG,48,32,4,3662.759521484375,3662.759521484375,1.0,0.2994311451911926,0.12443159520626068,0.011454066261649132
29,3.0,23,population-PCG,48,32,4,3662.759521484375,3866.87939453125,0.6888830661773682,0.2994311451911926,0.18947485089302063,0.020149914547801018
29,3.0,23,context-PCG,48,32,4,3662.759521484375,659.6900634765625,3.937962055206299,0.2994311451911926,0.06171315908432007,0.006100004073232412
29,3.0,23,hybrid-PCG,48,32,4,3662.759521484375,694.0277099609375,3.9877195358276367,0.2994311451911926,0.09333986043930054,0.0077973622828722
29,3.0,23,angular-Jacobi-PCG,48,32,4,3662.759521484375,748.3058471679688,3.717799663543701,0.2994311451911926,0.10104234516620636,0.008772778324782848
29,3.0,24,identity-CG,48,32,4,3591.493896484375,3591.493896484375,1.0,0.29903537034988403,0.10679826140403748,0.009668254293501377
29,3.0,24,population-PCG,48,32,4,3591.493896484375,3845.91650390625,0.5118260383605957,0.29903537034988403,0.2392764836549759,0.01983148232102394
29,3.0,24,context-PCG,48,32,4,3591.493896484375,616.5142822265625,4.88674783706665,0.29903537034988403,0.08440136909484863,0.006930495612323284
29,3.0,24,hybrid-PCG,48,32,4,3591.493896484375,637.4489135742188,4.791317462921143,0.29903537034988403,0.10316009819507599,0.008554019033908844
29,3.0,24,angular-Jacobi-PCG,48,32,4,3591.493896484375,666.0074462890625,4.444177627563477,0.29903537034988403,0.1187727153301239,0.008954395540058613
29,3.0,25,identity-CG,48,32,4,3794.459228515625,3794.459228515625,1.0,0.3725847601890564,0.12532153725624084,0.013502543792128563
29,3.0,25,population-PCG,48,32,4,3794.459228515625,2620.481201171875,1.1581065654754639,0.3725847601890564,0.15161626040935516,0.014616450294852257
29,3.0,25,context-PCG,48,32,4,3794.459228515625,544.7366943359375,6.414833068847656,0.3725847601890564,0.05844719707965851,0.005459071137011051
29,3.0,25,hybrid-PCG,48,32,4,3794.459228515625,515.3721923828125,6.089034080505371,0.3725847601890564,0.059921834617853165,0.00670761801302433
29,3.0,25,angular-Jacobi-PCG,48,32,4,3794.459228515625,532.352294921875,5.685267925262451,0.3725847601890564,0.06428220868110657,0.006857846863567829
29,3.0,26,identity-CG,48,32,4,3702.67431640625,3702.67431640625,1.0,0.32726341485977173,0.1337362825870514,0.01188399363309145
29,3.0,26,population-PCG,48,32,4,3702.67431640625,2731.884033203125,1.0640387535095215,0.32726341485977173,0.14986199140548706,0.012191890738904476
29,3.0,26,context-PCG,48,32,4,3702.67431640625,628.2994384765625,5.468672752380371,0.32726341485977173,0.055276162922382355,0.005058378912508488
29,3.0,26,hybrid-PCG,48,32,4,3702.67431640625,627.8837280273438,5.814979553222656,0.32726341485977173,0.07417543977499008,0.006058420054614544
29,3.0,26,angular-Jacobi-PCG,48,32,4,3702.67431640625,652.6050415039062,5.471601486206055,0.32726341485977173,0.07648055255413055,0.006345563568174839
29,3.0,27,identity-CG,48,32,4,3582.98095703125,3582.98095703125,1.0,0.3628048896789551,0.14339426159858704,0.013333222828805447
29,3.0,27,population-PCG,48,32,4,3582.98095703125,3136.17041015625,1.0495237112045288,0.3628048896789551,0.15861448645591736,0.01562773622572422
29,3.0,27,context-PCG,48,32,4,3582.98095703125,565.490234375,5.0323638916015625,0.3628048896789551,0.05420982837677002,0.005605407990515232
29,3.0,27,hybrid-PCG,48,32,4,3582.98095703125,553.6870727539062,4.729478359222412,0.3628048896789551,0.07367856800556183,0.007467648014426231
29,3.0,27,angular-Jacobi-PCG,48,32,4,3582.98095703125,581.021728515625,4.50863790512085,0.3628048896789551,0.07550214976072311,0.007940748706459999
29,3.0,28,identity-CG,48,32,4,3525.761962890625,3525.761962890625,1.0,0.3346073627471924,0.098402239382267,0.00901657622307539
29,3.0,28,population-PCG,48,32,4,3525.761962890625,2449.17333984375,0.7378374934196472,0.3346073627471924,0.21371546387672424,0.019394977018237114
29,3.0,28,context-PCG,48,32,4,3525.761962890625,563.96484375,3.8735811710357666,0.3346073627471924,0.09465938806533813,0.007485877722501755
29,3.0,28,hybrid-PCG,48,32,4,3525.761962890625,612.3768310546875,4.48507833480835,0.3346073627471924,0.11539360880851746,0.008943137712776661
29,3.0,28,angular-Jacobi-PCG,48,32,4,3525.761962890625,641.5721435546875,4.247029781341553,0.3346073627471924,0.12179102003574371,0.00944862887263298
29,3.0,29,identity-CG,48,32,4,3865.570556640625,3865.570556640625,1.0,0.3324839174747467,0.1328546702861786,0.013252212665975094
29,3.0,29,population-PCG,48,32,4,3865.570556640625,2276.981689453125,1.4892492294311523,0.3324839174747467,0.16922476887702942,0.017275169491767883
29,3.0,29,context-PCG,48,32,4,3865.570556640625,582.7680053710938,6.772109031677246,0.3324839174747467,0.06150522828102112,0.005921043921262026
29,3.0,29,hybrid-PCG,48,32,4,3865.570556640625,602.2579956054688,6.552953243255615,0.3324839174747467,0.07501871883869171,0.00680056307464838
29,3.0,29,angular-Jacobi-PCG,48,32,4,3865.570556640625,647.631103515625,6.093852996826172,0.3324839174747467,0.08191978931427002,0.007322290446609259
29,3.0,30,identity-CG,48,32,4,3452.7734375,3452.7734375,1.0,0.2939550280570984,0.08435005694627762,0.009664840996265411
29,3.0,30,population-PCG,48,32,4,3452.7734375,2113.262939453125,1.152852177619934,0.2939550280570984,0.17362383008003235,0.0212511345744133
29,3.0,30,context-PCG,48,32,4,3452.7734375,407.87017822265625,7.973080158233643,0.2939550280570984,0.04240451008081436,0.004365895874798298
29,3.0,30,hybrid-PCG,48,32,4,3452.7734375,379.40594482421875,8.628680229187012,0.2939550280570984,0.04288870096206665,0.005057503003627062
29,3.0,30,angular-Jacobi-PCG,48,32,4,3452.7734375,398.07098388671875,8.355891227722168,0.2939550280570984,0.04485797509551048,0.005205819848924875
29,3.0,31,identity-CG,48,32,4,3738.285400390625,3738.285400390625,1.0,0.33253270387649536,0.12184198945760727,0.01130542904138565
29,3.0,31,population-PCG,48,32,4,3738.285400390625,2236.52978515625,1.5284689664840698,0.33253270387649536,0.12927505373954773,0.013403510674834251
29,3.0,31,context-PCG,48,32,4,3738.285400390625,485.3515930175781,6.9384918212890625,0.33253270387649536,0.034298911690711975,0.004197608679533005
29,3.0,31,hybrid-PCG,48,32,4,3738.285400390625,485.0865783691406,7.159386157989502,0.33253270387649536,0.05075458064675331,0.006003698334097862
29,3.0,31,angular-Jacobi-PCG,48,32,4,3738.285400390625,516.8458862304688,7.029452323913574,0.33253270387649536,0.05707891285419464,0.0066951266489923
29,3.0,32,identity-CG,48,32,4,3565.009521484375,3565.009521484375,1.0,0.3140906095504761,0.1313927173614502,0.01347154751420021
29,3.0,32,population-PCG,48,32,4,3565.009521484375,4217.46728515625,0.7717968225479126,0.3140906095504761,0.21577756106853485,0.020057249814271927
29,3.0,32,context-PCG,48,32,4,3565.009521484375,760.8035888671875,4.591058254241943,0.3140906095504761,0.07365033030509949,0.0066098403185606
29,3.0,32,hybrid-PCG,48,32,4,3565.009521484375,756.6926879882812,4.608519077301025,0.3140906095504761,0.08769112825393677,0.00742934737354517
29,3.0,32,angular-Jacobi-PCG,48,32,4,3565.009521484375,804.7859497070312,4.19057035446167,0.3140906095504761,0.09015664458274841,0.007881954312324524
29,3.0,33,identity-CG,48,32,4,3578.72998046875,3578.72998046875,1.0,0.31726932525634766,0.1019040197134018,0.010740377008914948
29,3.0,33,population-PCG,48,32,4,3578.72998046875,3993.718994140625,0.422086238861084,0.31726932525634766,0.24776579439640045,0.023318681865930557
29,3.0,33,context-PCG,48,32,4,3578.72998046875,747.1566772460938,3.6929447650909424,0.31726932525634766,0.07666410505771637,0.007135406136512756
29,3.0,33,hybrid-PCG,48,32,4,3578.72998046875,743.6707763671875,3.669703245162964,0.31726932525634766,0.10763044655323029,0.0094863660633564
29,3.0,33,angular-Jacobi-PCG,48,32,4,3578.72998046875,786.414794921875,3.353757381439209,0.31726932525634766,0.11440038681030273,0.009634919464588165
29,3.0,34,identity-CG,48,32,4,3513.49267578125,3513.49267578125,1.0,0.3036040663719177,0.11676035076379776,0.011704960837960243
29,3.0,34,population-PCG,48,32,4,3513.49267578125,6086.5078125,0.5477644205093384,0.3036040663719177,0.24680115282535553,0.021651962772011757
29,3.0,34,context-PCG,48,32,4,3513.49267578125,789.2885131835938,3.5171077251434326,0.3036040663719177,0.062075357884168625,0.006618736777454615
29,3.0,34,hybrid-PCG,48,32,4,3513.49267578125,765.9229736328125,4.3360700607299805,0.3036040663719177,0.0913989245891571,0.008429186418652534
29,3.0,34,angular-Jacobi-PCG,48,32,4,3513.49267578125,811.8524169921875,4.02816104888916,0.3036040663719177,0.1095966249704361,0.00973566249012947
29,3.0,35,identity-CG,48,32,4,3683.642333984375,3683.642333984375,1.0,0.32082095742225647,0.1103866696357727,0.0113739725202322
29,3.0,35,population-PCG,48,32,4,3683.642333984375,2762.40576171875,0.9890733361244202,0.32082095742225647,0.19456292688846588,0.01644212007522583
29,3.0,35,context-PCG,48,32,4,3683.642333984375,591.7107543945312,5.980076313018799,0.32082095742225647,0.07666242867708206,0.0064643630757927895
29,3.0,35,hybrid-PCG,48,32,4,3683.642333984375,570.21533203125,6.276804447174072,0.32082095742225647,0.0931970477104187,0.007228284142911434
29,3.0,35,angular-Jacobi-PCG,48,32,4,3683.642333984375,596.2817993164062,5.916194915771484,0.32082095742225647,0.1038944348692894,0.007729565724730492
29,3.0,36,identity-CG,48,32,4,3553.5029296875,3553.5029296875,1.0,0.27897822856903076,0.12392907589673996,0.011233892291784286
29,3.0,36,population-PCG,48,32,4,3553.5029296875,1758.0087890625,1.9752541780471802,0.27897822856903076,0.11870934069156647,0.01315770298242569
29,3.0,36,context-PCG,48,32,4,3553.5029296875,408.10772705078125,8.064814567565918,0.27897822856903076,0.03331136703491211,0.004095033742487431
29,3.0,36,hybrid-PCG,48,32,4,3553.5029296875,417.3345031738281,8.071986198425293,0.27897822856903076,0.04921058937907219,0.005370755679905415
29,3.0,36,angular-Jacobi-PCG,48,32,4,3553.5029296875,436.59796142578125,7.585803508758545,0.27897822856903076,0.050850484520196915,0.005585659295320511
29,3.0,37,identity-CG,48,32,4,3765.09814453125,3765.09814453125,1.0,0.30013540387153625,0.11701662838459015,0.012042725458741188
29,3.0,37,population-PCG,48,32,4,3765.09814453125,2071.953369140625,1.0855741500854492,0.30013540387153625,0.14841629564762115,0.016447313129901886
29,3.0,37,context-PCG,48,32,4,3765.09814453125,504.7132568359375,5.680846214294434,0.30013540387153625,0.04519376903772354,0.004831091966480017
29,3.0,37,hybrid-PCG,48,32,4,3765.09814453125,502.7896728515625,5.823190212249756,0.30013540387153625,0.06469126045703888,0.006491021253168583
29,3.0,37,angular-Jacobi-PCG,48,32,4,3765.09814453125,532.5490112304688,5.508471488952637,0.30013540387153625,0.07547059655189514,0.007533176802098751
29,3.0,38,identity-CG,48,32,4,3337.22607421875,3337.22607421875,1.0,0.2972348928451538,0.14111484587192535,0.013689609244465828
29,3.0,38,population-PCG,48,32,4,3337.22607421875,3853.352294921875,0.555282473564148,0.2972348928451538,0.2023739218711853,0.014989977702498436
29,3.0,38,context-PCG,48,32,4,3337.22607421875,894.4857177734375,3.153794765472412,0.2972348928451538,0.10555024445056915,0.009341536089777946
29,3.0,38,hybrid-PCG,48,32,4,3337.22607421875,1045.0263671875,3.1338884830474854,0.2972348928451538,0.1328946202993393,0.010048944503068924
29,3.0,38,angular-Jacobi-PCG,48,32,4,3337.22607421875,1130.7286376953125,2.9128048419952393,0.2972348928451538,0.13528737425804138,0.009476110339164734
29,3.0,39,identity-CG,48,32,4,3801.448486328125,3801.448486328125,1.0,0.34819895029067993,0.11286124587059021,0.010103258304297924
29,3.0,39,population-PCG,48,32,4,3801.448486328125,3061.652099609375,0.9759565591812134,0.34819895029067993,0.22951164841651917,0.02015675976872444
29,3.0,39,context-PCG,48,32,4,3801.448486328125,587.1084594726562,6.345078945159912,0.34819895029067993,0.06790255010128021,0.0071257296949625015
29,3.0,39,hybrid-PCG,48,32,4,3801.448486328125,589.5415649414062,6.2972211837768555,0.34819895029067993,0.07377965748310089,0.007118751760572195
29,3.0,39,angular-Jacobi-PCG,48,32,4,3801.448486328125,613.355224609375,5.969181060791016,0.34819895029067993,0.08170211315155029,0.007963228970766068
29,3.0,40,identity-CG,48,32,4,3669.916259765625,3669.916259765625,1.0,0.3339693546295166,0.11821960657835007,0.01186034083366394
29,3.0,40,population-PCG,48,32,4,3669.916259765625,2747.912109375,0.9792520403862,0.3339693546295166,0.16693037748336792,0.017448104918003082
29,3.0,40,context-PCG,48,32,4,3669.916259765625,453.5574951171875,6.176275253295898,0.3339693546295166,0.044478848576545715,0.005476772785186768
29,3.0,40,hybrid-PCG,48,32,4,3669.916259765625,505.7130126953125,6.588352203369141,0.3339693546295166,0.05493880808353424,0.005928962025791407
29,3.0,40,angular-Jacobi-PCG,48,32,4,3669.916259765625,531.1148071289062,6.18035888671875,0.3339693546295166,0.05942478030920029,0.006381324492394924
29,3.0,41,identity-CG,48,32,4,3358.015625,3358.015625,1.0,0.3303852081298828,0.13278761506080627,0.012364087626338005
29,3.0,41,population-PCG,48,32,4,3358.015625,2555.003173828125,0.9821562170982361,0.3303852081298828,0.2086750715970993,0.020920608192682266
29,3.0,41,context-PCG,48,32,4,3358.015625,513.8613891601562,5.098947048187256,0.3303852081298828,0.06926869601011276,0.00674950797110796
29,3.0,41,hybrid-PCG,48,32,4,3358.015625,528.6636962890625,4.741830825805664,0.3303852081298828,0.10522376745939255,0.007241995073854923
29,3.0,41,angular-Jacobi-PCG,48,32,4,3358.015625,552.64453125,4.544996738433838,0.3303852081298828,0.1087091714143753,0.008293764665722847
29,3.0,42,identity-CG,48,32,4,3379.146240234375,3379.146240234375,1.0,0.34294503927230835,0.1143144816160202,0.011348039843142033
29,3.0,42,population-PCG,48,32,4,3379.146240234375,3570.945068359375,0.8473180532455444,0.34294503927230835,0.17022404074668884,0.016625378280878067
29,3.0,42,context-PCG,48,32,4,3379.146240234375,633.64453125,4.54960823059082,0.34294503927230835,0.06293633580207825,0.006608461961150169
29,3.0,42,hybrid-PCG,48,32,4,3379.146240234375,661.1285400390625,4.5082902908325195,0.34294503927230835,0.09627272933721542,0.007890390232205391
29,3.0,42,angular-Jacobi-PCG,48,32,4,3379.146240234375,704.669189453125,4.2627434730529785,0.34294503927230835,0.10402251780033112,0.009608227759599686
29,3.0,43,identity-CG,48,32,4,3714.700927734375,3714.700927734375,1.0,0.39662837982177734,0.11193148046731949,0.01050760317593813
29,3.0,43,population-PCG,48,32,4,3714.700927734375,2619.95947265625,0.872229278087616,0.39662837982177734,0.19461192190647125,0.0197405144572258
29,3.0,43,context-PCG,48,32,4,3714.700927734375,593.2317504882812,4.708498001098633,0.39662837982177734,0.0906013548374176,0.00754817109555006
29,3.0,43,hybrid-PCG,48,32,4,3714.700927734375,583.4232788085938,5.013586521148682,0.39662837982177734,0.09418325126171112,0.008108086884021759
29,3.0,43,angular-Jacobi-PCG,48,32,4,3714.700927734375,627.6133422851562,4.317589282989502,0.39662837982177734,0.1007474958896637,0.008726075291633606
29,3.0,44,identity-CG,48,32,4,3442.242431640625,3442.242431640625,1.0,0.3136880099773407,0.07044658064842224,0.008745153434574604
29,3.0,44,population-PCG,48,32,4,3442.242431640625,2701.204345703125,1.2052243947982788,0.3136880099773407,0.1440756916999817,0.0195172019302845
29,3.0,44,context-PCG,48,32,4,3442.242431640625,523.0281982421875,6.355975151062012,0.3136880099773407,0.033119410276412964,0.004400797188282013
29,3.0,44,hybrid-PCG,48,32,4,3442.242431640625,546.5459594726562,6.152784824371338,0.3136880099773407,0.04095577821135521,0.006030420772731304
29,3.0,44,angular-Jacobi-PCG,48,32,4,3442.242431640625,587.3212280273438,5.775031566619873,0.3136880099773407,0.043394409120082855,0.006761804223060608
29,3.0,45,identity-CG,48,32,4,3677.88623046875,3677.88623046875,1.0,0.3224833607673645,0.11111953854560852,0.010559780523180962
29,3.0,45,population-PCG,48,32,4,3677.88623046875,1578.7630615234375,0.8334886431694031,0.3224833607673645,0.1754802018404007,0.013951733708381653
29,3.0,45,context-PCG,48,32,4,3677.88623046875,395.0198974609375,4.978310585021973,0.3224833607673645,0.051167409867048264,0.005073602311313152
29,3.0,45,hybrid-PCG,48,32,4,3677.88623046875,399.69024658203125,4.618359565734863,0.3224833607673645,0.0923270732164383,0.006286420859396458
29,3.0,45,angular-Jacobi-PCG,48,32,4,3677.88623046875,411.739501953125,4.367110252380371,0.3224833607673645,0.09385356307029724,0.006877436302602291
29,3.0,46,identity-CG,48,32,4,3714.730224609375,3714.730224609375,1.0,0.34229105710983276,0.12456980347633362,0.011229327879846096
29,3.0,46,population-PCG,48,32,4,3714.730224609375,1931.488525390625,0.6601871252059937,0.34229105710983276,0.18860727548599243,0.01880851946771145
29,3.0,46,context-PCG,48,32,4,3714.730224609375,618.8215942382812,6.0029096603393555,0.34229105710983276,0.0539555586874485,0.005716796964406967
29,3.0,46,hybrid-PCG,48,32,4,3714.730224609375,628.9146728515625,5.9065728187561035,0.34229105710983276,0.070709228515625,0.007351347245275974
29,3.0,46,angular-Jacobi-PCG,48,32,4,3714.730224609375,688.4739990234375,5.395599842071533,0.34229105710983276,0.07679563760757446,0.007131305057555437
29,3.0,47,identity-CG,48,32,4,3578.81494140625,3578.81494140625,1.0,0.31029531359672546,0.11600703001022339,0.010997061617672443
29,3.0,47,population-PCG,48,32,4,3578.81494140625,2499.348388671875,1.2821896076202393,0.31029531359672546,0.15727823972702026,0.017377102747559547
29,3.0,47,context-PCG,48,32,4,3578.81494140625,510.5893859863281,5.444639205932617,0.31029531359672546,0.05202711373567581,0.005691461265087128
29,3.0,47,hybrid-PCG,48,32,4,3578.81494140625,522.817626953125,5.252116680145264,0.31029531359672546,0.07051172852516174,0.007079546805471182
29,3.0,47,angular-Jacobi-PCG,48,32,4,3578.81494140625,557.2894287109375,4.959795951843262,0.31029531359672546,0.08227010816335678,0.0078030796721577644
29,3.0,48,identity-CG,48,32,4,3503.68505859375,3503.68505859375,1.0,0.3209458589553833,0.09684522449970245,0.010347215458750725
29,3.0,48,population-PCG,48,32,4,3503.68505859375,2975.7451171875,0.933016836643219,0.3209458589553833,0.17107251286506653,0.017250467091798782
29,3.0,48,context-PCG,48,32,4,3503.68505859375,611.1368408203125,5.732815265655518,0.3209458589553833,0.06150791794061661,0.006263126619160175
29,3.0,48,hybrid-PCG,48,32,4,3503.68505859375,600.0875854492188,5.777425765991211,0.3209458589553833,0.07378600537776947,0.006951320916414261
29,3.0,48,angular-Jacobi-PCG,48,32,4,3503.68505859375,621.6240844726562,5.626819133758545,0.3209458589553833,0.07607042789459229,0.0069053578190505505
29,3.0,49,identity-CG,48,32,4,3423.643798828125,3423.643798828125,1.0,0.30850401520729065,0.11317110806703568,0.01014853548258543
29,3.0,49,population-PCG,48,32,4,3423.643798828125,4223.76318359375,0.7246881127357483,0.30850401520729065,0.22837992012500763,0.01625761389732361
29,3.0,49,context-PCG,48,32,4,3423.643798828125,678.3171997070312,4.872084140777588,0.30850401520729065,0.05896215885877609,0.006297317333519459
29,3.0,49,hybrid-PCG,48,32,4,3423.643798828125,693.0010986328125,5.365570068359375,0.30850401520729065,0.08004133403301239,0.008191349916160107
29,3.0,49,angular-Jacobi-PCG,48,32,4,3423.643798828125,729.341796875,5.124494552612305,0.30850401520729065,0.08836942166090012,0.00865310337394476
29,3.0,50,identity-CG,48,32,4,3593.396728515625,3593.396728515625,1.0,0.31908291578292847,0.11027946323156357,0.014426497742533684
29,3.0,50,population-PCG,48,32,4,3593.396728515625,3426.44677734375,0.6733113527297974,0.31908291578292847,0.18672360479831696,0.02047581970691681
29,3.0,50,context-PCG,48,32,4,3593.396728515625,551.8065185546875,6.2934417724609375,0.31908291578292847,0.044171273708343506,0.00544330757111311
29,3.0,50,hybrid-PCG,48,32,4,3593.396728515625,457.1746520996094,6.924540042877197,0.31908291578292847,0.05242416262626648,0.006027719937264919
29,3.0,50,angular-Jacobi-PCG,48,32,4,3593.396728515625,489.1703186035156,6.452030181884766,0.31908291578292847,0.05186861753463745,0.00597543315961957
29,3.0,51,identity-CG,48,32,4,3751.01513671875,3751.01513671875,1.0,0.3152536153793335,0.11016253381967545,0.011386759579181671
29,3.0,51,population-PCG,48,32,4,3751.01513671875,2875.1513671875,1.1420170068740845,0.3152536153793335,0.17978405952453613,0.02025275118649006
29,3.0,51,context-PCG,48,32,4,3751.01513671875,574.352294921875,6.683660507202148,0.3152536153793335,0.05660875141620636,0.005911421962082386
29,3.0,51,hybrid-PCG,48,32,4,3751.01513671875,607.1218872070312,6.229588508605957,0.3152536153793335,0.07141828536987305,0.006479355972260237
29,3.0,51,angular-Jacobi-PCG,48,32,4,3751.01513671875,631.2782592773438,5.940758228302002,0.3152536153793335,0.08110006898641586,0.00700120534747839
29,3.0,52,identity-CG,48,32,4,3443.350830078125,3443.350830078125,1.0,0.3302176892757416,0.11155243217945099,0.010352669283747673
29,3.0,52,population-PCG,48,32,4,3443.350830078125,2409.885498046875,1.310976266860962,0.3302176892757416,0.17087920010089874,0.019154148176312447
29,3.0,52,context-PCG,48,32,4,3443.350830078125,542.16259765625,6.085784912109375,0.3302176892757416,0.05173221603035927,0.005891007836908102
29,3.0,52,hybrid-PCG,48,32,4,3443.350830078125,597.7799682617188,5.114767551422119,0.3302176892757416,0.09140048921108246,0.008783450350165367
29,3.0,52,angular-Jacobi-PCG,48,32,4,3443.350830078125,630.7034912109375,4.868232727050781,0.3302176892757416,0.08373820036649704,0.009073647670447826
29,3.0,53,identity-CG,48,32,4,3583.0791015625,3583.0791015625,1.0,0.3132648468017578,0.09509964287281036,0.007611997425556183
29,3.0,53,population-PCG,48,32,4,3583.0791015625,3570.984130859375,0.8457778692245483,0.3132648468017578,0.20530152320861816,0.015259730629622936
29,3.0,53,context-PCG,48,32,4,3583.0791015625,608.4114990234375,5.723663806915283,0.3132648468017578,0.04841719567775726,0.00516202487051487
29,3.0,53,hybrid-PCG,48,32,4,3583.0791015625,542.7792358398438,5.6872992515563965,0.3132648468017578,0.05993467569351196,0.00645679933950305
29,3.0,53,angular-Jacobi-PCG,48,32,4,3583.0791015625,570.25537109375,5.353254795074463,0.3132648468017578,0.06876002252101898,0.006849685218185186
29,3.0,54,identity-CG,48,32,4,3716.598876953125,3716.598876953125,1.0,0.3606126010417938,0.11415111273527145,0.01085957232862711
29,3.0,54,population-PCG,48,32,4,3716.598876953125,3315.746826171875,0.9941184520721436,0.3606126010417938,0.156299889087677,0.016258735209703445
29,3.0,54,context-PCG,48,32,4,3716.598876953125,624.4834594726562,5.95147705078125,0.3606126010417938,0.04636743664741516,0.00614782702177763
29,3.0,54,hybrid-PCG,48,32,4,3716.598876953125,624.4830322265625,5.951480865478516,0.3606126010417938,0.06919890642166138,0.00728771835565567
29,3.0,54,angular-Jacobi-PCG,48,32,4,3716.598876953125,657.6089477539062,5.6516852378845215,0.3606126010417938,0.07180525362491608,0.007875450886785984
29,3.0,55,identity-CG,48,32,4,3527.64892578125,3527.64892578125,1.0,0.3292853534221649,0.11456530541181564,0.011455129832029343
29,3.0,55,population-PCG,48,32,4,3527.64892578125,2139.7587890625,1.437716007232666,0.3292853534221649,0.14001590013504028,0.018488125875592232
29,3.0,55,context-PCG,48,32,4,3527.64892578125,501.3084411621094,6.753547191619873,0.3292853534221649,0.046859532594680786,0.004696689546108246
29,3.0,55,hybrid-PCG,48,32,4,3527.64892578125,467.7656555175781,7.593148708343506,0.3292853534221649,0.0580894760787487,0.005536355078220367
29,3.0,55,angular-Jacobi-PCG,48,32,4,3527.64892578125,490.21002197265625,7.27192497253418,0.3292853534221649,0.06363692879676819,0.005768823437392712
29,3.0,56,identity-CG,48,32,4,3825.8671875,3825.8671875,1.0,0.3816291093826294,0.12238684296607971,0.011045031249523163
29,3.0,56,population-PCG,48,32,4,3825.8671875,3573.8828125,0.9558013081550598,0.3816291093826294,0.23395302891731262,0.02231474220752716
29,3.0,56,context-PCG,48,32,4,3825.8671875,572.2952880859375,6.448350429534912,0.3816291093826294,0.05616378411650658,0.006135748699307442
29,3.0,56,hybrid-PCG,48,32,4,3825.8671875,525.0012817382812,6.31999397277832,0.3816291093826294,0.0618680976331234,0.00698353024199605
29,3.0,56,angular-Jacobi-PCG,48,32,4,3825.8671875,555.4170532226562,6.034214019775391,0.3816291093826294,0.06777895241975784,0.007460462860763073
29,3.0,57,identity-CG,48,32,4,3850.731689453125,3850.731689453125,1.0,0.40150755643844604,0.1622997224330902,0.015056331641972065
29,3.0,57,population-PCG,48,32,4,3850.731689453125,1915.8009033203125,1.844886302947998,0.40150755643844604,0.1725715696811676,0.015886250883340836
29,3.0,57,context-PCG,48,32,4,3850.731689453125,476.6178283691406,7.315537929534912,0.40150755643844604,0.05406228080391884,0.004765450023114681
29,3.0,57,hybrid-PCG,48,32,4,3850.731689453125,467.1963806152344,5.880489349365234,0.40150755643844604,0.07060469686985016,0.0061245509423315525
29,3.0,57,angular-Jacobi-PCG,48,32,4,3850.731689453125,491.9895324707031,5.6166863441467285,0.40150755643844604,0.07894669473171234,0.006219123490154743
29,3.0,58,identity-CG,48,32,4,3695.68408203125,3695.68408203125,1.0,0.328670859336853,0.11643940955400467,0.010775869712233543
29,3.0,58,population-PCG,48,32,4,3695.68408203125,2912.637451171875,1.0762693881988525,0.328670859336853,0.17808882892131805,0.018185734748840332
29,3.0,58,context-PCG,48,32,4,3695.68408203125,603.6402587890625,6.10396671295166,0.328670859336853,0.06378299742937088,0.006165483966469765
29,3.0,58,hybrid-PCG,48,32,4,3695.68408203125,636.995849609375,5.784339427947998,0.328670859336853,0.07366600632667542,0.007069794461131096
29,3.0,58,angular-Jacobi-PCG,48,32,4,3695.68408203125,670.3194580078125,5.496782302856445,0.328670859336853,0.07557341456413269,0.007336487993597984
29,3.0,59,identity-CG,48,32,4,3464.940185546875,3464.940185546875,1.0,0.3001989424228668,0.09126567840576172,0.00957006961107254
29,3.0,59,population-PCG,48,32,4,3464.940185546875,3490.84619140625,0.8808143138885498,0.3001989424228668,0.15787610411643982,0.017223995178937912
29,3.0,59,context-PCG,48,32,4,3464.940185546875,646.85693359375,4.6479411125183105,0.3001989424228668,0.052446845918893814,0.005877846386283636
29,3.0,59,hybrid-PCG,48,32,4,3464.940185546875,645.2664184570312,4.700697422027588,0.3001989424228668,0.08569657057523727,0.007659383118152618
29,3.0,59,angular-Jacobi-PCG,48,32,4,3464.940185546875,689.534912109375,4.428097724914551,0.3001989424228668,0.0843062698841095,0.0073316581547260284
29,3.0,60,identity-CG,48,32,4,3843.83349609375,3843.83349609375,1.0,0.33843687176704407,0.1242123395204544,0.00900610163807869
29,3.0,60,population-PCG,48,32,4,3843.83349609375,2547.15185546875,0.8045870065689087,0.33843687176704407,0.15854647755622864,0.012463768012821674
29,3.0,60,context-PCG,48,32,4,3843.83349609375,626.5218505859375,4.633113861083984,0.33843687176704407,0.07349149882793427,0.0067018927074968815
29,3.0,60,hybrid-PCG,48,32,4,3843.83349609375,668.5386962890625,4.4059953689575195,0.33843687176704407,0.09129081666469574,0.006930066272616386
29,3.0,60,angular-Jacobi-PCG,48,32,4,3843.83349609375,695.4913940429688,4.102980136871338,0.33843687176704407,0.09923404455184937,0.007285069674253464
29,3.0,61,identity-CG,48,32,4,3582.340576171875,3582.340576171875,1.0,0.3498421907424927,0.133893221616745,0.014078252017498016
29,3.0,61,population-PCG,48,32,4,3582.340576171875,2424.8427734375,1.0620399713516235,0.3498421907424927,0.19834139943122864,0.018291261047124863
29,3.0,61,context-PCG,48,32,4,3582.340576171875,517.4642333984375,6.922875881195068,0.3498421907424927,0.06868121773004532,0.006217128597199917
29,3.0,61,hybrid-PCG,48,32,4,3582.340576171875,532.9152221679688,6.395942211151123,0.3498421907424927,0.0737973004579544,0.00674453005194664
29,3.0,61,angular-Jacobi-PCG,48,32,4,3582.340576171875,564.3283081054688,6.048921585083008,0.3498421907424927,0.08571483194828033,0.007811472285538912
29,3.0,62,identity-CG,48,32,4,3424.041748046875,3424.041748046875,1.0,0.33976635336875916,0.13683557510375977,0.015528598800301552
29,3.0,62,population-PCG,48,32,4,3424.041748046875,3668.81787109375,0.8463534116744995,0.33976635336875916,0.2025810331106186,0.018750496208667755
29,3.0,62,context-PCG,48,32,4,3424.041748046875,618.6271362304688,5.122142791748047,0.33976635336875916,0.05711011216044426,0.005876005627214909
29,3.0,62,hybrid-PCG,48,32,4,3424.041748046875,671.663330078125,4.968788146972656,0.33976635336875916,0.08050711452960968,0.007695550099015236
29,3.0,62,angular-Jacobi-PCG,48,32,4,3424.041748046875,693.7850341796875,4.659250736236572,0.33976635336875916,0.08339346945285797,0.007580186240375042
29,3.0,63,identity-CG,48,32,4,3662.2822265625,3662.2822265625,1.0,0.350149005651474,0.09928479790687561,0.01052084006369114
29,3.0,63,population-PCG,48,32,4,3662.2822265625,2060.507568359375,1.1819241046905518,0.350149005651474,0.13911095261573792,0.014140749350190163
29,3.0,63,context-PCG,48,32,4,3662.2822265625,495.2261962890625,7.2769293785095215,0.350149005651474,0.05053960531949997,0.005305387545377016
29,3.0,63,hybrid-PCG,48,32,4,3662.2822265625,481.85772705078125,7.1458048820495605,0.350149005651474,0.05509762465953827,0.005790747236460447
29,3.0,63,angular-Jacobi-PCG,48,32,4,3662.2822265625,500.0769958496094,6.787002086639404,0.350149005651474,0.05989769473671913,0.006159200333058834
43,0.0,0,identity-CG,48,32,4,27164.224609375,27164.224609375,1.0,0.17055383324623108,0.831761360168457,0.022485747933387756
43,0.0,0,population-PCG,48,32,4,27164.224609375,1774.2763671875,14.053362846374512,0.17055383324623108,0.1524982750415802,0.010132147930562496
43,0.0,0,context-PCG,48,32,4,27164.224609375,581.5526733398438,36.31218719482422,0.17055383324623108,0.08899718523025513,0.008034098893404007
43,0.0,0,hybrid-PCG,48,32,4,27164.224609375,642.2454833984375,29.922714233398438,0.17055383324623108,0.1433517336845398,0.011736135929822922
43,0.0,0,angular-Jacobi-PCG,48,32,4,27164.224609375,519.6646118164062,36.98668670654297,0.17055383324623108,0.12314191460609436,0.011610744521021843
43,0.0,1,identity-CG,48,32,4,26507.849609375,26507.849609375,1.0,0.2009388953447342,0.7840777039527893,0.02759198471903801
43,0.0,1,population-PCG,48,32,4,26507.849609375,1840.309326171875,12.125879287719727,0.2009388953447342,0.15128575265407562,0.013503212481737137
43,0.0,1,context-PCG,48,32,4,26507.849609375,872.4238891601562,21.518896102905273,0.2009388953447342,0.11315488815307617,0.0114601980894804
43,0.0,1,hybrid-PCG,48,32,4,26507.849609375,1149.1436767578125,17.417686462402344,0.2009388953447342,0.17474034428596497,0.014302568510174751
43,0.0,1,angular-Jacobi-PCG,48,32,4,26507.849609375,951.2815551757812,19.539520263671875,0.2009388953447342,0.15573889017105103,0.012742346152663231
43,0.0,2,identity-CG,48,32,4,27134.015625,27134.015625,1.0,0.2004566490650177,0.9753566980361938,0.031036479398608208
43,0.0,2,population-PCG,48,32,4,27134.015625,2511.122314453125,9.955230712890625,0.2004566490650177,0.19706502556800842,0.014668858610093594
43,0.0,2,context-PCG,48,32,4,27134.015625,981.8762817382812,22.493947982788086,0.2004566490650177,0.1043769121170044,0.010046175681054592
43,0.0,2,hybrid-PCG,48,32,4,27134.015625,1158.7220458984375,16.025142669677734,0.2004566490650177,0.21560174226760864,0.015407063066959381
43,0.0,2,angular-Jacobi-PCG,48,32,4,27134.015625,980.6211547851562,19.995664596557617,0.2004566490650177,0.1788085699081421,0.014939798042178154
43,0.0,3,identity-CG,48,32,4,27153.587890625,27153.587890625,1.0,0.1821673959493637,1.0572054386138916,0.040189631283283234
43,0.0,3,population-PCG,48,32,4,27153.587890625,2099.232666015625,10.806052207946777,0.1821673959493637,0.20069748163223267,0.014525075443089008
43,0.0,3,context-PCG,48,32,4,27153.587890625,803.2848510742188,32.94261169433594,0.1821673959493637,0.07693658024072647,0.00838258396834135
43,0.0,3,hybrid-PCG,48,32,4,27153.587890625,815.7598266601562,30.17559051513672,0.1821673959493637,0.1400454342365265,0.011139493435621262
43,0.0,3,angular-Jacobi-PCG,48,32,4,27153.587890625,714.7487182617188,36.078834533691406,0.1821673959493637,0.11363114416599274,0.010489070788025856
43,0.0,4,identity-CG,48,32,4,26163.61328125,26163.61328125,1.0,0.16492301225662231,0.9113709926605225,0.031366027891635895
43,0.0,4,population-PCG,48,32,4,26163.61328125,2146.568359375,11.644678115844727,0.16492301225662231,0.14679071307182312,0.012541856616735458
43,0.0,4,context-PCG,48,32,4,26163.61328125,738.2467651367188,28.46034812927246,0.16492301225662231,0.08297979086637497,0.009072432294487953
43,0.0,4,hybrid-PCG,48,32,4,26163.61328125,841.8919067382812,29.7415714263916,0.16492301225662231,0.161094069480896,0.013532052747905254
43,0.0,4,angular-Jacobi-PCG,48,32,4,26163.61328125,709.9420166015625,30.614561080932617,0.16492301225662231,0.11445188522338867,0.011420447379350662
43,0.0,5,identity-CG,48,32,4,26870.1015625,26870.1015625,1.0,0.16953608393669128,0.8765015602111816,0.02589864656329155
43,0.0,5,population-PCG,48,32,4,26870.1015625,1889.7183837890625,14.066368103027344,0.16953608393669128,0.126795694231987,0.01190858706831932
43,0.0,5,context-PCG,48,32,4,26870.1015625,602.0443115234375,36.819732666015625,0.16953608393669128,0.07661368697881699,0.008861469104886055
43,0.0,5,hybrid-PCG,48,32,4,26870.1015625,604.769775390625,41.38051223754883,0.16953608393669128,0.13693149387836456,0.011947644874453545
43,0.0,5,angular-Jacobi-PCG,48,32,4,26870.1015625,494.0745849609375,40.669578552246094,0.16953608393669128,0.10930424183607101,0.008834298700094223
43,0.0,6,identity-CG,48,32,4,26392.001953125,26392.001953125,1.0,0.1960166096687317,0.9570983648300171,0.029363226145505905
43,0.0,6,population-PCG,48,32,4,26392.001953125,1695.4923095703125,13.277181625366211,0.1960166096687317,0.11940725147724152,0.011084101162850857
43,0.0,6,context-PCG,48,32,4,26392.001953125,619.4255981445312,25.910947799682617,0.1960166096687317,0.09615642577409744,0.009172950871288776
43,0.0,6,hybrid-PCG,48,32,4,26392.001953125,539.9129638671875,20.36875343322754,0.1960166096687317,0.14690405130386353,0.011486143805086613
43,0.0,6,angular-Jacobi-PCG,48,32,4,26392.001953125,527.9765014648438,24.63821029663086,0.1960166096687317,0.1317024528980255,0.010232842527329922
43,0.0,7,identity-CG,48,32,4,26765.373046875,26765.373046875,1.0,0.1881237030029297,1.2168697118759155,0.036150574684143066
43,0.0,7,population-PCG,48,32,4,26765.373046875,2363.90771484375,7.247598171234131,0.1881237030029297,0.2234029769897461,0.014880436472594738
43,0.0,7,context-PCG,48,32,4,26765.373046875,614.87841796875,19.158327102661133,0.1881237030029297,0.110166534781456,0.009361913427710533
43,0.0,7,hybrid-PCG,48,32,4,26765.373046875,604.5039672851562,18.11377716064453,0.1881237030029297,0.14707054197788239,0.010948674753308296
43,0.0,7,angular-Jacobi-PCG,48,32,4,26765.373046875,555.649658203125,20.480806350708008,0.1881237030029297,0.14633232355117798,0.010384352877736092
43,0.0,8,identity-CG,48,32,4,26966.63671875,26966.63671875,1.0,0.1896689087152481,0.752598226070404,0.0261685773730278
43,0.0,8,population-PCG,48,32,4,26966.63671875,2874.092041015625,7.205287933349609,0.1896689087152481,0.22608932852745056,0.018910350278019905
43,0.0,8,context-PCG,48,32,4,26966.63671875,1150.667724609375,23.084657669067383,0.1896689087152481,0.15266063809394836,0.011967126280069351
43,0.0,8,hybrid-PCG,48,32,4,26966.63671875,1394.6240234375,17.678001403808594,0.1896689087152481,0.27123957872390747,0.018722128123044968
43,0.0,8,angular-Jacobi-PCG,48,32,4,26966.63671875,1191.050537109375,21.52877426147461,0.1896689087152481,0.21999654173851013,0.015528646297752857
43,0.0,9,identity-CG,48,32,4,26059.408203125,26059.408203125,1.0,0.17732740938663483,1.0920624732971191,0.033176489174366
43,0.0,9,population-PCG,48,32,4,26059.408203125,2745.9833984375,9.227293968200684,0.17732740938663483,0.21402886509895325,0.0194409117102623
43,0.0,9,context-PCG,48,32,4,26059.408203125,1014.199462890625,20.15395164489746,0.17732740938663483,0.11939787864685059,0.0101295355707407
43,0.0,9,hybrid-PCG,48,32,4,26059.408203125,1241.77734375,18.251632690429688,0.17732740938663483,0.20691576600074768,0.014492770656943321
43,0.0,9,angular-Jacobi-PCG,48,32,4,26059.408203125,1001.3613891601562,19.262493133544922,0.17732740938663483,0.1844361573457718,0.013184163719415665
43,0.0,10,identity-CG,48,32,4,26330.654296875,26330.654296875,1.0,0.19524763524532318,1.0594490766525269,0.030830753967165947
43,0.0,10,population-PCG,48,32,4,26330.654296875,3080.680419921875,8.099187850952148,0.19524763524532318,0.21870280802249908,0.01691659539937973
43,0.0,10,context-PCG,48,32,4,26330.654296875,943.0301513671875,18.443058013916016,0.19524763524532318,0.15325970947742462,0.012964438647031784
43,0.0,10,hybrid-PCG,48,32,4,26330.654296875,1147.302734375,13.458128929138184,0.19524763524532318,0.2678799629211426,0.015738047659397125
43,0.0,10,angular-Jacobi-PCG,48,32,4,26330.654296875,911.8849487304688,16.694183349609375,0.19524763524532318,0.2110469937324524,0.01362878829240799
43,0.0,11,identity-CG,48,32,4,28021.205078125,28021.205078125,1.0,0.17454233765602112,0.6632450819015503,0.02214108780026436
43,0.0,11,population-PCG,48,32,4,28021.205078125,2088.837158203125,9.947637557983398,0.17454233765602112,0.16802522540092468,0.012904427014291286
43,0.0,11,context-PCG,48,32,4,28021.205078125,734.4135131835938,28.506750106811523,0.17454233765602112,0.09832027554512024,0.010283133015036583
43,0.0,11,hybrid-PCG,48,32,4,28021.205078125,796.9857177734375,28.48860740661621,0.17454233765602112,0.1276875138282776,0.011734578758478165
43,0.0,11,angular-Jacobi-PCG,48,32,4,28021.205078125,668.0025634765625,29.564016342163086,0.17454233765602112,0.09907408803701401,0.010553221218287945
43,0.0,12,identity-CG,48,32,4,26610.478515625,26610.478515625,1.0,0.2147129476070404,1.1788067817687988,0.03559323772788048
43,0.0,12,population-PCG,48,32,4,26610.478515625,2074.058837890625,10.283038139343262,0.2147129476070404,0.22323715686798096,0.016093702986836433
43,0.0,12,context-PCG,48,32,4,26610.478515625,1119.47021484375,20.292749404907227,0.2147129476070404,0.15181022882461548,0.012296095490455627
43,0.0,12,hybrid-PCG,48,32,4,26610.478515625,1393.6585693359375,14.482048988342285,0.2147129476070404,0.24185454845428467,0.016392072662711143
43,0.0,12,angular-Jacobi-PCG,48,32,4,26610.478515625,1185.291748046875,18.059001922607422,0.2147129476070404,0.1982128918170929,0.01383601501584053
43,0.0,13,identity-CG,48,32,4,26106.669921875,26106.669921875,1.0,0.17730791866779327,0.9177736639976501,0.0302395261824131
43,0.0,13,population-PCG,48,32,4,26106.669921875,1451.0819091796875,14.80137825012207,0.17730791866779327,0.14724764227867126,0.013539867475628853
43,0.0,13,context-PCG,48,32,4,26106.669921875,658.0785522460938,31.356595993041992,0.17730791866779327,0.07299553602933884,0.007548986468464136
43,0.0,13,hybrid-PCG,48,32,4,26106.669921875,552.2476806640625,26.768524169921875,0.17730791866779327,0.12226143479347229,0.010053511708974838
43,0.0,13,angular-Jacobi-PCG,48,32,4,26106.669921875,555.4093627929688,32.56825256347656,0.17730791866779327,0.09789006412029266,0.008191912434995174
43,0.0,14,identity-CG,48,32,4,26450.46484375,26450.46484375,1.0,0.19180767238140106,1.2212982177734375,0.045941226184368134
43,0.0,14,population-PCG,48,32,4,26450.46484375,2381.622802734375,5.496086120605469,0.19180767238140106,0.21930217742919922,0.014361772686243057
43,0.0,14,context-PCG,48,32,4,26450.46484375,960.1728515625,18.25590705871582,0.19180767238140106,0.11371506750583649,0.010944003239274025
43,0.0,14,hybrid-PCG,48,32,4,26450.46484375,966.035888671875,18.717613220214844,0.19180767238140106,0.1614684909582138,0.013426302000880241
43,0.0,14,angular-Jacobi-PCG,48,32,4,26450.46484375,849.1659545898438,18.405364990234375,0.19180767238140106,0.15575870871543884,0.013301050290465355
43,0.0,15,identity-CG,48,32,4,27751.37109375,27751.37109375,1.0,0.1968393623828888,1.0889325141906738,0.03003002516925335
43,0.0,15,population-PCG,48,32,4,27751.37109375,2498.017822265625,10.020036697387695,0.1968393623828888,0.19176827371120453,0.013270372524857521
43,0.0,15,context-PCG,48,32,4,27751.37109375,1312.09716796875,19.89422607421875,0.1968393623828888,0.14334425330162048,0.012573067098855972
43,0.0,15,hybrid-PCG,48,32,4,27751.37109375,1588.62158203125,15.797706604003906,0.1968393623828888,0.2519017457962036,0.016197867691516876
43,0.0,15,angular-Jacobi-PCG,48,32,4,27751.37109375,1346.987548828125,18.998279571533203,0.1968393623828888,0.23545792698860168,0.01611514575779438
43,0.0,16,identity-CG,48,32,4,26780.9921875,26780.9921875,1.0,0.18652218580245972,0.9470909833908081,0.030903834849596024
43,0.0,16,population-PCG,48,32,4,26780.9921875,1462.4638671875,14.575261116027832,0.18652218580245972,0.16377884149551392,0.01232590526342392
43,0.0,16,context-PCG,48,32,4,26780.9921875,578.4727783203125,30.3981876373291,0.18652218580245972,0.08848689496517181,0.009693222120404243
43,0.0,16,hybrid-PCG,48,32,4,26780.9921875,578.0325927734375,23.874034881591797,0.18652218580245972,0.1255534589290619,0.013335386291146278
43,0.0,16,angular-Jacobi-PCG,48,32,4,26780.9921875,515.4452514648438,29.27950668334961,0.18652218580245972,0.10402175039052963,0.012364850379526615
43,0.0,17,identity-CG,48,32,4,26353.66796875,26353.66796875,1.0,0.19415757060050964,0.825311541557312,0.026515766978263855
43,0.0,17,population-PCG,48,32,4,26353.66796875,2110.265380859375,10.570184707641602,0.19415757060050964,0.16876570880413055,0.014187525026500225
43,0.0,17,context-PCG,48,32,4,26353.66796875,892.537109375,23.81558609008789,0.19415757060050964,0.1009669229388237,0.010334668681025505
43,0.0,17,hybrid-PCG,48,32,4,26353.66796875,1081.2569580078125,19.496049880981445,0.19415757060050964,0.16512973606586456,0.012934768572449684
43,0.0,17,angular-Jacobi-PCG,48,32,4,26353.66796875,874.2904052734375,22.981409072875977,0.19415757060050964,0.1582816243171692,0.012393229641020298
43,0.0,18,identity-CG,48,32,4,26910.064453125,26910.064453125,1.0,0.19695167243480682,0.7212297320365906,0.022878317162394524
43,0.0,18,population-PCG,48,32,4,26910.064453125,1955.374755859375,10.989716529846191,0.19695167243480682,0.22358660399913788,0.018234914168715477
43,0.0,18,context-PCG,48,32,4,26910.064453125,1016.6768188476562,22.387901306152344,0.19695167243480682,0.1300916075706482,0.01153193973004818
43,0.0,18,hybrid-PCG,48,32,4,26910.064453125,1162.7003173828125,15.19960880279541,0.19695167243480682,0.22299540042877197,0.017196550965309143
43,0.0,18,angular-Jacobi-PCG,48,32,4,26910.064453125,990.9130859375,18.416587829589844,0.19695167243480682,0.17088890075683594,0.013954607769846916
43,0.0,19,identity-CG,48,32,4,25656.775390625,25656.775390625,1.0,0.18384617567062378,1.1044375896453857,0.0343848317861557
43,0.0,19,population-PCG,48,32,4,25656.775390625,1586.070556640625,14.153465270996094,0.18384617567062378,0.1776255965232849,0.013335982337594032
43,0.0,19,context-PCG,48,32,4,25656.775390625,792.5756225585938,31.31068992614746,0.18384617567062378,0.10793005675077438,0.009043649770319462
43,0.0,19,hybrid-PCG,48,32,4,25656.775390625,926.96533203125,25.038164138793945,0.18384617567062378,0.18607097864151,0.012777457013726234
43,0.0,19,angular-Jacobi-PCG,48,32,4,25656.775390625,809.2388305664062,31.21249771118164,0.18384617567062378,0.17176267504692078,0.012355741113424301
43,0.0,20,identity-CG,48,32,4,27106.939453125,27106.939453125,1.0,0.18713992834091187,0.9440208673477173,0.029881520196795464
43,0.0,20,population-PCG,48,32,4,27106.939453125,2032.8536376953125,7.206729412078857,0.18713992834091187,0.1717274785041809,0.012140478938817978
43,0.0,20,context-PCG,48,32,4,27106.939453125,1048.906494140625,23.1024169921875,0.18713992834091187,0.10870808362960815,0.011438626796007156
43,0.0,20,hybrid-PCG,48,32,4,27106.939453125,1065.569580078125,19.069730758666992,0.18713992834091187,0.17499929666519165,0.01537240855395794
43,0.0,20,angular-Jacobi-PCG,48,32,4,27106.939453125,990.9150390625,22.123191833496094,0.18713992834091187,0.15585914254188538,0.012870068661868572
43,0.0,21,identity-CG,48,32,4,27606.05859375,27606.05859375,1.0,0.1863563358783722,0.6803075075149536,0.026426175609230995
43,0.0,21,population-PCG,48,32,4,27606.05859375,2270.3427734375,6.496459007263184,0.1863563358783722,0.25231438875198364,0.015328364446759224
43,0.0,21,context-PCG,48,32,4,27606.05859375,1014.869140625,18.039459228515625,0.1863563358783722,0.15193168818950653,0.012539470568299294
43,0.0,21,hybrid-PCG,48,32,4,27606.05859375,1300.7821044921875,14.641887664794922,0.1863563358783722,0.26333075761795044,0.01971733570098877
43,0.0,21,angular-Jacobi-PCG,48,32,4,27606.05859375,1044.9775390625,17.20248794555664,0.1863563358783722,0.21277788281440735,0.01580745168030262
43,0.0,22,identity-CG,48,32,4,26705.3046875,26705.3046875,1.0,0.2078462541103363,1.085402488708496,0.039287060499191284
43,0.0,22,population-PCG,48,32,4,26705.3046875,2129.7470703125,11.960881233215332,0.2078462541103363,0.14751699566841125,0.011568537913262844
43,0.0,22,context-PCG,48,32,4,26705.3046875,1040.0576171875,23.76285743713379,0.2078462541103363,0.11928284913301468,0.01156492531299591
43,0.0,22,hybrid-PCG,48,32,4,26705.3046875,1426.519775390625,16.86469268798828,0.2078462541103363,0.2229851931333542,0.01757109723985195
43,0.0,22,angular-Jacobi-PCG,48,32,4,26705.3046875,1120.75341796875,22.729042053222656,0.2078462541103363,0.16062681376934052,0.01538111362606287
43,0.0,23,identity-CG,48,32,4,26731.3203125,26731.3203125,1.0,0.2021036446094513,1.1105183362960815,0.03792039304971695
43,0.0,23,population-PCG,48,32,4,26731.3203125,2072.568115234375,9.615755081176758,0.2021036446094513,0.17339050769805908,0.01367909274995327
43,0.0,23,context-PCG,48,32,4,26731.3203125,1033.5687255859375,25.477861404418945,0.2021036446094513,0.1209316998720169,0.010671749711036682
43,0.0,23,hybrid-PCG,48,32,4,26731.3203125,1142.578369140625,22.37923812866211,0.2021036446094513,0.1823348104953766,0.012415682896971703
43,0.0,23,angular-Jacobi-PCG,48,32,4,26731.3203125,1024.1112060546875,25.034095764160156,0.2021036446094513,0.1713372766971588,0.012577764689922333
43,0.0,24,identity-CG,48,32,4,26285.544921875,26285.544921875,1.0,0.1856074035167694,0.8163578510284424,0.03327442333102226
43,0.0,24,population-PCG,48,32,4,26285.544921875,1455.1785888671875,17.574932098388672,0.1856074035167694,0.13612419366836548,0.011810421012341976
43,0.0,24,context-PCG,48,32,4,26285.544921875,647.934326171875,42.164764404296875,0.1856074035167694,0.06899245828390121,0.00791240856051445
43,0.0,24,hybrid-PCG,48,32,4,26285.544921875,623.75244140625,37.2275505065918,0.1856074035167694,0.11710508167743683,0.010197237133979797
43,0.0,24,angular-Jacobi-PCG,48,32,4,26285.544921875,597.845458984375,43.967124938964844,0.1856074035167694,0.0890408605337143,0.009380677714943886
43,0.0,25,identity-CG,48,32,4,26608.109375,26608.109375,1.0,0.18613898754119873,1.0712432861328125,0.032321393489837646
43,0.0,25,population-PCG,48,32,4,26608.109375,1718.4019775390625,11.693881034851074,0.18613898754119873,0.14536112546920776,0.011613407172262669
43,0.0,25,context-PCG,48,32,4,26608.109375,761.3056640625,25.303394317626953,0.18613898754119873,0.09834904968738556,0.01068488135933876
43,0.0,25,hybrid-PCG,48,32,4,26608.109375,982.9187622070312,20.55109405517578,0.18613898754119873,0.16532348096370697,0.013499787077307701
43,0.0,25,angular-Jacobi-PCG,48,32,4,26608.109375,802.7063598632812,25.282264709472656,0.18613898754119873,0.12779447436332703,0.012130151502788067
43,0.0,26,identity-CG,48,32,4,26161.935546875,26161.935546875,1.0,0.1670212298631668,0.6170148849487305,0.02880939096212387
43,0.0,26,population-PCG,48,32,4,26161.935546875,1779.0416259765625,12.769612312316895,0.1670212298631668,0.12711885571479797,0.013273837976157665
43,0.0,26,context-PCG,48,32,4,26161.935546875,677.6788940429688,29.924287796020508,0.1670212298631668,0.07160306721925735,0.008769567124545574
43,0.0,26,hybrid-PCG,48,32,4,26161.935546875,1013.0240478515625,26.254650115966797,0.1670212298631668,0.12113840878009796,0.011899160221219063
43,0.0,26,angular-Jacobi-PCG,48,32,4,26161.935546875,752.4716186523438,31.25278663635254,0.1670212298631668,0.11201880127191544,0.012074589729309082
43,0.0,27,identity-CG,48,32,4,26478.3203125,26478.3203125,1.0,0.17439715564250946,0.9358412027359009,0.028936054557561874
43,0.0,27,population-PCG,48,32,4,26478.3203125,2007.2762451171875,11.777029037475586,0.17439715564250946,0.1469719409942627,0.013770795427262783
43,0.0,27,context-PCG,48,32,4,26478.3203125,953.8218383789062,27.760236740112305,0.17439715564250946,0.08451355993747711,0.010039223358035088
43,0.0,27,hybrid-PCG,48,32,4,26478.3203125,1152.54248046875,20.916709899902344,0.17439715564250946,0.14833401143550873,0.013392718508839607
43,0.0,27,angular-Jacobi-PCG,48,32,4,26478.3203125,953.4532470703125,27.77096939086914,0.17439715564250946,0.10858273506164551,0.01161232776939869
43,0.0,28,identity-CG,48,32,4,26510.763671875,26510.763671875,1.0,0.18835794925689697,0.9569840431213379,0.03488742187619209
43,0.0,28,population-PCG,48,32,4,26510.763671875,2192.94970703125,12.075040817260742,0.18835794925689697,0.20920558273792267,0.013464968651533127
43,0.0,28,context-PCG,48,32,4,26510.763671875,925.2921752929688,22.120868682861328,0.18835794925689697,0.11390712857246399,0.011216691695153713
43,0.0,28,hybrid-PCG,48,32,4,26510.763671875,979.3896484375,22.577234268188477,0.18835794925689697,0.15549737215042114,0.01435241661965847
43,0.0,28,angular-Jacobi-PCG,48,32,4,26510.763671875,912.4658813476562,24.67415428161621,0.18835794925689697,0.13317543268203735,0.01228751614689827
43,0.0,29,identity-CG,48,32,4,26458.896484375,26458.896484375,1.0,0.1644836664199829,0.7915791273117065,0.02700759842991829
43,0.0,29,population-PCG,48,32,4,26458.896484375,1709.7218017578125,14.474350929260254,0.1644836664199829,0.12974786758422852,0.013060717843472958
43,0.0,29,context-PCG,48,32,4,26458.896484375,758.6239624023438,25.724258422851562,0.1644836664199829,0.08357210457324982,0.008867123164236546
43,0.0,29,hybrid-PCG,48,32,4,26458.896484375,833.1859741210938,19.67448616027832,0.1644836664199829,0.1408989429473877,0.012652439996600151
43,0.0,29,angular-Jacobi-PCG,48,32,4,26458.896484375,745.3099365234375,24.021080017089844,0.1644836664199829,0.1263386458158493,0.010712976567447186
43,0.0,30,identity-CG,48,32,4,26080.51953125,26080.51953125,1.0,0.15781855583190918,1.0512664318084717,0.04500134661793709
43,0.0,30,population-PCG,48,32,4,26080.51953125,1466.6136474609375,11.619302749633789,0.15781855583190918,0.1585557758808136,0.013153043575584888
43,0.0,30,context-PCG,48,32,4,26080.51953125,678.3836059570312,27.10821533203125,0.15781855583190918,0.08019207417964935,0.008598379790782928
43,0.0,30,hybrid-PCG,48,32,4,26080.51953125,824.8609008789062,23.359378814697266,0.15781855583190918,0.13454025983810425,0.011610115878283978
43,0.0,30,angular-Jacobi-PCG,48,32,4,26080.51953125,703.9103393554688,26.708200454711914,0.15781855583190918,0.10529227554798126,0.010761366225779057
43,0.0,31,identity-CG,48,32,4,26842.265625,26842.265625,1.0,0.2050708681344986,1.097253680229187,0.03248817101120949
43,0.0,31,population-PCG,48,32,4,26842.265625,2101.328369140625,9.887284278869629,0.2050708681344986,0.19664034247398376,0.014173489063978195
43,0.0,31,context-PCG,48,32,4,26842.265625,883.0064086914062,20.94365882873535,0.2050708681344986,0.1321377158164978,0.012301549315452576
43,0.0,31,hybrid-PCG,48,32,4,26842.265625,1141.5079345703125,17.2559871673584,0.2050708681344986,0.20920361578464508,0.015254264697432518
43,0.0,31,angular-Jacobi-PCG,48,32,4,26842.265625,957.8068237304688,20.6790771484375,0.2050708681344986,0.16798338294029236,0.012470504269003868
43,0.0,32,identity-CG,48,32,4,26179.099609375,26179.099609375,1.0,0.17342382669448853,1.0212695598602295,0.04036284610629082
43,0.0,32,population-PCG,48,32,4,26179.099609375,2076.121826171875,10.585599899291992,0.17342382669448853,0.20996960997581482,0.015695281326770782
43,0.0,32,context-PCG,48,32,4,26179.099609375,847.517578125,26.497608184814453,0.17342382669448853,0.08602091670036316,0.009018137119710445
43,0.0,32,hybrid-PCG,48,32,4,26179.099609375,947.9571533203125,20.892131805419922,0.17342382669448853,0.15476089715957642,0.013917558826506138
43,0.0,32,angular-Jacobi-PCG,48,32,4,26179.099609375,815.33984375,26.69292640686035,0.17342382669448853,0.11840710788965225,0.010991418734192848
43,0.0,33,identity-CG,48,32,4,25274.01953125,25274.01953125,1.0,0.1928340196609497,0.8837189674377441,0.028429485857486725
43,0.0,33,population-PCG,48,32,4,25274.01953125,2612.084716796875,8.889139175415039,0.1928340196609497,0.19068151712417603,0.013919342309236526
43,0.0,33,context-PCG,48,32,4,25274.01953125,815.7994384765625,21.674428939819336,0.1928340196609497,0.13961493968963623,0.012664778158068657
43,0.0,33,hybrid-PCG,48,32,4,25274.01953125,1082.7073974609375,17.213167190551758,0.1928340196609497,0.2436436116695404,0.016395991668105125
43,0.0,33,angular-Jacobi-PCG,48,32,4,25274.01953125,879.16064453125,20.784744262695312,0.1928340196609497,0.1970016360282898,0.01273190788924694
43,0.0,34,identity-CG,48,32,4,25618.146484375,25618.146484375,1.0,0.1943252682685852,1.066673755645752,0.037962865084409714
43,0.0,34,population-PCG,48,32,4,25618.146484375,1857.0272216796875,11.287343978881836,0.1943252682685852,0.16090285778045654,0.013946508057415485
43,0.0,34,context-PCG,48,32,4,25618.146484375,1019.6502685546875,21.484683990478516,0.1943252682685852,0.11345048248767853,0.01119048148393631
43,0.0,34,hybrid-PCG,48,32,4,25618.146484375,1434.9334716796875,15.849143028259277,0.1943252682685852,0.20590341091156006,0.016370361670851707
43,0.0,34,angular-Jacobi-PCG,48,32,4,25618.146484375,1205.46337890625,19.479799270629883,0.1943252682685852,0.18314246833324432,0.014559399336576462
43,0.0,35,identity-CG,48,32,4,26848.28125,26848.28125,1.0,0.18655182421207428,0.7721028923988342,0.030512221157550812
43,0.0,35,population-PCG,48,32,4,26848.28125,1651.5194091796875,13.215818405151367,0.18655182421207428,0.11904523521661758,0.010174297727644444
43,0.0,35,context-PCG,48,32,4,26848.28125,704.824951171875,32.58904266357422,0.18655182421207428,0.06598160415887833,0.008350375108420849
43,0.0,35,hybrid-PCG,48,32,4,26848.28125,716.2914428710938,28.817970275878906,0.18655182421207428,0.13321126997470856,0.012076633982360363
43,0.0,35,angular-Jacobi-PCG,48,32,4,26848.28125,630.1978149414062,33.039833068847656,0.18655182421207428,0.09935424476861954,0.00982650276273489
43,0.0,36,identity-CG,48,32,4,26522.974609375,26522.974609375,1.0,0.18650485575199127,1.1651504039764404,0.03947959840297699
43,0.0,36,population-PCG,48,32,4,26522.974609375,1819.65869140625,13.839756965637207,0.18650485575199127,0.15685567259788513,0.013410436920821667
43,0.0,36,context-PCG,48,32,4,26522.974609375,708.0365600585938,25.576936721801758,0.18650485575199127,0.0961119532585144,0.009002286940813065
43,0.0,36,hybrid-PCG,48,32,4,26522.974609375,925.4141845703125,26.14507484436035,0.18650485575199127,0.163961261510849,0.013806961476802826
43,0.0,36,angular-Jacobi-PCG,48,32,4,26522.974609375,668.0921020507812,27.34457778930664,0.18650485575199127,0.13186267018318176,0.011045413091778755
43,0.0,37,identity-CG,48,32,4,27009.4765625,27009.4765625,1.0,0.21929305791854858,1.0527679920196533,0.03175514191389084
43,0.0,37,population-PCG,48,32,4,27009.4765625,2601.7353515625,10.462861061096191,0.21929305791854858,0.27301961183547974,0.017248542979359627
43,0.0,37,context-PCG,48,32,4,27009.4765625,1050.69580078125,24.11977767944336,0.21929305791854858,0.11686497926712036,0.01321534626185894
43,0.0,37,hybrid-PCG,48,32,4,27009.4765625,1166.3482666015625,21.24817657470703,0.21929305791854858,0.17379122972488403,0.01374399196356535
43,0.0,37,angular-Jacobi-PCG,48,32,4,27009.4765625,983.646728515625,23.980318069458008,0.21929305791854858,0.16115494072437286,0.014393247663974762
43,0.0,38,identity-CG,48,32,4,26662.765625,26662.765625,1.0,0.18115554749965668,1.0820578336715698,0.03752630203962326
43,0.0,38,population-PCG,48,32,4,26662.765625,1684.3118896484375,11.722206115722656,0.18115554749965668,0.14817214012145996,0.012662200257182121
43,0.0,38,context-PCG,48,32,4,26662.765625,842.077392578125,29.83094596862793,0.18115554749965668,0.08832236379384995,0.008831379935145378
43,0.0,38,hybrid-PCG,48,32,4,26662.765625,1081.0440673828125,20.89874839782715,0.18115554749965668,0.14936400949954987,0.01241588220000267
43,0.0,38,angular-Jacobi-PCG,48,32,4,26662.765625,883.5302734375,28.423988342285156,0.18115554749965668,0.12185423076152802,0.010712899267673492
43,0.0,39,identity-CG,48,32,4,26981.171875,26981.171875,1.0,0.19502651691436768,1.0744571685791016,0.04365597665309906
43,0.0,39,population-PCG,48,32,4,26981.171875,1626.4764404296875,11.141979217529297,0.19502651691436768,0.18162940442562103,0.012149563059210777
43,0.0,39,context-PCG,48,32,4,26981.171875,734.5292358398438,25.260868072509766,0.19502651691436768,0.10310959815979004,0.008899311535060406
43,0.0,39,hybrid-PCG,48,32,4,26981.171875,977.673095703125,19.356477737426758,0.19502651691436768,0.17805969715118408,0.013140762224793434
43,0.0,39,angular-Jacobi-PCG,48,32,4,26981.171875,778.5159301757812,23.80446434020996,0.19502651691436768,0.15415576100349426,0.010796459391713142
43,0.0,40,identity-CG,48,32,4,26002.845703125,26002.845703125,1.0,0.20385977625846863,1.203665018081665,0.05411160737276077
43,0.0,40,population-PCG,48,32,4,26002.845703125,1928.679931640625,13.499898910522461,0.20385977625846863,0.14425526559352875,0.010482478886842728
43,0.0,40,context-PCG,48,32,4,26002.845703125,1012.372314453125,25.685062408447266,0.20385977625846863,0.1123286634683609,0.01004195585846901
43,0.0,40,hybrid-PCG,48,32,4,26002.845703125,1226.704833984375,20.359617233276367,0.20385977625846863,0.22163112461566925,0.016511715948581696
43,0.0,40,angular-Jacobi-PCG,48,32,4,26002.845703125,1015.9856567382812,24.43990135192871,0.20385977625846863,0.1982433795928955,0.012538676150143147
43,0.0,41,identity-CG,48,32,4,25827.177734375,25827.177734375,1.0,0.1658536195755005,0.8327153921127319,0.036078788340091705
43,0.0,41,population-PCG,48,32,4,25827.177734375,2847.65966796875,8.880088806152344,0.1658536195755005,0.25144991278648376,0.014548242092132568
43,0.0,41,context-PCG,48,32,4,25827.177734375,1026.5928955078125,22.570419311523438,0.1658536195755005,0.09361068904399872,0.010047515854239464
43,0.0,41,hybrid-PCG,48,32,4,25827.177734375,1112.4461669921875,23.019834518432617,0.1658536195755005,0.15381784737110138,0.012471162714064121
43,0.0,41,angular-Jacobi-PCG,48,32,4,25827.177734375,1014.108642578125,24.876657485961914,0.1658536195755005,0.11923522502183914,0.011478757485747337
43,0.0,42,identity-CG,48,32,4,25657.984375,25657.984375,1.0,0.1772451251745224,0.917811930179596,0.03531154617667198
43,0.0,42,population-PCG,48,32,4,25657.984375,2056.49609375,11.669214248657227,0.1772451251745224,0.1436856985092163,0.013807163573801517
43,0.0,42,context-PCG,48,32,4,25657.984375,648.8134155273438,35.57769775390625,0.1772451251745224,0.0683220624923706,0.008698085322976112
43,0.0,42,hybrid-PCG,48,32,4,25657.984375,772.6731567382812,29.880332946777344,0.1772451251745224,0.11657509207725525,0.01077841967344284
43,0.0,42,angular-Jacobi-PCG,48,32,4,25657.984375,663.5887451171875,37.70705032348633,0.1772451251745224,0.1003185361623764,0.009355148300528526
43,0.0,43,identity-CG,48,32,4,26975.388671875,26975.388671875,1.0,0.2276066243648529,0.7753235101699829,0.03018599934875965
43,0.0,43,population-PCG,48,32,4,26975.388671875,2117.974609375,12.182095527648926,0.2276066243648529,0.18627244234085083,0.01492820493876934
43,0.0,43,context-PCG,48,32,4,26975.388671875,921.33251953125,21.532094955444336,0.2276066243648529,0.13690537214279175,0.010918517597019672
43,0.0,43,hybrid-PCG,48,32,4,26975.388671875,1007.734619140625,18.448383331298828,0.2276066243648529,0.200903981924057,0.014752035960555077
43,0.0,43,angular-Jacobi-PCG,48,32,4,26975.388671875,870.2462768554688,20.51422882080078,0.2276066243648529,0.17474150657653809,0.01301976852118969
43,0.0,44,identity-CG,48,32,4,27078.5859375,27078.5859375,1.0,0.1716693937778473,0.6810919642448425,0.026762332767248154
43,0.0,44,population-PCG,48,32,4,27078.5859375,1389.6727294921875,17.82352638244629,0.1716693937778473,0.1714947372674942,0.013801502995193005
43,0.0,44,context-PCG,48,32,4,27078.5859375,509.5262756347656,40.432640075683594,0.1716693937778473,0.09649081528186798,0.009269787929952145
43,0.0,44,hybrid-PCG,48,32,4,27078.5859375,594.2987670898438,39.75935745239258,0.1716693937778473,0.1418561339378357,0.010342164896428585
43,0.0,44,angular-Jacobi-PCG,48,32,4,27078.5859375,488.1357421875,45.56722640991211,0.1716693937778473,0.1387726217508316,0.00945328176021576
43,0.0,45,identity-CG,48,32,4,26388.607421875,26388.607421875,1.0,0.1628132164478302,1.0979831218719482,0.047873206436634064
43,0.0,45,population-PCG,48,32,4,26388.607421875,1604.406494140625,11.505963325500488,0.1628132164478302,0.16830816864967346,0.013829736970365047
43,0.0,45,context-PCG,48,32,4,26388.607421875,894.4679565429688,28.446754455566406,0.1628132164478302,0.08828018605709076,0.009300697594881058
43,0.0,45,hybrid-PCG,48,32,4,26388.607421875,969.056640625,25.92841148376465,0.1628132164478302,0.14956024289131165,0.013595729134976864
43,0.0,45,angular-Jacobi-PCG,48,32,4,26388.607421875,862.1030883789062,29.650041580200195,0.1628132164478302,0.12986674904823303,0.012114431709051132
43,0.0,46,identity-CG,48,32,4,26559.76953125,26559.76953125,1.0,0.18394923210144043,0.9973258972167969,0.040244266390800476
43,0.0,46,population-PCG,48,32,4,26559.76953125,2854.611572265625,8.158766746520996,0.18394923210144043,0.17351502180099487,0.015764065086841583
43,0.0,46,context-PCG,48,32,4,26559.76953125,991.8519287109375,21.1748046875,0.18394923210144043,0.12227921187877655,0.012469691224396229
43,0.0,46,hybrid-PCG,48,32,4,26559.76953125,982.5841064453125,15.13638687133789,0.18394923210144043,0.17544807493686676,0.016635112464427948
43,0.0,46,angular-Jacobi-PCG,48,32,4,26559.76953125,1018.4327392578125,19.89746856689453,0.18394923210144043,0.16124746203422546,0.013074525631964207
43,0.0,47,identity-CG,48,32,4,27117.30078125,27117.30078125,1.0,0.20623129606246948,1.0295689105987549,0.04067011922597885
43,0.0,47,population-PCG,48,32,4,27117.30078125,1936.5828857421875,11.826569557189941,0.20623129606246948,0.1632007211446762,0.011666566133499146
43,0.0,47,context-PCG,48,32,4,27117.30078125,901.6557006835938,30.07500648498535,0.20623129606246948,0.08210568130016327,0.008950119838118553
43,0.0,47,hybrid-PCG,48,32,4,27117.30078125,1128.359130859375,23.779495239257812,0.20623129606246948,0.1490737497806549,0.011963805183768272
43,0.0,47,angular-Jacobi-PCG,48,32,4,27117.30078125,879.0255737304688,30.304426193237305,0.20623129606246948,0.12813754379749298,0.011980235576629639
43,0.0,48,identity-CG,48,32,4,26570.609375,26570.609375,1.0,0.1987898051738739,0.7783377170562744,0.03002973087131977
43,0.0,48,population-PCG,48,32,4,26570.609375,1600.0755615234375,11.900553703308105,0.1987898051738739,0.18278229236602783,0.014412855729460716
43,0.0,48,context-PCG,48,32,4,26570.609375,703.5496826171875,29.654844284057617,0.1987898051738739,0.08399176597595215,0.009404705837368965
43,0.0,48,hybrid-PCG,48,32,4,26570.609375,726.548095703125,27.39088249206543,0.1987898051738739,0.16903629899024963,0.01307888887822628
43,0.0,48,angular-Jacobi-PCG,48,32,4,26570.609375,598.1982421875,29.438491821289062,0.1987898051738739,0.12191802263259888,0.010625144466757774
43,0.0,49,identity-CG,48,32,4,26689.306640625,26689.306640625,1.0,0.16823029518127441,1.0069377422332764,0.03280524164438248
43,0.0,49,population-PCG,48,32,4,26689.306640625,3079.206787109375,7.892514228820801,0.16823029518127441,0.2493225336074829,0.018789835274219513
43,0.0,49,context-PCG,48,32,4,26689.306640625,1072.13818359375,20.34693145751953,0.16823029518127441,0.1461244523525238,0.01351143792271614
43,0.0,49,hybrid-PCG,48,32,4,26689.306640625,1357.4842529296875,19.40165901184082,0.16823029518127441,0.21339304745197296,0.01604754850268364
43,0.0,49,angular-Jacobi-PCG,48,32,4,26689.306640625,1087.468994140625,19.98805809020996,0.16823029518127441,0.186346635222435,0.014126179739832878
43,0.0,50,identity-CG,48,32,4,26750.408203125,26750.408203125,1.0,0.1838817447423935,0.8195861577987671,0.024831213057041168
43,0.0,50,population-PCG,48,32,4,26750.408203125,2082.576904296875,11.744832038879395,0.1838817447423935,0.17132405936717987,0.015088873915374279
43,0.0,50,context-PCG,48,32,4,26750.408203125,895.1399536132812,26.007186889648438,0.1838817447423935,0.11273156106472015,0.010854365304112434
43,0.0,50,hybrid-PCG,48,32,4,26750.408203125,968.8480834960938,22.031963348388672,0.1838817447423935,0.20925301313400269,0.016172057017683983
43,0.0,50,angular-Jacobi-PCG,48,32,4,26750.408203125,841.3699340820312,25.633075714111328,0.1838817447423935,0.1571895182132721,0.013488988392055035
43,0.0,51,identity-CG,48,32,4,25971.6640625,25971.6640625,1.0,0.15572527050971985,0.7378387451171875,0.03019629791378975
43,0.0,51,population-PCG,48,32,4,25971.6640625,1527.825439453125,16.605466842651367,0.15572527050971985,0.1353442370891571,0.011431455612182617
43,0.0,51,context-PCG,48,32,4,25971.6640625,515.6828002929688,43.76076126098633,0.15572527050971985,0.05275113135576248,0.0071381134912371635
43,0.0,51,hybrid-PCG,48,32,4,25971.6640625,475.9962158203125,42.44828414916992,0.15572527050971985,0.07517017424106598,0.007971358485519886
43,0.0,51,angular-Jacobi-PCG,48,32,4,25971.6640625,456.578369140625,54.367584228515625,0.15572527050971985,0.07392022013664246,0.007446082774549723
43,0.0,52,identity-CG,48,32,4,26477.046875,26477.046875,1.0,0.20267727971076965,0.86381995677948,0.03789915144443512
43,0.0,52,population-PCG,48,32,4,26477.046875,2768.7568359375,9.531293869018555,0.20267727971076965,0.2048095464706421,0.01654239371418953
43,0.0,52,context-PCG,48,32,4,26477.046875,1252.492431640625,20.848316192626953,0.20267727971076965,0.15419094264507294,0.014636565931141376
43,0.0,52,hybrid-PCG,48,32,4,26477.046875,1674.3277587890625,14.787986755371094,0.20267727971076965,0.24979038536548615,0.019757796078920364
43,0.0,52,angular-Jacobi-PCG,48,32,4,26477.046875,1348.3734130859375,19.63628578186035,0.20267727971076965,0.19762834906578064,0.014696048572659492
43,0.0,53,identity-CG,48,32,4,26816.59375,26816.59375,1.0,0.18117448687553406,0.78358393907547,0.040206000208854675
43,0.0,53,population-PCG,48,32,4,26816.59375,1723.991943359375,7.562868595123291,0.18117448687553406,0.1877608448266983,0.014653291553258896
43,0.0,53,context-PCG,48,32,4,26816.59375,777.6019897460938,26.66097640991211,0.18117448687553406,0.1121816411614418,0.011239889077842236
43,0.0,53,hybrid-PCG,48,32,4,26816.59375,943.1304321289062,27.042036056518555,0.18117448687553406,0.1734548807144165,0.011923297308385372
43,0.0,53,angular-Jacobi-PCG,48,32,4,26816.59375,785.1554565429688,27.808753967285156,0.18117448687553406,0.16301076114177704,0.011579494923353195
43,0.0,54,identity-CG,48,32,4,26349.740234375,26349.740234375,1.0,0.16722312569618225,0.7652117013931274,0.037746258080005646
43,0.0,54,population-PCG,48,32,4,26349.740234375,1596.184814453125,15.836524963378906,0.16722312569618225,0.14656896889209747,0.013280028477311134
43,0.0,54,context-PCG,48,32,4,26349.740234375,714.2246704101562,35.26734161376953,0.16722312569618225,0.06364191323518753,0.0074922204948961735
43,0.0,54,hybrid-PCG,48,32,4,26349.740234375,837.6861572265625,31.45511245727539,0.16722312569618225,0.12074469029903412,0.010987425222992897
43,0.0,54,angular-Jacobi-PCG,48,32,4,26349.740234375,685.7162475585938,37.149593353271484,0.16722312569618225,0.09799876809120178,0.009034691378474236
43,0.0,55,identity-CG,48,32,4,26748.8203125,26748.8203125,1.0,0.19674044847488403,0.9004923701286316,0.03522726893424988
43,0.0,55,population-PCG,48,32,4,26748.8203125,2319.962646484375,10.182869911193848,0.19674044847488403,0.18227235972881317,0.013188917189836502
43,0.0,55,context-PCG,48,32,4,26748.8203125,937.9032592773438,19.379255294799805,0.19674044847488403,0.12040629237890244,0.009616730734705925
43,0.0,55,hybrid-PCG,48,32,4,26748.8203125,1240.2178955078125,13.415295600891113,0.19674044847488403,0.20168659090995789,0.012381627224385738
43,0.0,55,angular-Jacobi-PCG,48,32,4,26748.8203125,1006.8436279296875,17.318952560424805,0.19674044847488403,0.16160613298416138,0.0126173822209239
43,0.0,56,identity-CG,48,32,4,26321.64453125,26321.64453125,1.0,0.18270087242126465,0.6575818061828613,0.022046629339456558
43,0.0,56,population-PCG,48,32,4,26321.64453125,1822.1824951171875,11.453486442565918,0.18270087242126465,0.16388966143131256,0.013035515323281288
43,0.0,56,context-PCG,48,32,4,26321.64453125,689.6510009765625,28.143146514892578,0.18270087242126465,0.09892383962869644,0.010742755606770515
43,0.0,56,hybrid-PCG,48,32,4,26321.64453125,817.9238891601562,24.69902229309082,0.18270087242126465,0.13210292160511017,0.013201402500271797
43,0.0,56,angular-Jacobi-PCG,48,32,4,26321.64453125,646.4697265625,28.512065887451172,0.18270087242126465,0.11173906177282333,0.011472666636109352
43,0.0,57,identity-CG,48,32,4,26630.423828125,26630.423828125,1.0,0.19278040528297424,1.1003811359405518,0.04025007784366608
43,0.0,57,population-PCG,48,32,4,26630.423828125,2004.8511962890625,11.274741172790527,0.19278040528297424,0.11560869216918945,0.008930033072829247
43,0.0,57,context-PCG,48,32,4,26630.423828125,715.7683715820312,19.943416595458984,0.19278040528297424,0.11188583076000214,0.008442475460469723
43,0.0,57,hybrid-PCG,48,32,4,26630.423828125,979.517333984375,15.37988567352295,0.19278040528297424,0.197679340839386,0.012843312695622444
43,0.0,57,angular-Jacobi-PCG,48,32,4,26630.423828125,730.0650024414062,18.82261848449707,0.19278040528297424,0.15816769003868103,0.013059405609965324
43,0.0,58,identity-CG,48,32,4,25737.177734375,25737.177734375,1.0,0.20511916279792786,0.9214867949485779,0.026207946240901947
43,0.0,58,population-PCG,48,32,4,25737.177734375,2891.88720703125,8.674724578857422,0.20511916279792786,0.21635650098323822,0.015230601653456688
43,0.0,58,context-PCG,48,32,4,25737.177734375,1256.4942626953125,19.529409408569336,0.20511916279792786,0.15176540613174438,0.01227724552154541
43,0.0,58,hybrid-PCG,48,32,4,25737.177734375,1689.3709716796875,13.293192863464355,0.20511916279792786,0.2998095750808716,0.016349418088793755
43,0.0,58,angular-Jacobi-PCG,48,32,4,25737.177734375,1473.76416015625,16.705970764160156,0.20511916279792786,0.255279541015625,0.0158571545034647
43,0.0,59,identity-CG,48,32,4,26499.490234375,26499.490234375,1.0,0.18041442334651947,0.7279309034347534,0.02866126224398613
43,0.0,59,population-PCG,48,32,4,26499.490234375,2818.51171875,8.79590892791748,0.18041442334651947,0.2396809458732605,0.01703036017715931
43,0.0,59,context-PCG,48,32,4,26499.490234375,838.2422485351562,23.346799850463867,0.18041442334651947,0.1002134308218956,0.01214334461838007
43,0.0,59,hybrid-PCG,48,32,4,26499.490234375,808.0811767578125,20.323949813842773,0.18041442334651947,0.14984503388404846,0.013181295245885849
43,0.0,59,angular-Jacobi-PCG,48,32,4,26499.490234375,786.6798095703125,22.084396362304688,0.18041442334651947,0.12888331711292267,0.011952362954616547
43,0.0,60,identity-CG,48,32,4,26848.501953125,26848.501953125,1.0,0.16268272697925568,0.9403553009033203,0.029741503298282623
43,0.0,60,population-PCG,48,32,4,26848.501953125,1685.5184326171875,15.92892837524414,0.16268272697925568,0.15069028735160828,0.011521590873599052
43,0.0,60,context-PCG,48,32,4,26848.501953125,580.6397705078125,31.67144012451172,0.16268272697925568,0.057005614042282104,0.006961878854781389
43,0.0,60,hybrid-PCG,48,32,4,26848.501953125,590.0057983398438,25.835012435913086,0.16268272697925568,0.10713331401348114,0.010940544307231903
43,0.0,60,angular-Jacobi-PCG,48,32,4,26848.501953125,483.5389404296875,30.912288665771484,0.16268272697925568,0.09204106032848358,0.008315940387547016
43,0.0,61,identity-CG,48,32,4,26184.837890625,26184.837890625,1.0,0.1742895245552063,0.9876538515090942,0.0328950509428978
43,0.0,61,population-PCG,48,32,4,26184.837890625,2382.625,8.820284843444824,0.1742895245552063,0.1804744452238083,0.013157906010746956
43,0.0,61,context-PCG,48,32,4,26184.837890625,876.7944946289062,24.92776107788086,0.1742895245552063,0.09100715816020966,0.009938972070813179
43,0.0,61,hybrid-PCG,48,32,4,26184.837890625,921.0238037109375,22.159198760986328,0.1742895245552063,0.1596345752477646,0.01382472924888134
43,0.0,61,angular-Jacobi-PCG,48,32,4,26184.837890625,804.6616821289062,25.908859252929688,0.1742895245552063,0.13769924640655518,0.012590853497385979
43,0.0,62,identity-CG,48,32,4,26766.53515625,26766.53515625,1.0,0.21059897541999817,0.8974782228469849,0.02979833260178566
43,0.0,62,population-PCG,48,32,4,26766.53515625,1839.296630859375,6.807213306427002,0.21059897541999817,0.21108956634998322,0.014914536848664284
43,0.0,62,context-PCG,48,32,4,26766.53515625,1048.274169921875,18.99288558959961,0.21059897541999817,0.1392042487859726,0.012602031230926514
43,0.0,62,hybrid-PCG,48,32,4,26766.53515625,1065.0498046875,15.820455551147461,0.21059897541999817,0.17917400598526,0.015093687921762466
43,0.0,62,angular-Jacobi-PCG,48,32,4,26766.53515625,1030.227783203125,17.289859771728516,0.21059897541999817,0.16708770394325256,0.01316929142922163
43,0.0,63,identity-CG,48,32,4,26576.712890625,26576.712890625,1.0,0.16798841953277588,1.040794014930725,0.038100481033325195
43,0.0,63,population-PCG,48,32,4,26576.712890625,1756.558837890625,10.787469863891602,0.16798841953277588,0.16433177888393402,0.014355669729411602
43,0.0,63,context-PCG,48,32,4,26576.712890625,714.0403442382812,33.87200164794922,0.16798841953277588,0.07930220663547516,0.00757879251614213
43,0.0,63,hybrid-PCG,48,32,4,26576.712890625,789.4297485351562,31.1533260345459,0.16798841953277588,0.14583395421504974,0.01207282766699791
43,0.0,63,angular-Jacobi-PCG,48,32,4,26576.712890625,671.818115234375,38.34191131591797,0.16798841953277588,0.11671938747167587,0.010457131080329418
43,1.0,0,identity-CG,48,32,4,7875.31884765625,7875.31884765625,1.0,0.2776569128036499,0.4367341697216034,0.02357964590191841
43,1.0,0,population-PCG,48,32,4,7875.31884765625,2895.862548828125,2.0960707664489746,0.2776569128036499,0.20823487639427185,0.016240041702985764
43,1.0,0,context-PCG,48,32,4,7875.31884765625,1018.3733520507812,6.418055057525635,0.2776569128036499,0.136013001203537,0.011695013381540775
43,1.0,0,hybrid-PCG,48,32,4,7875.31884765625,1031.95263671875,5.785811901092529,0.2776569128036499,0.1426682323217392,0.011491404846310616
43,1.0,0,angular-Jacobi-PCG,48,32,4,7875.31884765625,1015.0809936523438,5.946126461029053,0.2776569128036499,0.13942047953605652,0.011373440735042095
43,1.0,1,identity-CG,48,32,4,6805.43701171875,6805.43701171875,1.0,0.25740763545036316,0.32554391026496887,0.023195035755634308
43,1.0,1,population-PCG,48,32,4,6805.43701171875,2453.381103515625,2.417628288269043,0.25740763545036316,0.16019859910011292,0.017377663403749466
43,1.0,1,context-PCG,48,32,4,6805.43701171875,736.9635620117188,6.692176818847656,0.25740763545036316,0.10233837366104126,0.011618728749454021
43,1.0,1,hybrid-PCG,48,32,4,6805.43701171875,765.9000244140625,6.680087566375732,0.25740763545036316,0.11768008023500443,0.012148633599281311
43,1.0,1,angular-Jacobi-PCG,48,32,4,6805.43701171875,737.1185302734375,7.084413051605225,0.25740763545036316,0.11970759183168411,0.011349573731422424
43,1.0,2,identity-CG,48,32,4,7171.7314453125,7171.7314453125,1.0,0.2582986056804657,0.3876890540122986,0.02473822422325611
43,1.0,2,population-PCG,48,32,4,7171.7314453125,3175.732177734375,2.231281280517578,0.2582986056804657,0.18857979774475098,0.017482556402683258
43,1.0,2,context-PCG,48,32,4,7171.7314453125,1036.2528076171875,6.535614967346191,0.2582986056804657,0.10223575681447983,0.010435862466692924
43,1.0,2,hybrid-PCG,48,32,4,7171.7314453125,1105.816162109375,6.1381754875183105,0.2582986056804657,0.10881112515926361,0.012622087262570858
43,1.0,2,angular-Jacobi-PCG,48,32,4,7171.7314453125,1062.460205078125,6.300589084625244,0.2582986056804657,0.11091489344835281,0.012565955519676208
43,1.0,3,identity-CG,48,32,4,6972.10791015625,6972.10791015625,1.0,0.29118770360946655,0.2886914610862732,0.01940278895199299
43,1.0,3,population-PCG,48,32,4,6972.10791015625,2752.059326171875,2.348046064376831,0.29118770360946655,0.17955133318901062,0.01967323198914528
43,1.0,3,context-PCG,48,32,4,6972.10791015625,921.646484375,6.628771781921387,0.29118770360946655,0.09698284417390823,0.0121512021869421
43,1.0,3,hybrid-PCG,48,32,4,6972.10791015625,1000.5363159179688,6.288111686706543,0.29118770360946655,0.11941241472959518,0.012609580531716347
43,1.0,3,angular-Jacobi-PCG,48,32,4,6972.10791015625,960.0953369140625,6.552978038787842,0.29118770360946655,0.11622513830661774,0.012065768241882324
43,1.0,4,identity-CG,48,32,4,7261.13623046875,7261.13623046875,1.0,0.2683529853820801,0.4632740020751953,0.03071107529103756
43,1.0,4,population-PCG,48,32,4,7261.13623046875,2402.251953125,2.583462715148926,0.2683529853820801,0.17111584544181824,0.018445434048771858
43,1.0,4,context-PCG,48,32,4,7261.13623046875,866.8723754882812,8.370573997497559,0.2683529853820801,0.07217478007078171,0.009489765390753746
43,1.0,4,hybrid-PCG,48,32,4,7261.13623046875,873.475830078125,8.224714279174805,0.2683529853820801,0.09008891880512238,0.011003943160176277
43,1.0,4,angular-Jacobi-PCG,48,32,4,7261.13623046875,828.6603393554688,8.54711627960205,0.2683529853820801,0.09155713021755219,0.011252333410084248
43,1.0,5,identity-CG,48,32,4,6784.25,6784.25,1.0,0.29093438386917114,0.5164541006088257,0.02891518548130989
43,1.0,5,population-PCG,48,32,4,6784.25,1739.648681640625,2.9530515670776367,0.29093438386917114,0.1510249674320221,0.016359077766537666
43,1.0,5,context-PCG,48,32,4,6784.25,606.4425659179688,9.141510009765625,0.29093438386917114,0.06024057790637016,0.007511443458497524
43,1.0,5,hybrid-PCG,48,32,4,6784.25,573.9428100585938,9.437511444091797,0.29093438386917114,0.07579182088375092,0.00922056008130312
43,1.0,5,angular-Jacobi-PCG,48,32,4,6784.25,561.3746948242188,9.841004371643066,0.29093438386917114,0.07722499966621399,0.0090875755995512
43,1.0,6,identity-CG,48,32,4,6509.5439453125,6509.5439453125,1.0,0.23373830318450928,0.4091948866844177,0.030593018978834152
43,1.0,6,population-PCG,48,32,4,6509.5439453125,3090.72314453125,1.829736351966858,0.23373830318450928,0.17593160271644592,0.016652991995215416
43,1.0,6,context-PCG,48,32,4,6509.5439453125,779.68310546875,7.538815021514893,0.23373830318450928,0.08272051066160202,0.009112338535487652
43,1.0,6,hybrid-PCG,48,32,4,6509.5439453125,798.3800048828125,7.773923873901367,0.23373830318450928,0.11221902072429657,0.01177934743463993
43,1.0,6,angular-Jacobi-PCG,48,32,4,6509.5439453125,780.4210815429688,7.952816009521484,0.23373830318450928,0.11388815194368362,0.011455039493739605
43,1.0,7,identity-CG,48,32,4,7042.11328125,7042.11328125,1.0,0.28731822967529297,0.4316611588001251,0.029217945411801338
43,1.0,7,population-PCG,48,32,4,7042.11328125,1868.7213134765625,2.796902894973755,0.28731822967529297,0.17331448197364807,0.01735275238752365
43,1.0,7,context-PCG,48,32,4,7042.11328125,648.5427856445312,9.158171653747559,0.28731822967529297,0.0821157768368721,0.009573165327310562
43,1.0,7,hybrid-PCG,48,32,4,7042.11328125,679.842529296875,8.631370544433594,0.28731822967529297,0.0913306176662445,0.01061213854700327
43,1.0,7,angular-Jacobi-PCG,48,32,4,7042.11328125,655.9605712890625,8.789015769958496,0.28731822967529297,0.09042736887931824,0.010066671296954155
43,1.0,8,identity-CG,48,32,4,6742.33544921875,6742.33544921875,1.0,0.2841446101665497,0.4117489159107208,0.027142487466335297
43,1.0,8,population-PCG,48,32,4,6742.33544921875,2616.2236328125,2.577125072479248,0.2841446101665497,0.1819116473197937,0.018284155055880547
43,1.0,8,context-PCG,48,32,4,6742.33544921875,1005.6038208007812,6.704762935638428,0.2841446101665497,0.11988267302513123,0.012346776202321053
43,1.0,8,hybrid-PCG,48,32,4,6742.33544921875,1070.37451171875,6.233715534210205,0.2841446101665497,0.13258560001850128,0.011965332552790642
43,1.0,8,angular-Jacobi-PCG,48,32,4,6742.33544921875,1013.7244262695312,6.530862331390381,0.2841446101665497,0.1307297945022583,0.011973964050412178
43,1.0,9,identity-CG,48,32,4,7156.48046875,7156.48046875,1.0,0.2838120758533478,0.47983282804489136,0.02809511311352253
43,1.0,9,population-PCG,48,32,4,7156.48046875,2490.027587890625,2.246406078338623,0.2838120758533478,0.18278327584266663,0.014326325617730618
43,1.0,9,context-PCG,48,32,4,7156.48046875,839.7092895507812,6.39320182800293,0.2838120758533478,0.12077458202838898,0.009218160063028336
43,1.0,9,hybrid-PCG,48,32,4,7156.48046875,867.696533203125,6.038841724395752,0.2838120758533478,0.13625723123550415,0.0095073152333498
43,1.0,9,angular-Jacobi-PCG,48,32,4,7156.48046875,844.7345581054688,6.097736358642578,0.2838120758533478,0.13025504350662231,0.00915294699370861
43,1.0,10,identity-CG,48,32,4,6849.42724609375,6849.42724609375,1.0,0.24367064237594604,0.35808342695236206,0.019056744873523712
43,1.0,10,population-PCG,48,32,4,6849.42724609375,3966.84765625,1.6660593748092651,0.24367064237594604,0.24192585051059723,0.02338920161128044
43,1.0,10,context-PCG,48,32,4,6849.42724609375,1298.4791259765625,5.274961471557617,0.24367064237594604,0.12674006819725037,0.01177282352000475
43,1.0,10,hybrid-PCG,48,32,4,6849.42724609375,1273.48095703125,4.411596298217773,0.24367064237594604,0.13987360894680023,0.013829095289111137
43,1.0,10,angular-Jacobi-PCG,48,32,4,6849.42724609375,1252.57177734375,4.622961044311523,0.24367064237594604,0.13771025836467743,0.01331864669919014
43,1.0,11,identity-CG,48,32,4,7232.671875,7232.671875,1.0,0.27536338567733765,0.45398128032684326,0.030854666605591774
43,1.0,11,population-PCG,48,32,4,7232.671875,2976.155517578125,2.1047940254211426,0.27536338567733765,0.1425325572490692,0.017341740429401398
43,1.0,11,context-PCG,48,32,4,7232.671875,1053.5032958984375,6.826948642730713,0.27536338567733765,0.09438600391149521,0.011591648682951927
43,1.0,11,hybrid-PCG,48,32,4,7232.671875,995.94482421875,7.262121200561523,0.27536338567733765,0.10035783052444458,0.010210364125669003
43,1.0,11,angular-Jacobi-PCG,48,32,4,7232.671875,969.545166015625,7.459860801696777,0.27536338567733765,0.09997794032096863,0.009972508996725082
43,1.0,12,identity-CG,48,32,4,6887.54052734375,6887.54052734375,1.0,0.2733800411224365,0.3034314811229706,0.019362416118383408
43,1.0,12,population-PCG,48,32,4,6887.54052734375,2532.865234375,2.6100895404815674,0.2733800411224365,0.18412595987319946,0.019965149462223053
43,1.0,12,context-PCG,48,32,4,6887.54052734375,939.1078491210938,7.660696029663086,0.2733800411224365,0.08965818583965302,0.01116506289690733
43,1.0,12,hybrid-PCG,48,32,4,6887.54052734375,973.7879028320312,6.82498025894165,0.2733800411224365,0.09629126638174057,0.01044036541134119
43,1.0,12,angular-Jacobi-PCG,48,32,4,6887.54052734375,936.3192138671875,7.12327241897583,0.2733800411224365,0.09570242464542389,0.010278498753905296
43,1.0,13,identity-CG,48,32,4,6725.18603515625,6725.18603515625,1.0,0.2951296269893646,0.5613572597503662,0.02572408877313137
43,1.0,13,population-PCG,48,32,4,6725.18603515625,2737.3583984375,2.393967866897583,0.2951296269893646,0.1822005808353424,0.018454167991876602
43,1.0,13,context-PCG,48,32,4,6725.18603515625,876.6329345703125,8.207076072692871,0.2951296269893646,0.09565487504005432,0.01031193882226944
43,1.0,13,hybrid-PCG,48,32,4,6725.18603515625,941.82275390625,8.099786758422852,0.2951296269893646,0.11299419403076172,0.010436773300170898
43,1.0,13,angular-Jacobi-PCG,48,32,4,6725.18603515625,898.9854736328125,8.311655044555664,0.2951296269893646,0.11121180653572083,0.0104126688092947
43,1.0,14,identity-CG,48,32,4,7245.0966796875,7245.0966796875,1.0,0.2761091887950897,0.423816442489624,0.034334175288677216
43,1.0,14,population-PCG,48,32,4,7245.0966796875,2000.0960693359375,3.3014047145843506,0.2761091887950897,0.14807680249214172,0.01807176135480404
43,1.0,14,context-PCG,48,32,4,7245.0966796875,652.70947265625,10.372533798217773,0.2761091887950897,0.07038944214582443,0.008520345203578472
43,1.0,14,hybrid-PCG,48,32,4,7245.0966796875,687.331787109375,9.745649337768555,0.2761091887950897,0.0788368433713913,0.00944209098815918
43,1.0,14,angular-Jacobi-PCG,48,32,4,7245.0966796875,674.1728515625,10.03309154510498,0.2761091887950897,0.07643941044807434,0.009093623608350754
43,1.0,15,identity-CG,48,32,4,7970.0087890625,7970.0087890625,1.0,0.27456969022750854,0.3671947717666626,0.027192585170269012
43,1.0,15,population-PCG,48,32,4,7970.0087890625,1476.0078125,2.231881618499756,0.27456969022750854,0.14305803179740906,0.015771467238664627
43,1.0,15,context-PCG,48,32,4,7970.0087890625,675.4859008789062,8.200153350830078,0.27456969022750854,0.10301210731267929,0.008665721863508224
43,1.0,15,hybrid-PCG,48,32,4,7970.0087890625,729.9745483398438,7.854788303375244,0.27456969022750854,0.11447451263666153,0.010338131338357925
43,1.0,15,angular-Jacobi-PCG,48,32,4,7970.0087890625,700.5206298828125,8.115921974182129,0.27456969022750854,0.1173301413655281,0.009372031316161156
43,1.0,16,identity-CG,48,32,4,6864.1259765625,6864.1259765625,1.0,0.28317588567733765,0.4332698583602905,0.025110680609941483
43,1.0,16,population-PCG,48,32,4,6864.1259765625,3293.872802734375,1.6078048944473267,0.28317588567733765,0.1836566925048828,0.015836339443922043
43,1.0,16,context-PCG,48,32,4,6864.1259765625,911.6443481445312,6.903031826019287,0.28317588567733765,0.10139428824186325,0.00999574363231659
43,1.0,16,hybrid-PCG,48,32,4,6864.1259765625,867.6260986328125,6.9863409996032715,0.28317588567733765,0.13249170780181885,0.011816486716270447
43,1.0,16,angular-Jacobi-PCG,48,32,4,6864.1259765625,841.0455932617188,7.102041244506836,0.28317588567733765,0.12478168308734894,0.01211230456829071
43,1.0,17,identity-CG,48,32,4,7223.09619140625,7223.09619140625,1.0,0.2909287214279175,0.4320276975631714,0.025103427469730377
43,1.0,17,population-PCG,48,32,4,7223.09619140625,2753.478271484375,2.017146587371826,0.2909287214279175,0.20060455799102783,0.01776416227221489
43,1.0,17,context-PCG,48,32,4,7223.09619140625,851.3764038085938,7.555858612060547,0.2909287214279175,0.11314839124679565,0.010330243036150932
43,1.0,17,hybrid-PCG,48,32,4,7223.09619140625,848.4353637695312,7.598703384399414,0.2909287214279175,0.12445902824401855,0.011292973533272743
43,1.0,17,angular-Jacobi-PCG,48,32,4,7223.09619140625,835.8742065429688,7.712893486022949,0.2909287214279175,0.11787290871143341,0.010570334270596504
43,1.0,18,identity-CG,48,32,4,8182.66259765625,8182.66259765625,1.0,0.31381258368492126,0.510284960269928,0.024552926421165466
43,1.0,18,population-PCG,48,32,4,8182.66259765625,3341.75439453125,2.262265920639038,0.31381258368492126,0.16767531633377075,0.019309598952531815
43,1.0,18,context-PCG,48,32,4,8182.66259765625,1120.4403076171875,7.480079174041748,0.31381258368492126,0.09369689226150513,0.010761016979813576
43,1.0,18,hybrid-PCG,48,32,4,8182.66259765625,1064.26708984375,7.688542366027832,0.31381258368492126,0.11150519549846649,0.012986544519662857
43,1.0,18,angular-Jacobi-PCG,48,32,4,8182.66259765625,1052.8187255859375,7.7721476554870605,0.31381258368492126,0.10572795569896698,0.011630536988377571
43,1.0,19,identity-CG,48,32,4,7160.73876953125,7160.73876953125,1.0,0.266105055809021,0.41131553053855896,0.02484847605228424
43,1.0,19,population-PCG,48,32,4,7160.73876953125,2103.731201171875,2.750368118286133,0.266105055809021,0.17906714975833893,0.016907887533307076
43,1.0,19,context-PCG,48,32,4,7160.73876953125,792.03271484375,9.887613296508789,0.266105055809021,0.07782143354415894,0.010245740413665771
43,1.0,19,hybrid-PCG,48,32,4,7160.73876953125,852.9745483398438,9.316085815429688,0.266105055809021,0.11381541937589645,0.013200737535953522
43,1.0,19,angular-Jacobi-PCG,48,32,4,7160.73876953125,802.253173828125,9.684308052062988,0.266105055809021,0.10469130426645279,0.012564808130264282
43,1.0,20,identity-CG,48,32,4,6686.96142578125,6686.96142578125,1.0,0.2833370566368103,0.504115641117096,0.026517577469348907
43,1.0,20,population-PCG,48,32,4,6686.96142578125,2599.306640625,2.328355312347412,0.2833370566368103,0.19876417517662048,0.019045989960432053
43,1.0,20,context-PCG,48,32,4,6686.96142578125,914.882080078125,7.309096336364746,0.2833370566368103,0.11720946431159973,0.010301485657691956
43,1.0,20,hybrid-PCG,48,32,4,6686.96142578125,915.366455078125,7.3052287101745605,0.2833370566368103,0.13877800107002258,0.010907595977187157
43,1.0,20,angular-Jacobi-PCG,48,32,4,6686.96142578125,895.5787353515625,7.466637134552002,0.2833370566368103,0.13933226466178894,0.010634051635861397
43,1.0,21,identity-CG,48,32,4,6982.416015625,6982.416015625,1.0,0.24005994200706482,0.31674325466156006,0.020367946475744247
43,1.0,21,population-PCG,48,32,4,6982.416015625,2499.81689453125,2.0775058269500732,0.24005994200706482,0.18440769612789154,0.02031654678285122
43,1.0,21,context-PCG,48,32,4,6982.416015625,758.1471557617188,9.415155410766602,0.24005994200706482,0.08360417932271957,0.010195007547736168
43,1.0,21,hybrid-PCG,48,32,4,6982.416015625,860.593994140625,8.273879051208496,0.24005994200706482,0.10016516596078873,0.011198334395885468
43,1.0,21,angular-Jacobi-PCG,48,32,4,6982.416015625,838.4849243164062,8.584802627563477,0.24005994200706482,0.09678183495998383,0.010862968862056732
43,1.0,22,identity-CG,48,32,4,7479.37451171875,7479.37451171875,1.0,0.2777617871761322,0.32792502641677856,0.025658724829554558
43,1.0,22,population-PCG,48,32,4,7479.37451171875,2115.031494140625,2.2596874237060547,0.2777617871761322,0.1849968433380127,0.020882856100797653
43,1.0,22,context-PCG,48,32,4,7479.37451171875,726.745361328125,7.694150924682617,0.2777617871761322,0.09483611583709717,0.010605968534946442
43,1.0,22,hybrid-PCG,48,32,4,7479.37451171875,809.054931640625,8.288214683532715,0.2777617871761322,0.09985661506652832,0.011217324063181877
43,1.0,22,angular-Jacobi-PCG,48,32,4,7479.37451171875,768.7622680664062,8.431998252868652,0.2777617871761322,0.10088825225830078,0.011284640058875084
43,1.0,23,identity-CG,48,32,4,7153.4150390625,7153.4150390625,1.0,0.26761090755462646,0.4500240683555603,0.02513612061738968
43,1.0,23,population-PCG,48,32,4,7153.4150390625,2189.710693359375,2.613396167755127,0.26761090755462646,0.1957431137561798,0.020096104592084885
43,1.0,23,context-PCG,48,32,4,7153.4150390625,785.9600830078125,7.688117027282715,0.26761090755462646,0.08176548779010773,0.008664141409099102
43,1.0,23,hybrid-PCG,48,32,4,7153.4150390625,895.5857543945312,7.101912498474121,0.26761090755462646,0.11523805558681488,0.010981154628098011
43,1.0,23,angular-Jacobi-PCG,48,32,4,7153.4150390625,871.489013671875,7.310096740722656,0.26761090755462646,0.1089954674243927,0.010194836184382439
43,1.0,24,identity-CG,48,32,4,7042.82568359375,7042.82568359375,1.0,0.23781782388687134,0.5147952437400818,0.02858421579003334
43,1.0,24,population-PCG,48,32,4,7042.82568359375,2641.87353515625,2.5932767391204834,0.23781782388687134,0.2160778045654297,0.02204357460141182
43,1.0,24,context-PCG,48,32,4,7042.82568359375,916.5236206054688,7.6999406814575195,0.23781782388687134,0.11464326083660126,0.010888645425438881
43,1.0,24,hybrid-PCG,48,32,4,7042.82568359375,970.3214111328125,7.4267191886901855,0.23781782388687134,0.126739501953125,0.011762121692299843
43,1.0,24,angular-Jacobi-PCG,48,32,4,7042.82568359375,923.169677734375,7.766901969909668,0.23781782388687134,0.1314840018749237,0.012065728195011616
43,1.0,25,identity-CG,48,32,4,7216.0166015625,7216.0166015625,1.0,0.28026676177978516,0.4170417785644531,0.02777617797255516
43,1.0,25,population-PCG,48,32,4,7216.0166015625,2139.6484375,2.8684911727905273,0.28026676177978516,0.1629524528980255,0.017722493037581444
43,1.0,25,context-PCG,48,32,4,7216.0166015625,676.3656005859375,9.983427047729492,0.28026676177978516,0.07492341101169586,0.007956871762871742
43,1.0,25,hybrid-PCG,48,32,4,7216.0166015625,643.3001098632812,9.7261962890625,0.28026676177978516,0.07850177586078644,0.009795743972063065
43,1.0,25,angular-Jacobi-PCG,48,32,4,7216.0166015625,611.4976806640625,10.144770622253418,0.28026676177978516,0.07961626350879669,0.009394598193466663
43,1.0,26,identity-CG,48,32,4,7348.4462890625,7348.4462890625,1.0,0.29212677478790283,0.43201571702957153,0.027824189513921738
43,1.0,26,population-PCG,48,32,4,7348.4462890625,2468.8017578125,1.7867273092269897,0.29212677478790283,0.22699500620365143,0.02145722322165966
43,1.0,26,context-PCG,48,32,4,7348.4462890625,1025.7149658203125,6.620151042938232,0.29212677478790283,0.11208163946866989,0.012162390165030956
43,1.0,26,hybrid-PCG,48,32,4,7348.4462890625,1030.09033203125,6.318356513977051,0.29212677478790283,0.11016721278429031,0.013824679888784885
43,1.0,26,angular-Jacobi-PCG,48,32,4,7348.4462890625,1005.9668579101562,6.583254337310791,0.29212677478790283,0.1107829138636589,0.013567851856350899
43,1.0,27,identity-CG,48,32,4,7254.27294921875,7254.27294921875,1.0,0.26518183946609497,0.41501688957214355,0.028658989816904068
43,1.0,27,population-PCG,48,32,4,7254.27294921875,3212.5107421875,1.954016089439392,0.26518183946609497,0.1974927932024002,0.01660837233066559
43,1.0,27,context-PCG,48,32,4,7254.27294921875,958.1192016601562,6.623892307281494,0.26518183946609497,0.11710507422685623,0.011863459832966328
43,1.0,27,hybrid-PCG,48,32,4,7254.27294921875,948.267822265625,6.0206403732299805,0.26518183946609497,0.14366401731967926,0.01304970309138298
43,1.0,27,angular-Jacobi-PCG,48,32,4,7254.27294921875,915.7402954101562,6.183570384979248,0.26518183946609497,0.1404886096715927,0.01255261991173029
43,1.0,28,identity-CG,48,32,4,6456.642578125,6456.642578125,1.0,0.27287012338638306,0.38032281398773193,0.02567889355123043
43,1.0,28,population-PCG,48,32,4,6456.642578125,2722.02490234375,1.3926732540130615,0.27287012338638306,0.2147614061832428,0.01897871121764183
43,1.0,28,context-PCG,48,32,4,6456.642578125,895.3139038085938,4.792788982391357,0.27287012338638306,0.11647017300128937,0.010653430595993996
43,1.0,28,hybrid-PCG,48,32,4,6456.642578125,937.3700561523438,4.3709869384765625,0.27287012338638306,0.15627434849739075,0.01291440799832344
43,1.0,28,angular-Jacobi-PCG,48,32,4,6456.642578125,882.4092407226562,4.545498371124268,0.27287012338638306,0.1523023545742035,0.012656026519834995
43,1.0,29,identity-CG,48,32,4,6763.21044921875,6763.21044921875,1.0,0.2460111677646637,0.32832565903663635,0.01739823818206787
43,1.0,29,population-PCG,48,32,4,6763.21044921875,2301.805419921875,2.8962085247039795,0.2460111677646637,0.1467190831899643,0.014868432655930519
43,1.0,29,context-PCG,48,32,4,6763.21044921875,796.6236572265625,7.9856858253479,0.2460111677646637,0.09110838174819946,0.010145211592316628
43,1.0,29,hybrid-PCG,48,32,4,6763.21044921875,887.2614135742188,7.486751079559326,0.2460111677646637,0.10505664348602295,0.010871133767068386
43,1.0,29,angular-Jacobi-PCG,48,32,4,6763.21044921875,851.2411499023438,7.704442024230957,0.2460111677646637,0.10205361247062683,0.010553684085607529
43,1.0,30,identity-CG,48,32,4,6943.75927734375,6943.75927734375,1.0,0.277254581451416,0.35176903009414673,0.017085563391447067
43,1.0,30,population-PCG,48,32,4,6943.75927734375,2388.315185546875,3.0374388694763184,0.277254581451416,0.15934734046459198,0.016876861453056335
43,1.0,30,context-PCG,48,32,4,6943.75927734375,864.538330078125,6.270009994506836,0.277254581451416,0.11687608808279037,0.010940024629235268
43,1.0,30,hybrid-PCG,48,32,4,6943.75927734375,906.6981811523438,5.9260077476501465,0.277254581451416,0.1411156952381134,0.01239899080246687
43,1.0,30,angular-Jacobi-PCG,48,32,4,6943.75927734375,857.590087890625,6.112319469451904,0.277254581451416,0.13340741395950317,0.011821165680885315
43,1.0,31,identity-CG,48,32,4,7002.220703125,7002.220703125,1.0,0.28603601455688477,0.3990976810455322,0.024148808792233467
43,1.0,31,population-PCG,48,32,4,7002.220703125,1719.579345703125,2.680981159210205,0.28603601455688477,0.1514481008052826,0.01696731522679329
43,1.0,31,context-PCG,48,32,4,7002.220703125,662.9556274414062,10.700401306152344,0.28603601455688477,0.07786343991756439,0.009935508482158184
43,1.0,31,hybrid-PCG,48,32,4,7002.220703125,674.3150024414062,10.745500564575195,0.28603601455688477,0.07692522555589676,0.009897484444081783
43,1.0,31,angular-Jacobi-PCG,48,32,4,7002.220703125,653.887451171875,11.096146583557129,0.28603601455688477,0.07507294416427612,0.009373746812343597
43,1.0,32,identity-CG,48,32,4,7304.03466796875,7304.03466796875,1.0,0.2781763970851898,0.28113502264022827,0.02007129043340683
43,1.0,32,population-PCG,48,32,4,7304.03466796875,2331.626953125,3.0656840801239014,0.2781763970851898,0.19481271505355835,0.01943046785891056
43,1.0,32,context-PCG,48,32,4,7304.03466796875,794.0408935546875,9.544832229614258,0.2781763970851898,0.09103024005889893,0.00919083971530199
43,1.0,32,hybrid-PCG,48,32,4,7304.03466796875,844.3167114257812,9.135807037353516,0.2781763970851898,0.11784978210926056,0.010968400165438652
43,1.0,32,angular-Jacobi-PCG,48,32,4,7304.03466796875,826.2559814453125,9.396705627441406,0.2781763970851898,0.12252461910247803,0.01104271411895752
43,1.0,33,identity-CG,48,32,4,7111.67578125,7111.67578125,1.0,0.25317537784576416,0.42401430010795593,0.025852065533399582
43,1.0,33,population-PCG,48,32,4,7111.67578125,2368.48291015625,1.6969510316848755,0.25317537784576416,0.21170639991760254,0.01688643917441368
43,1.0,33,context-PCG,48,32,4,7111.67578125,894.8895874023438,7.342170238494873,0.25317537784576416,0.12990206480026245,0.011672969907522202
43,1.0,33,hybrid-PCG,48,32,4,7111.67578125,966.84228515625,6.7957634925842285,0.25317537784576416,0.16556888818740845,0.011898492462933064
43,1.0,33,angular-Jacobi-PCG,48,32,4,7111.67578125,931.1232299804688,7.05645751953125,0.25317537784576416,0.14885759353637695,0.010666722431778908
43,1.0,34,identity-CG,48,32,4,6815.59765625,6815.59765625,1.0,0.28568118810653687,0.4612336754798889,0.03170749545097351
43,1.0,34,population-PCG,48,32,4,6815.59765625,1800.504638671875,3.7440505027770996,0.28568118810653687,0.12462887912988663,0.013915453106164932
43,1.0,34,context-PCG,48,32,4,6815.59765625,580.327880859375,8.50808048248291,0.28568118810653687,0.07651177048683167,0.008537905290722847
43,1.0,34,hybrid-PCG,48,32,4,6815.59765625,612.6528930664062,7.670586109161377,0.28568118810653687,0.07846401631832123,0.009048452600836754
43,1.0,34,angular-Jacobi-PCG,48,32,4,6815.59765625,583.0786743164062,8.114998817443848,0.28568118810653687,0.07587610185146332,0.00880491454154253
43,1.0,35,identity-CG,48,32,4,6624.0908203125,6624.0908203125,1.0,0.2623668909072876,0.37447285652160645,0.022783027961850166
43,1.0,35,population-PCG,48,32,4,6624.0908203125,2746.2431640625,2.2596077919006348,0.2623668909072876,0.19534510374069214,0.021139323711395264
43,1.0,35,context-PCG,48,32,4,6624.0908203125,862.7262573242188,7.509713649749756,0.2623668909072876,0.09547911584377289,0.010029827244579792
43,1.0,35,hybrid-PCG,48,32,4,6624.0908203125,916.3963012695312,7.069896697998047,0.2623668909072876,0.11629828810691833,0.011860997416079044
43,1.0,35,angular-Jacobi-PCG,48,32,4,6624.0908203125,868.958984375,7.4558491706848145,0.2623668909072876,0.11351972818374634,0.011887961998581886
43,1.0,36,identity-CG,48,32,4,6506.9111328125,6506.9111328125,1.0,0.27868250012397766,0.3520355224609375,0.024381451308727264
43,1.0,36,population-PCG,48,32,4,6506.9111328125,2517.37841796875,1.7723149061203003,0.27868250012397766,0.18838512897491455,0.018634019419550896
43,1.0,36,context-PCG,48,32,4,6506.9111328125,948.397705078125,6.8393874168396,0.27868250012397766,0.11382811516523361,0.010153756476938725
43,1.0,36,hybrid-PCG,48,32,4,6506.9111328125,999.5468139648438,6.498263359069824,0.27868250012397766,0.1422833353281021,0.011913631111383438
43,1.0,36,angular-Jacobi-PCG,48,32,4,6506.9111328125,950.375244140625,6.785564422607422,0.27868250012397766,0.13566839694976807,0.01147623360157013
43,1.0,37,identity-CG,48,32,4,6922.72900390625,6922.72900390625,1.0,0.2751246690750122,0.3190239667892456,0.020005371421575546
43,1.0,37,population-PCG,48,32,4,6922.72900390625,3034.86572265625,2.1668007373809814,0.2751246690750122,0.1853095442056656,0.017568770796060562
43,1.0,37,context-PCG,48,32,4,6922.72900390625,845.7333984375,8.196009635925293,0.2751246690750122,0.12476125359535217,0.011075097136199474
43,1.0,37,hybrid-PCG,48,32,4,6922.72900390625,809.4430541992188,8.223608016967773,0.2751246690750122,0.1423458755016327,0.01037176325917244
43,1.0,37,angular-Jacobi-PCG,48,32,4,6922.72900390625,787.1956787109375,8.36484432220459,0.2751246690750122,0.13887037336826324,0.010237861424684525
43,1.0,38,identity-CG,48,32,4,7380.8828125,7380.8828125,1.0,0.28494811058044434,0.44925573468208313,0.018524596467614174
43,1.0,38,population-PCG,48,32,4,7380.8828125,1982.2001953125,2.563709259033203,0.28494811058044434,0.17902997136116028,0.021415531635284424
43,1.0,38,context-PCG,48,32,4,7380.8828125,889.7252807617188,8.209506034851074,0.28494811058044434,0.09650381654500961,0.009553194977343082
43,1.0,38,hybrid-PCG,48,32,4,7380.8828125,973.3540649414062,7.769747257232666,0.28494811058044434,0.11045101284980774,0.011787012219429016
43,1.0,38,angular-Jacobi-PCG,48,32,4,7380.8828125,951.4060668945312,8.105504035949707,0.28494811058044434,0.11014014482498169,0.011378605850040913
43,1.0,39,identity-CG,48,32,4,6634.98388671875,6634.98388671875,1.0,0.2717137932777405,0.40666791796684265,0.02465950883924961
43,1.0,39,population-PCG,48,32,4,6634.98388671875,2673.248779296875,2.1990604400634766,0.2717137932777405,0.21902824938297272,0.020511213690042496
43,1.0,39,context-PCG,48,32,4,6634.98388671875,905.6177368164062,7.326472759246826,0.2717137932777405,0.09980279952287674,0.010503685101866722
43,1.0,39,hybrid-PCG,48,32,4,6634.98388671875,899.1160888671875,6.543471813201904,0.2717137932777405,0.10331343114376068,0.009961658157408237
43,1.0,39,angular-Jacobi-PCG,48,32,4,6634.98388671875,883.0401611328125,6.853800296783447,0.2717137932777405,0.10352108627557755,0.009860209189355373
43,1.0,40,identity-CG,48,32,4,7580.07177734375,7580.07177734375,1.0,0.31967413425445557,0.43038445711135864,0.019807076081633568
43,1.0,40,population-PCG,48,32,4,7580.07177734375,3176.98583984375,1.676979899406433,0.31967413425445557,0.2182716727256775,0.017375269904732704
43,1.0,40,context-PCG,48,32,4,7580.07177734375,1082.88037109375,6.999916076660156,0.31967413425445557,0.12248925864696503,0.010922173038125038
43,1.0,40,hybrid-PCG,48,32,4,7580.07177734375,1157.1590576171875,6.79642915725708,0.31967413425445557,0.1241498589515686,0.012301292270421982
43,1.0,40,angular-Jacobi-PCG,48,32,4,7580.07177734375,1128.705322265625,6.849278926849365,0.31967413425445557,0.12713894248008728,0.012346090748906136
43,1.0,41,identity-CG,48,32,4,7132.76123046875,7132.76123046875,1.0,0.2925907373428345,0.45063698291778564,0.029555536806583405
43,1.0,41,population-PCG,48,32,4,7132.76123046875,2088.898681640625,2.322646379470825,0.2925907373428345,0.16839145123958588,0.018191132694482803
43,1.0,41,context-PCG,48,32,4,7132.76123046875,665.7406005859375,9.848149299621582,0.2925907373428345,0.08470325171947479,0.009701662696897984
43,1.0,41,hybrid-PCG,48,32,4,7132.76123046875,694.5064086914062,8.792794227600098,0.2925907373428345,0.09342774748802185,0.010600478388369083
43,1.0,41,angular-Jacobi-PCG,48,32,4,7132.76123046875,667.3275756835938,9.13059139251709,0.2925907373428345,0.08996501564979553,0.01039238553494215
43,1.0,42,identity-CG,48,32,4,7778.64697265625,7778.64697265625,1.0,0.2976226210594177,0.48187753558158875,0.03231773525476456
43,1.0,42,population-PCG,48,32,4,7778.64697265625,2986.74072265625,1.568319320678711,0.2976226210594177,0.19083602726459503,0.01677839644253254
43,1.0,42,context-PCG,48,32,4,7778.64697265625,846.9933471679688,6.491918087005615,0.2976226210594177,0.11379381269216537,0.010189603082835674
43,1.0,42,hybrid-PCG,48,32,4,7778.64697265625,825.0748901367188,6.664861679077148,0.2976226210594177,0.12236616015434265,0.01037132553756237
43,1.0,42,angular-Jacobi-PCG,48,32,4,7778.64697265625,793.0645751953125,6.827687740325928,0.2976226210594177,0.1154988557100296,0.009984351694583893
43,1.0,43,identity-CG,48,32,4,6255.17431640625,6255.17431640625,1.0,0.2671452760696411,0.37629806995391846,0.023479625582695007
43,1.0,43,population-PCG,48,32,4,6255.17431640625,2456.734375,1.87480628490448,0.2671452760696411,0.18711666762828827,0.018073663115501404
43,1.0,43,context-PCG,48,32,4,6255.17431640625,813.9000244140625,6.641428470611572,0.2671452760696411,0.10090416669845581,0.00986737385392189
43,1.0,43,hybrid-PCG,48,32,4,6255.17431640625,845.4177856445312,6.906923294067383,0.2671452760696411,0.1100996732711792,0.010655663907527924
43,1.0,43,angular-Jacobi-PCG,48,32,4,6255.17431640625,810.420654296875,7.003809452056885,0.2671452760696411,0.11623185873031616,0.010628919117152691
43,1.0,44,identity-CG,48,32,4,7329.1455078125,7329.1455078125,1.0,0.2437504082918167,0.3809111714363098,0.021086478605866432
43,1.0,44,population-PCG,48,32,4,7329.1455078125,2394.826416015625,1.424162745475769,0.2437504082918167,0.2001035511493683,0.01822168380022049
43,1.0,44,context-PCG,48,32,4,7329.1455078125,843.9617919921875,7.3704071044921875,0.2437504082918167,0.09318823367357254,0.010117574594914913
43,1.0,44,hybrid-PCG,48,32,4,7329.1455078125,840.0253295898438,7.429498672485352,0.2437504082918167,0.12877734005451202,0.012543302960693836
43,1.0,44,angular-Jacobi-PCG,48,32,4,7329.1455078125,830.8609008789062,7.490296840667725,0.2437504082918167,0.12654143571853638,0.012761577032506466
43,1.0,45,identity-CG,48,32,4,7062.7763671875,7062.7763671875,1.0,0.2768867015838623,0.38855797052383423,0.026904989033937454
43,1.0,45,population-PCG,48,32,4,7062.7763671875,2641.869140625,2.6104695796966553,0.2768867015838623,0.21908065676689148,0.01949598453938961
43,1.0,45,context-PCG,48,32,4,7062.7763671875,854.2964477539062,5.604067802429199,0.2768867015838623,0.11405925452709198,0.009997962042689323
43,1.0,45,hybrid-PCG,48,32,4,7062.7763671875,903.5502319335938,4.968999862670898,0.2768867015838623,0.1554650068283081,0.012025643140077591
43,1.0,45,angular-Jacobi-PCG,48,32,4,7062.7763671875,884.5716552734375,5.1581902503967285,0.2768867015838623,0.1598743200302124,0.012532071210443974
43,1.0,46,identity-CG,48,32,4,6512.81884765625,6512.81884765625,1.0,0.2679027318954468,0.33271846175193787,0.017425186932086945
43,1.0,46,population-PCG,48,32,4,6512.81884765625,2413.086181640625,2.047034740447998,0.2679027318954468,0.20889270305633545,0.017527692019939423
43,1.0,46,context-PCG,48,32,4,6512.81884765625,991.1853637695312,6.319097518920898,0.2679027318954468,0.11092967540025711,0.010781694203615189
43,1.0,46,hybrid-PCG,48,32,4,6512.81884765625,969.507568359375,6.460390090942383,0.2679027318954468,0.1323915719985962,0.012675130739808083
43,1.0,46,angular-Jacobi-PCG,48,32,4,6512.81884765625,930.8577270507812,6.7286295890808105,0.2679027318954468,0.1229386106133461,0.012280941009521484
43,1.0,47,identity-CG,48,32,4,8040.3837890625,8040.3837890625,1.0,0.2696497142314911,0.49188101291656494,0.02304251119494438
43,1.0,47,population-PCG,48,32,4,8040.3837890625,2535.26171875,2.651561737060547,0.2696497142314911,0.15096932649612427,0.013654336333274841
43,1.0,47,context-PCG,48,32,4,8040.3837890625,883.6019287109375,7.607954025268555,0.2696497142314911,0.0908813625574112,0.009181882254779339
43,1.0,47,hybrid-PCG,48,32,4,8040.3837890625,935.8296508789062,7.183361530303955,0.2696497142314911,0.10878229141235352,0.010668110102415085
43,1.0,47,angular-Jacobi-PCG,48,32,4,8040.3837890625,926.35595703125,7.256824970245361,0.2696497142314911,0.10811633616685867,0.010186782106757164
43,1.0,48,identity-CG,48,32,4,7309.60009765625,7309.60009765625,1.0,0.2742829918861389,0.4441591501235962,0.024890076369047165
43,1.0,48,population-PCG,48,32,4,7309.60009765625,2582.811279296875,2.471421241760254,0.2742829918861389,0.18808776140213013,0.01887492462992668
43,1.0,48,context-PCG,48,32,4,7309.60009765625,749.0218505859375,8.32848072052002,0.2742829918861389,0.09557151794433594,0.010379214771091938
43,1.0,48,hybrid-PCG,48,32,4,7309.60009765625,743.9212646484375,8.385583877563477,0.2742829918861389,0.11366401612758636,0.01126868650317192
43,1.0,48,angular-Jacobi-PCG,48,32,4,7309.60009765625,730.9845581054688,8.533988952636719,0.2742829918861389,0.11022622883319855,0.010874442756175995
43,1.0,49,identity-CG,48,32,4,7260.60205078125,7260.60205078125,1.0,0.24957789480686188,0.4373724162578583,0.027732688933610916
43,1.0,49,population-PCG,48,32,4,7260.60205078125,3017.052490234375,2.4065215587615967,0.24957789480686188,0.1428699493408203,0.016433626413345337
43,1.0,49,context-PCG,48,32,4,7260.60205078125,870.2713623046875,8.342917442321777,0.24957789480686188,0.08510556817054749,0.009659318253397942
43,1.0,49,hybrid-PCG,48,32,4,7260.60205078125,831.1250610351562,8.735872268676758,0.24957789480686188,0.11303463578224182,0.010938243940472603
43,1.0,49,angular-Jacobi-PCG,48,32,4,7260.60205078125,820.6658325195312,8.847208976745605,0.24957789480686188,0.10441383719444275,0.010631680488586426
43,1.0,50,identity-CG,48,32,4,7404.998046875,7404.998046875,1.0,0.2760545015335083,0.4766157269477844,0.02610979601740837
43,1.0,50,population-PCG,48,32,4,7404.998046875,1462.3963623046875,2.454498291015625,0.2760545015335083,0.16412918269634247,0.01630568876862526
43,1.0,50,context-PCG,48,32,4,7404.998046875,855.368896484375,6.653640270233154,0.2760545015335083,0.09793257713317871,0.008900920860469341
43,1.0,50,hybrid-PCG,48,32,4,7404.998046875,938.8224487304688,5.803713321685791,0.2760545015335083,0.13856783509254456,0.011538376100361347
43,1.0,50,angular-Jacobi-PCG,48,32,4,7404.998046875,906.296875,5.9146647453308105,0.2760545015335083,0.14130699634552002,0.011442073620855808
43,1.0,51,identity-CG,48,32,4,7002.71142578125,7002.71142578125,1.0,0.2838829457759857,0.41120925545692444,0.02205011434853077
43,1.0,51,population-PCG,48,32,4,7002.71142578125,2194.484130859375,1.9481276273727417,0.2838829457759857,0.19686780869960785,0.01804373227059841
43,1.0,51,context-PCG,48,32,4,7002.71142578125,654.9295043945312,6.813989162445068,0.2838829457759857,0.08480572700500488,0.010859206318855286
43,1.0,51,hybrid-PCG,48,32,4,7002.71142578125,700.3126831054688,6.880321502685547,0.2838829457759857,0.10932347178459167,0.01123868953436613
43,1.0,51,angular-Jacobi-PCG,48,32,4,7002.71142578125,668.3917236328125,6.9817609786987305,0.2838829457759857,0.11405675113201141,0.011299129575490952
43,1.0,52,identity-CG,48,32,4,7167.18505859375,7167.18505859375,1.0,0.268067866563797,0.4818282723426819,0.023594476282596588
43,1.0,52,population-PCG,48,32,4,7167.18505859375,3203.61572265625,1.926160454750061,0.268067866563797,0.20120520889759064,0.016596954315900803
43,1.0,52,context-PCG,48,32,4,7167.18505859375,999.7000732421875,5.733877658843994,0.268067866563797,0.10567896068096161,0.010508725419640541
43,1.0,52,hybrid-PCG,48,32,4,7167.18505859375,960.819091796875,5.13503885269165,0.268067866563797,0.12945666909217834,0.011948367580771446
43,1.0,52,angular-Jacobi-PCG,48,32,4,7167.18505859375,915.4534912109375,5.284642696380615,0.268067866563797,0.12762567400932312,0.011647028848528862
43,1.0,53,identity-CG,48,32,4,7466.302734375,7466.302734375,1.0,0.26151877641677856,0.3571162223815918,0.019423305988311768
43,1.0,53,population-PCG,48,32,4,7466.302734375,2983.15869140625,1.9931530952453613,0.26151877641677856,0.1933179348707199,0.016861245036125183
43,1.0,53,context-PCG,48,32,4,7466.302734375,979.214111328125,6.704741954803467,0.26151877641677856,0.10899154096841812,0.010141774080693722
43,1.0,53,hybrid-PCG,48,32,4,7466.302734375,1039.7889404296875,5.936054706573486,0.26151877641677856,0.1488814651966095,0.012464025057852268
43,1.0,53,angular-Jacobi-PCG,48,32,4,7466.302734375,1009.2927856445312,5.891147136688232,0.26151877641677856,0.14626596868038177,0.013315493240952492
43,1.0,54,identity-CG,48,32,4,7154.181640625,7154.181640625,1.0,0.2865883708000183,0.3890390694141388,0.030037425458431244
43,1.0,54,population-PCG,48,32,4,7154.181640625,2717.636474609375,2.6240503787994385,0.2865883708000183,0.16514518857002258,0.017783071845769882
43,1.0,54,context-PCG,48,32,4,7154.181640625,793.5991821289062,7.286654472351074,0.2865883708000183,0.10563834011554718,0.009708557277917862
43,1.0,54,hybrid-PCG,48,32,4,7154.181640625,785.623291015625,6.682450771331787,0.2865883708000183,0.12858854234218597,0.011578880250453949
43,1.0,54,angular-Jacobi-PCG,48,32,4,7154.181640625,768.2750244140625,7.063388347625732,0.2865883708000183,0.12603271007537842,0.011577661149203777
43,1.0,55,identity-CG,48,32,4,7929.23095703125,7929.23095703125,1.0,0.29806408286094666,0.4667273759841919,0.024916434660553932
43,1.0,55,population-PCG,48,32,4,7929.23095703125,2231.88525390625,3.075756311416626,0.29806408286094666,0.1779746115207672,0.017410799860954285
43,1.0,55,context-PCG,48,32,4,7929.23095703125,786.7044067382812,8.725939750671387,0.29806408286094666,0.07846853882074356,0.008788119070231915
43,1.0,55,hybrid-PCG,48,32,4,7929.23095703125,761.8978271484375,8.799603462219238,0.29806408286094666,0.09888322651386261,0.011032709851861
43,1.0,55,angular-Jacobi-PCG,48,32,4,7929.23095703125,731.7139282226562,9.107087135314941,0.29806408286094666,0.09393240511417389,0.010507659986615181
43,1.0,56,identity-CG,48,32,4,6751.09912109375,6751.09912109375,1.0,0.2477787733078003,0.5082658529281616,0.025985397398471832
43,1.0,56,population-PCG,48,32,4,6751.09912109375,3307.0947265625,1.6388227939605713,0.2477787733078003,0.20951998233795166,0.016972292214632034
43,1.0,56,context-PCG,48,32,4,6751.09912109375,1018.7459106445312,5.501950740814209,0.2477787733078003,0.11719273030757904,0.010251331143081188
43,1.0,56,hybrid-PCG,48,32,4,6751.09912109375,1083.0880126953125,5.520734786987305,0.2477787733078003,0.13396857678890228,0.011901628226041794
43,1.0,56,angular-Jacobi-PCG,48,32,4,6751.09912109375,1060.17626953125,5.534049987792969,0.2477787733078003,0.1356244683265686,0.012316926382482052
43,1.0,57,identity-CG,48,32,4,7191.1318359375,7191.1318359375,1.0,0.27895742654800415,0.38546276092529297,0.02551151253283024
43,1.0,57,population-PCG,48,32,4,7191.1318359375,4262.3544921875,1.4643592834472656,0.27895742654800415,0.19901910424232483,0.018770594149827957
43,1.0,57,context-PCG,48,32,4,7191.1318359375,1236.0672607421875,5.55995512008667,0.27895742654800415,0.10083496570587158,0.010817177593708038
43,1.0,57,hybrid-PCG,48,32,4,7191.1318359375,1255.681884765625,5.120028495788574,0.27895742654800415,0.12533429265022278,0.01156563963741064
43,1.0,57,angular-Jacobi-PCG,48,32,4,7191.1318359375,1206.2281494140625,5.289377212524414,0.27895742654800415,0.13064242899417877,0.011050635948777199
43,1.0,58,identity-CG,48,32,4,6530.87744140625,6530.87744140625,1.0,0.2665821611881256,0.3190036416053772,0.026497652754187584
43,1.0,58,population-PCG,48,32,4,6530.87744140625,2911.737060546875,2.2836763858795166,0.2665821611881256,0.1933281421661377,0.014490572735667229
43,1.0,58,context-PCG,48,32,4,6530.87744140625,850.1441040039062,8.466072082519531,0.2665821611881256,0.09803915023803711,0.009666352532804012
43,1.0,58,hybrid-PCG,48,32,4,6530.87744140625,794.5972290039062,8.416792869567871,0.2665821611881256,0.09534111618995667,0.010470972396433353
43,1.0,58,angular-Jacobi-PCG,48,32,4,6530.87744140625,787.4217529296875,8.696602821350098,0.2665821611881256,0.09272041916847229,0.01002503838390112
43,1.0,59,identity-CG,48,32,4,7105.61083984375,7105.61083984375,1.0,0.27299681305885315,0.4484497308731079,0.028604062274098396
43,1.0,59,population-PCG,48,32,4,7105.61083984375,2460.99755859375,2.604825735092163,0.27299681305885315,0.17776638269424438,0.0167082566767931
43,1.0,59,context-PCG,48,32,4,7105.61083984375,809.3637084960938,8.281818389892578,0.27299681305885315,0.09166841208934784,0.009099442511796951
43,1.0,59,hybrid-PCG,48,32,4,7105.61083984375,772.4949340820312,7.725668907165527,0.27299681305885315,0.10668538510799408,0.01043026428669691
43,1.0,59,angular-Jacobi-PCG,48,32,4,7105.61083984375,750.2255859375,7.833198070526123,0.27299681305885315,0.10598237067461014,0.010496377944946289
43,1.0,60,identity-CG,48,32,4,7211.4755859375,7211.4755859375,1.0,0.28204673528671265,0.46324843168258667,0.02537442184984684
43,1.0,60,population-PCG,48,32,4,7211.4755859375,2837.196044921875,2.326235771179199,0.28204673528671265,0.20467227697372437,0.01785590872168541
43,1.0,60,context-PCG,48,32,4,7211.4755859375,945.1917724609375,6.526214122772217,0.28204673528671265,0.11725421994924545,0.0105803357437253
43,1.0,60,hybrid-PCG,48,32,4,7211.4755859375,1053.989013671875,5.859378337860107,0.28204673528671265,0.12574654817581177,0.011498123407363892
43,1.0,60,angular-Jacobi-PCG,48,32,4,7211.4755859375,1011.56640625,6.079057693481445,0.28204673528671265,0.12150871753692627,0.01103881187736988
43,1.0,61,identity-CG,48,32,4,7638.47998046875,7638.47998046875,1.0,0.24306538701057434,0.5242533683776855,0.031891290098428726
43,1.0,61,population-PCG,48,32,4,7638.47998046875,2653.809326171875,2.5110206604003906,0.24306538701057434,0.18391163647174835,0.01889922469854355
43,1.0,61,context-PCG,48,32,4,7638.47998046875,881.9650268554688,8.660751342773438,0.24306538701057434,0.0942804366350174,0.009291518479585648
43,1.0,61,hybrid-PCG,48,32,4,7638.47998046875,873.5546875,8.40014934539795,0.24306538701057434,0.11854052543640137,0.0097584193572402
43,1.0,61,angular-Jacobi-PCG,48,32,4,7638.47998046875,861.0156860351562,8.792274475097656,0.24306538701057434,0.11355698108673096,0.009750038385391235
43,1.0,62,identity-CG,48,32,4,7545.42626953125,7545.42626953125,1.0,0.2771158814430237,0.34448856115341187,0.02553476393222809
43,1.0,62,population-PCG,48,32,4,7545.42626953125,2783.981689453125,1.8239504098892212,0.2771158814430237,0.18707704544067383,0.01937854290008545
43,1.0,62,context-PCG,48,32,4,7545.42626953125,1004.1563720703125,7.690960884094238,0.2771158814430237,0.10745514929294586,0.012568787671625614
43,1.0,62,hybrid-PCG,48,32,4,7545.42626953125,1045.46435546875,7.126305103302002,0.2771158814430237,0.12724952399730682,0.012162436731159687
43,1.0,62,angular-Jacobi-PCG,48,32,4,7545.42626953125,1015.395751953125,7.242127895355225,0.2771158814430237,0.1262132227420807,0.011933202855288982
43,1.0,63,identity-CG,48,32,4,7343.28662109375,7343.28662109375,1.0,0.24466556310653687,0.38777095079421997,0.02259611338376999
43,1.0,63,population-PCG,48,32,4,7343.28662109375,2873.308837890625,2.4440062046051025,0.24466556310653687,0.21179166436195374,0.017853718250989914
43,1.0,63,context-PCG,48,32,4,7343.28662109375,872.1697998046875,8.313732147216797,0.24466556310653687,0.11122319847345352,0.010349569842219353
43,1.0,63,hybrid-PCG,48,32,4,7343.28662109375,927.4102783203125,7.710485935211182,0.24466556310653687,0.1108483299612999,0.010859917849302292
43,1.0,63,angular-Jacobi-PCG,48,32,4,7343.28662109375,910.1300659179688,7.862786769866943,0.24466556310653687,0.10739830136299133,0.010636619292199612
43,2.0,0,identity-CG,48,32,4,7473.45068359375,7473.45068359375,1.0,0.21852540969848633,0.30700427293777466,0.02271042764186859
43,2.0,0,population-PCG,48,32,4,7473.45068359375,6844.35205078125,1.047191858291626,0.21852540969848633,0.2980304956436157,0.021412057802081108
43,2.0,0,context-PCG,48,32,4,7473.45068359375,1170.806640625,5.678792953491211,0.21852540969848633,0.130995512008667,0.010907948017120361
43,2.0,0,hybrid-PCG,48,32,4,7473.45068359375,1411.8328857421875,5.043084621429443,0.21852540969848633,0.18785560131072998,0.01366507075726986
43,2.0,0,angular-Jacobi-PCG,48,32,4,7473.45068359375,1310.212890625,5.4256815910339355,0.21852540969848633,0.18459004163742065,0.014548204839229584
43,2.0,1,identity-CG,48,32,4,6917.35986328125,6917.35986328125,1.0,0.23375114798545837,0.34630709886550903,0.022864125669002533
43,2.0,1,population-PCG,48,32,4,6917.35986328125,6173.1572265625,0.8486891984939575,0.23375114798545837,0.3160257339477539,0.02333725243806839
43,2.0,1,context-PCG,48,32,4,6917.35986328125,1278.6341552734375,4.95850133895874,0.23375114798545837,0.138240247964859,0.012071466073393822
43,2.0,1,hybrid-PCG,48,32,4,6917.35986328125,1347.11083984375,4.387466907501221,0.23375114798545837,0.17676714062690735,0.014757100492715836
43,2.0,1,angular-Jacobi-PCG,48,32,4,6917.35986328125,1290.44482421875,4.7214741706848145,0.23375114798545837,0.1678818315267563,0.014859247952699661
43,2.0,2,identity-CG,48,32,4,7227.11669921875,7227.11669921875,1.0,0.21196386218070984,0.3916544020175934,0.027106832712888718
43,2.0,2,population-PCG,48,32,4,7227.11669921875,4017.892578125,0.7155217528343201,0.21196386218070984,0.33328497409820557,0.024451207369565964
43,2.0,2,context-PCG,48,32,4,7227.11669921875,951.7532958984375,3.8609108924865723,0.21196386218070984,0.21609865128993988,0.013696141541004181
43,2.0,2,hybrid-PCG,48,32,4,7227.11669921875,976.0283203125,3.102015733718872,0.21196386218070984,0.17819570004940033,0.016344677656888962
43,2.0,2,angular-Jacobi-PCG,48,32,4,7227.11669921875,973.22119140625,3.357241153717041,0.21196386218070984,0.18438220024108887,0.014682629145681858
43,2.0,3,identity-CG,48,32,4,7164.3154296875,7164.3154296875,1.0,0.2321360558271408,0.32439324259757996,0.02115120366215706
43,2.0,3,population-PCG,48,32,4,7164.3154296875,8489.63671875,0.8107597827911377,0.2321360558271408,0.2669421434402466,0.021495694294571877
43,2.0,3,context-PCG,48,32,4,7164.3154296875,1345.0263671875,5.395113945007324,0.2321360558271408,0.13491889834403992,0.011616881936788559
43,2.0,3,hybrid-PCG,48,32,4,7164.3154296875,1306.31982421875,5.487098693847656,0.2321360558271408,0.18167302012443542,0.015455269254744053
43,2.0,3,angular-Jacobi-PCG,48,32,4,7164.3154296875,1263.6097412109375,5.505149841308594,0.2321360558271408,0.18186946213245392,0.014800905250012875
43,2.0,4,identity-CG,48,32,4,7316.7236328125,7316.7236328125,1.0,0.23614457249641418,0.3481426239013672,0.027140989899635315
43,2.0,4,population-PCG,48,32,4,7316.7236328125,5718.28076171875,0.8599541783332825,0.23614457249641418,0.23903240263462067,0.018624713644385338
43,2.0,4,context-PCG,48,32,4,7316.7236328125,1085.8807373046875,4.791555404663086,0.23614457249641418,0.11970090121030807,0.010967567563056946
43,2.0,4,hybrid-PCG,48,32,4,7316.7236328125,1433.68408203125,4.328525543212891,0.23614457249641418,0.17161592841148376,0.014807235449552536
43,2.0,4,angular-Jacobi-PCG,48,32,4,7316.7236328125,1328.9718017578125,4.504887580871582,0.23614457249641418,0.16034606099128723,0.013350835070014
43,2.0,5,identity-CG,48,32,4,7196.54541015625,7196.54541015625,1.0,0.2745904326438904,0.45076000690460205,0.027313563972711563
43,2.0,5,population-PCG,48,32,4,7196.54541015625,8326.056640625,0.8890177011489868,0.2745904326438904,0.36086079478263855,0.024300819262862206
43,2.0,5,context-PCG,48,32,4,7196.54541015625,1427.0157470703125,4.760613918304443,0.2745904326438904,0.1584467887878418,0.011728211306035519
43,2.0,5,hybrid-PCG,48,32,4,7196.54541015625,1463.4239501953125,5.058009147644043,0.2745904326438904,0.22484557330608368,0.01606672629714012
43,2.0,5,angular-Jacobi-PCG,48,32,4,7196.54541015625,1376.0999755859375,5.378978252410889,0.2745904326438904,0.19438879191875458,0.014198181219398975
43,2.0,6,identity-CG,48,32,4,6824.6572265625,6824.6572265625,1.0,0.24112072587013245,0.3967213034629822,0.02944035269320011
43,2.0,6,population-PCG,48,32,4,6824.6572265625,4303.20947265625,1.2472270727157593,0.24112072587013245,0.18482157588005066,0.016091467812657356
43,2.0,6,context-PCG,48,32,4,6824.6572265625,1219.157470703125,5.340427398681641,0.24112072587013245,0.12657082080841064,0.010531471110880375
43,2.0,6,hybrid-PCG,48,32,4,6824.6572265625,1228.6104736328125,4.948761463165283,0.24112072587013245,0.1869691163301468,0.013307863846421242
43,2.0,6,angular-Jacobi-PCG,48,32,4,6824.6572265625,1198.065185546875,5.305335998535156,0.24112072587013245,0.17532427608966827,0.012201834470033646
43,2.0,7,identity-CG,48,32,4,7211.33837890625,7211.33837890625,1.0,0.2508176863193512,0.3605899214744568,0.026675036177039146
43,2.0,7,population-PCG,48,32,4,7211.33837890625,7466.56689453125,0.8760514855384827,0.2508176863193512,0.23132050037384033,0.018930163234472275
43,2.0,7,context-PCG,48,32,4,7211.33837890625,1271.4813232421875,5.671603679656982,0.2508176863193512,0.11792420595884323,0.01160380244255066
43,2.0,7,hybrid-PCG,48,32,4,7211.33837890625,1228.6190185546875,5.409378528594971,0.2508176863193512,0.1764722317457199,0.018258828669786453
43,2.0,7,angular-Jacobi-PCG,48,32,4,7211.33837890625,1135.60595703125,5.852439880371094,0.2508176863193512,0.15893808007240295,0.017174549400806427
43,2.0,8,identity-CG,48,32,4,7325.9599609375,7325.9599609375,1.0,0.22409537434577942,0.3912086486816406,0.024557527154684067
43,2.0,8,population-PCG,48,32,4,7325.9599609375,7844.4033203125,0.6830629110336304,0.22409537434577942,0.35187265276908875,0.026532649993896484
43,2.0,8,context-PCG,48,32,4,7325.9599609375,1818.9237060546875,3.6267237663269043,0.22409537434577942,0.17842349410057068,0.0143818911164999
43,2.0,8,hybrid-PCG,48,32,4,7325.9599609375,2115.274169921875,2.886256694793701,0.22409537434577942,0.2813383936882019,0.01759376749396324
43,2.0,8,angular-Jacobi-PCG,48,32,4,7325.9599609375,2005.5189208984375,3.0945842266082764,0.22409537434577942,0.23384085297584534,0.015542500652372837
43,2.0,9,identity-CG,48,32,4,7448.73828125,7448.73828125,1.0,0.19072899222373962,0.4668254852294922,0.02922719344496727
43,2.0,9,population-PCG,48,32,4,7448.73828125,4871.93505859375,0.9691689610481262,0.19072899222373962,0.28381872177124023,0.019864555448293686
43,2.0,9,context-PCG,48,32,4,7448.73828125,1438.790283203125,5.082783222198486,0.19072899222373962,0.15017782151699066,0.012813332490622997
43,2.0,9,hybrid-PCG,48,32,4,7448.73828125,1360.2645263671875,4.152181148529053,0.19072899222373962,0.17263957858085632,0.016948293894529343
43,2.0,9,angular-Jacobi-PCG,48,32,4,7448.73828125,1275.712646484375,4.405734539031982,0.19072899222373962,0.16039973497390747,0.015718962997198105
43,2.0,10,identity-CG,48,32,4,7142.93603515625,7142.93603515625,1.0,0.23114891350269318,0.38762789964675903,0.025835368782281876
43,2.0,10,population-PCG,48,32,4,7142.93603515625,6699.93115234375,1.0560832023620605,0.23114891350269318,0.38470250368118286,0.03373471647500992
43,2.0,10,context-PCG,48,32,4,7142.93603515625,1218.6280517578125,5.2391510009765625,0.23114891350269318,0.18098191916942596,0.013778259977698326
43,2.0,10,hybrid-PCG,48,32,4,7142.93603515625,1114.7833251953125,5.443371295928955,0.23114891350269318,0.19033131003379822,0.01543864980340004
43,2.0,10,angular-Jacobi-PCG,48,32,4,7142.93603515625,1084.4610595703125,5.627828121185303,0.23114891350269318,0.1718258559703827,0.0129115991294384
43,2.0,11,identity-CG,48,32,4,7676.41455078125,7676.41455078125,1.0,0.22693365812301636,0.33911755681037903,0.020561423152685165
43,2.0,11,population-PCG,48,32,4,7676.41455078125,5166.74609375,0.813007116317749,0.22693365812301636,0.3359687030315399,0.02646462619304657
43,2.0,11,context-PCG,48,32,4,7676.41455078125,1466.5721435546875,4.081823348999023,0.22693365812301636,0.15337753295898438,0.012962417677044868
43,2.0,11,hybrid-PCG,48,32,4,7676.41455078125,1755.75830078125,3.367640495300293,0.22693365812301636,0.20603947341442108,0.015314128249883652
43,2.0,11,angular-Jacobi-PCG,48,32,4,7676.41455078125,1654.5948486328125,3.7033233642578125,0.22693365812301636,0.20463702082633972,0.01618313230574131
43,2.0,12,identity-CG,48,32,4,6996.91748046875,6996.91748046875,1.0,0.23258504271507263,0.3715304732322693,0.02349790930747986
43,2.0,12,population-PCG,48,32,4,6996.91748046875,7265.9208984375,0.725975513458252,0.23258504271507263,0.3052949011325836,0.023856278508901596
43,2.0,12,context-PCG,48,32,4,6996.91748046875,1603.2728271484375,4.1640448570251465,0.23258504271507263,0.14655479788780212,0.01336766593158245
43,2.0,12,hybrid-PCG,48,32,4,6996.91748046875,1541.782470703125,3.5561909675598145,0.23258504271507263,0.226474791765213,0.015754221007227898
43,2.0,12,angular-Jacobi-PCG,48,32,4,6996.91748046875,1494.7376708984375,3.8495123386383057,0.23258504271507263,0.19901838898658752,0.014602255076169968
43,2.0,13,identity-CG,48,32,4,6802.7626953125,6802.7626953125,1.0,0.21577885746955872,0.2492002546787262,0.01972690410912037
43,2.0,13,population-PCG,48,32,4,6802.7626953125,4505.18115234375,1.14222252368927,0.21577885746955872,0.2668786644935608,0.01935405842959881
43,2.0,13,context-PCG,48,32,4,6802.7626953125,1057.109619140625,6.10734224319458,0.21577885746955872,0.1377066671848297,0.011815201491117477
43,2.0,13,hybrid-PCG,48,32,4,6802.7626953125,1248.345703125,5.171748638153076,0.21577885746955872,0.1711714267730713,0.013401615433394909
43,2.0,13,angular-Jacobi-PCG,48,32,4,6802.7626953125,1149.793212890625,5.6150360107421875,0.21577885746955872,0.15547576546669006,0.012964602559804916
43,2.0,14,identity-CG,48,32,4,7438.49951171875,7438.49951171875,1.0,0.22994941473007202,0.3626208007335663,0.026355896145105362
43,2.0,14,population-PCG,48,32,4,7438.49951171875,5662.20654296875,0.9427549242973328,0.22994941473007202,0.2846323847770691,0.022548791021108627
43,2.0,14,context-PCG,48,32,4,7438.49951171875,1027.7281494140625,5.139474391937256,0.22994941473007202,0.12795381247997284,0.01072063110768795
43,2.0,14,hybrid-PCG,48,32,4,7438.49951171875,1092.5562744140625,3.617830276489258,0.22994941473007202,0.19547230005264282,0.01408350095152855
43,2.0,14,angular-Jacobi-PCG,48,32,4,7438.49951171875,1050.9571533203125,3.881796360015869,0.22994941473007202,0.18092378973960876,0.013939281925559044
43,2.0,15,identity-CG,48,32,4,7226.63330078125,7226.63330078125,1.0,0.2297312170267105,0.32037344574928284,0.019982032477855682
43,2.0,15,population-PCG,48,32,4,7226.63330078125,7406.423828125,0.7032114863395691,0.2297312170267105,0.2821047902107239,0.01761692576110363
43,2.0,15,context-PCG,48,32,4,7226.63330078125,1295.052734375,5.247986793518066,0.2297312170267105,0.1609763503074646,0.011290377005934715
43,2.0,15,hybrid-PCG,48,32,4,7226.63330078125,1416.9271240234375,5.100215435028076,0.2297312170267105,0.18916282057762146,0.0158805213868618
43,2.0,15,angular-Jacobi-PCG,48,32,4,7226.63330078125,1349.3304443359375,5.35571813583374,0.2297312170267105,0.1754351705312729,0.014887066558003426
43,2.0,16,identity-CG,48,32,4,7251.57763671875,7251.57763671875,1.0,0.2532501816749573,0.4189055562019348,0.023495599627494812
43,2.0,16,population-PCG,48,32,4,7251.57763671875,6197.458984375,0.8703638911247253,0.2532501816749573,0.28899386525154114,0.01929784193634987
43,2.0,16,context-PCG,48,32,4,7251.57763671875,1378.753662109375,5.259516716003418,0.2532501816749573,0.144483745098114,0.010847030207514763
43,2.0,16,hybrid-PCG,48,32,4,7251.57763671875,1524.0697021484375,4.566202163696289,0.2532501816749573,0.17879748344421387,0.011651173233985901
43,2.0,16,angular-Jacobi-PCG,48,32,4,7251.57763671875,1453.7244873046875,4.8830413818359375,0.2532501816749573,0.15984117984771729,0.01124035194516182
43,2.0,17,identity-CG,48,32,4,7086.86181640625,7086.86181640625,1.0,0.2335350662469864,0.41806626319885254,0.027586612850427628
43,2.0,17,population-PCG,48,32,4,7086.86181640625,10196.85546875,0.7588400840759277,0.2335350662469864,0.41707316040992737,0.031485289335250854
43,2.0,17,context-PCG,48,32,4,7086.86181640625,1718.7781982421875,3.912410259246826,0.2335350662469864,0.1921890377998352,0.015523375943303108
43,2.0,17,hybrid-PCG,48,32,4,7086.86181640625,1861.20458984375,3.8076748847961426,0.2335350662469864,0.2745385468006134,0.019680483266711235
43,2.0,17,angular-Jacobi-PCG,48,32,4,7086.86181640625,1654.379638671875,4.283697605133057,0.2335350662469864,0.20141637325286865,0.01566639542579651
43,2.0,18,identity-CG,48,32,4,7288.4765625,7288.4765625,1.0,0.2014445960521698,0.4056724011898041,0.02448371984064579
43,2.0,18,population-PCG,48,32,4,7288.4765625,5913.634765625,0.7621150612831116,0.2014445960521698,0.309457004070282,0.022301368415355682
43,2.0,18,context-PCG,48,32,4,7288.4765625,1348.7529296875,3.12369704246521,0.2014445960521698,0.17035672068595886,0.01412231381982565
43,2.0,18,hybrid-PCG,48,32,4,7288.4765625,1733.00732421875,2.4931859970092773,0.2014445960521698,0.2152249664068222,0.01623794622719288
43,2.0,18,angular-Jacobi-PCG,48,32,4,7288.4765625,1590.557373046875,2.6930580139160156,0.2014445960521698,0.2072557657957077,0.014834864996373653
43,2.0,19,identity-CG,48,32,4,7105.26953125,7105.26953125,1.0,0.28436166048049927,0.43757468461990356,0.02691255509853363
43,2.0,19,population-PCG,48,32,4,7105.26953125,6534.484375,0.8983232975006104,0.28436166048049927,0.3738100528717041,0.02471233904361725
43,2.0,19,context-PCG,48,32,4,7105.26953125,1694.0811767578125,4.055634498596191,0.28436166048049927,0.2061273455619812,0.013554761186242104
43,2.0,19,hybrid-PCG,48,32,4,7105.26953125,1848.41455078125,3.499049425125122,0.28436166048049927,0.2656397223472595,0.015272064134478569
43,2.0,19,angular-Jacobi-PCG,48,32,4,7105.26953125,1751.854248046875,3.7005960941314697,0.28436166048049927,0.2703341245651245,0.01603906787931919
43,2.0,20,identity-CG,48,32,4,6783.36572265625,6783.36572265625,1.0,0.25027996301651,0.28721046447753906,0.019931349903345108
43,2.0,20,population-PCG,48,32,4,6783.36572265625,7127.064453125,0.7826810479164124,0.25027996301651,0.3090001940727234,0.023540420457720757
43,2.0,20,context-PCG,48,32,4,6783.36572265625,1279.676513671875,3.9859976768493652,0.25027996301651,0.1553121656179428,0.014664726331830025
43,2.0,20,hybrid-PCG,48,32,4,6783.36572265625,1103.9259033203125,2.734745979309082,0.25027996301651,0.2112312912940979,0.016429971903562546
43,2.0,20,angular-Jacobi-PCG,48,32,4,6783.36572265625,1071.4749755859375,3.025644540786743,0.25027996301651,0.22682100534439087,0.01717972755432129
43,2.0,21,identity-CG,48,32,4,6841.25341796875,6841.25341796875,1.0,0.23535507917404175,0.3557426929473877,0.02336360141634941
43,2.0,21,population-PCG,48,32,4,6841.25341796875,6817.64111328125,0.7324025630950928,0.23535507917404175,0.2824389934539795,0.0204804465174675
43,2.0,21,context-PCG,48,32,4,6841.25341796875,1368.424072265625,4.626475811004639,0.23535507917404175,0.14124786853790283,0.010757501237094402
43,2.0,21,hybrid-PCG,48,32,4,6841.25341796875,1556.1661376953125,4.396223068237305,0.23535507917404175,0.18653124570846558,0.014387393370270729
43,2.0,21,angular-Jacobi-PCG,48,32,4,6841.25341796875,1495.3873291015625,4.574903964996338,0.23535507917404175,0.1759980320930481,0.013730337843298912
43,2.0,22,identity-CG,48,32,4,7155.5439453125,7155.5439453125,1.0,0.2082306146621704,0.3690444231033325,0.02367314137518406
43,2.0,22,population-PCG,48,32,4,7155.5439453125,6857.91162109375,0.8277623653411865,0.2082306146621704,0.32275503873825073,0.022502262145280838
43,2.0,22,context-PCG,48,32,4,7155.5439453125,1536.39453125,3.0645503997802734,0.2082306146621704,0.2063821256160736,0.016413172706961632
43,2.0,22,hybrid-PCG,48,32,4,7155.5439453125,1427.2623291015625,2.655738353729248,0.2082306146621704,0.2486315667629242,0.0166688971221447
43,2.0,22,angular-Jacobi-PCG,48,32,4,7155.5439453125,1356.7965087890625,2.8342182636260986,0.2082306146621704,0.22503449022769928,0.015233790501952171
43,2.0,23,identity-CG,48,32,4,7305.99267578125,7305.99267578125,1.0,0.21956880390644073,0.3681125044822693,0.027203958481550217
43,2.0,23,population-PCG,48,32,4,7305.99267578125,9450.8935546875,0.7481451630592346,0.21956880390644073,0.2585477828979492,0.01766178570687771
43,2.0,23,context-PCG,48,32,4,7305.99267578125,1534.407470703125,4.383576393127441,0.21956880390644073,0.14511515200138092,0.011764151975512505
43,2.0,23,hybrid-PCG,48,32,4,7305.99267578125,1741.705078125,3.4790186882019043,0.21956880390644073,0.2144736647605896,0.015678122639656067
43,2.0,23,angular-Jacobi-PCG,48,32,4,7305.99267578125,1655.4967041015625,3.7469727993011475,0.21956880390644073,0.22288314998149872,0.014747770503163338
43,2.0,24,identity-CG,48,32,4,7566.6923828125,7566.6923828125,1.0,0.24617783725261688,0.42082953453063965,0.02762097679078579
43,2.0,24,population-PCG,48,32,4,7566.6923828125,6668.76953125,1.112310767173767,0.24617783725261688,0.2416938692331314,0.0216178260743618
43,2.0,24,context-PCG,48,32,4,7566.6923828125,1222.42236328125,5.3996124267578125,0.24617783725261688,0.12141697108745575,0.009220852516591549
43,2.0,24,hybrid-PCG,48,32,4,7566.6923828125,1434.6241455078125,3.4122331142425537,0.24617783725261688,0.18143340945243835,0.013880271464586258
43,2.0,24,angular-Jacobi-PCG,48,32,4,7566.6923828125,1334.1663818359375,3.7314693927764893,0.24617783725261688,0.18477031588554382,0.014440586790442467
43,2.0,25,identity-CG,48,32,4,7385.1630859375,7385.1630859375,1.0,0.27652713656425476,0.339942067861557,0.021764855831861496
43,2.0,25,population-PCG,48,32,4,7385.1630859375,8907.962890625,0.7676801681518555,0.27652713656425476,0.30755722522735596,0.021014362573623657
43,2.0,25,context-PCG,48,32,4,7385.1630859375,1174.7142333984375,5.778258323669434,0.27652713656425476,0.14390234649181366,0.01192871667444706
43,2.0,25,hybrid-PCG,48,32,4,7385.1630859375,1614.818359375,4.291531562805176,0.27652713656425476,0.2199505716562271,0.01684066280722618
43,2.0,25,angular-Jacobi-PCG,48,32,4,7385.1630859375,1489.9556884765625,4.651174545288086,0.27652713656425476,0.19577878713607788,0.015964634716510773
43,2.0,26,identity-CG,48,32,4,7475.76318359375,7475.76318359375,1.0,0.23482030630111694,0.39219939708709717,0.025878112763166428
43,2.0,26,population-PCG,48,32,4,7475.76318359375,7678.98828125,0.8904695510864258,0.23482030630111694,0.2307041585445404,0.01804199069738388
43,2.0,26,context-PCG,48,32,4,7475.76318359375,1265.809326171875,4.203731536865234,0.23482030630111694,0.14070981740951538,0.0113651342689991
43,2.0,26,hybrid-PCG,48,32,4,7475.76318359375,1785.6822509765625,3.7991185188293457,0.23482030630111694,0.18688903748989105,0.013471308164298534
43,2.0,26,angular-Jacobi-PCG,48,32,4,7475.76318359375,1613.1947021484375,3.896333694458008,0.23482030630111694,0.17854060232639313,0.015446050092577934
43,2.0,27,identity-CG,48,32,4,7439.87060546875,7439.87060546875,1.0,0.2726287841796875,0.4448857307434082,0.021871553733944893
43,2.0,27,population-PCG,48,32,4,7439.87060546875,6810.658203125,1.0567339658737183,0.2726287841796875,0.3558911085128784,0.02686290442943573
43,2.0,27,context-PCG,48,32,4,7439.87060546875,1426.2559814453125,5.057254791259766,0.2726287841796875,0.1670459508895874,0.013399563729763031
43,2.0,27,hybrid-PCG,48,32,4,7439.87060546875,1710.000244140625,3.7427475452423096,0.2726287841796875,0.23021769523620605,0.014392915181815624
43,2.0,27,angular-Jacobi-PCG,48,32,4,7439.87060546875,1649.1405029296875,4.003625869750977,0.2726287841796875,0.18372240662574768,0.012662265449762344
43,2.0,28,identity-CG,48,32,4,7450.56298828125,7450.56298828125,1.0,0.2419355809688568,0.32105493545532227,0.023807331919670105
43,2.0,28,population-PCG,48,32,4,7450.56298828125,5287.99609375,1.2496263980865479,0.2419355809688568,0.28938761353492737,0.02869372069835663
43,2.0,28,context-PCG,48,32,4,7450.56298828125,1299.95703125,5.1092610359191895,0.2419355809688568,0.11033929139375687,0.011314142495393753
43,2.0,28,hybrid-PCG,48,32,4,7450.56298828125,1953.292236328125,3.3631389141082764,0.2419355809688568,0.17813435196876526,0.0164776761084795
43,2.0,28,angular-Jacobi-PCG,48,32,4,7450.56298828125,1793.848388671875,3.588078260421753,0.2419355809688568,0.1819644421339035,0.015397956594824791
43,2.0,29,identity-CG,48,32,4,6938.654296875,6938.654296875,1.0,0.23991063237190247,0.245587557554245,0.019044186919927597
43,2.0,29,population-PCG,48,32,4,6938.654296875,4736.083984375,1.373338222503662,0.23991063237190247,0.24867504835128784,0.019915269687771797
43,2.0,29,context-PCG,48,32,4,6938.654296875,1252.211669921875,5.457898139953613,0.23991063237190247,0.12588712573051453,0.011287074536085129
43,2.0,29,hybrid-PCG,48,32,4,6938.654296875,1454.46484375,4.285727024078369,0.23991063237190247,0.17987404763698578,0.01427493803203106
43,2.0,29,angular-Jacobi-PCG,48,32,4,6938.654296875,1420.7613525390625,4.5893144607543945,0.23991063237190247,0.1737445592880249,0.01391338836401701
43,2.0,30,identity-CG,48,32,4,7394.0400390625,7394.0400390625,1.0,0.22963866591453552,0.38450735807418823,0.026511233299970627
43,2.0,30,population-PCG,48,32,4,7394.0400390625,6723.0732421875,0.9537777304649353,0.22963866591453552,0.3163878917694092,0.02916806936264038
43,2.0,30,context-PCG,48,32,4,7394.0400390625,1266.21142578125,5.04980993270874,0.22963866591453552,0.14782121777534485,0.01489042304456234
43,2.0,30,hybrid-PCG,48,32,4,7394.0400390625,1403.845703125,4.320797443389893,0.22963866591453552,0.1910853087902069,0.01661974936723709
43,2.0,30,angular-Jacobi-PCG,48,32,4,7394.0400390625,1314.7344970703125,4.533813953399658,0.22963866591453552,0.16361036896705627,0.015547562390565872
43,2.0,31,identity-CG,48,32,4,7110.74267578125,7110.74267578125,1.0,0.23838868737220764,0.3530859053134918,0.024474356323480606
43,2.0,31,population-PCG,48,32,4,7110.74267578125,5055.478515625,0.8364982008934021,0.23838868737220764,0.2865711450576782,0.023769216611981392
43,2.0,31,context-PCG,48,32,4,7110.74267578125,1297.0435791015625,5.345427989959717,0.23838868737220764,0.11028194427490234,0.011122165247797966
43,2.0,31,hybrid-PCG,48,32,4,7110.74267578125,1557.170166015625,4.499422073364258,0.23838868737220764,0.17022806406021118,0.017391586676239967
43,2.0,31,angular-Jacobi-PCG,48,32,4,7110.74267578125,1464.8265380859375,4.854323863983154,0.23838868737220764,0.14836908876895905,0.01546730287373066
43,2.0,32,identity-CG,48,32,4,7129.32470703125,7129.32470703125,1.0,0.22569207847118378,0.3106020390987396,0.02321646735072136
43,2.0,32,population-PCG,48,32,4,7129.32470703125,4173.46142578125,1.012739896774292,0.22569207847118378,0.2508581876754761,0.02614549733698368
43,2.0,32,context-PCG,48,32,4,7129.32470703125,940.4017944335938,4.484364986419678,0.22569207847118378,0.12417095899581909,0.01097981259226799
43,2.0,32,hybrid-PCG,48,32,4,7129.32470703125,1119.4071044921875,4.579535961151123,0.22569207847118378,0.17580044269561768,0.013652628287672997
43,2.0,32,angular-Jacobi-PCG,48,32,4,7129.32470703125,1039.484619140625,4.874680042266846,0.22569207847118378,0.1694592535495758,0.012486889958381653
43,2.0,33,identity-CG,48,32,4,6970.69384765625,6970.69384765625,1.0,0.2258991301059723,0.30347341299057007,0.02029137685894966
43,2.0,33,population-PCG,48,32,4,6970.69384765625,6557.376953125,0.725620448589325,0.2258991301059723,0.3053761422634125,0.020505458116531372
43,2.0,33,context-PCG,48,32,4,6970.69384765625,1254.8150634765625,4.665577411651611,0.2258991301059723,0.13193398714065552,0.00936126708984375
43,2.0,33,hybrid-PCG,48,32,4,6970.69384765625,1494.269775390625,4.664949893951416,0.2258991301059723,0.18010607361793518,0.013827805407345295
43,2.0,33,angular-Jacobi-PCG,48,32,4,6970.69384765625,1395.3223876953125,4.793881893157959,0.2258991301059723,0.18282416462898254,0.013874762691557407
43,2.0,34,identity-CG,48,32,4,6732.03125,6732.03125,1.0,0.21433547139167786,0.3356262743473053,0.0244144219905138
43,2.0,34,population-PCG,48,32,4,6732.03125,5545.87548828125,0.9709524512290955,0.21433547139167786,0.27096182107925415,0.02147441729903221
43,2.0,34,context-PCG,48,32,4,6732.03125,1337.98291015625,5.031477928161621,0.21433547139167786,0.12754495441913605,0.012202008627355099
43,2.0,34,hybrid-PCG,48,32,4,6732.03125,1298.375,4.849686622619629,0.21433547139167786,0.16473734378814697,0.015101639553904533
43,2.0,34,angular-Jacobi-PCG,48,32,4,6732.03125,1238.5880126953125,5.007515907287598,0.21433547139167786,0.1415482610464096,0.01345742680132389
43,2.0,35,identity-CG,48,32,4,7127.08935546875,7127.08935546875,1.0,0.212566539645195,0.3589453101158142,0.022858954966068268
43,2.0,35,population-PCG,48,32,4,7127.08935546875,6941.10498046875,0.8886231780052185,0.212566539645195,0.3457716405391693,0.02615063637495041
43,2.0,35,context-PCG,48,32,4,7127.08935546875,1253.6849365234375,4.996160984039307,0.212566539645195,0.13313888013362885,0.008659258484840393
43,2.0,35,hybrid-PCG,48,32,4,7127.08935546875,1173.46923828125,5.479037761688232,0.212566539645195,0.15518923103809357,0.011693937703967094
43,2.0,35,angular-Jacobi-PCG,48,32,4,7127.08935546875,1164.5313720703125,5.521090030670166,0.212566539645195,0.16341093182563782,0.012170546688139439
43,2.0,36,identity-CG,48,32,4,7122.70654296875,7122.70654296875,1.0,0.22492802143096924,0.39206281304359436,0.028582721948623657
43,2.0,36,population-PCG,48,32,4,7122.70654296875,10090.0048828125,0.612619161605835,0.22492802143096924,0.3859367370605469,0.025224439799785614
43,2.0,36,context-PCG,48,32,4,7122.70654296875,1475.81591796875,3.894406795501709,0.22492802143096924,0.1497146040201187,0.010631343349814415
43,2.0,36,hybrid-PCG,48,32,4,7122.70654296875,1573.298583984375,3.928898334503174,0.22492802143096924,0.21239560842514038,0.014316912740468979
43,2.0,36,angular-Jacobi-PCG,48,32,4,7122.70654296875,1566.6632080078125,3.9455385208129883,0.22492802143096924,0.21737462282180786,0.014025561511516571
43,2.0,37,identity-CG,48,32,4,7026.61181640625,7026.61181640625,1.0,0.22509393095970154,0.4348199963569641,0.03110269457101822
43,2.0,37,population-PCG,48,32,4,7026.61181640625,6040.74609375,0.7899446487426758,0.22509393095970154,0.2793792188167572,0.019829310476779938
43,2.0,37,context-PCG,48,32,4,7026.61181640625,1300.908203125,4.454706192016602,0.22509393095970154,0.1377277672290802,0.013589979149401188
43,2.0,37,hybrid-PCG,48,32,4,7026.61181640625,1483.8604736328125,4.401146411895752,0.22509393095970154,0.17837011814117432,0.015188234858214855
43,2.0,37,angular-Jacobi-PCG,48,32,4,7026.61181640625,1404.69873046875,4.667917251586914,0.22509393095970154,0.17582926154136658,0.01488819345831871
43,2.0,38,identity-CG,48,32,4,7081.83642578125,7081.83642578125,1.0,0.24712948501110077,0.43184250593185425,0.026267170906066895
43,2.0,38,population-PCG,48,32,4,7081.83642578125,6059.00048828125,0.6081111431121826,0.24712948501110077,0.3742343485355377,0.022628527134656906
43,2.0,38,context-PCG,48,32,4,7081.83642578125,1121.4124755859375,3.7605810165405273,0.24712948501110077,0.17924799025058746,0.013938076794147491
43,2.0,38,hybrid-PCG,48,32,4,7081.83642578125,999.1353759765625,3.454920768737793,0.24712948501110077,0.22200822830200195,0.015061119571328163
43,2.0,38,angular-Jacobi-PCG,48,32,4,7081.83642578125,990.43603515625,3.6069812774658203,0.24712948501110077,0.20749935507774353,0.015030019916594028
43,2.0,39,identity-CG,48,32,4,7073.876953125,7073.876953125,1.0,0.20898976922035217,0.41633445024490356,0.029774323105812073
43,2.0,39,population-PCG,48,32,4,7073.876953125,9139.9248046875,0.7030735015869141,0.20898976922035217,0.47779572010040283,0.026064202189445496
43,2.0,39,context-PCG,48,32,4,7073.876953125,1619.8238525390625,3.746114730834961,0.20898976922035217,0.2364240139722824,0.014702318236231804
43,2.0,39,hybrid-PCG,48,32,4,7073.876953125,1685.74267578125,3.663362741470337,0.20898976922035217,0.2695939242839813,0.019187241792678833
43,2.0,39,angular-Jacobi-PCG,48,32,4,7073.876953125,1655.45556640625,3.852175235748291,0.20898976922035217,0.22696784138679504,0.016083750873804092
43,2.0,40,identity-CG,48,32,4,6988.32421875,6988.32421875,1.0,0.2289668619632721,0.27216264605522156,0.024183349683880806
43,2.0,40,population-PCG,48,32,4,6988.32421875,4259.86279296875,1.5267928838729858,0.2289668619632721,0.17888525128364563,0.018892541527748108
43,2.0,40,context-PCG,48,32,4,6988.32421875,956.9525146484375,6.41639518737793,0.2289668619632721,0.08456607162952423,0.010058208368718624
43,2.0,40,hybrid-PCG,48,32,4,6988.32421875,1007.966796875,5.468387126922607,0.2289668619632721,0.1159612163901329,0.013929549604654312
43,2.0,40,angular-Jacobi-PCG,48,32,4,6988.32421875,980.3443603515625,5.921603202819824,0.2289668619632721,0.10560084879398346,0.012740391306579113
43,2.0,41,identity-CG,48,32,4,7167.0908203125,7167.0908203125,1.0,0.2589680552482605,0.433602899312973,0.025546928867697716
43,2.0,41,population-PCG,48,32,4,7167.0908203125,6798.02587890625,0.8038153648376465,0.2589680552482605,0.3233937621116638,0.01821506768465042
43,2.0,41,context-PCG,48,32,4,7167.0908203125,1502.98876953125,4.4673590660095215,0.2589680552482605,0.17788812518119812,0.011887914501130581
43,2.0,41,hybrid-PCG,48,32,4,7167.0908203125,1410.337158203125,4.700632572174072,0.2589680552482605,0.20908421277999878,0.014171693474054337
43,2.0,41,angular-Jacobi-PCG,48,32,4,7167.0908203125,1397.397216796875,5.013337135314941,0.2589680552482605,0.2025701105594635,0.01480209268629551
43,2.0,42,identity-CG,48,32,4,7088.755859375,7088.755859375,1.0,0.23467108607292175,0.37637680768966675,0.02447759360074997
43,2.0,42,population-PCG,48,32,4,7088.755859375,8625.1044921875,0.8624510765075684,0.23467108607292175,0.30227333307266235,0.02110493741929531
43,2.0,42,context-PCG,48,32,4,7088.755859375,1550.05322265625,4.597653865814209,0.23467108607292175,0.1495528519153595,0.011823836714029312
43,2.0,42,hybrid-PCG,48,32,4,7088.755859375,2074.978271484375,3.4416093826293945,0.23467108607292175,0.2147359848022461,0.016995476558804512
43,2.0,42,angular-Jacobi-PCG,48,32,4,7088.755859375,1927.162109375,3.8365187644958496,0.23467108607292175,0.1864182949066162,0.015160730108618736
43,2.0,43,identity-CG,48,32,4,6957.6025390625,6957.6025390625,1.0,0.20287267863750458,0.3100154995918274,0.023197639733552933
43,2.0,43,population-PCG,48,32,4,6957.6025390625,9213.5654296875,0.551322340965271,0.20287267863750458,0.4277417063713074,0.030611848458647728
43,2.0,43,context-PCG,48,32,4,6957.6025390625,1511.4453125,3.101083517074585,0.20287267863750458,0.18137294054031372,0.01567162200808525
43,2.0,43,hybrid-PCG,48,32,4,6957.6025390625,2073.698974609375,2.543445110321045,0.20287267863750458,0.23901687562465668,0.01671138033270836
43,2.0,43,angular-Jacobi-PCG,48,32,4,6957.6025390625,1921.2366943359375,2.7305548191070557,0.20287267863750458,0.18857312202453613,0.013680605217814445
43,2.0,44,identity-CG,48,32,4,7715.41015625,7715.41015625,1.0,0.22505414485931396,0.4412006139755249,0.02747655287384987
43,2.0,44,population-PCG,48,32,4,7715.41015625,8209.6103515625,0.8168893456459045,0.22505414485931396,0.40521275997161865,0.029802754521369934
43,2.0,44,context-PCG,48,32,4,7715.41015625,2031.8092041015625,3.197221040725708,0.22505414485931396,0.22171635925769806,0.016003796830773354
43,2.0,44,hybrid-PCG,48,32,4,7715.41015625,2572.899658203125,2.9070913791656494,0.22505414485931396,0.2468968629837036,0.017839323729276657
43,2.0,44,angular-Jacobi-PCG,48,32,4,7715.41015625,2396.450927734375,3.1207845211029053,0.22505414485931396,0.24873501062393188,0.01820237934589386
43,2.0,45,identity-CG,48,32,4,6936.43115234375,6936.43115234375,1.0,0.26309946179389954,0.33285436034202576,0.022556109353899956
43,2.0,45,population-PCG,48,32,4,6936.43115234375,7437.14306640625,0.9326741695404053,0.26309946179389954,0.2835766077041626,0.023563574999570847
43,2.0,45,context-PCG,48,32,4,6936.43115234375,1520.0595703125,4.489021301269531,0.26309946179389954,0.13698892295360565,0.011463634669780731
43,2.0,45,hybrid-PCG,48,32,4,6936.43115234375,1751.05908203125,3.576854944229126,0.26309946179389954,0.16712871193885803,0.01359725184738636
43,2.0,45,angular-Jacobi-PCG,48,32,4,6936.43115234375,1643.721923828125,3.8193109035491943,0.26309946179389954,0.17862465977668762,0.014398550614714622
43,2.0,46,identity-CG,48,32,4,7156.94921875,7156.94921875,1.0,0.23914119601249695,0.30827850103378296,0.0199310090392828
43,2.0,46,population-PCG,48,32,4,7156.94921875,7349.24755859375,0.8501067757606506,0.23914119601249695,0.3877261281013489,0.029711129143834114
43,2.0,46,context-PCG,48,32,4,7156.94921875,1063.57470703125,5.3666090965271,0.23914119601249695,0.13239777088165283,0.01371905766427517
43,2.0,46,hybrid-PCG,48,32,4,7156.94921875,1234.2738037109375,5.212510585784912,0.23914119601249695,0.16925843060016632,0.01568276807665825
43,2.0,46,angular-Jacobi-PCG,48,32,4,7156.94921875,1184.92529296875,5.392294883728027,0.23914119601249695,0.14286357164382935,0.013571780174970627
43,2.0,47,identity-CG,48,32,4,7164.6474609375,7164.6474609375,1.0,0.2061961442232132,0.441406786441803,0.02524673193693161
43,2.0,47,population-PCG,48,32,4,7164.6474609375,5469.03759765625,1.2752431631088257,0.2061961442232132,0.2636200487613678,0.023328132927417755
43,2.0,47,context-PCG,48,32,4,7164.6474609375,1205.6949462890625,4.125764846801758,0.2061961442232132,0.1361084282398224,0.012398414313793182
43,2.0,47,hybrid-PCG,48,32,4,7164.6474609375,1314.56884765625,3.6206817626953125,0.2061961442232132,0.16480201482772827,0.015267156064510345
43,2.0,47,angular-Jacobi-PCG,48,32,4,7164.6474609375,1259.9666748046875,3.759718656539917,0.2061961442232132,0.16581058502197266,0.013935931026935577
43,2.0,48,identity-CG,48,32,4,6838.10400390625,6838.10400390625,1.0,0.24049104750156403,0.2689414620399475,0.022128161042928696
43,2.0,48,population-PCG,48,32,4,6838.10400390625,6901.26806640625,0.9698129892349243,0.24049104750156403,0.3210979700088501,0.029352232813835144
43,2.0,48,context-PCG,48,32,4,6838.10400390625,1159.991455078125,5.527512073516846,0.24049104750156403,0.10445280373096466,0.00998988002538681
43,2.0,48,hybrid-PCG,48,32,4,6838.10400390625,1180.8414306640625,5.194538593292236,0.24049104750156403,0.13796520233154297,0.013232232071459293
43,2.0,48,angular-Jacobi-PCG,48,32,4,6838.10400390625,1121.231689453125,5.339971542358398,0.24049104750156403,0.13974426686763763,0.015105454251170158
43,2.0,49,identity-CG,48,32,4,6861.4501953125,6861.4501953125,1.0,0.24841566383838654,0.34183788299560547,0.01991543546319008
43,2.0,49,population-PCG,48,32,4,6861.4501953125,4588.453125,0.8621940612792969,0.24841566383838654,0.25222206115722656,0.017378900200128555
43,2.0,49,context-PCG,48,32,4,6861.4501953125,1034.0140380859375,6.31157112121582,0.24841566383838654,0.14027129113674164,0.012242074124515057
43,2.0,49,hybrid-PCG,48,32,4,6861.4501953125,961.8765869140625,6.171154022216797,0.24841566383838654,0.14960455894470215,0.014204699546098709
43,2.0,49,angular-Jacobi-PCG,48,32,4,6861.4501953125,925.9229736328125,6.448774814605713,0.24841566383838654,0.13736964762210846,0.013931693509221077
43,2.0,50,identity-CG,48,32,4,6807.80517578125,6807.80517578125,1.0,0.22525851428508759,0.3919702172279358,0.03597307577729225
43,2.0,50,population-PCG,48,32,4,6807.80517578125,6898.80712890625,0.6208571195602417,0.22525851428508759,0.36094287037849426,0.02437949925661087
43,2.0,50,context-PCG,48,32,4,6807.80517578125,1406.9976806640625,4.4202470779418945,0.22525851428508759,0.1538972407579422,0.012645472772419453
43,2.0,50,hybrid-PCG,48,32,4,6807.80517578125,1592.3671875,3.7539443969726562,0.22525851428508759,0.19133971631526947,0.01601618528366089
43,2.0,50,angular-Jacobi-PCG,48,32,4,6807.80517578125,1515.5008544921875,3.934236764907837,0.22525851428508759,0.17907923460006714,0.014816448092460632
43,2.0,51,identity-CG,48,32,4,7430.412109375,7430.412109375,1.0,0.24994489550590515,0.4203503131866455,0.023892249912023544
43,2.0,51,population-PCG,48,32,4,7430.412109375,6702.1015625,0.8375629186630249,0.24994489550590515,0.30356675386428833,0.022599317133426666
43,2.0,51,context-PCG,48,32,4,7430.412109375,1304.7822265625,5.689202308654785,0.24994489550590515,0.14353038370609283,0.010888097807765007
43,2.0,51,hybrid-PCG,48,32,4,7430.412109375,1256.560302734375,5.590397834777832,0.24994489550590515,0.19292709231376648,0.016317104920744896
43,2.0,51,angular-Jacobi-PCG,48,32,4,7430.412109375,1219.8216552734375,5.758769512176514,0.24994489550590515,0.16343003511428833,0.014558160677552223
43,2.0,52,identity-CG,48,32,4,6994.28466796875,6994.28466796875,1.0,0.1980465054512024,0.36807548999786377,0.018875356763601303
43,2.0,52,population-PCG,48,32,4,6994.28466796875,8139.978515625,0.5458133220672607,0.1980465054512024,0.36876431107521057,0.027884870767593384
43,2.0,52,context-PCG,48,32,4,6994.28466796875,1841.1048583984375,3.4482321739196777,0.1980465054512024,0.20356519520282745,0.01472221128642559
43,2.0,52,hybrid-PCG,48,32,4,6994.28466796875,2088.44189453125,2.491889715194702,0.1980465054512024,0.2573733329772949,0.017299886792898178
43,2.0,52,angular-Jacobi-PCG,48,32,4,6994.28466796875,2008.6558837890625,2.673227310180664,0.1980465054512024,0.23622223734855652,0.01546563021838665
43,2.0,53,identity-CG,48,32,4,6909.1220703125,6909.1220703125,1.0,0.2360297292470932,0.3050428628921509,0.018895313143730164
43,2.0,53,population-PCG,48,32,4,6909.1220703125,6957.46630859375,0.9037823677062988,0.2360297292470932,0.29016250371932983,0.02479957975447178
43,2.0,53,context-PCG,48,32,4,6909.1220703125,1236.3486328125,4.665386199951172,0.2360297292470932,0.12206903845071793,0.011938167735934258
43,2.0,53,hybrid-PCG,48,32,4,6909.1220703125,1289.0526123046875,4.808921813964844,0.2360297292470932,0.18804652988910675,0.015517447143793106
43,2.0,53,angular-Jacobi-PCG,48,32,4,6909.1220703125,1243.6466064453125,5.0098066329956055,0.2360297292470932,0.18080921471118927,0.015973523259162903
43,2.0,54,identity-CG,48,32,4,7430.6416015625,7430.6416015625,1.0,0.24032743275165558,0.3315207064151764,0.02146318182349205
43,2.0,54,population-PCG,48,32,4,7430.6416015625,6768.94287109375,0.8851287961006165,0.24032743275165558,0.32495826482772827,0.02541918121278286
43,2.0,54,context-PCG,48,32,4,7430.6416015625,1578.595703125,4.402424335479736,0.24032743275165558,0.13906937837600708,0.013179835863411427
43,2.0,54,hybrid-PCG,48,32,4,7430.6416015625,1682.2076416015625,4.1312665939331055,0.24032743275165558,0.18421883881092072,0.015605378895998001
43,2.0,54,angular-Jacobi-PCG,48,32,4,7430.6416015625,1531.114013671875,4.538949012756348,0.24032743275165558,0.17274422943592072,0.015231264755129814
43,2.0,55,identity-CG,48,32,4,7397.9453125,7397.9453125,1.0,0.20942476391792297,0.391460120677948,0.0297493115067482
43,2.0,55,population-PCG,48,32,4,7397.9453125,7643.6298828125,0.6392647624015808,0.20942476391792297,0.3176388144493103,0.01921917125582695
43,2.0,55,context-PCG,48,32,4,7397.9453125,1617.177734375,3.8765854835510254,0.20942476391792297,0.2214629054069519,0.013700968585908413
43,2.0,55,hybrid-PCG,48,32,4,7397.9453125,1730.703369140625,3.481502056121826,0.20942476391792297,0.2334836721420288,0.01738114282488823
43,2.0,55,angular-Jacobi-PCG,48,32,4,7397.9453125,1652.382080078125,3.766761541366577,0.20942476391792297,0.20385845005512238,0.015245188027620316
43,2.0,56,identity-CG,48,32,4,7128.59228515625,7128.59228515625,1.0,0.21868646144866943,0.46046122908592224,0.030727889388799667
43,2.0,56,population-PCG,48,32,4,7128.59228515625,6268.79150390625,0.9121606349945068,0.21868646144866943,0.37042248249053955,0.026096703484654427
43,2.0,56,context-PCG,48,32,4,7128.59228515625,1509.895263671875,4.702599048614502,0.21868646144866943,0.1752702295780182,0.013383790850639343
43,2.0,56,hybrid-PCG,48,32,4,7128.59228515625,1751.090087890625,3.304410219192505,0.21868646144866943,0.20814819633960724,0.01789366826415062
43,2.0,56,angular-Jacobi-PCG,48,32,4,7128.59228515625,1668.4239501953125,3.577133893966675,0.21868646144866943,0.19221794605255127,0.016300207003951073
43,2.0,57,identity-CG,48,32,4,7158.55908203125,7158.55908203125,1.0,0.2235177755355835,0.3148518204689026,0.018717555329203606
43,2.0,57,population-PCG,48,32,4,7158.55908203125,5883.359375,0.9973143339157104,0.2235177755355835,0.31938380002975464,0.022342797368764877
43,2.0,57,context-PCG,48,32,4,7158.55908203125,1397.6500244140625,4.697386741638184,0.2235177755355835,0.15035590529441833,0.01140827126801014
43,2.0,57,hybrid-PCG,48,32,4,7158.55908203125,1683.1922607421875,3.7881112098693848,0.2235177755355835,0.2106931507587433,0.016679413616657257
43,2.0,57,angular-Jacobi-PCG,48,32,4,7158.55908203125,1579.5435791015625,4.071781635284424,0.2235177755355835,0.20372538268566132,0.016423162072896957
43,2.0,58,identity-CG,48,32,4,6765.53662109375,6765.53662109375,1.0,0.21561896800994873,0.24039418995380402,0.016582230105996132
43,2.0,58,population-PCG,48,32,4,6765.53662109375,5621.24365234375,1.1354142427444458,0.21561896800994873,0.3761924207210541,0.03082994371652603
43,2.0,58,context-PCG,48,32,4,6765.53662109375,1086.869384765625,4.986429691314697,0.21561896800994873,0.15152105689048767,0.01260211132466793
43,2.0,58,hybrid-PCG,48,32,4,6765.53662109375,1203.1402587890625,4.733864784240723,0.21561896800994873,0.1529553234577179,0.013270722702145576
43,2.0,58,angular-Jacobi-PCG,48,32,4,6765.53662109375,1166.525390625,4.888245105743408,0.21561896800994873,0.13172057271003723,0.01307761576026678
43,2.0,59,identity-CG,48,32,4,6666.08837890625,6666.08837890625,1.0,0.22870659828186035,0.3163074851036072,0.021573901176452637
43,2.0,59,population-PCG,48,32,4,6666.08837890625,4360.56884765625,1.4160881042480469,0.22870659828186035,0.22552025318145752,0.017164316028356552
43,2.0,59,context-PCG,48,32,4,6666.08837890625,1116.5654296875,5.320759296417236,0.22870659828186035,0.11680751293897629,0.010753524489700794
43,2.0,59,hybrid-PCG,48,32,4,6666.08837890625,1377.3421630859375,4.716309070587158,0.22870659828186035,0.16456332802772522,0.013587947003543377
43,2.0,59,angular-Jacobi-PCG,48,32,4,6666.08837890625,1352.5106201171875,4.839119911193848,0.22870659828186035,0.1640327274799347,0.01320821326225996
43,2.0,60,identity-CG,48,32,4,7324.27685546875,7324.27685546875,1.0,0.22266331315040588,0.3340718150138855,0.024028044193983078
43,2.0,60,population-PCG,48,32,4,7324.27685546875,10188.875,0.7223004102706909,0.22266331315040588,0.3211877644062042,0.02331624925136566
43,2.0,60,context-PCG,48,32,4,7324.27685546875,1452.3095703125,3.2721107006073,0.22266331315040588,0.1927221119403839,0.015186779201030731
43,2.0,60,hybrid-PCG,48,32,4,7324.27685546875,1459.869140625,3.580559730529785,0.22266331315040588,0.16682502627372742,0.015072900801897049
43,2.0,60,angular-Jacobi-PCG,48,32,4,7324.27685546875,1347.33251953125,3.774641513824463,0.22266331315040588,0.16894076764583588,0.01593855209648609
43,2.0,61,identity-CG,48,32,4,6807.24755859375,6807.24755859375,1.0,0.2392583191394806,0.36036643385887146,0.023084793239831924
43,2.0,61,population-PCG,48,32,4,6807.24755859375,6967.85009765625,0.7498232126235962,0.2392583191394806,0.3179890513420105,0.025189287960529327
43,2.0,61,context-PCG,48,32,4,6807.24755859375,1232.0230712890625,3.9308297634124756,0.2392583191394806,0.16367562115192413,0.012831578031182289
43,2.0,61,hybrid-PCG,48,32,4,6807.24755859375,1220.7003173828125,3.8917312622070312,0.2392583191394806,0.1658705770969391,0.013719027861952782
43,2.0,61,angular-Jacobi-PCG,48,32,4,6807.24755859375,1190.0401611328125,4.064786911010742,0.2392583191394806,0.17490200698375702,0.014452002942562103
43,2.0,62,identity-CG,48,32,4,7610.82958984375,7610.82958984375,1.0,0.21435904502868652,0.40920236706733704,0.03360253572463989
43,2.0,62,population-PCG,48,32,4,7610.82958984375,5648.31201171875,0.7192942500114441,0.21435904502868652,0.32710155844688416,0.025228390470147133
43,2.0,62,context-PCG,48,32,4,7610.82958984375,1698.996337890625,3.5225272178649902,0.21435904502868652,0.1727701723575592,0.013439323753118515
43,2.0,62,hybrid-PCG,48,32,4,7610.82958984375,1727.8814697265625,2.731844186782837,0.21435904502868652,0.1865886151790619,0.015452573075890541
43,2.0,62,angular-Jacobi-PCG,48,32,4,7610.82958984375,1661.6702880859375,2.939984083175659,0.21435904502868652,0.17007136344909668,0.015260505490005016
43,2.0,63,identity-CG,48,32,4,7198.13720703125,7198.13720703125,1.0,0.23632165789604187,0.40038251876831055,0.023323791101574898
43,2.0,63,population-PCG,48,32,4,7198.13720703125,6046.1884765625,0.9462985992431641,0.23632165789604187,0.2640947103500366,0.0173799991607666
43,2.0,63,context-PCG,48,32,4,7198.13720703125,1177.835693359375,5.431187152862549,0.23632165789604187,0.15724891424179077,0.012615798972547054
43,2.0,63,hybrid-PCG,48,32,4,7198.13720703125,1290.074462890625,5.085191249847412,0.23632165789604187,0.19105857610702515,0.014443655498325825
43,2.0,63,angular-Jacobi-PCG,48,32,4,7198.13720703125,1242.86474609375,5.278350353240967,0.23632165789604187,0.2039036750793457,0.014820680022239685
43,3.0,0,identity-CG,48,32,4,3411.314208984375,3411.314208984375,1.0,0.3225686252117157,0.12165600061416626,0.011946635320782661
43,3.0,0,population-PCG,48,32,4,3411.314208984375,2071.921142578125,0.7937703132629395,0.3225686252117157,0.13391825556755066,0.012983756139874458
43,3.0,0,context-PCG,48,32,4,3411.314208984375,747.890380859375,3.974945545196533,0.3225686252117157,0.05716334655880928,0.006218536291271448
43,3.0,0,hybrid-PCG,48,32,4,3411.314208984375,787.272216796875,3.9395699501037598,0.3225686252117157,0.09262335300445557,0.008684029802680016
43,3.0,0,angular-Jacobi-PCG,48,32,4,3411.314208984375,771.0145263671875,3.999602794647217,0.3225686252117157,0.0865168496966362,0.008495394140481949
43,3.0,1,identity-CG,48,32,4,3834.464111328125,3834.464111328125,1.0,0.3330489695072174,0.1179599016904831,0.014028719626367092
43,3.0,1,population-PCG,48,32,4,3834.464111328125,2137.356689453125,1.6430507898330688,0.3330489695072174,0.11037006974220276,0.01153784804046154
43,3.0,1,context-PCG,48,32,4,3834.464111328125,576.4319458007812,6.099206924438477,0.3330489695072174,0.046542033553123474,0.005432405509054661
43,3.0,1,hybrid-PCG,48,32,4,3834.464111328125,532.9259033203125,5.5127644538879395,0.3330489695072174,0.07517656683921814,0.007102369796484709
43,3.0,1,angular-Jacobi-PCG,48,32,4,3834.464111328125,527.6065673828125,5.688333988189697,0.3330489695072174,0.06916709244251251,0.006716476287692785
43,3.0,2,identity-CG,48,32,4,3724.172119140625,3724.172119140625,1.0,0.3177330493927002,0.09280277788639069,0.008768366649746895
43,3.0,2,population-PCG,48,32,4,3724.172119140625,1930.1885986328125,1.3117890357971191,0.3177330493927002,0.17308497428894043,0.015249674208462238
43,3.0,2,context-PCG,48,32,4,3724.172119140625,549.8926391601562,6.772543907165527,0.3177330493927002,0.046091228723526,0.005420999601483345
43,3.0,2,hybrid-PCG,48,32,4,3724.172119140625,486.2337951660156,7.419363021850586,0.3177330493927002,0.06650413572788239,0.007868729531764984
43,3.0,2,angular-Jacobi-PCG,48,32,4,3724.172119140625,483.34039306640625,7.425544738769531,0.3177330493927002,0.06909944862127304,0.00811108760535717
43,3.0,3,identity-CG,48,32,4,3514.37255859375,3514.37255859375,1.0,0.2940734326839447,0.09428384900093079,0.008146388456225395
43,3.0,3,population-PCG,48,32,4,3514.37255859375,2269.2373046875,1.4993081092834473,0.2940734326839447,0.12362420558929443,0.014401474967598915
43,3.0,3,context-PCG,48,32,4,3514.37255859375,579.8186645507812,5.900289058685303,0.2940734326839447,0.05127561837434769,0.005248640663921833
43,3.0,3,hybrid-PCG,48,32,4,3514.37255859375,499.6759338378906,5.951709270477295,0.2940734326839447,0.0776626467704773,0.006927707232534885
43,3.0,3,angular-Jacobi-PCG,48,32,4,3514.37255859375,496.21038818359375,6.09364652633667,0.2940734326839447,0.07889743149280548,0.0071962689980864525
43,3.0,4,identity-CG,48,32,4,3480.7490234375,3480.7490234375,1.0,0.3175692856311798,0.10934512317180634,0.013106273487210274
43,3.0,4,population-PCG,48,32,4,3480.7490234375,1172.47216796875,1.1417840719223022,0.3175692856311798,0.11779394745826721,0.016259975731372833
43,3.0,4,context-PCG,48,32,4,3480.7490234375,521.9927978515625,5.2218241691589355,0.3175692856311798,0.045828014612197876,0.0051869601011276245
43,3.0,4,hybrid-PCG,48,32,4,3480.7490234375,542.417724609375,5.594944953918457,0.3175692856311798,0.05682430788874626,0.007285615894943476
43,3.0,4,angular-Jacobi-PCG,48,32,4,3480.7490234375,537.9876708984375,5.751166343688965,0.3175692856311798,0.055469539016485214,0.007390008773654699
43,3.0,5,identity-CG,48,32,4,3777.136962890625,3777.136962890625,1.0,0.33660179376602173,0.10901432484388351,0.012603560462594032
43,3.0,5,population-PCG,48,32,4,3777.136962890625,2002.66552734375,1.3638187646865845,0.33660179376602173,0.13245847821235657,0.013998329639434814
43,3.0,5,context-PCG,48,32,4,3777.136962890625,623.3348388671875,4.839074611663818,0.33660179376602173,0.06178109347820282,0.006619236897677183
43,3.0,5,hybrid-PCG,48,32,4,3777.136962890625,672.6757202148438,5.403914451599121,0.33660179376602173,0.08451108634471893,0.008146421983838081
43,3.0,5,angular-Jacobi-PCG,48,32,4,3777.136962890625,670.26904296875,5.46697998046875,0.33660179376602173,0.08552579581737518,0.008150273934006691
43,3.0,6,identity-CG,48,32,4,3751.67822265625,3751.67822265625,1.0,0.29760903120040894,0.14598974585533142,0.015160564333200455
43,3.0,6,population-PCG,48,32,4,3751.67822265625,2829.093994140625,1.1971642971038818,0.29760903120040894,0.12648151814937592,0.014199861325323582
43,3.0,6,context-PCG,48,32,4,3751.67822265625,555.298828125,5.4693684577941895,0.29760903120040894,0.04625166207551956,0.005467654671519995
43,3.0,6,hybrid-PCG,48,32,4,3751.67822265625,551.002685546875,6.1467766761779785,0.29760903120040894,0.07899223268032074,0.008323801681399345
43,3.0,6,angular-Jacobi-PCG,48,32,4,3751.67822265625,543.495849609375,6.2316765785217285,0.29760903120040894,0.07319743931293488,0.008209670893847942
43,3.0,7,identity-CG,48,32,4,3407.593505859375,3407.593505859375,1.0,0.32418787479400635,0.11557556688785553,0.012771542184054852
43,3.0,7,population-PCG,48,32,4,3407.593505859375,2462.084228515625,1.2992444038391113,0.32418787479400635,0.1185971051454544,0.014686253853142262
43,3.0,7,context-PCG,48,32,4,3407.593505859375,636.8132934570312,5.088510513305664,0.32418787479400635,0.04493096470832825,0.005633220542222261
43,3.0,7,hybrid-PCG,48,32,4,3407.593505859375,572.0762939453125,4.943418979644775,0.32418787479400635,0.07401908934116364,0.00630476139485836
43,3.0,7,angular-Jacobi-PCG,48,32,4,3407.593505859375,566.9682006835938,5.008619785308838,0.32418787479400635,0.0705743208527565,0.0063586365431547165
43,3.0,8,identity-CG,48,32,4,3670.014892578125,3670.014892578125,1.0,0.3220558762550354,0.08763797581195831,0.008432194590568542
43,3.0,8,population-PCG,48,32,4,3670.014892578125,2011.621337890625,1.7701448202133179,0.3220558762550354,0.13906671106815338,0.015951264649629593
43,3.0,8,context-PCG,48,32,4,3670.014892578125,528.0662231445312,6.140779972076416,0.3220558762550354,0.046141207218170166,0.005275620147585869
43,3.0,8,hybrid-PCG,48,32,4,3670.014892578125,542.6109619140625,6.726292133331299,0.3220558762550354,0.060763753950595856,0.006657576188445091
43,3.0,8,angular-Jacobi-PCG,48,32,4,3670.014892578125,519.3043212890625,6.855241298675537,0.3220558762550354,0.05713525041937828,0.006171740125864744
43,3.0,9,identity-CG,48,32,4,3815.234375,3815.234375,1.0,0.3498847782611847,0.1370629072189331,0.015100152231752872
43,3.0,9,population-PCG,48,32,4,3815.234375,1950.7296142578125,1.9385998249053955,0.3498847782611847,0.1343405544757843,0.014801092445850372
43,3.0,9,context-PCG,48,32,4,3815.234375,501.2777099609375,6.300663471221924,0.3498847782611847,0.044218502938747406,0.004926593974232674
43,3.0,9,hybrid-PCG,48,32,4,3815.234375,497.46832275390625,6.750967502593994,0.3498847782611847,0.06168469041585922,0.00726353470236063
43,3.0,9,angular-Jacobi-PCG,48,32,4,3815.234375,491.3632507324219,6.8580780029296875,0.3498847782611847,0.06132586672902107,0.007109045051038265
43,3.0,10,identity-CG,48,32,4,3563.0283203125,3563.0283203125,1.0,0.3275100290775299,0.09499643743038177,0.010010896250605583
43,3.0,10,population-PCG,48,32,4,3563.0283203125,1339.631103515625,1.4205108880996704,0.3275100290775299,0.12065920233726501,0.011837019585072994
43,3.0,10,context-PCG,48,32,4,3563.0283203125,530.8343505859375,5.290940761566162,0.3275100290775299,0.04663379117846489,0.005280265584588051
43,3.0,10,hybrid-PCG,48,32,4,3563.0283203125,515.0386352539062,5.8824462890625,0.3275100290775299,0.06181660667061806,0.005587719846516848
43,3.0,10,angular-Jacobi-PCG,48,32,4,3563.0283203125,507.3898010253906,5.974874496459961,0.3275100290775299,0.056815601885318756,0.005654678680002689
43,3.0,11,identity-CG,48,32,4,3940.095703125,3940.095703125,1.0,0.37879544496536255,0.11965341866016388,0.011582624167203903
43,3.0,11,population-PCG,48,32,4,3940.095703125,4743.12255859375,0.8306965827941895,0.37879544496536255,0.1820048987865448,0.020763374865055084
43,3.0,11,context-PCG,48,32,4,3940.095703125,706.4053955078125,4.888209819793701,0.37879544496536255,0.07974070310592651,0.008168363943696022
43,3.0,11,hybrid-PCG,48,32,4,3940.095703125,800.2005615234375,4.8957414627075195,0.37879544496536255,0.11082012206315994,0.010640827938914299
43,3.0,11,angular-Jacobi-PCG,48,32,4,3940.095703125,755.187744140625,4.951228618621826,0.37879544496536255,0.09778870642185211,0.009550368413329124
43,3.0,12,identity-CG,48,32,4,3710.525146484375,3710.525146484375,1.0,0.305977463722229,0.12823978066444397,0.01293281838297844
43,3.0,12,population-PCG,48,32,4,3710.525146484375,1859.4141845703125,1.7282590866088867,0.305977463722229,0.13439863920211792,0.015013557858765125
43,3.0,12,context-PCG,48,32,4,3710.525146484375,611.3153076171875,5.626082897186279,0.305977463722229,0.06661178171634674,0.006278180051594973
43,3.0,12,hybrid-PCG,48,32,4,3710.525146484375,618.294677734375,5.562574863433838,0.305977463722229,0.11519885063171387,0.008408335968852043
43,3.0,12,angular-Jacobi-PCG,48,32,4,3710.525146484375,607.14599609375,5.664717674255371,0.305977463722229,0.1059742197394371,0.00835721381008625
43,3.0,13,identity-CG,48,32,4,3572.727294921875,3572.727294921875,1.0,0.3203597664833069,0.13133040070533752,0.012646048329770565
43,3.0,13,population-PCG,48,32,4,3572.727294921875,1797.617919921875,1.2020620107650757,0.3203597664833069,0.1636112779378891,0.015536869876086712
43,3.0,13,context-PCG,48,32,4,3572.727294921875,643.0208129882812,5.291755676269531,0.3203597664833069,0.06450217217206955,0.006490191910415888
43,3.0,13,hybrid-PCG,48,32,4,3572.727294921875,625.13916015625,5.357937335968018,0.3203597664833069,0.09743332862854004,0.007636187132447958
43,3.0,13,angular-Jacobi-PCG,48,32,4,3572.727294921875,605.6350708007812,5.42717981338501,0.3203597664833069,0.09368099272251129,0.007818046025931835
43,3.0,14,identity-CG,48,32,4,3611.347412109375,3611.347412109375,1.0,0.28096169233322144,0.10190150141716003,0.011374915950000286
43,3.0,14,population-PCG,48,32,4,3611.347412109375,1929.03662109375,1.7407275438308716,0.28096169233322144,0.13260675966739655,0.013027453795075417
43,3.0,14,context-PCG,48,32,4,3611.347412109375,706.6112060546875,4.50673770904541,0.28096169233322144,0.05882721021771431,0.007118739187717438
43,3.0,14,hybrid-PCG,48,32,4,3611.347412109375,768.3385009765625,4.296065807342529,0.28096169233322144,0.1054488867521286,0.009645132347941399
43,3.0,14,angular-Jacobi-PCG,48,32,4,3611.347412109375,752.0747680664062,4.355642795562744,0.28096169233322144,0.10046455264091492,0.009423479437828064
43,3.0,15,identity-CG,48,32,4,3526.01171875,3526.01171875,1.0,0.28783488273620605,0.06938250362873077,0.007298790849745274
43,3.0,15,population-PCG,48,32,4,3526.01171875,2119.43212890625,1.184852123260498,0.28783488273620605,0.1416325718164444,0.01420888677239418
43,3.0,15,context-PCG,48,32,4,3526.01171875,654.2943725585938,4.400554180145264,0.28783488273620605,0.04714038968086243,0.005153547506779432
43,3.0,15,hybrid-PCG,48,32,4,3526.01171875,644.46728515625,4.244724750518799,0.28783488273620605,0.08445116877555847,0.007861992344260216
43,3.0,15,angular-Jacobi-PCG,48,32,4,3526.01171875,635.5658569335938,4.321732044219971,0.28783488273620605,0.07947181165218353,0.007520846091210842
43,3.0,16,identity-CG,48,32,4,3452.7607421875,3452.7607421875,1.0,0.2911892533302307,0.0930679589509964,0.010222706012427807
43,3.0,16,population-PCG,48,32,4,3452.7607421875,1100.6795654296875,1.6043936014175415,0.2911892533302307,0.10040605813264847,0.010524982586503029
43,3.0,16,context-PCG,48,32,4,3452.7607421875,399.55938720703125,6.138672351837158,0.2911892533302307,0.0340060219168663,0.004114030860364437
43,3.0,16,hybrid-PCG,48,32,4,3452.7607421875,477.910400390625,5.983205318450928,0.2911892533302307,0.05701543763279915,0.006703332532197237
43,3.0,16,angular-Jacobi-PCG,48,32,4,3452.7607421875,470.1033935546875,6.141589164733887,0.2911892533302307,0.053874578326940536,0.00618605874478817
43,3.0,17,identity-CG,48,32,4,3406.900146484375,3406.900146484375,1.0,0.32716429233551025,0.07246790826320648,0.006568442098796368
43,3.0,17,population-PCG,48,32,4,3406.900146484375,4217.0986328125,0.8198279738426208,0.32716429233551025,0.18279176950454712,0.01637919992208481
43,3.0,17,context-PCG,48,32,4,3406.900146484375,876.1031494140625,3.811436414718628,0.32716429233551025,0.07365821301937103,0.00818439107388258
43,3.0,17,hybrid-PCG,48,32,4,3406.900146484375,804.554931640625,4.304409027099609,0.32716429233551025,0.11286769807338715,0.009335139766335487
43,3.0,17,angular-Jacobi-PCG,48,32,4,3406.900146484375,790.503173828125,4.294611930847168,0.32716429233551025,0.1092597246170044,0.009340102784335613
43,3.0,18,identity-CG,48,32,4,3729.252685546875,3729.252685546875,1.0,0.33131855726242065,0.11977018415927887,0.01193445734679699
43,3.0,18,population-PCG,48,32,4,3729.252685546875,2299.951171875,1.6333322525024414,0.33131855726242065,0.14353598654270172,0.01508939266204834
43,3.0,18,context-PCG,48,32,4,3729.252685546875,665.4962158203125,5.349540710449219,0.33131855726242065,0.05147910863161087,0.005425933748483658
43,3.0,18,hybrid-PCG,48,32,4,3729.252685546875,806.9295654296875,4.411908149719238,0.33131855726242065,0.09284400939941406,0.008261622861027718
43,3.0,18,angular-Jacobi-PCG,48,32,4,3729.252685546875,784.6477661132812,4.537193775177002,0.33131855726242065,0.09739108383655548,0.008543075993657112
43,3.0,19,identity-CG,48,32,4,3706.7802734375,3706.7802734375,1.0,0.29630959033966064,0.12460508942604065,0.012221487239003181
43,3.0,19,population-PCG,48,32,4,3706.7802734375,2551.941162109375,1.362646222114563,0.29630959033966064,0.1512812376022339,0.012598853558301926
43,3.0,19,context-PCG,48,32,4,3706.7802734375,656.67626953125,5.295444965362549,0.29630959033966064,0.04868693649768829,0.005164650268852711
43,3.0,19,hybrid-PCG,48,32,4,3706.7802734375,647.7931518554688,5.063040733337402,0.29630959033966064,0.08597315847873688,0.008465847000479698
43,3.0,19,angular-Jacobi-PCG,48,32,4,3706.7802734375,643.7859497070312,5.254983425140381,0.29630959033966064,0.08594368398189545,0.008503278717398643
43,3.0,20,identity-CG,48,32,4,3621.390869140625,3621.390869140625,1.0,0.3583109378814697,0.09325532615184784,0.008071359246969223
43,3.0,20,population-PCG,48,32,4,3621.390869140625,3631.040283203125,1.0639203786849976,0.3583109378814697,0.15768639743328094,0.015959497541189194
43,3.0,20,context-PCG,48,32,4,3621.390869140625,774.87158203125,4.656622886657715,0.3583109378814697,0.05829006806015968,0.0060339923948049545
43,3.0,20,hybrid-PCG,48,32,4,3621.390869140625,723.1318969726562,5.342231273651123,0.3583109378814697,0.08901794254779816,0.008317491039633751
43,3.0,20,angular-Jacobi-PCG,48,32,4,3621.390869140625,713.4412841796875,5.414793968200684,0.3583109378814697,0.08215253800153732,0.0077463239431381226
43,3.0,21,identity-CG,48,32,4,3674.514404296875,3674.514404296875,1.0,0.2998652458190918,0.11913257837295532,0.012465406209230423
43,3.0,21,population-PCG,48,32,4,3674.514404296875,1905.04296875,1.4756648540496826,0.2998652458190918,0.1286143958568573,0.014703169465065002
43,3.0,21,context-PCG,48,32,4,3674.514404296875,609.0585327148438,5.534115791320801,0.2998652458190918,0.03819917514920235,0.0047850958071649075
43,3.0,21,hybrid-PCG,48,32,4,3674.514404296875,644.2635498046875,5.66901159286499,0.2998652458190918,0.06932353228330612,0.0067115952260792255
43,3.0,21,angular-Jacobi-PCG,48,32,4,3674.514404296875,632.6723022460938,5.774012088775635,0.2998652458190918,0.06804413348436356,0.006915492005646229
43,3.0,22,identity-CG,48,32,4,3733.28955078125,3733.28955078125,1.0,0.31340351700782776,0.09093961119651794,0.011190222576260567
43,3.0,22,population-PCG,48,32,4,3733.28955078125,1657.028564453125,1.7885775566101074,0.31340351700782776,0.1109754666686058,0.015667829662561417
43,3.0,22,context-PCG,48,32,4,3733.28955078125,421.1834716796875,7.316145896911621,0.31340351700782776,0.029637636616826057,0.004108484834432602
43,3.0,22,hybrid-PCG,48,32,4,3733.28955078125,405.7716979980469,7.37080192565918,0.31340351700782776,0.046735960990190506,0.005421399138867855
43,3.0,22,angular-Jacobi-PCG,48,32,4,3733.28955078125,397.2355651855469,7.5108642578125,0.31340351700782776,0.04408462345600128,0.0051751891151070595
43,3.0,23,identity-CG,48,32,4,3756.58251953125,3756.58251953125,1.0,0.2884962558746338,0.07019737362861633,0.007529586553573608
43,3.0,23,population-PCG,48,32,4,3756.58251953125,1588.761474609375,1.0909779071807861,0.2884962558746338,0.16210812330245972,0.015201777219772339
43,3.0,23,context-PCG,48,32,4,3756.58251953125,623.0982055664062,4.667471408843994,0.2884962558746338,0.05561241880059242,0.006285003386437893
43,3.0,23,hybrid-PCG,48,32,4,3756.58251953125,651.0553588867188,5.005931854248047,0.2884962558746338,0.09456364810466766,0.007214923854917288
43,3.0,23,angular-Jacobi-PCG,48,32,4,3756.58251953125,641.3951416015625,5.097293376922607,0.2884962558746338,0.08780345320701599,0.006905884016305208
43,3.0,24,identity-CG,48,32,4,3444.958984375,3444.958984375,1.0,0.31690752506256104,0.09533929824829102,0.009238261729478836
43,3.0,24,population-PCG,48,32,4,3444.958984375,2771.65576171875,0.9607497453689575,0.31690752506256104,0.2154136300086975,0.015498601831495762
43,3.0,24,context-PCG,48,32,4,3444.958984375,536.9215698242188,4.24492073059082,0.31690752506256104,0.06180938333272934,0.005122640170156956
43,3.0,24,hybrid-PCG,48,32,4,3444.958984375,514.5494995117188,4.275352478027344,0.31690752506256104,0.112974613904953,0.0067444550804793835
43,3.0,24,angular-Jacobi-PCG,48,32,4,3444.958984375,505.8076171875,4.291499137878418,0.31690752506256104,0.11137530207633972,0.00690951244905591
43,3.0,25,identity-CG,48,32,4,3467.994140625,3467.994140625,1.0,0.3059757947921753,0.09745917469263077,0.009924746118485928
43,3.0,25,population-PCG,48,32,4,3467.994140625,1613.58056640625,2.246720314025879,0.3059757947921753,0.12603217363357544,0.016298741102218628
43,3.0,25,context-PCG,48,32,4,3467.994140625,459.3484191894531,5.9358811378479,0.3059757947921753,0.03760217875242233,0.004323417786508799
43,3.0,25,hybrid-PCG,48,32,4,3467.994140625,428.6385192871094,6.043331623077393,0.3059757947921753,0.05111487954854965,0.006018134765326977
43,3.0,25,angular-Jacobi-PCG,48,32,4,3467.994140625,425.53497314453125,6.129427909851074,0.3059757947921753,0.04902847111225128,0.005905496887862682
43,3.0,26,identity-CG,48,32,4,3589.691162109375,3589.691162109375,1.0,0.30118316411972046,0.08189783990383148,0.009092774242162704
43,3.0,26,population-PCG,48,32,4,3589.691162109375,1947.5679931640625,1.2663623094558716,0.30118316411972046,0.11162352561950684,0.012440596707165241
43,3.0,26,context-PCG,48,32,4,3589.691162109375,521.1690673828125,4.733036994934082,0.30118316411972046,0.051107533276081085,0.005173888988792896
43,3.0,26,hybrid-PCG,48,32,4,3589.691162109375,488.06884765625,5.217831611633301,0.30118316411972046,0.09204323589801788,0.007263084873557091
43,3.0,26,angular-Jacobi-PCG,48,32,4,3589.691162109375,477.4895324707031,5.248709678649902,0.30118316411972046,0.08624021708965302,0.006547918543219566
43,3.0,27,identity-CG,48,32,4,3937.218505859375,3937.218505859375,1.0,0.35382136702537537,0.13232789933681488,0.014297762885689735
43,3.0,27,population-PCG,48,32,4,3937.218505859375,3681.292236328125,0.8768574595451355,0.35382136702537537,0.16948895156383514,0.01367761567234993
43,3.0,27,context-PCG,48,32,4,3937.218505859375,892.0858764648438,4.4062323570251465,0.35382136702537537,0.065118208527565,0.007487794384360313
43,3.0,27,hybrid-PCG,48,32,4,3937.218505859375,835.7549438476562,4.648335933685303,0.35382136702537537,0.09619567543268204,0.008416554890573025
43,3.0,27,angular-Jacobi-PCG,48,32,4,3937.218505859375,825.9314575195312,4.704779624938965,0.35382136702537537,0.10034888982772827,0.008636635728180408
43,3.0,28,identity-CG,48,32,4,3751.23046875,3751.23046875,1.0,0.3533188998699188,0.08956196904182434,0.009049667976796627
43,3.0,28,population-PCG,48,32,4,3751.23046875,1981.7108154296875,1.75528883934021,0.3533188998699188,0.13855218887329102,0.01690526306629181
43,3.0,28,context-PCG,48,32,4,3751.23046875,595.1465454101562,5.935908794403076,0.3533188998699188,0.04299405217170715,0.005390273407101631
43,3.0,28,hybrid-PCG,48,32,4,3751.23046875,623.8783569335938,6.012759208679199,0.3533188998699188,0.07069829106330872,0.007879624143242836
43,3.0,28,angular-Jacobi-PCG,48,32,4,3751.23046875,602.6697998046875,6.224354267120361,0.3533188998699188,0.06764204055070877,0.007096357177942991
43,3.0,29,identity-CG,48,32,4,3578.71630859375,3578.71630859375,1.0,0.28480708599090576,0.1027931347489357,0.011973775923252106
43,3.0,29,population-PCG,48,32,4,3578.71630859375,2367.978759765625,1.050792932510376,0.28480708599090576,0.12962689995765686,0.016147812828421593
43,3.0,29,context-PCG,48,32,4,3578.71630859375,691.9412231445312,4.768635272979736,0.28480708599090576,0.050898969173431396,0.0051960088312625885
43,3.0,29,hybrid-PCG,48,32,4,3578.71630859375,753.9163208007812,4.376633644104004,0.28480708599090576,0.10749639570713043,0.00891927257180214
43,3.0,29,angular-Jacobi-PCG,48,32,4,3578.71630859375,736.5064697265625,4.480090141296387,0.28480708599090576,0.09627258032560349,0.008160106837749481
43,3.0,30,identity-CG,48,32,4,3535.19091796875,3535.19091796875,1.0,0.27739301323890686,0.07114093005657196,0.007687859702855349
43,3.0,30,population-PCG,48,32,4,3535.19091796875,2406.560302734375,1.4689807891845703,0.27739301323890686,0.1430138349533081,0.0157800130546093
43,3.0,30,context-PCG,48,32,4,3535.19091796875,576.7695922851562,5.107797145843506,0.27739301323890686,0.046217504888772964,0.0051610735245049
43,3.0,30,hybrid-PCG,48,32,4,3535.19091796875,575.6763916015625,4.985782146453857,0.27739301323890686,0.07794906944036484,0.007563562598079443
43,3.0,30,angular-Jacobi-PCG,48,32,4,3535.19091796875,565.5679931640625,4.99544620513916,0.27739301323890686,0.0706026703119278,0.007181346882134676
43,3.0,31,identity-CG,48,32,4,3674.53173828125,3674.53173828125,1.0,0.31167367100715637,0.1329854130744934,0.011417720466852188
43,3.0,31,population-PCG,48,32,4,3674.53173828125,2215.762451171875,1.380061149597168,0.31167367100715637,0.09863287210464478,0.011567741632461548
43,3.0,31,context-PCG,48,32,4,3674.53173828125,733.8826904296875,5.094168663024902,0.31167367100715637,0.04148676246404648,0.00567659130319953
43,3.0,31,hybrid-PCG,48,32,4,3674.53173828125,664.6698608398438,5.589345455169678,0.31167367100715637,0.08434873819351196,0.007895085960626602
43,3.0,31,angular-Jacobi-PCG,48,32,4,3674.53173828125,661.3587036132812,5.652507305145264,0.31167367100715637,0.07614108920097351,0.00751075753942132
43,3.0,32,identity-CG,48,32,4,3554.97802734375,3554.97802734375,1.0,0.37252122163772583,0.1016596183180809,0.010500472038984299
43,3.0,32,population-PCG,48,32,4,3554.97802734375,2390.442138671875,0.873843252658844,0.37252122163772583,0.18005698919296265,0.016278915107250214
43,3.0,32,context-PCG,48,32,4,3554.97802734375,578.6464233398438,4.346763610839844,0.37252122163772583,0.06914923340082169,0.006730168592184782
43,3.0,32,hybrid-PCG,48,32,4,3554.97802734375,560.1915283203125,5.0271711349487305,0.37252122163772583,0.09060430526733398,0.009087719023227692
43,3.0,32,angular-Jacobi-PCG,48,32,4,3554.97802734375,552.16259765625,5.13006591796875,0.37252122163772583,0.08501330018043518,0.008689499460160732
43,3.0,33,identity-CG,48,32,4,3527.113037109375,3527.113037109375,1.0,0.3661525845527649,0.08757668733596802,0.009132616221904755
43,3.0,33,population-PCG,48,32,4,3527.113037109375,3963.578369140625,0.8898810148239136,0.3661525845527649,0.15507574379444122,0.013252725824713707
43,3.0,33,context-PCG,48,32,4,3527.113037109375,896.8167114257812,3.926325798034668,0.3661525845527649,0.06977055966854095,0.007112209685146809
43,3.0,33,hybrid-PCG,48,32,4,3527.113037109375,723.8270874023438,4.203028678894043,0.3661525845527649,0.08378543704748154,0.009129265323281288
43,3.0,33,angular-Jacobi-PCG,48,32,4,3527.113037109375,718.5374145507812,4.253061294555664,0.3661525845527649,0.0871400386095047,0.009294657036662102
43,3.0,34,identity-CG,48,32,4,3642.14404296875,3642.14404296875,1.0,0.31808650493621826,0.12280058115720749,0.013497741892933846
43,3.0,34,population-PCG,48,32,4,3642.14404296875,1936.7987060546875,1.7944079637527466,0.31808650493621826,0.12283366918563843,0.01473662443459034
43,3.0,34,context-PCG,48,32,4,3642.14404296875,579.6049194335938,5.608273983001709,0.31808650493621826,0.04709577187895775,0.00563597260043025
43,3.0,34,hybrid-PCG,48,32,4,3642.14404296875,545.3648071289062,6.182404518127441,0.31808650493621826,0.06204579770565033,0.006685593631118536
43,3.0,34,angular-Jacobi-PCG,48,32,4,3642.14404296875,545.2280883789062,6.291057586669922,0.31808650493621826,0.06151093542575836,0.006713205482810736
43,3.0,35,identity-CG,48,32,4,3675.921875,3675.921875,1.0,0.33860254287719727,0.14129061996936798,0.012294777669012547
43,3.0,35,population-PCG,48,32,4,3675.921875,1980.0391845703125,1.3280491828918457,0.33860254287719727,0.14014047384262085,0.013565018773078918
43,3.0,35,context-PCG,48,32,4,3675.921875,561.3268432617188,4.905732154846191,0.33860254287719727,0.04916521906852722,0.005135754588991404
43,3.0,35,hybrid-PCG,48,32,4,3675.921875,488.2235412597656,4.349183559417725,0.33860254287719727,0.08196640014648438,0.00709701981395483
43,3.0,35,angular-Jacobi-PCG,48,32,4,3675.921875,480.3130798339844,4.425304889678955,0.33860254287719727,0.07880096137523651,0.007118247449398041
43,3.0,36,identity-CG,48,32,4,3623.83447265625,3623.83447265625,1.0,0.2854917049407959,0.11037160456180573,0.013665618374943733
43,3.0,36,population-PCG,48,32,4,3623.83447265625,1214.366943359375,1.893533706665039,0.2854917049407959,0.10707584023475647,0.013927806168794632
43,3.0,36,context-PCG,48,32,4,3623.83447265625,536.1852416992188,6.551368713378906,0.2854917049407959,0.03919655829668045,0.004582155961543322
43,3.0,36,hybrid-PCG,48,32,4,3623.83447265625,512.7574462890625,6.8127241134643555,0.2854917049407959,0.057793453335762024,0.006829296704381704
43,3.0,36,angular-Jacobi-PCG,48,32,4,3623.83447265625,503.77606201171875,6.836490154266357,0.2854917049407959,0.05612943321466446,0.006586690433323383
43,3.0,37,identity-CG,48,32,4,3559.814453125,3559.814453125,1.0,0.3492276072502136,0.10257572680711746,0.00946086086332798
43,3.0,37,population-PCG,48,32,4,3559.814453125,2373.0146484375,1.0279624462127686,0.3492276072502136,0.1601390540599823,0.01755266636610031
43,3.0,37,context-PCG,48,32,4,3559.814453125,678.9381713867188,3.4440135955810547,0.3492276072502136,0.0699194073677063,0.0058908965438604355
43,3.0,37,hybrid-PCG,48,32,4,3559.814453125,588.4615478515625,3.4229397773742676,0.3492276072502136,0.08731624484062195,0.007449818775057793
43,3.0,37,angular-Jacobi-PCG,48,32,4,3559.814453125,582.3302612304688,3.4488143920898438,0.3492276072502136,0.08715604990720749,0.007491514552384615
43,3.0,38,identity-CG,48,32,4,3596.6865234375,3596.6865234375,1.0,0.34394288063049316,0.09373646974563599,0.010143719613552094
43,3.0,38,population-PCG,48,32,4,3596.6865234375,2765.3271484375,1.186324954032898,0.34394288063049316,0.153364896774292,0.017091916874051094
43,3.0,38,context-PCG,48,32,4,3596.6865234375,614.60888671875,4.546645164489746,0.34394288063049316,0.04470936954021454,0.006050044670701027
43,3.0,38,hybrid-PCG,48,32,4,3596.6865234375,647.55078125,4.605094909667969,0.34394288063049316,0.06948911398649216,0.007301373407244682
43,3.0,38,angular-Jacobi-PCG,48,32,4,3596.6865234375,632.2703857421875,4.628442764282227,0.34394288063049316,0.07031497359275818,0.007578390650451183
43,3.0,39,identity-CG,48,32,4,3428.3203125,3428.3203125,1.0,0.37640780210494995,0.11328183859586716,0.009889360517263412
43,3.0,39,population-PCG,48,32,4,3428.3203125,1801.9769287109375,1.3351091146469116,0.37640780210494995,0.11799231916666031,0.014659464359283447
43,3.0,39,context-PCG,48,32,4,3428.3203125,494.2028503417969,5.600717067718506,0.37640780210494995,0.03819071874022484,0.004977737553417683
43,3.0,39,hybrid-PCG,48,32,4,3428.3203125,543.4225463867188,5.954807758331299,0.37640780210494995,0.06380335986614227,0.0065301950089633465
43,3.0,39,angular-Jacobi-PCG,48,32,4,3428.3203125,536.685302734375,6.002199649810791,0.37640780210494995,0.06010996550321579,0.006182543002068996
43,3.0,40,identity-CG,48,32,4,4026.538818359375,4026.538818359375,1.0,0.41818076372146606,0.09768453240394592,0.008606364950537682
43,3.0,40,population-PCG,48,32,4,4026.538818359375,2035.8779296875,1.0851655006408691,0.41818076372146606,0.202349454164505,0.01722976192831993
43,3.0,40,context-PCG,48,32,4,4026.538818359375,468.1468505859375,4.9463210105896,0.41818076372146606,0.08301791548728943,0.007207919843494892
43,3.0,40,hybrid-PCG,48,32,4,4026.538818359375,472.1772766113281,4.821549415588379,0.41818076372146606,0.11467719078063965,0.009280912578105927
43,3.0,40,angular-Jacobi-PCG,48,32,4,4026.538818359375,460.8866882324219,4.943362236022949,0.41818076372146606,0.10466288775205612,0.008713047951459885
43,3.0,41,identity-CG,48,32,4,3620.571044921875,3620.571044921875,1.0,0.33084234595298767,0.1038062795996666,0.010341976769268513
43,3.0,41,population-PCG,48,32,4,3620.571044921875,1763.2672119140625,1.1220232248306274,0.33084234595298767,0.15873774886131287,0.015142370015382767
43,3.0,41,context-PCG,48,32,4,3620.571044921875,560.7225952148438,6.226925849914551,0.33084234595298767,0.04859336465597153,0.00554630858823657
43,3.0,41,hybrid-PCG,48,32,4,3620.571044921875,560.8308715820312,5.611506938934326,0.33084234595298767,0.06404762715101242,0.0062312353402376175
43,3.0,41,angular-Jacobi-PCG,48,32,4,3620.571044921875,548.8779296875,5.742930889129639,0.33084234595298767,0.062185756862163544,0.0063282400369644165
43,3.0,42,identity-CG,48,32,4,3590.968017578125,3590.968017578125,1.0,0.40981489419937134,0.113426074385643,0.010493586771190166
43,3.0,42,population-PCG,48,32,4,3590.968017578125,3175.979736328125,1.1193690299987793,0.40981489419937134,0.2024906575679779,0.018898744136095047
43,3.0,42,context-PCG,48,32,4,3590.968017578125,783.7566528320312,4.623838901519775,0.40981489419937134,0.08405201137065887,0.009049626998603344
43,3.0,42,hybrid-PCG,48,32,4,3590.968017578125,815.4789428710938,4.443970680236816,0.40981489419937134,0.10240060091018677,0.010086150839924812
43,3.0,42,angular-Jacobi-PCG,48,32,4,3590.968017578125,795.3734741210938,4.556305408477783,0.40981489419937134,0.10074947774410248,0.00998381432145834
43,3.0,43,identity-CG,48,32,4,3381.073974609375,3381.073974609375,1.0,0.2779747247695923,0.10488910228013992,0.010120418854057789
43,3.0,43,population-PCG,48,32,4,3381.073974609375,3080.392578125,0.8212137222290039,0.2779747247695923,0.1713457554578781,0.016520598903298378
43,3.0,43,context-PCG,48,32,4,3381.073974609375,812.0557861328125,3.6252026557922363,0.2779747247695923,0.06320442259311676,0.0063072917982935905
43,3.0,43,hybrid-PCG,48,32,4,3381.073974609375,790.5466918945312,4.136106491088867,0.2779747247695923,0.09816071391105652,0.010471595451235771
43,3.0,43,angular-Jacobi-PCG,48,32,4,3381.073974609375,775.7805786132812,4.188981533050537,0.2779747247695923,0.09453211724758148,0.009798296727240086
43,3.0,44,identity-CG,48,32,4,3525.964111328125,3525.964111328125,1.0,0.3173767924308777,0.07362421602010727,0.007544166408479214
43,3.0,44,population-PCG,48,32,4,3525.964111328125,2549.0625,0.9348159432411194,0.3173767924308777,0.16134437918663025,0.016463827341794968
43,3.0,44,context-PCG,48,32,4,3525.964111328125,702.3680419921875,4.383452415466309,0.3173767924308777,0.05053357034921646,0.005561633035540581
43,3.0,44,hybrid-PCG,48,32,4,3525.964111328125,585.9549560546875,4.30056619644165,0.3173767924308777,0.08425744622945786,0.008194171823561192
43,3.0,44,angular-Jacobi-PCG,48,32,4,3525.964111328125,577.1377563476562,4.3323750495910645,0.3173767924308777,0.08145059645175934,0.007737226318567991
43,3.0,45,identity-CG,48,32,4,3691.19091796875,3691.19091796875,1.0,0.2930793762207031,0.11848625540733337,0.013562075793743134
43,3.0,45,population-PCG,48,32,4,3691.19091796875,1396.67041015625,2.0821454524993896,0.2930793762207031,0.11091639846563339,0.01600143313407898
43,3.0,45,context-PCG,48,32,4,3691.19091796875,546.3121948242188,6.334268569946289,0.2930793762207031,0.03971915692090988,0.004791423678398132
43,3.0,45,hybrid-PCG,48,32,4,3691.19091796875,563.9012451171875,6.468648910522461,0.2930793762207031,0.06719323247671127,0.007200750522315502
43,3.0,45,angular-Jacobi-PCG,48,32,4,3691.19091796875,559.98291015625,6.590240001678467,0.2930793762207031,0.06661447137594223,0.007025195751339197
43,3.0,46,identity-CG,48,32,4,3674.325927734375,3674.325927734375,1.0,0.32724934816360474,0.10845837742090225,0.010666236281394958
43,3.0,46,population-PCG,48,32,4,3674.325927734375,2029.193115234375,1.7406684160232544,0.32724934816360474,0.11113708466291428,0.014276748523116112
43,3.0,46,context-PCG,48,32,4,3674.325927734375,527.9539794921875,5.786580562591553,0.32724934816360474,0.03719710558652878,0.00425272062420845
43,3.0,46,hybrid-PCG,48,32,4,3674.325927734375,463.9217529296875,6.874953746795654,0.32724934816360474,0.05849321186542511,0.005635848734527826
43,3.0,46,angular-Jacobi-PCG,48,32,4,3674.325927734375,456.173583984375,6.884901523590088,0.32724934816360474,0.054330531507730484,0.005461317021399736
43,3.0,47,identity-CG,48,32,4,3405.365234375,3405.365234375,1.0,0.39235591888427734,0.10904519259929657,0.010485107079148293
43,3.0,47,population-PCG,48,32,4,3405.365234375,3777.4775390625,0.8868691921234131,0.39235591888427734,0.1684594750404358,0.01580476202070713
43,3.0,47,context-PCG,48,32,4,3405.365234375,712.5307006835938,4.701732158660889,0.39235591888427734,0.0676548033952713,0.006646196823567152
43,3.0,47,hybrid-PCG,48,32,4,3405.365234375,574.2443237304688,4.900866985321045,0.39235591888427734,0.0910465270280838,0.007788613438606262
43,3.0,47,angular-Jacobi-PCG,48,32,4,3405.365234375,571.8751220703125,5.020294189453125,0.39235591888427734,0.09058613330125809,0.008241260424256325
43,3.0,48,identity-CG,48,32,4,3617.498046875,3617.498046875,1.0,0.331510990858078,0.14350897073745728,0.01444624736905098
43,3.0,48,population-PCG,48,32,4,3617.498046875,2423.03515625,1.1361525058746338,0.331510990858078,0.1313575655221939,0.013425687327980995
43,3.0,48,context-PCG,48,32,4,3617.498046875,600.0358276367188,4.479015350341797,0.331510990858078,0.048388998955488205,0.006045105867087841
43,3.0,48,hybrid-PCG,48,32,4,3617.498046875,601.38037109375,4.212717056274414,0.331510990858078,0.08818700164556503,0.008120425045490265
43,3.0,48,angular-Jacobi-PCG,48,32,4,3617.498046875,586.5331420898438,4.336410999298096,0.331510990858078,0.08547288924455643,0.008166993968188763
43,3.0,49,identity-CG,48,32,4,3744.92626953125,3744.92626953125,1.0,0.4073124825954437,0.12471090257167816,0.013242414221167564
43,3.0,49,population-PCG,48,32,4,3744.92626953125,3014.508544921875,1.096041202545166,0.4073124825954437,0.12841805815696716,0.013057051226496696
43,3.0,49,context-PCG,48,32,4,3744.92626953125,700.3175659179688,4.576137065887451,0.4073124825954437,0.06420917809009552,0.006207670085132122
43,3.0,49,hybrid-PCG,48,32,4,3744.92626953125,605.4074096679688,5.573505878448486,0.4073124825954437,0.08891473710536957,0.00781472958624363
43,3.0,49,angular-Jacobi-PCG,48,32,4,3744.92626953125,597.4588623046875,5.446561813354492,0.4073124825954437,0.08850754797458649,0.008185499347746372
43,3.0,50,identity-CG,48,32,4,3750.153076171875,3750.153076171875,1.0,0.35348835587501526,0.11656181514263153,0.012933673337101936
43,3.0,50,population-PCG,48,32,4,3750.153076171875,1154.469482421875,1.7125345468521118,0.35348835587501526,0.09710326790809631,0.011521581560373306
43,3.0,50,context-PCG,48,32,4,3750.153076171875,487.94989013671875,7.6855292320251465,0.35348835587501526,0.032894931733608246,0.0043571703135967255
43,3.0,50,hybrid-PCG,48,32,4,3750.153076171875,426.0794677734375,6.575444221496582,0.35348835587501526,0.049603983759880066,0.005625071469694376
43,3.0,50,angular-Jacobi-PCG,48,32,4,3750.153076171875,417.73052978515625,6.721932411193848,0.35348835587501526,0.04468914866447449,0.005404823925346136
43,3.0,51,identity-CG,48,32,4,3577.006103515625,3577.006103515625,1.0,0.3185623288154602,0.10392772406339645,0.009576871991157532
43,3.0,51,population-PCG,48,32,4,3577.006103515625,1414.3819580078125,1.2277735471725464,0.3185623288154602,0.14437410235404968,0.012712505646049976
43,3.0,51,context-PCG,48,32,4,3577.006103515625,525.5626831054688,5.833194732666016,0.3185623288154602,0.04477469250559807,0.005080185364931822
43,3.0,51,hybrid-PCG,48,32,4,3577.006103515625,527.6361694335938,5.427687168121338,0.3185623288154602,0.09150521457195282,0.007385388948023319
43,3.0,51,angular-Jacobi-PCG,48,32,4,3577.006103515625,520.76513671875,5.640442371368408,0.3185623288154602,0.08773764967918396,0.007267565466463566
43,3.0,52,identity-CG,48,32,4,3688.398681640625,3688.398681640625,1.0,0.36116456985473633,0.10688810050487518,0.010972879827022552
43,3.0,52,population-PCG,48,32,4,3688.398681640625,2080.22021484375,1.6184463500976562,0.36116456985473633,0.11973166465759277,0.014436369761824608
43,3.0,52,context-PCG,48,32,4,3688.398681640625,616.1323852539062,5.655463218688965,0.36116456985473633,0.046104252338409424,0.004770200699567795
43,3.0,52,hybrid-PCG,48,32,4,3688.398681640625,597.1459350585938,5.6342949867248535,0.36116456985473633,0.06664130836725235,0.006983403116464615
43,3.0,52,angular-Jacobi-PCG,48,32,4,3688.398681640625,586.1358642578125,5.740130424499512,0.36116456985473633,0.06537394225597382,0.006966059096157551
43,3.0,53,identity-CG,48,32,4,3323.4423828125,3323.4423828125,1.0,0.3204028308391571,0.1288565695285797,0.013268818147480488
43,3.0,53,population-PCG,48,32,4,3323.4423828125,2295.064697265625,1.4163554906845093,0.3204028308391571,0.1102658212184906,0.01325918361544609
43,3.0,53,context-PCG,48,32,4,3323.4423828125,510.2757568359375,4.726486682891846,0.3204028308391571,0.045945122838020325,0.005617748945951462
43,3.0,53,hybrid-PCG,48,32,4,3323.4423828125,486.5737609863281,5.371977806091309,0.3204028308391571,0.06300664693117142,0.006579962559044361
43,3.0,53,angular-Jacobi-PCG,48,32,4,3323.4423828125,478.3681335449219,5.383345603942871,0.3204028308391571,0.05736798793077469,0.006216485984623432
43,3.0,54,identity-CG,48,32,4,3560.583740234375,3560.583740234375,1.0,0.3576068878173828,0.12095168232917786,0.011231722310185432
43,3.0,54,population-PCG,48,32,4,3560.583740234375,2592.95361328125,1.0918320417404175,0.3576068878173828,0.1400405764579773,0.012979837134480476
43,3.0,54,context-PCG,48,32,4,3560.583740234375,637.540283203125,5.125135898590088,0.3576068878173828,0.0449533648788929,0.004740381147712469
43,3.0,54,hybrid-PCG,48,32,4,3560.583740234375,615.467041015625,4.778274059295654,0.3576068878173828,0.0772349163889885,0.007177731022238731
43,3.0,54,angular-Jacobi-PCG,48,32,4,3560.583740234375,608.329345703125,4.907601833343506,0.3576068878173828,0.08392482995986938,0.007685869932174683
43,3.0,55,identity-CG,48,32,4,3768.783447265625,3768.783447265625,1.0,0.3420991897583008,0.10751046240329742,0.012756106443703175
43,3.0,55,population-PCG,48,32,4,3768.783447265625,2926.88916015625,1.2876412868499756,0.3420991897583008,0.16731292009353638,0.016719458624720573
43,3.0,55,context-PCG,48,32,4,3768.783447265625,724.9039916992188,4.949658393859863,0.3420991897583008,0.05889331176877022,0.005425604991614819
43,3.0,55,hybrid-PCG,48,32,4,3768.783447265625,698.5040893554688,4.296833038330078,0.3420991897583008,0.09230583906173706,0.007796511985361576
43,3.0,55,angular-Jacobi-PCG,48,32,4,3768.783447265625,683.2303466796875,4.405400276184082,0.3420991897583008,0.08983919024467468,0.007965024560689926
43,3.0,56,identity-CG,48,32,4,3592.8173828125,3592.8173828125,1.0,0.30563852190971375,0.08035608381032944,0.007167878560721874
43,3.0,56,population-PCG,48,32,4,3592.8173828125,2084.671630859375,1.417855978012085,0.30563852190971375,0.12964752316474915,0.012941339053213596
43,3.0,56,context-PCG,48,32,4,3592.8173828125,668.7640991210938,5.372323989868164,0.30563852190971375,0.049533866345882416,0.005300326272845268
43,3.0,56,hybrid-PCG,48,32,4,3592.8173828125,646.7448120117188,5.555232048034668,0.30563852190971375,0.06952252984046936,0.00657860841602087
43,3.0,56,angular-Jacobi-PCG,48,32,4,3592.8173828125,636.35400390625,5.645941257476807,0.30563852190971375,0.06825859099626541,0.00661148177459836
43,3.0,57,identity-CG,48,32,4,3430.32568359375,3430.32568359375,1.0,0.2982289791107178,0.0889408141374588,0.008318275213241577
43,3.0,57,population-PCG,48,32,4,3430.32568359375,2562.363525390625,1.0517511367797852,0.2982289791107178,0.1801498383283615,0.016140608116984367
43,3.0,57,context-PCG,48,32,4,3430.32568359375,774.91455078125,4.027253150939941,0.2982289791107178,0.07291948795318604,0.007560176774859428
43,3.0,57,hybrid-PCG,48,32,4,3430.32568359375,746.10791015625,3.2967216968536377,0.2982289791107178,0.11346399784088135,0.010424974374473095
43,3.0,57,angular-Jacobi-PCG,48,32,4,3430.32568359375,734.10107421875,3.3719887733459473,0.2982289791107178,0.10884571075439453,0.010392662137746811
43,3.0,58,identity-CG,48,32,4,3854.61865234375,3854.61865234375,1.0,0.3916146755218506,0.12254014611244202,0.01200922392308712
43,3.0,58,population-PCG,48,32,4,3854.61865234375,2152.016357421875,1.1253963708877563,0.3916146755218506,0.13140633702278137,0.01507524587213993
43,3.0,58,context-PCG,48,32,4,3854.61865234375,517.8045654296875,5.410077095031738,0.3916146755218506,0.05201173201203346,0.005997750908136368
43,3.0,58,hybrid-PCG,48,32,4,3854.61865234375,566.3118286132812,5.8297648429870605,0.3916146755218506,0.07756034284830093,0.007070897612720728
43,3.0,58,angular-Jacobi-PCG,48,32,4,3854.61865234375,547.3038940429688,5.933990955352783,0.3916146755218506,0.07627727091312408,0.007280292920768261
43,3.0,59,identity-CG,48,32,4,3467.046875,3467.046875,1.0,0.3284250497817993,0.07779590040445328,0.0071343653835356236
43,3.0,59,population-PCG,48,32,4,3467.046875,2208.601318359375,1.2541872262954712,0.3284250497817993,0.13442617654800415,0.014164134860038757
43,3.0,59,context-PCG,48,32,4,3467.046875,590.2428588867188,5.608286380767822,0.3284250497817993,0.04764246195554733,0.005555538460612297
43,3.0,59,hybrid-PCG,48,32,4,3467.046875,548.7503051757812,6.136546611785889,0.3284250497817993,0.07196423411369324,0.007330105174332857
43,3.0,59,angular-Jacobi-PCG,48,32,4,3467.046875,538.8282470703125,6.22157096862793,0.3284250497817993,0.07089783996343613,0.00718378322198987
43,3.0,60,identity-CG,48,32,4,3617.7080078125,3617.7080078125,1.0,0.31358107924461365,0.10734636336565018,0.011359491385519505
43,3.0,60,population-PCG,48,32,4,3617.7080078125,2009.0318603515625,1.3199679851531982,0.31358107924461365,0.12835144996643066,0.013021547347307205
43,3.0,60,context-PCG,48,32,4,3617.7080078125,544.3930053710938,4.686385631561279,0.31358107924461365,0.04886234179139137,0.006305171176791191
43,3.0,60,hybrid-PCG,48,32,4,3617.7080078125,582.1383666992188,4.509008407592773,0.31358107924461365,0.0741378515958786,0.008552147075533867
43,3.0,60,angular-Jacobi-PCG,48,32,4,3617.7080078125,567.0277709960938,4.596527099609375,0.31358107924461365,0.07363387197256088,0.00887563731521368
43,3.0,61,identity-CG,48,32,4,3890.505859375,3890.505859375,1.0,0.37911322712898254,0.1310480535030365,0.012505318969488144
43,3.0,61,population-PCG,48,32,4,3890.505859375,1406.0928955078125,0.8990000486373901,0.37911322712898254,0.15296173095703125,0.01535792276263237
43,3.0,61,context-PCG,48,32,4,3890.505859375,463.98797607421875,4.460484504699707,0.37911322712898254,0.05082177370786667,0.005036618560552597
43,3.0,61,hybrid-PCG,48,32,4,3890.505859375,411.0470886230469,4.415410041809082,0.37911322712898254,0.07757580280303955,0.007125020958483219
43,3.0,61,angular-Jacobi-PCG,48,32,4,3890.505859375,411.4342041015625,4.516132831573486,0.37911322712898254,0.07732340693473816,0.007185820490121841
43,3.0,62,identity-CG,48,32,4,3763.73681640625,3763.73681640625,1.0,0.32651564478874207,0.08119836449623108,0.00823222380131483
43,3.0,62,population-PCG,48,32,4,3763.73681640625,2173.33349609375,1.4085561037063599,0.32651564478874207,0.1268763393163681,0.015319286845624447
43,3.0,62,context-PCG,48,32,4,3763.73681640625,533.860107421875,5.28289270401001,0.32651564478874207,0.04628921300172806,0.00574694387614727
43,3.0,62,hybrid-PCG,48,32,4,3763.73681640625,463.78125,5.219784259796143,0.32651564478874207,0.06999780237674713,0.007493534591048956
43,3.0,62,angular-Jacobi-PCG,48,32,4,3763.73681640625,463.4454650878906,5.368079662322998,0.32651564478874207,0.06656137108802795,0.006468533538281918
43,3.0,63,identity-CG,48,32,4,3673.6904296875,3673.6904296875,1.0,0.35163968801498413,0.11046457290649414,0.013522667810320854
43,3.0,63,population-PCG,48,32,4,3673.6904296875,2385.14794921875,1.404146671295166,0.35163968801498413,0.1558573842048645,0.014544272795319557
43,3.0,63,context-PCG,48,32,4,3673.6904296875,587.6002807617188,6.037184715270996,0.35163968801498413,0.05579999461770058,0.006207299418747425
43,3.0,63,hybrid-PCG,48,32,4,3673.6904296875,540.04296875,5.641571521759033,0.35163968801498413,0.0675850361585617,0.007279631681740284
43,3.0,63,angular-Jacobi-PCG,48,32,4,3673.6904296875,530.546630859375,5.774291515350342,0.35163968801498413,0.06475973129272461,0.007052924484014511
