model,seed,scenario,category,count,wavenumber,noise,aperture_degrees,task,auc,average_precision,iou_top7,centroid_error,area_matched_iou,score_correlation_exact,relative_residual,success_ap80
small,17,one obstacle,ID,1,8.0,0.05,360.0,0,1.0,1.0,0.16666666666666666,0.003205811372026801,1.0,0.9999999735420093,0.002238486660644412,1.0
small,17,one obstacle,ID,1,8.0,0.05,360.0,1,1.0,1.0,0.1388888888888889,0.03658725693821907,1.0,0.9999512000063534,0.02366247959434986,1.0
small,17,one obstacle,ID,1,8.0,0.05,360.0,2,0.999630905511811,0.9659090909090909,0.1111111111111111,0.10247135907411575,0.7777777777777778,0.9999699775599533,0.00740543520078063,1.0
small,17,one obstacle,ID,1,8.0,0.05,360.0,3,1.0,1.0,0.2222222222222222,0.0030412981286644936,1.0,0.9999999401335323,0.0032080733217298985,1.0
small,17,one obstacle,ID,1,8.0,0.05,360.0,4,1.0,1.0,0.09722222222222222,0.15805256366729736,1.0,0.9999999746525846,0.0012760059908032417,1.0
small,17,one obstacle,ID,1,8.0,0.05,360.0,5,1.0,1.0000000000000002,0.125,0.03309934213757515,1.0,0.9999902423290938,0.0036922069266438484,1.0
small,17,one obstacle,ID,1,8.0,0.05,360.0,6,0.9993096646942801,0.9351301476301476,0.1388888888888889,0.002293899655342102,0.6666666666666666,0.9999886111944368,0.005978405475616455,1.0
small,17,one obstacle,ID,1,8.0,0.05,360.0,7,1.0,1.0,0.2222222222222222,0.015109135769307613,1.0,0.9999714474495834,0.18181726336479187,1.0
small,17,one obstacle,ID,1,8.0,0.05,360.0,8,1.0,1.0,0.18055555555555555,0.006506984122097492,1.0,0.9999976584449051,0.0036663012579083443,1.0
small,17,one obstacle,ID,1,8.0,0.05,360.0,9,0.9999176548089591,0.9935897435897435,0.16666666666666666,0.034078449010849,0.8461538461538461,0.9999714164852491,0.014907500706613064,1.0
small,17,one obstacle,ID,1,8.0,0.05,360.0,10,1.0,1.0,0.1388888888888889,0.054757680743932724,1.0,0.9999839642029339,0.007908509112894535,1.0
small,17,one obstacle,ID,1,8.0,0.05,360.0,11,0.9992732077964982,0.9505266955266954,0.20833333333333334,0.003860349301248789,0.7647058823529411,0.9999906685832949,0.012169494293630123,1.0
small,17,one obstacle,ID,1,8.0,0.05,360.0,12,1.0,1.0,0.19444444444444445,0.014138423837721348,1.0,0.9999565938116353,0.0373692512512207,1.0
small,17,one obstacle,ID,1,8.0,0.05,360.0,13,1.0,1.0,0.09722222222222222,0.040610022842884064,1.0,0.9999582869368935,0.017313756048679352,1.0
small,17,one obstacle,ID,1,8.0,0.05,360.0,14,0.999671592775041,0.9722222222222222,0.125,0.10535680502653122,0.8,0.9999188826938575,0.02153201214969158,1.0
small,17,one obstacle,ID,1,8.0,0.05,360.0,15,1.0,1.0,0.2222222222222222,8.33000246558413e-09,1.0,0.999999979848415,0.002647672314196825,1.0
foundation,17,one obstacle,ID,1,8.0,0.05,360.0,0,1.0,1.0,0.16666666666666666,0.003205811372026801,1.0,0.9999999751624892,0.0022280311677604914,1.0
foundation,17,one obstacle,ID,1,8.0,0.05,360.0,1,1.0,1.0,0.1388888888888889,0.046434808522462845,1.0,0.9999534456961949,0.022630605846643448,1.0
foundation,17,one obstacle,ID,1,8.0,0.05,360.0,2,0.999630905511811,0.9659090909090909,0.1111111111111111,0.11477596312761307,0.7777777777777778,0.9999754269101039,0.006949106231331825,1.0
foundation,17,one obstacle,ID,1,8.0,0.05,360.0,3,1.0,1.0,0.2222222222222222,0.0030412981286644936,1.0,0.9999999552179449,0.003248905995860696,1.0
foundation,17,one obstacle,ID,1,8.0,0.05,360.0,4,1.0,1.0,0.09722222222222222,0.15805256366729736,1.0,0.9999999763115947,0.0012745996937155724,1.0
foundation,17,one obstacle,ID,1,8.0,0.05,360.0,5,1.0,1.0,0.125,0.039485134184360504,1.0,0.9999891636960118,0.0037110636476427317,1.0
foundation,17,one obstacle,ID,1,8.0,0.05,360.0,6,0.9993096646942801,0.9351301476301476,0.1388888888888889,0.002293899655342102,0.6666666666666666,0.9999907668412312,0.006004617549479008,1.0
foundation,17,one obstacle,ID,1,8.0,0.05,360.0,7,1.0,1.0,0.2222222222222222,0.015109135769307613,1.0,0.9999718117493065,0.17938165366649628,1.0
foundation,17,one obstacle,ID,1,8.0,0.05,360.0,8,1.0,1.0,0.18055555555555555,0.006506984122097492,1.0,0.9999981287736954,0.0035062553361058235,1.0
foundation,17,one obstacle,ID,1,8.0,0.05,360.0,9,0.9999176548089591,0.9935897435897435,0.16666666666666666,0.038802482187747955,0.8461538461538461,0.99997199695536,0.014714587479829788,1.0
foundation,17,one obstacle,ID,1,8.0,0.05,360.0,10,1.0,1.0,0.1388888888888889,0.054757680743932724,1.0,0.9999832851757432,0.007683272939175367,1.0
foundation,17,one obstacle,ID,1,8.0,0.05,360.0,11,0.9992732077964982,0.9505266955266954,0.20833333333333334,0.003860349301248789,0.7647058823529411,0.9999924430571928,0.012089734897017479,1.0
foundation,17,one obstacle,ID,1,8.0,0.05,360.0,12,1.0,1.0,0.19444444444444445,0.014138423837721348,1.0,0.999959244409373,0.03701948747038841,1.0
foundation,17,one obstacle,ID,1,8.0,0.05,360.0,13,1.0,1.0,0.09722222222222222,0.05154337361454964,1.0,0.9999613223336506,0.016982758417725563,1.0
foundation,17,one obstacle,ID,1,8.0,0.05,360.0,14,0.999671592775041,0.9722222222222223,0.125,0.08581215143203735,0.8,0.9999291704609186,0.0231806468218565,1.0
foundation,17,one obstacle,ID,1,8.0,0.05,360.0,15,1.0,1.0,0.2222222222222222,8.33000246558413e-09,1.0,0.9999999803298769,0.0026635725516825914,1.0
exact,17,one obstacle,ID,1,8.0,0.05,360.0,0,1.0,1.0,0.16666666666666666,0.003205811372026801,1.0,1.0,4.89024278067518e-05,1.0
exact,17,one obstacle,ID,1,8.0,0.05,360.0,1,1.0,1.0,0.1388888888888889,0.046434808522462845,1.0,1.0,5.051427069702186e-05,1.0
exact,17,one obstacle,ID,1,8.0,0.05,360.0,2,0.999630905511811,0.9659090909090909,0.1111111111111111,0.10247135907411575,0.7777777777777778,1.0,5.206292917137034e-05,1.0
exact,17,one obstacle,ID,1,8.0,0.05,360.0,3,1.0,1.0,0.2222222222222222,0.0030412981286644936,1.0,1.0,5.022057666792534e-05,1.0
exact,17,one obstacle,ID,1,8.0,0.05,360.0,4,1.0,1.0,0.09722222222222222,0.15805256366729736,1.0,1.0,5.262999184196815e-05,1.0
exact,17,one obstacle,ID,1,8.0,0.05,360.0,5,1.0,1.0,0.125,0.03309934213757515,1.0,1.0,5.257190787233412e-05,1.0
exact,17,one obstacle,ID,1,8.0,0.05,360.0,6,0.9993096646942801,0.9351301476301476,0.1388888888888889,0.010179199278354645,0.6666666666666666,1.0,5.093180516269058e-05,1.0
exact,17,one obstacle,ID,1,8.0,0.05,360.0,7,1.0,1.0,0.2222222222222222,0.015109135769307613,1.0,1.0,4.818867091671564e-05,1.0
exact,17,one obstacle,ID,1,8.0,0.05,360.0,8,1.0,1.0,0.18055555555555555,0.006506984122097492,1.0,1.0,4.880458436673507e-05,1.0
exact,17,one obstacle,ID,1,8.0,0.05,360.0,9,0.9999176548089591,0.9935897435897437,0.16666666666666666,0.038802482187747955,0.8461538461538461,1.0,4.7953843022696674e-05,1.0
exact,17,one obstacle,ID,1,8.0,0.05,360.0,10,1.0,0.9999999999999999,0.1388888888888889,0.054757680743932724,1.0,1.0,4.975484625902027e-05,1.0
exact,17,one obstacle,ID,1,8.0,0.05,360.0,11,0.9992732077964982,0.9505266955266954,0.20833333333333334,0.003860349301248789,0.7647058823529411,1.0,4.966500273440033e-05,1.0
exact,17,one obstacle,ID,1,8.0,0.05,360.0,12,1.0,0.9999999999999998,0.19444444444444445,0.014138423837721348,1.0,1.0,4.9351248890161514e-05,1.0
exact,17,one obstacle,ID,1,8.0,0.05,360.0,13,1.0,0.9999999999999998,0.09722222222222222,0.0324026457965374,1.0,1.0,5.29888529854361e-05,1.0
exact,17,one obstacle,ID,1,8.0,0.05,360.0,14,0.999671592775041,0.9722222222222222,0.125,0.10535680502653122,0.8,1.0,5.132026126375422e-05,1.0
exact,17,one obstacle,ID,1,8.0,0.05,360.0,15,1.0,1.0,0.2222222222222222,8.33000246558413e-09,1.0,1.0,4.8648678784957156e-05,1.0
small,17,two obstacles,ID,2,8.0,0.15,360.0,0,0.9987177265638537,0.9578343834311756,0.4027777777777778,0.003536213655024767,0.7575757575757576,0.994744492646079,1.1462503671646118,1.0
small,17,two obstacles,ID,2,8.0,0.15,360.0,1,0.9978418375211963,0.9412788728655861,0.3611111111111111,0.030668171122670174,0.7931034482758621,0.9917296000485829,1.4842420816421509,1.0
small,17,two obstacles,ID,2,8.0,0.15,360.0,2,0.9977585030698762,0.9336687264690287,0.4305555555555556,0.008396108634769917,0.6756756756756757,0.9949634283817437,1.3380842208862305,1.0
small,17,two obstacles,ID,2,8.0,0.15,360.0,3,1.0,1.0,0.25,0.008720803074538708,1.0,0.9969913295433261,0.28441211581230164,1.0
small,17,two obstacles,ID,2,8.0,0.15,360.0,4,0.9977685989650097,0.9186450753852715,0.2916666666666667,0.02483755350112915,0.75,0.9921470605950414,0.6832850575447083,1.0
small,17,two obstacles,ID,2,8.0,0.15,360.0,5,0.9974739031910546,0.9387729750642982,0.375,0.022663572803139687,0.7419354838709677,0.9973460938650363,0.9264987111091614,1.0
small,17,two obstacles,ID,2,8.0,0.15,360.0,6,0.9974166666666666,0.9022424395779659,0.3333333333333333,0.039033520966768265,0.6551724137931034,0.9948380495577529,1.2859827280044556,1.0
small,17,two obstacles,ID,2,8.0,0.15,360.0,7,0.999498997995992,0.9809377773842655,0.3611111111111111,0.01152520626783371,0.8571428571428571,0.9949817902985595,1.0712183713912964,1.0
small,17,two obstacles,ID,2,8.0,0.15,360.0,8,0.9962349397590361,0.8786834467711349,0.3888888888888889,0.0020710278768092394,0.6470588235294118,0.995429476479073,1.2735748291015625,1.0
small,17,two obstacles,ID,2,8.0,0.15,360.0,9,0.9967010900745841,0.9101862431856139,0.3888888888888889,0.006144333630800247,0.6470588235294118,0.996374538092698,1.0841408967971802,1.0
small,17,two obstacles,ID,2,8.0,0.15,360.0,10,0.9998895515794124,0.9944444444444445,0.25,0.008390471339225769,0.8947368421052632,0.9970996175840375,0.3587401509284973,1.0
small,17,two obstacles,ID,2,8.0,0.15,360.0,11,0.999207135777998,0.9502319524300948,0.20833333333333334,0.00700164120644331,0.7647058823529411,0.9986936048254667,0.2845921516418457,1.0
small,17,two obstacles,ID,2,8.0,0.15,360.0,12,1.0,1.0,0.2361111111111111,0.013114050030708313,1.0,0.9973737236683957,0.2973378896713257,1.0
small,17,two obstacles,ID,2,8.0,0.15,360.0,13,0.9997905210788165,0.9897243107769423,0.2638888888888889,0.013533727265894413,0.8095238095238095,0.9969484935225308,0.46200501918792725,1.0
small,17,two obstacles,ID,2,8.0,0.15,360.0,14,0.9981425758757755,0.9382682701992491,0.375,0.011359424330294132,0.6875,0.994629893132005,0.971094012260437,1.0
small,17,two obstacles,ID,2,8.0,0.15,360.0,15,0.9999050467644686,0.9958592132505176,0.2916666666666667,0.011687329038977623,0.9090909090909091,0.9958473448630373,0.7001365423202515,1.0
foundation,17,two obstacles,ID,2,8.0,0.15,360.0,0,0.9987523826026685,0.9594764195559702,0.4027777777777778,0.003536213655024767,0.7575757575757576,0.9949467932468344,1.1474615335464478,1.0
foundation,17,two obstacles,ID,2,8.0,0.15,360.0,1,0.9979189147525821,0.9438008606816917,0.3611111111111111,0.030668171122670174,0.7931034482758621,0.9919625265644665,1.472546935081482,1.0
foundation,17,two obstacles,ID,2,8.0,0.15,360.0,2,0.9976285612188546,0.9309862438132058,0.4305555555555556,0.004027839284390211,0.6756756756756757,0.9951655289540895,1.3737523555755615,1.0
foundation,17,two obstacles,ID,2,8.0,0.15,360.0,3,1.0,1.0,0.25,0.008720803074538708,1.0,0.9971060335600912,0.2856750786304474,1.0
foundation,17,two obstacles,ID,2,8.0,0.15,360.0,4,0.9978160755827754,0.9212711258054397,0.2916666666666667,0.02483755350112915,0.75,0.9923897341683254,0.6883407831192017,1.0
foundation,17,two obstacles,ID,2,8.0,0.15,360.0,5,0.9976224971209926,0.9427387542811615,0.375,0.021607305854558945,0.7419354838709677,0.9973225197799508,0.9082421064376831,1.0
foundation,17,two obstacles,ID,2,8.0,0.15,360.0,6,0.9974166666666666,0.9026943796132392,0.3333333333333333,0.0466775968670845,0.6551724137931034,0.9948088546248754,1.2718485593795776,1.0
foundation,17,two obstacles,ID,2,8.0,0.15,360.0,7,0.999498997995992,0.9809377773842657,0.3611111111111111,0.01152520626783371,0.8571428571428571,0.9949729138615161,1.081119418144226,1.0
foundation,17,two obstacles,ID,2,8.0,0.15,360.0,8,0.9962707974756168,0.8794918680063526,0.3888888888888889,0.0028983287047594786,0.696969696969697,0.9955813624715683,1.287321925163269,1.0
foundation,17,two obstacles,ID,2,8.0,0.15,360.0,9,0.9964142283419392,0.9004975985294444,0.3888888888888889,0.006144333630800247,0.6,0.9960939062941017,1.0649309158325195,1.0
foundation,17,two obstacles,ID,2,8.0,0.15,360.0,10,0.9998895515794124,0.9944444444444447,0.25,0.008390471339225769,0.8947368421052632,0.9971088425030499,0.3767596185207367,1.0
foundation,17,two obstacles,ID,2,8.0,0.15,360.0,11,0.9992071357779979,0.9502319524300948,0.20833333333333334,0.00700164120644331,0.7647058823529411,0.9986770877099375,0.2805699408054352,1.0
foundation,17,two obstacles,ID,2,8.0,0.15,360.0,12,1.0,1.0,0.2361111111111111,0.013114050030708313,1.0,0.9974738535373294,0.3042553961277008,1.0
foundation,17,two obstacles,ID,2,8.0,0.15,360.0,13,0.9997905210788165,0.9897243107769423,0.2638888888888889,0.013533727265894413,0.8095238095238095,0.9969074163542201,0.47487911581993103,1.0
foundation,17,two obstacles,ID,2,8.0,0.15,360.0,14,0.9980682789108065,0.9389826256237495,0.375,0.011359424330294132,0.6875,0.9944160642763308,0.965591549873352,1.0
foundation,17,two obstacles,ID,2,8.0,0.15,360.0,15,0.9999050467644686,0.9958592132505176,0.2916666666666667,0.011687329038977623,0.9090909090909091,0.9958838847822068,0.6812081336975098,1.0
exact,17,two obstacles,ID,2,8.0,0.15,360.0,0,0.998960318835557,0.9652814137487975,0.4027777777777778,0.003536213655024767,0.7575757575757576,1.0,2.3515834982390516e-05,1.0
exact,17,two obstacles,ID,2,8.0,0.15,360.0,1,0.9977262216741175,0.9377369834779288,0.3611111111111111,0.034040167927742004,0.7333333333333333,1.0,2.2150969016365707e-05,1.0
exact,17,two obstacles,ID,2,8.0,0.15,360.0,2,0.9976285612188546,0.9319214456434796,0.4305555555555556,0.005556713789701462,0.6756756756756757,1.0,2.0254883565939963e-05,1.0
exact,17,two obstacles,ID,2,8.0,0.15,360.0,3,1.0,1.0,0.25,3.0088393998539686e-08,1.0,1.0,2.2822892788099125e-05,1.0
exact,17,two obstacles,ID,2,8.0,0.15,360.0,4,0.998290841760433,0.9293026684960887,0.2916666666666667,0.013338428921997547,0.75,1.0,1.982046160264872e-05,1.0
exact,17,two obstacles,ID,2,8.0,0.15,360.0,5,0.9978082395334151,0.94497692187449,0.375,0.018810240551829338,0.7419354838709677,1.0,2.2911895939614624e-05,1.0
exact,17,two obstacles,ID,2,8.0,0.15,360.0,6,0.997375,0.9005418648283894,0.3333333333333333,0.04501879960298538,0.6551724137931034,1.0,1.9903589418390766e-05,1.0
exact,17,two obstacles,ID,2,8.0,0.15,360.0,7,0.999460459380299,0.9801263203228086,0.3611111111111111,0.006288330070674419,0.8571428571428571,1.0,2.328503796888981e-05,1.0
exact,17,two obstacles,ID,2,8.0,0.15,360.0,8,0.9964859437751004,0.886061830815835,0.3888888888888889,0.010862808674573898,0.696969696969697,1.0,2.2118038032203913e-05,1.0
exact,17,two obstacles,ID,2,8.0,0.15,360.0,9,0.9966293746414228,0.9078763049267979,0.3888888888888889,0.004679377190768719,0.6470588235294118,1.0,2.1021178326918744e-05,1.0
exact,17,two obstacles,ID,2,8.0,0.15,360.0,10,0.9999447757897062,0.997076023391813,0.25,0.008390471339225769,0.8947368421052632,1.0,2.2190555682755075e-05,1.0
exact,17,two obstacles,ID,2,8.0,0.15,360.0,11,0.9992732077964982,0.9536633249791144,0.20833333333333334,0.001950033358298242,0.7647058823529411,1.0,2.3424552637152374e-05,1.0
exact,17,two obstacles,ID,2,8.0,0.15,360.0,12,1.0,1.0,0.2361111111111111,0.020333116874098778,1.0,1.0,2.371638584008906e-05,1.0
exact,17,two obstacles,ID,2,8.0,0.15,360.0,13,0.9998428908091124,0.9922173855691861,0.2638888888888889,0.013533727265894413,0.9,1.0,2.3128066459321417e-05,1.0
exact,17,two obstacles,ID,2,8.0,0.15,360.0,14,0.998328318288198,0.9462119097726363,0.375,0.011359424330294132,0.7419354838709677,1.0,1.9426117432885803e-05,1.0
exact,17,two obstacles,ID,2,8.0,0.15,360.0,15,0.9998575701467027,0.9940476190476191,0.2916666666666667,0.011687329038977623,0.9090909090909091,1.0,2.5793469831114635e-05,1.0
small,17,three obstacles,ID,3,8.0,0.15,360.0,0,0.996724809567526,0.9321824578767787,0.5694444444444444,0.018307983875274658,0.7083333333333334,0.9945066982850399,1.8058968782424927,1.0
small,17,three obstacles,ID,3,8.0,0.15,360.0,1,0.9940597420230821,0.8703895715209317,0.5833333333333334,0.005724692717194557,0.5849056603773585,0.9973626396555957,1.8994617462158203,1.0
small,17,three obstacles,ID,3,8.0,0.15,360.0,2,0.9962694554016451,0.9359645100614415,0.4383561643835616,0.041268475353717804,0.7368421052631579,0.9946539913303447,1.466359257698059,1.0
small,17,three obstacles,ID,3,8.0,0.15,360.0,3,0.9966975506834236,0.9140410162655319,0.4583333333333333,0.021590884774923325,0.6097560975609756,0.9923029090322493,1.8609353303909302,1.0
small,17,three obstacles,ID,3,8.0,0.15,360.0,4,0.9968182963709677,0.9133617560916759,0.4444444444444444,0.024689579382538795,0.6410256410256411,0.9938847017857917,1.3311585187911987,1.0
small,17,three obstacles,ID,3,8.0,0.15,360.0,5,0.9932759347939359,0.8775855612621105,0.547945205479452,0.03253810852766037,0.6078431372549019,0.9953192305857897,1.564312219619751,1.0
small,17,three obstacles,ID,3,8.0,0.15,360.0,6,0.9966866562611244,0.9197582037625459,0.5138888888888888,0.02278922311961651,0.6818181818181818,0.9945241137289231,1.8127928972244263,1.0
small,17,three obstacles,ID,3,8.0,0.15,360.0,7,0.9984564012096774,0.9573265649073839,0.4444444444444444,0.02081628143787384,0.7777777777777778,0.9982571302873349,0.5441332459449768,1.0
small,17,three obstacles,ID,3,8.0,0.15,360.0,8,0.9979859013091642,0.9523075493651786,0.4305555555555556,0.005595104768872261,0.7714285714285715,0.9948714212083972,1.0794055461883545,1.0
small,17,three obstacles,ID,3,8.0,0.15,360.0,9,0.9964675922122731,0.9310897721919272,0.4931506849315068,0.03793041408061981,0.7619047619047619,0.9945786998279729,1.896675705909729,1.0
small,17,three obstacles,ID,3,8.0,0.15,360.0,10,0.9975635902933436,0.9356501227443008,0.4305555555555556,0.023532891646027565,0.7222222222222222,0.9924817133203334,1.336046576499939,1.0
small,17,three obstacles,ID,3,8.0,0.15,360.0,11,0.9993761913013341,0.9818575600204611,0.4027777777777778,0.027770960703492165,0.8709677419354839,0.9942176537651917,0.9610109925270081,1.0
small,17,three obstacles,ID,3,8.0,0.15,360.0,12,0.998671096345515,0.9699747723251868,0.4861111111111111,0.019365917891263962,0.8421052631578947,0.9963849718714576,1.1044000387191772,1.0
small,17,three obstacles,ID,3,8.0,0.15,360.0,13,0.9952079739313783,0.895933818280181,0.4931506849315068,0.03960171341896057,0.6086956521739131,0.9942083302315099,1.9241774082183838,1.0
small,17,three obstacles,ID,3,8.0,0.15,360.0,14,0.9951060783548094,0.8930144535445629,0.5205479452054794,0.009044107049703598,0.6956521739130435,0.9912562398527511,1.8882431983947754,1.0
small,17,three obstacles,ID,3,8.0,0.15,360.0,15,0.9980284235603385,0.960580904003677,0.5138888888888888,0.03749801218509674,0.8048780487804879,0.9971838416274564,0.8679592609405518,1.0
foundation,17,three obstacles,ID,3,8.0,0.15,360.0,0,0.9966999975187951,0.9327734201174,0.5694444444444444,0.01441635936498642,0.7083333333333334,0.9943655808560409,1.7603920698165894,1.0
foundation,17,three obstacles,ID,3,8.0,0.15,360.0,1,0.9939870041703036,0.8681693699886418,0.5833333333333334,0.005724692717194557,0.5849056603773585,0.9974427776827356,1.8871692419052124,1.0
foundation,17,three obstacles,ID,3,8.0,0.15,360.0,2,0.9962082989328196,0.9344485779044129,0.4383561643835616,0.03688782826066017,0.7368421052631579,0.9946393679123507,1.463789463043213,1.0
foundation,17,three obstacles,ID,3,8.0,0.15,360.0,3,0.9969727547931383,0.9189313107988232,0.4583333333333333,0.020322531461715698,0.65,0.992192424915697,1.8636151552200317,1.0
foundation,17,three obstacles,ID,3,8.0,0.15,360.0,4,0.9967552923387097,0.912287786597966,0.4444444444444444,0.020717326551675797,0.6410256410256411,0.9940529890785514,1.3395589590072632,1.0
foundation,17,three obstacles,ID,3,8.0,0.15,360.0,5,0.9934992432325137,0.8808810860966007,0.547945205479452,0.032204169780015945,0.64,0.9953121525179002,1.6031503677368164,1.0
foundation,17,three obstacles,ID,3,8.0,0.15,360.0,6,0.9966045072428051,0.9197315310192582,0.5138888888888888,0.02278922311961651,0.7209302325581395,0.9944465886143,1.8061459064483643,1.0
foundation,17,three obstacles,ID,3,8.0,0.15,360.0,7,0.9983303931451613,0.9543977650794782,0.4444444444444444,0.018095895648002625,0.7777777777777778,0.9982742341908014,0.5278140902519226,1.0
foundation,17,three obstacles,ID,3,8.0,0.15,360.0,8,0.9979859013091642,0.9523075493651784,0.4305555555555556,0.005595104768872261,0.7714285714285715,0.9947491438601567,1.0465188026428223,1.0
foundation,17,three obstacles,ID,3,8.0,0.15,360.0,9,0.9964128262000602,0.9294800007828015,0.4931506849315068,0.0408334918320179,0.7209302325581395,0.9946329044995351,1.8824102878570557,1.0
foundation,17,three obstacles,ID,3,8.0,0.15,360.0,10,0.9976610466816099,0.9385796082426299,0.4305555555555556,0.023532891646027565,0.7222222222222222,0.992429646836974,1.3355016708374023,1.0
foundation,17,three obstacles,ID,3,8.0,0.15,360.0,11,0.9993415352625196,0.9804207784112657,0.4027777777777778,0.027770960703492165,0.8709677419354839,0.9943263517833508,0.983875036239624,1.0
foundation,17,three obstacles,ID,3,8.0,0.15,360.0,12,0.9987288747652752,0.9711882336345093,0.4861111111111111,0.01978405937552452,0.8421052631578947,0.996323387979736,1.1219533681869507,1.0
foundation,17,three obstacles,ID,3,8.0,0.15,360.0,13,0.9950436758947397,0.894028515501003,0.4931506849315068,0.03545677289366722,0.6086956521739131,0.9941798135783784,1.9055935144424438,1.0
foundation,17,three obstacles,ID,3,8.0,0.15,360.0,14,0.9952622673434856,0.8952265396494374,0.5205479452054794,0.009044107049703598,0.6956521739130435,0.9912574805707841,1.875861406326294,1.0
foundation,17,three obstacles,ID,3,8.0,0.15,360.0,15,0.9980831895725513,0.9616384390006977,0.5138888888888888,0.03749801218509674,0.8048780487804879,0.9972033551281289,0.8711613416671753,1.0
exact,17,three obstacles,ID,3,8.0,0.15,360.0,0,0.9971714264446815,0.9415910244185731,0.5694444444444444,0.02000545524060726,0.673469387755102,1.0,1.637262357689906e-05,1.0
exact,17,three obstacles,ID,3,8.0,0.15,360.0,1,0.9944476772379013,0.8767339043868585,0.5833333333333334,0.005724692717194557,0.6153846153846154,1.0,1.5540674212388694e-05,1.0
exact,17,three obstacles,ID,3,8.0,0.15,360.0,2,0.9964835030425343,0.9386780081197158,0.4383561643835616,0.029511835426092148,0.7368421052631579,1.0,1.5918423741823062e-05,1.0
exact,17,three obstacles,ID,3,8.0,0.15,360.0,3,0.9970644894963765,0.9202129410732371,0.4583333333333333,0.02629944123327732,0.6097560975609756,1.0,1.752713433234021e-05,1.0
exact,17,three obstacles,ID,3,8.0,0.15,360.0,4,0.9977318548387097,0.9383771322121783,0.4444444444444444,0.01813846081495285,0.6842105263157895,1.0,1.9282599168946035e-05,1.0
exact,17,three obstacles,ID,3,8.0,0.15,360.0,5,0.9940202962558617,0.8900961752632328,0.547945205479452,0.03338152915239334,0.673469387755102,1.0,1.6677162420819513e-05,1.0
exact,17,three obstacles,ID,3,8.0,0.15,360.0,6,0.9966866562611244,0.9216006963007307,0.5138888888888888,0.026048997417092323,0.7209302325581395,1.0,1.866597267508041e-05,1.0
exact,17,three obstacles,ID,3,8.0,0.15,360.0,7,0.9984248991935484,0.9573215733075627,0.4444444444444444,0.026583736762404442,0.7777777777777778,1.0,1.777399484126363e-05,1.0
exact,17,three obstacles,ID,3,8.0,0.15,360.0,8,0.998050872234675,0.9527830311776299,0.4305555555555556,0.01071141753345728,0.7222222222222222,1.0,1.5376801457023248e-05,1.0
exact,17,three obstacles,ID,3,8.0,0.15,360.0,9,0.9969604863221885,0.940259186263621,0.4931506849315068,0.037941575050354004,0.7619047619047619,1.0,1.726491973386146e-05,1.0
exact,17,three obstacles,ID,3,8.0,0.15,360.0,10,0.9978234739953871,0.9436276564609317,0.4305555555555556,0.022607076913118362,0.7222222222222222,1.0,1.92284605873283e-05,1.0
exact,17,three obstacles,ID,3,8.0,0.15,360.0,11,0.9995494714954081,0.9854549403122528,0.4027777777777778,0.01914030872285366,0.9333333333333333,1.0,1.8519671357353218e-05,1.0
exact,17,three obstacles,ID,3,8.0,0.15,360.0,12,0.9991044344937166,0.9786554237026799,0.4861111111111111,0.01989949308335781,0.8421052631578947,1.0,1.6087720723589882e-05,1.0
exact,17,three obstacles,ID,3,8.0,0.15,360.0,13,0.9956734850351872,0.9066181626337032,0.4931506849315068,0.039886683225631714,0.6444444444444445,1.0,1.800676909624599e-05,1.0
exact,17,three obstacles,ID,3,8.0,0.15,360.0,14,0.9957828973057399,0.9050860632861871,0.5205479452054794,0.006086855661123991,0.7333333333333333,1.0,1.6466610759380274e-05,1.0
exact,17,three obstacles,ID,3,8.0,0.15,360.0,15,0.9984391686519346,0.965885522671503,0.5138888888888888,0.03170470520853996,0.8048780487804879,1.0,1.794760100892745e-05,1.0
small,17,four obstacles,ID,4,8.0,0.15,360.0,0,0.9963917525773196,0.9479344098230587,0.68,0.037959713488817215,0.7419354838709677,0.9965039666997699,0.6081067323684692,1.0
small,17,four obstacles,ID,4,8.0,0.15,360.0,1,0.9970175120407876,0.9367289020304246,0.7083333333333334,0.016936087980866432,0.7288135593220338,0.9959642368098643,0.6350182890892029,1.0
small,17,four obstacles,ID,4,8.0,0.15,360.0,2,0.9992777697529972,0.9783305085016487,0.4861111111111111,0.016580944880843163,0.8421052631578947,0.9983632280915278,0.5446518063545227,1.0
small,17,four obstacles,ID,4,8.0,0.15,360.0,3,0.9933673469387756,0.8888523288364578,0.5675675675675675,0.023983241990208626,0.660377358490566,0.9967297887994676,0.32023048400878906,1.0
small,17,four obstacles,ID,4,8.0,0.15,360.0,4,0.9942288634552979,0.9155923223710942,0.6447368421052632,0.03160304203629494,0.65625,0.9974662682069685,0.8052125573158264,1.0
small,17,four obstacles,ID,4,8.0,0.15,360.0,5,0.9954255083328295,0.9221900006606378,0.684931506849315,0.03452673181891441,0.7,0.9964097866064379,0.552177906036377,1.0
small,17,four obstacles,ID,4,8.0,0.15,360.0,6,0.9979166666666667,0.9569446249005701,0.5555555555555556,0.020654091611504555,0.7777777777777778,0.9973125867914243,0.31596237421035767,1.0
small,17,four obstacles,ID,4,8.0,0.15,360.0,7,0.9972927241962775,0.9412867942295894,0.5416666666666666,0.02268863096833229,0.7333333333333333,0.99660612430622,0.3954103887081146,1.0
small,17,four obstacles,ID,4,8.0,0.15,360.0,8,0.9983872168324938,0.9708302241947143,0.547945205479452,0.038108523935079575,0.8636363636363636,0.9973507382849128,0.4076981842517853,1.0
small,17,four obstacles,ID,4,8.0,0.15,360.0,9,0.995181003827993,0.9390561892092262,0.6447368421052632,0.01078510656952858,0.7377049180327869,0.9942303158296786,0.7094199657440186,1.0
small,17,four obstacles,ID,4,8.0,0.15,360.0,10,0.9930087390761548,0.8771570206247207,0.581081081081081,0.03412456437945366,0.5789473684210527,0.9963914856791272,0.4354282319545746,1.0
small,17,four obstacles,ID,4,8.0,0.15,360.0,11,0.9979964720486073,0.9683580125032663,0.6301369863013698,0.01851240172982216,0.8431372549019608,0.996191368468293,0.3941328525543213,1.0
small,17,four obstacles,ID,4,8.0,0.15,360.0,12,0.9923828770184404,0.8983611517199881,0.6233766233766234,0.03053043968975544,0.65625,0.9973424287128463,0.5291312336921692,1.0
small,17,four obstacles,ID,4,8.0,0.15,360.0,13,0.9982174688057042,0.9532014427370292,0.4722222222222222,0.0034528388641774654,0.7435897435897436,0.9975652323433813,0.35700711607933044,1.0
small,17,four obstacles,ID,4,8.0,0.15,360.0,14,0.9959493891417496,0.9184886844552514,0.6301369863013698,0.029405534267425537,0.7735849056603774,0.9953124797675169,0.46539896726608276,1.0
small,17,four obstacles,ID,4,8.0,0.15,360.0,15,0.9935318275154004,0.9026308688185987,0.6266666666666667,0.05290012061595917,0.6129032258064516,0.996123110474013,0.7447038292884827,1.0
foundation,17,four obstacles,ID,4,8.0,0.15,360.0,0,0.9963726613211149,0.9479054536152919,0.68,0.037959713488817215,0.7419354838709677,0.9965601306872899,0.6204668283462524,1.0
foundation,17,four obstacles,ID,4,8.0,0.15,360.0,1,0.9970175120407876,0.9369589276880215,0.7083333333333334,0.016936087980866432,0.7288135593220338,0.9958738861957364,0.6140672564506531,1.0
foundation,17,four obstacles,ID,4,8.0,0.15,360.0,2,0.9991044344937166,0.9735583012612019,0.4861111111111111,0.015446354635059834,0.8421052631578947,0.9983550093979803,0.5450114607810974,1.0
foundation,17,four obstacles,ID,4,8.0,0.15,360.0,3,0.9932745825602969,0.8861397022850888,0.5675675675675675,0.023983241990208626,0.660377358490566,0.996743494004375,0.3246505558490753,1.0
foundation,17,four obstacles,ID,4,8.0,0.15,360.0,4,0.9942482948914754,0.916147261327809,0.6447368421052632,0.03160304203629494,0.65625,0.9974921320686877,0.7972636818885803,1.0
foundation,17,four obstacles,ID,4,8.0,0.15,360.0,5,0.9954255083328295,0.9221900006606378,0.684931506849315,0.03452673181891441,0.7,0.9964293922250205,0.5473319292068481,1.0
foundation,17,four obstacles,ID,4,8.0,0.15,360.0,6,0.9978912601626017,0.9565622719593937,0.5555555555555556,0.020654091611504555,0.7777777777777778,0.9973421473828257,0.3216925263404846,1.0
foundation,17,four obstacles,ID,4,8.0,0.15,360.0,7,0.9972666926981648,0.9404308452514685,0.5416666666666666,0.02268863096833229,0.6956521739130435,0.9966152873486471,0.38869646191596985,1.0
foundation,17,four obstacles,ID,4,8.0,0.15,360.0,8,0.9984864650274173,0.9731392923904439,0.547945205479452,0.038108523935079575,0.8636363636363636,0.9973685441086674,0.4112392067909241,1.0
foundation,17,four obstacles,ID,4,8.0,0.15,360.0,9,0.9952004352641703,0.9392092882398031,0.6447368421052632,0.009747696109116077,0.7377049180327869,0.9942573702734907,0.6983932256698608,1.0
foundation,17,four obstacles,ID,4,8.0,0.15,360.0,10,0.9930087390761548,0.8773471060527404,0.581081081081081,0.03416519984602928,0.5789473684210527,0.9964269476926153,0.4464298486709595,1.0
foundation,17,four obstacles,ID,4,8.0,0.15,360.0,11,0.9979964720486073,0.9683580125032663,0.6301369863013698,0.01851240172982216,0.8431372549019608,0.9962265688418317,0.3752739727497101,1.0
foundation,17,four obstacles,ID,4,8.0,0.15,360.0,12,0.992363445582263,0.8985305008274603,0.6233766233766234,0.03053043968975544,0.65625,0.9973566219347971,0.5237137079238892,1.0
foundation,17,four obstacles,ID,4,8.0,0.15,360.0,13,0.9983363042186572,0.956887633538029,0.4722222222222222,0.0034528388641774654,0.7435897435897436,0.9975452757959123,0.35403913259506226,1.0
foundation,17,four obstacles,ID,4,8.0,0.15,360.0,14,0.9959493891417496,0.9187983722505215,0.6301369863013698,0.03086635284125805,0.7735849056603774,0.995352603119716,0.44811850786209106,1.0
foundation,17,four obstacles,ID,4,8.0,0.15,360.0,15,0.9934907597535934,0.9020665304593602,0.6266666666666667,0.05290012061595917,0.5873015873015873,0.9961429065211469,0.778448760509491,1.0
exact,17,four obstacles,ID,4,8.0,0.15,360.0,0,0.9967735777014127,0.9534648733157559,0.7027027027027027,0.027105627581477165,0.7419354838709677,1.0,1.5014796190371271e-05,1.0
exact,17,four obstacles,ID,4,8.0,0.15,360.0,1,0.9970578159321282,0.9388828086531048,0.7083333333333334,0.009864287450909615,0.7586206896551724,1.0,1.5377421732409857e-05,1.0
exact,17,four obstacles,ID,4,8.0,0.15,360.0,2,0.9992488805431171,0.9774952550454274,0.4861111111111111,0.013667174614965916,0.8421052631578947,1.0,1.7921862308867276e-05,1.0
exact,17,four obstacles,ID,4,8.0,0.15,360.0,3,0.9938775510204082,0.8998210998305591,0.5675675675675675,0.027095526456832886,0.6923076923076923,1.0,1.4326171367429197e-05,1.0
exact,17,four obstacles,ID,4,8.0,0.15,360.0,4,0.994015117657346,0.9134061719323228,0.6447368421052632,0.03160304203629494,0.6825396825396826,1.0,1.2830425475840457e-05,1.0
exact,17,four obstacles,ID,4,8.0,0.15,360.0,5,0.9956673316808737,0.9270922734072558,0.684931506849315,0.03215501457452774,0.7,1.0,1.541207529953681e-05,1.0
exact,17,four obstacles,ID,4,8.0,0.15,360.0,6,0.9978150406504066,0.9550521939779419,0.5555555555555556,0.02059929259121418,0.7777777777777778,1.0,1.6771224181866273e-05,1.0
exact,17,four obstacles,ID,4,8.0,0.15,360.0,7,0.9968501887283613,0.9335140149016139,0.5416666666666666,0.025284141302108765,0.6956521739130435,1.0,1.5437402907991782e-05,1.0
exact,17,four obstacles,ID,4,8.0,0.15,360.0,8,0.9984368409299555,0.9728192857109563,0.547945205479452,0.027103247120976448,0.8636363636363636,1.0,1.498143592471024e-05,1.0
exact,17,four obstacles,ID,4,8.0,0.15,360.0,9,0.9951227095194606,0.9375102875209487,0.6447368421052632,0.01635047420859337,0.7096774193548387,1.0,1.486186283727875e-05,1.0
exact,17,four obstacles,ID,4,8.0,0.15,360.0,10,0.9924639654976734,0.8719769581138705,0.56,0.02226288616657257,0.6071428571428571,1.0,1.606617843208369e-05,1.0
exact,17,four obstacles,ID,4,8.0,0.15,360.0,11,0.9975826999716894,0.9622896598231305,0.6301369863013698,0.018189197406172752,0.8076923076923077,1.0,1.4162907973513938e-05,1.0
exact,17,four obstacles,ID,4,8.0,0.15,360.0,12,0.9927326428696345,0.9035395685632999,0.6233766233766234,0.028816839680075645,0.65625,1.0,1.540217454021331e-05,1.0
exact,17,four obstacles,ID,4,8.0,0.15,360.0,13,0.9981283422459893,0.9497037026082367,0.4722222222222222,0.007105804514139891,0.7435897435897436,1.0,1.7901300452649593e-05,1.0
exact,17,four obstacles,ID,4,8.0,0.15,360.0,14,0.9961671639190749,0.9216716841692421,0.6301369863013698,0.025887219235301018,0.7735849056603774,1.0,1.6092293662950397e-05,1.0
exact,17,four obstacles,ID,4,8.0,0.15,360.0,15,0.9935728952772074,0.9048311369125439,0.6266666666666667,0.05962521582841873,0.5625,1.0,1.433561737940181e-05,1.0
small,17,six obstacles,OOD count,6,8.0,0.15,360.0,0,0.9545047975280534,0.6854856343878168,0.42857142857142855,0.016825871542096138,0.41818181818181815,0.9976602454642137,0.7059555053710938,0.0
small,17,six obstacles,OOD count,6,8.0,0.15,360.0,1,0.9710242587601078,0.7367347237055337,0.5604395604395604,0.09045223891735077,0.5555555555555556,0.997001267473456,1.529589295387268,0.0
small,17,six obstacles,OOD count,6,8.0,0.15,360.0,2,0.9781052388977717,0.7703065331375744,0.5263157894736842,0.03158104419708252,0.5368421052631579,0.993822603074883,0.4553852081298828,0.0
small,17,six obstacles,OOD count,6,8.0,0.15,360.0,3,0.9684961850849126,0.7563141290578042,0.5217391304347826,0.07277275621891022,0.5280898876404494,0.9978787122184204,0.6899311542510986,0.0
small,17,six obstacles,OOD count,6,8.0,0.15,360.0,4,0.9854958251243081,0.7937325378657983,0.5875,0.04813232645392418,0.5492957746478874,0.9954681259834315,0.7673492431640625,0.0
small,17,six obstacles,OOD count,6,8.0,0.15,360.0,5,0.9586476772286215,0.7273849908427991,0.44545454545454544,0.06618394702672958,0.4146341463414634,0.9967729798746999,0.4392179250717163,0.0
small,17,six obstacles,OOD count,6,8.0,0.15,360.0,6,0.9945141734972677,0.9030314813483614,0.6216216216216216,0.0020275446586310863,0.7142857142857143,0.9956817031086903,0.7710398435592651,1.0
small,17,six obstacles,OOD count,6,8.0,0.15,360.0,7,0.9804241731526333,0.8029780070458792,0.5,0.01243800949305296,0.5405405405405406,0.9952210203233608,0.378016859292984,1.0
small,17,six obstacles,OOD count,6,8.0,0.15,360.0,8,0.9784963717245763,0.8326711249624192,0.5052631578947369,0.036338455975055695,0.5106382978723404,0.9969608171805944,0.6690351366996765,1.0
small,17,six obstacles,OOD count,6,8.0,0.15,360.0,9,0.964449802424486,0.7255835852397502,0.4519230769230769,0.0375748835504055,0.44954128440366975,0.9953294621195191,0.397542268037796,0.0
small,17,six obstacles,OOD count,6,8.0,0.15,360.0,10,0.9789249547314064,0.7776730648127088,0.5581395348837209,0.10596322268247604,0.55,0.9921737615425744,2.466674566268921,0.0
small,17,six obstacles,OOD count,6,8.0,0.15,360.0,11,0.9911297852474323,0.8876244475572693,0.6179775280898876,0.021313374862074852,0.6179775280898876,0.9962262165423593,0.5021390914916992,1.0
small,17,six obstacles,OOD count,6,8.0,0.15,360.0,12,0.970280082987552,0.7188562732818622,0.5,0.06843149662017822,0.48148148148148145,0.9947888524614136,0.4255082607269287,0.0
small,17,six obstacles,OOD count,6,8.0,0.15,360.0,13,0.9838216145833334,0.8184436717037236,0.5280898876404494,0.030366692692041397,0.5238095238095238,0.9983257088319414,0.4066122770309448,1.0
small,17,six obstacles,OOD count,6,8.0,0.15,360.0,14,0.9795297372060857,0.736947232571009,0.4666666666666667,0.09038509428501129,0.4457831325301205,0.9967456154604819,0.3980112671852112,0.0
small,17,six obstacles,OOD count,6,8.0,0.15,360.0,15,0.9775652867889394,0.7655754485430731,0.45918367346938777,0.060570187866687775,0.4639175257731959,0.9973317401292271,0.3371530771255493,0.0
foundation,17,six obstacles,OOD count,6,8.0,0.15,360.0,0,0.9544234834932509,0.6827231663132829,0.42857142857142855,0.016825871542096138,0.40540540540540543,0.9976863888739316,0.7157628536224365,0.0
foundation,17,six obstacles,OOD count,6,8.0,0.15,360.0,1,0.971203953279425,0.7365990257540083,0.5434782608695652,0.08677119761705399,0.5555555555555556,0.9969702193432131,1.523188591003418,0.0
foundation,17,six obstacles,OOD count,6,8.0,0.15,360.0,2,0.9779323855206488,0.7667438739747474,0.5263157894736842,0.03785112500190735,0.5368421052631579,0.9938264554282875,0.4536151885986328,0.0
foundation,17,six obstacles,OOD count,6,8.0,0.15,360.0,3,0.9684500369185332,0.7580058168767972,0.5217391304347826,0.0680280551314354,0.5280898876404494,0.9979110530122797,0.6830205321311951,0.0
foundation,17,six obstacles,OOD count,6,8.0,0.15,360.0,4,0.9853081902617506,0.8005940274542082,0.5679012345679012,0.05293180048465729,0.5714285714285714,0.9954769601868616,0.8412449359893799,1.0
foundation,17,six obstacles,OOD count,6,8.0,0.15,360.0,5,0.9586231430709405,0.7271795386416632,0.44545454545454544,0.06618394702672958,0.4146341463414634,0.9967893666681787,0.4390932023525238,0.0
foundation,17,six obstacles,OOD count,6,8.0,0.15,360.0,6,0.994535519125683,0.9048977261518529,0.6216216216216216,0.00772064458578825,0.6842105263157895,0.9957319961484202,0.7719292044639587,1.0
foundation,17,six obstacles,OOD count,6,8.0,0.15,360.0,7,0.9805511711025235,0.803068610110705,0.5176470588235295,0.011456670239567757,0.5405405405405406,0.9952649770758435,0.38001275062561035,1.0
foundation,17,six obstacles,OOD count,6,8.0,0.15,360.0,8,0.9783929178428388,0.831125018438292,0.5052631578947369,0.03902634233236313,0.5106382978723404,0.99695382303984,0.7208807468414307,1.0
foundation,17,six obstacles,OOD count,6,8.0,0.15,360.0,9,0.9644765923246935,0.7260626972518525,0.4519230769230769,0.0375748835504055,0.44954128440366975,0.9953472951439106,0.3970942497253418,0.0
foundation,17,six obstacles,OOD count,6,8.0,0.15,360.0,10,0.9786231641070351,0.7703058755079585,0.5402298850574713,0.10665739327669144,0.55,0.992543398396486,2.4574050903320312,0.0
foundation,17,six obstacles,OOD count,6,8.0,0.15,360.0,11,0.9911297852474323,0.8883262600019142,0.6363636363636364,0.01451504323631525,0.6363636363636364,0.9963220649689125,0.4909096658229828,1.0
foundation,17,six obstacles,OOD count,6,8.0,0.15,360.0,12,0.9701071922544953,0.7163401901419619,0.48314606741573035,0.06995762139558792,0.48148148148148145,0.9947763780837886,0.426246702671051,0.0
foundation,17,six obstacles,OOD count,6,8.0,0.15,360.0,13,0.9834147135416667,0.8110563383721715,0.5454545454545454,0.028062468394637108,0.5238095238095238,0.9983331117550454,0.3995787501335144,1.0
foundation,17,six obstacles,OOD count,6,8.0,0.15,360.0,14,0.9795816044260027,0.739639404854104,0.45054945054945056,0.08411381393671036,0.4634146341463415,0.9967717836792735,0.4121874272823334,0.0
foundation,17,six obstacles,OOD count,6,8.0,0.15,360.0,15,0.9774913911591269,0.7640420886313649,0.45918367346938777,0.060570187866687775,0.4639175257731959,0.9973435654672762,0.3393512964248657,0.0
exact,17,six obstacles,OOD count,6,8.0,0.15,360.0,0,0.9557651650674907,0.6963533753794011,0.41509433962264153,0.02354973554611206,0.41818181818181815,1.0,1.0245943485642783e-05,0.0
exact,17,six obstacles,OOD count,6,8.0,0.15,360.0,1,0.9712788259958072,0.7409789052514525,0.5604395604395604,0.08650115132331848,0.5555555555555556,1.0,1.0848198144230992e-05,0.0
exact,17,six obstacles,OOD count,6,8.0,0.15,360.0,2,0.9790415280238538,0.7790015820209835,0.5263157894736842,0.03836958855390549,0.5368421052631579,1.0,1.0241071322525386e-05,0.0
exact,17,six obstacles,OOD count,6,8.0,0.15,360.0,3,0.9711881614570514,0.7648050837428761,0.5053763440860215,0.07467256486415863,0.4945054945054945,1.0,1.1572407856874634e-05,0.0
exact,17,six obstacles,OOD count,6,8.0,0.15,360.0,4,0.9852518998029833,0.7828115374423313,0.5487804878048781,0.05170845985412598,0.5714285714285714,1.0,1.211860671901377e-05,0.0
exact,17,six obstacles,OOD count,6,8.0,0.15,360.0,5,0.960205596241367,0.7367501366834999,0.44545454545454544,0.06332924216985703,0.4146341463414634,1.0,9.041510566021316e-06,0.0
exact,17,six obstacles,OOD count,6,8.0,0.15,360.0,6,0.9946849385245902,0.903346539642859,0.6216216216216216,0.004179945681244135,0.7142857142857143,1.0,1.2932887329952791e-05,1.0
exact,17,six obstacles,OOD count,6,8.0,0.15,360.0,7,0.9815490121373754,0.8141264278947012,0.5357142857142857,0.025182723999023438,0.5405405405405406,1.0,1.2980512110516429e-05,1.0
exact,17,six obstacles,OOD count,6,8.0,0.15,360.0,8,0.9788362916217135,0.8348005653279129,0.5212765957446809,0.038204293698072433,0.5268817204301075,1.0,1.1641072887869086e-05,1.0
exact,17,six obstacles,OOD count,6,8.0,0.15,360.0,9,0.9645703569754203,0.7253604296885361,0.46601941747572817,0.04057558625936508,0.4766355140186916,1.0,1.0226807717117481e-05,0.0
exact,17,six obstacles,OOD count,6,8.0,0.15,360.0,10,0.9775668969217356,0.7586573068834712,0.5227272727272727,0.09708872437477112,0.5308641975308642,1.0,1.3040128578722943e-05,0.0
exact,17,six obstacles,OOD count,6,8.0,0.15,360.0,11,0.9915382819794585,0.890820931041719,0.6551724137931034,0.01709945872426033,0.6551724137931034,1.0,1.0771017514343839e-05,1.0
exact,17,six obstacles,OOD count,6,8.0,0.15,360.0,12,0.9698132780082988,0.7114272025818646,0.48314606741573035,0.08765586465597153,0.4634146341463415,1.0,1.1714675565599464e-05,0.0
exact,17,six obstacles,OOD count,6,8.0,0.15,360.0,13,0.9841634114583333,0.825854570434068,0.5454545454545454,0.027036579325795174,0.5421686746987951,1.0,1.0440422556712292e-05,1.0
exact,17,six obstacles,OOD count,6,8.0,0.15,360.0,14,0.9798582295988936,0.7493395403707015,0.4666666666666667,0.10211514681577682,0.4634146341463415,1.0,1.1010044545400888e-05,0.0
exact,17,six obstacles,OOD count,6,8.0,0.15,360.0,15,0.9784963717245763,0.7737757243001985,0.4895833333333333,0.07945775240659714,0.4791666666666667,1.0,1.0913089681707788e-05,0.0
small,17,three stars,OOD shape,3,8.0,0.15,360.0,0,0.9905821175790842,0.822783738412423,0.44594594594594594,0.034086842089891434,0.5909090909090909,0.9972306012605948,1.5008893013000488,1.0
small,17,three stars,OOD shape,3,8.0,0.15,360.0,1,0.9943430266336423,0.8725671963292208,0.4583333333333333,0.03044341690838337,0.5714285714285714,0.9943964745272921,1.4714199304580688,1.0
small,17,three stars,OOD shape,3,8.0,0.15,360.0,2,0.987538304392237,0.8080074466492556,0.4810126582278481,0.0030413272324949503,0.5517241379310345,0.9968270613089734,0.9613151550292969,1.0
small,17,three stars,OOD shape,3,8.0,0.15,360.0,3,0.9953220933632199,0.8830032882873164,0.4305555555555556,0.038768596947193146,0.6756756756756757,0.9951947872842783,1.2353054285049438,1.0
small,17,three stars,OOD shape,3,8.0,0.15,360.0,4,0.9970542367007451,0.9080193535767138,0.4027777777777778,0.02028810977935791,0.7058823529411765,0.9962236286055651,1.0634175539016724,1.0
small,17,three stars,OOD shape,3,8.0,0.15,360.0,5,0.9896781877279608,0.8343071745647644,0.5066666666666667,0.02517779916524887,0.5471698113207547,0.9957766814008269,1.2831283807754517,1.0
small,17,three stars,OOD shape,3,8.0,0.15,360.0,6,0.9971971971971971,0.9101031277287399,0.3472222222222222,0.020750995725393295,0.6666666666666666,0.9957865569334793,0.9993882179260254,1.0
small,17,three stars,OOD shape,3,8.0,0.15,360.0,7,0.9906687852087245,0.8125170264443284,0.44594594594594594,0.019822200760245323,0.5217391304347826,0.9956942303676768,2.1651058197021484,1.0
small,17,three stars,OOD shape,3,8.0,0.15,360.0,8,0.989923053752841,0.817470927174649,0.4533333333333333,0.03464625030755997,0.6086956521739131,0.9950653413872446,1.635072112083435,1.0
small,17,three stars,OOD shape,3,8.0,0.15,360.0,9,0.9862185471681337,0.7965873697679967,0.475,0.02985580824315548,0.559322033898305,0.9940315847454337,0.9233595728874207,0.0
small,17,three stars,OOD shape,3,8.0,0.15,360.0,10,0.9908108811662111,0.8394867376539578,0.5,0.024935530498623848,0.5294117647058824,0.9946817355871912,2.023135185241699,1.0
small,17,three stars,OOD shape,3,8.0,0.15,360.0,11,0.9950095304106741,0.8676589547127269,0.4027777777777778,0.01518894825130701,0.6111111111111112,0.9924074408261845,1.4441744089126587,1.0
small,17,three stars,OOD shape,3,8.0,0.15,360.0,12,0.9890194145513295,0.8199503054069389,0.4342105263157895,0.011602845974266529,0.5416666666666666,0.9971470755807517,1.7830334901809692,1.0
small,17,three stars,OOD shape,3,8.0,0.15,360.0,13,0.9869897959183673,0.7944413672274102,0.46835443037974683,0.009710006415843964,0.5172413793103449,0.9974970763078792,0.695626974105835,0.0
small,17,three stars,OOD shape,3,8.0,0.15,360.0,14,0.9939577039274924,0.8697125897740388,0.410958904109589,0.024519873782992363,0.631578947368421,0.9958261852048783,1.6081953048706055,1.0
small,17,three stars,OOD shape,3,8.0,0.15,360.0,15,0.9879335277244388,0.8261342514758588,0.47435897435897434,0.012030554935336113,0.5925925925925926,0.9962988208727627,2.126246213912964,1.0
foundation,17,three stars,OOD shape,3,8.0,0.15,360.0,0,0.990524339159324,0.826166627085096,0.44594594594594594,0.0444723404943943,0.5909090909090909,0.9972800808121556,1.4680246114730835,1.0
foundation,17,three stars,OOD shape,3,8.0,0.15,360.0,1,0.994251291930404,0.8717163709067315,0.4583333333333333,0.03044341690838337,0.5714285714285714,0.9946125285689598,1.4720860719680786,1.0
foundation,17,three stars,OOD shape,3,8.0,0.15,360.0,2,0.9878106911814777,0.8151395912761306,0.4625,0.009033413603901863,0.5517241379310345,0.9968514121194656,0.8899927139282227,1.0
foundation,17,three stars,OOD shape,3,8.0,0.15,360.0,3,0.9954520352142415,0.8850508325369901,0.4305555555555556,0.03329496085643768,0.6756756756756757,0.9950587237452329,1.221423625946045,1.0
foundation,17,three stars,OOD shape,3,8.0,0.15,360.0,4,0.9970542367007451,0.9081984484768693,0.4027777777777778,0.024802612140774727,0.7058823529411765,0.9963391259833332,1.0359352827072144,1.0
foundation,17,three stars,OOD shape,3,8.0,0.15,360.0,5,0.9900503684589237,0.8416670603362808,0.4868421052631579,0.030634652823209763,0.5769230769230769,0.9958970303200384,1.2703089714050293,1.0
foundation,17,three stars,OOD shape,3,8.0,0.15,360.0,6,0.9971971971971971,0.9101031277287399,0.3472222222222222,0.020750995725393295,0.6666666666666666,0.9958125211747424,0.9959180355072021,1.0
foundation,17,three stars,OOD shape,3,8.0,0.15,360.0,7,0.9906687852087245,0.8010557026942133,0.4657534246575342,0.019622687250375748,0.5217391304347826,0.995910449631005,2.1846091747283936,1.0
foundation,17,three stars,OOD shape,3,8.0,0.15,360.0,8,0.9902242668200115,0.8256037902997424,0.4533333333333333,0.03464625030755997,0.574468085106383,0.9951076863319236,1.580775499343872,1.0
foundation,17,three stars,OOD shape,3,8.0,0.15,360.0,9,0.9864630568151507,0.800055922148362,0.4936708860759494,0.021199023351073265,0.559322033898305,0.9940957268175825,0.9364034533500671,1.0
foundation,17,three stars,OOD shape,3,8.0,0.15,360.0,10,0.9909931016530001,0.8427496844684423,0.48,0.03175169229507446,0.56,0.9945805752108513,1.9855796098709106,1.0
foundation,17,three stars,OOD shape,3,8.0,0.15,360.0,11,0.9950095304106741,0.8658592342255758,0.4027777777777778,0.01285629067569971,0.6111111111111112,0.9926463460696849,1.42966628074646,1.0
foundation,17,three stars,OOD shape,3,8.0,0.15,360.0,12,0.9891015635696486,0.8173686748038195,0.4342105263157895,0.009024832397699356,0.5416666666666666,0.9971954909935155,1.7693862915039062,1.0
foundation,17,three stars,OOD shape,3,8.0,0.15,360.0,13,0.9866419294990724,0.7881042981146616,0.46835443037974683,0.009710006415843964,0.5172413793103449,0.9975660928514194,0.6756258606910706,0.0
foundation,17,three stars,OOD shape,3,8.0,0.15,360.0,14,0.9939577039274925,0.8694153839584927,0.4305555555555556,0.019302936270833015,0.5897435897435898,0.995897860054866,1.5620777606964111,1.0
foundation,17,three stars,OOD shape,3,8.0,0.15,360.0,15,0.9876016404712799,0.825681761623902,0.45569620253164556,0.006876816041767597,0.5636363636363636,0.9961256508339369,2.087578535079956,1.0
exact,17,three stars,OOD shape,3,8.0,0.15,360.0,0,0.9927199191102124,0.8514670245359048,0.44594594594594594,0.037104249000549316,0.5909090909090909,1.0,1.703542329778429e-05,1.0
exact,17,three stars,OOD shape,3,8.0,0.15,360.0,1,0.9940984007583402,0.8742849291355272,0.4383561643835616,0.024514537304639816,0.5348837209302325,1.0,1.8292261302121915e-05,1.0
exact,17,three stars,OOD shape,3,8.0,0.15,360.0,2,0.988400862558166,0.8200850172331848,0.5,0.00596316484734416,0.5789473684210527,1.0,1.6847825463628396e-05,1.0
exact,17,three stars,OOD shape,3,8.0,0.15,360.0,3,0.9960692590065945,0.8950896433801225,0.4305555555555556,0.026911847293376923,0.6756756756756757,1.0,1.7438604118069634e-05,1.0
exact,17,three stars,OOD shape,3,8.0,0.15,360.0,4,0.9969849246231156,0.906620797596964,0.4027777777777778,0.030982017517089844,0.6571428571428571,1.0,1.9559740394470282e-05,1.0
exact,17,three stars,OOD shape,3,8.0,0.15,360.0,5,0.9908195419695804,0.8429679812374204,0.5066666666666667,0.023329870775341988,0.6078431372549019,1.0,1.623028038011398e-05,1.0
exact,17,three stars,OOD shape,3,8.0,0.15,360.0,6,0.9975175175175175,0.9219270994423178,0.3472222222222222,0.02443094551563263,0.7241379310344828,1.0,1.8875412933994085e-05,1.0
exact,17,three stars,OOD shape,3,8.0,0.15,360.0,7,0.9926332514805719,0.831577816217497,0.4861111111111111,0.011679536662995815,0.5217391304347826,1.0,1.6484329535160214e-05,1.0
exact,17,three stars,OOD shape,3,8.0,0.15,360.0,8,0.9900873517894794,0.8247373551989465,0.4533333333333333,0.03464625030755997,0.6086956521739131,1.0,1.563755540701095e-05,1.0
exact,17,three stars,OOD shape,3,8.0,0.15,360.0,9,0.9870187605583711,0.8055330677008188,0.4936708860759494,0.021199023351073265,0.5862068965517241,1.0,1.6147037968039513e-05,1.0
exact,17,three stars,OOD shape,3,8.0,0.15,360.0,10,0.9919562670831706,0.859174165652218,0.5,0.024370333179831505,0.56,1.0,1.7948828826774843e-05,1.0
exact,17,three stars,OOD shape,3,8.0,0.15,360.0,11,0.995321434760007,0.8749435540608008,0.4027777777777778,0.01551099494099617,0.6571428571428571,1.0,1.696827166597359e-05,1.0
exact,17,three stars,OOD shape,3,8.0,0.15,360.0,12,0.9892110955940743,0.825102747400057,0.4342105263157895,0.015047981403768063,0.5416666666666666,1.0,1.4680871572636534e-05,1.0
exact,17,three stars,OOD shape,3,8.0,0.15,360.0,13,0.9876159554730983,0.802162624170913,0.48717948717948717,0.008419006131589413,0.543859649122807,1.0,1.530627196189016e-05,1.0
exact,17,three stars,OOD shape,3,8.0,0.15,360.0,14,0.9944125004060682,0.8840405435906046,0.410958904109589,0.025966834276914597,0.5897435897435898,1.0,1.8134756828658283e-05,1.0
exact,17,three stars,OOD shape,3,8.0,0.15,360.0,15,0.988478771068914,0.8333812865243342,0.47435897435897434,0.007893051952123642,0.5636363636363636,1.0,1.4578921764041297e-05,1.0
small,17,two crescents,OOD shape,2,8.0,0.15,360.0,0,0.9949744234048281,0.5263100934153566,0.1527777777777778,0.01199530903249979,0.4666666666666667,0.9941775849740416,1.1614080667495728,0.0
small,17,two crescents,OOD shape,2,8.0,0.15,360.0,1,0.9968043825610592,0.7784406443229972,0.18055555555555555,0.033972352743148804,0.5294117647058824,0.9948188003573856,0.7543841600418091,0.0
small,17,two crescents,OOD shape,2,8.0,0.15,360.0,2,0.992249503968254,0.6115033267606796,0.2222222222222222,0.04666247218847275,0.45454545454545453,0.9974509316612413,1.2215427160263062,0.0
small,17,two crescents,OOD shape,2,8.0,0.15,360.0,3,0.9945978848056001,0.6513838135548662,0.18055555555555555,0.06397005915641785,0.4444444444444444,0.9955836891549202,0.677030086517334,0.0
small,17,two crescents,OOD shape,2,8.0,0.15,360.0,4,0.9980237154150198,0.8570601851851851,0.16666666666666666,0.024883871898055077,0.5,0.9965077454748267,0.6488866806030273,1.0
small,17,two crescents,OOD shape,2,8.0,0.15,360.0,5,0.9955357142857143,0.8298630250586457,0.2222222222222222,0.002729644998908043,0.6,0.9992535622740799,0.3867736756801605,1.0
small,17,two crescents,OOD shape,2,8.0,0.15,360.0,6,0.9920634920634921,0.556364017328457,0.2222222222222222,0.012923197820782661,0.391304347826087,0.9970061162823759,0.5844799280166626,0.0
small,17,two crescents,OOD shape,2,8.0,0.15,360.0,7,0.9933805067336224,0.6649522836429858,0.18055555555555555,0.0032081883400678635,0.3684210526315789,0.9980116557659513,0.7429655194282532,0.0
small,17,two crescents,OOD shape,2,8.0,0.15,360.0,8,0.9936108929039015,0.7597656927799823,0.2638888888888889,0.059584856033325195,0.52,0.99612298729235,1.041467308998108,0.0
small,17,two crescents,OOD shape,2,8.0,0.15,360.0,9,0.9906994047619048,0.593712620021418,0.2222222222222222,0.017748290672898293,0.3333333333333333,0.9975703774593242,1.0661014318466187,0.0
small,17,two crescents,OOD shape,2,8.0,0.15,360.0,10,0.9974881710380279,0.837980531831834,0.2361111111111111,0.04673047363758087,0.7,0.9947221585403063,1.0600571632385254,1.0
small,17,two crescents,OOD shape,2,8.0,0.15,360.0,11,0.9934283189750387,0.697983357902222,0.25,0.018149077892303467,0.5,0.997313927209397,0.5464230179786682,0.0
small,17,two crescents,OOD shape,2,8.0,0.15,360.0,12,0.9985641705323615,0.9254607640572554,0.25,0.00649132439866662,0.6363636363636364,0.9934674397727659,1.2760465145111084,1.0
small,17,two crescents,OOD shape,2,8.0,0.15,360.0,13,0.9920052857614801,0.6447438449063836,0.20833333333333334,0.017151713371276855,0.30434782608695654,0.9962512735387281,0.7199268937110901,0.0
small,17,two crescents,OOD shape,2,8.0,0.15,360.0,14,0.9946056547619048,0.6592246037558538,0.2222222222222222,0.02694854885339737,0.5238095238095238,0.9981475741118765,0.9494372010231018,0.0
small,17,two crescents,OOD shape,2,8.0,0.15,360.0,15,0.9972826086956521,0.7772453040116083,0.16666666666666666,0.006762722972780466,0.5,0.9973474793973457,0.47944942116737366,0.0
foundation,17,two crescents,OOD shape,2,8.0,0.15,360.0,0,0.9948846809656287,0.5239291410344042,0.1527777777777778,0.01199530903249979,0.4666666666666667,0.9942746566102963,1.1428005695343018,0.0
foundation,17,two crescents,OOD shape,2,8.0,0.15,360.0,1,0.9967282964315606,0.7756754356754356,0.18055555555555555,0.030883509665727615,0.5294117647058824,0.9949103848883275,0.7550167441368103,0.0
foundation,17,two crescents,OOD shape,2,8.0,0.15,360.0,2,0.992249503968254,0.6124049374049374,0.2222222222222222,0.04666247218847275,0.45454545454545453,0.9976241631578654,1.1785571575164795,0.0
foundation,17,two crescents,OOD shape,2,8.0,0.15,360.0,3,0.9947500570645972,0.6607260794760796,0.18055555555555555,0.06397005915641785,0.4444444444444444,0.9957428542072608,0.6787105202674866,0.0
foundation,17,two crescents,OOD shape,2,8.0,0.15,360.0,4,0.9980237154150198,0.8570601851851852,0.16666666666666666,0.025905735790729523,0.5,0.9965590185943999,0.6696494817733765,1.0
foundation,17,two crescents,OOD shape,2,8.0,0.15,360.0,5,0.9952876984126984,0.827997615129968,0.2222222222222222,0.01040045265108347,0.6,0.9993162012757522,0.38105812668800354,1.0
foundation,17,two crescents,OOD shape,2,8.0,0.15,360.0,6,0.9920634920634921,0.556364017328457,0.2222222222222222,0.012923197820782661,0.391304347826087,0.9970755611482741,0.6175654530525208,0.0
foundation,17,two crescents,OOD shape,2,8.0,0.15,360.0,7,0.9937609373811154,0.6707361015053324,0.18055555555555555,0.012352907098829746,0.4444444444444444,0.9980626507315948,0.740566074848175,0.0
foundation,17,two crescents,OOD shape,2,8.0,0.15,360.0,8,0.9936632626341974,0.7612219024741782,0.2638888888888889,0.05845944583415985,0.52,0.9962742687094277,1.0730990171432495,0.0
foundation,17,two crescents,OOD shape,2,8.0,0.15,360.0,9,0.9906374007936508,0.5934526675555832,0.2222222222222222,0.01065669022500515,0.3333333333333333,0.9975446686152368,1.060104250907898,0.0
foundation,17,two crescents,OOD shape,2,8.0,0.15,360.0,10,0.9973129271569601,0.8308125425256244,0.2361111111111111,0.047421377152204514,0.7,0.9947409517965672,1.051581859588623,1.0
foundation,17,two crescents,OOD shape,2,8.0,0.15,360.0,11,0.9934283189750386,0.697983357902222,0.25,0.018149077892303467,0.5,0.9973526231102796,0.5571349263191223,0.0
foundation,17,two crescents,OOD shape,2,8.0,0.15,360.0,12,0.9985641705323615,0.9254607640572552,0.25,0.00649132439866662,0.6363636363636364,0.9935388961853141,1.2696325778961182,1.0
foundation,17,two crescents,OOD shape,2,8.0,0.15,360.0,13,0.9920713577799801,0.6456351105035316,0.20833333333333334,0.017151713371276855,0.30434782608695654,0.9962627426798565,0.742296576499939,0.0
foundation,17,two crescents,OOD shape,2,8.0,0.15,360.0,14,0.9943576388888888,0.6522559275593864,0.2222222222222222,0.024710403755307198,0.45454545454545453,0.9981103255821835,0.9410806894302368,0.0
foundation,17,two crescents,OOD shape,2,8.0,0.15,360.0,15,0.9972826086956521,0.7772453040116083,0.16666666666666666,0.006762722972780466,0.5,0.9973731468450245,0.46701690554618835,0.0
exact,17,two crescents,OOD shape,2,8.0,0.15,360.0,0,0.9948846809656287,0.5236362966239128,0.1527777777777778,0.01199530903249979,0.4666666666666667,1.0,2.3775501176714897e-05,0.0
exact,17,two crescents,OOD shape,2,8.0,0.15,360.0,1,0.9963478657840676,0.7632888479042326,0.18055555555555555,0.025133933871984482,0.5294117647058824,1.0,2.0854078684351407e-05,0.0
exact,17,two crescents,OOD shape,2,8.0,0.15,360.0,2,0.9926215277777778,0.5871370558870559,0.2222222222222222,0.03766167163848877,0.45454545454545453,1.0,1.9665150830405764e-05,0.0
exact,17,two crescents,OOD shape,2,8.0,0.15,360.0,3,0.9941413680286083,0.628865720246673,0.18055555555555555,0.05293845012784004,0.4444444444444444,1.0,2.250493889732752e-05,0.0
exact,17,two crescents,OOD shape,2,8.0,0.15,360.0,4,0.997941370223979,0.8496527777777778,0.16666666666666666,0.026289699599146843,0.5,1.0,2.5329465643153526e-05,1.0
exact,17,two crescents,OOD shape,2,8.0,0.15,360.0,5,0.9952256944444444,0.8229401416901417,0.2222222222222222,0.01040045265108347,0.6,1.0,2.4985016352729872e-05,1.0
exact,17,two crescents,OOD shape,2,8.0,0.15,360.0,6,0.9921875,0.5611318038897218,0.2222222222222222,0.012923197820782661,0.391304347826087,1.0,2.2665026335744187e-05,0.0
exact,17,two crescents,OOD shape,2,8.0,0.15,360.0,7,0.993456592863121,0.665485796255027,0.18055555555555555,0.0032081883400678635,0.4444444444444444,1.0,2.226435208285693e-05,0.0
exact,17,two crescents,OOD shape,2,8.0,0.15,360.0,8,0.9935585231736057,0.7626417386453419,0.2638888888888889,0.06957653909921646,0.52,1.0,2.1424066289910115e-05,0.0
exact,17,two crescents,OOD shape,2,8.0,0.15,360.0,9,0.9908854166666666,0.5988713501801481,0.2222222222222222,0.01065669022500515,0.3333333333333333,1.0,2.0779734768439084e-05,0.0
exact,17,two crescents,OOD shape,2,8.0,0.15,360.0,10,0.9974297564110053,0.8367006455674276,0.2361111111111111,0.03928648307919502,0.7,1.0,2.6795250960276462e-05,1.0
exact,17,two crescents,OOD shape,2,8.0,0.15,360.0,11,0.9934835431853325,0.6990096304802187,0.25,0.01744159869849682,0.5,1.0,2.5137987904599868e-05,0.0
exact,17,two crescents,OOD shape,2,8.0,0.15,360.0,12,0.9982880494808923,0.9092051436712001,0.25,0.010137747041881084,0.6363636363636364,1.0,2.6784849978866987e-05,1.0
exact,17,two crescents,OOD shape,2,8.0,0.15,360.0,13,0.9920713577799802,0.6321616818770519,0.20833333333333334,0.017151713371276855,0.30434782608695654,1.0,2.1338069927878678e-05,0.0
exact,17,two crescents,OOD shape,2,8.0,0.15,360.0,14,0.9940476190476191,0.6745812762117109,0.2222222222222222,0.024710403755307198,0.45454545454545453,1.0,2.0131194105488248e-05,0.0
exact,17,two crescents,OOD shape,2,8.0,0.15,360.0,15,0.9970355731225297,0.7722285816035815,0.16666666666666666,0.01276303268969059,0.5,1.0,2.397329080849886e-05,0.0
small,17,30% noise,OOD noise,4,8.0,0.3,360.0,0,0.9955321419045079,0.9325243867255945,0.6164383561643836,0.015269313007593155,0.6727272727272727,0.9914594752036994,0.7282921671867371,1.0
small,17,30% noise,OOD noise,4,8.0,0.3,360.0,1,0.9938262195121951,0.8761078381888877,0.5342465753424658,0.01936328038573265,0.5686274509803921,0.987305985109967,0.4944339394569397,1.0
small,17,30% noise,OOD noise,4,8.0,0.3,360.0,2,0.9981519507186859,0.967723674037879,0.6944444444444444,0.010252173990011215,0.7857142857142857,0.9964294394031289,1.3107222318649292,1.0
small,17,30% noise,OOD noise,4,8.0,0.3,360.0,3,0.9967735777014127,0.9438402806371076,0.726027397260274,0.02858814224600792,0.7142857142857143,0.9881312668313893,0.7895448803901672,1.0
small,17,30% noise,OOD noise,4,8.0,0.3,360.0,4,0.9970974013527205,0.932872883214689,0.5138888888888888,0.032566267997026443,0.7209302325581395,0.993744037590694,0.5174124836921692,1.0
small,17,30% noise,OOD noise,4,8.0,0.3,360.0,5,0.9927071401298205,0.9014193557796736,0.6578947368421053,0.03313210979104042,0.6615384615384615,0.9907839300018844,1.8520029783248901,1.0
small,17,30% noise,OOD noise,4,8.0,0.3,360.0,6,0.9979462745420192,0.9527602505191272,0.5138888888888888,0.013538645580410957,0.7209302325581395,0.9933145085542012,0.7574016451835632,1.0
small,17,30% noise,OOD noise,4,8.0,0.3,360.0,7,0.9931006493506493,0.9119221963941998,0.6842105263157895,0.03297972306609154,0.696969696969697,0.9902942100909377,1.5016520023345947,1.0
small,17,30% noise,OOD noise,4,8.0,0.3,360.0,8,0.9961190965092402,0.9316840652697373,0.6712328767123288,0.014642526395618916,0.6949152542372882,0.9939616103191613,0.918312668800354,1.0
small,17,30% noise,OOD noise,4,8.0,0.3,360.0,9,0.9958555729984302,0.9243906509606286,0.6575342465753424,0.032137706875801086,0.6896551724137931,0.98991589271944,0.8288447260856628,1.0
small,17,30% noise,OOD noise,4,8.0,0.3,360.0,10,0.9967752885268161,0.9370706683235248,0.5616438356164384,0.01651921682059765,0.7142857142857143,0.9921804237907191,0.9291229248046875,1.0
small,17,30% noise,OOD noise,4,8.0,0.3,360.0,11,0.9961276818419675,0.9315203630428093,0.6805555555555556,0.032770831137895584,0.6896551724137931,0.9913259009822663,1.6203863620758057,1.0
small,17,30% noise,OOD noise,4,8.0,0.3,360.0,12,0.996043956043956,0.9343229474393591,0.6575342465753424,0.02588890865445137,0.6896551724137931,0.9912743292186176,1.674129605293274,1.0
small,17,30% noise,OOD noise,4,8.0,0.3,360.0,13,0.9937384044526902,0.8947630794010121,0.5466666666666666,0.05411401763558388,0.6296296296296297,0.9934783961815743,0.6163523197174072,1.0
small,17,30% noise,OOD noise,4,8.0,0.3,360.0,14,0.9972230040341495,0.9575132441350438,0.7162162162162162,0.019762132316827774,0.7741935483870968,0.9939621429222206,1.2467752695083618,1.0
small,17,30% noise,OOD noise,4,8.0,0.3,360.0,15,0.997544571367567,0.9490877814315847,0.5277777777777778,0.014150288887321949,0.7674418604651163,0.992992564211301,0.5485967993736267,1.0
foundation,17,30% noise,OOD noise,4,8.0,0.3,360.0,0,0.9955321419045078,0.9325243867255946,0.6164383561643836,0.015269313007593155,0.6727272727272727,0.9914499811618309,0.6927022337913513,1.0
foundation,17,30% noise,OOD noise,4,8.0,0.3,360.0,1,0.9938008130081301,0.8756787130504602,0.5342465753424658,0.01936328038573265,0.5686274509803921,0.9873874194363558,0.5002894401550293,1.0
foundation,17,30% noise,OOD noise,4,8.0,0.3,360.0,2,0.9981724845995893,0.9687835168196763,0.6712328767123288,0.013936718925833702,0.7857142857142857,0.9963750951062786,1.2888392210006714,1.0
foundation,17,30% noise,OOD noise,4,8.0,0.3,360.0,3,0.996811760213822,0.9447448976075057,0.726027397260274,0.02858814224600792,0.7142857142857143,0.988192186304635,0.775005042552948,1.0
foundation,17,30% noise,OOD noise,4,8.0,0.3,360.0,4,0.9971247843588269,0.9332438424091777,0.5138888888888888,0.032566267997026443,0.7209302325581395,0.9937617049102118,0.530697762966156,1.0
foundation,17,30% noise,OOD noise,4,8.0,0.3,360.0,5,0.9926689576174113,0.8996150879165931,0.6578947368421053,0.03313210979104042,0.6875,0.9908241328310706,1.8158899545669556,1.0
foundation,17,30% noise,OOD noise,4,8.0,0.3,360.0,6,0.998001040554232,0.9539143496816065,0.5138888888888888,0.013538645580410957,0.7209302325581395,0.9934283254874816,0.7660197019577026,1.0
foundation,17,30% noise,OOD noise,4,8.0,0.3,360.0,7,0.9930822018890201,0.912343265892247,0.6842105263157895,0.03297972306609154,0.696969696969697,0.9903614983790207,1.491573452949524,1.0
foundation,17,30% noise,OOD noise,4,8.0,0.3,360.0,8,0.9961190965092402,0.9317703430757236,0.6712328767123288,0.014642526395618916,0.6949152542372882,0.994007521572579,0.9645442962646484,1.0
foundation,17,30% noise,OOD noise,4,8.0,0.3,360.0,9,0.9958555729984302,0.9243906509606286,0.6575342465753424,0.032137706875801086,0.6896551724137931,0.9899708017354527,0.8076127171516418,1.0
foundation,17,30% noise,OOD noise,4,8.0,0.3,360.0,10,0.9966783047231113,0.9353196388873393,0.5616438356164384,0.01651921682059765,0.7142857142857143,0.9922295232238398,0.8823962211608887,1.0
foundation,17,30% noise,OOD noise,4,8.0,0.3,360.0,11,0.9959602302459445,0.9291115629181628,0.6575342465753424,0.039544522762298584,0.6896551724137931,0.9912426243448035,1.6062746047973633,1.0
foundation,17,30% noise,OOD noise,4,8.0,0.3,360.0,12,0.9962742019884877,0.9374875821282231,0.6575342465753424,0.024422278627753258,0.75,0.9914332535760516,1.7136119604110718,1.0
foundation,17,30% noise,OOD noise,4,8.0,0.3,360.0,13,0.9937384044526902,0.8947630794010121,0.5466666666666666,0.05411401763558388,0.6296296296296297,0.9934835137058526,0.6001379489898682,1.0
foundation,17,30% noise,OOD noise,4,8.0,0.3,360.0,14,0.9970353691715921,0.9545771943858411,0.7162162162162162,0.019762132316827774,0.7741935483870968,0.993935778639555,1.262030005455017,1.0
foundation,17,30% noise,OOD noise,4,8.0,0.3,360.0,15,0.9975712608092239,0.94970543509633,0.5277777777777778,0.014150288887321949,0.7674418604651163,0.9930392192309389,0.5290166139602661,1.0
exact,17,30% noise,OOD noise,4,8.0,0.3,360.0,0,0.9958655641504401,0.9352016417849799,0.6164383561643836,0.009160050190985203,0.7037037037037037,1.0,1.1978715519944672e-05,1.0
exact,17,30% noise,OOD noise,4,8.0,0.3,360.0,1,0.9940802845528456,0.8837921609121513,0.5342465753424658,0.022919293493032455,0.6,1.0,1.3829499948769808e-05,1.0
exact,17,30% noise,OOD noise,4,8.0,0.3,360.0,2,0.9983367556468172,0.9713651566423507,0.6944444444444444,0.004919626750051975,0.8181818181818182,1.0,1.0748669410531875e-05,1.0
exact,17,30% noise,OOD noise,4,8.0,0.3,360.0,3,0.9969835815196639,0.9481876544766523,0.726027397260274,0.03524314984679222,0.7419354838709677,1.0,1.1961816198891029e-05,1.0
exact,17,30% noise,OOD noise,4,8.0,0.3,360.0,4,0.9971795503710398,0.9352389265737061,0.5138888888888888,0.03006427176296711,0.7619047619047619,1.0,1.3250139090814628e-05,1.0
exact,17,30% noise,OOD noise,4,8.0,0.3,360.0,5,0.9918671248568156,0.8903572730241477,0.6153846153846154,0.04813496023416519,0.6119402985074627,1.0,1.0893701073655393e-05,1.0
exact,17,30% noise,OOD noise,4,8.0,0.3,360.0,6,0.9981653385908705,0.9569400672800796,0.5138888888888888,0.013976777903735638,0.7619047619047619,1.0,1.2630707715288736e-05,1.0
exact,17,30% noise,OOD noise,4,8.0,0.3,360.0,7,0.9919938016528926,0.9028560171109195,0.620253164556962,0.04838373884558678,0.696969696969697,1.0,1.1828231436084025e-05,1.0
exact,17,30% noise,OOD noise,4,8.0,0.3,360.0,8,0.9958726899383983,0.9265538605834125,0.6712328767123288,0.011831162497401237,0.6949152542372882,1.0,1.0901326277235057e-05,1.0
exact,17,30% noise,OOD noise,4,8.0,0.3,360.0,9,0.9966509680795396,0.9311790572126908,0.6575342465753424,0.027072178199887276,0.75,1.0,1.1784602065745275e-05,1.0
exact,17,30% noise,OOD noise,4,8.0,0.3,360.0,10,0.9967752885268161,0.9351005357544173,0.5616438356164384,0.010511969216167927,0.7142857142857143,1.0,1.1688220183714293e-05,1.0
exact,17,30% noise,OOD noise,4,8.0,0.3,360.0,11,0.9961486132914704,0.936576766225599,0.6575342465753424,0.020745277404785156,0.7192982456140351,1.0,1.0891939382418059e-05,1.0
exact,17,30% noise,OOD noise,4,8.0,0.3,360.0,12,0.9975719518576661,0.9579581272822726,0.6575342465753424,0.012116230092942715,0.7818181818181819,1.0,1.0801288226502948e-05,1.0
exact,17,30% noise,OOD noise,4,8.0,0.3,360.0,13,0.9940166975881262,0.9012140731406789,0.5675675675675675,0.05278993770480156,0.660377358490566,1.0,1.3011597729928326e-05,1.0
exact,17,30% noise,OOD noise,4,8.0,0.3,360.0,14,0.9972980579791725,0.9570524924488855,0.7162162162162162,0.02398153580725193,0.7741935483870968,1.0,1.0412609299237374e-05,1.0
exact,17,30% noise,OOD noise,4,8.0,0.3,360.0,15,0.9978648446674495,0.9541910516797392,0.5277777777777778,0.014150288887321949,0.7674418604651163,1.0,1.2048544704157393e-05,1.0
small,17,180-degree aperture,OOD aperture,3,8.0,0.15,180.0,0,0.98838394613944,0.8284150430892564,0.5131578947368421,0.012065167538821697,0.5636363636363636,0.9987728959421774,0.23349973559379578,1.0
small,17,180-degree aperture,OOD aperture,3,8.0,0.15,180.0,1,0.9930341361982326,0.8054949362000956,0.4027777777777778,0.025916170328855515,0.48717948717948717,0.9994239678548392,0.24376755952835083,1.0
small,17,180-degree aperture,OOD aperture,3,8.0,0.15,180.0,2,0.9928354759497328,0.8272573631619571,0.4861111111111111,0.022914867848157883,0.5555555555555556,0.9996236011639297,0.14815200865268707,1.0
small,17,180-degree aperture,OOD aperture,3,8.0,0.15,180.0,3,0.9879788603192858,0.7863519160381806,0.4342105263157895,0.02973502315580845,0.5102040816326531,0.9991279716601001,0.3228280544281006,0.0
small,17,180-degree aperture,OOD aperture,3,8.0,0.15,180.0,4,0.9895895895895895,0.6989161752369374,0.3472222222222222,0.03199337050318718,0.47058823529411764,0.9991838436331073,0.22697627544403076,0.0
small,17,180-degree aperture,OOD aperture,3,8.0,0.15,180.0,5,0.9910457570032039,0.8574412569596711,0.4533333333333333,0.02189774252474308,0.574468085106383,0.9994780149227976,0.1578780561685562,1.0
small,17,180-degree aperture,OOD aperture,3,8.0,0.15,180.0,6,0.9872705974228817,0.7933182770381327,0.4605263157894737,0.015538395382463932,0.5918367346938775,0.9992961233600675,0.2512827217578888,0.0
small,17,180-degree aperture,OOD aperture,3,8.0,0.15,180.0,7,0.9915298290676696,0.8256278270701749,0.4383561643835616,0.021008402109146118,0.5348837209302325,0.9987603424621815,0.15438921749591827,1.0
small,17,180-degree aperture,OOD aperture,3,8.0,0.15,180.0,8,0.98460019216398,0.7774381437311997,0.42857142857142855,0.014400537125766277,0.49019607843137253,0.9995846326496242,0.2983943819999695,0.0
small,17,180-degree aperture,OOD aperture,3,8.0,0.15,180.0,9,0.9900416666666666,0.6824336535375759,0.3150684931506849,0.030379392206668854,0.45454545454545453,0.9978705930590668,0.20501480996608734,0.0
small,17,180-degree aperture,OOD aperture,3,8.0,0.15,180.0,10,0.9913967611336032,0.8274839449508443,0.4594594594594595,0.016487449407577515,0.6,0.9988698623124731,0.2598879039287567,1.0
small,17,180-degree aperture,OOD aperture,3,8.0,0.15,180.0,11,0.9829454467812533,0.7147900536255245,0.41025641025641024,0.03010215051472187,0.49019607843137253,0.9991271499314507,0.32076314091682434,0.0
small,17,180-degree aperture,OOD aperture,3,8.0,0.15,180.0,12,0.9880976455293947,0.76967801487312,0.4266666666666667,0.008896566927433014,0.42857142857142855,0.9995259971339026,0.19864359498023987,0.0
small,17,180-degree aperture,OOD aperture,3,8.0,0.15,180.0,13,0.9897562914717304,0.7551962176798394,0.4583333333333333,0.016635162755846977,0.43478260869565216,0.9990896551840142,0.24395088851451874,0.0
small,17,180-degree aperture,OOD aperture,3,8.0,0.15,180.0,14,0.9904376715296836,0.8034424327601786,0.4657534246575342,0.021403467282652855,0.5555555555555556,0.9993601793870044,0.3014783561229706,1.0
small,17,180-degree aperture,OOD aperture,3,8.0,0.15,180.0,15,0.9926875758100849,0.8471340344504892,0.3835616438356164,0.013089720159769058,0.5675675675675675,0.9990492201042702,0.17310205101966858,1.0
foundation,17,180-degree aperture,OOD aperture,3,8.0,0.15,180.0,0,0.98838394613944,0.8284150430892564,0.5131578947368421,0.007758510299026966,0.5636363636363636,0.9987829178715243,0.23564016819000244,1.0
foundation,17,180-degree aperture,OOD aperture,3,8.0,0.15,180.0,1,0.9930341361982326,0.8054949362000956,0.4027777777777778,0.025916170328855515,0.48717948717948717,0.9994210794417696,0.25088441371917725,1.0
foundation,17,180-degree aperture,OOD aperture,3,8.0,0.15,180.0,2,0.9928354759497328,0.8272573631619571,0.4861111111111111,0.022914867848157883,0.5555555555555556,0.9996264351267995,0.14570823311805725,1.0
foundation,17,180-degree aperture,OOD aperture,3,8.0,0.15,180.0,3,0.9880062433253922,0.78695412252274,0.4342105263157895,0.02973502315580845,0.5102040816326531,0.9991382668962068,0.31221193075180054,0.0
foundation,17,180-degree aperture,OOD aperture,3,8.0,0.15,180.0,4,0.9896296296296296,0.7013404176611798,0.3472222222222222,0.03199337050318718,0.47058823529411764,0.9991704387013034,0.2226942628622055,0.0
foundation,17,180-degree aperture,OOD aperture,3,8.0,0.15,180.0,5,0.9910457570032039,0.8574412569596711,0.4533333333333333,0.02189774252474308,0.574468085106383,0.9994807871337532,0.15474185347557068,1.0
foundation,17,180-degree aperture,OOD aperture,3,8.0,0.15,180.0,6,0.9872705974228817,0.7933182770381327,0.4605263157894737,0.015538395382463932,0.5918367346938775,0.999303985767019,0.24785499274730682,0.0
foundation,17,180-degree aperture,OOD aperture,3,8.0,0.15,180.0,7,0.9915298290676696,0.8256278270701749,0.4383561643835616,0.021008402109146118,0.5348837209302325,0.9987689867956939,0.1527228206396103,1.0
foundation,17,180-degree aperture,OOD aperture,3,8.0,0.15,180.0,8,0.984573502722323,0.776725154361223,0.42857142857142855,0.014400537125766277,0.49019607843137253,0.9995885225920563,0.2971697151660919,0.0
foundation,17,180-degree aperture,OOD aperture,3,8.0,0.15,180.0,9,0.9900416666666666,0.6824336535375759,0.3150684931506849,0.030379392206668854,0.45454545454545453,0.9978945890863782,0.23614780604839325,0.0
foundation,17,180-degree aperture,OOD aperture,3,8.0,0.15,180.0,10,0.9914248762932973,0.8278693905259291,0.4594594594594595,0.016487449407577515,0.6,0.9988786128420784,0.2666812539100647,1.0
foundation,17,180-degree aperture,OOD aperture,3,8.0,0.15,180.0,11,0.9829454467812533,0.7147900536255245,0.41025641025641024,0.03010215051472187,0.49019607843137253,0.9991250046077264,0.30748510360717773,0.0
foundation,17,180-degree aperture,OOD aperture,3,8.0,0.15,180.0,12,0.9880687563195146,0.7695034763424172,0.4266666666666667,0.008896566927433014,0.42857142857142855,0.9995236155881917,0.22641371190547943,0.0
foundation,17,180-degree aperture,OOD aperture,3,8.0,0.15,180.0,13,0.9897562914717305,0.7551962176798394,0.4583333333333333,0.016635162755846977,0.43478260869565216,0.9990919371292398,0.2601853907108307,0.0
foundation,17,180-degree aperture,OOD aperture,3,8.0,0.15,180.0,14,0.9904087823198036,0.8026487819665278,0.4657534246575342,0.021403467282652855,0.5555555555555556,0.9993818201937648,0.2743407189846039,1.0
foundation,17,180-degree aperture,OOD aperture,3,8.0,0.15,180.0,15,0.9926875758100849,0.8471340344504891,0.3835616438356164,0.013089720159769058,0.5675675675675675,0.9990539206401888,0.15782500803470612,1.0
exact,17,180-degree aperture,OOD aperture,3,8.0,0.15,180.0,0,0.9879335277244388,0.8219674426551025,0.5131578947368421,0.012036905623972416,0.5357142857142857,1.0,1.671764584898483e-05,1.0
exact,17,180-degree aperture,OOD aperture,3,8.0,0.15,180.0,1,0.9928261999653439,0.7967513606675977,0.4027777777777778,0.025916170328855515,0.48717948717948717,1.0,1.9706718376255594e-05,0.0
exact,17,180-degree aperture,OOD aperture,3,8.0,0.15,180.0,2,0.992922143579373,0.8285352780297986,0.4861111111111111,0.022914867848157883,0.5555555555555556,1.0,2.1014488083892502e-05,1.0
exact,17,180-degree aperture,OOD aperture,3,8.0,0.15,180.0,3,0.9877324132643281,0.7730683501360791,0.4342105263157895,0.030518263578414917,0.5102040816326531,1.0,1.8564740457804874e-05,0.0
exact,17,180-degree aperture,OOD aperture,3,8.0,0.15,180.0,4,0.9896296296296296,0.6921021830170628,0.3472222222222222,0.034254610538482666,0.47058823529411764,1.0,2.0518406017799862e-05,0.0
exact,17,180-degree aperture,OOD aperture,3,8.0,0.15,180.0,5,0.9909088419726718,0.8558311375060963,0.4533333333333333,0.023981647565960884,0.574468085106383,1.0,2.1757945432909764e-05,1.0
exact,17,180-degree aperture,OOD aperture,3,8.0,0.15,180.0,6,0.9872705974228817,0.7921087159820643,0.44155844155844154,0.013804667629301548,0.5918367346938775,1.0,1.810564754123334e-05,0.0
exact,17,180-degree aperture,OOD aperture,3,8.0,0.15,180.0,7,0.9910711555514784,0.8191461638634151,0.4189189189189189,0.024662116542458534,0.5,1.0,1.9473645807011053e-05,1.0
exact,17,180-degree aperture,OOD aperture,3,8.0,0.15,180.0,8,0.984359987189068,0.774388093940741,0.42857142857142855,0.014400537125766277,0.49019607843137253,1.0,1.6614132618997246e-05,0.0
exact,17,180-degree aperture,OOD aperture,3,8.0,0.15,180.0,9,0.9897083333333333,0.6747082382795677,0.3150684931506849,0.03369937092065811,0.45454545454545453,1.0,2.136457260348834e-05,0.0
exact,17,180-degree aperture,OOD aperture,3,8.0,0.15,180.0,10,0.9906095366621682,0.816863414019489,0.4594594594594595,0.01804971881210804,0.5319148936170213,1.0,1.9422799596213736e-05,1.0
exact,17,180-degree aperture,OOD aperture,3,8.0,0.15,180.0,11,0.9827319312479983,0.7085201704329311,0.41025641025641024,0.025837894529104233,0.49019607843137253,1.0,1.7809978089644574e-05,0.0
exact,17,180-degree aperture,OOD aperture,3,8.0,0.15,180.0,12,0.9880398671096345,0.7645538464119809,0.4266666666666667,0.013074417598545551,0.4583333333333333,1.0,1.774869997461792e-05,0.0
exact,17,180-degree aperture,OOD aperture,3,8.0,0.15,180.0,13,0.9894199308931902,0.7483885799608718,0.4583333333333333,0.00902542658150196,0.43478260869565216,1.0,1.944060750247445e-05,0.0
exact,17,180-degree aperture,OOD aperture,3,8.0,0.15,180.0,14,0.9897732197024411,0.786173241448449,0.4657534246575342,0.019709696993231773,0.48936170212765956,1.0,1.895941750262864e-05,0.0
exact,17,180-degree aperture,OOD aperture,3,8.0,0.15,180.0,15,0.9924449835383816,0.8435065585245614,0.3835616438356164,0.02371259033679962,0.5675675675675675,1.0,2.1368885427364148e-05,1.0
small,17,heteroscedastic noise,OOD noise,3,8.0,0.2,360.0,0,0.995579268292683,0.9125252190011759,0.5342465753424658,0.029738306999206543,0.7021276595744681,0.9934309156764053,1.6132724285125732,1.0
small,17,heteroscedastic noise,OOD noise,3,8.0,0.2,360.0,1,0.9989035087719298,0.9717217327037408,0.5,0.004179928917437792,0.8461538461538461,0.9830063618810266,1.9356638193130493,1.0
small,17,heteroscedastic noise,OOD noise,3,8.0,0.2,360.0,2,0.9946087327853101,0.8652685775647341,0.5277777777777778,0.006744069512933493,0.5833333333333334,0.9954082871599855,1.7264502048492432,1.0
small,17,heteroscedastic noise,OOD noise,3,8.0,0.2,360.0,3,0.9995413264838088,0.9875640947099797,0.4583333333333333,0.014110000804066658,0.8857142857142857,0.9909052869199484,1.5554609298706055,1.0
small,17,heteroscedastic noise,OOD noise,3,8.0,0.2,360.0,4,0.994482160912899,0.8900778704163479,0.4657534246575342,0.029946457594633102,0.7073170731707317,0.9911036725638214,1.7896802425384521,1.0
small,17,heteroscedastic noise,OOD noise,3,8.0,0.2,360.0,5,0.9989603400299667,0.968925297253076,0.4583333333333333,0.02116520144045353,0.8333333333333334,0.9881135896937865,1.5458482503890991,1.0
small,17,heteroscedastic noise,OOD noise,3,8.0,0.2,360.0,6,0.9990466560739564,0.975321614535305,0.4861111111111111,0.022218765690922737,0.7948717948717948,0.9883870342713829,1.0681836605072021,1.0
small,17,heteroscedastic noise,OOD noise,3,8.0,0.2,360.0,7,0.9961890243902439,0.9157414003227826,0.5342465753424658,0.03373292088508606,0.7021276595744681,0.9894219916921246,1.8338006734848022,1.0
small,17,heteroscedastic noise,OOD noise,3,8.0,0.2,360.0,8,0.9981413810483871,0.9569223495572656,0.4444444444444444,0.028040731325745583,0.7777777777777778,0.9919784686638112,1.4450799226760864,1.0
small,17,heteroscedastic noise,OOD noise,3,8.0,0.2,360.0,9,0.9980429929975843,0.9394826021521615,0.4583333333333333,0.015857206657528877,0.7837837837837838,0.991068680979471,0.4301259219646454,1.0
small,17,heteroscedastic noise,OOD noise,3,8.0,0.2,360.0,10,0.9988523540087542,0.969187618097405,0.5277777777777778,0.0345655232667923,0.8095238095238095,0.9948472197640651,1.4210249185562134,1.0
small,17,heteroscedastic noise,OOD noise,3,8.0,0.2,360.0,11,0.999375,0.9764349191145167,0.3333333333333333,0.05828094109892845,0.7777777777777778,0.996108855119625,1.6872549057006836,1.0
small,17,heteroscedastic noise,OOD noise,3,8.0,0.2,360.0,12,0.9972728295096716,0.9337062808058784,0.5,0.023958133533596992,0.6744186046511628,0.9945214483332904,1.6520007848739624,1.0
small,17,heteroscedastic noise,OOD noise,3,8.0,0.2,360.0,13,0.9992572786690433,0.9799914036247079,0.4722222222222222,0.030769284814596176,0.8378378378378378,0.9899611493543697,1.9694236516952515,1.0
small,17,heteroscedastic noise,OOD noise,3,8.0,0.2,360.0,14,0.9993178052821363,0.9796732109132884,0.4305555555555556,0.0038486288394778967,0.8235294117647058,0.9913125525232256,1.6753225326538086,1.0
small,17,heteroscedastic noise,OOD noise,3,8.0,0.2,360.0,15,0.9963917683392961,0.9298111192701095,0.4383561643835616,0.028695225715637207,0.6923076923076923,0.9940550975509129,1.7663426399230957,1.0
foundation,17,heteroscedastic noise,OOD noise,3,8.0,0.2,360.0,0,0.9952997967479674,0.9007438308419464,0.5342465753424658,0.027689186856150627,0.7021276595744681,0.9938752059343705,1.591151475906372,1.0
foundation,17,heteroscedastic noise,OOD noise,3,8.0,0.2,360.0,1,0.9988753936122357,0.9711729634267485,0.5,0.004179928917437792,0.8,0.9823731709351864,1.9366196393966675,1.0
foundation,17,heteroscedastic noise,OOD noise,3,8.0,0.2,360.0,2,0.9943151489270845,0.8621700649305237,0.5277777777777778,0.004927337169647217,0.5510204081632653,0.9954759009922969,1.7141512632369995,1.0
foundation,17,heteroscedastic noise,OOD noise,3,8.0,0.2,360.0,3,0.9991743876708559,0.9785806199382754,0.4583333333333333,0.014110000804066658,0.8333333333333334,0.9912936110879738,1.556634783744812,1.0
foundation,17,heteroscedastic noise,OOD noise,3,8.0,0.2,360.0,4,0.9945688285425394,0.8919628562080765,0.4657534246575342,0.029507135972380638,0.7073170731707317,0.9915955716010646,1.764624834060669,1.0
foundation,17,heteroscedastic noise,OOD noise,3,8.0,0.2,360.0,5,0.9988991835611412,0.9683278578732839,0.4583333333333333,0.02015446312725544,0.8333333333333334,0.987900909304149,1.590661883354187,1.0
foundation,17,heteroscedastic noise,OOD noise,3,8.0,0.2,360.0,6,0.9990466560739564,0.975321614535305,0.4861111111111111,0.022218765690922737,0.7948717948717948,0.9885392756117756,1.0511815547943115,1.0
foundation,17,heteroscedastic noise,OOD noise,3,8.0,0.2,360.0,7,0.9960111788617887,0.912678760881175,0.5342465753424658,0.03133363649249077,0.7021276595744681,0.9897157699443518,1.8186554908752441,1.0
foundation,17,heteroscedastic noise,OOD noise,3,8.0,0.2,360.0,8,0.9982043850806452,0.9576976596813153,0.4444444444444444,0.028040731325745583,0.7777777777777778,0.9919812213133318,1.4361343383789062,1.0
foundation,17,heteroscedastic noise,OOD noise,3,8.0,0.2,360.0,9,0.998073571231997,0.9406251113212288,0.4583333333333333,0.015857206657528877,0.7837837837837838,0.991160118033967,0.43539881706237793,1.0
foundation,17,heteroscedastic noise,OOD noise,3,8.0,0.2,360.0,10,0.998879043450411,0.9703567283446696,0.5277777777777778,0.0345655232667923,0.7674418604651163,0.9948892119906444,1.4153872728347778,1.0
foundation,17,heteroscedastic noise,OOD noise,3,8.0,0.2,360.0,11,0.99925,0.9722260980258293,0.3333333333333333,0.05930789187550545,0.7777777777777778,0.9961028558995715,1.6815298795700073,1.0
foundation,17,heteroscedastic noise,OOD noise,3,8.0,0.2,360.0,12,0.997104138551507,0.9319906143932838,0.5,0.023958133533596992,0.6744186046511628,0.9946157632893451,1.6560794115066528,1.0
foundation,17,heteroscedastic noise,OOD noise,3,8.0,0.2,360.0,13,0.9992869875222816,0.9808040281397545,0.4722222222222222,0.030703885480761528,0.8378378378378378,0.9898360612354637,1.9719669818878174,1.0
foundation,17,heteroscedastic noise,OOD noise,3,8.0,0.2,360.0,14,0.9993502907448917,0.9804503903405413,0.4305555555555556,0.0048815482296049595,0.8235294117647058,0.9913074816446976,1.6553549766540527,1.0
foundation,17,heteroscedastic noise,OOD noise,3,8.0,0.2,360.0,15,0.9961777206984068,0.9243842679844326,0.4383561643835616,0.028834080323576927,0.65,0.9945213235166213,1.7284512519836426,1.0
exact,17,heteroscedastic noise,OOD noise,3,8.0,0.2,360.0,0,0.9961636178861789,0.9181960149282236,0.5555555555555556,0.033169131726026535,0.7391304347826086,1.0,1.562048782943748e-05,1.0
exact,17,heteroscedastic noise,OOD noise,3,8.0,0.2,360.0,1,0.9991003148897886,0.9742990627810709,0.5,0.0055987779051065445,0.8461538461538461,1.0,1.6865586076164618e-05,1.0
exact,17,heteroscedastic noise,OOD noise,3,8.0,0.2,360.0,2,0.9947421799935945,0.8736167087718277,0.5277777777777778,0.006744069512933493,0.5833333333333334,1.0,1.434155274182558e-05,1.0
exact,17,heteroscedastic noise,OOD noise,3,8.0,0.2,360.0,3,0.9994801700149833,0.9868175458222034,0.4583333333333333,0.026355285197496414,0.8857142857142857,1.0,1.838406387832947e-05,1.0
exact,17,heteroscedastic noise,OOD noise,3,8.0,0.2,360.0,4,0.9947710530117001,0.8987478145766556,0.4657534246575342,0.02561691403388977,0.7073170731707317,1.0,1.7896272765938193e-05,1.0
exact,17,heteroscedastic noise,OOD noise,3,8.0,0.2,360.0,5,0.998807448857903,0.9658833429919643,0.4583333333333333,0.018719621002674103,0.8333333333333334,1.0,1.817949305404909e-05,1.0
exact,17,heteroscedastic noise,OOD noise,3,8.0,0.2,360.0,6,0.998959988444316,0.9736818423186884,0.4861111111111111,0.029360562562942505,0.7948717948717948,1.0,1.607868034625426e-05,1.0
exact,17,heteroscedastic noise,OOD noise,3,8.0,0.2,360.0,7,0.9966717479674797,0.9252278273980981,0.5555555555555556,0.020788542926311493,0.7391304347826086,1.0,1.543492362543475e-05,1.0
exact,17,heteroscedastic noise,OOD noise,3,8.0,0.2,360.0,8,0.9983933971774194,0.9606760652861738,0.4444444444444444,0.026659779250621796,0.8285714285714286,1.0,1.7696715076453984e-05,1.0
exact,17,heteroscedastic noise,OOD noise,3,8.0,0.2,360.0,9,0.998195884169648,0.9440830149579409,0.4583333333333333,0.01248858217149973,0.7837837837837838,1.0,1.6897784007596783e-05,1.0
exact,17,heteroscedastic noise,OOD noise,3,8.0,0.2,360.0,10,0.9989057328920679,0.9701158573216465,0.5277777777777778,0.0293520949780941,0.8536585365853658,1.0,1.4612011909775902e-05,1.0
exact,17,heteroscedastic noise,OOD noise,3,8.0,0.2,360.0,11,0.9993333333333334,0.9750246627042602,0.3333333333333333,0.05828094109892845,0.7777777777777778,1.0,1.7654605471761897e-05,1.0
exact,17,heteroscedastic noise,OOD noise,3,8.0,0.2,360.0,12,0.9980881691408007,0.9500342830504478,0.5,0.021802054718136787,0.7560975609756098,1.0,1.6165326087502763e-05,1.0
exact,17,heteroscedastic noise,OOD noise,3,8.0,0.2,360.0,13,0.999554367201426,0.9871352813783922,0.4722222222222222,0.030703885480761528,0.8888888888888888,1.0,1.6511499779880978e-05,1.0
exact,17,heteroscedastic noise,OOD noise,3,8.0,0.2,360.0,14,0.9993827762076471,0.9815004157090694,0.4305555555555556,0.0053667607717216015,0.8235294117647058,1.0,1.6248122847173363e-05,1.0
exact,17,heteroscedastic noise,OOD noise,3,8.0,0.2,360.0,15,0.9965752377457725,0.9308487299066508,0.4383561643835616,0.032522913068532944,0.6923076923076923,1.0,1.5852951037231833e-05,1.0
small,17,wavenumber 12,OOD frequency,3,12.0,0.15,360.0,0,0.9982377581973133,0.944966380400388,0.4861111111111111,0.007557667791843414,0.7948717948717948,0.9892943058563471,2.113626003265381,1.0
small,17,wavenumber 12,OOD frequency,3,12.0,0.15,360.0,1,0.9992916666666666,0.9804266536603492,0.3333333333333333,0.002584639936685562,0.92,0.9894834590524177,0.9008808732032776,1.0
small,17,wavenumber 12,OOD frequency,3,12.0,0.15,360.0,2,0.9997188484030589,0.9919492089963706,0.5,0.010263701900839806,0.9459459459459459,0.989984971365954,2.395005941390991,1.0
small,17,wavenumber 12,OOD frequency,3,12.0,0.15,360.0,3,0.9991681521093286,0.9794176577264813,0.4722222222222222,0.01511368528008461,0.8378378378378378,0.9860337180916157,2.4009175300598145,1.0
small,17,wavenumber 12,OOD frequency,3,12.0,0.15,360.0,4,0.9998103501410521,0.9957202403389531,0.5972222222222222,0.006875373888760805,0.9111111111111111,0.9916337077843459,0.8914331197738647,1.0
small,17,wavenumber 12,OOD frequency,3,12.0,0.15,360.0,5,0.999028044472892,0.9757222252491858,0.5972222222222222,0.01719643548130989,0.8297872340425532,0.990981478077549,0.7850280404090881,1.0
small,17,wavenumber 12,OOD frequency,3,12.0,0.15,360.0,6,0.9990159694107063,0.9807967631497044,0.5,0.012165285646915436,0.8947368421052632,0.9915527442591402,1.8225562572479248,1.0
small,17,wavenumber 12,OOD frequency,3,12.0,0.15,360.0,7,0.9985509072580645,0.9600990996567806,0.4444444444444444,0.016237208619713783,0.7777777777777778,0.9889787684157145,2.523803472518921,1.0
small,17,wavenumber 12,OOD frequency,3,12.0,0.15,360.0,8,0.9990466560739564,0.9735776671899644,0.4861111111111111,0.02279437519609928,0.8421052631578947,0.9925934732324896,2.4065232276916504,1.0
small,17,wavenumber 12,OOD frequency,3,12.0,0.15,360.0,9,0.9997396850188728,0.994072878072174,0.5416666666666666,0.01333662774413824,0.95,0.9906803256007964,2.8188443183898926,1.0
small,17,wavenumber 12,OOD frequency,3,12.0,0.15,360.0,10,0.9996615905245346,0.9928909650164007,0.5416666666666666,0.020190786570310593,0.9024390243902439,0.995292551807612,1.2634447813034058,1.0
small,17,wavenumber 12,OOD frequency,3,12.0,0.15,360.0,11,0.999702812140124,0.9877988377102709,0.375,0.008763263002038002,0.9285714285714286,0.9899026270472988,2.2442798614501953,1.0
small,17,wavenumber 12,OOD frequency,3,12.0,0.15,360.0,12,0.9979529170931423,0.9538214777247016,0.6527777777777778,0.007889785803854465,0.8076923076923077,0.9949032483132402,0.5269402265548706,1.0
small,17,wavenumber 12,OOD frequency,3,12.0,0.15,360.0,13,0.9990520747332049,0.9694346874523996,0.4583333333333333,0.016980931162834167,0.8333333333333334,0.9913643921456946,2.4341745376586914,1.0
small,17,wavenumber 12,OOD frequency,3,12.0,0.15,360.0,14,0.9996797267001174,0.9913643953259723,0.5277777777777778,0.011099818162620068,0.9487179487179487,0.991362930989781,1.8693422079086304,1.0
small,17,wavenumber 12,OOD frequency,3,12.0,0.15,360.0,15,0.9995246583481878,0.98824397640113,0.4722222222222222,0.019119741395115852,0.8888888888888888,0.9918326461687483,2.56683087348938,1.0
foundation,17,wavenumber 12,OOD frequency,3,12.0,0.15,360.0,0,0.9982666474071934,0.9465792283637069,0.4861111111111111,0.01059132069349289,0.7948717948717948,0.9895172330916656,2.0964367389678955,1.0
foundation,17,wavenumber 12,OOD frequency,3,12.0,0.15,360.0,1,0.9992916666666667,0.9804266536603493,0.3333333333333333,0.002584639936685562,0.92,0.9894844461741633,0.900680422782898,1.0
foundation,17,wavenumber 12,OOD frequency,3,12.0,0.15,360.0,2,0.9997188484030589,0.992234109281271,0.5,0.0021505430340766907,0.9459459459459459,0.9901609382510641,2.421492099761963,1.0
foundation,17,wavenumber 12,OOD frequency,3,12.0,0.15,360.0,3,0.9991681521093286,0.9795211633341311,0.4722222222222222,0.01511368528008461,0.8378378378378378,0.9859214394974343,2.416018486022949,1.0
foundation,17,wavenumber 12,OOD frequency,3,12.0,0.15,360.0,4,0.9998103501410521,0.9957202403389533,0.5972222222222222,0.00792580097913742,0.9111111111111111,0.9917657931159402,0.8822254538536072,1.0
foundation,17,wavenumber 12,OOD frequency,3,12.0,0.15,360.0,5,0.9990043382405234,0.9752970551811588,0.5972222222222222,0.01719643548130989,0.8297872340425532,0.9909897422529582,0.8042243719100952,1.0
foundation,17,wavenumber 12,OOD frequency,3,12.0,0.15,360.0,6,0.9990440845704003,0.9806672630202042,0.5,0.012249480001628399,0.8947368421052632,0.9920038308262099,1.817020297050476,1.0
foundation,17,wavenumber 12,OOD frequency,3,12.0,0.15,360.0,7,0.9988029233870968,0.9674569457423081,0.4444444444444444,0.011233293451368809,0.7777777777777778,0.9892621535483516,2.5556912422180176,1.0
foundation,17,wavenumber 12,OOD frequency,3,12.0,0.15,360.0,8,0.9990177668640763,0.973023957333929,0.4861111111111111,0.02279437519609928,0.8421052631578947,0.9928164086853737,2.41945481300354,1.0
foundation,17,wavenumber 12,OOD frequency,3,12.0,0.15,360.0,9,0.9997657165169855,0.9944364312785365,0.5416666666666666,0.007525432854890823,0.9024390243902439,0.9908150575573723,2.7685329914093018,1.0
foundation,17,wavenumber 12,OOD frequency,3,12.0,0.15,360.0,10,0.9996876220226475,0.9933161350844277,0.5416666666666666,0.012676532380282879,0.9024390243902439,0.9952434557735443,1.2354828119277954,1.0
foundation,17,wavenumber 12,OOD frequency,3,12.0,0.15,360.0,11,0.9997028121401239,0.9883309790470096,0.375,0.015504058450460434,0.9285714285714286,0.9904042602871027,2.2697036266326904,1.0
foundation,17,wavenumber 12,OOD frequency,3,12.0,0.15,360.0,12,0.9979529170931423,0.9539230649486794,0.6527777777777778,0.007889785803854465,0.8076923076923077,0.9949063745415141,0.5188658237457275,1.0
foundation,17,wavenumber 12,OOD frequency,3,12.0,0.15,360.0,13,0.9991132312020304,0.9709936948937601,0.4583333333333333,0.015604664571583271,0.8333333333333334,0.991441457182023,2.4714672565460205,1.0
foundation,17,wavenumber 12,OOD frequency,3,12.0,0.15,360.0,14,0.9996530372584606,0.9907073884362785,0.5277777777777778,0.014625899493694305,0.9,0.9912721767957086,1.8643879890441895,1.0
foundation,17,wavenumber 12,OOD frequency,3,12.0,0.15,360.0,15,0.9994949494949494,0.9875205964738837,0.4722222222222222,0.019119741395115852,0.8888888888888888,0.9918907225237532,2.5676262378692627,1.0
exact,17,wavenumber 12,OOD frequency,3,12.0,0.15,360.0,0,0.9982088689874332,0.9470717671313391,0.4861111111111111,0.012463562190532684,0.75,1.0,1.4669412848888896e-05,1.0
exact,17,wavenumber 12,OOD frequency,3,12.0,0.15,360.0,1,0.9993333333333333,0.9794918246005202,0.3333333333333333,0.004055085126310587,0.8461538461538461,1.0,1.6079191482276656e-05,1.0
exact,17,wavenumber 12,OOD frequency,3,12.0,0.15,360.0,2,0.9996063877642825,0.9895639973088335,0.5,0.007720676716417074,0.9459459459459459,1.0,1.3140849659976084e-05,1.0
exact,17,wavenumber 12,OOD frequency,3,12.0,0.15,360.0,3,0.998871063576946,0.9747169622595873,0.4722222222222222,0.01666143350303173,0.8378378378378378,1.0,1.3923415281169582e-05,1.0
exact,17,wavenumber 12,OOD frequency,3,12.0,0.15,360.0,4,0.9998340563734206,0.9962604450765489,0.5972222222222222,0.008867944590747356,0.9111111111111111,1.0,1.4371622455655597e-05,1.0
exact,17,wavenumber 12,OOD frequency,3,12.0,0.15,360.0,5,0.9991228694023658,0.9778160176903598,0.5972222222222222,0.019471606239676476,0.9111111111111111,1.0,1.263876401935704e-05,1.0
exact,17,wavenumber 12,OOD frequency,3,12.0,0.15,360.0,6,0.9990159694107063,0.9816894434541494,0.5,0.022871753200888634,0.8947368421052632,1.0,1.3802413377561606e-05,1.0
exact,17,wavenumber 12,OOD frequency,3,12.0,0.15,360.0,7,0.998141381048387,0.9519346096155418,0.4444444444444444,0.01458676066249609,0.7297297297297297,1.0,1.4404807188839186e-05,1.0
exact,17,wavenumber 12,OOD frequency,3,12.0,0.15,360.0,8,0.9989888776541962,0.972606120887664,0.4861111111111111,0.0236348956823349,0.8421052631578947,1.0,1.2698535101662856e-05,1.0
exact,17,wavenumber 12,OOD frequency,3,12.0,0.15,360.0,9,0.9994273070415202,0.9860180484571868,0.5416666666666666,0.013062629848718643,0.9024390243902439,1.0,1.3860108992957976e-05,1.0
exact,17,wavenumber 12,OOD frequency,3,12.0,0.15,360.0,10,0.999635559026422,0.9920012106925803,0.5416666666666666,0.00857982411980629,0.9024390243902439,1.0,1.240975507244002e-05,1.0
exact,17,wavenumber 12,OOD frequency,3,12.0,0.15,360.0,11,0.9996285151751552,0.984715458764823,0.375,0.01662367396056652,0.9285714285714286,1.0,1.534900366095826e-05,1.0
exact,17,wavenumber 12,OOD frequency,3,12.0,0.15,360.0,12,0.9980400270040723,0.9552905413502096,0.6527777777777778,0.01453589927405119,0.8431372549019608,1.0,1.2193932889204007e-05,1.0
exact,17,wavenumber 12,OOD frequency,3,12.0,0.15,360.0,13,0.9990520747332048,0.9707336203584249,0.4583333333333333,0.028049200773239136,0.7837837837837838,1.0,1.4515428119921125e-05,1.0
exact,17,wavenumber 12,OOD frequency,3,12.0,0.15,360.0,14,0.9994662111668624,0.9857714466809174,0.5277777777777778,0.02143765613436699,0.9,1.0,1.4601189832319506e-05,1.0
exact,17,wavenumber 12,OOD frequency,3,12.0,0.15,360.0,15,0.9995246583481878,0.9880151775558451,0.4722222222222222,0.01557849906384945,0.8888888888888888,1.0,1.3691127605852671e-05,1.0
small,17,mirrored kites,lsmlab-inspired,2,8.0,0.15,360.0,0,0.9996857816182246,0.9853041695146953,0.2638888888888889,0.015779683366417885,0.8095238095238095,0.9953299831414864,0.5075754523277283,1.0
small,17,mirrored kites,lsmlab-inspired,2,8.0,0.15,360.0,1,0.9980833333333333,0.9316900879836252,0.3333333333333333,0.008631960488855839,0.7142857142857143,0.9959347307539226,0.7710087299346924,1.0
small,17,mirrored kites,lsmlab-inspired,2,8.0,0.15,360.0,2,0.9982717989002357,0.9307237645395541,0.2638888888888889,0.014744053594768047,0.7272727272727273,0.9940853147823613,0.8091648817062378,1.0
small,17,mirrored kites,lsmlab-inspired,2,8.0,0.15,360.0,3,0.9988478659334904,0.9399949184013767,0.2638888888888889,0.0072420514188706875,0.7272727272727273,0.9959605936114427,0.5412558913230896,1.0
small,17,mirrored kites,lsmlab-inspired,2,8.0,0.15,360.0,4,0.997887323943662,0.9451974585674501,0.4166666666666667,0.0221930593252182,0.7647058823529411,0.9943929181888688,1.4688957929611206,1.0
small,17,mirrored kites,lsmlab-inspired,2,8.0,0.15,360.0,5,0.9987850673735366,0.9300841014227742,0.25,0.001013779197819531,0.7142857142857143,0.9965873434200633,0.5665261149406433,1.0
small,17,mirrored kites,lsmlab-inspired,2,8.0,0.15,360.0,6,0.9960145555363021,0.9047087964570395,0.4027777777777778,0.017804529517889023,0.7058823529411765,0.9963013985629222,1.2739460468292236,1.0
small,17,mirrored kites,lsmlab-inspired,2,8.0,0.15,360.0,7,0.9970888927395599,0.9219239237960489,0.4027777777777778,0.012697441503405571,0.7575757575757576,0.9953243320195316,1.3712151050567627,1.0
small,17,mirrored kites,lsmlab-inspired,2,8.0,0.15,360.0,8,0.9959423205902078,0.8833278956814742,0.4166666666666667,0.03781385347247124,0.7142857142857143,0.9979137136036209,1.1535030603408813,1.0
small,17,mirrored kites,lsmlab-inspired,2,8.0,0.15,360.0,9,0.9977977977977978,0.9265600903843783,0.3472222222222222,0.011237119324505329,0.7241379310344828,0.9906775672118779,1.086855411529541,1.0
small,17,mirrored kites,lsmlab-inspired,2,8.0,0.15,360.0,10,0.9989080377913877,0.9487704882475376,0.2916666666666667,0.005285655613988638,0.75,0.9937562926098731,0.9406514167785645,1.0
small,17,mirrored kites,lsmlab-inspired,2,8.0,0.15,360.0,11,0.9956164790668302,0.8886192682681711,0.375,0.024416061118245125,0.6875,0.9938202685048507,1.2193248271942139,1.0
small,17,mirrored kites,lsmlab-inspired,2,8.0,0.15,360.0,12,0.9986896870664405,0.9595971422375942,0.3611111111111111,0.00620832946151495,0.7931034482758621,0.9931232564246911,1.2095359563827515,1.0
small,17,mirrored kites,lsmlab-inspired,2,8.0,0.15,360.0,13,0.998875,0.9598727083724643,0.3333333333333333,0.012519188225269318,0.8461538461538461,0.9961165059832119,0.8666627407073975,1.0
small,17,mirrored kites,lsmlab-inspired,2,8.0,0.15,360.0,14,0.9987732928325254,0.9574738986503692,0.2361111111111111,0.014472276903688908,0.7894736842105263,0.9967460608618528,0.47014468908309937,1.0
small,17,mirrored kites,lsmlab-inspired,2,8.0,0.15,360.0,15,0.9988402915838304,0.9374052761201098,0.25,0.02409711293876171,0.7142857142857143,0.9973249510810749,0.39626115560531616,1.0
foundation,17,mirrored kites,lsmlab-inspired,2,8.0,0.15,360.0,0,0.9996857816182246,0.9853041695146953,0.2638888888888889,0.015779683366417885,0.8095238095238095,0.9953500294378709,0.4939846098423004,1.0
foundation,17,mirrored kites,lsmlab-inspired,2,8.0,0.15,360.0,1,0.998,0.9293235608174841,0.3333333333333333,0.010035835206508636,0.7142857142857143,0.9960825939451433,0.7755282521247864,1.0
foundation,17,mirrored kites,lsmlab-inspired,2,8.0,0.15,360.0,2,0.9981670594396439,0.9291793629951521,0.2638888888888889,0.012960485182702541,0.7272727272727273,0.9941053663898207,0.8058757781982422,1.0
foundation,17,mirrored kites,lsmlab-inspired,2,8.0,0.15,360.0,3,0.9988478659334904,0.9399949184013767,0.2638888888888889,0.0072420514188706875,0.7272727272727273,0.9958633253568402,0.5080386996269226,1.0
foundation,17,mirrored kites,lsmlab-inspired,2,8.0,0.15,360.0,4,0.9978202548625084,0.9427366517449328,0.4166666666666667,0.0221930593252182,0.7142857142857143,0.9938441443258488,1.4565882682800293,1.0
foundation,17,mirrored kites,lsmlab-inspired,2,8.0,0.15,360.0,5,0.9987298431632428,0.9277449201362246,0.25,0.001013779197819531,0.7142857142857143,0.9966719571838103,0.5572227239608765,1.0
foundation,17,mirrored kites,lsmlab-inspired,2,8.0,0.15,360.0,6,0.9960492115751169,0.9060913330376118,0.4027777777777778,0.017804529517889023,0.7058823529411765,0.9961405384774704,1.2552012205123901,1.0
foundation,17,mirrored kites,lsmlab-inspired,2,8.0,0.15,360.0,7,0.9972621729336337,0.9229664203789827,0.4027777777777778,0.018469758331775665,0.7575757575757576,0.9952704994947622,1.361804485321045,1.0
foundation,17,mirrored kites,lsmlab-inspired,2,8.0,0.15,360.0,8,0.99560697518444,0.8781797553416015,0.4166666666666667,0.03942259028553963,0.7142857142857143,0.9978064912233121,1.15254545211792,1.0
foundation,17,mirrored kites,lsmlab-inspired,2,8.0,0.15,360.0,9,0.9977577577577578,0.9242071492079076,0.3472222222222222,0.005753093399107456,0.7241379310344828,0.9909066913864596,1.084387183189392,1.0
foundation,17,mirrored kites,lsmlab-inspired,2,8.0,0.15,360.0,10,0.9989555144091535,0.950093239570289,0.2916666666666667,0.005285655613988638,0.75,0.9936923671485894,0.9279266595840454,1.0
foundation,17,mirrored kites,lsmlab-inspired,2,8.0,0.15,360.0,11,0.9954307366544076,0.8866202968723536,0.375,0.020512031391263008,0.6875,0.9943922824027541,1.2139136791229248,1.0
foundation,17,mirrored kites,lsmlab-inspired,2,8.0,0.15,360.0,12,0.9988053029135194,0.9625263126876031,0.3611111111111111,0.0068529387935996056,0.7931034482758621,0.9930969332717999,1.2059704065322876,1.0
foundation,17,mirrored kites,lsmlab-inspired,2,8.0,0.15,360.0,13,0.998875,0.9598727083724643,0.3333333333333333,0.012519188225269318,0.8461538461538461,0.9962079473716424,0.8387119770050049,1.0
foundation,17,mirrored kites,lsmlab-inspired,2,8.0,0.15,360.0,14,0.9987732928325253,0.9574738986503692,0.2361111111111111,0.014472276903688908,0.7894736842105263,0.9967287486467615,0.4664612412452698,1.0
foundation,17,mirrored kites,lsmlab-inspired,2,8.0,0.15,360.0,15,0.9988402915838304,0.9374052761201099,0.25,0.02409711293876171,0.7142857142857143,0.9973087225948205,0.41397926211357117,1.0
exact,17,mirrored kites,lsmlab-inspired,2,8.0,0.15,360.0,0,0.9996334118879288,0.9823801929065087,0.2638888888888889,0.009051928296685219,0.8095238095238095,1.0,2.2637263100477867e-05,1.0
exact,17,mirrored kites,lsmlab-inspired,2,8.0,0.15,360.0,1,0.9983333333333333,0.9413239659459418,0.3333333333333333,0.008631960488855839,0.7142857142857143,1.0,2.3756212613079697e-05,1.0
exact,17,mirrored kites,lsmlab-inspired,2,8.0,0.15,360.0,2,0.9982717989002357,0.92984041581687,0.2638888888888889,0.017772475257515907,0.7272727272727273,1.0,2.1585950889857486e-05,1.0
exact,17,mirrored kites,lsmlab-inspired,2,8.0,0.15,360.0,3,0.9988478659334904,0.9391946222063436,0.2638888888888889,0.004092308692634106,0.7272727272727273,1.0,2.2949114281800576e-05,1.0
exact,17,mirrored kites,lsmlab-inspired,2,8.0,0.15,360.0,4,0.9976525821596244,0.9393348765410476,0.4166666666666667,0.018558960407972336,0.7647058823529411,1.0,2.1889707568334416e-05,1.0
exact,17,mirrored kites,lsmlab-inspired,2,8.0,0.15,360.0,5,0.9987850673735366,0.9300841014227742,0.25,0.008110204711556435,0.7142857142857143,1.0,2.1814670617459342e-05,1.0
exact,17,mirrored kites,lsmlab-inspired,2,8.0,0.15,360.0,6,0.9960492115751169,0.8998449014613823,0.4027777777777778,0.01852589100599289,0.6571428571428571,1.0,2.4793376724119298e-05,1.0
exact,17,mirrored kites,lsmlab-inspired,2,8.0,0.15,360.0,7,0.9970542367007451,0.9206356623878473,0.4027777777777778,0.017271995544433594,0.7575757575757576,1.0,2.0323794160503894e-05,1.0
exact,17,mirrored kites,lsmlab-inspired,2,8.0,0.15,360.0,8,0.9959423205902079,0.8831350295951215,0.4166666666666667,0.03731178864836693,0.7142857142857143,1.0,1.9942155631724745e-05,1.0
exact,17,mirrored kites,lsmlab-inspired,2,8.0,0.15,360.0,9,0.9978378378378377,0.9272473173127338,0.3472222222222222,0.009187087416648865,0.7241379310344828,1.0,2.2056321540731005e-05,1.0
exact,17,mirrored kites,lsmlab-inspired,2,8.0,0.15,360.0,10,0.9989555144091535,0.950093239570289,0.2916666666666667,0.003750063246116042,0.75,1.0,2.2593761968892068e-05,1.0
exact,17,mirrored kites,lsmlab-inspired,2,8.0,0.15,360.0,11,0.9959508154091905,0.8952257429081147,0.375,0.023222308605909348,0.6875,1.0,2.311001117050182e-05,1.0
exact,17,mirrored kites,lsmlab-inspired,2,8.0,0.15,360.0,12,0.9987282256821336,0.9604401910156386,0.3611111111111111,0.008257702924311161,0.7931034482758621,1.0,2.2058537069824524e-05,1.0
exact,17,mirrored kites,lsmlab-inspired,2,8.0,0.15,360.0,13,0.9989166666666667,0.9601544832118618,0.3333333333333333,0.010137731209397316,0.8461538461538461,1.0,2.217676410509739e-05,1.0
exact,17,mirrored kites,lsmlab-inspired,2,8.0,0.15,360.0,14,0.9987732928325253,0.9574738986503692,0.2361111111111111,0.014472276903688908,0.7894736842105263,1.0,2.9845097742509097e-05,1.0
exact,17,mirrored kites,lsmlab-inspired,2,8.0,0.15,360.0,15,0.9988955157941242,0.9397444574066596,0.25,0.01333411131054163,0.7142857142857143,1.0,2.1725418264395557e-05,1.0
